site_id,year,CUE_annual,CUE_annual_sd,CUE_post,CUE_pre,NPP_post,NPP_pre,NPPd_post,NPPd_pre,leaf_habit
AT-Neu,2002,0.4296894061651517,0.1644905714047497,0.7278838818496194,0.651782254648701,462.92459824977,378.1813544999203,796.1685908711402,548.6902088855416,grass/shrub
AT-Neu,2003,0.3521832226322125,0.1348207374426328,0.5285816452624803,0.4989492454585086,402.7854792659776,270.74244708414545,542.5217085281099,406.5129420756026,grass/shrub
AT-Neu,2004,0.4222484803976248,0.1447820473160924,0.45968551680561787,0.618302016601415,516.2641017934683,331.94188505108565,531.9207955984074,560.1384929801904,grass/shrub
AT-Neu,2005,0.5532940864705073,0.1900779490070865,0.6974344072160438,0.6225780292685578,504.93969949690444,482.776728591725,702.221255182867,602.8696493044251,grass/shrub
AT-Neu,2006,0.6064538327191931,0.1994841873826809,0.8138171481229015,0.777743625904169,741.7949823048532,475.34238447366397,1039.646261076864,684.0188084715645,grass/shrub
AT-Neu,2007,0.4278319663387857,0.2659547344569207,0.6085911990984073,0.5355623884973404,518.5549977608899,415.13040621139055,737.1189107942229,504.327662269704,grass/shrub
AT-Neu,2008,0.5076165849391844,0.2029025817591149,0.6122116775462579,0.7188634342353052,747.3383496632412,483.1793717762174,908.0806484553361,763.2872282055721,grass/shrub
AT-Neu,2009,0.4381871501617949,0.1622322707610494,0.4677826502103441,0.6118796000042175,678.5873843697123,466.69509391054277,716.8956188365988,675.1428605181125,grass/shrub
AT-Neu,2010,0.542987949398134,0.2632205105959803,0.8681017490181868,0.6475807458413609,637.2012091300622,465.10306056455624,1034.70181284133,590.2033493439848,grass/shrub
AT-Neu,2011,0.5519605186932715,0.228392251077371,0.7168548149879146,0.6695675228412695,746.0142406486253,647.4102789981332,926.7479144304258,835.6821607106381,grass/shrub
AT-Neu,2012,0.5351700865207899,0.2128383633287253,0.714895840462911,0.6805996741681634,652.3346594947518,470.17524113915243,880.1010878577706,593.055733055363,grass/shrub
AT-Neu,2013,0.5906527539296498,0.2004053414882518,0.7796005736466779,0.7634244543080683,682.6088764103121,472.5821880654507,863.8106880735726,652.1902868092135,grass/shrub
AT-Neu,2014,0.4711432665903588,0.1377164435348037,0.6348213774832894,0.6745660957104128,676.2847409858941,427.1603748069851,831.4096437090753,592.1693703821027,grass/shrub
AT-Neu,2015,0.4967289605514566,0.2091212940166097,0.856860293960438,0.6820525378676546,635.2167761924601,425.5298729020387,1116.604751056466,627.3219516238328,grass/shrub
AT-Neu,2016,0.3858303531290041,0.1715214213406542,0.5855069435809487,0.34319342415359955,489.84271424719736,369.03057920849795,687.7038760707387,322.2109135904369,grass/shrub
AT-Neu,2017,0.3790458576717045,0.1468297059072068,0.37530739569627886,0.5161680381611767,590.2455840697771,420.91897775952623,619.2172665975623,624.6379593351626,grass/shrub
AT-Neu,2018,0.3415321393318808,0.2297098497669103,0.548655085343557,0.37222649552011633,430.54429775118086,321.0136015882348,732.5625191424766,401.3035903778788,grass/shrub
AT-Neu,2019,0.4287599771820102,0.1949104347477905,0.48902932549393163,0.36345365602220875,639.10838973133,431.0946953105599,657.5135387199065,358.00263802586693,grass/shrub
AT-Neu,2020,0.384103878865786,0.2748410561341249,0.5664002202733678,0.47801389064246963,555.7370619778529,452.51685119289846,856.3122847315692,540.2553045669154,grass/shrub
AT-Zoe,2014,0.6859059400467017,0.0651562408078237,0.5821061521123543,0.6713986150368886,479.3668668287241,-301511.07312575757,413.07431163535506,-313761.06188531,deciduous
AT-Zoe,2015,0.6149180287512401,0.156311997178935,0.6945809985575981,0.68925699919657,411.0389561337042,253.63439073214434,442.87623789659517,301.05637019917555,deciduous
AT-Zoe,2016,0.497444128300312,0.1589177613028452,0.67318602537863,0.6720135616392906,-34622.256418210854,-119319.97857112077,-39599.145633645196,-136610.5655510896,deciduous
AT-Zoe,2017,0.6728054263933433,0.2163345943180079,0.6490063943660765,0.8009278057715958,-13066.729523788877,194.28242145215825,-16489.49386843875,241.40475191871022,deciduous
AT-Zoe,2018,0.3516635203447348,0.1492062036788095,,,-453600.5766505834,-323498.0856732843,,,deciduous
AT-Zoe,2019,0.5920754300314313,0.2010298545969102,0.8002736042799113,0.6631116626209131,426.15157030173225,225.22759983309123,567.5036306679998,261.66102832617787,deciduous
AT-Zoe,2020,0.6718024841106855,0.1238344176614062,0.662535680758051,0.8167942592543005,431.55925554287694,-127303.54709707246,410.12247738780405,-148501.73746528628,deciduous
AT-Zoe,2021,0.8071393646694851,0.1371271956123911,0.7697867363209756,0.8497739173566683,666.9548186733464,-177308.91476389614,669.3311528819513,-181505.58703526348,deciduous
AT-Zoe,2022,0.6941320368276462,0.2028231530276734,0.6264683704664266,0.5679006008496437,519.5195551249825,313.43540390064925,417.0252089184412,230.65286348701343,deciduous
AT-Zoe,2023,0.4688874789470995,0.1705496716179431,0.5961021339040576,0.7736677625339614,417.5572459856858,219.93695636202474,529.6193183567005,381.1084584761969,deciduous
AT-Zoe,2024,0.3754304286289101,0.1094308752134264,0.7350849764372094,0.6372321290845697,-262562.433331055,220.60790557843978,-525016.8197718539,374.64384224503686,deciduous
BE-Bra,1999,0.5731242285754681,0.1420557065104265,0.6817202333247011,0.8026717046373646,453.04963684385115,292.7371815116634,509.8459384626924,406.7189960352039,evergreen
BE-Bra,2000,0.5061499290441991,0.1728526921104498,0.8289269876921884,0.7525155009976608,370.25894793939125,242.62819701610385,610.0125233901435,364.05126446507,evergreen
BE-Bra,2001,0.5482377399271253,0.1469455210022721,0.7452008997568518,0.7448408184561764,383.2046425745486,211.76104135035897,527.9704312326662,297.05396331544216,evergreen
BE-Bra,2002,0.4831380026720397,0.1298863358533928,0.7246365353671095,0.7621162860454112,306.0460781585324,186.27827232841136,455.1164024616904,297.07974888778637,evergreen
BE-Bra,2003,0.5413571733338662,0.1017349600856815,,,-698280.9185253273,-497998.7946072102,,,evergreen
BE-Bra,2004,0.5434639363074104,0.1027766261035881,,,-695564.275089638,-505370.9186198151,,,evergreen
BE-Bra,2005,0.6802400483777539,0.1745244671522796,0.9172925875821963,0.8225517161568409,482.55645311129945,149.20102996323982,653.8068735393658,194.1577407718252,evergreen
BE-Bra,2006,0.5503620353636975,0.1773911072017112,0.7263314412090992,0.7223221382538282,430.92691447503773,230.06971705675818,568.265961207275,312.5947939515428,evergreen
BE-Bra,2007,0.5014686120879951,0.1740405214657878,0.6442968933442595,0.7813118789944568,334.0010036895953,269.3426789371431,483.5244885584732,429.2322078983652,evergreen
BE-Bra,2008,0.6778276358838353,0.1749527067876453,0.6935502845373221,0.6935502845373223,-867532.6119939161,-596426.1923524395,-887655.5897713515,-610260.6820864954,evergreen
BE-Bra,2009,0.5266253849249919,0.1920064135808397,0.7415297579485116,0.7641866882536945,465.78182376963304,261.0300126132724,640.8483351351554,380.90495489424933,evergreen
BE-Bra,2010,0.5344842957295387,0.1647990416686651,0.6988970671693917,0.7110463599716302,392.98228132222687,252.90368731883584,502.7995728476636,352.22515293317764,evergreen
BE-Bra,2011,0.5682070514738438,0.1658482479564478,0.8384841135736313,0.799476864547735,587.7420564964928,377.9053953259408,866.8201690270233,536.3573721785276,evergreen
BE-Bra,2012,0.3746819803762811,0.1814282074513727,0.656359094992372,0.6375336343598017,391.58427792713456,231.98185314266715,695.2361061024006,440.33884155902484,evergreen
BE-Bra,2013,0.4805835251248518,0.1606586007207934,0.7679829970409827,0.8497861054579828,405.0456320394009,294.89307810891347,642.5199646090683,519.8039279234182,evergreen
BE-Bra,2014,0.5123529587829522,0.1790083594109467,0.8086848534749843,0.8214308116720109,408.27575726056403,314.6793790253974,655.0301235714854,511.8995632237059,evergreen
BE-Bra,2015,0.6536297630221288,0.1960455213262333,0.838733477555351,0.6911394722238582,538.8340573540748,387.0658593080968,679.1166706322234,408.9736791764259,evergreen
BE-Bra,2016,0.644808124154405,0.1714614345887629,0.6793513705149905,0.772161729783331,615.2197944170881,365.35756571981614,677.1135270414215,461.95542442191635,evergreen
BE-Bra,2017,0.682341320208797,0.1340817169501984,0.8467993933052161,0.866385425325074,670.5091068528538,412.56002641195397,846.0065270324222,512.6031238980162,evergreen
BE-Bra,2018,0.4716996005081073,0.2179914049513833,0.8211127669617856,0.6548228566144221,345.2078912938837,254.20845493257923,603.283816321218,381.2295638506987,evergreen
BE-Bra,2019,0.508394418613529,0.1947035482594861,0.7812290145297602,0.7695817845129804,481.7224663064213,309.2072139417716,754.7694170758757,479.2610829317508,evergreen
BE-Bra,2020,0.6643303638893855,0.2084690376291282,0.9172981444957778,0.8197657219145806,556.8985444747136,401.74182297225224,774.8435376638045,475.2340422040611,evergreen
BE-Bra,2021,0.5335822530951871,0.2171031263453409,0.9062024505431711,0.8237629911609439,526.3558952832938,278.3527990800519,898.9807187135831,426.2916929637353,evergreen
BE-Bra,2022,0.4973650431371497,0.2419330291734262,0.7753330059169471,0.7410172802931106,458.9206799472676,325.5817945740789,723.2459415171911,530.7980455736648,evergreen
BE-Bra,2023,0.6015971451969221,0.1929912284701598,0.8654156726645408,0.8545172207724477,612.5645974466661,372.43583418890694,875.0713789164229,544.2761790333489,evergreen
BE-Bra,2024,0.4664196293949129,0.1816685093490874,0.8081338818161742,0.8131179317749725,473.20193517406653,300.6259866610935,815.8184204606755,541.9913191557007,evergreen
BE-Dor,2011,0.4624315960973684,0.1856611062344643,0.8278058647586225,0.7757415837827978,495.3086374778229,450.81176292874454,892.1706466317452,769.84188368701,grass/shrub
BE-Dor,2012,0.4877303768769535,0.1597265681920526,0.7295918295019272,0.8549914231739305,542.3526479192436,444.66765230060713,850.2776425701168,782.4140908333151,grass/shrub
BE-Dor,2013,0.577196777401989,0.1679920976268342,0.7636373034484806,0.8124161607619982,609.9660739408521,451.54967959733375,800.3442586993842,637.4171854855462,grass/shrub
BE-Dor,2014,0.4677270976321487,0.1413492778575577,0.6583983408138079,0.7740061568871105,463.76218438006293,496.06483027837396,644.6842837444507,828.57585714503,grass/shrub
BE-Dor,2015,0.5288103712370689,0.1909740679879235,0.6806421528473968,0.7828003818639785,532.2683151356251,538.5535066672745,656.47220948584,797.1075009239006,grass/shrub
BE-Dor,2016,0.5415554599854596,0.1717669023899708,0.6053933211560755,0.8626276960435136,509.3139074767893,502.05656554040553,507.4553688157991,798.3695620191481,grass/shrub
BE-Dor,2017,0.4716187241719777,0.1552402051031773,0.773857351825845,0.6157214616631831,439.40701439303996,472.0883479489465,715.884712806805,592.7559938796556,grass/shrub
BE-Dor,2018,0.4260606497740656,0.1734812818766694,0.697942257397696,0.7462836840295617,352.5717021553744,435.1701289692965,573.0743830956714,761.9962598316389,grass/shrub
BE-Dor,2019,0.6266308619958685,0.1553578123126897,0.7240276323908321,0.7726098058013396,479.20251799892094,524.9146616278648,563.2896736271857,613.7169473198259,grass/shrub
BE-Dor,2020,0.4791455615380405,0.1389170556002671,0.5465401875461058,0.6065535723415998,366.97516589689945,525.5693712720537,436.60572225461163,661.8049918129096,grass/shrub
BE-Dor,2021,0.4809311372273521,0.151108282266636,0.6687180330955922,0.774856471815543,443.0075095830555,478.77583952655635,615.4900451462239,773.017183991162,grass/shrub
BE-Dor,2022,0.4971829351325398,0.1461029820346405,0.38974367759704054,0.6935857490102572,395.51033308567435,501.6723926283703,352.8574865932033,690.9412765259464,grass/shrub
BE-Dor,2023,0.5023947871481559,0.1805039818251589,0.7238995052330599,0.7583103763202499,508.5393165444757,496.6691947169432,720.7781451579709,746.4713474656465,grass/shrub
BE-Dor,2024,0.5748351328563207,0.1650347896662221,0.7169900417095513,0.6964454514889321,543.8164255105041,489.0310101396085,675.3985272458493,619.7180769138768,grass/shrub
BE-Maa,2016,0.3793783200816597,0.1872115944975398,0.4428359351658462,0.49608648487416335,99.15103383780396,49.860398928261056,115.42149194144405,69.28870460869511,grass/shrub
BE-Maa,2017,0.3785848397144656,0.177595411123496,0.4112407596906317,0.44010295675792577,62.732094368603676,30.543238806089565,71.00232629011214,34.91598022815345,grass/shrub
BE-Maa,2018,0.5679305252186423,0.214119615485764,0.5438390817015694,0.5211179116508677,186.17062586211904,147.03319481384753,180.4085937903064,130.33603926377103,grass/shrub
BE-Maa,2019,0.4140244602030374,0.1627941491544758,0.6118061110579851,0.5281197986837879,177.8219899550582,84.82770542265311,245.18594198509265,104.54928014791362,grass/shrub
BE-Maa,2020,0.328238247735385,0.1414395536324135,0.6264753639363088,0.33291845092436234,150.2494245873518,61.19635060193812,281.1217042894412,58.76256068278671,grass/shrub
BE-Maa,2021,0.3002526959152719,0.1406957742897473,0.5552176369788929,0.4787262657365612,211.55995014146575,70.62592794457922,381.1136979606506,126.58401843737184,grass/shrub
BE-Maa,2022,0.3664183210319583,0.1755597737327698,0.43372867247315555,0.3784235318869206,163.53551010083518,121.75415868564801,178.3535954213183,125.1153027999301,grass/shrub
BE-Maa,2023,0.3226723803659747,0.1645390242440187,0.44343986530073637,0.5352398895844135,196.24715918260503,100.286285735275,254.9486473128723,167.15169658936983,grass/shrub
BE-Maa,2024,0.3871335645654943,0.1695217296956239,0.6984712268112024,0.5885016053902359,277.90756206516966,144.23231582761662,499.3097742567099,240.0080312003979,grass/shrub
BE-Maa,2025,0.3339303986690345,0.1593394266208325,0.3893859574965252,0.4296585471397488,168.7977689568347,104.88745440541368,181.92649754184768,141.18197915215706,grass/shrub
BE-Vie,1996,0.6864229341766942,1.4506995318983328e-15,0.9153180606383514,0.8666305750560449,-171105.47824253637,-638309.4914514471,-215983.45306775928,-805885.8381586417,deciduous
BE-Vie,1997,0.5425335338993101,0.1787259892179891,0.7442497119708426,0.6843181697798001,508.630000303049,312.04042275942396,670.1812990698044,382.153718977791,deciduous
BE-Vie,1998,0.6484245441560692,0.185444218377688,0.75792242869592,0.8289289826809273,631.5252057741676,384.96648106943735,711.6222805570239,500.7383478567853,deciduous
BE-Vie,1999,0.5994144908541791,0.1860083785060266,0.7869467775578984,0.7742436352172674,553.7700837925635,383.0228685775111,718.7665221935754,489.47133347749997,deciduous
BE-Vie,2000,0.5699140536004069,0.2147512352671078,0.6318345232380672,0.5863769840473778,467.73750228479565,362.15781246653603,540.1421416411144,346.9718619876313,deciduous
BE-Vie,2001,0.5512269640292937,0.1404235768193384,0.5671520405502879,0.7800775817579826,543.6139684290852,302.7993228324485,509.24859791882983,422.83194857407034,deciduous
BE-Vie,2002,0.6486356515731234,0.200791242085688,0.7735366374798982,0.8176139244327552,625.1810512758044,394.3965863359775,723.3603190027814,480.46310336401643,deciduous
BE-Vie,2003,0.6009371813403298,0.1666892774754746,0.5955331117559334,0.6948601080665275,586.3067016250141,345.561991314684,513.4245995895527,387.51682522577573,deciduous
BE-Vie,2004,0.61036320295727,0.1854117114364629,0.6950699293134694,0.7657365347229063,539.3369869404354,407.79470957335764,598.6685755331898,505.2409814081363,deciduous
BE-Vie,2005,0.5589565869037242,0.1566021042706549,0.7093909546596395,0.7797648794957819,562.1214661735635,362.2551917074228,729.5913047362424,514.0849281586826,deciduous
BE-Vie,2006,0.5855154343734877,0.1691764101758384,0.6222325825114917,0.7028852592361928,519.4385069746189,348.46792402055405,553.1328061248402,418.44967853298215,deciduous
BE-Vie,2007,0.5581182560937379,0.1937996063338145,0.7195445665354409,0.6033502677053751,495.5055307053769,396.7498389299336,636.9793241816877,428.60182356156326,deciduous
BE-Vie,2008,0.6057423801413038,0.2125778277599698,0.7381399841002502,0.539948804432601,657.8160293825019,410.05364918713383,767.4027952431192,300.5625884627225,deciduous
BE-Vie,2009,0.6767354271923605,0.1667576556624124,0.830578909109697,0.8598312436760714,842.2869417752378,-270395.8803354045,1006.9903849714473,-343224.6846944615,deciduous
BE-Vie,2010,0.6307779059282652,0.1776437942041938,0.6825571742167839,0.8554977895415431,775.8021358473222,466.3328379891756,873.5508277320473,631.6184197565602,deciduous
BE-Vie,2011,0.6136368925375438,0.1930173863720589,0.7572574238748476,0.8418204938094932,583.9689478754685,475.9238322500554,702.3976522093664,666.0441349100875,deciduous
BE-Vie,2012,0.6118888394920692,0.194404133100858,0.7215241623831108,0.8590508487587241,660.0770919855743,403.45787660948275,759.526492081846,569.3748780620866,deciduous
BE-Vie,2013,0.617553564955179,0.1557766576008907,0.8397982665007311,0.720157743091708,715.8509430335447,363.929100756619,983.9315794112205,461.4026648681864,deciduous
BE-Vie,2014,0.6176611120823337,0.1605722286507144,0.763895225539646,0.7942494785267064,611.9150601695206,436.22656989748685,766.0837479616722,565.4426998547517,deciduous
BE-Vie,2015,0.6483080802241118,0.1589012157308066,0.732664067087379,0.8454145772273035,688.999895399832,449.08353878386805,762.9601944004213,585.445269650262,deciduous
BE-Vie,2016,0.6196424265252376,0.1824800354854819,0.7938859659650686,0.7272093769010837,612.7986060491759,408.32580078945716,787.0122060058726,448.92837004666046,deciduous
BE-Vie,2017,0.5091609807554697,0.224128957009963,0.7813989691671173,0.6768918538540429,528.1052824503404,350.0102214098799,799.5330576078476,433.0964093223218,deciduous
BE-Vie,2018,0.5430566829100135,0.1874706827048458,0.4555790414386735,0.6878703397199136,550.2140298821433,394.59961574945345,447.9429890316751,480.62648927845396,deciduous
BE-Vie,2019,0.5636253326116517,0.2058812942797299,0.589909556356938,0.6485737112686478,591.3520027212137,357.13947295210863,585.598571171898,398.83756539511296,deciduous
BE-Vie,2020,0.684263709698375,0.1814292368065908,0.708700922908982,0.6948504102090796,512.2679417927818,371.4971756462723,544.4317317704717,359.8558545144247,deciduous
BE-Vie,2021,0.6339317322004786,0.1823827707551065,0.7381857041444376,0.791825008305297,761.2874634438022,364.6350029741038,874.3319030625464,449.2057403890754,deciduous
BE-Vie,2022,0.6233541757274622,0.1659848775016436,0.634024305252531,0.7815844574546883,574.7571787442032,435.98162825183675,509.24282152281853,555.7926906322042,deciduous
BE-Vie,2023,0.5008956536068861,0.1819536980108475,0.5980621580364329,0.7302452192281829,518.5288335695054,319.967715606501,601.6304648494896,467.8748078658833,deciduous
BE-Vie,2024,0.506027359850271,0.1345576277867342,0.6349625074188094,0.5848638156890608,543.9417887048365,305.4616345573094,681.4557137452102,362.7016204142511,deciduous
BE-Vie,2025,0.5560637159193939,0.1867372743183261,0.6865638379185585,0.6233492301799725,601.9145002854253,429.8241793477302,695.5202035922131,481.3549250647534,deciduous
BE-Vie,2026,0.5395316576457556,0.2053965258772028,0.5540941971258434,0.6862143729180535,-355736.01434137544,394.41372517776176,-384415.4764678694,520.6063943253668,deciduous
CA-Ca1,1997,0.6095809236591085,2.6690964356751917e-15,,,-786280.755581098,-560758.3683214033,,,evergreen
CA-Ca1,1998,0.4217823822266351,0.1924877157755147,0.5138877134010769,0.633334619621258,519.3471047239277,358.42736164231786,550.0046998668232,532.2307169522509,evergreen
CA-Ca1,1999,0.3588092746587756,0.2514503977218119,0.33725545357119235,0.5765197500911915,470.4641977799733,276.22662543840573,448.7404601705917,437.7131461295523,evergreen
CA-Ca1,2000,0.5161087818712204,0.1926961391150349,0.6851465185263034,0.6789562128714074,673.9165523433398,396.9717480238866,913.4832978534238,519.4182334785949,evergreen
CA-Ca1,2001,0.4365888435031599,0.2098306214701978,0.5593225328283703,0.6742864000694088,578.233448895562,305.8662070097278,704.9198515120457,460.4532806521869,evergreen
CA-Ca1,2002,0.5669025189808453,0.2423673447868096,0.5629495115585522,0.6955114215877257,721.7597256120488,432.1967444871355,695.0859882139773,509.8958313843857,evergreen
CA-Ca1,2003,0.3848351650204826,0.174226584978609,0.47520910376437897,0.648425767663247,466.8160422138067,318.45146079950445,606.3400942054619,533.8102986359713,evergreen
CA-Ca1,2004,0.2935402888004629,0.1136758080964885,0.5060802786163672,0.6597929808323821,420.15933562037867,386.25126986263,744.9185352631068,876.6556116474666,evergreen
CA-Ca1,2005,0.4489490396195748,0.2090444548000584,0.4606747327432803,0.6861462219866883,638.7282478876947,407.86847404058113,596.78274120195,639.2490120301946,evergreen
CA-Ca1,2006,0.3620910826265858,0.2238378213827751,0.44920586308453064,0.5465473487199916,449.32224257115035,343.04789426540697,552.093273866602,490.4892538536082,evergreen
CA-Ca1,2007,0.4044057220058729,0.2440160869138253,0.5481667962290508,0.6181423678188789,427.53971251026957,346.13555261525914,522.4626649198165,500.80564858361225,evergreen
CA-Ca1,2008,0.2783639919844012,0.1503553195563187,0.49486859387077886,0.631018746959198,361.5381228425699,226.12200473596943,592.863790894379,496.5127067609068,evergreen
CA-Ca1,2009,0.2938039185829349,0.2360489329670782,0.4221708229924472,0.5580752476570203,412.2365173201057,239.06890373367258,590.1700945533624,439.1615080368089,evergreen
CA-Ca1,2010,0.9106638333011142,0.1004265142111588,,,-1174638.8693239414,-837726.9455643613,,,evergreen
CA-Ca2,2000,0.4471977358508768,1.943142163834048e-15,0.37547923132492705,0.4013954884949105,-93878.41815231534,-415852.30495188135,-84270.70720343223,-373260.4745198368,evergreen
CA-Ca2,2001,0.4308163216208532,0.149390473242739,0.387226850804355,0.4203665203808374,101.4022814878475,21.546062730225724,82.7503985768821,15.772124912875007,evergreen
CA-Ca2,2002,0.290547568535854,0.1399756753522576,0.21350017971720764,0.29602878077676115,99.95207997028294,46.153317916077384,70.86499535863675,51.11775664969153,evergreen
CA-Ca2,2003,0.3694699111996967,0.1565295346548421,0.31300797929052215,0.3463005089842258,123.6683719828559,83.69429540693156,92.73796316127893,77.02975150502661,evergreen
CA-Ca2,2004,0.2898768824771109,0.1394940257302175,0.2186306756031945,0.2445553829232526,141.2023879681611,95.72812160754057,93.61059742764282,84.30602234422979,evergreen
CA-Ca2,2005,0.4101091062266012,0.2128410699236659,0.41731634672593476,0.4466667359368853,276.70563165600254,179.97867828864793,280.4060157182614,198.6300921973259,evergreen
CA-Ca2,2006,0.3387004012244542,0.109469812630277,0.3024990891819613,0.3128716861082025,164.54519620981947,87.57729059624782,120.1060236514619,76.1780875342978,evergreen
CA-Ca2,2007,0.2921947593925525,0.159534315596373,0.2624830063905313,0.3981600868865214,210.72320292584948,70.04936402695611,160.7391894522997,112.6341311072888,evergreen
CA-Ca2,2008,0.3516636738677204,0.156135739623147,0.26813085430598005,0.3374642324904975,265.2523111530839,124.08339250554957,225.3990352826799,153.97160763964362,evergreen
CA-Ca2,2009,0.3481170845953756,0.1709075637622589,0.342906947863249,0.30959948843345825,266.7072931364955,122.12075260634364,253.12677356540854,147.93071958341363,evergreen
CA-Ca2,2010,0.336222968469046,0.145734233808922,0.3996603555491243,0.37457767624009974,251.8263147540202,116.1375009622756,304.04119088553665,154.33455507783856,evergreen
CA-Cbo,1996,0.5202736252873315,0.1602047013925541,0.6067569366449207,0.4849418679997387,525.3494329852116,153.45612272290595,584.6439798490505,161.92903164504048,deciduous
CA-Cbo,1997,0.6134910848504143,0.1879546041115489,0.7197646913768414,0.7254120003571429,672.5361438247669,210.07156512773665,756.6195162266237,272.62469060940987,deciduous
CA-Cbo,1998,0.5224310140404065,0.1945441073139971,0.5844466656750468,0.5482726434600218,548.14757381716,245.89624478957123,611.5103385458469,283.77101048616424,deciduous
CA-Cbo,1999,0.3509904149926874,0.1724395531031661,0.4649966593343211,0.43818181768653375,317.0526197357734,155.78694933150126,337.35629567532504,155.23198062593386,deciduous
CA-Cbo,2000,0.5241309748924321,0.1720857015824231,0.5767130079706639,0.7246576327406851,519.506760705286,194.6339469250851,515.4558204488267,290.04919178170735,deciduous
CA-Cbo,2001,0.566907758473922,0.229339615471851,0.5712942151620025,0.7729814919237642,558.234779707857,190.00985638530014,562.624470115064,196.99968714628335,deciduous
CA-Cbo,2002,0.5707279600433353,0.2000786617006227,0.6892069061626694,0.4957520924902963,533.6161291711766,179.54196271493032,651.4260074185643,191.58534019603098,deciduous
CA-Cbo,2003,0.5417464864126278,0.1798983470722621,0.6884624113112905,0.6413593777205782,585.2353974864524,162.83952403287876,697.3837999622706,203.18140851022565,deciduous
CA-Cbo,2004,0.8828000090490682,0.0759634731420494,,,-1129871.013181649,-820921.9080147918,,,deciduous
CA-Cbo,2005,0.4766043427335554,0.1657941415750374,0.6741314722134135,0.6113416945943972,490.9968071224776,161.35764614632137,653.9900359920795,219.24577024525547,deciduous
CA-Cbo,2006,0.4486026995153865,0.2240014507554345,0.5673887855479621,0.5082734140089018,433.249449860862,144.7067869971194,468.3780815762409,176.39297961225162,deciduous
CA-Cbo,2007,0.5150158890346832,0.2042484728090388,0.6764862688549007,0.5572849014596791,437.41288219270524,174.17822689200148,578.0648048789016,221.89814549298399,deciduous
CA-Cbo,2008,0.4726174121954903,0.1827970505297164,0.5955906477237133,0.6100141296403792,409.39349120537696,133.03804434748412,543.4296728122162,194.45551796617437,deciduous
CA-Cbo,2009,0.5636954328726186,0.1892168086480411,0.5161392401407218,0.628131071423382,606.6137403418915,176.55632078046975,550.3160988275891,224.12465629506303,deciduous
CA-Cbo,2010,0.5608277209697387,0.1328429814154174,0.6602350429032744,0.555322502906153,698.0547166715648,257.6574177522746,776.9925887172976,264.3502932386648,deciduous
CA-Cbo,2011,0.6050460738304221,0.1571081181011301,0.7388246357621149,0.6383660048595681,697.1748775056362,268.763175985158,879.9507448220895,361.27221876816606,deciduous
CA-Cbo,2012,0.4886988497537585,0.2335698074083827,0.5728295396631444,0.5498724262767375,555.9911668871157,243.59569291213165,615.4414311300953,309.5583299726543,deciduous
CA-Cbo,2013,0.6675553650830617,0.1936866180609922,0.717005296841783,0.7761820375765837,799.563449811986,318.75532983603,905.9503389113288,425.4596783129528,deciduous
CA-Cbo,2014,0.5852576806095827,0.1949664962540119,0.6283484033019451,0.6594261336309282,782.4357478988742,209.8946750824332,912.0454887186255,282.238938297989,deciduous
CA-Cbo,2015,0.6212749411521625,0.2320563918116117,0.6792475854376426,0.6847463400314507,803.7701433432637,156.53330456231032,850.1446182036636,176.03878492385743,deciduous
CA-Cbo,2016,0.5015860780810151,0.1477638757165814,0.5533200279227266,0.39870714740274044,704.0599839629449,216.19042207627572,796.3930659068375,255.94362986708754,deciduous
CA-Cbo,2017,0.5066374359064563,0.1720907240416352,0.37447853293336814,0.3860579504403395,699.516783186556,224.991649967602,500.90277755526813,165.27989048272931,deciduous
CA-Cbo,2018,0.5107813207995514,0.2380403428249403,0.617191712137356,0.6647409578254663,666.964076050746,238.16342182424677,726.9993509415342,375.84677887578914,deciduous
CA-Cbo,2019,0.5307711792269805,0.2022867950520455,0.6674388417293058,0.7879696831954428,613.5134741426693,165.8615798276134,721.8373210579852,259.6678199535143,deciduous
CA-Cbo,2020,0.5325712344939596,0.1946365204735634,0.6339805479076469,0.5894235824310758,701.4578755777686,176.1769372417371,722.5934886614175,200.4407651350557,deciduous
CA-Cbo,2021,0.4699999165275476,0.1546547801099985,0.4978264357552333,0.5972160931214442,486.95873152064524,196.79073036977067,427.5643007350549,268.53312875134634,deciduous
CA-Cbo,2022,0.6215787037859227,0.1042420785281772,0.750522300369471,0.6566694070680653,790.7489200930311,246.19500985232457,949.5764471757172,306.06138232446057,deciduous
CA-Cbo,2023,0.5437914612743447,0.1712773899708002,0.6242776599948726,0.5896723493083359,775.7521932503007,211.62371177380072,805.0088747808126,301.20287353567466,deciduous
CA-Cbo,2024,0.386692472453112,0.2074649631801451,0.5541456696375497,0.6565839330896133,435.95739042345735,186.40771845367408,629.9739718832143,365.4878029793945,deciduous
CA-Gro,2003,0.699433829788423,1.997021119003443e-15,0.731514828245709,0.8124221895625479,-307408.26394219993,-643414.7754930086,-357093.70886428707,-747353.6715561043,deciduous
CA-Gro,2004,0.6215492333330053,0.1509015824962449,0.5243262146025843,0.6859232270745261,393.5594777515041,202.82293480924335,345.08075695581914,228.45411424043854,deciduous
CA-Gro,2005,0.6591119362194277,0.2225775752002192,0.6044711413287281,0.48386378065200925,491.4834532046222,243.29812940751975,457.43247769326,155.3350916185051,deciduous
CA-Gro,2006,0.4446524306344458,0.1753807275381008,0.6878056422582521,0.5054834700685199,364.63973624940064,166.01150081865512,640.796841772627,205.4384282355373,deciduous
CA-Gro,2007,0.5047524989720681,0.1259277369360755,0.7363418833107258,0.5473997381257308,412.5013252132757,155.04950209543037,624.627595826701,159.08318335769385,deciduous
CA-Gro,2008,0.4526530337688085,0.1235767762254153,0.6240535676563322,0.6370947488916285,417.135533354552,122.29446767218515,614.6570149838707,166.71407982347043,deciduous
CA-Gro,2009,0.5940081457397636,0.1426635882015857,0.6720520231860596,0.6079666527646949,495.865941104188,129.2451302995287,590.9413016716915,130.3149411365404,deciduous
CA-Gro,2010,0.6086520182597553,0.1892366253963546,0.7333025050446951,0.7056112965405589,407.31410901553363,204.84598896938923,520.5770274676166,254.41026542606647,deciduous
CA-Gro,2011,0.6349184532968026,0.1084952555237628,0.7638410330674403,0.6572898406455455,448.6808028730773,147.76833343871206,554.686747001975,148.78771709469004,deciduous
CA-Gro,2012,0.5307735131673217,0.1698077682560158,0.518795494957742,0.5894059461880579,338.34897017432115,149.6645816577141,298.8359482731231,165.51523488322357,deciduous
CA-Gro,2013,0.5654707949425917,0.1343779338035124,0.6030188120335627,0.5980541474291708,353.8513140260027,105.60523462033522,379.8761509122431,112.936612080548,deciduous
CA-Gro,2014,0.4846994643264508,0.1022759957432012,0.6261007181314394,0.668193742596494,-625199.7827502234,-92046.00417527766,-807589.1593969179,-118894.82797186586,deciduous
CA-Man,1994,0.5689490457583551,0.2565856584554404,0.4627285563919501,0.6164950340634999,247.46425700395935,86.2353449954166,172.64511298254297,84.88272101410065,evergreen
CA-Man,1995,0.4026881332299662,0.2010833015720062,0.4777492292099358,0.4400578819260183,229.92143567286888,85.50491532087769,264.91139895255844,87.61989583457465,evergreen
CA-Man,1996,0.3714227835461155,0.1910323278624235,0.4283319125268611,0.4380436617777895,190.70040945775023,53.98663780776001,206.42233881990586,50.7384591419723,evergreen
CA-Man,1997,0.4202450092413805,0.1973126836057737,0.4764923546004999,0.5403202336716619,224.84084744674138,59.31282585570155,247.13083250030428,75.08747947352302,evergreen
CA-Man,1998,0.5092589210713682,0.2294903121975605,0.6440723158526767,0.5666612722928533,283.08951348782716,114.2351397592722,366.65210454628067,122.24098529193718,evergreen
CA-Man,1999,0.6195857737038278,0.1991890463543766,0.5816482975918772,0.8015138399536671,294.3054631047312,153.82942285639425,283.36389026058197,197.2492070187807,evergreen
CA-Man,2000,0.6039538920583302,0.2280622310848554,0.5357415971428112,0.6783722004437454,274.91980239244776,103.34323692409458,246.13266260757598,113.91692924177558,evergreen
CA-Man,2001,0.5816666273725228,0.2315551131153506,0.5331707920971823,0.630806819194128,280.1530123241962,125.13199354511576,230.41219704572188,133.9943907438801,evergreen
CA-Man,2002,0.5348490577128134,0.2147466738155386,0.6023469657695089,0.5458305101597303,257.4296515855363,64.04678637319972,301.9679787077854,60.893435175844125,evergreen
CA-Man,2003,0.4902525012699342,0.2211106554116805,0.42755456925570884,0.6009132518670802,237.52359226765319,107.7947897080599,178.2378485322911,118.73557987535303,evergreen
CA-Man,2004,0.4937300983442642,0.1276229582223796,0.1686778992774307,0.1686778992774307,-631911.3284280701,-459123.07456101966,-215886.12030400388,-156854.75928337782,evergreen
CA-Man,2005,0.4940250969071912,0.1280442206939658,,,-637228.6457727756,-454457.6388457005,,,evergreen
CA-Man,2006,0.4939701906558148,0.1282985680437474,0.4563648617223342,0.5873475364723095,-34370.93328276672,-454407.13014580926,-40925.030036751705,-540305.6975811693,evergreen
CA-Man,2007,0.4555470897531729,0.2253793005520323,0.6858996613146067,0.6058107136492566,161.15948601653253,84.01234705883552,251.22360666948,122.00258046535592,evergreen
CA-Man,2008,0.5954306393655292,0.2261520090760187,0.6686358388768217,0.6764078206576429,258.883444780392,88.62668519951389,292.14324387312706,118.22344170935882,evergreen
CA-TP1,2002,0.6783219854343119,2.538996288926371e-15,,,-874947.8576741413,-623993.8209769069,,,evergreen
CA-TP1,2003,0.665755679013053,0.204752664650395,0.7346576879940746,0.6577327500954188,144.4596419068344,-113158.64533827048,166.86439194696692,-103504.20176239709,evergreen
CA-TP1,2004,0.4775267215795377,0.2648394944665504,0.5872517551269085,0.6425054008619935,92.51705333924966,60.22164629444458,108.33028375303243,84.46987650314476,evergreen
CA-TP1,2005,0.3994689378975782,0.1621921697553239,0.532091662630461,0.46711696758778276,-35912.341417505246,24.28749642999038,-54859.60395398613,24.379827247958293,evergreen
CA-TP1,2006,0.3971246647965814,0.1806067377017685,0.6796689416138418,0.5468997318325859,-230202.649857693,73.18437481874071,-441469.2551250926,100.09417308280001,evergreen
CA-TP1,2007,0.5245178491783895,0.1849051038362487,0.7118757836092241,0.6175364854594543,220.91883892550678,73.0198060907178,297.70719550823515,87.6062728389307,evergreen
CA-TP1,2008,0.4785283899423372,0.3151666245560032,0.5358090658278819,0.6137809575310228,239.67572460123512,-119561.5516435886,249.46362764310555,-173930.37003567672,evergreen
CA-TP1,2009,0.5791837533683685,0.1803720215188217,0.7200838931663652,0.693833982619734,359.1275712934379,156.63872608863292,436.21182230439246,188.13372039730473,evergreen
CA-TP1,2010,0.6236685531537888,0.191825186109661,0.7731138647027038,0.7430620235964814,474.31765309705145,275.78320130443143,578.3647862196663,331.68695546967865,evergreen
CA-TP1,2011,0.6315086242692756,0.182752725715254,0.6889777834363765,0.7654234054927459,494.1920628400533,282.5868274963755,534.2569706815931,343.07615186409583,evergreen
CA-TP1,2012,0.6069847519620231,0.1922559456240986,0.6513724157900419,0.7752379048458433,434.72538924010183,339.13374974558656,467.6226927325462,430.0610856752223,evergreen
CA-TP1,2013,0.6530429525935946,0.2723254317161339,0.6619431679539517,0.7780194084232828,639.1167332643819,342.97536126205983,665.0778695738162,427.9404075502666,evergreen
CA-TP1,2014,0.4078631242551194,0.1332301932106371,0.5028768944534752,0.44129775642449237,-301636.45357234555,-154954.89535125843,-335252.84303296846,-159886.92149503017,evergreen
CA-TP1,2015,0.7703440557905177,0.1775776103465809,0.5869224330331184,0.7723591363700678,815.5971970762395,540.9868830952695,617.3350358526654,550.9901927495042,evergreen
CA-TP1,2016,0.6352143582573454,0.2198795056008795,0.6431774138780314,0.8601743257522932,601.3432232170346,431.8019301222116,611.8446509935109,586.102080292699,evergreen
CA-TP1,2017,0.6884648995631178,0.2696977845519249,0.7237237476245815,0.8403016812729492,768.558027506546,523.9006279103797,808.7114207117412,671.9229611109494,evergreen
CA-TP1,2018,0.4649401184981009,0.3044772018003709,0.4986587799384258,0.5252801841232303,762.0490137973064,371.2964729736441,839.9625826599796,456.4610262876044,evergreen
CA-TP1,2019,0.5486644243999682,0.2545216565789862,0.5336053787902063,0.624259231915727,737.2617690675206,382.8409971212625,736.5290579275613,481.08661842897607,evergreen
CA-TP1,2020,0.4167446536563021,0.2511739884989067,0.43029377453491696,0.45860828810895643,559.9278907806683,361.60134698256275,521.6174372411516,382.1726219124556,evergreen
CA-TP1,2021,0.3364556101421371,0.2681601163158055,0.5707643486318418,0.6439747502227691,398.2693990277883,222.4074336582864,703.8513835373989,436.3911069615132,evergreen
CA-TP1,2022,0.4666918444122918,0.2842618489551464,0.5045098848728162,0.5008107849888767,607.5812404441989,316.19418828717124,719.6892628475106,328.85986807612767,evergreen
CA-TP1,2023,0.6669930022466483,0.2903911155386488,0.5049383754150898,0.7263206198798153,880.8181138156864,455.34353647583436,673.3884864582523,500.56178765944986,evergreen
CA-TP3,2002,0.6903706701173173,1.024404556757535e-15,,,-890489.1066348943,-635077.5024062812,,,evergreen
CA-TP3,2003,0.4238195085484502,0.212149950888406,0.5902378084922302,0.6680442541372774,350.3057388799606,134.3709965860409,476.5135854045699,218.14430472236083,evergreen
CA-TP3,2004,0.5193843656479871,0.2218199368439607,0.588889927383229,0.6290131828232897,283.6507408731827,189.8383102236638,311.94703898073726,221.43086617107937,evergreen
CA-TP3,2005,0.3893936361746399,0.2166844909374919,0.5161437692943098,0.5582842495015785,235.41650459572622,156.7698397633337,310.3160112634811,226.30871160703077,evergreen
CA-TP3,2006,0.4792550571748004,0.1741424963039112,0.6405739747450089,0.6664287915563493,-71595.31356643546,-9366.930753794966,-106547.75381537138,-14480.560482009223,evergreen
CA-TP3,2007,0.3745965557090467,0.1673289740737609,0.5761630406398227,0.5813553479323279,229.74048341853518,102.7555388671378,353.24975747347236,169.95205812823602,evergreen
CA-TP3,2008,0.3527642448267239,0.1637637621142333,0.4716856242273523,0.5976046327118715,340.69461126860494,158.82896032622577,425.7435747763343,278.150434321452,evergreen
CA-TP3,2009,0.4182991517235283,0.1747426893444479,0.5631333974003154,0.704415538404713,412.6877606289705,223.11544919025513,536.6253353164509,385.99728146546863,evergreen
CA-TP3,2010,0.4288842827286922,0.1457052765552451,0.6282998296753971,0.6546282348613878,440.9924923325747,258.21850077650845,634.4994522516807,389.20268802826774,evergreen
CA-TP3,2011,0.4520897078373961,0.1671624819702808,0.5750638553684678,0.6664852872034541,475.38810526973583,210.97270095076408,545.4180853647961,291.232193065234,evergreen
CA-TP3,2012,0.4740398112821574,0.1738760842419612,0.4942651639634031,0.733648333075291,430.4377811331642,321.53899496716684,420.79638839515036,487.95298732698205,evergreen
CA-TP3,2013,0.4751777028194713,0.1677721042756457,0.6105363390826801,0.6857188201241509,552.1675205010636,247.27635008113043,692.758073648667,361.23675206583545,evergreen
CA-TP3,2014,0.3964239220694857,0.1555350176416088,0.5640226434505144,0.6668782885363909,458.55937986498236,221.73576229867183,618.2811501721227,347.777509924096,evergreen
CA-TP3,2015,0.4387245513753059,0.143616587962711,0.6412063416127377,0.6306613414413516,531.2901183663263,285.0447203618781,762.042184407954,423.051175895205,evergreen
CA-TP3,2016,0.5729230674748237,0.1554118871632026,0.661829032821143,0.769241723953158,549.0025955431498,321.6707339764582,608.5444184875275,425.4444890055593,evergreen
CA-TP3,2017,0.5370369811212745,0.159153927588812,0.5939156516923703,0.8170170243261875,506.5280605941296,340.73242972697807,547.8130890763953,523.1649621087845,evergreen
CA-TP3,2018,0.3975670662764217,0.1639872004420619,0.5526198190627588,0.43043412791435876,449.25855335283154,186.04627419710755,609.3141923827819,178.97042873781055,evergreen
CA-TP3,2019,0.371403186037701,0.1468422647179097,0.4479047086147233,0.6406774636859361,448.9296954471668,161.29509604752255,491.39794006348274,264.3211138279059,evergreen
CA-TP3,2020,0.5143360252931389,0.1579573483033615,0.7419529002263582,0.6831750899367681,596.8308535790487,301.4292512511091,856.7212520437355,371.26052729816826,evergreen
CA-TP3,2021,0.4473757816787001,0.1476845502938171,0.5186344434187098,0.6114628135480357,455.057778775043,262.3910005122266,513.6689826028933,334.55555212065354,evergreen
CA-TP3,2022,0.4732444917258336,0.1699424704501355,0.6197850641882335,0.7350524961127229,483.41869933432866,262.00665684527047,626.6887591612307,404.64502188148725,evergreen
CA-TP3,2023,0.4494324879965089,0.1901091408253358,0.6306481769464004,0.6802898646410284,494.09774482503445,233.92137293837263,680.679505779637,349.74142138342876,evergreen
CA-TP4,2002,0.6316634183764365,2.020457971334658e-15,,,-814764.3251246325,-581072.2318718309,,,evergreen
CA-TP4,2003,0.5190564609482299,0.2169980605409039,0.49903630097339946,0.6872658134572935,484.9839193373321,231.21843276714347,413.27789373062836,316.72128290718064,evergreen
CA-TP4,2004,0.5402721604420079,0.2267979741889706,0.5553051316218445,0.690507993125259,411.78373677308673,239.18457332243517,428.3574020054518,298.24473135342237,evergreen
CA-TP4,2005,0.3909544774182376,0.2122048261326758,0.2685960388037635,0.5272706349040144,298.67561435885597,142.59331277883737,187.43371243986934,187.6328328981376,evergreen
CA-TP4,2006,0.5570945185752069,0.2038074632447122,0.45599123568737515,0.6946503271770779,492.1339637214819,266.8743703760577,380.58473267562005,342.840773036416,evergreen
CA-TP4,2007,0.3335798024273917,0.1590324469921172,0.36643151949375363,0.39269372283888293,306.6888831101825,152.45755713748304,304.3275535321712,170.77061224339516,evergreen
CA-TP4,2008,0.3844309834451955,0.177595213944611,0.5133466510268506,0.5829731131585603,421.981233142044,178.7782490438138,544.3176127544338,294.23197471212535,evergreen
CA-TP4,2009,0.5364879549999594,0.2266238299749192,0.687058310882286,0.5150097665387703,540.0301081390394,295.94911738607874,617.3825825842853,259.36809066158685,evergreen
CA-TP4,2010,0.574438136693838,0.25103998159988,0.5544657801613839,0.6820414165649119,579.6384527086783,327.8385419854091,528.39046222585,384.84662652340876,evergreen
CA-TP4,2011,0.5343739127670446,0.1868522214514882,0.5646564442632624,0.6356970456211624,512.9257614584094,275.3362982385605,536.0580823204256,294.9916915245848,evergreen
CA-TP4,2012,0.4635869905771992,0.2746109588478069,0.38246680452482984,0.5400440384903263,393.928913292128,228.42506757919577,282.8746866255106,254.98356971970915,evergreen
CA-TP4,2013,0.5191168309771204,0.1498494037376114,0.4555302753538138,0.692493930761967,566.3256960988168,214.95520653032733,488.553523828134,310.16164984642705,evergreen
CA-TP4,2014,0.4872038527500412,0.2346745563281068,0.48946989560236476,0.5655856894594147,600.7343317579476,263.81177599058435,581.6924217802109,268.27084865679205,evergreen
CA-TP4,2015,0.6241122344675051,0.1807959272854635,0.6584687261478906,0.6282704888347159,683.195473664905,346.20296034128484,692.4857916755019,300.8307671437592,evergreen
CA-TP4,2016,0.562456332044902,0.2236570626610063,0.5126693968073368,0.564568043918738,564.3122017089906,289.50369245256564,496.2840332875398,253.6501710217133,evergreen
CA-TP4,2017,0.5746055333490173,0.1666062406411308,0.6316624407205136,0.7163641530101327,636.8357493109212,343.3617226558773,692.7667362192012,430.01245420327945,evergreen
CA-TP4,2018,0.4773772663256063,0.2572697257943506,0.3137329578069387,0.5029475841014065,492.2835571663799,228.54403113454305,311.0836360318143,221.79854001033672,evergreen
CA-TP4,2019,0.6195010575459498,0.1868027327781236,0.427961204463317,0.6515853755568051,617.8793431650324,302.32916815252173,423.27100331484274,293.0712412361813,evergreen
CA-TP4,2020,0.4507746036248747,0.2093808581710592,0.6726573013570997,0.6348929092703683,481.7202972931573,209.926942525691,709.0694108645109,268.065450282042,evergreen
CA-TP4,2021,0.490714013146494,0.2049491083744876,0.6028222795826714,0.6546231847217393,582.3319524971802,317.7108077806545,669.2474814827539,386.4144334695401,evergreen
CA-TP4,2022,0.4659522653529221,0.1607476427092743,0.4809435976682912,0.622889281000112,427.60630571652143,226.71717654566856,428.5495439210108,312.6165732131657,evergreen
CA-TP4,2023,0.5442490137777112,0.2167366843518468,0.539806733537154,0.6203033748144747,608.7288775875945,254.62417767383724,593.0732179648984,286.7932848761999,evergreen
CA-TPD,2012,0.5543479081732209,0.1979778228279408,0.6773314555240479,0.662908658860375,528.3597456293154,223.55456563593407,611.4641576760669,300.9760031695766,deciduous
CA-TPD,2013,0.6046320931977559,0.1972653446100081,0.6872223308671999,0.6574873272980511,643.0389066230152,223.29414976744948,747.7051419066341,291.5279872573678,deciduous
CA-TPD,2014,0.5311887046214014,0.1891561236240409,0.7087396691737067,0.5236932240062622,643.3487773071902,166.09776345004545,803.085622003589,201.81583626796294,deciduous
CA-TPD,2015,0.5551265048130742,0.1893787747496618,0.7050715543755322,0.665168231612183,564.3050613702859,236.77141569817533,690.7716611868627,374.1295420290764,deciduous
CA-TPD,2016,0.4210951800004032,0.1848699000237208,0.48320049286232336,0.5565720343760978,472.02776634558256,167.83759183153288,493.6895832815129,264.1869977211722,deciduous
CA-TPD,2017,0.5861990139180143,0.2114973286865692,0.7164855201743625,0.5943509328392701,653.5896952999387,213.41242518572608,812.7435402912497,283.63716600516034,deciduous
CA-TPD,2018,0.7252707701722888,0.1508066071771386,0.7912377092340888,0.6939431784453313,665.5310218837523,267.35140232906656,742.3902128831941,325.6017619692652,deciduous
CA-TPD,2019,0.5996606023580835,0.2504604464547789,0.5467474776336146,0.6441549412978297,696.4705122053379,182.4935888328284,597.1527533245851,257.67128178672124,deciduous
CA-TPD,2020,0.6145557383356075,0.1820562353096876,0.6589948046356482,0.49604460233578546,644.726056211142,197.67142083423067,703.6498225975097,193.3944049912833,deciduous
CA-TPD,2021,0.4363974620953203,0.2450333806181762,0.5773125339018536,0.7069810557742539,322.84410406404334,143.53682912889968,380.9619584214068,244.39811941475773,deciduous
CA-TPD,2022,0.520076275219906,0.2202152673270931,0.6268933487665391,0.5267175262458901,643.8873381087869,230.6655235821123,779.5073679713457,246.68893638984324,deciduous
CA-TPD,2023,0.2172485495445553,0.1351692095305456,,,249.81556377280893,85.51880791417395,,,deciduous
CH-Aws,2006,0.6910486614794796,0.0512277530344998,0.7785129881340486,0.8478682257241134,-130733.89553703704,-538857.7097095462,-111600.57131725644,-661110.2648426653,grass/shrub
CH-Aws,2007,0.7472561584632107,0.1298813044774631,0.7635952857396405,0.726862722524337,539.5441715365794,-148985.5461180489,564.4107715317018,-168333.1005259024,grass/shrub
CH-Aws,2008,0.7286213780170167,0.1609916945536777,0.7773999553837869,0.696483365920592,-21297.035218536617,-247406.7920265448,-20200.925768512752,-242563.45778707336,grass/shrub
CH-Aws,2009,0.7370691854333069,0.1120854218591621,0.5561042534564932,0.5430181310929106,585.1367132743025,-323784.8940508756,437.93873640396765,-243211.22571342328,grass/shrub
CH-Aws,2010,0.7063693709448406,0.2039273237998512,0.579579225446216,0.8239850159119438,583.7454232550455,-148110.85366325677,495.13252272624277,-142714.08528568997,grass/shrub
CH-Aws,2011,0.5881651057686276,0.1549368742254095,0.7253548358136349,0.7452994952164337,555.5786465081866,-70257.33529253979,683.8481455486526,-64134.46780204819,grass/shrub
CH-Aws,2012,0.7207098116719028,0.0653621862966867,,,-922416.3080841416,-670193.0988423841,,,grass/shrub
CH-Aws,2013,0.787640453099764,0.1258612881397349,0.7660699047839282,0.8718175674142361,714.0338065890442,-157160.56721690396,746.3143016429525,-161712.58843806395,grass/shrub
CH-Aws,2014,0.7419979367822661,0.1232584833680119,0.761057890763594,0.757134368254805,524.0928531825073,-326072.2999476536,528.7034987552881,-331384.3489217527,grass/shrub
CH-Aws,2015,0.4602297267437679,0.2159928582308596,0.42277554901581504,0.7882761947978373,395.3594266679641,143.85715076018317,361.2121497075612,253.793491788247,grass/shrub
CH-Aws,2016,0.353349718238202,0.1848290478830228,0.5270791497350137,0.7137682178098992,268.9135727420595,144.95298101043838,404.9333737600973,295.73791595048687,grass/shrub
CH-Aws,2017,0.5202138131722363,0.2015343904683437,0.7561618364973681,0.609738310635617,474.1943430616093,273.2006557503,733.1414415804729,386.41055843930565,grass/shrub
CH-Aws,2018,0.6828121826313457,0.21953063820552,0.6727736252311302,0.6280759413261267,588.2560957308322,400.7846517604496,613.818417768946,398.2938263527844,grass/shrub
CH-Aws,2019,0.4563038392423159,0.2653320256693313,0.7058810991967535,0.6122339491399252,437.72367348299935,196.4299938208222,713.0143768135925,290.1119654959358,grass/shrub
CH-Aws,2020,0.697351384227398,0.201774225789569,0.7185438158347917,0.752357126282628,664.0517416814386,466.48050992639,693.6707217893306,545.7955426305556,grass/shrub
CH-Aws,2021,0.4311819123632343,0.245887012515395,0.3595011447644099,0.5719332113694875,490.8044234763514,220.79308144262478,423.71299368577314,297.47068716341255,grass/shrub
CH-Aws,2022,0.513633349586179,0.1651982918190673,0.5445005982895157,0.6467077676638567,494.3883299959976,363.02765707495234,503.3133011344039,476.5675268855456,grass/shrub
CH-Aws,2023,0.5721044325355876,0.1261766720039172,0.6408180969490357,0.7537905689949101,619.5101946484972,381.31622315266617,723.9084826870353,569.2304277045642,grass/shrub
CH-Aws,2024,0.4797934364629376,0.2613344346805452,0.689649429317104,0.6409276547554509,461.44798025835803,275.0797941809899,677.1460934370407,456.54605167530144,grass/shrub
CH-Cha,2005,0.6214482023938777,1.777785676891736e-15,0.6963551237368353,0.7110112818606029,-123458.39400440834,-571675.1729677472,-141265.4741925394,-654064.9662738235,grass/shrub
CH-Cha,2006,0.46352773148137,0.1759610562630957,0.6714526047998255,0.6369690637696303,565.7619710009335,472.53464219846865,790.6977908805978,624.6790530349064,grass/shrub
CH-Cha,2007,0.4159168630139345,0.1433921788487093,0.5465757745324141,0.5412311229679401,522.2149417174471,410.44581149406093,691.6001223749277,562.7804809407528,grass/shrub
CH-Cha,2008,0.5217634473065124,0.1960339461213036,0.6619215822544251,0.7431477709827834,753.5433889272748,532.776862501592,933.0325070774012,718.7583567642935,grass/shrub
CH-Cha,2009,0.1389873547271267,0.0828036769222553,,,-179275.75822923367,-127855.57951232168,,,grass/shrub
CH-Cha,2010,0.48350827258386,0.2015988238212505,0.7471683970783207,0.6629952296876802,549.4442376951282,455.9497612415632,818.7719757464444,626.1973008353731,grass/shrub
CH-Cha,2011,0.4553745322864346,0.191006333649086,0.5909723469699949,0.44100123759089394,505.98057459743575,442.89157792013276,655.088792994946,396.28537860684384,grass/shrub
CH-Cha,2012,0.4315470384530177,0.1901396079463877,0.4224829136759539,0.28659114189963314,484.5207791028682,180.44421499890706,485.99190422012555,132.90306828648892,grass/shrub
CH-Cha,2013,0.639825420981211,0.1465446527272667,0.7835048876015229,0.8149355223691809,755.5742435550846,526.7661435937825,882.229105012247,662.5840831239659,grass/shrub
CH-Cha,2014,0.5716181706952325,0.1322846337638948,0.5326494047654993,0.7994012059482718,690.7350027979877,554.2749152768915,584.0943271734312,770.4005627752689,grass/shrub
CH-Cha,2015,0.447671575622666,0.1508675238418742,0.4892927416199832,0.6416739502973031,547.1912286860232,344.5026857951311,567.243639171251,479.9895997187113,grass/shrub
CH-Cha,2016,0.4869211916493967,0.231985721261671,0.3529135520079439,0.5385104215296387,650.484638985032,522.2977068131028,424.18011470202913,510.91330343335727,grass/shrub
CH-Cha,2017,0.4884757931520809,0.1610139222210144,0.45514089354755716,0.5855456759629838,807.5342499093995,581.938260187255,753.5315331044171,682.2892855354133,grass/shrub
CH-Cha,2018,0.4458657132527938,0.1572568891987419,0.4359887758818083,0.582658097244143,455.50141531694345,376.5749038544516,416.6840055170441,494.66886004875533,grass/shrub
CH-Cha,2019,0.4070609040941177,0.1924100502654015,0.5454657268595842,0.5247408464231548,393.2611507021637,460.5503593395425,520.3434895016802,547.8926417594653,grass/shrub
CH-Cha,2020,0.5158273876021541,0.2180984364844745,0.6120259436265152,0.7214759108683478,559.5719491839965,462.8585123277003,634.6318199231264,646.9788979637885,grass/shrub
CH-Cha,2021,0.6217754315584124,0.2019684492516466,0.7215196037964051,0.5260662073108943,638.9268686979609,735.8756160928051,772.8218296737917,591.2435626404631,grass/shrub
CH-Cha,2022,0.4617288858502261,0.1887201837141684,0.4499356582880063,0.6545669357898126,531.4377164154241,542.9772124095709,489.4345556070925,755.6429904257193,grass/shrub
CH-Cha,2023,0.5757757592619027,0.1793432761890716,0.750946200513051,0.6644008425681384,623.2300164241865,532.9465642540542,795.1773227393244,608.5213220815416,grass/shrub
CH-Cha,2024,0.5595874251617956,0.189472891311325,0.7623995697129551,0.7197661894810962,787.52951511286,529.6664791556435,1073.7986267317633,681.214453063048,grass/shrub
CH-Dav,1997,0.6000506496329805,0.2003681611848655,0.4876211416261849,0.6584995383896844,479.9262640621878,246.68587648275636,395.85883604193197,263.8857384973791,evergreen
CH-Dav,1998,0.4800155088910443,0.307654957960401,0.46674486222473505,0.6979014701055999,403.9949818527554,226.91836561855064,348.1448524078747,326.4312138999669,evergreen
CH-Dav,1999,0.5650395363045209,0.1761266415398738,0.5576149326092805,0.5934430613461217,550.1294589185246,339.49245428533067,535.5351121319007,271.452369062088,evergreen
CH-Dav,2000,0.6173017815525046,0.193127330395361,0.5089789634966575,0.40592827950827454,567.1504409416463,379.12264982958226,450.9526840833557,245.9136493310207,evergreen
CH-Dav,2001,0.7571030818047547,0.254863493898152,0.7548500676335387,0.6381554179670108,673.9348010094376,358.19519677643063,640.1277419076208,278.9369435337178,evergreen
CH-Dav,2002,0.6537683441955084,0.28289926052884,0.6010680983669298,0.6723523122124455,548.058191632876,366.67746065593025,442.5019635510401,342.92872910900604,evergreen
CH-Dav,2003,0.657213254355386,0.2488953356446683,0.6205695866486746,0.784365013967076,572.6538599996895,371.95839105537794,545.8576330404068,424.11101478934347,evergreen
CH-Dav,2004,0.6519668936015841,0.2806795019327643,0.5277376037084932,0.7085363415495916,519.6739408802353,286.6644550079407,421.382005790682,284.08278848262677,evergreen
CH-Dav,2005,0.5479897125524965,0.2523503389761738,0.6321192409042823,0.6840363430604124,450.40762420196387,277.664090177475,513.3396779311222,336.2136745266243,evergreen
CH-Dav,2006,0.5917349467780906,0.218372823295998,0.559675640557243,0.7495517247709143,424.2145442842946,245.12749464368272,380.571803184884,298.40270584159407,evergreen
CH-Dav,2007,0.4731545726708305,0.2458380912141471,0.5735158708088718,0.6511797342816785,306.57727631868346,230.73666155882083,350.3980318723081,337.84350474447155,evergreen
CH-Dav,2008,0.7295447216563871,0.1340410222117314,,,-933723.8619958034,-678408.7434813259,,,evergreen
CH-Dav,2009,0.7439022863311602,0.229645175824052,0.6992032576829463,0.654533600351595,519.36855883598,408.4136059739854,457.4498392138129,348.6448931195169,evergreen
CH-Dav,2010,0.5600554416446003,0.0863764994820119,,,-722399.2725695622,-515199.48121240095,,,evergreen
CH-Dav,2011,0.5599527131960735,0.0869927525755993,,,-722266.7661229325,-515104.9804907736,,,evergreen
CH-Dav,2012,0.6790098416784631,0.2317306382427324,0.49412212824024776,0.8277774880600024,474.8067421366121,376.9666067649661,348.95453258726866,459.76764691879913,evergreen
CH-Dav,2013,0.6918767847814704,0.1996559591108099,0.6947741916882418,0.7391879131868172,508.00975321679283,336.0586436088301,498.62048969979406,396.6899680994386,evergreen
CH-Dav,2014,0.6358891316933405,0.2407842530262643,0.7351723735502594,0.7816089642796092,546.7256347927686,257.23859213614213,641.9826727704512,311.76991518139937,evergreen
CH-Dav,2015,0.778902157629107,0.2218793770206323,0.7068246372165747,0.7912956717537449,613.3484980145638,395.18613228556796,529.5419808848285,386.91863539523456,evergreen
CH-Dav,2016,0.6479633412587786,0.2520062226099919,0.6615470680095317,0.8063063142332518,515.5758891868456,317.5306374892916,536.3685334242006,394.0594014203247,evergreen
CH-Dav,2017,0.6208918654931863,0.1863675609953432,0.7127687353137555,0.40698414687484724,480.9304385586845,281.7135991428658,523.6384784213536,169.44850674338952,evergreen
CH-Dav,2018,0.4548509757919634,0.2797643507252761,0.3372723799684171,0.5602280943959821,322.7073018755918,255.96688583600303,247.46785633963557,288.5370535679133,evergreen
CH-Dav,2019,0.6999545090781133,0.298061286256269,0.5380553687283902,0.5888048803605832,543.8334845794047,271.08254140546467,423.3575807082978,227.8888635117057,evergreen
CH-Dav,2020,0.5594122558672701,0.2506020031423786,0.5416071270938634,0.5510038020868538,327.1897327640217,219.76637626151464,310.78628421858224,209.5727145761621,evergreen
CH-Dav,2021,0.6707979272957459,0.220416395934882,0.48278807806513546,0.8160446497341204,393.97791066468346,219.03582437773645,287.2669369928924,257.224623417758,evergreen
CH-Dav,2022,0.5320303749762364,0.187572142840511,0.46974619863995504,0.5314094346362751,353.054345976518,221.81889109120348,319.75658792978436,196.50616319453184,evergreen
CH-Dav,2023,0.5788542559967516,0.2005790337639324,0.4052948688685681,0.4672735927051734,408.97165686165096,222.48549862091866,294.6011220916059,163.5491650505856,evergreen
CH-Dav,2024,0.5724078415793578,0.2957253788529232,0.4590737046626068,0.5663061003857244,455.85948026989564,275.1469989937328,329.13672206860446,274.89524553294467,evergreen
CH-Dav,2025,0.3867315377133223,0.2425154773883213,0.49466023867058323,0.5610754059576111,295.37445627147093,180.92511417210724,383.6364621677645,253.87404577806393,evergreen
CH-Dav,2026,0.4590154896938656,0.2305218492965554,0.5420524065855492,0.5045399970513589,-302743.84033675445,187.7846727535562,-415595.24496971286,198.98313623951398,evergreen
CH-Fru,2005,0.5836816646482146,2.3328567744360847e-15,0.7606062071627732,0.6586627926534909,-46120.94026967789,-536933.4327632098,-51942.19648913055,-605909.1722642875,grass/shrub
CH-Fru,2006,0.5312765525200025,0.175181969818487,0.6089004708296818,0.6981821939276579,494.09858547544144,328.15136979665726,610.3960092196206,433.4709856901191,grass/shrub
CH-Fru,2007,0.4861535192735139,0.1870937075767012,0.6571569132027378,0.7598571196330272,479.875362867134,387.71500608691906,663.5501105098075,608.4737624426806,grass/shrub
CH-Fru,2008,0.6372386979866138,0.1730568506980185,0.6861402239487548,0.802664555197519,577.1593154653744,460.48813092550324,589.6813119641682,566.6678500240815,grass/shrub
CH-Fru,2009,0.4691255752309902,0.1047885748532788,0.7928046194471264,0.5245883581085254,-163712.51097001176,406.02386659237646,-289193.2002527105,450.27664459384056,grass/shrub
CH-Fru,2010,0.5476029713854724,0.1695664236542439,0.5493978214000884,0.66133682966518,431.970249044947,386.04049611641216,469.08502939896164,450.6553655030337,grass/shrub
CH-Fru,2011,0.4867393479444449,0.1826037581764381,0.435944435227221,0.7372913312517708,690.7753820611291,466.26784395567284,575.6423956520374,711.7760887800225,grass/shrub
CH-Fru,2012,0.4612273860543658,0.1975021288694454,0.40715814819826734,0.6870832237232386,552.9754814036235,398.3434597487592,458.56031311193107,582.3677244628109,grass/shrub
CH-Fru,2013,0.5392585244991343,0.233744798216498,0.6673824002871686,0.5996423655664255,561.192722996367,328.54719662883946,650.0895089114706,356.96230102387545,grass/shrub
CH-Fru,2014,0.4995175985607325,0.2338738881508551,0.7770342577780024,0.6094808393987132,475.2560422856129,436.22229103062944,713.6899662568485,517.5958577411545,grass/shrub
CH-Fru,2015,0.54702996765324,0.2378236013441153,0.6326389818865794,0.6224755281802186,495.90230667924465,435.7951413466138,552.7476782599734,471.2671432749178,grass/shrub
CH-Fru,2016,0.6230223612445649,0.1604283102899512,0.6806720985191063,0.5890664404844329,657.3297178782198,403.92138541770805,710.301637349984,362.9309146723849,grass/shrub
CH-Fru,2017,0.4622496110623534,0.19189710636423,0.4839877834335105,0.5018484603398148,454.45439018534114,374.00969004858024,487.6424128335812,414.5266804208367,grass/shrub
CH-Fru,2018,0.4952022776433433,0.2051732415717877,0.5341394923575388,0.7472882759256558,570.8632427447122,504.00951947954906,553.8079220549968,800.4705332938036,grass/shrub
CH-Fru,2019,0.5218730472641642,0.2342297796320041,0.46008142824284765,0.5866647794334195,650.2020730741377,564.9388409025481,574.8107507713966,549.2219106667347,grass/shrub
CH-Fru,2020,0.5192486657819602,0.2725095391828427,0.5875793086750729,0.682491918736095,703.5214532997331,421.27583627651694,766.1400625536028,502.5142278750984,grass/shrub
CH-Fru,2021,0.6952993602809876,0.1760392748945965,0.7783797672600461,0.7953104512531592,807.0677743236379,652.6573527673085,875.7789768951394,787.4460026960521,grass/shrub
CH-Fru,2022,0.4730578389439278,0.1661258114610171,0.5920707316040293,0.6903034722834922,575.1477037350313,402.4513636515313,788.5926668918514,588.2751337783222,grass/shrub
CH-Fru,2023,0.3537037198411398,0.1863134898707098,0.544065275005497,0.5691901428973882,546.3278900553823,346.0882587492464,815.7348937141943,521.7243856870382,grass/shrub
CH-Fru,2024,0.420289144109095,0.2316673503540451,0.6152365987681321,0.6971615764033698,657.6838571396218,388.03483926485285,947.39735248516,669.7358602951365,grass/shrub
CH-Lae,2004,0.5138166694142984,0.211239461857869,0.6752637252379291,0.744689163491812,242.80055082734955,150.5546592673335,328.2704155149229,213.92550996306565,deciduous
CH-Lae,2005,0.6178115377955027,0.1983263905327691,0.707621740991839,0.7182022694124148,466.75217350392245,296.8773402944341,525.9468312538055,344.5560447471248,deciduous
CH-Lae,2006,0.5248256062127327,0.254230906522928,0.3849630457146493,0.6393223359758897,379.9836628254063,251.5997916988489,249.63436732870576,305.12714885054197,deciduous
CH-Lae,2007,0.3344694859997471,0.2138965449814015,0.3487489500468941,0.4244471892961164,294.53663864748415,214.09343929570977,268.7970616150164,223.99966567272196,deciduous
CH-Lae,2008,0.5421474161773768,0.3002628181519663,0.5787449131162881,0.7388505465852373,487.9007511849029,249.145927926257,459.5527680064647,350.3846144363122,deciduous
CH-Lae,2009,0.3652395468637727,0.2724997320280217,0.4813807905405326,0.5234648694579933,302.8507253132968,168.31225744597592,373.31426529669375,214.61387195841937,deciduous
CH-Lae,2010,0.564529677873386,0.3137031502186083,0.47868824025222234,0.6494720930772439,499.5684591925355,218.58178431916855,372.3948761454258,241.26907841035538,deciduous
CH-Lae,2011,0.61784180347403,0.230483207140541,0.6102100142202498,0.7140805830124514,537.9303476355155,426.3214057848692,514.1106748746204,472.7157002721808,deciduous
CH-Lae,2012,0.631109090643716,0.0911772275651189,0.7875673851964844,0.7031779786234645,659.9326859120487,365.80184065473316,847.5475442555202,373.09801946186235,deciduous
CH-Lae,2013,0.6056332912158012,0.1643488232147779,0.5146393694093321,0.5746845083969486,633.8739865443363,229.29584672775462,514.4009422910917,200.56606400807863,deciduous
CH-Lae,2014,0.7641164922523335,0.1969318126699683,0.8760381904414496,0.7765963810545504,603.9919705526496,457.27287935809306,697.5048200776247,508.982075211876,deciduous
CH-Lae,2015,0.4721281540834138,0.1654978485545356,0.6047236285000815,0.5974528137970596,433.7507203054998,331.9618062755907,515.880848322875,402.2210824526642,deciduous
CH-Lae,2016,0.5414881739596812,0.2382510128507202,0.6044888543141935,0.6075094118054384,694.3869470877636,359.4766111275248,714.7157950738704,346.6544402386487,deciduous
CH-Lae,2017,0.4728457708317773,0.1778385071695904,0.5513632791237011,0.4005410137860957,539.9304156083568,301.98622789006066,623.5258246434171,250.7182094283778,deciduous
CH-Lae,2018,0.4472418354086143,0.2569274546621055,0.5037811831825193,0.7340513118037155,439.1111528179597,349.4019199496536,498.6317054852031,601.8061382833108,deciduous
CH-Lae,2019,0.4748687980491036,0.1969155234677074,0.5765164519318094,0.47439376852073545,623.5381342571052,322.92031898859284,710.4286501741212,380.4859943653919,deciduous
CH-Lae,2020,0.5195892711297913,0.2405769661610874,0.6562981337458348,0.6112878060462678,555.9242787572153,398.64463236569105,646.9947485564091,434.533805616223,deciduous
CH-Lae,2021,0.6855407677419533,0.2051758052195295,0.7333200652647737,0.732069007771472,905.4418724474954,457.28956259659464,955.5799997381026,468.638397011289,deciduous
CH-Lae,2022,0.4592757130448862,0.1696624596681931,0.35731255357871927,0.27385017257258737,479.9306464331776,316.34639260051694,355.2386982926217,191.44796474958295,deciduous
CH-Lae,2023,0.3879549817340212,0.2726051960448457,0.37030873780674534,0.6651386826315353,391.6889933436038,252.25673649586975,337.1625758373643,469.4169295140388,deciduous
CH-Lae,2024,0.2797124117473036,0.1681571632083851,0.4166503294313963,0.5232543473591204,346.4035337365017,180.72973922735073,466.0392989302383,355.5182781478244,deciduous
CH-Oe1,2002,0.7970623242705901,0.1066753898011728,0.7196005384264386,0.9494563483089853,867.8379675328382,763.9555913934263,765.7239858503988,906.5080462085394,grass/shrub
CH-Oe1,2003,0.6429098895094887,0.1879386460139835,0.6120013285531982,0.7099961886585714,535.6815785396492,565.1412719480054,500.9948852137868,643.9261928656348,grass/shrub
CH-Oe1,2004,0.7288682244530512,0.1236578257135325,0.8389400039396628,0.8162513586971202,771.1577200643501,722.0326066968407,870.2919313215707,808.0141532653545,grass/shrub
CH-Oe1,2005,0.697951034788222,0.1134543202165287,0.7058657057596327,0.7410192901912723,607.5158720462699,581.3812630568733,617.7835283917784,615.4615730425922,grass/shrub
CH-Oe1,2006,0.7183545423611065,0.1617816528642014,0.7486447897572118,0.7231430153834494,739.9941511521384,479.35615431348333,762.6572861450294,491.11165923617443,grass/shrub
CH-Oe1,2007,0.7283210253165519,0.1488555528861726,0.7763142417921933,0.6530886227691195,704.4374954582506,683.663576645121,750.995305221922,620.4574809036942,grass/shrub
CH-Oe1,2008,0.655590919658956,0.0744069362963408,0.7548823588311012,0.6298226114473401,701.4770065281797,110.00894348679005,795.0229007754797,115.58143916184606,grass/shrub
CH-Oe1,2009,0.6811399531181925,0.1720755403906629,0.9135487915133368,0.830619119626284,659.5103470955248,705.0559688670902,874.1405739873803,883.1436464299354,grass/shrub
CH-Oe1,2010,0.7152057975235638,0.1419074503086889,0.7867840563308741,0.8522484800694813,777.3315912649261,603.8631025215016,853.2030420556532,717.7255143104661,grass/shrub
CH-Oe1,2011,0.6275140621667871,0.1712633131582041,0.6613237130672096,0.7131321413651112,719.0635006029395,477.9772352473793,751.2589442897048,536.6972562173626,grass/shrub
CH-Oe3,2002,0.6781184155317374,0.1417727897639614,0.8224571430887643,0.7690492994237844,574.8361709523324,470.181825639651,739.9364981337142,546.1728035574577,grass/shrub
CH-Oe3,2003,0.4477920697728408,0.1872724018163342,0.5916241591712608,0.739542855592665,371.9513731621185,326.56845605091115,513.7044568544923,550.6494178623556,grass/shrub
CH-Oe3,2004,0.5221059524078177,0.1514550214792204,0.6482514866479911,0.661344846355056,650.6143652561682,448.7043400552074,743.8234484143816,578.8137139861209,grass/shrub
CH-Oe3,2005,0.5658818731251312,0.2569311010577881,0.6762660929270771,0.6788734812324148,644.2099348159849,500.17430193443283,766.2593528516868,627.452693648586,grass/shrub
CH-Oe3,2006,0.58661154480213,0.2499546094672749,0.7516642338944431,0.7835182701971481,554.0605980623766,471.67911649952424,725.9645033962316,638.4349304704299,grass/shrub
CH-Oe3,2007,0.3608408702799947,0.1546439577468048,0.6076689288985353,0.4239193736297098,309.59584562941046,287.93948958687986,505.6517509466815,320.65302930251306,grass/shrub
CH-Oe3,2008,0.3863923571045114,0.1532541685197027,0.6017153563252238,0.6190851487329184,372.6742174736541,289.7477307328939,582.0281995861013,469.83157024485604,grass/shrub
CH-Oe3,2009,0.5001579987559991,0.2446576243432658,0.7418257814083733,0.6392134349806433,497.0804900781195,415.40003891235045,742.5934938050602,538.6456750065705,grass/shrub
CH-Oe3,2010,0.4066600109139132,0.2121241616863843,0.6963009765661978,0.5958288375882116,438.78484639747734,135.64118963120887,736.3426709191374,200.39853533293663,grass/shrub
CH-Oe3,2011,0.3186321142144039,0.1363914966931529,0.48285584203269455,0.5171203876803434,320.3492258642265,211.40771241842197,468.1252477278378,329.3997952890128,grass/shrub
CH-Rtb,2009,0.6973015216140483,0.0918764859272899,0.9010586484479145,0.8885446351750883,512.1317253789326,-90290.02043742106,672.1379553199585,-112976.75482553622,grass/shrub
CH-Rtb,2010,0.7175551318881662,0.1551539664627663,0.8249584578085196,0.7618164497916062,563.5826267091009,378.6698615828831,659.8078693920337,409.7433706521102,grass/shrub
CH-Rtb,2011,0.6879897649627583,0.1366322644239684,0.60760771261454,0.8025764555753547,584.5532997910124,433.6720917378456,487.2427710453619,499.5193340145552,grass/shrub
CH-Rtb,2012,0.7745698094980653,0.1499750809175365,0.8693312499221323,0.8679911991114697,535.0585537270933,425.65229395448415,602.1985938136755,478.9816268889067,grass/shrub
CH-Rtb,2013,0.7136258160232346,0.1801501800632184,0.8879515827627423,0.8081684574763957,534.1080004209713,332.9230790771369,669.6749012075885,382.57337226937614,grass/shrub
CH-Rtb,2014,0.6944902096617811,0.1194391617628023,0.7412879141740012,0.8703854271340308,516.4068181489894,427.64228732375574,554.676146044845,533.9493885392716,grass/shrub
CH-Rtb,2015,0.7782937270384372,0.1436420193727578,0.8251610352330626,0.8882447106342602,496.952754586032,498.76227582699045,534.3064614649851,578.1009253897686,grass/shrub
CH-Rtb,2016,0.6806965642757228,0.1528189421166705,0.771117029524129,0.8290943024502575,479.1604545395572,418.8600212634269,533.3958155713364,516.7265662647486,grass/shrub
CH-Rtb,2017,0.7594405961470323,0.1484729258450983,0.8887849950352863,0.803907900317819,536.3802833069905,535.6841906887305,621.0044423926852,574.3278189904727,grass/shrub
CH-Rtb,2018,0.5574814432276888,0.1886501940825126,0.520637628596178,0.7822272434556032,537.221762020109,297.28518104516525,493.0629593700273,425.25562210151435,grass/shrub
CH-Rtb,2019,0.7396630096035262,0.1378081938408385,0.7528341116990466,0.8447176423979397,577.1348631115325,404.1683514677042,602.7421611950012,463.2145048238652,grass/shrub
CH-Rtb,2020,0.6087798978265522,0.1451583011515009,0.7240111434108809,0.6528610065001609,438.68545816281573,358.42853092411065,495.3907506952051,403.0717577742202,grass/shrub
CH-Rtb,2021,0.6627393330440716,0.1402838069607881,0.7616705456862817,0.5648452318418954,413.5352276042547,386.4188433892155,476.2126134904893,348.7589768169925,grass/shrub
CH-Rtb,2022,0.7263921223272274,0.1314961313075834,0.8081432547136419,0.8262890840754445,539.1724871785367,476.59680583951126,612.0486937445542,542.6220516134841,grass/shrub
CN-Aro,2013,0.6795259987037109,2.5296686005385476e-16,0.4523773762355838,0.556240549288613,-658957.5951994973,86.9265367503351,-451141.17306833045,56.69254320932699,grass/shrub
CN-Aro,2014,0.6795259987037108,2.2403409359891383e-16,0.6027849250617158,0.6933589317910928,440.5504420397572,72.77222721075974,426.44957965582347,71.28180370460635,grass/shrub
CN-Aro,2015,0.6063994992506616,0.1541646939945585,0.6020938325080843,0.5380728319737332,354.88162177319055,85.3876530637601,356.0197286355172,84.09124862338709,grass/shrub
CN-Aro,2016,0.2786012753998148,0.1515198291172897,,,-356573.97154851176,-259073.2762032156,,,grass/shrub
CN-Aro,2017,0.3242319184805801,0.1443484764439172,0.3712349085252005,0.41706814775823736,217.96176506704796,43.61316868312213,237.31969005369083,51.60355243185332,grass/shrub
CN-Aro,2018,0.3844098084333504,0.0993689785458128,,,-495839.06401373417,-353621.65805630654,,,grass/shrub
CN-Aro,2019,0.3829283811649595,0.1019021468794355,0.42937189951379645,0.5301467385205025,180.60665036785156,40.120581196389146,200.53846213906775,46.588000171454475,grass/shrub
CN-Aro,2020,0.4474205659035283,0.1318179738459582,0.6043222749857298,0.5501827642615704,296.46815634353754,55.92966465276685,398.8467298495683,70.42646329862876,grass/shrub
CN-Aro,2021,0.8062877986821866,0.1555890916796623,0.7418208612182655,0.6664092204746124,433.8230883999339,76.68070088847838,367.9829658974422,53.48013169725787,grass/shrub
CN-Aro,2022,0.8706133285250659,0.0921947529996054,0.8796264372800986,0.7435060691162877,483.7587156035155,75.90026301320245,495.80796009673344,66.91899292054441,grass/shrub
CN-Aro,2023,0.6346660091076763,0.2047545927553612,0.5458711390536303,0.5455833215189104,453.5051606911616,66.95491550622636,376.14604024592813,55.78012073730903,grass/shrub
CN-Aro,2024,0.6993164407356757,0.0615251475024444,0.6390263142408742,0.6246721853063297,374.76940484497425,71.43533047221439,320.55549491869897,59.87134585565054,grass/shrub
CN-Dsh,2013,0.5623232626970784,1.5381898607906152e-15,0.5472975098951592,0.6131603613850904,-202310.91301000386,-517285.667941144,-220607.4601102352,-564051.1217210359,grass/shrub
CN-Dsh,2014,0.3966714065035544,0.2011452773803242,0.4296049599874452,0.4752218367936017,141.5924212298339,36.50425750931638,159.57721242526281,49.58972293531931,grass/shrub
CN-Dsh,2015,0.6975638652380105,0.1582455429087992,0.6128867222116431,0.6162078457423008,237.608671673928,70.07453779928997,215.98964090649093,65.86518148039706,grass/shrub
CN-Dsh,2016,0.6914622316426078,0.064229026203093,0.57070734135551,0.5907483325655195,250.43738812582416,44.33700559707581,219.21715240961606,36.10845999731203,grass/shrub
CN-Dsh,2017,0.6873360511301765,0.0634911673115073,,,-886574.8396073319,-632285.9321230584,,,grass/shrub
CN-Dsh,2018,0.3438383708228122,0.1264491774551033,0.3318683637920235,0.4366397973444291,133.06163530938082,26.60564029954342,119.33278457601237,31.27369110361879,grass/shrub
CN-Dsh,2019,0.2013985658822399,0.1153160846270648,0.21667135073470123,0.26900904924561014,50.04161543481003,9.623860149983894,49.879624438178936,12.885362907262028,grass/shrub
CN-Dsh,2020,0.3108404194726086,0.1070743693401405,0.2836787658904868,0.3833581773886757,130.95347416519922,35.90274319038484,106.945399977006,41.79346604853832,grass/shrub
CN-Dsh,2021,0.46316867242942,0.1901900635469202,0.5389327548711079,0.5283211279092054,158.2138450354677,32.59724351532102,180.79609080986674,36.44320066796265,grass/shrub
CN-Dsh,2022,,,0.5867752747702509,0.5842076582750031,,,-296002.60183865007,37.20544017511981,grass/shrub
CN-Dsh,2023,0.6794411372925094,0.0881642478100281,0.5722898514892526,0.55805549897828,307.86387974182895,-1.4555101373861814,254.21320283740792,-1.1954757982769935,grass/shrub
CN-Dsh,2024,0.6800195194370147,0.0932459307069755,,,-870337.9423808908,-632354.911261116,,,grass/shrub
CN-HaM,2001,0.6579145342718392,5.579133058710015e-16,0.6591866865982664,0.6630316222748593,-216808.43854723262,-605220.8433929391,-218494.65024991662,-609928.0935836213,grass/shrub
CN-HaM,2002,0.6088574638306458,0.0813419911181976,,,327.125656521968,47.72222158454351,,,grass/shrub
CN-HaM,2003,0.4715237915213157,0.0658529228873464,0.5801936315109114,0.5002362836744318,299.968106220113,39.52818690911386,369.100325401991,46.19519807192986,grass/shrub
CN-HaM,2004,0.5410226021461969,0.1003068521717239,0.642677622274209,0.6125131318042256,322.2795055231994,77.24382381171989,390.40130645469026,89.87592437975553,grass/shrub
CN-HaM,2005,0.7199979161409517,0.0677928814308276,0.7048601380022013,0.7014330694764744,558.5997416687568,135.81787042017035,548.491857473381,137.5800051409223,grass/shrub
CN-HaM,2006,0.5253492708789945,0.1103311486859308,0.6058933082295612,0.5963847656867807,387.3275051754981,150.53690974134594,443.2056508951944,170.04790968631033,grass/shrub
CN-HaM,2007,0.5119702468164287,0.0872562903513193,,,-660375.5742313537,-470965.5258084073,,,grass/shrub
CN-HaM,2008,0.4112242417062588,0.1088415567473836,0.5437240769269934,0.5029179960653569,270.21277881720187,67.08286691713886,397.64110428403626,98.07397748640794,grass/shrub
CN-HaM,2009,0.2344474061972111,0.1209323266386357,0.42290032174440106,0.47795010899607204,165.3997676991162,-60911.91278320056,307.1876677876281,-124436.48322682008,grass/shrub
CN-HaM,2010,0.2284962752223932,0.1223198793236546,0.4834812786467929,0.37635540099060877,-139275.57575014487,19.55924312811681,-294696.85395269457,37.61483085223351,grass/shrub
CN-HaM,2011,0.2304212244725919,0.1214732482921314,,,-297213.65523168666,-211966.3277621331,,,grass/shrub
CN-HaM,2012,0.2300722780040082,0.1218229596716089,,,-294463.066593546,-213945.82182187328,,,grass/shrub
CN-HaM,2013,0.4123354583376037,0.0954074377932853,0.45921345639682465,0.45406754541661626,369.9962782675342,87.94331173568226,408.8881522431246,97.69755516022276,grass/shrub
CN-HaM,2014,0.3341115507306413,0.2295940446127925,0.36271017334711914,0.35285903092215026,302.8086067997555,62.654269980760944,314.0641047732965,55.85087343524993,grass/shrub
CN-HeM,2013,0.5282435563438808,1.1107208480398237e-15,0.5013180484750208,0.5213849963937855,-31488.12267615889,-485935.47342918674,-31299.061668652208,-479626.22926261445,deciduous
CN-HeM,2014,0.5384414524060552,0.2357284254106682,0.4874724635775928,0.7196663940808274,280.7266331397619,103.38085885054032,234.36049268847225,144.65992505701348,deciduous
CN-HeM,2015,0.508464296983596,0.2795515751684747,0.4157854344507893,0.7701933092208197,325.33914300245107,158.65323057829897,231.79817753166,249.2346649781683,deciduous
CN-HeM,2016,0.4671697762736086,0.1842803365238173,0.32853123771795756,0.512867067922623,223.53374488254067,94.75893278407644,145.95655654112073,94.5380520342488,deciduous
CN-HeM,2017,0.5803550439106646,0.2260673406352773,0.7340849738507439,0.5612809568126552,236.19551085059015,90.64403734059401,314.7358349480807,94.27381958658518,deciduous
CN-HeM,2018,0.5324377032125025,0.2302441705667534,0.38235303338581056,0.7414829260979794,301.5775698665393,160.71010769913508,203.03013865615097,222.2007287076219,deciduous
CN-HeM,2019,0.5146521280060785,0.2675248218004279,0.4496358298072029,0.5914242837329025,330.0096465448383,149.7642937832177,288.1084389523921,175.0401550206461,deciduous
CN-HeM,2020,0.6472215782361133,0.2510812276089639,0.36393407786054505,0.729185652967106,415.87890765840984,282.0074184301182,181.47078410456805,296.8284023574237,deciduous
CN-HeM,2021,0.523936793960317,0.2204037061999194,0.47355389673056486,0.6294589526643442,270.83130151763004,136.67674293993443,231.19285658249134,163.3153541648004,deciduous
CN-HeM,2022,0.5723373851088173,0.2082521497921273,0.578261851655125,0.6113519664807723,286.78714871430833,154.9590970333632,273.6626559967119,140.33602098589893,deciduous
CN-HeM,2023,0.5320371330351725,0.2607348848828293,0.4814854681225584,0.5357278412632125,282.97096251824416,157.53566411865583,244.65892484824536,158.33310456237922,deciduous
CN-HeM,2024,0.4572451481862031,0.2264780474544664,0.43042252647558293,0.49795352924844366,211.98411907772118,116.56949371929124,185.86934609953175,106.78549980417775,deciduous
CN-Huz,2015,0.4995485662640211,0.0658971353960679,0.40455072590260727,0.47332614998050493,-644353.2087155391,-459538.7224948031,-521818.249370722,-435416.5119762664,grass/shrub
CN-Huz,2016,0.3653357418187223,0.1932019517284509,0.43229542909466223,0.3483715855785025,-467582.9865530118,-339728.26366742264,-553282.8154262436,-323953.17603054846,grass/shrub
CN-Huz,2017,0.4337178242169936,0.2015129982411756,0.40611044819065745,0.3699887462317125,-559440.0436405978,-398980.4962398062,-523830.0899181316,-340355.60756852216,grass/shrub
CN-Huz,2018,0.5423954016694411,0.1830906442135784,0.517185351570958,0.5348534268257802,-699620.0991467637,-498953.86915893224,-667102.3866161832,-492015.9461644498,grass/shrub
CN-Huz,2019,0.391075636988036,0.1667061851467562,0.32760259032611244,0.4481250745943281,-504437.122957395,-359753.6070703902,-422565.080786533,-412233.84111991915,grass/shrub
CN-Huz,2020,0.4247212897555283,0.1957005475444594,0.4685769451601664,0.5093267313596904,-543588.8865619876,-394951.3003926941,-599718.5119560325,-473626.4927784957,grass/shrub
CN-Huz,2021,0.484105726011114,0.2144617424950154,0.4536683237072047,0.5465393393387271,-624433.9369156816,-445332.73020343186,-585173.6143685359,-502765.91057240975,grass/shrub
CN-Huz,2022,0.4177912868818766,0.2148788436393076,0.3632979147892542,0.4786777470894013,-538896.865001613,-384329.54713293334,-468607.4446471302,-440339.488969517,grass/shrub
CN-Huz,2023,0.4763120839405597,0.2124349374226761,0.49724749651220046,0.4770591670798581,-614381.1440244936,-438163.29651359236,-641385.1255736885,-438850.54427009815,grass/shrub
CN-Huz,2024,0.6076335610676825,0.2259470190123135,0.5333142337732375,0.4931676563049063,-777693.1810708169,-565042.7018717654,-682573.955007821,-458600.05577152653,grass/shrub
CN-Sdq,2013,0.5810457972733265,0.0271323840596799,0.700391292707086,0.5528855090709518,-28837.241382973552,-534508.6772781112,-27521.71187626447,-508603.8028784411,grass/shrub
CN-Sdq,2014,0.4982638352246635,0.1497820890723312,0.5432860932464779,0.6501228594677483,233.50804026296063,58.851662631498264,235.95438672522695,80.28360374514816,grass/shrub
CN-Sdq,2015,0.5332274976799365,0.1856967666810995,0.561987287920005,0.65740156799144,253.21576755453512,90.5983182003908,289.14295901577395,130.31216004667533,grass/shrub
CN-Sdq,2016,0.4173382725265628,0.1445433709741056,0.4052041596887275,0.4573900551982015,-87475.1099220359,-37534.79358164949,-100576.7945471503,-37696.5836139603,grass/shrub
CN-Sdq,2017,0.4694654788442188,0.1897202066384416,0.35127056688819125,0.5614943848869608,252.17883808896724,93.567017253341,172.77349828822474,131.78798683289358,grass/shrub
CN-Sdq,2018,0.2766385677720541,0.1486224380539692,0.40281825875152233,0.5120314145406932,130.22795470292002,68.57304507517412,186.6338701877951,120.9369379071129,grass/shrub
CN-Sdq,2019,0.4953542362987616,0.1809500743693869,0.677077586973042,0.6488223076428885,249.31588866224328,48.6070938828237,347.81549567248635,69.33478599726119,grass/shrub
CN-Sdq,2020,0.521171217650302,0.2163299955930287,0.7446015008352785,0.7397285121742561,385.7604806101275,261.9828792830958,551.9466875655393,374.8797103523622,grass/shrub
CN-Sdq,2021,0.5137070946141958,0.2195031567514488,0.5216945897865947,0.7214143859277169,285.2599057765602,126.03064958298658,279.8555166054235,177.3272742492537,grass/shrub
CN-Sdq,2022,0.5580417972321894,0.2385643796756526,0.6137299894423653,0.514846245360054,307.7810781884722,167.143747177184,332.5101537607189,132.7614650720332,grass/shrub
CN-Sdq,2023,0.5129413143406323,0.265833793637135,0.5091102220453537,0.6662615062316466,264.78378779533483,137.3816251705884,269.23006643500605,170.41560681867963,grass/shrub
CN-Sdq,2024,0.5869168366203409,0.1950718618228942,0.6515607815550676,0.6145495616786459,284.9249573978004,165.89498960634234,323.19673472389616,176.4812243078224,grass/shrub
CN-Xi2,2011,0.553542618650401,0.1873176005340495,0.601941590178702,0.5414023011006127,189.4940750924877,107.32649955595974,208.22689630982586,103.42690563544079,grass/shrub
CN-Xi2,2012,0.3545920208343698,0.1107897616856046,,,-453832.3988893266,-329737.60231802636,,,grass/shrub
CN-Xi2,2013,0.4852699446624122,0.1939308961500908,0.4229210726912811,0.6061221008662234,241.16283704574056,114.77763511481268,166.24321072087372,157.11977065526196,grass/shrub
CN-Xi2,2014,0.4857488966873363,0.1887008538553814,0.5453155856272598,0.616975285252336,177.77662974127412,77.19707459407691,192.78824424896249,90.00467781084647,grass/shrub
CN-Xi2,2015,0.5902926925849776,0.1715148341328542,0.6379905399914023,0.7562180524238874,161.14335380315532,81.11216121208784,176.08259895927623,117.15618629940123,grass/shrub
CN-Xi2,2016,0.495671443500324,0.1503488372343782,,,-634396.0017356467,-460928.3450110558,,,grass/shrub
CN-Xi2,2017,0.5243899857729539,0.2023233898745371,0.44525886817869464,0.6792208290656775,89.86735973243698,-104831.98632001875,72.45387715030184,-140691.3898634766,grass/shrub
CN-Xi2,2018,0.4945114120161424,0.1740281656655589,0.5598315966755048,0.5462205468489273,124.29314383328924,44.44039552685003,189.66874347621572,48.175688546830486,grass/shrub
CN-Xi2,2019,0.5391842510220026,0.1792102940359433,0.6315272096459427,0.644207038672618,158.20489053907667,102.77825273118007,188.12792864304657,129.4649246243451,grass/shrub
CN-Xi2,2020,0.4342374307630971,0.1544188295250129,0.5409985836234008,0.5302654997222229,180.1624614358238,69.0978901645993,225.2296786900472,90.22477779523973,grass/shrub
CN-YaS,2011,0.4974921452904094,0.1543976779160777,0.5860274975706816,0.6227534260604636,114.5998323311612,-283488.510872213,126.11621756692519,-336300.86922119645,grass/shrub
CN-YaS,2012,0.3114466443981207,0.1919299970729895,0.45633503657867736,0.4541259883052149,111.62670028848251,45.991658027110404,160.48975288797072,76.23143192617263,grass/shrub
CN-YaS,2013,0.4157561935031615,0.1523974099076321,0.41845589413716666,0.5030265766875387,125.67437231968012,39.21856890427121,119.24651121818587,57.53994739585825,grass/shrub
CN-YaS,2014,0.5087535456101258,0.182236721714848,0.5252946918537398,0.6283946291405192,112.21974322566878,33.73336539459729,112.00414670890795,45.3431661607227,grass/shrub
CN-YaS,2015,0.4802762924036734,0.2120088817338699,0.6530693263420472,0.5643853236632953,117.35772804365075,58.6296517382794,159.7961263883275,73.57552434061667,grass/shrub
CN-YaS,2016,0.4916539435542741,0.2125790537699942,0.41068598632923997,0.6097241532515337,150.97696869652958,81.40593445538794,122.06940085148076,102.31477028265637,grass/shrub
CN-YaS,2017,0.380681637771738,0.1682052512614383,0.4253977398136194,0.44696642851232427,113.2297118389369,48.400191497734205,128.27433954178719,54.55217817136114,grass/shrub
CN-YaS,2018,0.4601626504950113,0.1675218658687801,0.5545621076947285,0.5370582949192001,122.46227923961509,54.383781279510195,142.75408321803528,67.32833440618434,grass/shrub
CN-YaS,2019,0.4174070057191691,0.1943931454806468,0.4620474716350583,0.5157029419827781,122.4872106510213,27.08785457198635,134.10616954594641,35.108645099583995,grass/shrub
CN-YaS,2020,0.6222445160771892,0.1936801562409525,0.6823087837568973,0.7057506706717674,103.34397885843622,28.131881331257524,117.77852675659217,34.12031995908343,grass/shrub
CN-You,2015,0.4027601808154715,7.778596009359589e-16,0.4625644752944207,0.4331592759172612,-519508.677188633,-370502.31241359876,-596648.5023124898,-398466.68319049594,grass/shrub
CN-You,2016,,,0.45866385504041357,0.4459302211052007,,,-587031.0254782842,-414673.63411727385,grass/shrub
CN-You,2017,0.4027601808154715,7.908809911297642e-16,0.26003216917473393,0.4314791756091502,-519508.677188633,-370502.31241359876,-335407.9540855833,-396921.1454762622,grass/shrub
CN-You,2018,0.4027601808154715,7.847714150606997e-16,0.35166428243817954,0.30514416791392135,-519508.677188633,-370502.31241359876,-453601.55965281714,-280704.56121735956,grass/shrub
CN-You,2019,0.3678749248529433,0.1433261340464957,0.1683611564608132,0.3235103719604703,-474511.19719499093,-338411.08637162147,-217164.17324526559,-297599.7792494123,grass/shrub
CN-You,2020,0.3750717728985708,0.141416106884317,0.4780659121921803,0.4701317793501195,-480043.8601232397,-348781.86712079134,-611863.1751692302,-437178.8325401316,grass/shrub
CN-You,2021,0.4806389702844146,0.203165235216201,0.39503455976890595,0.5555658284188616,-619962.2692397282,-442143.63387639535,-509543.6226436785,-511069.4500891381,grass/shrub
CN-You,2022,,,0.45176875432548996,0.4548463258839514,,,-582723.4149105741,-418416.773951254,grass/shrub
CN-You,2023,0.4131841011641697,0.2334891881406752,0.33502707837991996,0.274976730953899,-532954.1897527288,-380091.36013372906,-432141.71261698584,-252953.29461833934,grass/shrub
CN-You,2024,0.4504064535013816,0.1859547868868124,0.46981464414723106,0.5036516785278123,-576462.6084557202,-418836.1139561092,-601302.6082340049,-468349.2214247624,grass/shrub
CZ-BK1,2004,0.7287990768539653,0.2123014400892691,0.7968040855546547,0.7028877842909258,638.0947238958125,480.28283835898395,725.5937253676417,445.26026586847945,evergreen
CZ-BK1,2005,0.7754303007163456,0.1695320427477072,0.9359553641133866,0.9058633456202739,702.6979780408451,450.36589572365335,852.245978015871,525.9220816635866,evergreen
CZ-BK1,2006,0.7476899680340325,0.200167244473255,0.587572308871255,0.8321009015924851,652.745886835994,395.41004125909603,485.29666919161565,437.8417333492231,evergreen
CZ-BK1,2007,0.7870662353879228,0.2119343200339912,0.8560257539114745,0.8491354360634725,743.2698127244953,563.1105127927781,803.5686033742917,605.7431669199734,evergreen
CZ-BK1,2008,0.6794274638248418,0.2714334306343468,0.7286561951220523,0.7597950525584806,654.2246741321838,515.7044472703632,662.585363524119,533.0288759736193,evergreen
CZ-BK1,2009,0.6514159250305013,0.2092508938028844,0.7756545266103961,0.8807489936129703,641.0958133238431,462.8817403619701,761.8361799604122,624.7096436422457,evergreen
CZ-BK1,2010,0.6561672138167507,0.212298437969834,0.6385936619527585,0.8580649366847178,651.6961501330198,435.71640134047647,644.9788477343362,565.4787241634808,evergreen
CZ-BK1,2011,0.7292599858015842,0.1790917246594945,0.8360676691604111,0.8911543830850526,768.0055951005819,568.5272709011894,873.8600003380811,689.8334354904326,evergreen
CZ-BK1,2012,0.6918693818069676,0.196625122299329,0.7696773533670508,0.8775082773949264,636.6161664632635,473.0382807130844,671.8078592388249,599.3948018018987,evergreen
CZ-BK1,2013,0.6253083867266668,0.151804037149845,0.715857384578928,0.778353898527582,670.6836990904294,399.7221936610063,765.9708535934391,476.87931827064097,evergreen
CZ-BK1,2014,0.5934012027235451,0.203908514045828,0.7278154977607832,0.492337006839133,620.3634562716579,506.81729266945166,754.6857379458235,408.86296294244426,evergreen
CZ-BK1,2015,0.7116211328204384,0.237696688817736,0.8434471985374377,0.8155445229049071,659.8432312136894,568.1548105562434,753.5023565218671,625.3860408351555,evergreen
CZ-BK1,2016,0.6242414138098032,0.2636420610172853,0.7640875559804798,0.8035514986395698,642.7179902116578,473.9312039589342,761.1565340614158,605.4203713765232,evergreen
CZ-BK1,2017,0.6616653759299788,0.20218724573019,0.681587313758083,0.6351937857654599,756.6916564334738,499.2384758158583,656.5229354717588,474.9874887587648,evergreen
CZ-BK1,2018,0.5634161692420484,0.2172917284757226,0.6344857790305302,0.7576447153822509,670.0984011302442,502.98646375252105,722.0048905298913,679.2830585782573,evergreen
CZ-BK1,2019,0.537825572040162,0.2004135029882595,0.5639477211034482,0.4485883676293485,581.3197327374172,408.6354056838672,610.8260040986182,313.8123220077344,evergreen
CZ-BK1,2020,0.4378919208470265,0.2257569855987014,0.5263034293692702,0.5479170912397563,527.8469480906118,288.62571419647185,551.2916269423583,339.73666183440275,evergreen
CZ-BK1,2021,0.4744101185105157,0.3515291164506793,0.44393163241258865,0.6138023043353179,628.1634870888367,333.17678560296065,518.6281745335255,403.2968776286688,evergreen
CZ-BK1,2022,0.4431218856121887,0.1853470411223222,0.535010520801081,0.6166679228357246,506.04813525531813,313.3477416858742,585.8745522997415,424.43003069452453,evergreen
CZ-BK1,2023,0.4714956648583116,0.2381141656343386,0.49815708759416666,0.7376896833897904,524.8156361731855,394.25997414274156,485.4295386872789,633.6303897524427,evergreen
CZ-BK1,2024,0.5036397508439745,0.2783675339363483,0.4067708578584974,0.4385717557876495,589.7074932525326,463.61523795173343,474.1578661171433,367.4481450430637,evergreen
CZ-BK1,2025,0.5315924259915399,0.2890937670413863,0.48762491701670896,0.5126039319223353,668.2354942804576,504.067819415899,487.88153764079993,470.7718671320765,evergreen
CZ-BK1,2026,0.4089345863084677,0.244889381728448,0.4360045151713745,0.4982930774177207,-269531.03623360966,349.50967212259434,-253948.22440306336,407.66158318684955,evergreen
CZ-Lnz,2015,0.6452371393206692,0.138888679205043,0.7295088802225217,0.7127970351986347,690.5615634321567,425.01999361713223,779.8403113477873,514.8521221097848,deciduous
CZ-Lnz,2016,0.5541331030974519,0.1904554633676755,0.5408275503895542,0.6087474240577707,649.1683909735247,393.6725958517861,559.2196540498529,453.3551016994546,deciduous
CZ-Lnz,2017,0.5197375415717314,0.2080129523375807,0.6352273820805907,0.7248981466105582,522.953854709479,333.1787513062335,572.0548857569096,492.29795416760123,deciduous
CZ-Lnz,2018,0.5221702995591836,0.2244103336617786,0.6708940527865747,0.6508379884687402,605.7409981568062,425.8589919034426,731.4828546183188,538.0491324155665,deciduous
CZ-Lnz,2019,0.5560425554855059,0.1833492242236456,0.6110222687096181,0.5357513803726353,747.9522561654212,377.6158627125395,747.9325773809917,307.1124119533557,deciduous
CZ-Lnz,2020,0.5402839494108126,0.1671861031655617,0.6977615568439473,0.6980955293066627,761.085810729113,399.0108835972564,992.9010651971263,554.5869001906051,deciduous
CZ-Lnz,2021,0.5769045266261795,0.1131606781857317,0.6100163675754504,0.6553957742119912,810.5783430645262,347.9553625171954,826.2675552037133,420.59792217375895,deciduous
CZ-Lnz,2022,0.4989199449986585,0.1926889317862117,0.6015973564248047,0.7139875975538518,547.2761726054686,-209217.84535498338,625.0300210079828,-376200.34847523604,deciduous
CZ-Lnz,2023,0.4488202722767806,0.2158441534553778,0.47289677921374584,0.5383290415184465,588.4789555957892,302.52604648494076,565.9294807651538,365.60147893953973,deciduous
CZ-Lnz,2024,0.5641688668241103,0.2042435839005087,0.5903929492209492,0.6568171980196824,658.5276866524255,524.2967799692859,602.7945953533916,625.6957287668413,deciduous
CZ-Lnz,2025,0.5994339712447831,0.1678118169762621,0.6054086492166764,0.7563595580666028,688.9985808856836,448.9962627707587,585.9252713085708,637.4086922297776,deciduous
CZ-Lnz,2026,0.582508353764269,0.1313938209382023,0.6360051253875444,0.6411828136652269,-384107.9932179222,375.7060883062313,-378436.3823563282,420.531846278948,deciduous
CZ-RAJ,2012,0.5007127155324975,0.2497523400788576,0.5599123531266751,0.6829792899151922,457.46921514308406,352.3434759447857,479.09980053576805,467.35269336574754,evergreen
CZ-RAJ,2013,0.5094368295975433,0.1740710296659419,0.6565506325859708,0.6871395627763368,487.8605751380741,313.94856844557876,575.9248434718564,406.62806034798894,evergreen
CZ-RAJ,2014,0.6500773548131363,0.214525798954796,0.8810514574754643,0.7792694560109001,592.9037938456602,455.4868366061723,793.8621065081879,543.6443066924453,evergreen
CZ-RAJ,2015,0.5856040914475167,0.2353546818185729,0.7511100888691075,0.6924382379171063,381.4263499723064,395.8028015844428,478.75722969164667,459.2786431218423,evergreen
CZ-RAJ,2016,0.5029216943000828,0.2578374279531922,0.5305217088118812,0.6396250047166672,428.9978173411573,331.10606641395873,453.19074977141787,413.31484482716,evergreen
CZ-RAJ,2017,0.5127289323675752,0.2428767532079511,0.6661952688917628,0.6713706886744307,417.32310547068306,310.40496252438953,526.2147523626834,380.76761496366765,evergreen
CZ-RAJ,2018,0.4521394494664491,0.2506057696953925,0.4688523867047567,0.43556780807339945,275.4896516945862,278.38970125183096,258.89878502377377,246.37675003128643,evergreen
CZ-RAJ,2019,0.4872405396857333,0.2412774761252014,0.4880482910992865,0.5338174507959725,437.3039545017954,323.7807423635857,415.13732110549364,320.8917757266122,evergreen
CZ-RAJ,2020,0.5170126517939261,0.3136866937586641,0.5142832359331574,0.5926067236510186,399.18137784598935,294.86444340086183,356.4462804022184,341.99233597760843,evergreen
CZ-RAJ,2021,0.4959421843705106,0.2853340729349657,0.4326445738933837,0.5499292710541437,440.1984018733895,250.49232090707244,373.82102362595674,248.40999713636484,evergreen
CZ-RAJ,2022,0.3490694606788672,0.199284282415962,0.317699740602213,0.40217239492002693,274.81805094977057,167.13261887512277,236.04714479604917,164.41837644851597,evergreen
CZ-RAJ,2023,0.5467829432707813,0.2565398265373851,0.31778092322428025,0.5551292373745172,439.765929474292,290.45892666327194,244.03530969629293,278.587061154892,evergreen
CZ-RAJ,2024,0.2868023366734177,0.1724557922441143,0.31994599007396535,0.3243533731769055,248.56473371646987,233.86875231401274,237.54421107942161,207.66377572492343,evergreen
CZ-Stn,2010,0.6119329015292391,0.1851404201663436,0.6958151890806504,0.6871356166125708,669.5816021705657,296.73381165432204,657.2015977732159,373.0046612108592,deciduous
CZ-Stn,2011,0.5634430673671292,0.2186051924245323,0.6857181813978321,0.7012873389373406,552.9844403059418,392.84873688398386,631.8948679403219,545.0289633610602,deciduous
CZ-Stn,2012,0.6948324822898054,0.1625522409038185,0.8744316295331569,0.7121174399433062,617.7580498084128,347.740289544319,778.7308665571095,433.48000682829553,deciduous
CZ-Stn,2013,0.7886977215877683,0.1884939999740047,0.6546890856101224,0.6766130942101344,711.5963597784197,370.0636932762713,572.8189847987517,338.21097932374994,deciduous
CZ-Stn,2014,0.4908709612294044,0.2300156959833281,0.7840636811852777,0.42199545791689486,451.1235584032934,295.70423665822324,726.6558373860078,226.433125763804,deciduous
CZ-Stn,2015,0.6150932348107943,0.2101992435718445,0.7035952554286949,0.647085336059463,609.387061741559,378.17251408099776,714.3340758739093,365.37297020164226,deciduous
CZ-Stn,2016,0.5875845100658215,0.1933245142514466,0.6444805174573266,0.7440773716761482,606.4102086263524,330.0153310439299,656.9623917842581,494.00193960130645,deciduous
CZ-Stn,2017,0.5591853270334193,0.2442577476706964,0.46531916807344703,0.5284181934335939,498.3482846304758,323.9502170690584,358.9804487858307,344.87039518537995,deciduous
CZ-Stn,2018,0.4962477465325443,0.1452109364905555,0.7153671575336386,0.5590778731179684,490.97539311686955,357.30112205121884,728.3635131430331,417.4604717324726,deciduous
CZ-Stn,2019,0.6800500517721815,0.1946206069878255,0.7269420707581975,0.6747022734501672,722.0862290802938,397.7106415428992,778.2170368199321,396.79952849289725,deciduous
CZ-Stn,2020,0.5892735442204836,0.1841377252070712,0.7498970785619217,0.7201945003305988,568.0378174911228,347.3945459005316,733.6459623955228,425.76272977419757,deciduous
CZ-Stn,2021,0.6301214304192435,0.2779805089499629,0.7297680901533502,0.6673366704157224,687.1657715287246,279.75292267370185,765.5162823106242,295.7470512053154,deciduous
CZ-Stn,2022,0.6188818613457855,0.1733537143648661,0.5520517012300894,0.6330563019532847,619.8838935863723,344.5774761439395,478.0093643695886,378.2489762238195,deciduous
CZ-Stn,2023,0.6212442187938927,0.1781134044380664,0.7858993132745076,0.6988637448463865,701.2802347106575,385.00521188775593,856.5471647672315,479.40474923743216,deciduous
CZ-Stn,2024,0.6480229775373956,0.2124701851653699,0.7738669905067617,0.7115605446500892,646.8111246716313,392.32316474243805,749.7636224485303,488.1815153510068,deciduous
DE-Gri,2004,0.738344988791162,0.1099369949832391,0.8533056490579962,0.8377018119444903,523.7150528059856,474.82122308220886,612.0941900800586,572.920747618302,grass/shrub
DE-Gri,2005,0.6578971926463577,0.1457924670922983,0.680872418661004,0.662217760617126,495.7365544370074,164.76125778538633,505.4746197716967,172.0248416458151,grass/shrub
DE-Gri,2006,0.6110862570182333,0.1701960463531585,0.7298028546841056,0.6971093228649518,414.3763809332751,271.8282066509009,482.03494097108495,326.79194576410197,grass/shrub
DE-Gri,2007,0.6568472923984691,0.1309400806282573,0.8375961210967481,0.702797120567878,536.0627322952835,420.13506331337334,655.553045431147,433.0760184133552,grass/shrub
DE-Gri,2008,0.6280702998304328,0.1569492061799051,0.7584875013806007,0.7466328563895266,514.6018143329837,415.84663915412614,639.227018758621,518.2157866832673,grass/shrub
DE-Gri,2009,0.5997261608088231,0.1368138945676666,0.7220582301423399,0.6878268736807207,312.5147013851183,288.07586632942036,337.05587014336334,342.02492606983236,grass/shrub
DE-Gri,2010,0.667222363996314,0.1614576458350151,0.7826388864061609,0.793572684293755,649.2791266058849,307.70445380028,730.9412171550152,388.019039391306,grass/shrub
DE-Gri,2011,0.6118408080752014,0.1591914912730001,0.68514668377454,0.6436545562151371,551.333108715237,466.9392390433421,614.3120163578263,485.21896464414976,grass/shrub
DE-Gri,2012,0.6724367616032026,0.1332492328430242,0.7748909236996102,0.7773343697552199,538.657088454841,538.1750521622857,633.2753176852873,619.9060855099984,grass/shrub
DE-Gri,2013,0.5901966617346709,0.1440511271552802,0.7313952716324159,0.7237270698396153,498.0488302258503,361.1824548413765,604.1221816404196,483.66832411921894,grass/shrub
DE-Gri,2014,0.6212535356614743,0.1465626749164739,0.8200010599151364,0.7863030690483588,701.9728646616566,442.69472683986646,909.6001405651823,571.8250446336326,grass/shrub
DE-Gri,2015,0.7141621261052874,0.105315756842152,0.6232971212926124,0.761045643332087,494.38425941124126,475.5119760382341,421.07477977805405,500.677720353677,grass/shrub
DE-Gri,2016,0.6314172435204818,0.1065893728625791,0.6848470075411542,0.800777189257466,536.9342913838086,565.5598775825454,565.6425334510349,734.5983640113434,grass/shrub
DE-Gri,2017,0.6218301357920921,0.1161092451000977,0.7133683933205052,0.7704168242483975,589.8986608550596,499.5881678262849,678.2644251349019,625.6224732633085,grass/shrub
DE-Gri,2018,0.5166977917835462,0.1366096926573757,0.5567081025357032,0.6524814969595724,226.48801396565875,351.63419261117957,238.76072294041828,482.02871646669576,grass/shrub
DE-Gri,2019,0.5551892623246438,0.1649776859540469,0.6202630832801499,0.6751417906854198,390.2558342675282,449.9298713345913,430.995119616962,535.1688003947045,grass/shrub
DE-Gri,2020,0.5870704662955103,0.115647604195319,0.6796527802154784,0.7946841702051939,325.3019025693928,473.1620167731841,379.4861617201277,636.4270527386713,grass/shrub
DE-Gri,2021,0.6062220967315779,0.0875241752072671,0.7624351097073689,0.7305300521908558,572.5204159568632,458.1384143775524,734.5827540108999,556.5975251944469,grass/shrub
DE-Gri,2022,0.557589422128889,0.1559962306456266,0.6035062782945674,0.7154845463126259,368.3217389356498,452.58480408881803,407.2324799435917,602.8598471192769,grass/shrub
DE-Gri,2023,0.6346348936909324,0.1974222686015032,0.4767399756830016,0.8166814072003991,477.4584266990783,436.5636406445726,364.6820497528195,556.0635296808304,grass/shrub
DE-Gri,2024,0.5469552662630681,0.1865904949249086,0.5518449146784116,0.8093401446841552,414.0421064289675,455.11285540163686,353.7232444262229,688.9247372740195,grass/shrub
DE-GsB,2015,0.4745997253609599,0.1919480306763148,0.3620281425952253,0.7053703782229306,299.3393157177937,353.70048130294117,217.08702023321297,539.2429428614521,grass/shrub
DE-GsB,2016,0.3992664336022641,0.1840170012952913,0.36693337231083484,0.5803920591327419,246.84538018163744,295.4403477561564,230.884661798434,430.9253373681932,grass/shrub
DE-GsB,2017,0.4486730203340225,0.1831399410607527,0.7348897980869779,0.6077385152552779,413.01501919370907,380.24413067985364,686.4885733223393,510.62278813362923,grass/shrub
DE-GsB,2018,0.3389922271805093,0.1438778165760804,0.36725975786466053,0.44529937732461816,154.71341919356374,222.2299797110604,166.46031365437702,278.0671869512667,grass/shrub
DE-GsB,2019,0.3901561090993684,0.1359968562321938,0.5507381493291517,0.46258665194927673,263.8690617587483,265.661028479724,331.2251444056442,324.73157465390614,grass/shrub
DE-GsB,2020,0.3816814729589213,0.1189872268336474,0.46957112570316556,0.5378998194540321,244.0094850318859,233.53430428170472,288.66955720725053,326.6827404199041,grass/shrub
DE-GsB,2021,0.4862339280514771,0.2069588613305548,0.48777073322757214,0.7297613605717552,327.01430411284485,349.2263014062533,320.8415813184259,531.3471816725205,grass/shrub
DE-GsB,2022,0.4518479904365494,0.2043285566647153,0.5046815035196165,0.6684867645868288,-130901.98014190339,306.21410270243894,-204832.75308640694,462.68774564525245,grass/shrub
DE-GsB,2023,0.3793516619408948,0.243026485932154,0.44629946329632786,0.46711224189152706,379.60872997396075,262.7221975103226,410.4062525070928,314.91224082931586,grass/shrub
DE-GsB,2024,0.3906821287920228,0.1626099033875602,0.6345081496644588,0.5163300023385464,307.1095604593629,256.14701688589514,490.15684180885233,345.2883195612828,grass/shrub
DE-Hai,2000,0.7068302232541742,0.1245800988059144,0.811578144710455,0.7305832847838047,818.8438763153024,464.5877999932561,890.4620855238898,536.5400740639426,deciduous
DE-Hai,2001,0.7568399445938612,0.1471958890570039,0.7688917916832038,0.779031448213836,872.2431256406766,382.08561009090346,928.6817603363734,435.3222365798473,deciduous
DE-Hai,2002,0.7011972065743781,0.1525303812067013,0.8515338308543917,0.7257870367125668,873.53097946835,373.3086972336402,1048.8558274915601,448.3968831916749,deciduous
DE-Hai,2003,0.5920593497034745,0.1540878510172879,0.6750112503018355,0.6248401418291095,589.0596490369969,348.0180764537297,639.1399290559636,464.11457752576865,deciduous
DE-Hai,2004,0.6309207990893057,0.1606184372161524,0.7700503602718305,0.7159121824019384,663.9107927760027,316.6157991257379,757.504513337758,401.27770138017047,deciduous
DE-Hai,2005,0.5807711581413683,0.2087227532914182,0.8254709468486106,0.7152779079403008,727.1030489954425,267.7336869025254,1041.3117769091486,376.9030115272041,deciduous
DE-Hai,2006,0.4816952786850644,0.2505398048425071,0.6486387727116244,0.7188686342901649,572.6929045903652,224.38032742599046,783.588181951789,370.497042450286,deciduous
DE-Hai,2007,0.5534049940790646,0.2207629988865561,0.8288503129511653,0.6845853288291766,561.8197986418382,311.8300900520252,836.9600505483462,403.6396216805618,deciduous
DE-Hai,2008,0.4886412119448931,0.2444683546048772,0.8034209220442874,0.6281708310134768,495.2091531098728,301.7521237682823,813.8464108909523,483.7186241956023,deciduous
DE-Hai,2009,0.6377012339341033,0.1524391357825066,0.7711562780207513,0.7678137641331826,719.6095107422346,372.3181885937826,805.1070808870794,509.3254390838918,deciduous
DE-Hai,2010,0.5913002728928318,0.2407743331459813,0.818246929527772,0.6435062294936468,600.3834681744456,245.13839105138285,834.4353988417788,319.4256720418935,deciduous
DE-Hai,2011,0.5886340606834423,0.1689560961217917,0.8105495056809067,0.8069113897133776,564.7639806310648,333.0688522337516,767.4984598418182,495.26378642681817,deciduous
DE-Hai,2012,0.6781979850520207,0.1573055157915384,0.8405054211560744,0.7537986681001274,731.1314551135823,317.53446730964686,878.0282557157552,379.02715970758413,deciduous
DE-Hai,2013,0.8195327591999702,0.0778233911814692,0.8239034707244522,0.782172206932654,988.6542213094305,353.4941213789408,964.8159267745428,394.50835508927696,deciduous
DE-Hai,2014,0.5622462400009646,0.2839677098303697,0.8028701873359908,0.6310447804061603,587.8616394450397,338.12642693066806,829.0483625245784,398.5525778990943,deciduous
DE-Hai,2015,0.5920308867033538,0.2209295268663269,0.8048709572962927,0.6928283963426274,612.4668190215449,355.12964864889886,797.5856734378955,454.59633869145375,deciduous
DE-Hai,2016,0.6327623772235397,0.1970601064007074,0.8129624890402947,0.7395718043841003,659.4346826195833,334.3637280377154,837.8969387272979,386.7696255875836,deciduous
DE-Hai,2017,0.8433003251374849,0.1358877420175374,0.815552720916465,0.767377334639253,986.4986057387989,442.4649987409777,990.3401230090002,443.6971556737201,deciduous
DE-Hai,2018,0.6845473623893694,0.1354133897431986,0.5927176727875948,0.7374376791000307,340.0319973698051,398.18671971853746,281.82855552037245,442.48552819310527,deciduous
DE-Hai,2019,0.53073255742829,0.1849341543708065,0.7119774183641928,0.6745220138625831,473.711478339519,231.83709362329984,637.9763504094319,334.9425689196774,deciduous
DE-Hai,2020,0.4793847793754835,0.2084753288324183,0.5937658074156554,0.6574107670782893,320.1033979047067,176.3070369907708,375.5421938487246,257.6446453248123,deciduous
DE-Hai,2021,0.6081799581026005,0.129591494031715,0.8406326747084976,0.679481242681344,-66369.84998306085,162.7519921536088,-98324.99548376678,207.4277237068746,deciduous
DE-Hai,2022,0.4391540444322906,0.2171855565052686,0.6373999550435446,0.545605505509527,390.92247023592245,240.8682836046651,540.9204383978482,328.56596914462466,deciduous
DE-Hai,2023,0.463448814065851,0.1737750987165155,0.7696054965663256,0.8175477935439142,512.6968839032234,-157343.64197466653,848.7994760695353,-271112.79522959655,deciduous
DE-Hai,2024,0.5209334164367502,0.2456209869194706,0.7113024883911726,0.8817563378412232,392.32281836657086,305.1462275822719,550.8536390737545,518.1922842831327,deciduous
DE-HoH,2015,0.5630938078176158,0.1655940040773051,0.5807004047317698,0.6135625126476255,621.0977861914698,385.34380485992205,637.8259359438476,451.6735404694047,deciduous
DE-HoH,2016,0.4930523131756323,0.2203954397073475,0.5567219512161065,0.5907835233674776,558.0161612713637,349.0138938643394,606.1462705435722,454.14318308067357,deciduous
DE-HoH,2017,0.5478505688510624,0.1547952036273112,0.7556132842007267,0.6843848815700891,650.9089083528229,360.9237405495075,903.02141287067,516.4535663831906,deciduous
DE-HoH,2018,0.5965351832996159,0.1353795587660555,0.5670343985611354,0.6577026791512939,550.5208746308407,440.12974528346695,453.25055278569533,528.0530665487437,deciduous
DE-HoH,2019,0.5171963308515003,0.1232184377434025,0.6328797260797223,0.4182371193769063,565.1881110511756,352.7642291313765,719.5812381758778,300.9868210722242,deciduous
DE-HoH,2020,0.4869577450832392,0.1599687469719238,0.5188041844134653,0.53960688692999,624.079879477004,393.7154446817136,688.0500658270051,553.0861546215206,deciduous
DE-HoH,2021,0.4562012300613697,0.1260274543642135,0.557099633927255,0.48368943597708086,651.9639159728714,351.92759866340754,821.2273844510668,448.92495365283145,deciduous
DE-HoH,2022,0.4103884483514204,0.1283583642908519,0.43329283992961193,0.5209329317668032,428.1353028274672,303.5536470887969,475.48781699651653,436.680426963393,deciduous
DE-HoH,2023,0.5544963713281479,0.1593922887605645,0.5908042274604643,0.5439715498691324,742.0039615363819,342.57555128918557,771.4813496669743,360.82943779249405,deciduous
DE-HoH,2024,0.4001990794905691,0.1928785572312996,0.48917347449765897,0.6100744437667125,542.1398280785646,299.97709034725335,578.3828789078121,525.5434358061412,deciduous
DE-HoH,2025,0.4252589949027415,0.2680686780308328,0.6958710628529448,0.7750763116829856,601.7214940166907,369.4625448672594,1018.0192681789883,680.2481132242752,deciduous
DE-Hzd,2010,0.5542031922871086,1.7761083228782922e-15,0.6585491186774034,0.8011998521118728,-93976.04995178326,-509815.9502104494,-135906.4171404391,-737030.1535565287,deciduous
DE-Hzd,2011,0.4803510957797129,0.2293061210073659,0.3621008679048072,0.49934280916361234,306.279343740095,207.31093369320746,217.58027973070423,223.18107600851727,deciduous
DE-Hzd,2012,0.4658332784655307,0.2507551318247332,0.6721931411251854,0.47028632052470964,330.5746418526951,197.051674880425,480.2019678752373,195.51008023582278,deciduous
DE-Hzd,2013,0.5077236003519445,0.1042250939879771,0.5877591548431842,0.7638156386773127,340.9435323714523,248.6327751959729,427.9472949203692,372.3427307008041,deciduous
DE-Hzd,2014,0.4883210046247576,0.2143031999227167,0.22091773975225,0.5254111561528131,450.72276940431783,264.232030444206,191.90552919575808,260.5408831463329,deciduous
DE-Hzd,2015,0.5134569069486759,0.1255920988270316,0.2219093600079789,0.3038493372991936,584.0936935127235,213.60351644731972,239.9230214940618,118.07670368138564,deciduous
DE-Hzd,2016,0.362070478827037,0.2819835443551708,0.5233050721196231,0.5322706058985406,576.7813033013778,206.29682695029962,807.8683745527977,278.59810116808603,deciduous
DE-Hzd,2017,0.2691230763339928,0.0792728608535641,0.14381076158306716,0.1131446372200006,-77828.81547455805,-247568.4709042507,-32710.62432023873,-104082.65693577632,deciduous
DE-Hzd,2018,0.4958551171121428,0.2017799429532421,0.35488151122513484,0.6135874223488815,444.663156801844,314.3266992763718,266.5247648251057,480.47485693949403,deciduous
DE-Hzd,2019,0.56656072242591,0.2243842982697977,0.6777048097514686,0.4677094902218111,569.4520002036404,316.92045027152983,646.9914579968224,224.2794853684463,deciduous
DE-Hzd,2020,0.5981283650152291,0.2523567741073581,0.8470481949261149,0.6530819178093258,536.9884471140432,137.4070459001411,781.2478952556576,171.1353674394566,deciduous
DE-Hzd,2021,0.5189009755983328,0.2382317094682954,0.583895165304028,0.7590043302639865,593.1738636271944,242.24806197792964,590.145496835567,393.964034366649,deciduous
DE-Hzd,2022,0.519074091804262,0.1838930690637134,0.5935643312165291,0.6124181746246528,443.65619541855796,246.9562014086436,440.8036089004794,280.08908531353643,deciduous
DE-Hzd,2023,0.4752174481307365,0.209772383531411,0.4768140419066511,0.5828765225494632,557.7508336826677,122.55938394083918,548.8859433149814,138.8273564857015,deciduous
DE-Hzd,2024,0.3163703488646017,0.2164666165480913,0.3690604116840177,0.5875311839388091,294.149746899993,152.70578849420772,384.13256179294154,299.3590941212659,deciduous
DE-Hzd,2025,0.4211152606794738,0.1496187608202048,0.2744777684699844,0.3818804541370423,568.7474425158842,256.77502051365815,398.39857561662154,217.95837333598766,deciduous
DE-Obe,2008,0.4956994988671998,0.1597774982093312,0.7435859348756355,0.7298615631078833,527.9671871235294,319.26889566701715,809.80123461585,477.2977346317396,evergreen
DE-Obe,2009,0.4967274220879635,0.1554213021809882,0.6567427782911758,0.6799685346697327,466.8632540033962,340.97277685418635,574.4416565108891,477.5134203809626,evergreen
DE-Obe,2010,0.606153080574156,0.1959209878352228,0.585297127899727,0.802212147375294,568.0587889216172,355.82006742819976,507.39061022409606,460.7966986791824,evergreen
DE-Obe,2011,0.50438301760201,0.1826951193552057,0.6512523071432226,0.6676206323076078,475.24641965696804,353.12936963889473,641.3798207753173,438.5697110935582,evergreen
DE-Obe,2012,0.4787297316242305,0.2224091031981066,0.6066443861181151,0.6149508159765164,518.6219929226387,354.9838584691465,634.9533236132564,411.5314073148145,evergreen
DE-Obe,2013,0.6187956139476054,0.2124821143871426,0.6222262350888543,0.8568322593257384,631.5654205746158,350.4002033004825,670.7335634210161,506.2651740317003,evergreen
DE-Obe,2014,0.5011663524490493,0.1935895801720515,0.6298329648028252,0.7770580724728061,488.6611436260571,368.53651520533543,594.2260554100077,575.187947013458,evergreen
DE-Obe,2015,0.5993069465682883,0.226834183528419,0.6531722496539509,0.7240757210980983,548.5302525378733,439.5437139368668,559.5420617885563,513.5386946610927,evergreen
DE-Obe,2016,0.5627313712557334,0.1830489451065185,0.6473054792596736,0.6438128152744725,567.8347704693854,367.4934439565527,671.6691989374142,433.0386712631013,evergreen
DE-Obe,2017,0.5093272790975762,0.2280271681677832,0.6420906028462352,0.7760731392549503,572.2755636563251,327.6411013120838,727.7895356190983,487.7534676436054,evergreen
DE-Obe,2018,0.3909128855783071,0.1773399908872119,0.3466046765926132,0.6338413911208122,270.38425185558805,267.37669046968176,227.92170240366943,430.71751817056986,evergreen
DE-Obe,2019,0.4518272843403808,0.2290462955495028,0.5279926977408682,0.4165418671598895,376.7403065474185,247.29701089999728,416.63156056504357,206.35705229195878,evergreen
DE-Obe,2020,0.4028754131878055,0.2311029654435078,0.43111445059286563,0.5062806347300935,366.00676971831126,237.2232863923602,325.4247952025285,275.41598459321415,evergreen
DE-Obe,2021,0.5239917017466865,0.2090727678237888,0.7540416718085463,0.7031056838214214,443.68646323359684,283.16506846465626,624.627347338338,363.54339630635525,evergreen
DE-Obe,2022,0.5242147692901636,0.1546203113414113,0.8058773080877094,0.6685813415718038,491.38240148307136,345.36875897336876,763.6135128924486,399.0808477637324,evergreen
DE-Obe,2023,0.5223330816672587,0.22354719155434,0.6126508438720446,0.7297734711424091,585.1507029490076,302.09675437631597,716.5686698264693,403.1182895683285,evergreen
DE-Obe,2024,0.4126955380694179,0.2218611249365343,0.6767023138986337,0.43691398550605015,402.3131558481741,300.76356544537737,669.6035408610736,292.7907076997789,evergreen
DE-Obe,2025,0.4333413921866405,0.2116875714468745,0.4646097782635331,0.644485604435079,527.5044811716865,343.77238713781,515.3644381924491,489.6899410158553,evergreen
DE-RuC,2013,0.5335560652020499,1.3355275234918045e-15,0.3982477991603885,0.4475153750802022,-426784.5738446086,-490822.49282788736,-357965.99400571437,-411672.97365927877,grass/shrub
DE-RuC,2014,0.3758404066933455,0.1917863257141113,0.37358608039186564,0.3338482745843341,109.0340057776253,44.43548804528489,103.98941653265895,41.17224034859029,grass/shrub
DE-RuC,2015,0.6389598996312834,0.1848640023246955,0.6881416730653296,0.6376614445603733,261.2134483184654,174.64293056292368,288.643273088475,164.08479535619622,grass/shrub
DE-RuC,2016,0.490105379872564,0.1754011616000207,0.6193584513837375,0.48248634018819625,303.35202365138014,205.48467167979126,397.338435302941,210.8934626040029,grass/shrub
DE-RuC,2017,0.6008248409190224,0.2117173259355384,0.6645077654321383,0.7004210501903437,368.23069260920136,215.0862566434026,394.8481976319372,233.3544709862489,grass/shrub
DE-RuC,2018,0.3923611266012963,0.1593641385597679,0.3982007510622267,0.39988407950633464,233.74025615501037,190.2922939362383,234.69452171400133,156.0216653367628,grass/shrub
DE-RuC,2019,0.6269191102337027,0.1466251358826751,0.64997202242116,0.6794188487692976,352.650480468181,252.5250720160597,386.01598147265895,277.4805489246917,grass/shrub
DE-RuC,2020,0.4634769127247438,0.179999069870231,0.5208066848499479,0.46985240177551896,288.6570182892901,165.93128461118891,319.73435400917765,180.9341201218717,grass/shrub
DE-RuC,2021,0.4624754367696908,0.1964743978930182,0.6186900897798886,0.5726566672331346,377.9631647534096,181.56620405104505,536.4742057041677,215.07824362649023,grass/shrub
DE-RuC,2022,0.4441945031343773,0.1641948981127354,0.6261709245168054,0.4519526929144574,277.3807968240629,190.67373220191533,399.34229543713593,197.32728296085529,grass/shrub
DE-RuC,2023,0.4683295552806911,0.1555357507307371,0.4785008029280723,0.5637397340327092,313.756792655082,188.35030448442959,295.0184601363904,238.01969452428426,grass/shrub
DE-RuC,2024,0.462721286081784,0.1413619445716357,0.5134001087304545,0.5225774304386306,377.1741150650415,221.02700783651494,385.85513035774744,250.2580897134958,grass/shrub
DE-RuC,2025,0.5039473241729095,0.2040956321271873,0.6170084539062215,0.5402968514161538,382.4621653778424,257.42606976561115,467.9066562944087,281.4485321942046,grass/shrub
DE-RuR,2011,0.6532277246410709,1.3261923647169913e-15,0.6574078587164194,0.656874036286468,596.965658380311,-247882.86755443364,624.8618910412761,-171477.68257586422,grass/shrub
DE-RuR,2012,0.5364533162322814,0.1364290651418642,0.7247563719264113,0.7693864110537564,541.3301891897498,399.16944078461506,722.7566684459705,579.7970507824642,grass/shrub
DE-RuR,2013,0.5937241947008259,0.1844358489427408,0.6485625323557045,0.6660789266672805,548.7448905938583,338.02281917612345,630.5567272331754,385.12647322349585,grass/shrub
DE-RuR,2014,0.5721239932825201,0.1483431446732381,0.7742432756720614,0.7077082353002269,531.4528828967318,464.41678277190283,734.4411580825891,587.7405590602082,grass/shrub
DE-RuR,2015,0.6187125283964301,0.1383665952090059,0.7508195430189588,0.6840234902946475,662.3120971080884,426.52118130399106,824.9976822003966,464.61154516415854,grass/shrub
DE-RuR,2016,0.599957938640122,0.1310177963839503,0.7250036836574915,0.7485039455714749,604.4202008035003,470.70338071282725,714.9125315837036,592.7370273209356,grass/shrub
DE-RuR,2017,0.5446318843003962,0.1496602894335462,0.6968411073949635,0.8504847279765572,540.1274082675507,424.0119885684453,658.4878062284653,662.8455563875502,grass/shrub
DE-RuR,2018,0.4814392003008603,0.1611896718425575,0.6177344380628489,0.7141493390011321,417.19633856407376,418.0245150908233,545.9908382577061,633.4656328783813,grass/shrub
DE-RuR,2019,0.4271666378425589,0.1551698967230961,0.6316723582641615,0.6395102551701592,449.0113267177021,391.9178122843925,664.4307988691419,568.1183588557856,grass/shrub
DE-RuR,2020,0.5254546075423423,0.1227224871519117,0.6609583283789541,0.6261876567133149,514.3650929774581,465.96618369499924,641.0448615524695,539.4978957701531,grass/shrub
DE-RuR,2021,0.5411265802260244,0.1414928509334607,0.7081654358639768,0.6527712312968982,619.5357838219147,426.52863830739557,818.7778847216338,519.1052227753175,grass/shrub
DE-RuR,2022,0.6452840987060205,0.1446995450664875,0.6634399863385539,0.6877419871357814,533.6260870239089,591.5200290827561,571.9670151328278,604.8770389146122,grass/shrub
DE-RuR,2023,0.5377771284325702,0.1473551412113689,0.6482924897180242,0.6974020731228221,579.8828458137574,456.2805593254331,663.9932649500096,585.543298854659,grass/shrub
DE-RuR,2024,0.4963952222729989,0.1443430034103795,0.6810505292963945,0.7279765604472795,550.5913548036316,406.33516039112214,731.2180558801127,608.2066722433923,grass/shrub
DE-RuW,2011,0.5623621727102792,1.7746894978443454e-15,,,-725374.6580759805,-517321.46157356753,,,evergreen
DE-RuW,2012,0.3886815208900784,0.1654056771253145,0.5231391087152155,0.6226708569759092,366.37438057827916,272.547147714865,472.1703144406897,420.4715767582319,evergreen
DE-RuW,2013,0.3818979560752713,0.1623376516132031,0.4897900372840225,0.6866057549212996,409.6184710022769,238.39897150711732,486.80334330192784,419.2189956057083,evergreen
DE-RuW,2014,0.2332455941742128,0.1353788958145999,0.20355409288194531,0.5023477351309633,-18434.396845347837,151.9298474272004,-11806.029603856023,333.81933891744626,evergreen
DE-RuW,2015,0.3912267124126474,0.2098254639775292,0.4388903895865208,0.6080679201073111,391.6692132979889,283.4802154725599,403.0490841914002,439.536731353182,evergreen
DE-RuW,2016,0.3479047153823184,0.1614300603629322,0.38768294595014563,0.5747173061806067,404.7950998862625,233.21017394366896,434.93239611565167,374.7936888049234,evergreen
DE-RuW,2017,0.2627624610045023,0.1295724652830714,0.4238577539319091,0.5146911866507861,-20729.24066286253,202.29351655857505,-32255.120665751863,368.4588928225103,evergreen
DE-RuW,2018,0.2271961255072592,0.1546446882837018,0.3310026962539994,0.4970880754573693,222.85255671829867,153.3895895409945,316.1798068943218,325.89993071365467,evergreen
DE-RuW,2019,0.2829591622664232,0.156787777742804,0.4205263827787659,0.3941825279677332,316.6192561557124,192.38559001899955,480.1448373705846,264.4892094405112,evergreen
DE-RuW,2020,0.3197220199872083,0.2321350454706532,0.5008203158724418,0.3517425880555501,274.62428269083347,186.15278120205667,424.9743834063068,172.90998258598015,evergreen
DE-RuW,2021,0.3454481646766121,0.2754074151429576,0.32272669076376675,0.7011146468625785,477.0780511572999,282.68657558317517,532.2154404081044,586.913317587112,evergreen
DE-RuW,2022,0.3370854569507726,0.1848152040347108,0.3460641698797213,0.6490636010456314,361.4854885407059,309.52912399925344,316.2433498320491,559.6477337528565,evergreen
DE-RuW,2023,0.216424027504278,0.1395378106907578,0.31270159226526334,0.2577962545299462,309.6813924405914,158.25803572664478,331.8348335085588,168.04114047481957,evergreen
DE-RuW,2024,0.3055668294985781,0.1374883033891192,0.4563368682651294,0.6186919357151681,412.70557817971957,236.62615744233025,624.615212314845,455.2513219813365,evergreen
DE-Tha,1996,0.6332429031071908,0.0655582456967254,0.7331198956670463,0.7899406150816665,422.4079099561862,-436824.5524224985,459.305075511051,-537980.103233131,evergreen
DE-Tha,1997,0.3759719032415086,0.1822581183140278,0.5246864963881691,0.6340927840776021,284.52104641602284,187.1183212596439,392.8131064478611,324.50937327682374,evergreen
DE-Tha,1998,0.3947458311350698,0.155909228071812,0.5992480283675664,0.6411252128600914,285.20986273697537,236.60285889965425,434.71298797215263,381.64928302325063,evergreen
DE-Tha,1999,0.3468884592489679,0.1417107962302107,0.5160498109295172,0.5335004915241691,293.5159060537313,205.77787080509452,418.97535456278933,317.28336692735667,evergreen
DE-Tha,2000,0.3629086303870457,0.1685884626287232,0.5897326555459852,0.5597964791199914,282.1248165157006,233.37887012800587,453.2652808057338,340.42061604416136,evergreen
DE-Tha,2001,0.3538581364523196,0.2050738336444242,0.5397747520283863,0.608793447569811,299.3498754686202,196.97493809578307,419.00070936411066,331.4449062384605,evergreen
DE-Tha,2002,0.4975126449930317,0.1731444558039068,0.687059147805574,0.7171716066051286,406.9681943517558,316.65012838186897,549.9284906878494,437.06938503466233,evergreen
DE-Tha,2003,0.3799593320078647,0.1487977274840053,0.45224288354941905,0.6507417591323573,225.54178186224107,210.6202541704547,259.59288228430296,374.09375353944563,evergreen
DE-Tha,2004,0.3496555735081115,0.1718621213905515,0.463199855049337,0.5717506324977635,265.2789569765615,194.35110255846305,333.175703786135,310.82308198828645,evergreen
DE-Tha,2005,0.3384053709255444,0.1836948808919088,0.6176268640857481,0.5654123569497425,278.3447745311532,190.3581175305049,505.11251810898403,307.26956090448886,evergreen
DE-Tha,2006,0.3397558554085104,0.165928473420902,0.45201703609905425,0.4325212310765952,250.94215269849354,181.59519389355538,327.29794925631603,230.0689359495172,evergreen
DE-Tha,2007,0.3658626077851474,0.17348567749327,0.5424728030988527,0.6101715523434295,227.07922146363188,173.39562954592384,318.1721513165616,287.3144819633327,evergreen
DE-Tha,2008,0.3512871976810187,0.1491038070045581,0.6300212473551206,0.6702188419270171,295.8888335397181,225.546074071516,526.8968819449301,429.30223416042503,evergreen
DE-Tha,2009,0.3522078135954233,0.1348539147517919,0.5868455499300136,0.6179544237481239,303.9892223546479,228.0611455891508,478.717967497428,410.6134137965941,evergreen
DE-Tha,2010,0.327209950199216,0.1363195556944804,0.5585488424435812,0.660730221152123,274.75891242649254,187.78753117626513,449.13071794883547,387.5267656647461,evergreen
DE-Tha,2011,0.333305619316238,0.1606590621299187,0.600255469131947,0.4741204419202448,275.6461503080441,191.0700493899203,499.9885362893696,263.2518937358995,evergreen
DE-Tha,2012,0.3624301551332156,0.1407644777635336,0.4955995971117069,0.577080655283968,261.17563325797784,226.7126963510343,339.29391255032226,341.6792326607802,evergreen
DE-Tha,2013,0.3687665707923065,0.1369119775355553,0.5974484168705075,0.48983620819093504,322.2509688113722,174.60490417502783,497.3392243501173,220.02295695913813,evergreen
DE-Tha,2014,0.3625932894569967,0.1264684462195894,0.6817815147277323,0.524651453431098,292.4473133311862,220.81217744337448,536.4947086163305,316.24677761245357,evergreen
DE-Tha,2015,0.366490955771509,0.1283567734298579,0.5983629875354995,0.6207522647514169,287.434021862906,233.09895563693448,459.5983981985129,402.3442053547128,evergreen
DE-Tha,2016,0.3163036686493284,0.1401424066543751,0.36211679268437075,0.49243648320136063,277.1696143541478,220.3871305389889,296.9322652111969,321.96192845445125,evergreen
DE-Tha,2017,0.374983080423726,0.1287085100903414,0.5277522259597405,0.6098779288850499,346.56544515317205,234.2794953469436,466.3027810792379,379.1427929050375,evergreen
DE-Tha,2018,0.3555451800675414,0.1195960513108379,0.4882331183768695,0.5542391001361677,226.9726511708248,228.63714233112424,302.6813345963707,354.57638027685977,evergreen
DE-Tha,2019,0.3680215169637452,0.1430628411199481,0.47289275063198555,0.6204572589950238,283.43153428377144,209.16064603007754,336.36720341545845,341.4484101024069,evergreen
DE-Tha,2020,0.3605086319038939,0.1271808190602837,0.5091475086985672,0.4664467952845415,224.27089062979587,195.04740552297343,303.82065708909795,240.7537564063779,evergreen
DE-Tha,2021,0.3928801223617326,0.1551611423349345,0.39425241925242865,0.6063034273705258,405.95584465894035,243.24209041086525,354.97074262276664,349.68369174830445,evergreen
DE-Tha,2022,0.4327955075355201,0.2000125197740504,0.4977464206738079,0.6131368241968478,339.8087175805219,280.74157829505737,370.7735136764515,387.00771560768777,evergreen
DE-Tha,2023,0.4017435531080265,0.1317527822325669,0.6086997383498307,0.5881441900154937,384.7816723328557,246.70716856806513,589.4673058771671,364.2225852978595,evergreen
DE-Tha,2024,0.4007332038765955,0.1786233219564379,0.4718986284967777,0.6226446652329456,341.087452675137,280.4216391105427,380.0149168821799,443.95449768934884,evergreen
DK-Sor,1996,0.6345880823616487,0.1408071421729533,0.7544407575893675,0.7998032411116831,593.5571945421173,-361388.04170330724,672.9506871325979,-467066.71228365647,deciduous
DK-Sor,1997,0.6397960453351572,0.1975136785268605,0.6888927513088963,0.586828561429525,598.8671547576986,385.43858815678607,593.3054612211052,377.34206099335927,deciduous
DK-Sor,1998,0.6684259700898417,0.125697821856248,0.8287216288344035,0.7680025141046926,684.851925358185,496.2013151826425,843.5110056963337,635.9542842009677,deciduous
DK-Sor,1999,0.6038408915230833,0.2122055923774015,0.6902644523036766,0.7235721370916306,707.4481160303716,420.23332789806864,786.2387360391726,594.0478228688759,deciduous
DK-Sor,2000,0.6743048986526781,0.1962880972877182,0.8590286238754085,0.7025805215343476,692.4224052034308,552.1492183495942,865.0412456060644,704.3658589768033,deciduous
DK-Sor,2001,0.64195358163056,0.1768554907243109,0.849749624878486,0.7299285341525915,775.3475044248978,439.5883342176733,989.8235266291148,539.3330814688186,deciduous
DK-Sor,2002,0.6945256636216225,0.166943662611018,0.7107458477730232,0.7066139793650884,719.4138053391512,519.760270662298,720.9016573267173,586.1382306190485,deciduous
DK-Sor,2003,0.6561340584599078,0.1711251616638713,0.7979154254803844,0.807537367515134,724.0902158947239,506.0567240502305,865.6542038533524,700.4749879785459,deciduous
DK-Sor,2004,0.6497394331120142,0.1945155786193967,0.7844685053736007,0.7862355199113868,807.507338084328,600.0299794382928,1031.753598002499,804.8128799768479,deciduous
DK-Sor,2005,0.62213761556152,0.1375868023830879,0.8239946683736935,0.7006808513614736,755.7630575945794,452.8071140727144,1062.1858456674127,585.3632759956822,deciduous
DK-Sor,2006,0.583849987738378,0.1979623914310186,0.7132792578390436,0.6889700867192322,693.7944402963991,403.5208658839881,813.3216810426479,562.4653580066612,deciduous
DK-Sor,2007,0.6361897575086994,0.1535773589756401,0.7490220078426517,0.719488848258616,753.7411855529731,570.2041634941743,920.7171782633376,688.1703883503401,deciduous
DK-Sor,2008,0.6442953467115556,0.1836715298647324,0.839651853920027,0.6836904620994451,748.8111789288076,545.4469876391637,962.6892639418126,590.8666319711765,deciduous
DK-Sor,2009,0.5884524067823838,0.1725822183806731,0.7729349990333158,0.7441349593209852,690.8944840409158,484.86432917147687,898.7566334245514,657.9184785520857,deciduous
DK-Sor,2010,0.5929155942962226,0.1181405571950315,0.696750948560266,0.6314937051969538,749.4656980002197,391.0167036339071,762.5100601676443,386.9331722746909,deciduous
DK-Sor,2011,0.6921802641059029,0.1534052141344154,0.7972308090338941,0.7677211651563647,793.9864834407311,583.1327697900189,932.5168337752146,718.8826948156255,deciduous
DK-Sor,2012,0.5647590834606137,0.1269743634228244,0.7431791730337659,0.6761674086961558,684.0062696560718,437.5703171570315,911.3998731165495,581.5759967025788,deciduous
DK-Sor,2013,0.5621686914209951,0.181861758614466,0.7724885175847577,0.6975555231303637,685.1521267202089,398.9276224989816,912.2976496589481,586.1954559634019,deciduous
DK-Sor,2014,0.5376019900119188,0.1614290272982972,0.7694190076747272,0.7906203339763025,635.655577163526,541.3092824969848,888.9534670313433,789.9918987929757,deciduous
DK-Sor,2015,0.5249057971731311,0.1659725246808553,0.6786933992104952,0.6579203685497061,730.5894110001399,464.6476446722645,883.3450383353055,668.5462501658715,deciduous
DK-Sor,2016,0.6652312964238951,0.1571465597678657,0.886464256923102,0.7275119324275957,907.5222895689939,618.9606320167336,1212.922522919903,749.3384838160654,deciduous
DK-Sor,2017,0.5890601049323747,0.1765933092843336,0.8697640042052208,0.7055917164853838,781.202150996248,500.6030719472982,1160.3511468281788,679.572288408516,deciduous
DK-Sor,2018,0.6301813118552598,0.1712818785303806,0.7784819303979721,0.6947880899307242,635.2050227461732,559.2436442298691,770.7011446337838,648.077923404686,deciduous
DK-Sor,2019,0.6322723588700465,0.1377859544861101,0.7829195029954397,0.7512893739114425,800.647159510385,582.2730131347103,925.4559231386554,711.1513693303411,deciduous
DK-Sor,2020,0.6733706782350116,0.1556834502412115,0.858783770032252,0.6849620273013992,801.1515721185764,575.805839056578,1005.1855813517913,660.8013773804879,deciduous
DK-Sor,2021,0.671397768831041,0.1356343699350436,0.8494990986882869,0.7066425326553073,903.1453237297067,533.7348866148086,1164.6440422893168,598.6513595995582,deciduous
DK-Sor,2022,0.5422036744559762,0.1415371618244701,0.7353992094167293,0.6801466150436025,757.3706745315899,524.342771337157,978.6891536168255,786.1904434891437,deciduous
DK-Sor,2023,0.7350012326106091,0.1536828358119928,0.8500865038318898,0.714230891106711,1070.3373423754435,604.5420881332202,1256.938045640155,632.7299535228275,deciduous
DK-Sor,2024,0.609288966089033,0.1701670510883046,0.7663199979522296,0.7193317421073788,858.703969464126,563.5220791719034,1045.2672949297496,736.9569089594913,deciduous
ES-LJu,2004,0.4952035029454237,0.0982080994006403,,,,,,,grass/shrub
ES-LJu,2005,0.3596327156653509,0.1263733465270657,,,,,,,grass/shrub
ES-LJu,2006,0.640874016222877,0.2308709866293798,,,,,,,grass/shrub
ES-LJu,2007,0.5958436726323946,0.2985187354008188,,,,,,,grass/shrub
ES-LJu,2008,0.5067583379035189,0.2233510816795797,,,,,,,grass/shrub
ES-LJu,2009,0.5458476766507412,0.1916990779059062,,,,,,,grass/shrub
ES-LJu,2010,0.5412398477355591,0.2295022284430404,,,,,,,grass/shrub
ES-LJu,2011,0.4915719718750501,0.2570555764750699,,,,,,,grass/shrub
ES-LJu,2012,0.6464897259035892,0.2451870632190886,,,,,,,grass/shrub
ES-LJu,2013,0.6040963786303168,0.241357787843248,,,,,,,grass/shrub
ES-LJu,2014,0.5605242663135083,0.1949244376103485,,,,,,,grass/shrub
ES-LJu,2015,0.571609983129875,0.1997798956068834,,,,,,,grass/shrub
ES-LJu,2016,0.4536232166492827,0.1885700204633283,,,,,,,grass/shrub
ES-LJu,2017,0.4723535790917836,0.2925364470560121,,,,,,,grass/shrub
ES-LJu,2018,0.464634691225236,0.2198529604337769,,,,,,,grass/shrub
ES-LJu,2019,0.2810450725044043,0.1512650159205048,,,,,,,grass/shrub
ES-LJu,2020,0.5408774515997937,0.2287551672459224,,,,,,,grass/shrub
ES-LJu,2021,0.5760898877505537,0.1547028967160395,,,,,,,grass/shrub
ES-LJu,2022,0.5852654690200538,0.2410499697706978,,,,,,,grass/shrub
ES-LJu,2023,0.5835616859372074,0.2526027204933188,,,,,,,grass/shrub
ES-LJu,2024,0.4556028315551677,0.2510087432632973,,,,,,,grass/shrub
ES-LM1,2014,0.3412395420355847,0.1571583516494821,0.47517363905021626,0.3808731842035926,92.22766514853122,155.39230417754774,119.49130806652342,172.20603775160274,grass/shrub
ES-LM1,2015,0.2794391227168494,0.1915876348565116,0.3480250730147623,0.35859252702419314,43.34385207874631,128.4722300017385,49.69355034135587,172.99023259449845,grass/shrub
ES-LM1,2016,0.2812459022386647,0.1263922728549671,0.2116917689409647,0.3768401305199841,74.65566355221522,187.1583368473493,55.23348885626682,254.96743105372136,grass/shrub
ES-LM1,2017,0.3279709436164578,0.1708411644506928,0.5482376434763571,0.25484899202335304,64.85605767835641,136.292793240013,117.04008694797311,99.02332851065675,grass/shrub
ES-LM1,2018,0.3251581726829103,0.1955152200501408,0.3995227177974737,0.35418689923923724,82.68013786083266,210.07408220767198,82.39924516703613,229.31673986828986,grass/shrub
ES-LM1,2019,0.3300623603019371,0.1437728863076643,0.4218533262255471,0.293578757376775,70.88979431682307,160.51601947949896,90.38779890842731,145.74112167708654,grass/shrub
ES-LM1,2020,0.3296796806148647,0.1770927859378117,0.41771416560531466,0.41708099821760064,78.88044412362088,192.85311838489415,99.77658793147714,250.04251075665144,grass/shrub
ES-LM1,2021,0.3622071035410005,0.1769426166616604,0.35112954393292767,0.5068664551494606,108.93175929790092,211.88819416620674,108.2249608547786,304.6296829684866,grass/shrub
ES-LM1,2022,0.3717870283646887,0.2039932495674898,0.3681629508219055,0.4374339462034946,49.61589568772225,180.79436957730616,49.45045429142314,214.77278857772214,grass/shrub
ES-LM1,2023,0.2852305469760119,0.1839139277905234,0.3360139206724303,0.247290321546927,69.94519575673958,110.29384638090728,65.87667916661897,97.78259076453779,grass/shrub
ES-LM1,2024,0.2353517983085747,0.1487756072969255,0.3330541043269149,0.36583640852340615,-54067.07239894652,128.81779313421202,-97967.35862412851,187.75629522759925,grass/shrub
ES-LM2,2014,0.4432933542791374,0.18774905123103,0.4824958700412305,0.37483338274126077,124.9295710020833,208.89426261123825,126.72326130318571,156.7695087592332,grass/shrub
ES-LM2,2015,0.4447757663641035,0.2474154455508038,0.44700680291786027,0.5557898656086538,90.60999399511877,206.59917832023953,92.13550274486144,268.2737870654076,grass/shrub
ES-LM2,2016,0.4511921582793587,0.2327819768969058,0.30625311811421263,0.45006356969996625,101.16857206760886,278.99709848585303,77.25968351872268,280.11737028264236,grass/shrub
ES-LM2,2017,0.4277191503445494,0.2157788256622287,0.4631234846059094,0.2994345517945027,89.85500514200771,179.63076718475023,101.5280497415297,118.75735976998321,grass/shrub
ES-LM2,2018,0.4811198062105809,0.2017821777314357,0.41260975684455503,0.39996923535527923,125.66977460424768,279.21060500284074,92.85458175076843,227.57851060312137,grass/shrub
ES-LM2,2019,0.4748663570719965,0.1652977307985099,0.5617411052409841,0.388272724106259,103.74162807698005,244.16373958593033,123.58027238985801,213.2594092499039,grass/shrub
ES-LM2,2020,0.4072965018776458,0.2128054771385052,0.44681924740092077,0.330517016771939,93.34210788075296,255.9694333081097,102.68791082326285,204.56538099209808,grass/shrub
ES-LM2,2021,0.4363975401860692,0.1995146482667089,0.39289453601357566,0.5368235122830195,140.43964576928656,251.08123921213704,122.8611423287242,297.36123090324764,grass/shrub
ES-LM2,2022,0.4776932770407562,0.1849658436195922,0.3299775900097284,0.5586224264510422,65.05522786648834,242.29576072712487,48.76793026146171,293.6850437541063,grass/shrub
ES-LM2,2023,0.4683600898433422,0.2111452765496246,0.42202123464180086,0.4630801407775021,131.96832938319213,208.07898813522655,97.45761770999849,207.59665191671877,grass/shrub
ES-LM2,2024,0.4100138251597007,0.2264649715521625,0.32916325319009543,0.46001146698235285,147.0932841908409,234.4947296726169,112.18941256713421,251.4533572814502,grass/shrub
FI-Hyy,1997,0.4790384329962775,0.2084147760978514,0.5893801399277373,0.5541172751137559,379.87820689367766,139.44441309349304,412.6825579559069,163.54168007966766,evergreen
FI-Hyy,1998,0.5761237826292677,0.2334403392802141,0.7432696252593036,0.7032705819014089,422.5360939373251,187.9911792240648,518.3926711740118,248.25341503200357,evergreen
FI-Hyy,1999,0.3692945646224311,0.1059115218627323,0.5371377937530445,0.5583194054113908,-476342.34936409985,-18359.216419287422,-692838.4631660333,-26700.59793267565,evergreen
FI-Hyy,2000,0.4683467800598204,0.1790731590188497,0.6485072096891119,0.7978378708506767,333.96248073586565,-294912.7681080917,452.5221077212921,-504111.75451865105,evergreen
FI-Hyy,2001,0.6157192662126545,0.1706681303324018,0.6856363317236929,0.7711572253086506,437.89033287894705,204.92275398192663,497.1223982079404,259.7880451012338,evergreen
FI-Hyy,2002,0.5234758711656011,0.192668139789928,0.6937578192966535,0.6639455367624139,378.89618668110325,214.57925435591346,481.8181533543538,263.90312654081646,evergreen
FI-Hyy,2003,0.5176854054150174,0.1691193404914266,0.6011437502047137,0.6744504519730986,370.24180960969016,166.54762270323351,423.6017614715465,232.6616348176877,evergreen
FI-Hyy,2004,0.5873059771369735,0.1647617968979835,0.7425976717225905,0.7154450620287759,418.61806443305755,224.8938634994484,519.4483749282324,265.67549503952034,evergreen
FI-Hyy,2005,0.6415260401665427,0.2314688177504962,0.701409354314267,0.6750184565848781,469.6168510688911,229.9214983434631,469.4641893721765,238.18163754364755,evergreen
FI-Hyy,2006,0.6043175764367154,0.1800709328263809,0.6470219682135349,0.6898120162950899,410.9622309685048,226.5038846048822,430.93209390519837,259.4576185374341,evergreen
FI-Hyy,2007,0.5579780279000711,0.1719705607150571,0.7991931026064416,0.7977742661992239,426.9236539248737,237.25599926376535,613.0205410441207,352.0199204385978,evergreen
FI-Hyy,2008,0.5960326179564841,0.1857997139994163,0.7378493309897536,0.7033386570004317,400.48228436503115,225.86705611612823,521.1057105902165,256.0132778211485,evergreen
FI-Hyy,2009,0.56039043972672,0.1287624499598206,0.7283308250757928,0.7026404417743894,467.3480781054644,219.51476154721922,607.4363273955544,271.1882056291965,evergreen
FI-Hyy,2010,0.5104660370586934,0.2050518058339814,0.6978952641050781,0.708722210713422,381.82302602497236,195.19567605363983,481.8612408552754,291.1737028442738,evergreen
FI-Hyy,2011,0.5906830126207628,0.186988840542209,0.7718212581573617,0.7112192802347238,492.6363940741617,253.80573731610193,628.7127125307644,307.6513622749437,evergreen
FI-Hyy,2012,0.5673589822529684,0.1705517540638001,0.7431845489413993,0.6754062958176812,447.55414896118265,229.11394247747958,594.9803659958438,272.58742643934426,evergreen
FI-Hyy,2013,0.5361639533413645,0.1676734670416221,0.7677742856688246,0.6535440804338751,432.19785683407383,218.8855512932304,654.0179250655718,281.24640892713563,evergreen
FI-Hyy,2014,0.5704578811388143,0.1858468680729389,0.6120113714118773,0.712995357162643,419.6622484793781,222.85265539289955,413.56729497688593,283.7420492616977,evergreen
FI-Hyy,2015,0.5757898814708972,0.1239222173029272,0.6829920012980057,0.6994137410606238,440.3755411423072,226.7319968374933,488.3974213242914,280.90042647747543,evergreen
FI-Hyy,2016,0.5091723845398727,0.199932063275482,0.7846443493317622,0.6200088006522124,383.9848190677986,217.6069558279966,598.7604546617711,277.6917176065842,evergreen
FI-Hyy,2017,0.5754226000559611,0.2005151678563063,0.7557567642927571,0.7263397115372909,439.3781138923561,204.77141592918528,560.169841505259,267.7725465909829,evergreen
FI-Hyy,2018,0.7031838186799169,0.1274486637954184,0.8367677827897784,0.8483597100031183,527.7430266867088,345.55546652361073,651.7209214803337,409.64703167875444,evergreen
FI-Hyy,2019,0.5099557559010629,0.1833882888802454,0.658858062453849,0.702451746140995,371.00539608625587,215.1468214003631,493.42289938812064,310.90786834366514,evergreen
FI-Hyy,2020,0.5757346527282251,0.2207684377084483,0.6612677181672824,0.6656627735414627,361.59061786970375,153.68704362739027,403.25349511507943,180.29018197481946,evergreen
FI-Hyy,2021,0.5305354633482429,0.1706415928473889,0.6820093469982618,0.5867556395268332,402.226023374526,222.21334531658957,441.85763501284106,197.60873462020763,evergreen
FI-Hyy,2022,0.468639984003217,0.155259580858144,0.5765790868046669,0.3990978608123549,417.56406546970703,169.54651817488948,482.59421038601704,140.39264782610422,evergreen
FI-Hyy,2023,0.5516369561583456,0.1922816372248197,0.6328227957320114,0.7250460241853048,446.72724884335105,235.14013287258047,483.18944922479204,316.21934132824464,evergreen
FI-Hyy,2024,0.524931446723291,0.230124079474281,0.6985020485282656,0.6234321086799973,432.13121834338057,218.4379549558505,576.6474421651967,235.68550134072746,evergreen
FI-Hyy,2025,0.5593247122326457,0.1868277972148488,0.7878030244372412,0.6873365203532937,440.3842087013018,232.84197801797123,613.5429670291171,292.9875667531011,evergreen
FI-Let,2009,0.6439346926106415,1.4322835162591516e-15,0.7993798196055311,0.9082350414480392,-366812.0481858823,-592360.67521007,-517407.00444457115,-835492.6805083829,evergreen
FI-Let,2010,0.7329726136661547,0.1910973130901592,0.7503205940642944,0.8043590374251698,631.1440627419354,305.4775100332982,572.9442270529332,340.65211738649634,evergreen
FI-Let,2011,0.7274015855783785,0.2288756449803818,0.7986023717090536,0.7258727988068722,661.9083951030261,316.003174777842,706.7137069319791,281.8883263548326,evergreen
FI-Let,2012,0.6473599146134364,0.1916272993512518,0.7036392663745078,0.6917622623486434,531.5373498957073,308.35377541687666,540.3358418005981,322.03538607556686,evergreen
FI-Let,2013,0.5604946803572809,0.2454420668626399,0.6587560445278359,0.6654111683549849,513.5916610173089,231.32525151860602,550.5594483756151,275.98493741634326,evergreen
FI-Let,2014,0.718590582739052,0.1894849008070096,0.798784213978565,0.8059080100245598,538.5518990299538,307.36510908785783,562.0147390390615,358.6617208422439,evergreen
FI-Let,2015,0.6650358720723669,0.224823230415899,0.6666523445744514,0.7262724062068493,553.6665295737648,255.57787039471268,521.2735468215844,302.1081602581804,evergreen
FI-Let,2016,0.5932008909810883,0.1991092261667295,0.665221684904696,0.7025198680008694,352.5450969467835,193.35421658906577,409.31204984512544,238.91853413622138,evergreen
FI-Let,2017,0.4846953280810782,0.1870868642590429,0.6298200145912958,0.5386037761462664,430.5162854567364,108.84201427345091,549.3667174269276,124.21313743907984,evergreen
FI-Let,2018,0.3656273935313076,0.2262255079869978,0.5024785550719326,0.4410374470080094,263.1830987370496,53.01940625389608,345.91583899395664,61.19853820719863,evergreen
FI-Let,2019,0.3497261264599931,0.1705047979584126,0.5194479183215307,0.44140570717021416,310.6115475434336,-90863.08744645849,441.27477638404116,-130013.43563402804,evergreen
FI-Let,2020,0.6766954475102949,0.211565348901232,0.7438644507772514,0.5060478527187382,644.0852035924268,253.2309240402693,694.3693617592161,190.72615814482396,evergreen
FI-Let,2021,0.6969998179645424,0.1962140021043368,0.6749525061677478,0.4643753461946959,638.508596223696,378.868203596983,503.6856197190168,243.19967357565037,evergreen
FI-Let,2022,0.7002126573933514,0.2063126224016845,0.751298117385196,0.6696642686121287,588.5514863477125,265.3197639367886,591.7279980515315,254.78194213261236,evergreen
FI-Let,2023,0.6724872251986446,0.1668702749059107,0.8148947888503478,0.6503349959777323,564.4844558650858,274.7680866548066,660.6007214487532,268.1437961409909,evergreen
FI-Let,2024,0.6648768546332298,0.2176282039524147,0.7573973027407057,0.6126907040255893,-265654.69507830945,-6419.559087426725,-286255.08433671616,-6610.662105551673,evergreen
FI-Var,2016,0.5878305522009504,0.1654662227313177,0.639691049634214,0.6255387023396047,216.62385330418925,86.17548890571487,248.4820116283314,93.18821916462929,evergreen
FI-Var,2017,0.5624289271232622,0.2394052675930755,0.6825986761873567,0.5154859128322425,192.88312491269372,31.26608148757935,228.54983221409103,32.92955193856235,evergreen
FI-Var,2018,0.5754401402156205,0.1744085321614482,0.6660133908523541,0.6359074821708711,229.8229943278668,85.22436919431183,273.57487791268625,110.3447367033016,evergreen
FI-Var,2019,0.7662632079259432,0.1683065382043161,0.8143198595424433,0.7504688142533308,279.6334343575588,109.98798463557137,319.7840557433085,110.51394758820399,evergreen
FI-Var,2020,0.5246999731975464,0.19208267520051,0.6548194389926562,0.642264618621179,198.4125517331923,58.46528390901649,247.52089845666245,69.4095134836271,evergreen
FI-Var,2021,0.4878217165116171,0.1889830515237357,0.6935701114910076,0.6301086471700813,174.37187959171024,45.43457634001396,255.56643419595463,67.30002718322552,evergreen
FI-Var,2022,0.5501249621711344,0.1723279313960814,0.6123244767034579,0.6335037197277386,248.23379731333335,64.95759793821715,296.39609874713756,81.28672301462433,evergreen
FI-Var,2023,0.7011457272629068,0.2046365487930515,0.728223013045719,0.806141472163815,307.3201481425525,149.5222608440272,341.494764601689,176.60587362527792,evergreen
FI-Var,2024,0.6022908165121702,0.2455156223634195,0.6878368894435889,0.5735034537404371,251.53840339374867,92.20852715226003,316.0906808417578,102.17335298760352,evergreen
FI-Var,2025,0.6071888216983528,0.1977380128800704,0.6576599321796454,0.6920089957130028,269.19653756003527,98.0397285229928,277.6075593502573,120.72076051235288,evergreen
FR-Bil,2014,0.6252827047051195,0.1293256683829566,0.5743060049319506,0.7226986064196508,541.0177747154501,-562685.7729912788,544.0639197235904,-650349.3874578484,evergreen
FR-Bil,2015,0.6118996762421016,0.1147522020737226,0.7322695211347181,0.8573325783260064,421.0651896592835,468.8751698857839,518.1714474243381,650.853317320357,evergreen
FR-Bil,2016,0.5870647419277132,0.130009045579449,0.7232400890352334,0.8813475386564122,423.332923331497,410.61948667633453,559.2533951150269,616.9020099889915,evergreen
FR-Bil,2017,0.4276948049584135,0.1305914771665322,0.651458481727097,0.5486301150735167,368.60213410698384,273.1509354233771,558.7895145935627,350.36092872063233,evergreen
FR-Bil,2018,0.5855954556117066,0.1504990917324135,0.5448792371312527,0.8362017596393748,379.42576537149466,430.76377119788,342.77786633212,613.7329385724069,evergreen
FR-Bil,2019,0.3976024139216808,0.1338026538215863,0.5552318143642091,0.6674349841485725,270.5672578185103,253.13335018986217,376.4242664268131,418.89611658402464,evergreen
FR-Bil,2020,0.4251004222426039,0.1269623484839722,0.44203027225648106,0.5751899246233815,366.7570811894871,308.8849299463924,407.46950472728184,412.30557855445903,evergreen
FR-Bil,2021,0.4770749418640423,0.1200068925105611,0.6236642682606979,0.5488780776154375,450.74652117390195,361.81916043751653,625.6858818935237,411.27115860407696,evergreen
FR-Bil,2022,0.4659826243563519,0.1788467888365466,0.5052968397853298,0.5207364381178972,176.1541402848325,328.8156388835004,190.16831950689996,353.5615863663392,evergreen
FR-Bil,2023,0.3374454491541976,0.163534468725007,0.35100099970004917,0.5853076266120041,340.04375211704905,210.893845891799,357.58985250038,354.6967124380653,evergreen
FR-Bil,2024,0.4765627728709139,0.151084623528163,0.5764401988740421,0.7664179259164354,522.72831796069,402.61763459381336,643.0319109591408,659.8657768451545,evergreen
FR-Bil,2025,0.3719600533815763,0.1761701274920636,0.4887540740206702,0.6110591760173361,283.7378649160331,354.4128676201047,347.7238609267197,591.6858217045324,evergreen
FR-FBn,2008,0.4105380707321602,0.1614169919321647,0.42698275608643405,0.5872337318846763,205.84225776863937,254.93033142397206,214.4515110232331,356.064759637353,evergreen
FR-FBn,2009,0.4091932174593097,0.1771051620314377,0.5616356641676288,0.5362746278284901,208.04807618140606,253.47638269351717,288.9713770287683,322.50486940519824,evergreen
FR-FBn,2010,0.4371711787591963,0.258504356633548,0.46878463742167353,0.8580328350176509,261.66748004593353,262.35540824111723,252.12240367178794,513.6398567352641,evergreen
FR-FBn,2011,0.3906568979556234,0.172878757407507,0.4308494736392328,0.511738655299957,181.04421740594933,252.30613296591832,209.69120260884296,316.47482834542154,evergreen
FR-FBn,2012,0.2695487505761214,0.1438179005540525,0.3460085114786908,0.3540212114630446,135.2110793053316,173.4592755635591,171.45366761714328,201.77950111604298,evergreen
FR-FBn,2013,0.444804271399275,0.1283951351313344,0.4727613502290433,0.6213638236922678,256.3168289621562,253.32638315728258,267.8847538865123,337.3024499902583,evergreen
FR-FBn,2014,0.4595005509862123,0.2226322362263145,0.49093701190672284,0.7942090769435819,272.6468864328985,301.49286553870564,278.39194747783705,518.8692197187639,evergreen
FR-FBn,2015,0.2753029487200895,0.153498643987938,0.4417748447703269,0.3808825371322214,147.52901021764478,185.2926578951447,227.55578098074943,254.45837053055186,evergreen
FR-FBn,2016,0.1818859605650065,0.1316051872581134,,,-232790.748120256,-127292.36529353131,,,evergreen
FR-FBn,2017,0.5084695011254784,0.2170184189732846,0.4153645786540984,0.7274468640819799,188.41789190203303,-14962.048217291991,134.77128100990132,-25070.601105675843,evergreen
FR-FBn,2018,0.32385256911073,0.2042028445357797,0.34795284292295797,0.724688053271556,258.4234256316488,238.78369197090123,249.33866734698123,536.6567409357274,evergreen
FR-FBn,2019,0.4438707508400594,0.1615860533645267,0.46699060259901726,0.6440850573753572,208.85332103335142,284.49153561056295,222.94068726313756,419.18299605820664,evergreen
FR-FBn,2020,0.4812117540187223,0.1829059866571211,0.5322751666295223,0.7493026332115773,263.290773660638,386.9457976341432,288.5900624909898,610.8942360995582,evergreen
FR-FBn,2021,0.5343084357220121,0.1633552877106115,0.610333774168343,0.8259809401760198,225.17954290459062,361.33830463402006,267.8109974826617,551.025805088225,evergreen
FR-FBn,2022,0.4792167270208657,0.1848266562130507,0.651336749629338,0.6194001176580047,247.00700493540984,286.647371715187,360.6174908715593,382.03188376000645,evergreen
FR-FBn,2023,0.3572934939269664,0.1606106850275558,0.48119020294811893,0.39413847051049977,186.1059598419083,230.96945613101363,276.30129554678894,251.05427728967206,evergreen
FR-FBn,2024,0.4096657174259673,0.2104753656557459,0.5045240798259207,0.7275451656186621,230.05691957571625,283.08684764651775,319.7690279706763,509.2170123231407,evergreen
FR-LBr,1998,0.6573370169290259,0.0253490720588616,0.6121025300064886,0.8587546789851611,580.0584394740971,-394152.6000978467,595.8914739591817,-511852.74633066135,evergreen
FR-LBr,1999,0.6271964128729373,0.0525517319295589,0.8471449990287205,0.6988013485242149,-652096.6948542505,345.50783999956815,-888966.0895892871,371.54800604469926,evergreen
FR-LBr,2000,0.6228463742786798,0.1014734556393249,0.7014779122975878,0.8313696085258527,634.1572146078707,-24437.050332308987,744.4808087825443,-32625.332957394923,evergreen
FR-LBr,2001,0.4759588087239009,0.1796534603120179,0.5544743222827496,0.7939890724958469,395.5567387432386,332.2894809710981,524.3496095146136,551.7364447155206,evergreen
FR-LBr,2002,0.3922218033759692,0.1345746448625215,0.47735637462387953,0.7275432777565672,265.01407869647267,220.53695731163913,315.4228617906571,413.4093028222297,evergreen
FR-LBr,2003,0.4186309605462043,0.1973717341133278,0.5887664144430871,0.5743157803346212,306.7476039812201,265.07638742736606,426.15168614511043,359.4274248654255,evergreen
FR-LBr,2004,0.4834336052772527,0.2144435266177225,0.6125824210886535,0.6953743589481333,444.7133339004309,321.97782273819485,555.209204526399,443.2943707672907,evergreen
FR-LBr,2005,0.4899439617019387,0.2093057623586277,0.47440284622517415,0.7081287378890972,266.42872639276754,279.833941486095,256.6888938390118,413.6983848534168,evergreen
FR-LBr,2006,0.4903277545366249,0.1511288673726277,0.4643561138802046,0.8152872424540771,338.37074152659653,273.4037747368745,321.25181413363623,454.86869023813614,evergreen
FR-LBr,2007,0.3591266165205614,0.1818850531036089,0.6137724190021411,0.5843323674890799,371.18452610254,241.6244780471959,661.1388486639638,387.1581637305858,evergreen
FR-LBr,2008,0.3843654605009412,0.1564053216275811,0.5676123153862999,0.7506554195751484,375.32656935434784,266.10526011139643,554.3584979565416,523.9739975161464,evergreen
FR-Pue,2000,0.5967796842624473,0.0889038574780528,0.558158755696124,0.6735904944051868,245.75581888426683,-531067.2602365698,229.234656135367,-599471.9412278787,evergreen
FR-Pue,2001,0.4144571504255691,0.1625680880555563,0.4743751067615271,0.6843387087456364,192.2751107201242,224.91228683542215,222.2836718210357,365.3694573903823,evergreen
FR-Pue,2002,0.3617962692125027,0.1643633474269187,0.5205276462920378,0.5521911354139136,187.3162083082622,209.9557136897638,276.45208220551166,302.0941731221228,evergreen
FR-Pue,2003,0.4768134617003589,0.1487167159824257,0.6832749566607801,0.614859547484303,194.46293148637778,268.75819257751573,254.63432975622842,327.0225926336976,evergreen
FR-Pue,2004,0.4964115235628012,0.2166771443751957,0.6547912855491265,0.6611178814923746,302.55985258855884,274.6098048405125,401.85413144730364,350.23465465335227,evergreen
FR-Pue,2005,0.5535752040841188,0.1952667554416715,0.5376915135366052,0.7398952708623594,201.82219492111975,251.15184932521495,207.6713031814523,336.3114422799018,evergreen
FR-Pue,2006,0.494270055823314,0.170806852956288,0.5378734944445921,0.5603760838314287,159.58850448322227,176.61363359043597,195.27416910790643,189.8398186959655,evergreen
FR-Pue,2007,0.4506518836099997,0.1809047802189359,0.5760631072720078,0.7777812649642053,236.20097152840702,254.23422363924905,320.268086349864,440.9522822308527,evergreen
FR-Pue,2008,0.4274559050392005,0.1732032433972912,0.39534016960306695,0.721544643928785,199.59570973579858,196.12256125949847,161.46433282833206,327.0208069350686,evergreen
FR-Pue,2009,0.3854619401181762,0.1797214336121681,0.40777516804450115,0.517494125041939,158.3797511334383,200.24584353276643,161.65681647456356,260.62036492536794,evergreen
FR-Pue,2010,0.4538825010693159,0.2062991553675564,0.4927533406510539,0.6981516370279164,181.0894954814696,209.2665933151704,187.92042060728417,314.5575367420689,evergreen
FR-Pue,2011,0.3143120968163967,0.1378309283050047,0.2759286785508299,0.4386335510432134,156.4641296160692,160.70856088246572,128.3838228390078,219.42354198865337,evergreen
FR-Pue,2012,0.3622623664797473,0.1715957671727841,0.5410851919548315,0.6402717178150418,202.51773832380823,166.73976443981704,281.42523819504265,297.28762817058947,evergreen
FR-Pue,2013,0.3578660110443844,0.1847684296077135,0.47601358682265105,0.4936430687250067,107.2950135687056,116.55924906602866,122.85102429419511,155.7316081334598,evergreen
FR-Pue,2014,0.537319039521465,0.1777149251440357,0.5810916908646546,0.6436350809626529,145.30764269835672,102.94219994720184,161.08957244364152,122.73383416526862,evergreen
FR-Pue,2015,0.3740404092212799,0.1680923298037796,0.616285841792548,0.6082153931191296,271.1452455427341,207.02568146379866,458.826813127715,327.8977503312725,evergreen
FR-Pue,2016,0.5124812520020452,0.2119302501053169,0.6246362715653208,0.5989188475533935,204.27102918176834,339.25464024113535,229.69212712838024,379.0213488844739,evergreen
FR-Pue,2017,0.4199493668235265,0.1253961603978126,0.40493627937275917,0.4290411316797811,114.15607733401819,251.52003406057696,113.81739008310707,262.6947667240366,evergreen
FR-Pue,2018,0.4007537706519278,0.1684139316527323,0.38349912990244744,0.5217400353432706,211.93343904266573,254.83214365451346,192.3697386303994,293.55499469977275,evergreen
FR-Pue,2019,0.4797121596853376,0.1907199480791875,0.44041617055791704,0.6302239320447034,180.12489441496297,275.6869659386011,175.0108848885202,361.90521280464196,evergreen
FR-Pue,2020,0.3860038006925577,0.1672785700986669,0.44011084182296245,0.5713479947492952,238.19003821228978,235.3081102900873,272.3737933765387,347.6377955989205,evergreen
FR-Pue,2021,0.4050173135969787,0.1714126662677703,0.3969725560788675,0.630782779010203,245.71927558215071,227.07331854860715,239.34958104514664,356.19568890224633,evergreen
FR-Pue,2022,0.4879062465086523,0.200618557149712,0.500084327570558,0.47066208834515916,197.46781463408962,278.4158774572184,210.14876254403495,249.0387772170326,evergreen
FR-Pue,2023,0.4899114464150303,0.2218914199678634,0.4500802592524339,0.6615826388644512,151.5702039487074,238.7120663751367,138.55542280241016,317.5971379927497,evergreen
FR-Pue,2024,0.4211173814664524,0.1561952813610371,0.5067079520958604,0.6897272018128746,239.4280114557582,241.34894032845736,278.9007021490617,389.1109685380029,evergreen
FR-Pue,2025,0.4313001429572468,0.23539511941503,0.5551660736292467,0.6507613942109841,258.62894052095,250.19405753765298,314.44876605101297,381.391213550946,evergreen
IL-Yat,2000,0.6069808972224671,2.340541864116023e-15,0.6065074437855179,0.5986655024323915,-521937.960573847,-564435.7851934526,-515339.7741094405,-556703.2413703979,evergreen
IL-Yat,2001,0.3119873903223995,0.136771010190829,0.44653394594190393,0.34530438891191695,29.591523511498494,73.32630212728168,42.495677428946514,74.50821742550379,evergreen
IL-Yat,2002,0.3030484856941972,0.1376963972104055,0.2720925756574239,0.460694577719288,25.466500393656816,90.75209293092097,25.271218843556323,143.4078677220429,evergreen
IL-Yat,2003,0.4191167620870766,0.1194868021800176,0.4341644382919128,0.5221489050806946,-121495.41564533215,134.75987824647925,-132915.4108182833,176.51164013195955,evergreen
IL-Yat,2004,0.4042449114203863,0.1548687818484509,0.3812266780559706,0.34617983290420823,44.06856498093593,93.85159302824296,41.4924663461022,78.46048572901945,evergreen
IL-Yat,2005,0.3359257417551394,0.1488042091887166,0.4537538341225166,0.44322333746353576,37.15075888948522,108.71986098486886,47.502441043720644,153.83905129514162,evergreen
IL-Yat,2006,0.4587814571587432,0.2031441403421931,0.5007768267707122,0.6798115023037135,28.12900166479774,71.34485390808054,30.40515148572726,121.67903951425542,evergreen
IL-Yat,2007,0.3890533479776533,0.1596698608849695,0.40614019450585587,0.5048948522795823,29.474930633039186,86.7029799065786,32.34230699848282,128.57167038536974,evergreen
IL-Yat,2008,0.426848475003168,0.1362642376380698,0.5200664315989718,0.4597512838422996,39.3433649499946,73.20993746930003,48.13002720671178,67.98020409008963,evergreen
IL-Yat,2009,0.3744001586772323,0.1839910658538608,0.302430755377382,0.527893182148507,27.95262625288419,64.63830584762674,22.633158046046653,91.24912526215758,evergreen
IL-Yat,2010,0.2485251342204711,0.1333287475085117,,,-320565.3634020933,-228620.2591704851,,,evergreen
IL-Yat,2011,0.5473044036940982,0.1492236799381839,0.5120223388132344,0.5311892262056614,-339288.1490590044,98.99417604482893,-326780.7291376871,110.03487163332274,evergreen
IL-Yat,2012,0.34384675110192,0.1966152409634345,0.2526808183520219,0.47874931890562455,24.239909632648732,92.47520944704502,19.61594894400248,126.04825968569722,evergreen
IL-Yat,2013,0.2808367708895624,0.1950572615522341,0.3749193452151116,0.34308547520175364,16.392018028630293,40.03429941468115,21.95073839203723,47.901361500911136,evergreen
IL-Yat,2014,0.3337011658300584,0.1540316168041137,0.3646693047857123,0.4838086748404301,27.79849228670442,103.41048609368922,30.86077814696265,154.8409497651439,evergreen
IL-Yat,2015,0.4018044330756541,0.1751842122165908,0.4351467521180962,0.5791896280784503,20.47767415485466,109.95123205480716,20.4774515928085,171.5496748707595,evergreen
IL-Yat,2016,0.3618336313180195,0.1062108504007255,0.3033153957737145,0.4321709368513453,30.08406169777958,98.94782845272077,24.999633283846062,104.73898507819429,evergreen
IL-Yat,2017,0.3717599012243842,0.1710145727275219,0.4099519098622959,0.37288472560507163,21.960868292023772,78.9314655533198,23.479461762854015,67.30881016072408,evergreen
IL-Yat,2018,0.3513492879405216,0.1269200732479969,0.34134414879191044,0.4634698749023644,24.18015534296908,69.57580747494595,22.97561563667492,99.02363644378451,evergreen
IL-Yat,2019,0.2919337533894089,0.1770371866378072,0.25560254655888776,0.38278073436630794,11.553188768900377,39.49090794585279,10.2685714942626,41.94246076262121,evergreen
IL-Yat,2020,0.3377975454755582,0.1817752617189185,0.3055440638593002,0.39103144926411565,34.29373989498518,92.50992930229722,29.843337656384573,113.11069679903522,evergreen
IL-Yat,2021,0.4028828069329754,0.191735160721725,0.33624505233793295,0.47423918169797474,13.592966672771395,35.426205519729386,11.055191743951802,42.670312937904825,evergreen
IL-Yat,2022,0.4587513996141252,0.1458488027477012,0.3668757967343451,0.445635486017974,15.736476438766157,52.64257182792275,11.531866801024124,58.762030285011654,evergreen
IL-Yat,2023,0.4149366812646469,0.1620156401553859,0.40571365190546527,0.4703658447763429,14.802504271031477,112.00709529481668,14.230734213055001,142.1649088103298,evergreen
IL-Yat,2024,0.3734233689198878,0.17769354773992,0.3826408131771986,0.46679919411515797,9.438847285943302,38.59493666456921,9.528968696065355,54.38800644270432,evergreen
IT-Cp2,2012,0.5538919659625271,0.1507682110318169,0.5357574047706525,0.7330840675640401,-276627.016463955,273.3345530817752,-291711.396523286,352.9909209036372,deciduous
IT-Cp2,2013,0.5928903760964079,0.2073102273530814,0.3891511226019877,0.8293628252434143,410.82622786852164,424.78750372457216,293.0278324027895,594.9233891313556,deciduous
IT-Cp2,2014,0.4887113875410772,0.2282785431560017,0.5000056115026269,0.5830814246504488,459.23743833994087,327.567633627066,476.0967021895827,385.16106535334114,deciduous
IT-Cp2,2015,0.5467801680965737,0.1804332459986843,0.5778564516909462,0.6462910905458835,489.58974999896907,351.31993024015185,505.62879767668494,413.88455975602506,deciduous
IT-Cp2,2016,0.888694077280481,0.1002983056742805,0.7186635207976645,0.7948384449393839,-408439.2785710223,-773056.6004059361,-341241.1166489686,-685362.3037145563,deciduous
IT-Cp2,2017,0.9072591666809944,0.0765636612950694,0.9164823774994734,0.8834024926280152,-1024960.5541398431,630.5025340980071,-1039289.2330286793,614.2975253157396,deciduous
IT-Cp2,2018,0.9077846644062684,0.0775213510783755,,,-1170925.1128623781,-835078.3750646418,,,deciduous
IT-Cp2,2019,0.7040164705199237,0.2158593089730245,0.815077125794475,0.922790928969411,585.7644432045743,385.57935217884557,664.8015378148364,505.0045041278655,deciduous
IT-Cp2,2020,0.5369263768641377,0.1804344792367707,0.5338965988642135,0.7296928345985904,476.8856172807282,497.5780387529479,455.6725781454439,679.2738581479874,deciduous
IT-Cp2,2021,0.4935273422389797,0.1924822037534496,0.5232482796770178,0.7218107422564686,426.48306921928656,-241557.72698903078,427.1175954200317,-343894.109296848,deciduous
IT-Cp2,2022,0.5236565871676522,0.2744310167914048,0.3894146480563473,0.4631259718888965,391.7094670133868,365.03418366923955,320.20656977855134,333.8018061986782,deciduous
IT-Cp2,2023,0.5016793730049508,0.1620817720975683,0.460946810467197,0.6358614829368388,510.2049373537656,388.23372841485104,499.54261128671624,492.07207089616986,deciduous
IT-Cp2,2024,0.5347868255496306,0.1831245255825095,0.6596567759429933,0.5642579862531452,304.5794825867902,358.7801064995591,396.882376524927,384.979322533756,deciduous
IT-Cp2,2025,0.4807019472511237,0.2551174304138103,0.6505226943290789,0.6692261966177647,-47358.0571717425,363.43384195570707,-65705.62918440836,500.431354635305,deciduous
IT-Lav,2003,0.7531503418870777,2.323638287217721e-15,,,-971466.7846402269,-692829.0247046578,,,evergreen
IT-Lav,2004,0.7618703902957918,0.1405896266502829,0.785265106737591,0.8377933689649166,923.6990970496273,611.1134202335558,963.29927253016,663.9301182948518,evergreen
IT-Lav,2005,0.6605091635998998,0.1532205559604525,0.6565229842396082,0.7078473136159505,718.7472935538898,545.0059525815518,727.0594510411796,571.0156716968236,evergreen
IT-Lav,2006,0.7190344817399833,0.167993560866539,0.8333156997612341,0.811390032891222,771.8209407340297,578.7269105042707,894.0508542505484,640.4055546372966,evergreen
IT-Lav,2007,0.6497084650612072,0.2079410663504036,0.6435100195338715,0.8149242575353404,658.9566557450205,467.81993595386945,638.365030131266,576.5826026216354,evergreen
IT-Lav,2008,0.6482613765069323,0.2569022968607153,0.6186927000275724,0.6126243743144364,841.1473418702365,452.77362707424504,796.8538911761033,392.9501459793108,evergreen
IT-Lav,2009,0.7669496944530879,0.2194921591360506,0.8146068297009093,0.8572798123672477,1063.4652467190522,780.7980786617973,1117.9577329519466,852.8529070905881,evergreen
IT-Lav,2010,0.7686918398529888,0.1673553511717656,0.8008378420547982,0.7700751473409263,886.0590637642405,630.596189398113,923.5028924651169,620.5775727140357,evergreen
IT-Lav,2011,0.6847829543680731,0.185567330820588,0.7769748511465395,0.6743455946818223,730.2962645601837,560.559299921933,830.5689222130464,552.3908940184872,evergreen
IT-Lav,2012,0.7146430578080262,0.1595145927730432,0.791667458478599,0.8881246366107232,816.8756343854178,644.531049646222,895.8888204254882,801.7104914347901,evergreen
IT-Lav,2013,0.6308228259629716,0.1650447707982508,0.8108555657785325,0.7407704150109192,680.9849550069059,419.0839524650008,848.1806705158333,503.35031590160895,evergreen
IT-Lav,2014,0.6970592419029644,0.199969266587551,0.6862917405587956,0.7999542430814234,777.0959395584762,533.3034359700008,760.228335709416,608.1142012421167,evergreen
IT-Lav,2015,0.7433383543007432,0.1508129312971365,0.7138687856063597,0.8816497519967987,824.9165869306275,628.5914499957839,798.6485815316951,737.5053712697814,evergreen
IT-Lav,2016,0.7471280681814096,0.2032030444646068,0.8160822595139645,0.9609544663535787,855.3204532766698,636.7250581441723,923.6160565846433,818.8970111360126,evergreen
IT-Lav,2017,0.7050296504456135,0.1471229293097862,0.8209628584325344,0.8866956376607237,809.0781236666793,635.4815211572436,938.0736242519189,801.9278839019019,evergreen
IT-Lav,2018,0.6723031792247955,0.1165644222762099,0.7947909280472522,0.9147652795564192,830.6705174472031,582.8383429904849,992.6258685939907,797.849352223087,evergreen
IT-Lav,2019,0.7072289512671134,0.1993022007390295,0.7356528978443707,0.8692767076683008,914.515381301457,610.0422418683589,952.1276118139446,745.2202475525012,evergreen
IT-Lav,2020,0.6799733340946994,0.1274943608203663,0.821595215654831,0.9184189162403393,844.8182563190096,658.9525092495624,1041.4136930942263,887.0036560158842,evergreen
IT-Lsn,2016,0.4861168772863166,0.2021501171777812,0.4662666875921739,0.6116851543300572,322.01635744095506,186.07030086109907,285.63246140417175,238.87768358533512,grass/shrub
IT-Lsn,2017,0.488105197627968,0.207929650555795,0.5950301279472294,0.6790911415003759,319.2033787741878,213.27544772698295,370.89034143591454,305.0166475601441,grass/shrub
IT-Lsn,2018,0.5193832290053788,0.1728435550260823,0.7120634512154327,0.6764262857131085,373.1592273674045,311.9737311858531,510.0667153839516,429.7327796804647,grass/shrub
IT-Lsn,2019,0.5875243322671108,0.1830171088202744,0.7344744646484703,0.6823062447940154,358.7412292355799,225.7360913898192,433.22620988457635,259.34632446065075,grass/shrub
IT-Lsn,2020,0.5147689728759942,0.1610012525598497,0.5188897524485738,0.5301602721976106,417.99744813739665,235.27320293087624,443.2756228562206,244.24967936259478,grass/shrub
IT-Lsn,2021,0.2435995899004054,0.1329836731348246,0.36313771596360545,0.5018283096091566,172.5415758848801,-43733.449741325516,247.53583235322873,-89635.12417713866,grass/shrub
IT-Lsn,2022,0.5165930202184044,0.1839771507036219,0.6934501885226981,0.5385058604052794,348.14566404905605,209.8542384282838,479.7617770496296,265.6484169845512,grass/shrub
IT-Lsn,2023,0.440369890936422,0.204071312987351,0.4416916307875515,0.776406644903413,362.00152783804435,273.07933241836844,403.19072988139436,486.6358758792645,grass/shrub
IT-Lsn,2024,0.5269081667899257,0.2112680344192958,0.47565255465007616,0.7807159171483463,376.44345976972585,306.1658758775094,298.8864875223594,447.4652135824959,grass/shrub
IT-Lsn,2025,0.3974330457917572,0.1726844382580923,0.5254253098233962,0.45650344912794416,356.2243380091295,231.81950819730474,456.32068257688974,256.25005631035987,grass/shrub
IT-MBo,2003,0.3704766463078801,0.2161482836144736,0.5939778625474434,0.6120520509078555,251.77951171048176,341.0834663522555,414.5076071759739,544.92008954881,grass/shrub
IT-MBo,2004,0.598693139151254,0.1600865078764519,0.5514014463437352,0.5893435950102801,604.1241061329565,192.7287541546471,559.7695619184452,221.52604086931032,grass/shrub
IT-MBo,2005,0.6343766933315599,0.1627318088383209,0.6928405153369411,0.7320336209674951,559.8557843828397,345.98293855659847,646.0757597966301,399.6070553605815,grass/shrub
IT-MBo,2006,0.6105710217973214,0.1729933821124765,0.5860801173610336,0.6698181428081448,554.1790980229866,296.1552222758052,565.6043314153684,392.4154485335806,grass/shrub
IT-MBo,2007,0.5689172421389768,0.1305834646353758,0.5018786547108082,0.6669175526820541,474.16704691548586,337.20757509304116,448.98751415136906,412.74519931372714,grass/shrub
IT-MBo,2008,0.6043056732991245,0.1540967339272955,0.7141645417632337,0.5474967625272609,599.3987928132016,282.6619249528348,731.6238427536293,284.0082125519457,grass/shrub
IT-MBo,2009,0.7300128352121076,0.252602179522247,0.882750090941538,0.6236874118878899,723.9327714713738,307.61425806626437,912.0065042250902,326.42464989229,grass/shrub
IT-MBo,2010,0.6103467854732209,0.2026659685323081,0.6282326102442731,0.6534690243966734,537.1535606692455,243.34237817346968,551.6259626816144,319.05120426233486,grass/shrub
IT-MBo,2011,0.647759271339278,0.2082257663590037,0.6790962593321382,0.774102436816445,673.0666366095667,349.83245807481666,783.4769440043661,411.1689024919418,grass/shrub
IT-MBo,2012,0.5702414928044197,0.1882639238645022,0.705730443546015,0.5280174557272674,564.638542248758,304.65714239284625,747.7067692028952,371.9894383823542,grass/shrub
IT-MBo,2013,0.5349395734852121,0.2061882804499424,0.5832101385677677,0.6613917784529033,505.6725586730115,232.16560631170586,603.5005769491653,287.04629618945273,grass/shrub
IT-MBo,2014,0.6069102935298754,0.1907818136528909,0.7010440823766477,0.6181646826546865,561.1838992303672,-66549.47081412075,670.6489523356353,-56570.62593003091,grass/shrub
IT-MBo,2015,0.4428138478264368,0.137889150526943,0.5437537618203234,0.6059201499758503,393.7307149942822,298.31458002859085,514.9746790890041,496.75020572810524,grass/shrub
IT-MBo,2016,0.5096394034888648,0.18200796461406,0.6881352961209879,0.5073137793319967,554.847357668767,248.01295506841842,780.8085081913282,272.2153726245844,grass/shrub
IT-MBo,2017,0.686344061211634,0.2192705351950063,0.677010566867062,0.6388847336186356,684.4344378939962,420.7477112319445,701.7519504769255,423.7977263386754,grass/shrub
IT-MBo,2018,0.3462801926265214,0.1478925594995557,0.41197784772801066,0.4382199004267016,341.55316846480275,213.5218482850783,430.70525228482893,326.5043515195732,grass/shrub
IT-MBo,2019,0.6145225687884989,0.2126696662860184,0.7996454143750175,0.5692705965420182,669.1134518218071,285.4602644487283,876.0679194150819,293.41009515079315,grass/shrub
IT-MBo,2020,0.6484967323780181,0.2264746962537235,0.6780477342074496,0.6680086422233233,658.9761701228546,418.35053788435556,741.1217805273563,489.4497253781219,grass/shrub
IT-MBo,2021,0.5044289988248153,0.0874612882648111,,,-650648.3371431633,-464028.2714509382,,,grass/shrub
IT-MBo,2022,0.5052568053214348,0.0882502434394835,,,-651716.1007367644,-464789.7772696304,,,grass/shrub
IT-MBo,2023,0.5048326248218664,0.1684332997707109,0.5514274162525251,0.5690516940917587,468.01760166121113,269.3076706191687,571.2368827992252,337.9077579404682,grass/shrub
IT-MBo,2024,0.5465674386206465,0.2561933429434204,0.7163083580195834,0.623694264030084,532.2955910013555,257.33112609581553,740.7270525607686,323.66604643926314,grass/shrub
IT-Ren,1999,0.5697881482383128,0.2013234013451905,0.7033624033568083,0.591852068195437,340.0130343317126,156.20478294832236,438.2876529095395,160.1370648662758,evergreen
IT-Ren,2000,0.7965573256147895,0.1948187513904736,0.7349230238692903,0.7481266561366717,-358046.6936517535,326.06617457726634,-310116.9243633634,310.80739102208406,evergreen
IT-Ren,2001,0.639322856311375,0.2042961770047585,0.6891212290131536,0.7364257616097719,422.70437237791555,165.0205131984475,470.0563970761619,195.1489073349748,evergreen
IT-Ren,2002,0.6021566241118065,0.1637661763497401,0.741022093700338,0.6802749592735866,548.9615756313137,247.21710553019176,677.3369076762768,291.0967321490778,evergreen
IT-Ren,2003,0.6914702605899418,0.2450043637865434,0.7494635628232232,0.7751745286280386,490.14700910615517,350.84286262496505,517.4276249972603,400.99801059784124,evergreen
IT-Ren,2004,0.6070004537722953,0.1806042914315787,0.7114227733119077,0.7974631703926344,560.2641321238569,287.1808902132827,647.62031262526,372.4609800964315,evergreen
IT-Ren,2005,0.6255715891321311,0.1759013273114083,0.6570298081475222,0.6892567759824564,549.0667961056705,346.18366543404306,538.8497648344783,363.6311239784753,evergreen
IT-Ren,2006,0.6371190787584778,0.2023657549524356,0.7401799167532724,0.7384177983265969,535.7181235515402,358.2715117798429,618.3929328943202,459.1951181613211,evergreen
IT-Ren,2007,0.6713070708323255,0.213414629299025,0.8634578014442714,0.8150378592236843,500.68955208245075,360.15416305379944,641.0508150998951,435.4354022073148,evergreen
IT-Ren,2008,0.701723876129704,0.3087289077751625,0.645050846004316,0.7746105749610296,735.4823360849925,345.2679419846361,645.6616724495346,385.62216205472674,evergreen
IT-Ren,2009,0.685053370234887,0.2365033176432756,0.7598996787336565,0.8777726621769565,748.7181002777482,400.2830277539475,876.9609699247502,522.864624343079,evergreen
IT-Ren,2010,0.6328086698740659,0.2212966328582472,0.8467345190046606,0.814037481990334,643.7962622301446,373.88830368251257,862.0780617823611,483.28005701221446,evergreen
IT-Ren,2011,0.5700034626049792,0.2197538901256917,0.7055796660438141,0.5621959905526637,527.5309496368362,352.7634140449716,635.4522817290357,373.0878632787259,evergreen
IT-Ren,2012,0.6980656115990522,0.1960924274228143,0.8922827024362554,0.7935272299271653,624.0143403263369,404.17886523021656,797.4361657647812,447.51799605504624,evergreen
IT-Ren,2013,0.6137350564107923,0.2447159563450082,0.8728456923062948,0.670811505367537,563.0324425171915,308.75157257255404,790.3273120619417,341.2109158434902,evergreen
IT-Ren,2014,0.705229173509286,0.1929334957827508,0.863920490685256,0.77042418218047,763.397625969114,419.55841626083236,933.5617717595328,453.61126602646095,evergreen
IT-Ren,2015,0.5853286144491668,0.1910348790542428,0.7114711660202507,0.874276898005671,532.8457452682422,-34746.036049068556,630.4956065967635,-49810.954864823034,evergreen
IT-Ren,2016,0.6165534423592914,0.2670931663327408,0.7485071778979074,0.5776985403702726,562.3526845662033,349.6938589740261,647.9438898071128,299.9444636095569,evergreen
IT-Ren,2017,0.5552995353860574,0.2344018987712659,0.6481862083623413,0.6293237118127838,530.9736896762656,277.7080958009261,607.9156346982165,305.5022788151846,evergreen
IT-Ren,2018,0.5862016148999107,0.1650744661527072,0.6721501157843714,0.6969213462851058,577.4309746678367,176.78167328389398,708.2992514934363,221.53466409380553,evergreen
IT-Ren,2019,0.6647826114231503,0.2574257662022274,0.7816512499136817,0.5856210132279976,662.7090879798603,364.13673423877816,785.6766210130368,279.7678072874128,evergreen
IT-Ren,2020,0.5833923262045122,0.2368790610589558,0.6384343857291329,0.8153739267244066,546.2348082377299,370.9123718944293,578.8515665442366,528.3475409898249,evergreen
IT-Ren,2021,0.284864417933009,0.128046831277639,,,-367438.3516236683,-262049.05697191844,,,evergreen
IT-Ren,2022,0.6066001696295139,0.2334806278585551,0.6029546066423466,0.7514293164880933,592.3231194556834,387.46492297339046,558.6359925727348,484.76878331664204,evergreen
IT-Ren,2023,0.7193198231987393,0.1947579176480792,0.8719224859396439,0.8838473163676717,644.5032712796623,893.7590883453993,778.4652837535369,1112.9470569735868,evergreen
IT-Ren,2024,0.6442406026643361,0.221225883852679,0.6833459983470592,0.7537381293345942,660.8190909041265,407.8395813904079,666.5877495197916,493.86739424874327,evergreen
IT-Ren,2025,0.766773120199641,0.1453465357319301,0.7700572223571918,0.8573567866203414,795.099590186229,541.9943544539676,802.2516518953528,610.2952831061481,evergreen
IT-Ro2,2002,0.5730838948367576,0.1114566441666872,0.749356030022829,0.6635578692292229,518.0649984363105,306.85956065826156,667.9576889879529,399.7954920717091,deciduous
IT-Ro2,2003,0.5626483212279902,0.2156528976520272,0.6599829269277946,0.6048907124809884,360.5506088347931,419.3296563616356,438.88922592932596,505.14191864493534,deciduous
IT-Ro2,2004,0.6229915200758329,0.1239262828813816,0.6628729462650439,0.6815672039486415,536.988064042241,410.7383690554817,596.0655806830467,540.5025410969561,deciduous
IT-Ro2,2005,0.5788717064992418,0.1095307135288331,0.7299564870400865,0.771870524461577,494.93560230168083,366.83317371292696,598.4552204726523,539.9650667295878,deciduous
IT-Ro2,2006,0.6038898395199165,0.144601002531841,0.7165804392395251,0.7375926980275288,595.248896356965,397.56602419696634,705.8870924575606,528.6406027832115,deciduous
IT-Ro2,2007,0.6473556044834137,0.1099582390018611,0.6313855001047868,0.5826038337612112,429.46139827006004,402.13975947548545,412.8521817214958,352.4505847065146,deciduous
IT-Ro2,2008,0.6292224517025125,0.1763716332798314,0.6360578327900099,0.6101653852644098,351.25101281173096,-87703.33355164577,295.3046052399304,-102533.76954940685,deciduous
IT-Ro2,2009,0.7103317951128412,0.0323722840603107,,,-916236.3828939956,-653439.9009786635,,,deciduous
IT-Ro2,2010,0.6663098758670526,0.1046842558125984,0.6715045982237442,0.6506450968646306,569.7049718299618,330.90314104279406,566.6968228384817,357.68852072635525,deciduous
IT-Ro2,2011,0.6159121981006563,0.1287926375416054,0.4734663655570885,0.6941397439852436,595.0408676713271,354.07334897363586,456.3269406476116,453.880591908297,deciduous
IT-Ro2,2012,0.5896096674180074,0.1538371478799861,0.3715359834570259,0.48398040839428885,299.7264942780354,314.52147668111087,171.1362247690562,302.00429373072734,deciduous
IT-SR2,2013,0.300041568913224,0.1459575069757148,0.48137505185245033,0.4888209592440829,352.60165078916697,260.9183896374594,544.7686464525368,422.60296877607584,evergreen
IT-SR2,2014,0.3175727587574635,0.2013805350968495,0.3389725754529372,0.5973599580851756,416.5602892854477,257.8496383067693,484.60479536661325,477.7008720420104,evergreen
IT-SR2,2015,0.3455257228325175,0.1831239438707871,0.3790322427453619,0.47773244574248347,351.6962559458925,330.3484294414402,359.439179186504,500.7094452459082,evergreen
IT-SR2,2016,0.3269792314421511,0.1404754011467553,0.5908033124504608,0.7413692696323567,349.4444180133997,309.88708531448333,601.5141355335271,693.6794057539314,evergreen
IT-SR2,2017,0.3646612506047844,0.1850998707519368,0.4986313248785102,0.6061970372291329,365.2228982163534,320.2997499955367,471.2167001723369,517.7508883795723,evergreen
IT-SR2,2018,0.3490261962434666,0.1493641938518944,0.4409152075385707,0.6534637912235775,375.26491416662793,298.90800646091355,412.5531742065699,563.8851227039945,evergreen
IT-SR2,2019,0.3818622798055228,0.2060726372184478,0.5571325845926685,0.5359786786697135,447.7082579179567,348.01890279798835,636.7509086589023,502.99505534054555,evergreen
IT-SR2,2020,0.4551193172923861,0.1805047381106004,0.5839569623314773,0.7779914980560441,530.3901403726151,473.41480436640427,716.7139711583064,816.334367345083,evergreen
IT-SR2,2021,0.4693689676368462,0.1791034021549919,0.505676379890451,0.7679477179944968,462.16275057040747,433.8666076719363,499.14792508191255,704.3894059068567,evergreen
IT-SR2,2022,0.516264007508278,0.2006367937104599,0.31444852723476263,0.6341059959034093,407.70720768364373,488.2820388263626,268.7884564667246,598.8875207354766,evergreen
IT-SR2,2023,0.4202060998374963,0.1882196863575401,0.46574959874266797,0.6720604253725594,443.9851638315054,393.53901814815816,481.1013723265574,608.2191615317494,evergreen
IT-SR2,2024,0.4106429929087784,0.2132818381474381,0.5086152740827184,0.6717687241409958,488.8657647699122,356.55243264118565,613.4783794160514,586.0837415683735,evergreen
IT-SR2,2025,0.5172715822169491,0.3992036518343305,0.7655197951728151,0.5780086572355334,-46335.61697927909,-134131.67022168424,-49155.56188023854,-152415.40560730288,evergreen
IT-SRo,1999,0.6796595816188764,0.1852240737018935,0.6648236784857907,0.7617931350195384,465.0479340979392,439.4517775426811,439.01435712412194,493.6062765301643,evergreen
IT-SRo,2000,0.6381999393730368,0.1553446210032685,0.7458912189546288,0.7938857261585679,468.0297471990635,433.6187774135961,548.1086675973339,540.0757064395783,evergreen
IT-SRo,2001,0.6784603156558691,0.1517895452345902,0.743424102938578,0.765999842269102,494.2130798676432,471.78960685124946,558.5274660418273,530.4306729900662,evergreen
IT-SRo,2002,0.5162251473209479,0.1954806138617515,0.5477305334383011,0.6920417316620991,396.44174105674165,360.17088926924777,389.4562779228083,482.08640296708694,evergreen
IT-SRo,2003,0.6267507984850125,0.2278466758614857,0.40772142889248947,0.7423037299936318,303.97276405423156,410.9212702341455,188.66366637506488,489.70752073708223,evergreen
IT-SRo,2004,0.6496382779185808,0.1835568790622387,0.6161522996936369,0.6900526388244657,457.0920147118237,386.5465727926826,444.97895843739803,416.7308773724568,evergreen
IT-SRo,2005,0.7595244724711695,0.1598616273523855,0.814892267605181,0.8875541912291205,-386988.0987743782,-98355.80370932879,-396834.0431523765,-98119.41762967024,evergreen
IT-SRo,2006,0.7165388374763564,0.1639373963024778,0.5950285112308886,0.9164181687578323,592.9039160487567,570.3971588788661,491.8941362699498,726.6984100519035,evergreen
IT-SRo,2007,0.655491161223571,0.1965715711920139,0.6018192415808581,0.8933435915311542,541.2734323337088,588.6807817833455,515.0308911226277,801.4360753544911,evergreen
IT-SRo,2008,0.4713545618029627,0.1766617507821698,0.6361152641649108,0.8276879127268196,-145600.5151996524,453.4031430407556,-204533.24755742456,798.2643313071892,evergreen
IT-SRo,2009,0.6783145630972789,0.1541061671113228,0.6620990012107392,0.5957736852519091,758.2706141133998,692.3142227504417,753.0413113974394,564.234941288508,evergreen
IT-SRo,2010,0.6316951400349053,0.1897743388182435,0.7217132049311116,0.8271808539008392,739.7823919014617,577.6463247260518,842.74613632756,763.4721529167953,evergreen
IT-SRo,2011,0.6653031553235127,0.2272861185844268,0.5684030160975951,0.8230465432944732,513.41960771564,475.58693089115883,429.6403751726251,578.9155568205933,evergreen
IT-SRo,2012,0.6422074069932805,0.2461455627112698,0.43538951514710045,0.6576411552669749,552.6050946938752,478.19923351296694,355.8191764322453,493.3151673866619,evergreen
IT-Tor,2008,0.479682571851575,0.1091178788730945,0.6291365563582001,0.5371704925159065,377.43692692481636,-364463.59326945647,488.40729808772227,-407395.9950856096,grass/shrub
IT-Tor,2009,0.5594759636379585,0.1872365237734529,0.7859742228969053,0.571631733324241,412.042099050677,59.934036545793404,609.9035615004165,79.74472298482507,grass/shrub
IT-Tor,2010,0.5926163268526226,0.123236089163151,0.5610516608391444,0.6145598195019865,395.0905030624438,51.541040631416905,346.06323575626203,63.43577054882534,grass/shrub
IT-Tor,2011,0.4667398441067005,0.1283509353702834,0.5159197056263429,0.6545406043365835,334.48661875525875,114.50582545928263,379.25487808940653,151.7155759174511,grass/shrub
IT-Tor,2012,0.4603333413139996,0.0597453402345938,0.4290502824014666,0.6142992649442356,313.09063080796193,64.13003536683725,304.10211352455775,88.23113650157445,grass/shrub
IT-Tor,2013,0.5211291746725909,0.1214605363294009,0.538496195539747,0.5336348609952337,397.10511037148655,46.83876963653809,432.52019924342756,46.94952690767912,grass/shrub
IT-Tor,2014,0.3653763479268494,0.2121749768911118,0.47939284183364683,0.5872316209590263,288.5083556603202,60.575226502210576,410.7283160683572,96.02616742477491,grass/shrub
IT-Tor,2015,0.4427414922998707,0.2152925881170508,0.466961963240368,0.5332265582937653,343.5099461176929,115.59028747428644,362.6057194673991,160.60000338485003,grass/shrub
IT-Tor,2016,0.5066167087397868,0.1468433424855879,0.3796511399804443,0.5801277702675197,336.73553059207694,86.64960182391206,295.62266420430376,105.13258122808926,grass/shrub
IT-Tor,2017,0.4435872827419133,0.1368037206575946,0.2996058231693001,0.40637266074918227,237.85121489241655,62.94647425409542,171.0341088653337,48.47736995138992,grass/shrub
IT-Tor,2018,0.3493197190253858,0.1150723747772638,0.40614902464318486,0.40534316386915253,261.3249601372733,44.36194713998374,281.5273443579393,67.66530145770724,grass/shrub
IT-Tor,2019,0.3719199974889702,0.2569343783941131,0.3194363544759428,0.44804863912738985,248.8582432619856,50.850622919362785,238.8140804059539,62.52103923497509,grass/shrub
IT-Tor,2020,0.5984820882962241,0.174505534931573,0.49199518877085563,0.5171043346458241,350.7876264775653,138.92026686207691,331.2851498501664,140.81212854474055,grass/shrub
IT-Tor,2021,0.280119859647184,0.1340226435833422,0.399535691876793,0.4666968852443115,163.334451408876,40.09243912161281,234.6624092395863,77.41072372099664,grass/shrub
IT-Tor,2022,0.423791108073406,0.1733061511511453,0.5092015130637272,0.46600882221786616,216.0387506941904,92.9589188006836,299.90835835674613,133.75991061993795,grass/shrub
IT-Tor,2023,0.5204022149221161,0.0897523051983072,0.5570833631232055,0.5220139548107329,349.37177744469255,82.27483507557271,377.802028699842,85.04330739573622,grass/shrub
IT-Tor,2024,0.565289753200719,0.0993938914075306,0.6485136221843791,0.6429855663204004,394.6454143174381,39.47588901698341,490.9099395965703,53.13570335713797,grass/shrub
IT-TrF,2012,0.5670111143500002,0.1767428855353606,0.49361401210688954,0.6636474237356431,-725701.6489453635,-527267.6043118656,-631762.752903269,-617130.3848637406,deciduous
IT-TrF,2013,0.6414241377328722,0.210466750585858,0.49269931776717646,0.4894497051847551,-827354.3939616376,-590051.195693571,-635518.5617076657,-450248.6993970977,deciduous
IT-TrF,2014,0.5559391021475664,0.2598742947877073,0.4866368409858962,0.4901718176191747,-717089.7256261836,-511412.8275783635,-627698.748719319,-450912.97640241985,deciduous
IT-TrF,2015,0.6108138173023582,0.2157611224604687,0.4746850912960822,0.5559004826407626,-787871.0293376101,-561892.5170469778,-612282.533395169,-511377.3011850987,deciduous
IT-TrF,2016,0.4792554195565425,0.1888909761041705,0.30928253093222974,0.4526628700467472,-613385.5923386712,-445662.9694335658,-395842.05142929475,-420934.3714965606,deciduous
IT-TrF,2017,0.6713179871001788,0.2296612228751988,0.5893830342160872,0.7099562927882291,-865913.6033388947,-617550.7868773512,-760228.0837273386,-653094.4733862344,deciduous
IT-TrF,2018,0.5208571623862955,0.1892848250925667,0.4603221874211864,0.43893499556511073,-671838.5489043734,-479140.6705364524,-593756.2402111532,-403779.8139003099,deciduous
IT-TrF,2019,0.4829452357077357,0.2340403154215461,0.45185134754332273,0.4595665464466869,-622937.0541275727,-444265.18588943174,-582829.9495070532,-422758.9426086789,deciduous
IT-TrF,2020,0.5361667290097475,0.2157809514250248,0.4476189820574419,0.5469799669874199,-686224.7837911636,-498585.1944732673,-572895.0018038222,-508640.5001613707,deciduous
IT-TrF,2021,0.5416112883772228,0.1465595416022348,0.6218054920884578,0.39165167153933345,-698608.6941504168,-498232.55706851435,-802048.8718856311,-360283.5058624051,deciduous
IT-TrF,2022,0.6162994124703459,0.2296867701290815,0.36315215443739535,0.41706489319783324,-794946.7394625376,-566938.7599267709,-468419.4325963176,-383661.3317718324,deciduous
IT-TrF,2023,0.4398276784101572,0.2135417949706841,0.5114248555190294,0.3405641986192123,-567320.9673785878,-404600.9999909309,-659672.0898131859,-313287.73082340235,deciduous
IT-TrF,2024,0.790918270316197,0.1067644406820311,0.7676913479308776,0.682787049906155,-1012274.1484661315,-735480.4359949237,-982546.6608589881,-634928.4572170828,deciduous
JP-Api,2000,0.7219187189631617,0.1621842396086679,0.7209629386606724,0.9199913130588203,662.0067040404062,215.33409996422213,609.5137606110675,258.35123627025473,deciduous
JP-Api,2001,0.6106829837000668,0.1522404057172263,0.609291956981776,0.6319106871134279,591.7846491683194,172.98063512834887,587.1572008096463,208.13010358725896,deciduous
JP-Api,2002,0.6813495633822356,0.1662186914030692,0.7204373684109249,0.6714488922834192,546.3033477081274,217.70265889581898,545.6527555584507,208.9753808164156,deciduous
JP-Api,2003,0.6842742407504365,0.143970605485121,0.7090780266442284,0.6040090878610348,649.3783627211,276.23877115689123,620.6000958999233,278.80571789058155,deciduous
JP-Api,2004,0.5421963205240998,0.2463601013743372,0.48106350784239027,0.5826139630404555,486.6577431120933,171.69972231511414,339.2351102247062,229.29366264226655,deciduous
JP-Api,2005,0.464875245415169,0.1641631471512564,0.685850521287417,0.6666942356403819,417.69460722362123,130.18312589794627,624.4074910806562,210.87691661785115,deciduous
JP-Api,2006,0.6996549001357344,0.1746787147075786,0.7247317447553597,0.652110471918321,613.182089012331,197.5259812194261,694.4911872935477,220.4758539319766,deciduous
JP-Api,2007,0.5333947970306556,0.1132233176649983,0.628893857880597,0.44520681997619915,393.6895535677422,133.43565045048342,455.3485819866203,99.86765167826478,deciduous
JP-Api,2008,0.588372307253327,0.1650295039764926,0.657063511368953,0.6333543414102306,551.4073512946184,206.8990491394359,582.297471066301,259.83386599239,deciduous
JP-Api,2009,0.6384909192338603,0.1212060325751083,0.723027101493565,0.6024262164720711,549.9751615040241,190.09415798019475,638.6895771871353,217.98039037136004,deciduous
JP-Api,2010,0.3952648635097363,0.1550718278874277,0.6517080446455651,0.6302346140200844,320.87876874266044,103.06724537568938,524.8561844529871,167.0556362467954,deciduous
JP-Api,2011,0.4970749110262286,0.1332484678825071,0.6566407804726128,0.5944952809974761,484.12601365853754,140.7804008402763,612.199668036329,168.09554992951576,deciduous
JP-Api,2012,0.546574730122749,0.179511348980982,0.6024580503933774,0.6472429984152844,614.5507688604365,181.7016841966421,696.0660019668965,249.3297852066503,deciduous
JP-Api,2013,0.5880032332294287,0.0996739516246454,0.7391232671051619,0.6842083238775463,575.2035755556724,168.92602617125962,710.6505583813044,200.04303035649653,deciduous
JP-Api,2014,0.5426616531779054,0.1689597289897075,0.6200422698450371,0.5802472556990395,507.92308062385723,179.96760137943338,557.9833561739171,222.73029108400954,deciduous
JP-Api,2015,0.6507277162341207,0.1928398512556501,0.8406331606216192,0.7382269289468328,533.546167069883,270.06550817550516,711.2235391768237,333.2285743251157,deciduous
JP-Api,2016,0.6379264800284002,0.2326270810563774,0.643127062693965,0.6876020192665541,698.6055932429744,233.1830738477379,730.7174933788823,326.649746339369,deciduous
JP-Api,2017,0.6270139318074734,0.1260851067841438,0.8378621535025943,0.7533911113522944,556.7542958713012,215.27448758338963,760.7970613611417,276.9380583640461,deciduous
JP-Api,2018,0.6439437009496232,0.177603660080051,0.6415002483326349,0.8698719574500673,622.5778557868314,221.71903044669045,563.094605455753,302.87722682689406,deciduous
JP-Api,2019,0.6300444999679953,0.1613597892852441,0.8321885601859919,0.6684005808383159,631.0969470922103,231.78739890852933,845.3652626658528,261.3748247559989,deciduous
JP-Api,2020,0.7445775607069008,0.1510035313573209,0.7574681499993537,0.8358575883731046,769.9101436116396,331.82623815842476,786.1586769697448,373.59495587375494,deciduous
JP-Api,2021,0.6238971219138368,0.2139939829184823,0.8032428136533116,0.6476057888190804,479.0001897379045,205.82804521843582,676.5417429284802,241.26088242032478,deciduous
JP-Api,2022,0.6440554942601875,0.2066883996769595,0.7182881808197755,0.712353271418085,546.6631084395159,247.14264432887396,652.8263610863673,306.40943604599045,deciduous
JP-Fhk,2006,0.7159884747085928,0.2076203071873771,0.7167615128500812,0.6561518189449179,854.8911910667312,458.0869459058418,817.1983392043838,459.7551461129665,deciduous
JP-Fhk,2007,0.6563966953503789,0.2303549868036079,0.8707434945981629,0.7684144050300894,681.0687993719023,385.87555649651836,894.7006379286895,489.22088550739187,deciduous
JP-Fhk,2008,0.6804219616538671,0.2018368236474251,0.7462454479291838,0.7575804447904626,726.7604935564742,368.49949258328286,767.7847621887778,439.1132819506853,deciduous
JP-Fhk,2009,0.5768670322464993,0.1987359456404875,0.7699658646809848,0.7593599966382227,668.0478611481377,362.63743762237704,897.3919481860319,554.5140246496641,deciduous
JP-Fhk,2010,0.6021397988199322,0.2234204807795331,0.6443404273831957,0.780538166753384,747.2237262568685,300.8977754001282,772.0428691788355,421.44905158502615,deciduous
JP-Fhk,2011,0.577011143347193,0.274285807334987,0.709864695402309,0.6132516875615153,664.6384386319197,278.37139432766685,778.7424396439533,380.89034743349595,deciduous
JP-Fhk,2012,0.5897143649603984,0.2041012328263406,0.6622250247906989,0.6582295320743972,633.7600306278486,345.3687811504875,684.5141070056422,422.0840517176489,deciduous
JP-Fhk,2013,0.6135257449099009,0.1651316294709119,0.6855667157582185,0.6810843924007405,701.587254687441,347.47165612259204,763.962508907832,393.18733731539197,deciduous
JP-Fhk,2014,0.5260156471745188,0.2230160095211823,0.5565661620786723,0.6342837209896676,644.4246387688582,248.67119006748572,622.1477809472758,337.2392291161603,deciduous
JP-Fhk,2015,0.5829092291550272,0.241886347461495,0.7139965113777054,0.6447364096231992,686.9240941110334,374.95648278250906,833.7931578443485,403.1112103204211,deciduous
JP-Fhk,2016,0.5651287895306539,0.2214567712886147,0.7652290586081103,0.7875126103540994,607.6929856408566,375.772008877931,823.6359710785974,544.2353904574064,deciduous
JP-Fhk,2017,0.5093273012191718,0.2496875451113565,0.651216767377633,0.5968246750045464,649.744087669559,282.45077840453035,837.8239561121272,365.7642212834413,deciduous
JP-Fhk,2018,0.480656339984288,0.261088112578793,0.503523712407416,0.6751324731761532,616.1183387209894,293.3267282411437,616.9692110539597,409.3060412524166,deciduous
JP-Fhk,2019,0.6635975534682688,0.1209910264229392,0.6648857859173726,0.6681379553824083,811.992547652816,340.6798124848758,889.1278357449825,367.38713471820705,deciduous
JP-Fhk,2020,0.6235653789345531,0.163462598377554,0.8282733763828874,0.5899304286723847,790.454904806553,368.5821938494097,1046.4974245343487,369.64568015582864,deciduous
JP-Fhk,2021,0.6975653034291774,0.2083736326629692,0.7070335400408193,0.7003900236608885,718.6384631513026,505.5465330471011,732.6838623413046,508.2549251516946,deciduous
JP-Fhk,2022,0.5062244367691454,0.264411401924975,0.5997454277365017,0.631272176492774,592.3435308238228,306.4669624178362,684.6819537022925,419.4647423872069,deciduous
JP-Fhk,2023,0.5294137741408471,0.1990160557576198,0.48681560258329865,0.7639390342891252,666.0316985681409,333.79652389424604,624.5278573187929,500.24140175092657,deciduous
JP-Fjy,2001,0.6087160208748074,0.1831933534485046,0.6420805449192252,0.6891676018629125,576.1587738872598,323.5282687772848,586.5409374454503,360.3283610975512,evergreen
JP-Fjy,2002,0.5621704026622013,0.1738153554973664,0.6589276452635073,0.6482703375529214,527.3734882719378,257.74765668945673,584.6259437346743,322.85513317403144,evergreen
JP-Fjy,2003,0.5846666726005016,0.2212336353675628,0.6931784254560556,0.7094001916241923,446.95877653022507,238.64624892870904,520.8658386367757,287.58181938684214,evergreen
JP-Fjy,2004,0.6559879302593095,0.152904662665414,0.766370613298488,0.7314473960043053,570.9905475144999,393.0243787253884,631.3313469603037,450.3038375969212,evergreen
JP-Fjy,2005,0.5671857770371032,0.2205165223524089,0.5919280293209443,0.7492541452643691,580.9049176587965,308.5747019895799,549.9467544965302,425.57617938776195,evergreen
JP-Fjy,2006,0.6148396728369645,0.188545649124768,0.7034809257096352,0.7627055905836961,582.037935711694,318.21630486880116,647.2390990459826,393.33058624701346,evergreen
JP-Fjy,2007,0.6743619689923313,0.2439231395609289,0.5772235151442284,0.7250578053514131,611.9789618917287,377.3129153558374,465.17181054699347,387.6162901875192,evergreen
JP-Fjy,2008,0.6580289229525141,0.1742492528108066,0.6271162533781098,0.8181782286865942,620.8786301114087,332.25559017457783,567.7742472195026,406.3842447108116,evergreen
JP-Fjy,2009,0.6665001291018661,0.2099459490595274,0.6969013889795883,0.739181991044735,605.7965683590143,329.5629478462341,610.1724361018798,370.81306241717107,evergreen
JP-Fjy,2010,0.5981056426371625,0.190569513551728,0.6315003748246889,0.7390388630152671,701.115245221945,328.03048143254495,740.3664750164102,423.0526270435274,evergreen
JP-Fjy,2011,0.5950331804214338,0.2047666894226143,0.5172564689130271,0.8431115924376398,681.2333523416742,319.8636860862833,565.0573826169615,454.7314485160981,evergreen
JP-Fjy,2012,0.5672284375652554,0.241772462566629,0.6349705668893854,0.7369911310424888,652.6015699541582,307.96094979702485,714.0498859015249,404.46462747306043,evergreen
JP-Fjy,2013,0.6052771131922822,0.2131218470755842,0.6771720592928056,0.8544350149906074,664.8471126936196,377.8992152304734,743.1814971877292,539.5617999810953,evergreen
JP-Fjy,2014,0.6481623347161809,0.2090104035617755,0.7266776446090114,0.7253518810987241,715.7868740986705,387.07503344288153,780.8673576214017,426.3801019030936,evergreen
JP-Fjy,2015,0.6818003600484926,0.2089153958662335,0.6962036915675329,0.7889082483828883,775.9714643928334,459.3337972094543,771.861062086648,515.2261626355897,evergreen
JP-Fjy,2016,0.6361345000731191,0.1851973988241872,0.6853379822005379,0.7340545014227517,677.623701075488,465.1782068847039,687.9722498092607,522.0330021625117,evergreen
JP-Fjy,2017,0.5852151209846607,0.200621458122987,0.6756874900062679,0.7230939365374165,663.740473905078,378.3235546021475,791.6302140312717,468.3082795900081,evergreen
JP-Fjy,2018,0.5693473979747675,0.2183162429219465,0.5691995523131794,0.5928396210087774,623.4975564378074,384.0408208732534,527.7579171716902,414.2854609403882,evergreen
JP-Fjy,2019,0.5169874570282825,0.1985679116546422,0.5314903860446355,0.5889393966747088,612.5012733189508,321.8610672375824,571.3607128945332,339.9680195078194,evergreen
JP-Fjy,2020,0.5742775060086015,0.2262480738464133,0.5459027638921689,0.6300926054578877,612.8121474557627,357.9658102558676,568.9488304242968,404.41161879698825,evergreen
JP-Fjy,2021,0.391649707447235,0.109675742269128,0.7278113709447696,0.7441114965798528,-505177.5997946725,-11544.26036423404,-938782.7808519008,-21482.345804503853,evergreen
JP-Fmt,2014,0.5751014727635497,0.2753975311203932,0.7086099634166328,0.5410320604852826,-741806.7117749926,-529040.4456069715,-914015.4421221756,-497699.7206968953,deciduous
JP-Fmt,2015,0.3359982735396736,0.2404175928696652,0.43706182522582926,0.5126631559106726,-433394.4290888923,-309087.49981533404,-563753.3735658657,-471602.93842747493,deciduous
JP-Fmt,2016,0.778758009311168,0.3402219371117257,0.39678061969580514,0.9270285348776603,-996710.5708931033,-724172.5241645203,-507828.4052913095,-862050.3237824806,deciduous
JP-Fmt,2017,0.4061161676246186,0.2812453869414084,0.27610677483302376,0.6910697370202348,-523837.4672501345,-373589.5115272277,-356142.1217606472,-635720.57964281,deciduous
JP-Fmt,2018,0.4770397985097035,0.2300441489086951,0.4641788597487473,0.6187039092057549,-615319.8019435097,-438832.7269674643,-598730.8500029764,-569150.6757096476,deciduous
JP-Fmt,2019,0.5383769100048013,0.3876270546064908,0.7615306485021155,0.726102933486316,-694436.763284803,-495257.2265286968,-982276.2991140722,-667947.89733753,deciduous
JP-Fmt,2020,0.6033298994557109,0.2551666313350745,0.4841646323184153,0.362434374929191,-772185.0450761797,-561040.6968131618,-619668.7562946349,-337030.26228727924,deciduous
JP-Fmt,2021,0.2086033689239168,0.1799369687376164,0.36042999271781584,0.4559437707132322,-269071.43607726146,-191895.90790006245,-464908.1951369219,-419426.32222926803,deciduous
JP-Fmt,2022,0.51155419858206,0.2027349605092169,0.4990642983373081,0.8504226101486287,-659838.9256792403,-470582.7997092256,-643728.5655606419,-782310.5624566048,deciduous
JP-Fmt,2023,0.2286200037613227,0.1435712260400927,0.22658883753043685,0.6630496056657422,-294890.3128716211,-210309.37042007086,-292270.37045422214,-609944.6366487616,deciduous
JP-NsC,2004,0.735255694747253,2.1112549917641604e-15,0.8253057927626332,0.8253057927626332,-735143.3600360086,-683719.4173353339,-825179.6999100641,-767457.633830522,grass/shrub
JP-NsC,2005,0.5000361322214745,0.2241426354098831,0.7544055125236026,0.7813172881930027,496.70430846648486,370.8986853501388,754.9996305921795,588.4283383955632,grass/shrub
JP-NsC,2006,0.4822559906545807,0.2188408203887103,0.657455968618854,0.8263473320326042,487.3429150968515,286.46328474139847,667.327718286311,498.1207696620397,grass/shrub
JP-NsC,2007,0.5913726369299748,0.1751001249332469,0.6457128770394148,0.7436925282113916,507.34104296690447,382.7327455068153,549.513617014327,490.58390091174397,grass/shrub
JP-NsC,2008,0.4905458988372223,0.1850911120538927,0.7709750956946544,0.7948964688495722,448.2064113845188,459.35597515914117,703.1297944637456,750.9519890534768,grass/shrub
JP-NsC,2009,0.5613587311526052,0.1893199195983864,0.7793134916380677,0.8291758439152699,547.5215207931352,464.88746885353794,754.5949049810658,699.5195872698359,grass/shrub
JP-NsC,2010,0.620088394037183,0.1371604589590411,0.625794198283785,0.8402914320467708,713.7663172110914,511.17259415322036,677.1438662215199,713.7502664621251,grass/shrub
JP-NsC,2011,0.5545545850470787,0.1771157395042201,0.7178308575830586,0.7795607194646744,602.1325052787954,516.7171454790763,788.6699713580547,732.0669030199928,grass/shrub
JP-NsC,2012,0.5842241468594273,0.1610697017887175,0.7177029174771118,0.7877305156406846,503.89210546252184,313.8885698879435,623.7673288129436,427.7586584147859,grass/shrub
JP-NsC,2013,0.5928116069526405,0.2003358942679435,0.7228876526380643,0.8888536110507373,564.4782117670354,570.0153330130802,659.4307609947874,858.4052564723029,grass/shrub
JP-NsC,2014,0.5771558222680065,0.1521622266454584,0.7240913543879638,0.7590078433252073,384.0291668996527,492.86596940154385,480.9639560197595,640.6970153772008,grass/shrub
JP-NsC,2015,0.5680315999904908,0.1273826584558506,0.7840394235186353,0.840923948308454,607.3067816959933,506.1980214872237,820.8336353665344,754.1149428350127,grass/shrub
JP-NsM,2004,0.7435481855908559,5.620243431871633e-16,0.7391075871197246,0.7391075871197246,-743442.996789184,-691430.662618236,-739003.0265237844,-687301.3190157417,grass/shrub
JP-NsM,2005,0.6925598069852773,0.1638522006709911,0.7534445599366969,0.7908240274975865,665.6222555947869,506.44307333803533,726.9125759357189,588.9831210882872,grass/shrub
JP-NsM,2006,0.7341500043281715,0.1613817392007701,0.7013740899370104,0.9028411688291353,639.8675814360307,601.2046007363937,617.3204097221711,747.8040212359545,grass/shrub
JP-NsM,2007,0.7518283602000377,0.1167038821745729,0.7382574573215429,0.8211843074262422,643.2201270291583,460.85086135107787,635.6221024140162,505.6100416997975,grass/shrub
JP-NsM,2008,0.6322970264354013,0.1847997274982466,0.8141022183613329,0.8537834238374163,615.7116098672496,552.6129001986761,803.7552432744433,751.6206040442053,grass/shrub
JP-NsM,2009,0.6742104314988668,0.1055157558491806,0.7860906310398461,0.8193917615491936,665.5570799496488,625.4796227220763,777.470243991625,772.5547581202588,grass/shrub
JP-NsM,2010,0.6843449441290885,0.0922430096780917,0.5836686361634419,0.8515900758362447,749.5538135494371,627.0677756392895,613.7024495417857,800.8318115323987,grass/shrub
JP-NsM,2011,0.6697224772660937,0.1730929033614046,0.6965654885002721,0.8349476064820479,634.0904460539174,561.158469937445,653.9914186562569,702.9959673719408,grass/shrub
JP-NsM,2012,0.7187676101207677,0.1127006854325096,0.7135205823628742,0.850311344368408,562.8057974537797,476.9735873427222,596.888584764679,558.7427036276124,grass/shrub
JP-NsM,2013,0.6480779804243771,0.1315878974104979,0.7405437805522987,0.9056608726582133,576.2559371881093,542.1767905467797,654.0663355010864,752.6082789055374,grass/shrub
JP-NsM,2014,0.7244592144747332,0.122495232728037,0.733940896934658,0.7929316872723087,673.0474664426757,615.3790430427408,679.6242622006605,676.7542256330742,grass/shrub
JP-NsM,2015,0.6258724723962986,0.1591770986693629,0.8408194315999674,0.8510839172327571,645.8583222430032,547.5017728685878,873.1587742426444,744.0427871296754,grass/shrub
JP-SMF,2002,0.6369344682045546,3.0295092506676894e-15,0.723424693073582,0.783298346678928,-541038.6785178417,-585921.1127771154,-665436.2819215506,-720562.4154967193,deciduous
JP-SMF,2003,0.2551945937812816,0.1668354622049575,0.2524307223623184,0.3718582805932614,235.23921639299354,117.49096442313541,233.82382907304486,162.4069029034032,deciduous
JP-SMF,2004,0.3257111978563345,0.1565299211224523,0.3702672429436969,0.41249124967948797,-130078.73055912465,172.19051052131522,-137910.41274388117,215.08401252658012,deciduous
JP-SMF,2005,0.3116076197931597,0.1666389702765298,0.34589352264708084,0.5129629911997806,272.1959489093906,187.1908304802353,298.3515141758022,299.5688568371978,deciduous
JP-SMF,2006,0.3292527375647701,0.244782195721476,0.5607505628436982,0.5932234174026888,268.67506234424883,163.25937891282734,463.70321520302684,307.9230346699132,deciduous
JP-SMF,2007,0.3473667110392609,0.2106433805951615,0.4170711427496368,0.4847011020400597,388.8617061470614,229.42777600681802,441.9200159703518,334.40251644624465,deciduous
JP-SMF,2008,0.2787500731813351,0.1669435901182404,0.34171863875006814,0.3861480705577898,262.30511477272654,183.56664989496275,301.46541190939894,250.77154396259021,deciduous
JP-SMF,2009,0.2713922484350952,0.1686242794371943,0.44805505041539817,0.4160474411040304,264.3103578144079,166.85724648674105,420.02125328572936,255.89440989117935,deciduous
JP-SMF,2010,0.5485712083779734,0.2724969808352789,0.429160769040502,0.5872599622089879,442.5545034673507,284.13372457886265,270.40565377894603,301.93620148696306,deciduous
JP-SMF,2011,0.3094579220860545,0.195943312734061,0.4692367388327945,0.5643224246188655,306.57742183274013,152.27531466912149,458.80665647014087,283.5166646277997,deciduous
JP-SMF,2012,0.3979522406162201,0.2073028047735806,0.3778549689350482,0.637669850816321,425.30099340237047,220.51506239861777,379.3945441949606,345.0812710222517,deciduous
JP-SMF,2013,0.3128842213568764,0.193649048034555,0.41776762776513837,0.5716831875831886,275.7966887972428,185.77069676338039,347.1974972180483,345.85536782568175,deciduous
JP-SMF,2014,0.2891769495298508,0.1891369595154357,0.43872742091461814,0.3893107499886995,252.9184624334626,166.6592761887491,390.6417466381499,238.42156787263303,deciduous
JP-Spp,2000,0.6940233442038771,0.1598014891422868,0.7782427736045469,0.5915307808428756,656.953784854327,235.98852287214467,709.6933494279169,285.26769544786583,deciduous
JP-Spp,2001,0.5597561355734297,0.2003120404697055,0.6264024648909126,0.5679580620183262,563.5178585180307,232.7351970917552,661.1399439177816,274.1330715170695,deciduous
JP-Spp,2002,0.653248154976186,0.258099566999335,0.7339955546957191,0.7224927132267417,600.3136417324927,253.37726288806908,715.4862183758387,343.2901123108166,deciduous
JP-Spp,2003,0.7258162455822549,0.2383766554727917,0.862865419708683,0.7436481790336343,712.4567900681913,293.8010379399876,888.2380370929797,353.3271826129927,deciduous
JP-Spp,2004,0.8915756593684234,0.174367598261066,0.8374953290116472,0.7117047070849005,-284624.8306156042,280.9589518129938,-284534.41934105585,272.16431523132906,deciduous
JP-Spp,2005,0.6162019611691909,0.2605950752421291,0.6318468474013179,0.818328568566,556.5988657546233,-147737.1698176114,568.0314677674861,-178646.20290990072,deciduous
JP-Spp,2006,0.5844273967808807,0.2000367049745115,0.6221372550068645,0.6977322052934916,569.9890286312143,170.54369696653296,689.7433572467404,240.93043135094703,deciduous
JP-Spp,2007,0.5470480703215254,0.2675340941207859,0.6292863296278302,0.5368689651062761,519.8695682994572,193.81400770645365,661.9543988718957,206.66793501537398,deciduous
JP-Spp,2008,0.6034542077615536,0.2041240072526543,0.701662398431868,0.5700316640032125,538.2967670974774,222.89644769817787,587.2878211638935,246.66127032569057,deciduous
JP-Spp,2009,0.6323296066176446,0.2265230938810109,0.5683765004308515,0.7331554994943974,610.696749738353,211.2828631436637,527.7311526797805,277.76709125211335,deciduous
JP-Spp,2010,0.4681696269314003,0.2458344979169789,0.657413438385488,0.463625003379913,495.5265538599461,152.39066315978667,708.1398082921124,176.24817951984448,deciduous
JP-Spp,2011,0.5915448720241518,0.2761372408397765,0.7871198699293595,0.5882987902639127,578.8605480644406,193.8405241290118,821.2098125382092,198.71092587294424,deciduous
JP-Spp,2012,0.5617206574513847,0.2098650700394488,0.5554037948266574,0.5613180281644413,623.1453562127313,213.33905867633584,559.6123280175441,223.8846628654948,deciduous
JP-Spp,2013,0.5752885984494147,0.1940054029101854,0.6903663830919844,0.5482850871606566,594.1910433001636,170.4970379471522,677.6452116985496,189.819514961168,deciduous
JP-Spp,2014,0.5018657281731839,0.2619421701386358,0.6219431088627548,0.5284027607422372,426.7337727922247,205.2703475299938,599.7523190706382,234.27048046835543,deciduous
JP-Spp,2015,0.5947665035808428,0.2305439525897419,0.6309222192142097,0.4979044266985483,499.48719480009856,269.2158344280041,548.2402053967758,323.7617059115227,deciduous
JP-Spp,2016,0.7575132149591153,0.1785973965161515,0.8462851141471135,0.5239939250438745,750.7721018291412,290.405378013155,881.7019523342848,292.545002822285,deciduous
JP-Spp,2017,0.7041220635151957,0.26939808098294,0.8647091504114057,0.6824000136220771,759.1829689524641,283.4206427845742,980.6575172258335,316.70338682544605,deciduous
JP-Spp,2018,0.3857260643140944,0.1294456774179443,0.6678704519508893,0.5312824618041617,-127036.48138876737,147.44406117811613,-227252.68672191803,272.437163560746,deciduous
JP-Ta2,2005,0.4971067984300609,0.2137283041440162,0.40606475148357896,0.8986786332009035,-641203.6431977812,-457292.5207302005,-523771.1470608755,-826701.6641105767,evergreen
JP-Ta2,2006,0.4772466338209431,0.3204196739191828,0.3787833315343503,0.5638766352632547,-615586.5928132538,-439022.9964249562,-488581.634629544,-518714.6277917501,evergreen
JP-Ta2,2007,0.4485285717788288,0.2601626864464765,0.5129656365651399,0.637976081292605,-578543.9974089297,-412605.0214079189,-661659.4986019136,-586879.3009897177,evergreen
JP-Ta2,2008,0.3905180433872412,0.2279731911036849,0.3626912662807784,0.7182999949560379,-499813.1092261152,-363145.46217209933,-464198.39635731245,-667952.1934095843,evergreen
JP-Ta2,2009,0.5617498799643773,0.2771210678973059,0.547681834901345,0.6046569125088138,-724584.8794195313,-516758.2085782704,-706438.9160660328,-556228.731072158,evergreen
JP-Ta2,2010,0.6513392790589105,0.3166925205267927,0.44972623347718144,0.6766558011946868,-840143.647218996,-599172.2135205243,-580088.8265014455,-622461.084765402,evergreen
JP-Ta2,2011,0.6490730252370231,0.2541818507344111,0.7012489999655297,0.8439635820491986,-837220.4721355044,-597087.4684997395,-904520.7488345378,-776368.8508357141,evergreen
JP-Ta2,2012,0.6200660720356365,0.2904893042759722,0.6583218443527664,0.8780628032299419,-793605.2037483942,-576603.7808484426,-842567.6955754638,-816516.7471631455,evergreen
JP-Ta2,2013,0.356684096279909,0.2462756170024811,0.40009903481389564,0.5467733949408422,-460076.4719526625,-328116.5536406585,-516076.1421344344,-502981.22019324027,evergreen
JP-Ta2,2014,0.4812041204603941,0.2949211796100124,0.5973017717100038,0.6356490101553098,-620691.240062369,-442663.5200444802,-770442.2335773543,-584738.6096339507,evergreen
JP-Ta2,2015,0.5446193507644538,0.2773614628484867,0.5041954399901414,0.6250305193727597,-702488.7065898968,-500999.6977230272,-650347.0763755237,-574970.5750151565,evergreen
JP-Tak,1998,0.706282154601802,0.1476580767735532,0.5671963485104115,0.5713058963350979,493.72683363462494,-614376.9608014053,403.61867456509884,-496964.53179702716,deciduous
JP-Tak,1999,0.5459677792555483,0.2308927635953092,0.6923093422151197,0.4774292326756175,534.466129924989,136.40164696265018,671.0232405825788,162.54431476175085,deciduous
JP-Tak,2000,0.5690885718401985,0.227946779033496,0.7527188018772906,0.7459469247439571,660.7685358917686,149.5299786295591,874.8984231855922,209.6003553485232,deciduous
JP-Tak,2001,0.4451654309596482,0.1721714705194242,0.522347356441931,0.3066825461844695,422.4075435710183,112.67944320581199,444.6322872674751,72.16181710485453,deciduous
JP-Tak,2002,0.6597548234114756,0.1246032378591528,0.6946441645158745,0.7087605126859502,672.678738215619,239.4328092034311,716.6379636835377,222.8825923588917,deciduous
JP-Tak,2003,0.4839049783247901,0.1995968690782981,0.517650940573638,0.5692374828647987,474.44291039338776,136.72947451680935,472.1298491519208,195.78557464603554,deciduous
JP-Tak,2004,0.4743036964946497,0.1769146531437349,0.5944949746065056,0.5218627042272032,287.85238541133094,94.86229188465005,404.6450596786212,140.80368614585254,deciduous
JP-Tak,2005,0.699576809337371,0.1855091264527051,0.7646321161702141,0.5383231370399401,541.92525781316,127.28688501869101,577.0501647601088,105.48022546794165,deciduous
JP-Tak,2006,0.6017839607077977,0.2210277086862306,0.592221049214793,0.5813946993180666,483.0309420786112,83.6920825544144,476.13940351135784,80.58528197480976,deciduous
JP-Tak,2007,0.4837423751262655,0.1943708163792906,0.4631609921394311,0.4982101365827623,436.2998173980087,105.76915524680905,381.1667274561238,110.22010532142261,deciduous
JP-Tak,2008,0.58670427079582,0.23552960659336,0.6680964195270701,0.5747234611129483,499.6282020762788,172.13339423674697,591.1723949022988,219.54537138751505,deciduous
JP-Tak,2009,0.6199831103911254,0.1997819681979557,0.5552690182835844,0.2518467655582332,617.5990583375828,189.32092216258857,508.4871273586122,87.02069676621645,deciduous
JP-Tak,2010,0.5690679882553149,0.1751117749925991,0.55932826079977,0.38076609252613564,589.5938585864607,146.45447122209612,521.9169762426224,98.10417544504188,deciduous
JP-Tak,2011,0.6155416315627553,0.0921620906194043,0.8844366031265436,0.7356733689924567,-307286.29933930235,140.03960518666784,-441522.1275691585,192.2889953936829,deciduous
JP-Tak,2012,0.8308265689174543,0.0936787004146159,0.8171448212593917,0.7321346593323438,876.8100511929078,167.50780489487613,845.6189013210364,139.1819692369511,deciduous
JP-Tak,2013,0.6071520560050764,0.212855003638258,0.7329156862167651,0.49378058368140854,620.8419517756073,161.35229540100082,760.3093844827519,152.49145303654782,deciduous
JP-Tak,2014,0.8034108927000801,0.1967406486810874,0.5933920664096658,0.46899136848966155,657.7266400739741,158.83676791018593,445.21527904259875,88.68496522941317,deciduous
JP-Tak,2015,0.8166573280121401,0.1423220520072239,0.8592682396167849,0.8089363735712772,600.6900607949082,191.31829992637813,635.0774672377592,206.8206259274878,deciduous
JP-Tak,2016,0.6282880638022134,0.2129501357714656,0.8016402539785162,0.6170227536404925,531.4976230038038,186.05121538126195,674.0290526360733,222.98059162076768,deciduous
JP-Tak,2017,0.8040445622969269,0.1574510503470464,0.7513994630748573,0.7706038513310013,557.6518863672096,150.07143201954386,507.65239049186283,145.69113904590608,deciduous
JP-Tak,2018,0.7472364719097638,0.1425185650669701,0.7567565147037115,0.6643113396919353,443.61999948635565,192.081778058223,449.7071526084285,185.43969167606897,deciduous
JP-Tak,2019,0.7911313755868198,0.1972718253359852,0.9199974900188589,0.6136056393066459,494.589590228524,148.868483890179,582.2381076975978,156.47941853564527,deciduous
JP-Tak,2020,0.6631059345919191,0.2257574372257249,0.8409099943934643,0.8024346900930575,345.1379374800884,90.94247577068921,437.84233473869097,110.12906824439567,deciduous
JP-Tak,2021,0.6621690419960846,0.1585462330821524,0.6811139577474896,0.5898455624603257,402.66384358802406,101.5529462017002,410.4236662454046,90.382310491288,deciduous
JP-Tef,2001,0.6873057863443435,2.1225561514398627e-15,0.7692221262414882,0.7778442990480474,-357032.24996682815,-632258.0913044523,-404435.70626561454,-715545.1934486912,deciduous
JP-Tef,2002,0.6638036467409983,0.150960681905845,0.720813498874096,0.745896922719889,615.3046819850234,317.62769761647405,686.4509746732506,359.4941030448615,deciduous
JP-Tef,2003,0.7791981084892885,0.1077304043870193,0.7380530650438077,0.6969334240886518,-358241.9690136608,-225870.88269129765,-328947.61056389,-197890.775065554,deciduous
JP-Tef,2004,0.5919472221198762,0.2042788844548378,0.40307834403285736,0.45605977766303374,295.05697013143543,48.83200494694964,195.99586649538216,27.031800716146513,deciduous
JP-Tef,2005,0.3900800018746307,0.1878531740743755,0.5414739578874171,0.5143192965388935,279.39476857598413,46.53093771682169,363.35825335570206,69.63824705630522,deciduous
JP-Tef,2006,0.6087653606150939,0.2084773440043788,0.5691223945335099,0.603900623686269,439.4779393815516,114.89556337715744,416.87197982822175,123.32876278736362,deciduous
JP-Tef,2007,0.4256047638698133,0.2164298779030776,0.5755133146184342,0.49964624419992204,376.2491882240775,-8452.595550950846,516.8412201469679,-10747.906509130386,deciduous
JP-Tef,2008,0.608164319131548,0.1734403766838352,0.5509763038981396,0.7828069947685565,431.1979653010732,165.5523083738815,399.00622401472856,220.4249071634,deciduous
JP-Tef,2009,0.533576488604042,0.1538093081610187,0.707166479565346,0.592221296134009,422.3076331221921,114.12212017577981,565.5357075165384,134.0702810312715,deciduous
JP-Tef,2010,0.6650660399076259,0.114971199195542,0.8829446801006278,0.7244796026554708,623.1171191523396,158.69179172498346,829.219000899711,202.3179827003788,deciduous
JP-Tef,2011,0.4276316225619498,0.2173339920342418,0.5735764181211086,0.6042590962442325,353.6427124170619,47.41991911601074,436.147888147756,73.6965572011322,deciduous
JP-Tef,2012,0.4788982632984416,0.2049994569813382,0.6068600173963282,0.5054975388371078,408.51839757164555,119.415185748382,511.27210429999707,108.19071505747264,deciduous
JP-Tef,2013,0.5891092590760943,0.2132090074348127,0.7394767090214964,0.6093701394439159,583.2054299431521,159.26671383044217,758.6956921978104,162.1157312133591,deciduous
JP-Tef,2014,0.6395617431656948,0.1966863785991155,0.6193283791001816,0.7610393659291244,640.661843726688,221.067545105901,610.2568941963784,279.37324134197286,deciduous
JP-Tef,2015,0.5783650300194433,0.1929300433539158,0.8181845711038649,0.6984587566080707,639.7483912698837,207.25521777434787,902.1068221542902,280.07253834826054,deciduous
JP-Tef,2016,0.6622297394171536,0.1577709697050032,0.783931261976674,0.7343640857445788,839.1762211968304,294.24062693339863,1014.668424139244,346.330749814596,deciduous
JP-Tef,2017,0.6944062985569583,0.1903010347835482,0.7430177875860806,0.8617413490421042,653.1285924580167,290.9919312874607,734.8943779426642,382.9772802552382,deciduous
JP-Tef,2018,0.6365694614756077,0.2057310745732178,0.8215639533246111,0.7326255063154439,630.911161040611,212.49683342773955,837.79074565126,291.26899845586735,deciduous
JP-Tef,2019,0.6919293714742091,0.1945330427755702,0.798607781919623,0.7197324270212614,749.7922903705444,298.0602115548969,883.4356026078342,331.40451797457627,deciduous
JP-Tef,2020,0.6602842888863788,0.1869793505507372,0.769563053110407,0.8220373891245508,633.0111380473036,263.8230540461046,737.1574996424612,350.30665068029646,deciduous
JP-Tef,2021,0.6881418061120216,0.1711620997340135,0.6729070216195202,0.7129055584997255,690.5307110361937,289.7569358183615,669.8798447763116,308.21246114451907,deciduous
JP-Tef,2022,0.5287219689759142,0.2420731234077973,0.6538752442398864,0.616061337531906,670.140867768786,281.7909740859828,810.1033941388067,353.7125772334889,deciduous
JP-Tef,2023,0.5049533649678396,0.3002029678457683,0.8094567845698862,0.6316225175902457,471.1960408297982,215.08139177819285,767.7558068364921,236.73743891092653,deciduous
JP-Tmd,2005,0.6924551649876394,2.5546260088413177e-15,0.35614368576830346,0.3825413041740961,-269778.6360184132,-636995.0459134494,-149051.4919806368,-351902.80604018446,grass/shrub
JP-Tmd,2006,0.3956473557260226,0.1885818515793375,0.39377999479335885,0.4731252310018187,246.77094517529568,49.58821112253329,251.17847816541288,65.15721097318031,grass/shrub
JP-Tmd,2007,0.4522133598413649,0.1676484944946306,0.42820714815352773,0.4924588354923101,332.769808720573,135.68965568532624,313.19169133608193,139.04576222603444,grass/shrub
JP-Tmd,2008,0.698160965425704,0.0937348731437359,0.528139826791514,0.4936503178359828,460.6672503756042,-418683.88121500413,381.0775636856672,-295915.92001015967,grass/shrub
JP-Tmd,2009,0.475381697336235,0.2431530466596983,0.5152020469141342,0.4947796577499538,335.1240560509074,102.7171865683047,354.9360334913265,97.99135411097832,grass/shrub
JP-Tmd,2010,0.4916032417756946,0.2749607785711747,0.37428962717714764,0.5222460783186577,358.34901191789237,92.33452792130834,245.83706265559974,96.21079234628654,grass/shrub
JP-Tmd,2011,0.5428489395932549,0.2787746751630027,0.7130283706124538,0.6330524248175257,465.4791257675011,116.18902476909474,644.6253336988043,154.46498958132247,grass/shrub
JP-Tmd,2012,0.595319274457617,0.2099078835473269,0.716788821362868,0.7005188196939875,549.3501396823417,-59320.90309102634,708.4835278491927,-56522.43406822818,grass/shrub
JP-Tmd,2013,0.5595692087569532,0.1654042643412995,0.6065636697893622,0.5857670686584306,457.96559956212116,179.64712660832083,554.3405595846997,190.79621669221385,grass/shrub
JP-Tmd,2014,0.4939846974976758,0.3009405702745019,0.5889433931199285,0.6088351157135622,465.1057081729085,144.64475246243,602.3653335045278,201.1395425235112,grass/shrub
JP-Tmd,2015,0.5008887307558857,0.2733133769277288,0.5248647670938901,0.5267052294410091,393.10567083756524,221.71283450009324,439.35601514678405,258.4110233640094,grass/shrub
JP-Tmd,2016,0.4738625711699608,0.1865395239193895,0.6032511442500058,0.6488276485828648,379.7524078220729,174.73184850965092,527.278774790202,266.29550071439195,grass/shrub
JP-Tmd,2017,0.6575892990274195,0.2217933107207845,0.7943826533693249,0.8217005092413554,649.9039969945956,354.5977219079326,862.2598195427231,458.51117756358866,grass/shrub
JP-Tmd,2018,0.5100184752877409,0.2259678888692761,0.6773001286823253,0.5877255164857957,414.76139285449517,193.56656474889002,595.7547318625566,240.155077781571,grass/shrub
JP-Tmd,2019,0.4139467456695244,0.1499491804375563,0.6330633461161691,0.5359333474372404,323.0616939073594,157.04047663370704,509.30755008971215,226.79609108911626,grass/shrub
JP-Tmd,2020,0.4734181697605718,0.1477471981834104,0.5977500233643871,0.5462814514804464,397.0892402179367,162.701781661888,482.7795817546993,167.05906178926156,grass/shrub
JP-Tmd,2021,0.4011048603576748,0.1334445751297494,0.5617105510622977,0.6023228617968176,342.89989430892035,148.5645265322743,474.8843134110991,214.35016289644037,grass/shrub
JP-Tmd,2022,0.5809647029919289,0.2466946224547635,0.7038245440989632,0.7371322309838746,489.1048897565512,263.07854425834194,637.467444782856,346.5248629696996,grass/shrub
JP-Tmd,2023,0.3498391086054847,0.1592621695233653,0.49891920553320385,0.5418633778097004,299.8788629279486,157.40479356065634,432.55258367862,235.88139597411327,grass/shrub
JP-Yms,2000,0.5656184841701661,0.2545646803318522,0.6083435769091758,0.4773618281324137,-469286.4798278462,-209182.46376069277,-438032.22550699103,-174076.15500498866,deciduous
JP-Yms,2001,0.295248229534685,0.1761522573029655,0.21889499065477264,0.5249326221668064,217.0201597347714,109.80641534461915,167.9278601407291,190.6659712667154,deciduous
JP-Yms,2002,0.3416389840187877,0.1628730817439597,0.43528871941599784,0.6253163633416021,317.11507183228895,190.69729508189857,363.11444787804874,354.9910006187809,deciduous
JP-Yms,2003,0.2695179273167666,0.167641226918508,0.2611579496686852,0.4294788569271068,247.2863403088852,80.22813559121593,239.4528485298682,126.53891309201887,deciduous
JP-Yms,2004,0.3106136198424226,0.2038027718920984,0.4236622206808334,0.3389680138322148,316.5199878325191,127.83776940151314,436.955050326979,116.69251781242504,deciduous
JP-Yms,2005,0.387724981772005,0.1992759616145548,0.5732552877566927,0.5766645912726663,363.7681375442807,219.27973266329454,528.6801933050239,326.0318959205978,deciduous
JP-Yms,2006,0.328425436153952,0.1559002961792215,0.4639039340481271,0.4497467810795969,226.89124976006508,117.82676765025649,323.04238853464295,166.17360404803864,deciduous
JP-Yms,2007,0.3524590281056277,0.2339381619774577,0.583747567033584,0.49792018073904837,373.5788108238299,238.0757006161544,637.4198075139234,352.7540641677716,deciduous
JP-Yms,2008,0.3123057208956892,0.2211446050245386,0.5680425641433385,0.4845084863897906,280.96640270488155,157.9685318926763,502.2431448259262,254.86027191185485,deciduous
JP-Yms,2009,0.2779312481528832,0.162682720316255,0.38507231216273585,0.5833641942342169,237.54797715099713,202.599898287344,368.43611870976815,442.3909757657402,deciduous
JP-Yms,2010,0.3268176920063092,0.1976764443512579,0.3174723469815605,0.4333317313432864,241.26751959665836,87.42055202190912,235.59761866428173,113.8002174540278,deciduous
JP-Yms,2011,0.2559759383984005,0.1481863725565435,0.3952315029659231,0.5400654637634048,191.92761957818811,162.60443239013452,281.1492190202135,361.1276522800323,deciduous
JP-Yms,2012,0.3363007951094905,0.1603900279932995,0.3522012689032411,0.5711154993171282,221.5220621661436,137.30066637082018,226.10751161173414,245.68656607756753,deciduous
JP-Yms,2013,0.4682256768276955,0.213402657527599,0.7014001355255949,0.6222544038245421,332.77773182955235,205.41380334213412,510.5352138272138,252.3549319782874,deciduous
JP-Yms,2014,0.3293153579133747,0.2074120524227436,0.459788480478924,0.459687039003834,269.98850198850573,131.89232755030585,380.10960841149415,208.2987934752491,deciduous
JP-Yms,2015,0.2450129392773315,0.1607792128484541,0.29067624988300944,0.45556794012541674,211.85351775879144,123.63933057571771,241.09751762649984,247.93742011278925,deciduous
JP-Yms,2016,0.362755645837316,0.2049930806828726,0.559580235508479,0.6301968713461984,258.3414366716677,192.55098701496405,403.8347362352141,347.7380841312496,deciduous
JP-Yms,2017,0.4736763392705758,0.2283445038826192,0.793240257245861,0.737913594445357,402.050462504385,275.25678332417164,679.4052238179735,446.7530332824026,deciduous
JP-Yms,2018,0.4554339549427836,0.2090389860516323,0.542916328905869,0.555780127738264,444.22233733845087,338.07499172071834,534.609467284973,406.06402501444785,deciduous
JP-Yms,2019,0.28712777651699,0.1890090642472353,0.39590701712963505,0.5446756278981798,270.65179694988666,180.33969912073343,343.0042228866076,366.7265948771706,deciduous
JP-Yms,2020,0.3057257937710368,0.1759985548145748,0.47033606210577755,0.3805037580592197,147.12135602267622,53.474276998436736,217.72792836250852,68.57156100377426,deciduous
JP-Yms,2021,0.3396068986361383,0.2055439210964046,0.3863724623106054,0.654718065682502,424.4145576179611,286.06537835151516,456.42751413233196,576.6771891703512,deciduous
JP-Yms,2022,0.3866962194608975,0.2243831505184121,0.5166453404570025,0.6407952901886484,542.8930854188186,344.7940607387329,734.7881514033635,604.614018451908,deciduous
JP-Yms,2023,0.2945162558381449,0.1569321636796312,0.47111601400876674,0.5216018712966153,375.06701433592616,274.57920850541,616.714577774815,512.9394752852459,deciduous
NL-Hrw,2001,0.6267174445717026,0.1861597261088884,0.8050429506849469,0.8994194601794077,614.21230698036,-432307.9137828499,788.2855286748626,-622189.4608133229,grass/shrub
NL-Hrw,2002,0.393561671623708,0.1987453791689176,0.7071258028455081,0.7853528111299422,419.41098718993885,324.7779615972541,733.8337198208446,640.7637262165481,grass/shrub
NL-Hrw,2003,0.3308581057502813,0.199426647983496,0.5275692244470891,0.5908474473561915,-12980.799611853587,259.36755013772455,-24703.928206456934,449.17534660279813,grass/shrub
NL-Hrw,2004,0.2751078072151538,0.1413211944324758,,,-352102.7794360733,-255824.67568402202,,,grass/shrub
NL-Hrw,2005,0.3294397906751775,0.1672198283915506,0.5890290950940349,0.6830649310199584,368.7325235354406,290.2609263724827,661.463290992623,600.3845744968529,grass/shrub
NL-Hrw,2006,0.442665860346684,0.17878662109326,0.49216767089466296,0.6141994235890975,461.09608522919126,403.2172274027359,518.3205609046029,535.998912497732,grass/shrub
NL-Hrw,2007,0.5098086422325924,0.2522545601535354,0.7803652144479706,0.6883564150509612,445.40709099299227,479.2059153317778,674.8797366945314,661.2755373801316,grass/shrub
NL-Hrw,2008,0.6346770873223753,0.1817403198409238,0.857908851135413,0.736236629454253,657.1812935831301,494.5839506768686,898.6722180161515,554.0188763456503,grass/shrub
NL-Hrw,2009,0.5389880780867985,0.1990531351600238,0.7511441348707636,0.7073543639956682,394.03729415884345,-53568.93167527902,550.4164150867281,-85322.78651430293,grass/shrub
NL-Hrw,2010,0.4013345146023362,0.1696109065819094,0.6160856637202292,0.6984720687865894,418.32677393921426,303.5694268452071,656.394791625751,535.1676066952791,grass/shrub
NL-Loo,1997,0.6242955553431436,0.1663539822306125,0.7606263990363804,0.8307611590459543,479.7941857702914,331.4695546767555,566.4066935724151,434.4878600180059,evergreen
NL-Loo,1998,0.5958733049380868,0.1980551981975062,0.7396414168745165,0.8383962848921712,446.3168748297643,316.707013139843,553.336864976607,447.68360443371694,evergreen
NL-Loo,1999,0.5953819041252827,0.1520776427666594,0.860508981993164,0.7877930519755268,483.21983624449007,295.7800672921503,699.0871315254983,407.1555131552196,evergreen
NL-Loo,2000,0.5996293506295167,0.1693676575705051,0.7848432781399469,0.824238645539041,474.80228738204084,335.93844010311415,637.6339484598666,454.7116372913428,evergreen
NL-Loo,2001,0.5154605828987647,0.1867812249886244,0.6799865464099665,0.7785426112683417,379.0602075706029,263.7754430636267,503.0221886788891,410.0882980769928,evergreen
NL-Loo,2002,0.4984828208474458,0.20283357378498,0.7139812329848639,0.7503763078278428,356.16375973936135,244.04849554651386,505.71110854185963,362.04184300490147,evergreen
NL-Loo,2003,0.5259029100087682,0.1878440491838785,0.7407863587894057,0.6482878710089696,371.0721550738619,284.45091816359803,512.8364392345974,325.3829891113205,evergreen
NL-Loo,2004,0.4568620140204306,0.1493033128221087,0.7495008150432905,0.8071015670829004,495.79846749803374,249.6701720857224,797.5479271727477,442.7136936233915,evergreen
NL-Loo,2005,0.535691517093753,0.1888146874841829,0.8583394527680442,0.774675332534572,425.45658082761923,310.08573106869113,677.9131578110035,447.28188273576814,evergreen
NL-Loo,2006,0.5682744575200267,0.211880533515694,0.7780244104802303,0.7889704382282369,420.01621877486684,232.68898378172662,557.9946536108017,327.84970898988786,evergreen
NL-Loo,2007,0.5217415866517802,0.1864465754017097,0.8724162190728935,0.8208994878782271,384.5820678987208,260.18858489684766,646.0032717007188,412.7843717829375,evergreen
NL-Loo,2008,0.4654964009954695,0.170993519297248,0.7603288408101462,0.6011935861173148,365.3143016544825,226.22011620988638,591.2042378426361,280.7942265817524,evergreen
NL-Loo,2009,0.5764685387713744,0.1393211215285344,0.8274822279504885,0.8268128004562246,467.16604548180885,323.5173433588855,674.9085097968517,462.46772788011106,evergreen
NL-Loo,2010,0.5499368105627844,0.1643953239874541,0.7730352915829721,0.8315259234986193,445.6756269946358,299.0624293036526,614.0061287298478,450.30943745839545,evergreen
NL-Loo,2011,0.5929338631488306,0.1242935613983579,0.8072940293848001,0.7632165259776511,442.13056033361414,259.5035786286459,604.0383091618513,340.6481036829574,evergreen
NL-Loo,2012,0.597113389145581,0.1601702759095616,0.7565371857815154,0.8093125206735704,468.7740887299605,289.3102564057917,590.6450506754004,397.86254334967794,evergreen
NL-Loo,2013,0.586749064333575,0.1655845947121157,0.7686283060588646,0.8495807908837306,459.29363301965554,233.64874869611964,617.5946272470145,344.44559721335935,evergreen
NL-Loo,2014,0.5610214299033129,0.1914841819365004,0.8138367562910964,0.7278880407507018,445.8539858159014,268.4219710456717,635.3466053587118,357.34290620778347,evergreen
NL-Loo,2015,0.6002426325740131,0.1757303213482087,0.7399053955256925,0.843954172265136,455.10337878104997,237.34133910345795,569.3012956084841,332.83192135117883,evergreen
NL-Loo,2016,0.331915642278591,0.2414499672848922,0.6260659041836344,0.44230601962371496,238.04098338805386,274.18942807262107,441.83247791453863,333.63549863048803,evergreen
NL-Loo,2017,0.5818256032228798,0.1790047189558961,0.8358987039902996,0.8211968870831016,496.5882279880563,395.2299838527513,704.6928739637287,559.6054679648206,evergreen
NL-Loo,2018,0.6267438061639569,0.1753891467766817,0.8066759542952117,0.8158427950410185,455.2371886851536,350.335767386708,575.674894986077,455.8692443815752,evergreen
NL-Loo,2019,0.4041811730406517,0.1423856068314405,0.6453434255272327,0.7709066850750892,398.00648513467456,204.71510422879035,632.7770756268193,384.93641455821074,evergreen
NL-Loo,2020,0.567151249608999,0.1493771634766988,0.7072602657229037,0.8101063646126313,424.87270505081506,314.6545604689733,533.7333139070884,444.602524111149,evergreen
NL-Loo,2021,0.5452890150039293,0.2258851944662105,0.7561146938210316,0.40599930043538246,401.15736863549324,303.7785396387177,543.2201225221494,187.54734352478815,evergreen
NL-Loo,2022,0.4375594813236615,0.1517297505636114,0.6425769222340226,0.7056531852831889,372.8845171097381,245.85086974192706,525.4044203862918,393.03506117607856,evergreen
NL-Loo,2023,0.4743084854086638,0.2087824312619485,0.4837889982266174,0.6079663857260899,469.95112766155944,265.3659373452251,441.50698418286686,311.45496244520194,evergreen
NL-Loo,2024,0.493294236696182,0.1684020814143257,0.6970532036724912,0.803644133290894,460.29127371965,297.93448110552237,653.684072355842,494.6811139244503,evergreen
NL-Loo,2025,0.4242076783696785,0.15302260953118,0.6162072176295409,0.7052297136858444,386.86879125727586,239.25780961119108,544.700126779494,400.7470863966057,evergreen
NL-Vkp,2014,0.5693982166211505,0.1499612676946451,0.7215921652161427,0.8575898994189867,557.8544364667491,-107776.72045777985,709.9413316165748,-162879.7859643176,grass/shrub
NL-Vkp,2015,0.5579183826502282,0.1887642579533924,0.5765447137709917,0.8393099689454088,554.3822862332112,384.69052272516484,596.8776520617516,588.0420474229552,grass/shrub
NL-Vkp,2016,0.485795627587861,0.1313146360377016,0.7256423506193705,0.7159126363913718,460.0083044307192,391.2805079268673,695.9739139096708,566.7788824591343,grass/shrub
NL-Vkp,2017,0.4559399657622949,0.1382529259214935,0.7528791298641457,0.7680963956879319,450.66629511370843,364.88186990608165,736.8617418994818,618.0528611131169,grass/shrub
NL-Vkp,2018,0.3920021793323017,0.1544930023138512,0.5525315414345396,0.6756579683001661,288.47663857506524,307.60545351352573,407.9964523173386,522.1817183956649,grass/shrub
NL-Vkp,2019,0.503880964861753,0.1588474125194312,0.6872525044878202,0.5875214906538112,309.0378381123072,309.861327246014,419.9961661292609,361.8521587190465,grass/shrub
NL-Vkp,2020,0.5192743739707051,0.1568518124498746,0.6442487074538659,0.702678560338171,348.07513795190266,290.6219617373289,479.36172966376427,394.39954199522356,grass/shrub
NL-Vkp,2021,0.4163795274910195,0.2314713997347909,0.607096846400202,0.40645593824739185,349.86862735662737,227.19444710664692,544.9389209667243,253.95883689966442,grass/shrub
NL-Vkp,2022,0.4458845277686921,0.1284501974297849,0.5724188907415613,0.7088488931595276,327.28714757724373,245.49773847644562,425.31808580234224,381.9505960117785,grass/shrub
NL-Vkp,2023,0.4954826941291048,0.1528238655853684,0.5959453323442845,0.7096256846983128,416.87421521839354,331.02051900973396,533.2595097116399,468.00177652619476,grass/shrub
NL-Vkp,2024,0.4434526543983398,0.1535739919087043,0.47921642547222193,0.6026068454094284,380.99433735494125,316.98813729159633,411.83128278880645,426.45230110882306,grass/shrub
RU-Fy2,2015,0.5622486478722702,0.1486356185995296,0.5963772994936831,0.3976999573158976,495.66459463941254,-185239.25906724978,539.2255478041887,-157014.33991022164,evergreen
RU-Fy2,2016,0.3207181879968829,0.1779794875427446,0.39041252530885884,0.35591273995210615,285.0782946861277,141.461965276639,377.2802471658322,156.7095618188935,evergreen
RU-Fy2,2017,0.4582828024591888,0.2391525924546437,0.6953926775271925,0.3772622018820386,507.0380291010872,231.7256235814516,804.3529909141055,165.0617273192806,evergreen
RU-Fy2,2018,0.4614513612198151,0.185836164514757,0.46015323458751684,0.537987513530693,525.1940603647546,340.6603102750158,545.0488893659915,384.8575082371832,evergreen
RU-Fy2,2019,0.4648066941244034,0.2513262406749912,0.547323909226605,0.49779243140048973,474.42944023394557,279.9572853438104,596.428417816441,258.36090225063793,evergreen
RU-Fy2,2020,0.4852512518951955,0.2287827499772526,0.4668967522219218,0.5228081180465385,511.74560145772176,219.78827490947805,432.9640755845572,247.2009872656812,evergreen
RU-Fy2,2021,0.4945847887879857,0.2136033201278366,0.5421696681220545,0.5794673025517507,489.76973186916166,280.5230309953077,539.6178829160082,321.3874475619326,evergreen
RU-Fy2,2022,0.471948050354347,0.2423021441063333,0.5278953810323034,0.5232021072717105,537.7963207989992,219.89407348119022,482.41581202304934,227.262340404981,evergreen
RU-Fy2,2023,0.3928642959959539,0.2128098435807856,0.38637693814903645,0.6194984927676955,403.0214060867139,247.7535926555841,416.1586563026263,427.45375261060235,evergreen
RU-Fy2,2024,0.5287527562159742,0.2319862477537425,0.7298050231698594,0.5825361741734242,486.60060203576774,340.80009553494506,658.0681622889315,376.8373209297018,evergreen
RU-Fyo,1998,0.6385282269416583,2.3407844238511848e-15,0.8011091957475084,0.8478875163658496,582.8547318194333,-453167.9766987795,752.9770897879464,-600573.6270895614,evergreen
RU-Fyo,1999,0.3613660438110049,0.1872922779062194,0.44396630427613315,0.4653309131910923,352.1056450493602,183.20924121490822,420.8194927838498,240.6611734039769,evergreen
RU-Fyo,2000,0.4902919483016954,0.2005565165428025,0.6669623531681415,0.41887713397140897,462.28523618870094,249.80032591220663,636.1038048621137,198.7117267136034,evergreen
RU-Fyo,2001,0.3354106356473032,0.2006634172002067,0.48901665169974595,0.40773099326264706,361.1899465990407,201.22143763731225,493.71510572274445,243.39012632185654,evergreen
RU-Fyo,2002,0.3419676258223214,0.194854030051506,0.4400331438783811,0.5154062759643903,248.10306198472605,166.4231958661439,303.43838689626375,262.7116433034416,evergreen
RU-Fyo,2003,0.4921299582276213,0.2196201487145874,0.5470379398005668,0.35495548794674464,448.88051720458293,188.62968033055307,463.60580144602324,119.37344378439403,evergreen
RU-Fyo,2004,0.5316383041794297,0.2516434406556188,0.6110432251189185,0.514336817213808,459.1214667992541,280.86817057969563,485.7937288928342,233.69543312426936,evergreen
RU-Fyo,2005,0.3480818257947587,0.1649828114315809,0.4506565565639898,0.6465871236784622,330.89354802166815,180.7979185125954,461.8041486138928,354.93770155318464,evergreen
RU-Fyo,2006,0.6960984800812742,0.1936034426889376,0.6896880918584205,0.6317889876587206,663.6628577726322,339.89075820790794,664.8851643734449,310.1563677521416,evergreen
RU-Fyo,2007,0.5371651168933543,0.2313933697582486,0.624724478791189,0.5808573685754438,559.816243437497,265.9477118193145,673.0194862058139,270.32000847235355,evergreen
RU-Fyo,2008,0.4631542056950931,0.2163579449602604,0.5881962624357809,0.5893184758651737,445.0909397170966,249.20042512971222,534.4994937400065,340.29673747777,evergreen
RU-Fyo,2009,0.5568630143696187,0.1999097878979176,0.7646192273387005,0.5820414933127411,561.9451533917972,348.41085515828394,775.7159286286557,371.47861316814095,evergreen
RU-Fyo,2010,0.6562758303719157,0.2053737972668469,0.7801990244057063,0.5622933791568403,400.36122323065564,358.3066184714795,473.90017086404924,309.0577716965523,evergreen
RU-Fyo,2011,0.5533951492412998,0.2837735188846499,0.518325678716897,0.5875752581487077,514.8807162229195,283.51391145384156,466.2519188549037,315.36241812738365,evergreen
RU-Fyo,2012,0.4790294326691962,0.1941488484845711,0.5383417422258453,0.5084311258740871,398.0468997192666,240.53327058151177,412.04277850285723,238.86982623729037,evergreen
RU-Fyo,2013,0.4163237287038117,0.2340900416446927,0.6355203462003504,0.439581783239816,355.53624362309364,173.35240743889332,538.755815420155,149.83644522062218,evergreen
RU-Fyo,2014,0.418591350089939,0.2058700308789583,0.45632226940680376,0.5523877288793987,383.94555640617494,221.5790230574048,416.9186374449839,302.01013707107535,evergreen
RU-Fyo,2015,0.5151148620157293,0.1733746932355976,0.6164096050498968,0.6086152269600651,475.7243633420468,294.1277989244631,589.9958901335755,324.2416847859628,evergreen
RU-Fyo,2016,0.4059725071620818,0.2134938636770705,0.4249569167381028,0.4954138546096969,300.43609434467305,229.48137092151194,288.03925377075285,276.6617873549273,evergreen
RU-Fyo,2017,0.5092623606338407,0.168737819433688,0.7279343113065895,0.6068329471975445,478.30880819353877,245.36264716382425,692.2143375203873,286.25386578547193,evergreen
RU-Fyo,2018,0.3800458129814583,0.1968159594192597,0.4534806407347579,0.6189966689289974,392.41497669398,231.56988021791594,416.77578959748496,390.4904499309073,evergreen
RU-Fyo,2019,0.4592708098437757,0.2346739758365856,0.5418966794256079,0.5132472282161986,466.51563464250756,268.24878656053534,541.9588784558246,252.53261629999292,evergreen
RU-Fyo,2020,0.523056518677509,0.271885488056117,0.61495102793032,0.6351844650976857,501.4213292801686,278.8969912626201,589.6917881529524,332.61028952962226,evergreen
RU-Fyo,2021,0.7333922098036424,0.2025743552089778,0.7138607234767071,0.5865748612327248,629.1141395299355,416.1784007232375,625.0184801462726,279.4480905509832,evergreen
RU-Fyo,2022,0.4901182364831576,0.2134424069472176,0.38756413446283444,0.5921033658229298,325.187713018704,240.1293367914829,263.6443166040489,286.45708631041737,evergreen
RU-Fyo,2023,0.4987433664758456,0.2439353185429393,0.3568214026366338,0.5197899334929065,438.739186476249,294.770084450079,278.0485217279265,289.67976984759844,evergreen
RU-Fyo,2024,0.1951437875660185,0.1245132654547689,0.42638409188036686,0.22161589926873,209.16437225684138,74.79709105342046,474.38807598208456,91.42429359703594,evergreen
RU-Fyo,2025,0.4017667055680313,0.1802656435546725,0.5436297385827265,0.5383033587383483,345.2729656785823,207.39225886946207,487.09292690427844,253.84228950584816,evergreen
RU-SkP,2004,0.5932323629137012,0.2881332859081126,0.32355769482840985,0.5813643943959295,-759261.4907870846,-551650.9268999911,-414112.43399542663,-540614.8198995356,deciduous
RU-SkP,2005,0.3985338368651945,0.2109215606504072,0.4145266122874233,0.5223231270149195,-514057.2386911453,-366614.46480298735,-534685.855917791,-480489.2231260406,deciduous
RU-SkP,2006,0.5164166755413405,0.2638573050091635,0.23447624092471747,0.5040885155091849,-666110.8936971844,-475055.83116388344,-302444.1033578063,-463715.0581250232,deciduous
RU-SkP,2007,0.4149259783424538,0.233951919264704,0.36794737911770464,0.36984308200096216,-535200.9866105593,-381693.72688505007,-474604.65384993283,-340221.60987734114,deciduous
RU-SkP,2008,0.5064650850293575,0.0572879442574102,,,-648210.4813066939,-470965.4278243948,,,deciduous
RU-SkP,2009,0.4480228187898471,0.2899332243980699,0.23934333294574128,0.47918616081224014,-577891.6412952788,-412139.77518733067,-308722.0242100563,-440807.18282046623,deciduous
RU-SkP,2010,0.3998549579718864,0.1848616138492342,0.29566058927983474,0.406438244782704,-515761.31449415506,-367829.77467800205,-381364.01995496976,-373885.79288156773,deciduous
RU-SkP,2011,0.4461119023817042,0.2850221303202171,0.28194006604929167,0.5295702029621802,-575426.8056369912,-410381.90789614874,-363666.314935066,-487155.86626653327,deciduous
RU-SkP,2012,0.5698676588440634,0.1440214520987001,0.3762482765390197,0.5955458463519709,-729357.6602600693,-529923.9250327066,-481549.6341905482,-553802.2513436222,deciduous
RU-SkP,2013,0.2914970039685101,0.1845632230037172,0.2372747863787059,0.3914869619112584,-375993.5320058662,-268150.42592666426,-306053.8659810878,-360131.9881578619,deciduous
RU-SkP,2014,0.597962458786233,0.271695291763983,0.29618755337759745,0.4655976984677356,-771294.4346770572,-550070.4495371261,-382043.7356627151,-428307.04760205775,deciduous
SE-Svb,2014,0.6800559854253025,0.1729612159117194,0.7879696275605427,0.7950527980574402,-47060.119207441814,287.45924272450844,-59272.54833156075,353.1491539619776,evergreen
SE-Svb,2015,0.6814716429184711,0.1295437339941122,0.7365105131921451,0.6461986676689222,593.6827690133227,341.568462457465,661.4853208971708,301.0764106490509,evergreen
SE-Svb,2016,0.657778836536176,0.1390685993001141,0.7255331711441965,0.6205587887027791,567.430471662891,284.34509695548985,564.4110810960852,307.4210053501197,evergreen
SE-Svb,2017,0.9274722104055928,0.0796035675293618,0.7305534834188403,0.7620392496848798,-444971.82866353396,-649156.1480211645,-354878.3297768844,-538726.5464598003,evergreen
SE-Svb,2018,0.637525666625627,0.1954302692956563,0.6567984321818434,0.6108747759362494,363.52654243866925,275.82899861599964,366.7882277052292,249.91612982778815,evergreen
SE-Svb,2019,0.5429281209373081,0.2205009427059044,0.7455588270522834,0.6382737145338117,381.6279213250121,186.10336046488325,547.4933697265739,214.78647594230074,evergreen
SE-Svb,2020,0.6960357103800919,0.1460941833653836,0.8217224034962249,0.7815786160175909,508.2183335692657,240.98263866337393,628.300558589176,278.6805909766118,evergreen
SE-Svb,2021,0.5341706218432415,0.1653496403467563,0.6267158038921042,0.664218576398613,382.96048352819093,192.03557141844053,410.6469974857512,208.58613601949523,evergreen
SE-Svb,2022,0.5207176078473703,0.1393073994210394,0.7309424028361456,0.6819563448765097,397.48447082945154,196.56729138348615,547.294027658407,288.56287202584394,evergreen
SE-Svb,2023,0.6166920556982436,0.1663951689782841,0.6819457493087725,0.6756990054806139,460.1009117449766,248.50814191785804,517.6070781956453,261.03764464470055,evergreen
SE-Svb,2024,0.5406933108339491,0.1771046945577399,0.7076645862755616,0.6336866599033161,424.24812294152593,202.43418298275995,598.1576824626767,249.15762610235808,evergreen
US-Aud,2002,0.6529316922735549,1.6067872873734247e-16,0.7907617280474784,0.848502795981033,17.07978575599661,-411364.47934695036,19.374947881377558,-534579.5203749007,grass/shrub
US-Aud,2003,0.6529316922735549,1.6047908030751584e-16,0.645379176060647,0.6377382794034354,-76.16713339401933,-203.21195017424924,-71.67178064676902,-198.48330383087958,grass/shrub
US-Aud,2004,0.6529316922735549,1.599512060772853e-16,0.6127246362551877,0.5680892069772948,-18.42687916518403,-59.265344378285484,-5.671417304123629,-41.67794734977965,grass/shrub
US-Aud,2005,0.6529316922735549,1.5908841261958355e-16,0.7890655601652347,0.9391849233765492,183.8231728365845,-63.283690262628916,205.08276922113657,-91.02803324392968,grass/shrub
US-Aud,2006,0.6440888149058724,0.0527019758075554,0.7586871864964719,0.6727433376871196,255.64322468192813,-33.492520215969975,333.68211504999516,-34.052499659596,grass/shrub
US-Aud,2007,0.4541030694548637,0.1454074827927802,0.6731067195044065,0.8145669435231079,127.37202494966209,-60.43058244502486,185.05465542130753,-108.39996060070204,grass/shrub
US-Aud,2008,0.5352291538980862,0.0509035547164052,0.646452926851213,0.8878422319490158,135.18299337460027,-59.34092052017929,196.6832459309191,-98.43517479725521,grass/shrub
US-Aud,2009,0.5345663801129988,0.0508781788909294,0.7536579965358413,0.7731222959585928,32.043594508490074,-98.51276207955188,45.03554136391281,-142.47512681973421,grass/shrub
US-Aud,2010,0.5346454946714616,0.0510203195870394,0.62608919578891,0.4644228298449001,-523917.51223947393,-74817.50293376898,-613526.340662995,-87423.83618405477,grass/shrub
US-Aud,2011,0.5351847825097388,0.051287116273952,0.6739291798955025,0.7324653882834469,26.15271549591213,-124.37638151124166,32.03815803935212,-170.22418714841535,grass/shrub
US-Aud,2012,0.5344822822973949,0.0509149961217419,0.7240613086366369,0.9049050519123123,150.56018088662054,-59.31230646927047,227.9121425936767,-100.41868092224276,grass/shrub
US-Aud,2013,0.5345468042845425,0.0512962778732178,0.7465743891511571,0.9357833148211888,111.6294022644691,-48.648892870492354,148.41347177566823,-85.16526872452705,grass/shrub
US-Aud,2014,0.5349370704563103,0.0513839621311679,,,-689999.8140065515,-492092.8906093236,,,grass/shrub
US-Aud,2015,0.5345875337500497,0.0512214938170106,0.6228059156036735,0.5586268950571147,24.73172495022486,-37.52286749590663,32.29439867548697,-39.2101978432562,grass/shrub
US-Aud,2016,0.5343776391727315,0.0509107539722804,0.6449047892743622,0.5463061809009624,212.12164042408432,-32.17973648327434,277.3267532103225,-32.89806244099679,grass/shrub
US-Aud,2017,0.3486070502141669,0.1518584920029066,0.540055180807852,0.5582042025835038,105.31019003955744,2.046715236511953,190.00447425305558,2.2085106191662653,grass/shrub
US-Aud,2018,0.4353929368381509,0.2507030548594582,0.6371911256928123,0.524000959539305,129.80071555951233,8.617347598559942,213.02804558652116,16.491187400385133,grass/shrub
US-Aud,2019,0.54454351993411,0.1831391980819879,0.5820232755701733,0.6184900475529463,157.74805114311647,55.97652799936211,165.59507729458483,63.42587049566657,grass/shrub
US-Aud,2020,0.4336547057686533,0.2069550163068673,0.5030443327003369,0.5275266664402775,91.01620211136077,48.916498427541086,122.76953404294386,60.34697430534266,grass/shrub
US-Aud,2021,0.31881568139725,0.1624809338129751,0.5167255597756836,0.573450893134775,145.18286268231807,-4.318730248819434,218.21504192425965,-9.180896789949191,grass/shrub
US-Aud,2022,0.4461198155221282,0.1646610760992795,0.5895090049751757,0.5171397781839273,176.63841146111935,1.800187732347922,236.30780989198095,1.9580388386549983,grass/shrub
US-Aud,2023,0.534028568740533,0.0759834726522712,,,-688827.96398992,-491257.1526129662,,,grass/shrub
US-Aud,2024,0.5342463194359394,0.076279083974727,0.579878457442356,0.6341933049243202,70.01917074664878,31.49217772331636,87.0648662132671,39.22630496841121,grass/shrub
US-Bar,2004,0.7377706592249823,0.1981772040558148,0.7734299866555161,0.8154124017499201,587.0210192579268,260.85541701379697,611.6901935721975,319.95819357537596,deciduous
US-Bar,2005,0.4789897554473943,0.2857843760910016,0.5477285132193749,0.39481320768041345,389.37214455673524,176.2385618102795,447.2017434878358,168.8422543056208,deciduous
US-Bar,2006,0.5643372447890534,0.1572914515073851,0.8003997615035988,0.44170224654102364,475.5316455343845,196.1017719356587,700.0749749062444,163.1945442464143,deciduous
US-Bar,2007,0.675130121881446,0.2253356573378998,0.6840191102688283,0.6903780797762513,632.4329789797679,247.9808998450482,603.8102067584872,290.51190971707535,deciduous
US-Bar,2008,0.7224314095159042,0.180105119668126,0.7547691868102837,0.7875245974216866,612.9936210849268,237.74985365508442,614.6264252735542,276.73723944358204,deciduous
US-Bar,2009,0.6471379951073611,0.1697999373282651,0.7605785941715035,0.7627072165165825,622.2964952649174,241.9767519387127,732.7382569426281,298.4427407284519,deciduous
US-Bar,2010,0.607826359605815,0.2237435440729603,0.6692770328137149,0.7731314203224424,503.0205459214795,261.55093720540737,560.8517215705822,353.51099611178824,deciduous
US-Bar,2011,0.5998653202583023,0.2111246295180814,0.6345658091938847,0.6058576972417357,529.961091920251,191.9520211985862,524.7935844989931,197.74209470482737,deciduous
US-Bar,2012,0.6608504288839775,0.2081712829914118,0.6971410183554237,0.6866142685502736,531.9313533081186,266.6917980902733,553.8842389350182,301.4419353102396,deciduous
US-Bar,2013,0.6144786504855326,0.1984889186458316,0.7454931141471197,0.6522717641332473,564.257881846495,276.701137079167,665.3507847379464,343.91567234079156,deciduous
US-Bar,2014,0.610803005081747,0.2521218638719448,0.7157491463210777,0.5913851002051146,562.5982089775987,205.53048008263124,599.1276758160842,212.75428265912737,deciduous
US-Bar,2015,0.6208291687175147,0.1967968959706107,0.6415270082594082,0.6247712893886568,517.1980370074627,200.1179279211769,512.6956050825439,230.08241889489426,deciduous
US-Bar,2016,0.5594233094940634,0.2476487426872335,0.6901519799772431,0.6553885026886269,543.9609387833193,220.7609379604964,639.8585248806171,331.05113591410594,deciduous
US-Bar,2017,0.5994199380074672,0.2133790739003478,0.6716398735679235,0.6277005962350275,626.6580379473592,245.19187386622255,691.9524473247018,293.22641357835766,deciduous
US-Bar,2018,0.6623219270369616,0.1705999864603574,0.6421461029972074,0.8944923251322683,529.4327978893701,-370671.16766011313,507.3125448390074,-495452.180572218,deciduous
US-Bar,2019,0.6176799210173222,0.2422942381743368,0.7035941466958722,0.7158681332063391,630.6974714910731,167.52468171469576,728.5449229365602,234.00025912592008,deciduous
US-Bar,2020,0.642397240600662,0.2468379136505306,0.6362743399654068,0.6572841769563814,543.7535218283906,211.35458358271134,547.2765369791829,238.4616916099358,deciduous
US-Bar,2021,0.4865425167851598,0.2469444047533339,0.5150741660761435,0.5316902153320922,425.14226943830914,185.82554837183625,415.4340934411497,238.25530657092418,deciduous
US-Bar,2022,0.416905921514587,0.2256173602961607,0.41147692093355676,0.5261477161500387,392.4192090284754,146.86701660267633,340.69217407126916,209.38683668690132,deciduous
US-Bar,2023,0.5692835593178119,0.1529440296388303,0.7285384633486651,0.6244004067237162,543.2446887140119,203.14151544813768,720.0542463476813,272.54296921567936,deciduous
US-CMW,2001,0.4560556112786071,0.191850166492292,0.5578567607612508,0.6251803652357119,311.86452690287433,140.79475158797482,364.9014940585352,207.99666771416807,deciduous
US-CMW,2002,0.5105345898919472,0.2256174764018692,0.5027204396723046,0.630228443776876,306.87599501802794,73.67551275793515,285.5096745899058,109.55331856564206,deciduous
US-CMW,2003,0.5809898896740847,0.2541843703406303,0.5943957351236244,0.6349234247520544,378.2438116203465,106.89221069901504,389.876062364287,163.65308400936163,deciduous
US-CMW,2004,0.6183927122191742,0.2008489516473839,0.7936890866088225,0.8034380686646414,395.4081799383969,180.62590581562594,506.58103949882496,253.80685598093243,deciduous
US-CMW,2005,0.5264587811656737,0.2039276822019054,0.686190775895622,0.6620845725921307,376.6326131326598,112.46682137139798,485.7919706912839,169.03846340016187,deciduous
US-CMW,2006,0.5174643235049229,0.1802793836835663,0.46447240020956815,0.6330732311504019,373.43471120352257,134.37224880128326,316.51149918000146,199.75282997892813,deciduous
US-CMW,2007,0.503554657983541,0.2374939646123167,0.39097376832771014,0.649155302431834,383.8217981151072,115.09350858283594,264.79081130179867,178.20093567360198,deciduous
US-CMW,2008,0.4652116205311261,0.1769634807345785,0.47414663184953015,0.572394455407005,379.5772844011927,83.4137503499772,399.72744305259994,124.00292254245272,deciduous
US-CMW,2009,0.5963655801775961,0.1660614218574632,0.6886830769421969,0.6476396584056522,434.1546558400545,113.66155864683917,493.6494453622082,147.6550666744358,deciduous
US-CMW,2010,0.5277405129786235,0.2190959946626176,0.5004964470937778,0.6149824005078152,402.11584086242846,109.9767995489147,361.9426066524323,156.90805261912382,deciduous
US-CMW,2011,0.6219186717206565,0.2061577065636643,0.6573978304245254,0.6195217742991737,466.8806033625344,91.24205650399118,500.1466297355888,111.74467018256952,deciduous
US-CMW,2012,0.4862207851919775,0.2172332395696482,0.5158147951873272,0.6242079348911997,345.8197889253721,114.50108190507562,362.31520970544864,179.78504036269047,deciduous
US-CMW,2013,0.5741966159169324,0.2073038062354345,0.5066147896004601,0.6327596804227006,419.7094700198083,81.42028837730732,352.077949435636,105.04655771738643,deciduous
US-CMW,2014,0.4289725694987378,0.1554499661819493,0.4961117598225649,0.6483786842502968,274.3262388723843,87.80281084599015,299.2205625246757,150.9267150082589,deciduous
US-CMW,2015,0.4612528713046475,0.193428023337483,0.4626941570908571,0.6069605460469565,265.35563988078593,71.76431167551208,249.31479058635188,100.89331954316677,deciduous
US-CMW,2016,0.5430807597369024,0.1361551921409304,0.5616134945693317,0.6446317598659481,375.1886679812928,114.96460891544108,397.7959716056157,157.71979940667734,deciduous
US-CMW,2017,0.5302554996315592,0.2202279905987824,0.4924351114428385,0.7085765884139772,382.5838130380318,156.36771505955753,343.38978982861227,240.27128581951237,deciduous
US-CMW,2018,0.5227992116724919,0.2001058792499588,0.5272198923048692,0.6302804158366575,424.885468954758,146.03900730377845,420.28726742189804,196.47553653705856,deciduous
US-CMW,2019,0.5651596962959391,0.2252507720520299,0.7207518876378955,0.7388012556539284,359.61053546441735,161.39392749344722,461.83857187572687,230.51501103865456,deciduous
US-CMW,2020,0.4601143141977417,0.1928818107149151,0.5821240671650519,0.5887568235164455,302.08274510779876,162.63481127342178,361.18626186934534,184.73074502020626,deciduous
US-CMW,2021,0.5057514809685274,0.2103691308373206,0.5292195541112503,0.6244259393524488,397.5709079221393,113.92076410680491,432.9446130715469,175.32590931927996,deciduous
US-Ced,2005,0.6222453980876054,0.0670728308186853,0.7084093902892421,0.7661942822241571,624.465252322829,-541261.1098196756,712.5981586430989,-666475.2665245908,grass/shrub
US-Ced,2006,0.5459721163187647,0.1903298089889433,0.6265208409219503,0.6490073113205026,496.6136430900238,252.8203170684772,537.5108413728327,290.1394555830335,grass/shrub
US-Ced,2007,0.6060046159347406,0.209264857512264,0.48852930030781694,0.720845000754051,489.18873305862707,257.5427929224257,395.33462620548664,288.35800774812986,grass/shrub
US-Ced,2008,0.5112569266888964,0.2068267959037616,0.34179011359996087,0.6361029005016654,426.61792324486976,157.9290124371297,270.55673710259106,197.8600413303695,grass/shrub
US-Ced,2009,0.636165629652056,0.2338821886205256,0.6784754894149072,0.719457350660931,672.2113410517176,312.4748417635939,654.2172100153006,352.8353186772274,grass/shrub
US-Ced,2010,0.6019306935370662,0.2074023219282794,0.675135316243758,0.6915613036807866,487.5796931441943,374.6113302630652,534.2979382810033,454.53185027905664,grass/shrub
US-Ced,2011,0.6109102827341327,0.2036177599181974,0.6162869676706085,0.8229425122095185,615.6506575675859,339.88125658716604,620.8355463428982,463.9299051283557,grass/shrub
US-Ced,2012,0.5835555400484829,0.1930328156730091,0.7793674216986876,0.8362292808858337,634.1579413020257,330.5332281899315,852.3174511042538,474.55784240892814,grass/shrub
US-Ced,2013,0.4823732862233535,0.2425811690954581,0.4676180543275167,0.4079286162983999,519.8919972726869,242.17223013958144,452.7946720446694,188.32367737019968,grass/shrub
US-Ced,2014,0.5339793331973666,0.1940916881593645,0.5797539564451388,0.720254777286287,527.4515634700894,253.30461212668504,526.7733711285028,344.9722197446075,grass/shrub
US-ChR,2006,0.6201067726634764,0.1757678514777257,0.5625210611890575,0.6726434064579171,540.2306425462638,403.8204691051992,487.1029754094252,427.7290801849805,deciduous
US-ChR,2007,0.5467815025166641,0.1973998023867553,0.5610269716926303,0.45672105140089114,364.41785918452786,229.5975674312169,353.53102661680526,173.1031777487402,deciduous
US-ChR,2008,0.3790023534302065,0.2099246724573878,0.412492366308637,0.7109582983158065,304.765233341853,212.50710321322,316.13694726952684,423.7117240198706,deciduous
US-ChR,2009,0.3604124900889564,0.2053850193614653,0.4294527055883121,0.41699873756334066,379.2965717352974,245.02513923611755,399.82328754287164,193.70335130586923,deciduous
US-ChR,2010,0.4462186927349263,0.2673073679829504,0.467370405481822,0.5154237374933032,397.8208851860153,279.5666056134748,385.6390609105691,277.1075780617864,deciduous
US-ChR,2011,0.6828685736590309,0.2114819928045327,0.699725298861476,0.5780202421088588,579.2482664773795,383.6927211226931,605.4582121766155,285.329715688063,deciduous
US-ChR,2012,0.5073567667568223,0.221152623424812,0.4671772674383007,0.7150124676639419,434.0927561817211,310.4974179158463,388.9230766055592,411.0420295921486,deciduous
US-ChR,2013,0.420377416335975,0.2060370026093006,0.415432352258548,0.5573739253396418,529.4814479226578,284.909686227215,447.6720050466461,360.60238301449886,deciduous
US-ChR,2014,0.5030868357932221,0.2169163342108421,0.668851586079945,0.5335534602543573,445.4362412309048,313.96653042781014,584.4048665588223,289.5991970835152,deciduous
US-ChR,2015,0.4532852366330391,0.214824646462743,0.5553624955963345,0.3648869449661603,412.94827639698116,253.5375621502019,511.7126885311779,180.16309128166677,deciduous
US-ChR,2016,0.4377438681940958,0.1970957227463516,0.6370164356095185,0.44924025941656254,288.940387518642,221.64682987398893,402.5873786469115,206.44049921790452,deciduous
US-ChR,2017,0.5673424795444191,0.0360344789344668,,,-731798.6114324394,-521902.8856727475,,,deciduous
US-ChR,2018,0.5672609218285026,0.0361216539144517,0.8169061849422068,0.763687943072813,480.63722590493126,-499110.6419652632,717.6392744124735,-671967.9731387828,deciduous
US-ChR,2019,0.493110349379656,0.1192248750290942,0.6206177109683338,0.7373026328066482,398.63539671524967,298.4211268264003,465.48448555669654,436.4959841367044,deciduous
US-EML,2008,0.5971710394918565,0.1456487218384922,0.6954877719038582,0.5605177812431852,127.75144640510422,-298463.26741623395,134.95206371144764,-285896.5497802838,grass/shrub
US-EML,2009,0.5623886173761257,0.1489918552266899,0.6833219353798753,0.5334975154581896,163.62140204048214,77.47708700637861,209.1367708984547,71.14833344600599,grass/shrub
US-EML,2010,0.4907598478562228,0.1772021059133474,0.5352502209232574,0.550552605690281,153.61055678321713,-73544.10962983783,185.6917530859923,-68807.53952624756,grass/shrub
US-EML,2011,0.6094928942737112,0.1618694020924716,0.6226775493913682,0.6571468861103702,171.65714898980826,70.58258191879244,183.68586614022695,77.77795284807183,grass/shrub
US-EML,2012,0.5999582595858094,0.1461844716743863,0.5971253179471006,0.6303259831515332,167.22772729962279,64.95096761848951,151.95833982583343,68.57003599538935,grass/shrub
US-EML,2013,0.6619950026570635,0.1661065323086981,0.6524176176450599,0.815685584787781,169.07597166993432,26.68285850713226,156.4052337641541,31.821325740297624,grass/shrub
US-EML,2014,0.7226058862135477,0.2040805719956273,0.7568448000337374,0.7493282268052567,218.0037669183183,62.659056196712164,244.72697214942374,67.33485523307891,grass/shrub
US-EML,2015,0.6084790724009902,0.1073713037694353,0.6478850037022348,0.7260539949079756,-163990.560955009,181.8237848345573,-174108.01472368508,228.23793119648818,grass/shrub
US-EML,2016,0.5866717417002216,0.1589575878635333,0.6150882282409988,0.6116106621004326,165.52272978274036,72.36043441626205,175.05788716326907,72.61215240309464,grass/shrub
US-EML,2017,0.5037437446950997,0.2108601723684234,0.3918151351654773,0.5864666988396166,121.5585165258402,49.790022753987564,89.7642246143233,59.16931131651803,grass/shrub
US-EML,2018,0.6063770869019445,0.1049972886478976,0.5584370232520179,0.6647607780048902,186.07218610404206,48.70273245004225,178.55895254508414,56.63854593358851,grass/shrub
US-EML,2019,0.5190640807263422,0.1661782426601781,0.6630846333306206,0.6103049120461989,209.47147414747076,59.8434199934988,227.7938155755428,71.8843803598751,grass/shrub
US-EML,2020,0.4451852361049083,0.0677913628959758,0.5011464583281574,0.4610282562620319,168.26739504087806,-320432.9139692661,176.4696119758345,-331836.31350568886,grass/shrub
US-EML,2021,0.5143652258835486,0.1333129891441571,0.5666198928248912,0.5154983069985446,160.68801849692815,55.679417794948286,144.93900227165608,52.727893334664905,grass/shrub
US-EML,2022,0.5218825391360428,0.1511367990251499,0.5151250921794889,0.6025524214822888,250.22210654996977,46.90745319632081,246.52694587739768,58.42140134515499,grass/shrub
US-EML,2023,0.5639288573289283,0.0757730449815901,0.607797199443286,0.6012719382977402,-727395.479131722,-197349.9093197921,-783979.9814431109,-212712.92313142683,grass/shrub
US-GLE,2005,0.5304743097708097,0.2303794007255814,0.6017682752904375,0.8030541449110424,359.358880121596,78.12524612413611,388.1609028877359,111.75983353517928,evergreen
US-GLE,2006,0.3178957557631756,0.2370371576374988,0.41290351452860546,0.5879262924093487,194.0366165243994,71.73727951016168,210.77086597051328,149.35058205711925,evergreen
US-GLE,2007,0.3427717701333639,0.2348152232382133,0.5146297539654937,0.2966433209304994,218.66945326141692,58.25800712308178,319.29334829725724,44.817382337914495,evergreen
US-GLE,2008,0.5824574428941596,0.2675824074087646,0.5597537394589805,0.5274123833124026,261.8599657665402,52.01877151517775,226.91991378167089,67.04878067015666,evergreen
US-GLE,2009,0.3761650281720452,0.2497494335376141,0.5955869909035069,0.5454210169013965,168.92753135897468,39.29266683554161,289.41829665511693,69.98901575399891,evergreen
US-GLE,2010,0.3843457111005584,0.1911382057850752,0.44414419863419813,0.5567124002967595,127.2493621327685,15.608084810429292,151.5783916857278,24.11837836162642,evergreen
US-GLE,2011,0.3762165678912228,0.1867972100211162,0.48082107068668917,0.539694593719007,171.7359107601686,31.020755957193337,222.9580939302393,45.92917463606312,evergreen
US-GLE,2012,0.3952084358728787,0.2189667579842001,0.4405919825824933,0.5329260943280454,195.43346604572287,66.56243376437267,215.97683990244906,92.53473220612291,evergreen
US-GLE,2013,0.4198546658606489,0.1918996901762838,0.6014096262945156,0.47893814657868855,201.2051780123047,46.66249645805827,295.2618846045365,54.91621352187066,evergreen
US-GLE,2014,0.5121880666031612,0.1429631721004856,0.6400551640015639,0.6758813601535728,274.65402478558156,73.02891774004338,358.58597676898455,102.60551205637556,evergreen
US-GLE,2015,0.4391350966316101,0.1601044955523299,0.5455729008925743,0.5148564850232038,234.24208236556902,87.04800771722064,302.65143804956216,96.32064503179257,evergreen
US-GLE,2016,0.5436757076577291,0.1663604452495014,0.6174068655635853,0.5717635316244895,285.96103620799363,74.07384648057086,311.05798181326657,73.0988502278267,evergreen
US-GLE,2017,0.5661969135983395,0.2118693581037253,0.6161279654036838,0.6280616593869713,322.8188422675791,88.61408525357328,360.4297179557124,91.36995409283138,evergreen
US-GLE,2018,0.4187931180160772,0.1983199126927955,0.5792391398733681,0.46878821330556086,243.3280774161118,76.47582945653718,350.54942454992727,84.90291236437284,evergreen
US-GLE,2019,0.5897773088442344,0.1608376745752853,0.6528165316943886,0.642552831058927,366.2050892551147,84.93219845080009,421.9340871796025,95.77434458469597,evergreen
US-GLE,2020,0.526510155440677,0.2733390100035885,0.5070192476259285,0.5538158864655007,-52350.84980939321,94.59418787556149,-67389.31511286134,86.56855735474116,evergreen
US-Ha1,1991,0.7390637377396936,1.2262430566998048e-15,0.6950512823426659,0.6909689049465189,-835044.8183904773,-679870.6448566461,-780703.3500795845,-635627.8234115422,deciduous
US-Ha1,1992,0.7023696122090481,0.1521434829330301,0.814157642304569,0.6965960206095628,574.4879976355678,223.61087479426828,656.0946503531125,268.4111101361833,deciduous
US-Ha1,1993,0.6587635690257014,0.201592630414406,0.8137179848525183,0.6467679777366522,630.880492676655,236.20076278951615,740.0979292572925,257.19196117845615,deciduous
US-Ha1,1994,0.7111088772458292,0.2425278252107066,0.7658755040874047,0.7179011737625413,648.0912987815072,252.631242441863,748.090785759143,296.9568546107767,deciduous
US-Ha1,1995,0.6891914518672179,0.1753214585086012,0.5709261941241823,0.7121462153111748,670.8874263004692,234.8710139001328,531.2844599178624,284.38925905223437,deciduous
US-Ha1,1996,0.6295527229116983,0.2075821949401325,0.6826500610666079,0.7066955752028715,602.800774545985,189.88126571056583,620.0165642067598,245.2584658651561,deciduous
US-Ha1,1997,0.6154669836859159,0.2816076296647919,0.7899038430385171,0.5724870206997287,740.6292380379681,182.51315353288078,962.8354515580286,218.69238435267386,deciduous
US-Ha1,1998,0.684306651569649,0.1279911326697524,0.8090850074321742,0.7396201053406444,562.3740266535734,236.63166159525917,663.6773500323447,287.3163556528194,deciduous
US-Ha1,1999,0.72043407946873,0.1949808247202011,0.7889741872895998,0.7740234203636681,683.2868958697993,279.9359601452433,752.3874325289753,325.0983134641732,deciduous
US-Ha1,2000,0.8353710884955958,0.1393627384765762,0.8795855757144581,0.6664519745116327,914.585965613631,331.00056667217876,957.98082324982,317.93647264443325,deciduous
US-Ha1,2001,0.7642398066796308,0.1285519037157827,0.8958555777306679,0.6970691087544528,891.8196430911645,322.18318751944554,1051.133315426413,321.85812877301055,deciduous
US-Ha1,2002,0.6724067273351875,0.2593057429537921,0.660392226794229,0.7939291970698779,832.8857577174235,244.4986396876666,776.4488409169559,318.5989773417374,deciduous
US-Ha1,2003,0.7493364482211103,0.209600136598327,0.7989984263460043,0.6935618217286718,831.3041097866542,206.93718741179072,855.4952204956792,230.47446695805218,deciduous
US-Ha1,2004,0.8632479808441429,0.129203195400983,0.817944023263515,0.7798603143312202,1090.0431439958093,397.51651876636663,1023.218526056317,395.33918604709163,deciduous
US-Ha1,2005,0.7525665966960846,0.1536821578699557,0.8442911996122959,0.7160932742659768,887.9201181829312,159.78773574593274,985.1727741775967,149.77019847388695,deciduous
US-Ha1,2006,0.6152854661126346,0.2345132498961339,0.7874282850260921,0.6114324233800089,732.2018411798542,281.59432535791603,943.1018553730972,359.4316832229851,deciduous
US-Ha1,2007,0.5911200394175024,0.2302490651456435,0.8579383899216004,0.6423116733112039,653.1338084809902,351.1869708298685,952.3421076595938,326.11342498197746,deciduous
US-Ha1,2008,0.6364343472786422,0.2472182514405795,0.7550042816564277,0.6641996559707167,732.9616261960158,223.01942783946728,835.7744899340669,265.32142788208085,deciduous
US-Ha1,2009,0.6606436944475662,0.1801154949923113,0.8802980787974203,0.5199419881758492,1192.628313692811,285.38070041154094,1634.0396936478503,261.70321605283664,deciduous
US-Ha1,2010,0.3591159596058857,0.1887289454648415,0.30921291261856754,0.5071532026534906,419.4507364268359,229.91971164946315,351.29605030961784,302.98624200016974,deciduous
US-Ha1,2011,0.6442569701853298,0.2548264194303134,0.6758403278526052,0.6108825090390091,890.7150092025597,280.50694736107494,972.845042875846,331.0216360074899,deciduous
US-Ha1,2012,0.7147410255445638,0.2621925213150133,0.8044632418890401,0.8057050398398405,898.627298704272,337.3051830613784,1020.8710020872406,402.13229116818377,deciduous
US-Ha1,2013,0.7362913383195194,0.2165604083658513,0.9035877910729799,0.7033260061272572,795.8507244087126,306.3877440826074,983.4367749001666,327.54483263520774,deciduous
US-Ha1,2014,0.7715796744672134,0.1862111106636562,0.865452209516863,0.712540390064315,1019.9686510441549,301.85812228932264,1108.2469238354583,325.08800452142987,deciduous
US-Ha1,2015,0.6563327835937444,0.2653784592518611,0.7888003002303718,0.7283089071223333,881.4472570831907,303.63314899469543,1053.1467759841528,389.7540411780497,deciduous
US-Ha1,2016,0.616637692118116,0.2244984822673003,0.7390685991402882,0.6330127858365691,674.1135639773566,286.6661788276001,755.3367735614099,290.6644996641859,deciduous
US-Ha1,2017,0.6956694142222607,0.1528166467175462,0.8651288787646093,0.6556713588412372,752.1502810801948,229.32994246082126,927.7346951004345,246.82047038998957,deciduous
US-Ha1,2018,0.6760835838086058,0.2525235816037383,0.8571854572851784,0.7561966913712467,734.8887335660559,280.8905081657183,935.5598262910852,371.21860642297537,deciduous
US-Ha1,2019,0.7052004530928424,0.1812702021802132,0.8683822425216662,0.8170132304130326,755.0801359135684,247.71727144065184,935.6817606874947,317.33647756035987,deciduous
US-Ha1,2020,0.6436089351558634,0.1926471329528594,0.6304904031464473,0.6641155453454641,584.1102979724757,214.0279537686073,525.3185783046537,261.6717218585508,deciduous
US-Ha1,2021,0.638686367723215,0.2180202092043207,0.7920561438098978,0.6225342879578896,542.0700378112008,157.33653042806296,669.2621549913664,173.22153737809725,deciduous
US-Ha1,2022,0.7082963356238183,0.1445165704910695,0.6575656902796634,0.720052388837405,711.0640943588586,264.6217044411507,630.6449248137711,309.8331160206286,deciduous
US-Ha1,2023,0.6622104624302865,0.2425623277692383,0.9182135762962318,0.7636889030729372,772.3557703780154,249.02302864472125,1064.1282438105154,314.59982121328767,deciduous
US-Ha1,2024,0.6843537922068886,0.1873893924011695,0.7301883431901006,0.6950355721622044,768.9986809089665,276.90239389058036,793.2154602608451,314.32605911824925,deciduous
US-Ha1,2025,0.6316301086175901,0.1838783877662831,0.7100504662106574,0.7937816942621533,661.4734159934422,232.08076856790893,682.7425396026966,323.05340889779643,deciduous
US-ICh,2007,0.4045579915433039,0.2214989157578932,0.5007076245145131,0.5253507140477423,-250796.46736471532,-372156.13288461766,-325457.11144335865,-483274.3246582305,grass/shrub
US-ICh,2008,0.6058402626971934,0.2028273148213573,0.6296467461796618,0.5698311882325274,70.4284134114757,6.233763169768871,78.2772850350418,6.235110761529016,grass/shrub
US-ICh,2009,0.7437546079705567,0.1694751376644226,0.7118554645371186,0.6252397621262091,91.96718643369904,5.284854203215506,93.74918441408569,5.404490681836358,grass/shrub
US-ICh,2010,0.6554909281319256,0.1567461155230169,0.5452586951503418,0.6193293881448536,117.69930963258672,20.711513642917968,104.0225509846054,24.523080098478317,grass/shrub
US-ICh,2011,0.5844184462593859,0.1565444732848686,0.6290486570310716,0.6182932920119264,78.01670116404297,8.784521600766901,93.91278495812014,9.519909394695153,grass/shrub
US-ICh,2012,0.5462965223189271,0.1698913368039211,0.5639480241340021,0.5120420238346346,96.22118324999865,8.188095505924238,97.32925040528924,10.381054836399228,grass/shrub
US-ICh,2013,0.5814064298847442,0.1437614253113138,0.5767197041419104,0.591176104778811,101.44624841911772,13.26861934061531,103.94394320682947,13.791499065222688,grass/shrub
US-ICh,2014,0.6447497923736737,0.1958987516837462,0.6217156190395405,0.5583994782688363,121.70349466766095,11.46908049688733,126.65711877635059,8.857564893816532,grass/shrub
US-ICh,2015,0.6708165013747304,0.1377632649344127,0.6162927785642025,0.5069134237865326,112.41945024156821,16.25914618251805,119.9373122721824,15.944195879924925,grass/shrub
US-ICh,2016,0.695538913945344,0.1346314817323576,0.5797436246150185,0.6941007819561575,83.51084142415627,13.532290027242986,80.05049533483518,13.138491635676775,grass/shrub
US-ICh,2017,0.4947245270426045,0.1974219637660894,0.5631497391450495,0.5324762278601519,78.34192330050244,9.428482369232555,91.47284171775506,10.794881023347845,grass/shrub
US-ICh,2018,0.4757772751560508,0.1677108866810437,0.5170003196094434,0.4728726531694816,67.05298264749555,4.480907350071738,79.86700320690562,4.743016607558727,grass/shrub
US-ICh,2019,0.5924847772472647,0.1847598313019484,0.6121273207622439,0.6098502205286132,79.57900843312947,22.245467970613767,85.58998174889169,26.269315581508167,grass/shrub
US-ICh,2020,0.7286648531281513,0.1447638775950677,0.7130660161922461,0.6496636554093841,99.02908542966541,21.14042326678593,103.43339538457334,19.480965337890854,grass/shrub
US-ICh,2021,0.5620687909657687,0.1773088186064828,0.561224639857247,0.5066282969169744,85.53223701301704,5.50914261176621,91.09161647742708,3.9001765065100344,grass/shrub
US-ICh,2022,0.663536431359807,0.1618928311665299,0.6769904927109465,0.6277242962511533,109.202376070151,37.489238109377425,118.21237428302511,37.658815443431294,grass/shrub
US-ICh,2023,0.6694119031020326,0.19692824252504,0.6641612127493844,0.7232096159918516,159.0468750714256,45.88498169038188,152.6589905832293,55.277781406789884,grass/shrub
US-ICh,2024,0.7306697968588641,0.1697000093368186,0.7508273200997019,0.7567995290998214,153.25331827415752,26.57797290723067,177.04491087554243,31.03595034124014,grass/shrub
US-ICh,2025,0.8125910728261254,0.1221358377322418,0.7761631717753811,0.6251761801347853,204.96564137342858,24.383533573111364,219.425432475859,23.068664392018682,grass/shrub
US-ICt,2007,0.6807856520145422,0.1243200193685112,0.7373310557291198,0.8039741765046385,78.54695271719244,-564984.5239653954,88.96229974951052,-667218.7729703228,grass/shrub
US-ICt,2008,0.8878670914219229,0.0731334277068391,,,-1136356.2300323592,-825633.823382886,,,grass/shrub
US-ICt,2009,0.8488224008560032,0.1194090788665263,0.7563349187911176,0.7384929092604571,93.90372849147973,-16962.35508817291,94.55178575478207,-14159.219067178017,grass/shrub
US-ICt,2010,0.5880802409606217,0.1913703297543146,0.6056944762578984,0.6462081972059286,61.94240026333519,-82281.0377707422,65.77319627367534,-84928.25081595081,grass/shrub
US-ICt,2011,0.6043989755723059,0.1585413859468707,0.6487447132945495,0.6505288562897931,62.82081684340895,1.6234179735100736,52.901851776037404,3.1696438050477953,grass/shrub
US-ICt,2012,0.6595789761843512,0.1601515083508359,0.6707881837013614,0.8229515294571463,101.21912118551103,5.815118490143574,109.70883108272255,7.174979272501465,grass/shrub
US-ICt,2013,0.6250058135766972,0.1697124962734491,0.8089318631500727,0.6311724329754536,109.93172274489118,-3.1829739631158187,139.35839316101172,-1.6495748404766193,grass/shrub
US-ICt,2014,0.6462983309997953,0.1406048852013083,0.6444159546760909,0.5583072104918435,151.1564767111751,34.285084555536756,176.85911623971475,37.96531827093329,grass/shrub
US-ICt,2015,0.6189277156723099,0.1402036223850273,,,-798336.911541958,-569356.5570686832,,,grass/shrub
US-ICt,2016,0.5911510339739462,0.17104768087647,0.480763280310166,0.666169686415918,90.98418862426666,35.64280908322328,96.74865631675934,44.41512936222991,grass/shrub
US-ICt,2017,0.4690212706955514,0.1962085307453182,0.5906334079990172,0.5119868020833235,95.81575071879159,18.427089991654743,130.65421684660697,23.422831046901557,grass/shrub
US-ICt,2018,0.4766792062157718,0.1639734802489438,0.5560740285691802,0.5038429936707172,110.3974013401895,17.280934524202774,144.5678578809308,16.810090592665794,grass/shrub
US-ICt,2019,0.5306173438608948,0.1800208115791837,0.6577867755343179,0.6062989678740568,96.35829400524213,27.758891225241626,137.88376951127077,36.084483024780596,grass/shrub
US-ICt,2020,0.6309757941716968,0.1154557193321672,0.6860809956248269,0.6626394417294941,119.27942762787039,28.755158109922935,144.01044854568295,35.419980130666715,grass/shrub
US-ICt,2021,0.7310776257514742,0.0854407761708788,0.6555102371101847,0.6782431757088125,68.77610687996535,1.1111063321036974,81.62544245263415,1.4294789814951532,grass/shrub
US-ICt,2022,0.4176672489999545,0.272731549678869,0.4621824872557965,0.522834178559377,152.4381286790592,35.54419135379057,194.00177220290652,49.207068673885615,grass/shrub
US-ICt,2023,0.5457818129918507,0.1715001611693781,0.5414786909146474,0.7731897595922881,132.83922464253516,28.684046318763208,135.31721923628265,46.199505779734146,grass/shrub
US-ICt,2024,0.4522831614331514,0.1327593714005749,0.5940659932239944,0.7039613811646446,118.48111397294514,19.30603258141836,162.33840511962487,29.809748433832098,grass/shrub
US-ICt,2025,0.5907786102280833,0.2120312191660502,0.7808394955184034,0.5707762875014858,167.59452965307096,5.472691125600165,219.218036626406,11.672823831736348,grass/shrub
US-Jo1,2010,0.5314858689593333,7.805024208745832e-16,,,52.559103163009674,44.334468295467126,,,grass/shrub
US-Jo1,2011,0.5088474345565663,0.2071092310789193,0.5349321862657745,0.6702825975684551,32.23906482263006,32.78173956959532,32.862781964888654,43.191286959215425,grass/shrub
US-Jo1,2012,0.5290868309534761,0.1827648847776671,0.5763194767291239,0.605584272434262,51.93492650712768,58.95706036427656,56.04635847116201,68.02703092651525,grass/shrub
US-Jo1,2013,0.5204520914035653,0.1944573583577751,0.547831300362485,0.6545788283441376,87.762656308492,45.382838371099126,93.52752031955288,57.87247021287763,grass/shrub
US-Jo1,2014,0.4847530976009759,0.1937574562569443,0.6470623597234398,0.5675652173237541,74.70678210083292,52.04943458321669,101.98159330976239,61.22618650881357,grass/shrub
US-Jo1,2015,0.4761611802476355,0.2055660062178837,0.46141757780025294,0.5626940131168812,52.36728604122518,61.05442694353067,47.30426122968226,70.26265820654838,grass/shrub
US-Jo1,2016,0.5380300344865053,0.1959046892423408,0.5555224629195792,0.6731734891131471,52.348742053719675,55.657156635167546,54.139088318070606,69.51991469493329,grass/shrub
US-Jo1,2017,0.4497421129510446,0.1759768309791924,0.4938382491603857,0.5172812683730363,-206798.17738640794,-386737.5546037904,-219191.5169390327,-442926.4662579041,grass/shrub
US-Jo1,2018,0.4737763118635519,0.209096778134503,0.46197028971179577,0.6122388838927951,61.553704465412245,43.925108074161706,60.23364920267336,56.524755924310554,grass/shrub
US-Jo1,2019,0.5353120156504576,0.2071038859978893,0.6031132590046749,0.7004637588644932,72.30290022668979,77.3918621040794,80.43283905377645,101.05496461681085,grass/shrub
US-Jo1,2020,0.5466939824275653,0.1795379638535053,0.5756821206523894,0.6690395612614235,43.87690918417009,87.13528179893866,48.814755252057374,104.85873446962131,grass/shrub
US-Jo1,2021,0.4362404798117641,0.2181434280905038,0.5433622552254713,0.5844320757003699,67.8038550347756,21.334061602159387,86.12735482493903,28.948417464905063,grass/shrub
US-Jo1,2022,0.399319450349954,0.1960023757274112,0.453964350074803,0.5407033337998364,-39884.140252550395,20.695086244125513,-38633.197564264585,27.691436188135544,grass/shrub
US-KFS,2007,0.5873151205372986,1.7624531170580053e-15,,,-757560.7418425659,-540275.8779032252,,,grass/shrub
US-KFS,2008,0.420728420403129,0.1799316214558786,0.4307085224765572,0.6258316046242435,238.7712723931058,111.38461958000919,232.43478921808267,161.93075708721815,grass/shrub
US-KFS,2009,0.3924146024266858,0.1775211128363413,0.37026327905582285,0.4320846508000155,253.43050000185193,98.57997636153739,221.92744585096034,94.92754349682801,grass/shrub
US-KFS,2010,0.3892675854848823,0.2457647242624808,0.4996492075691076,0.32235512679941974,249.14457933977582,113.8151496295964,334.13422690061617,70.55158814967977,grass/shrub
US-KFS,2011,0.4190842464442363,0.158180656906773,0.550788783960166,0.4784537837920127,197.6543849355762,109.32633805987238,278.37070581254835,129.1839725649853,grass/shrub
US-KFS,2012,0.5175694222316216,0.1873326211871624,0.43499171310349904,0.6515463378746513,174.72356730233042,249.29345576690244,159.41430608045107,327.9452276967932,grass/shrub
US-KFS,2013,0.4990166818642558,0.1580830686623571,0.5686276098777608,0.6994588926139949,396.9865883420886,229.84751880922283,466.5759207585164,336.506079022462,grass/shrub
US-KFS,2014,0.5032949574026339,0.1817402058876378,0.7072099901889901,0.6202862762770662,518.1092522151066,265.2196174007621,669.5180972824224,297.3989623397464,grass/shrub
US-KFS,2015,0.6436130884652981,0.300162787294762,0.455408868966878,0.5594033671410727,476.9820300035196,165.09949236353043,314.2552215047143,129.40715814972867,grass/shrub
US-KFS,2016,0.2824223285118659,0.1331807242796843,0.504175602769776,0.4979146098442885,261.23029597809335,148.88627546076998,457.0676681171782,259.7633818866565,grass/shrub
US-KFS,2017,0.4537808381676063,0.2039560892489341,0.5360889976572928,0.34995142791323436,319.1605073210225,105.35941747883871,296.5439122949211,79.04939828992259,grass/shrub
US-KFS,2018,0.3756620343831961,0.1793113770369747,0.48277061973275476,0.46595831791470327,225.08287212421152,125.21866439390114,264.47300580107583,168.27660533189746,grass/shrub
US-KFS,2019,0.4823918178465317,0.0771294147712489,,,298.9170015973767,136.5511469613643,,,grass/shrub
US-Kon,2004,0.5470724406843297,0.1233111332004937,0.7181131788191295,0.7115239520688553,484.87228667604415,262.62854958630516,634.864898035901,359.93947041364873,grass/shrub
US-Kon,2005,0.4011712357899352,0.1873375696304328,0.5251891835314452,0.5618079075119066,322.4210879203692,117.70909787355593,442.20979814011565,176.80224748509667,grass/shrub
US-Kon,2006,0.4152485452274302,0.0567412905081074,0.4721010832375443,0.6013616641904209,-356897.901078159,156.22461006868113,-469533.5755048002,210.74353550701412,grass/shrub
US-Kon,2007,0.4868207781080954,0.1292103565640274,0.5119714815498811,0.6930685197115006,398.0152311603952,225.01687323410533,426.2305375398874,297.23265808852767,grass/shrub
US-Kon,2008,0.4720270753906818,0.1691175980134657,0.6327522120633254,0.7240536243044443,580.6381377502676,244.3810419075225,794.276324533961,412.21719179106225,grass/shrub
US-Kon,2009,0.5244482925121039,0.1872426696541272,0.7601728674113453,0.7331686112925747,663.0754368433376,268.29732713007536,1041.6700570022667,432.40036583021424,grass/shrub
US-Kon,2010,0.6156426298570363,0.1795885965037538,0.6245963380700189,0.6516924236268601,780.0482137834366,328.93095220800654,757.0045132175925,379.60547804376085,grass/shrub
US-Kon,2011,0.631705305155528,0.2125619118044001,0.6595232082603971,0.6788906640953123,485.4194314759061,323.4199155317708,503.9716041449011,415.22665836126293,grass/shrub
US-Kon,2012,0.6501400612627038,0.2712914823419615,0.4203362061357462,0.5540194043767064,324.2348815131358,408.66286499000546,174.64432841640684,330.1836506279996,grass/shrub
US-Kon,2013,0.4823543139655243,0.2663016567041057,0.4930285350922857,0.5832332313827628,612.1794503560801,264.287271371034,637.1911294505032,412.0893172468632,grass/shrub
US-Kon,2014,0.5168431494197084,0.1294300401671708,0.4807377359951094,0.4807100965321488,490.3746095790585,263.89614406143403,378.33111490240475,237.42570905129315,grass/shrub
US-Kon,2015,0.5789131948939951,0.2319439618316274,0.6576003625663349,0.6605659286324839,842.0845918638796,281.65158685740545,966.355715602152,364.6365782654604,grass/shrub
US-Kon,2016,0.3474305287335241,0.1782795663362839,0.6237750407561097,0.5378692838133152,429.2062730324271,122.13976602671438,782.6637792260527,170.74425224960626,grass/shrub
US-Kon,2017,0.5522280273779859,0.1828720026369738,0.5488835080068531,0.6392805751951576,566.3379245280008,373.6828916540665,499.83768069535427,377.5759262168987,grass/shrub
US-Kon,2018,0.6905638831072266,0.1759736312973936,0.7351915494227049,0.7492455688182609,583.4671666219948,432.26820303453974,587.9482458268011,459.85370605486264,grass/shrub
US-Kon,2019,0.4663726282637748,0.0281555496780251,,,567.5587411559329,236.00343650052233,,,grass/shrub
US-MMS,1999,0.6381172027992911,0.1226071406870658,0.7144975262907048,0.7925495233318531,683.7115569029231,347.58644818748945,796.1026403434734,475.6685047249394,deciduous
US-MMS,2000,0.5346364990716562,0.1421458797815726,0.5908973718249572,0.6133514795700769,621.6479092379415,276.8272542533501,621.7034372473457,323.9130978783653,deciduous
US-MMS,2001,0.5901761892671138,0.1696228009305882,0.6730985303892474,0.509400066635925,711.7399996690315,349.08076032018135,775.5608118071493,271.9041081398019,deciduous
US-MMS,2002,0.3661050097858592,0.2263089206473003,0.5548143816082369,0.5296998526401564,448.96731175810964,215.2312639366375,605.2302296123504,283.101191515614,deciduous
US-MMS,2003,0.489723632298887,0.3027165738473678,0.5519751380451744,0.6506879686715283,624.619402038244,261.14627997767377,625.6425928075,352.33759589522367,deciduous
US-MMS,2004,0.5292295863339213,0.2059320893832421,0.5974597949729213,0.6421647169645058,673.1481530264671,330.22293515021306,708.2329046265891,394.34242144751846,deciduous
US-MMS,2005,0.4285607074756706,0.2542238372159369,0.4518052664592875,0.5995287114874334,554.094589912446,233.92998680104856,464.7712140617997,309.7269151031291,deciduous
US-MMS,2006,0.4495449772667712,0.2233275651451142,0.7486229720510701,0.5870884554215356,542.3780384743021,276.7349396840416,902.8154548230044,357.0147751546535,deciduous
US-MMS,2007,0.5011174970358598,0.1957158763359599,0.47936457894499523,0.6911672091491204,575.4628479127026,291.9544433318419,605.9024177087349,427.53998182910874,deciduous
US-MMS,2008,0.3968475074984379,0.2665016775036474,0.4262699530467699,0.6338213567310808,465.89426004847206,193.49310795502018,460.33611304263763,323.10702282976564,deciduous
US-MMS,2009,0.5739200912337376,0.2246510746647023,0.7824504167813707,0.670172394599295,692.585004198855,297.96580289658516,954.8782196364583,413.7445436416649,deciduous
US-MMS,2010,0.4993951348881067,0.1807017799519052,0.5042950402281711,0.6357783419331136,532.4564571652079,342.94235522695857,472.9961546248965,434.2176069673604,deciduous
US-MMS,2011,0.4160459609304049,0.2833200104554432,0.5212125989610222,0.48889759518811926,414.6857406817851,218.7437647485857,419.9391627607194,291.0323941129888,deciduous
US-MMS,2012,0.5971160465646892,0.1383975579004768,0.6503497004757074,0.6434445361777908,503.62985414532454,444.247298466805,524.6571090593413,417.1204896665661,deciduous
US-MMS,2013,0.7052339942713289,0.2042056100947457,0.6494870407429832,0.6452036139362467,785.1388725766534,362.2875828392299,691.5118981885923,373.22836236054815,deciduous
US-MMS,2014,0.637246609307097,0.1559151055553931,0.8242082720940473,0.6634063859727407,770.9404457893978,314.4203893765755,979.3665670360027,377.39404989302034,deciduous
US-MMS,2015,0.39496664997574,0.2268064195646529,0.6575016437904255,0.6883762141122542,451.5458191991632,196.6055945789431,760.5481867891492,361.1673107150439,deciduous
US-MMS,2016,0.4431949755807736,0.1395953757058148,0.46281937884633473,0.45562408475634597,518.5180238669475,264.02051309673834,544.37442844062,226.00281741432397,deciduous
US-MMS,2017,0.4071895160817788,0.1979845746940707,0.5569056693400734,0.4109893310863336,440.97050274830616,230.24380214816063,613.038137608545,196.7030619318951,deciduous
US-MMS,2018,0.3806236181181848,0.2341784100294414,0.3747616146439795,0.5285626846451417,476.6152324242507,188.99125144028568,381.12050297374185,259.6113963651509,deciduous
US-MMS,2019,0.30474320543547,0.1381731467147246,0.26469726521411474,0.492004655672894,357.84173590788845,160.41206224670992,238.74003285686746,230.62276971506924,deciduous
US-MMS,2020,0.5482463436321882,0.1945870989120331,0.5906445827277362,0.6439830652460922,669.8884664215864,269.0963064093201,619.2932870913645,328.2475360885869,deciduous
US-MMS,2021,0.4997009924607047,0.2129877142294282,0.5694798895891648,0.6301977771931586,613.3183858898475,219.98206818869468,752.9423923451175,254.9593490402609,deciduous
US-MMS,2022,0.6538323477610819,0.275861162764119,0.5880660766258573,0.5779678564979231,790.3246902847789,349.9929773030338,633.5588970036878,253.32264719742113,deciduous
US-MMS,2023,0.4732352760706744,0.1843384603671413,0.5246267220992953,0.6847045103071316,657.2168898809497,277.5938053631985,627.4172657561663,428.31997778119364,deciduous
US-MOz,2004,0.5762188698651993,0.0983709190436001,0.6025237942657329,0.8426670279219313,744.0301287624192,-403118.62134147115,738.5979181382835,-591947.0741534255,deciduous
US-MOz,2005,0.5552346469618844,0.1719917135462767,0.5500200610463144,0.6520622568572582,480.0023844573569,351.72230696260914,452.43898078441214,400.2564515627721,deciduous
US-MOz,2006,0.523524648418216,0.1217408058833236,0.580383649779924,0.8033141731567959,397.50559793402914,-78111.30920591288,427.9050692609483,-126189.3241059362,deciduous
US-MOz,2007,0.5518388898979442,0.1484153896363901,0.6203785132339524,0.6016746078746581,360.19093123982634,287.4304289417981,363.2190790134894,293.69420721050216,deciduous
US-MOz,2008,0.427277654402568,0.1683337699312769,0.4725942817580276,0.5448905244195948,425.0101299183648,198.19983750374843,473.0518053646035,233.79332264772623,deciduous
US-MOz,2009,0.4658847989533893,0.1586783763297966,0.5134061123132236,0.5944865665957294,443.7521787393387,250.31119928372684,433.11442550160143,323.4329569299992,deciduous
US-MOz,2010,0.551919891285461,0.1892144986488554,0.5688176022603646,0.7034155865029107,472.2617636119778,312.7441474676345,458.21212502420445,409.4717031638751,deciduous
US-MOz,2011,0.559724736798036,0.1584139498360876,0.6495375271878394,0.6770506505188374,431.4764116451419,258.0674407614881,482.1995194444561,318.46792797411536,deciduous
US-MOz,2012,0.5463783947405003,0.1657350357852702,0.4896828131171437,0.6005002030605681,198.304097452979,358.7349168282615,185.42686878024563,417.47140256770945,deciduous
US-MOz,2013,0.5629469674403985,0.1337475338096344,0.5679724015914271,0.7686773649406002,477.34253816702847,250.918631843648,501.6924217352296,369.74444082406393,deciduous
US-MOz,2014,0.5189301857236219,0.1842669528997593,0.44999782423945517,0.6067961040893181,469.72083588286705,233.43766160246813,356.5087106004341,278.7024622485397,deciduous
US-MOz,2015,0.4800042423981711,0.2135016621698708,0.4678259516628582,0.597560419502985,314.6217533461544,107.33442016859016,255.29525098768693,141.0545457909996,deciduous
US-MOz,2016,0.5320830417548016,0.1828688095716679,0.3678010978516441,0.7021077253665076,542.1828313485067,337.8326012792068,325.4512316388296,453.48229330000265,deciduous
US-MOz,2017,0.5465509278266208,0.1733195699235574,0.62475538107658,0.641319173060064,539.3258033017261,346.18866377194405,608.3726358802961,457.3348065883312,deciduous
US-MOz,2018,0.6029012009515624,0.1747782672355489,0.5406417627607909,0.6857701677800618,461.49560776810114,329.11572530904203,377.14625585279435,378.720023662565,deciduous
US-MOz,2019,0.5064587235299428,0.2072777186579948,0.5918990688025767,0.6653203876232205,481.1639094869871,271.23130774328524,551.3504015883168,397.4561490948874,deciduous
US-MOz,2020,0.5050157259796624,0.1677180451181447,0.6883391575053472,0.60775328041971,484.91924375200426,252.12563325235615,668.1866764884545,328.94881306942045,deciduous
US-MOz,2021,0.4464857378296847,0.2045441673496235,0.49020415786086985,0.5557118481414739,420.47707741877423,229.91394493001982,386.338608526047,300.72078519210874,deciduous
US-Me6,2010,0.5340560475383432,0.1498753652556798,0.6041326473613587,0.7336293011518851,220.977387739466,-202784.37087534496,215.98690754340376,-253142.85755378378,evergreen
US-Me6,2011,0.594943932291631,0.2163424566747839,0.6397058134153994,0.814900183275836,269.6323049444804,170.72412379842277,290.58346831240993,234.7810927827088,evergreen
US-Me6,2012,0.4970791227825285,0.1842513866262564,0.532345545650004,0.6784218058002133,179.17288758921572,165.39883553557343,195.74790861495353,226.39257693523334,evergreen
US-Me6,2013,0.4195702906985966,0.2037171580373155,0.414255525946185,0.5511985423466335,163.08177351864273,167.9079592470477,156.96726250592667,204.82453077442963,evergreen
US-Me6,2014,0.5137792342505481,0.2202420259830713,0.44763723176431364,0.6762765397422854,199.09094066297052,200.31421254139545,163.46105859234768,259.0596725169679,evergreen
US-Me6,2015,0.5381484899084015,0.2401252295597038,0.630958582638761,0.6347722962107991,132.36542612959474,191.7337503933739,138.24380069068812,217.22544446944494,evergreen
US-Me6,2016,0.5331044058964184,0.2274316146810293,0.5010578510004786,0.6713600751237996,156.9028494654034,213.83961229455988,155.62375082567792,275.71088812867157,evergreen
US-Me6,2017,0.419022732959876,0.1997759744756347,0.4886795068291187,0.6295148152983387,142.7860829847923,131.785379868009,174.6518963583804,197.37429825122817,evergreen
US-Me6,2018,0.4569522492817208,0.2226320754316788,0.41032295070728697,0.6691831338932949,97.90385494009882,43.704676143611,77.2666161464632,64.83645778273105,evergreen
US-Me6,2019,0.5673260104426795,0.2112284356313428,0.5784791817042948,0.6114381162499294,267.7955411916059,203.7181486965855,295.86383954466,206.23326373108347,evergreen
US-Me6,2020,0.4218343764354443,0.1407585870758472,0.46172632240632333,0.5584658742967258,149.33979029676618,174.79168832227018,181.42996318113367,239.29790495248628,evergreen
US-Me6,2021,0.4637491962860217,0.2169102137276072,0.4382335167176743,0.6378786123364428,143.10756497828902,199.33594186007167,115.69507746734294,275.72090010661015,evergreen
US-Me6,2022,0.5047510766547909,0.257399861974497,0.4157315400330792,0.6171821789605366,230.3259504004682,186.2600320903034,192.41245874273355,221.6643361211523,evergreen
US-Me6,2023,0.4842146855020522,0.1955382492461234,0.5811698492248693,0.5026597161650426,177.77121434315924,177.91443342597827,186.43058675442336,167.8645666727711,evergreen
US-Me6,2024,0.4702474135814907,0.2022618205511714,0.5098181562369921,0.6962864531972196,214.63902549475748,195.58365368839193,213.7558772521273,283.80322875025314,evergreen
US-Me6,2025,0.4810490328316986,0.1740701231049863,0.5851427343742723,0.6846042447775408,179.810304868845,200.91437622511882,198.91927729073464,288.9507725020046,evergreen
US-Mpj,2008,0.2582920577763705,0.1325297923397888,0.28727882283001643,0.3576918847069604,73.61060343702863,36.852871366794986,81.90571309888374,51.68002663194917,grass/shrub
US-Mpj,2009,0.3122911795046296,0.1993515343158,0.3208271942442765,0.4552888024538034,70.15805193388879,46.23228886901925,78.39579784323426,68.84048846049927,grass/shrub
US-Mpj,2010,0.2097364215861749,0.1176762852142468,0.23298989956284613,0.3347533683166984,74.47866172378025,62.391656615979784,80.22399742607993,99.63221824303105,grass/shrub
US-Mpj,2011,0.2740320039442999,0.157215752601561,0.3130436437249131,0.43436339847145095,66.31770132380315,36.4388856117498,68.74807786760647,58.78323804806416,grass/shrub
US-Mpj,2012,0.3340444233766202,0.20794193844114,0.3271014369984441,0.3711656281111165,66.37619893799085,-43368.631103008374,66.78965730650417,-63395.54805623996,grass/shrub
US-Mpj,2013,0.2500947217821957,0.1448882049292513,0.24796655088087638,0.44039862256306606,68.31913193587052,33.66293412178822,60.192359941239054,59.10004861344906,grass/shrub
US-Mpj,2014,0.2669835385551594,0.2107868541641131,0.23300031446896227,0.40600315729998465,88.38382852647656,42.395412321583066,78.73764313137474,66.33687876220922,grass/shrub
US-Mpj,2015,0.2348779584328686,0.1324448680014376,0.23580337973114923,0.34237346975856603,61.881608345054524,59.0592711092249,58.453431944831955,85.09400834725422,grass/shrub
US-Mpj,2016,0.4143918679771842,0.1674462385399009,0.3665635798989624,0.5837700371486253,92.23310218631525,108.54260264880418,83.07997055406311,153.5768972439353,grass/shrub
US-Mpj,2017,0.2585212445350678,0.1510580112759276,0.3461322152491812,0.36747218736489745,72.37500190476163,55.718614360063086,98.53434994841851,78.97638109963474,grass/shrub
US-Mpj,2018,0.3038237354468345,0.1602279110727965,0.30884232673339257,0.4646817749488657,63.380820786166765,33.00883038725984,62.510420987878774,51.79296889783915,grass/shrub
US-Mpj,2019,0.3322105318839305,0.1671814351184334,0.28625727866687195,0.418264686790006,32.840145708577126,50.12384764559351,28.934579200145233,64.45738447887685,grass/shrub
US-Mpj,2020,0.3043577652669206,0.1558923423436053,0.28776745778430984,0.39830174072358604,34.51531100981525,37.35727994826729,30.79360710161581,50.03082667395343,grass/shrub
US-Mpj,2021,0.2201788043368887,0.130136017170868,0.2190101773539284,0.43444173161117083,78.94591526870012,33.15475114121717,77.03091269783094,64.84556551375256,grass/shrub
US-Mpj,2022,0.3145504818354983,0.1672677357778935,0.3781005420987491,0.4355544907640516,57.389792596164256,11.487210593867387,66.438802712779,16.134323273448715,grass/shrub
US-Mpj,2023,0.4031478290704638,0.1724164769183344,0.4168188125034838,0.5255509847034944,22.50862733972097,58.26283395214972,23.1728935197733,75.86107724331221,grass/shrub
US-Mpj,2024,0.2590692556380891,0.136041477375039,0.28834595198757823,0.38425337345970384,40.542394969805144,32.12672877698626,41.965774238537314,50.23495960085652,grass/shrub
US-Mpj,2025,0.263739208179417,0.1582139823865619,0.3337251296962165,0.31064734058512833,60.908202357547076,24.64725529930574,78.9492855293792,28.90597459713572,grass/shrub
US-MtB,2009,0.5782395782921944,1.763537172655097e-15,,,-745854.4630913311,-531927.213987616,,,evergreen
US-MtB,2010,0.3343761961477828,0.1589425092513805,0.5038759709113547,0.5715964826751694,248.70140429249653,132.00147795562327,373.1676658266274,218.44517599379932,evergreen
US-MtB,2011,0.4983386823219259,0.2311847766978318,0.7322041302208255,0.7407806808695794,301.2901389285699,181.75776195592834,448.30560208177917,269.16333776538414,evergreen
US-MtB,2012,0.4456907996902272,0.1173053586724709,0.5390117711082424,0.6409501551156457,-280618.0516376283,165.6179746888849,-280839.5864578697,240.17598360834154,evergreen
US-MtB,2013,0.4467174438641473,0.1189762265761553,0.5508430297177938,0.5025221153364001,-241050.26489185306,-410938.95035018004,-271137.9421584159,-462274.1140748772,evergreen
US-MtB,2014,0.4451118060008561,0.1172715858894142,0.6247670124151811,0.6154727367299061,236.95248192224767,-307052.2757264662,343.9180190084988,-431064.23043369415,evergreen
US-MtB,2015,0.4225636215320825,0.22043248748494,0.5741398692795345,0.4796244385177729,229.30669728302243,148.99186366453696,313.22350079434034,176.14430127578467,evergreen
US-MtB,2016,0.6109416628311041,0.1886145111217949,0.6067591922792673,0.6533671535905968,320.8272258399345,241.86665407661644,324.60831212408624,257.2359636260907,evergreen
US-MtB,2017,0.4059107941227397,0.2505891926070268,0.5792407580454297,0.551086819547481,193.00317473337,150.93085011620207,272.12202534799593,201.01535475892277,evergreen
US-MtB,2018,0.4490997422207134,0.2653185685146367,0.45628890708877173,0.6383860369575387,272.55513865955703,165.57843575643992,289.741024265112,235.84632316065745,evergreen
US-MtB,2019,0.4559556358621043,0.266940107323161,0.4723599535654589,0.6138988795716259,305.8839982787332,190.62699461786013,337.9407490118203,254.69287320100273,evergreen
US-MtB,2020,0.4113294676903382,0.1646154250862508,0.5384591877716707,0.5891901210918551,145.54274986032678,190.66157213173966,186.47104494793612,263.2590948239659,evergreen
US-MtB,2021,0.4001007700018762,0.2061975802879383,0.5282813114545988,0.6435474353549239,227.56157001075997,117.74194346890809,315.917125336517,190.07999777668277,evergreen
US-MtB,2022,0.4123512838140203,0.1741384966699073,0.5913291045460906,0.5437610340318163,156.384487054235,193.8291228548717,225.04053602996936,255.13018659953292,evergreen
US-MtB,2023,0.3472447596976986,0.1744102017342683,0.4805126848007553,0.4490854512188312,184.88726410670475,151.74367650635452,258.2610006302294,191.2849621537102,evergreen
US-MtB,2024,0.3944139804587096,0.2451369812526315,0.6087690691976486,0.5133508631554778,209.88543591389362,168.69395204221087,310.52298317319304,210.21406343976554,evergreen
US-NC2,2005,0.3764450119384601,0.1563491745487384,0.4245003445341754,0.6274850326566063,497.8916116673399,291.1011787161373,497.0599682611862,489.48042766020774,evergreen
US-NC2,2006,0.3778615977331585,0.2349246024069713,0.5908518536911472,0.3641066681462563,553.9235792802035,338.3107866634137,840.5141141139233,292.66142369593393,evergreen
US-NC2,2007,0.4425292920269966,0.2001173144789156,0.38401942347403395,0.6058399287679785,582.1473190638575,416.42305087012505,510.99880183070877,523.0276114516303,evergreen
US-NC2,2008,0.4485390087571159,0.2372167314327116,0.576646315595441,0.6537928434248081,607.072990842027,387.3097605272879,784.9249250853969,550.7130859865135,evergreen
US-NC2,2009,0.4843731633175986,0.2354788546636009,0.46860540525187017,0.6893080850385177,632.917460368719,431.33987706943134,546.234813949668,597.1465833024373,evergreen
US-NC2,2010,0.3310913282786125,0.2283912908635275,0.3771059561189859,0.36014275902924675,409.6815597491274,242.84939390100865,451.7015689767157,255.7480046071957,evergreen
US-NC2,2011,0.2445710791454889,0.157520725576252,0.25771513603263324,0.5557936973584239,-112305.9995006922,202.04569089705555,-155964.6749720858,460.7006186535009,evergreen
US-NC2,2012,0.3231937039917706,0.2177468482646226,0.5201826488093972,0.6045936934632042,379.45374820418635,326.2372514216316,594.0327982240595,593.5392574077799,evergreen
US-NC2,2013,0.4125609293153375,0.2012805143116293,0.38672266325651905,0.6142086352963962,527.8695884957976,346.08307661765446,440.67793471218704,492.14485886300355,evergreen
US-NC2,2014,0.3930999762223914,0.20732891461942,0.48098659229208224,0.7088542253686289,486.58457809944787,311.4689365798435,595.038993965249,567.8664359652312,evergreen
US-NC2,2015,0.3181617759077695,0.2098052900355933,0.2756651342276237,0.3933536776482206,446.94966445619684,230.25802967754726,402.77637309841754,263.36814456947116,evergreen
US-NC2,2016,0.4411860232887052,0.1968763550226225,0.5893076017939731,0.8399717769653068,518.3243473358262,388.92841546678636,694.3630957330039,743.0230140555567,evergreen
US-NC2,2017,0.4089410659817129,0.13712149084869,0.5021643380122834,0.7299915019807652,465.9597678844711,320.33360920193087,533.3763132760455,568.18804544422,evergreen
US-NC2,2018,0.496921981760854,0.1948720414801857,0.39020531979015766,0.6178755756041712,587.0957602276136,372.18858338590724,433.34893846036255,444.2516135146765,evergreen
US-NC2,2019,0.6595165794216624,0.1367960657256124,0.5894960754321942,0.5807847102803624,630.4801445450181,564.3089018767666,658.291149952733,496.54009528609777,evergreen
US-NC2,2020,0.2927987089038564,0.1491699453666751,0.35027209686980004,0.30672105193108745,185.2313047872118,82.71541171352519,207.22446809731682,84.61837882581804,evergreen
US-NC2,2021,0.4723656847082106,0.2349154807788623,0.4328043562980653,0.37371455097095785,233.17943268662304,79.65751227596584,217.7113219635518,60.25408754970543,evergreen
US-NC2,2022,0.3252114986736925,0.1937279351493273,0.41231941429978797,0.2942338584137952,292.97962768650854,134.85939501923,341.40233966256295,134.2721497800331,evergreen
US-NC2,2023,0.291381229203445,0.1350716069182587,0.3127373787398221,0.5678642127459844,287.4295927321075,132.17602509600263,243.7464896968986,270.58697214037284,evergreen
US-NC2,2024,0.213874430295937,0.1513741707499596,0.3408859821398402,0.38176484858487536,-33995.645872963774,121.14919093145554,-63418.19599570739,229.33557690530165,evergreen
US-NC2,2025,0.2334180451595251,0.1307318199396406,0.4939050988846907,0.4939050988846907,-301079.1673279618,-214723.12708660844,-637073.863803495,-454347.2517048181,evergreen
US-NGB,2012,0.5855010676781937,1.428476124527415e-15,,,-749366.4224914251,-544461.541341426,,,grass/shrub
US-NGB,2013,0.5233541781768986,0.0718808619460895,0.5004034631155633,0.7222946799320391,-675059.3771592143,-481437.6953383544,-645455.9153723348,-664444.6544269222,grass/shrub
US-NGB,2014,0.4389360078093631,0.1050710249720419,0.4500378672383499,0.4929598271928927,-566170.827329071,-403780.7450718956,-580490.7938525976,-453477.6887133596,grass/shrub
US-NGB,2015,0.7976349186190743,0.1160744257977456,0.6226342151654294,0.6725585788641208,-1028846.150114104,-733750.7427170355,-803117.8177496477,-618692.0171657357,grass/shrub
US-NGB,2016,0.7893753065289612,0.1278744308230705,0.6514559195122717,0.6147779610622358,-1010299.3523178346,-734045.6231684267,-833780.1906180102,-571686.3294375004,grass/shrub
US-NGB,2017,0.8229848269426263,0.1564127632852801,0.7473071399859885,0.7912838315193906,-1061544.2617133122,-757070.3261831375,-963929.8079608671,-727908.3268853396,grass/shrub
US-NGB,2018,0.6440554272627159,0.1258904048702167,0.665052724569309,0.5391353004167699,-830748.4180187867,-592471.7399823905,-857832.2228929392,-495954.87593579,grass/shrub
US-NGB,2019,0.8855244393672169,0.1032214823504715,0.6414475813975051,0.8038303362013247,-1142212.2941310313,-814601.0159694178,-827384.6332647813,-739449.9569142882,grass/shrub
US-NGB,2020,0.8311347407568612,0.0971538483208442,,,-1063746.0829219655,-772878.0133729905,,,grass/shrub
US-NGB,2021,0.7180209140954508,0.0703774053313369,0.5849792951825672,0.6687269880580394,-926154.3544852132,-660513.1830437179,-754547.8284564331,-615167.3061304949,grass/shrub
US-NGB,2022,0.4551599339209958,0.1365402231643951,0.5944802976010054,0.5355498122122438,-587097.5991266088,-418705.2644933954,-766802.8959469065,-492656.5566525408,grass/shrub
US-NGB,2023,0.737297325412089,0.2932516316267908,0.8268417243851589,0.7258591577990322,-951018.4384266167,-678245.708025184,-1066519.1618744093,-667723.6461325921,grass/shrub
US-Oho,2004,0.775523247286227,0.1377700793822204,0.8772795331528529,0.8736540502770009,1005.5030238658245,363.40510516009124,1126.408571005107,423.58525133699334,deciduous
US-Oho,2005,0.6450721250278962,0.1728121095079935,0.7529971153662103,0.7172041040929684,862.1867530007391,224.4831281047866,967.6716228429364,291.4776184131377,deciduous
US-Oho,2006,0.6389061857463152,0.2078438466299156,0.8411684792272083,0.706300195179199,807.1375535972663,297.53373929795515,1058.2117274954962,362.4415723716144,deciduous
US-Oho,2007,0.6908886292535799,0.1826792003515375,0.6055424512456044,0.7631787528088485,1001.3827935972706,328.7521442063966,823.3487932196114,412.89908991579,deciduous
US-Oho,2008,0.7012017092780785,0.1913419994214367,0.6295717821571841,0.7832020638224828,916.442917626486,251.79471873118928,737.3420065671213,315.54411054569806,deciduous
US-Oho,2009,0.7247944101942767,0.1611496977963926,0.666767953673188,0.7464929584474768,977.4045576237703,289.9777191438014,891.4563912747378,363.4316422250763,deciduous
US-Oho,2010,0.6628859034776543,0.1654652352994734,0.6560742397726439,0.696627463931153,754.6563217388102,331.6766745033531,734.6697435423646,398.74987610774957,deciduous
US-Oho,2011,0.716873386471244,0.1614150334773871,0.6891558629994173,0.7449409887399664,862.7378653989815,276.4175768404333,809.4036170878146,349.1987224841277,deciduous
US-Oho,2012,0.6782162347275027,0.2025148835405856,0.6843344038283994,0.7277818874285875,828.6965776768384,361.4466106031086,759.094105145682,412.1909842941516,deciduous
US-Oho,2013,0.7058800845247426,0.1737824482998056,0.7063505144930666,0.7904359507195743,930.2124671395478,283.04346073851553,906.3105341498789,352.58338853310704,deciduous
US-Prr,2010,0.5669012810992874,1.990791177844127e-15,0.6189292574634835,0.6246418554761533,-651870.9880156016,-521497.0236934832,-718213.8029757782,-574613.0399873571,evergreen
US-Prr,2011,0.4146159481075429,0.1767401485254569,0.4998539686739702,0.4607164344928556,138.67700576262501,43.04614530834649,180.53525246900344,50.418120199014936,evergreen
US-Prr,2012,0.4065403297605067,0.1712661370224954,0.45067417417329797,0.5068082998439829,134.75144982050472,60.735543202330234,114.17903438957062,73.39960159315677,evergreen
US-Prr,2013,0.3750437092544256,0.1756405913433804,0.4866399826625944,0.490768579285671,105.55936540582061,30.660317925453114,141.92426077699835,40.708248352485725,evergreen
US-Prr,2014,0.4409166998568432,0.1643956957749924,0.457841560131085,0.5143303198614861,150.1557766938563,64.32587587777205,149.95647335636258,65.20218856693326,evergreen
US-Prr,2015,0.3926993246587982,0.1713948684653376,0.4998688102814445,0.46434504692712586,120.4681525030067,61.843045436387776,156.89191020945194,65.91864116595654,evergreen
US-Prr,2016,0.5400181626215087,0.2308009368474295,0.5671783200960199,0.6236036916689427,157.43200974836284,86.16137490394011,160.51664181935362,105.26220039858326,evergreen
US-Prr,2017,0.3589313373286273,0.148622702858618,0.3150655963201308,0.45411337221774106,157.53870581272616,60.935404971640416,133.0038116987459,78.00827295774613,evergreen
US-Prr,2018,0.3252665743237127,0.1411939525974763,0.38714115137676,0.40782052200267066,148.1900835354545,47.01199558990053,172.68068017950029,58.14134664944088,evergreen
US-Prr,2019,0.4484247582630863,0.1602561050371686,0.5699538368248331,0.5676954427655599,193.05831738884635,95.93417531725945,252.23296475365842,123.92893048238331,evergreen
US-Prr,2020,0.5812789186465929,0.2541862632534665,0.6440178597179612,0.5147075601279857,286.3684453889534,164.04082372110938,253.6728694770272,169.1269324739531,evergreen
US-Prr,2021,0.5029554827088087,0.1960714860353589,0.5019664609285762,0.661112870013777,259.9811555322567,139.4371378121746,282.08518956348655,200.86984781696688,evergreen
US-Prr,2022,0.4226037033578032,0.2051482728026998,0.43746923919587744,0.5380148257326455,203.5261387250905,60.39432238224745,212.0411417224927,50.291476358744404,evergreen
US-Rls,2014,0.5611050112174891,6.681304854244626e-16,0.5615542004803559,0.5522114609456092,-364639.13969579834,-516164.988659058,-358858.1426945826,-507983.7406155535,grass/shrub
US-Rls,2015,0.4145804901271924,0.1927040649231235,0.48854714527648385,0.5269204386222299,75.89708101291293,161.87150963005664,81.90231359273461,195.9792234000441,grass/shrub
US-Rls,2016,0.5459035962200504,0.2228129441626805,0.5320952174544442,0.5656062911196761,80.57766376095464,190.0753945185546,70.72082343343419,200.91139816791318,grass/shrub
US-Rls,2017,0.5061213022736759,0.2484575766557816,0.527846171434342,0.7399195566700226,130.8719272256422,177.1310245400534,120.90532119799595,263.5572196967997,grass/shrub
US-Rls,2018,0.6558101839560708,0.2094447084946591,0.5815966029349543,0.5920847153446123,123.64563887844949,218.72457372759126,113.62400433729108,190.7250946994611,grass/shrub
US-Rls,2019,0.4452877078835016,0.1925862870262681,0.4855903085931223,0.5138555424148307,161.46502188354708,163.93575371997593,155.21834617457185,159.4504664679542,grass/shrub
US-Rls,2020,0.5996928632263101,0.2417503681351534,0.6195762514160662,0.656929170554979,211.8255346534699,218.03689492311327,198.85774956640773,230.0862845371997,grass/shrub
US-Rls,2021,0.5975384731765448,0.2257790164453657,0.40344040257768404,0.5278803687063327,172.54748733111884,248.58493087115497,102.8595136860659,205.0539730667475,grass/shrub
US-Rls,2022,0.5380967589535196,0.2227544027979041,0.5369697678839256,0.7516433469492247,202.15224367523737,207.71241545793586,178.82078883168575,293.8896222491339,grass/shrub
US-Rls,2023,0.4055257990514957,0.1841363690963655,0.4457118134230181,0.45408550917863677,-48514.50233625209,170.73778060165517,-64041.42920481964,167.985096979824,grass/shrub
US-Rms,2014,0.5911828782138997,2.499488916478736e-16,0.5915699118988013,0.5615541016083688,-419656.0771290215,-543833.8591319921,-398619.0206543391,-516578.1105023513,grass/shrub
US-Rms,2015,0.5290783399398791,0.1342571248669074,0.5646310239193953,0.5712960737491535,267.9173277633589,187.64242618035962,277.9730185600749,208.05113645181467,grass/shrub
US-Rms,2016,0.5886813390009674,0.1813847596484983,0.6409643705512705,0.6173884503094246,305.9564207756031,180.01059198841193,302.5859604994612,194.9431977914069,grass/shrub
US-Rms,2017,0.4890771157035857,0.1536605746446397,0.5922810871212455,0.45637958607954426,269.0530034445282,126.5055972627558,319.42804857941945,135.1944625457982,grass/shrub
US-Rms,2018,0.4568398286888527,0.1994468037444242,0.40430758550958495,0.5693162023312273,257.96271817611995,158.0517631721835,208.90335940007225,207.07696622138522,grass/shrub
US-Rms,2019,0.5373539460458009,0.2072371501959616,0.6090165962538074,0.6407028224626902,346.9481900758536,111.06729847148459,367.9278394331296,129.1851260874421,grass/shrub
US-Rms,2020,0.674250540616083,0.1846638265099625,0.4868447673190779,0.6886112557639209,460.3769213058308,175.4081230997708,369.6866987420443,175.31356881660327,grass/shrub
US-Rms,2021,0.6372608786649225,0.234145062327042,0.715454664676353,0.7333573688957883,405.70941984711453,137.61593303171256,449.2972444351335,164.22311532226283,grass/shrub
US-Rms,2022,0.5493532726450991,0.2260663473141997,0.5020794272437031,0.6178053200274366,430.4612705174869,127.40218546046667,379.12216441570877,156.59966433295727,grass/shrub
US-Rms,2023,0.4824579942198076,0.1568524708449717,0.6558603202651154,0.6688381374268038,-57564.81652857629,99.04878947711175,-66285.12692175535,147.56455699954367,grass/shrub
US-Ro4,2014,0.753563779825976,0.0747390974007543,0.7926781365299942,0.5769766777926406,759.5353180053557,30.20661113000304,857.8259158230617,31.526109137814473,grass/shrub
US-Ro4,2015,0.7342608396233304,0.1140999725721282,0.7435716421952852,0.6316767002954804,709.9808489092874,155.64838802611058,771.5203986190788,143.65786594944802,grass/shrub
US-Ro4,2016,0.5805236772392479,0.183297071657545,0.7581730427287264,0.6091597360852112,534.0692964428139,130.14882184137548,756.8922987052451,165.6297502824474,grass/shrub
US-Ro4,2017,0.5758522630618852,0.1653679706892956,0.6824712209785516,0.5947586793461543,483.4053132284495,83.91128063488726,626.4822207870594,94.9113759809447,grass/shrub
US-Ro4,2018,0.6830936358050528,0.1792045266902011,0.7613389508127805,0.6281890387797978,705.1243228178998,165.9200687664647,898.4361767615359,206.19491542121028,grass/shrub
US-Ro4,2019,0.5960571672298948,0.1688521937243323,0.6758088973023523,0.5740697944078184,539.4671131704099,72.84479870828697,655.0336042271074,77.46841792753628,grass/shrub
US-Ro4,2020,0.6204088132614286,0.1672481950005091,0.6793239508832946,0.6921841203520837,555.0956490555191,130.83335734382328,637.843597950345,153.40219434373367,grass/shrub
US-Ro4,2021,0.595540732932859,0.1748388911612469,0.6529899451182869,0.6534531907173841,448.8984336988269,120.44322872968738,484.6267431880541,139.21730394048973,grass/shrub
US-Ro4,2022,0.6541725874610944,0.1675290440054523,0.736341921738489,0.6915405701682572,503.4908062466494,89.22365508285857,600.8433863288234,98.52501346783357,grass/shrub
US-Ro4,2023,0.6854123370570271,0.1969122449317881,0.8574667845311922,0.712678789592069,497.5622862846338,133.93048931224433,650.1291343018999,147.55481505172494,grass/shrub
US-Ro4,2024,0.6020277510267332,0.1665267666396842,0.7557729630543706,0.6953336805201383,632.8431284400938,135.9422422613558,850.1187712954464,176.16706000243906,grass/shrub
US-Ro4,2025,0.5972435873709541,0.1665290570055694,0.757175263006111,0.6540090624757753,540.3959039742768,163.20425278813235,771.3957144316291,182.3624726383079,grass/shrub
US-Rpf,2008,0.6042247190101797,2.5572855862636733e-15,,,-277876.40514875547,-561872.7957805992,,,deciduous
US-Rpf,2009,0.5713188902173314,0.1845528896302316,0.6871998229118866,0.6058993995853481,140.75197521926594,82.68701314679177,181.7928764804344,86.66719388554658,deciduous
US-Rpf,2010,0.4360793595449296,0.197703178524877,0.3874608640875154,0.5734645163782536,105.34984156659534,69.15548052625856,84.67530600629432,93.10110450822351,deciduous
US-Rpf,2011,0.3871037250554331,0.1814444460841431,0.42911420632286157,0.5067412284582119,102.93019152502983,35.90181532650473,114.27114371153799,43.46611126591818,deciduous
US-Rpf,2012,0.4521782255548328,0.1909175735370455,0.499721650653745,0.5438339001640814,107.953339130174,45.71444451968927,120.74849529324032,52.447025684370985,deciduous
US-Rpf,2013,0.4305246585815265,0.187753755248539,0.4472225884746583,0.47773481213703994,104.97513182259378,38.05894321178566,107.98449987795462,39.72933185189254,deciduous
US-Rpf,2014,0.3617676917858156,0.155140082128716,0.41747083429461584,0.41757841364729686,126.37182528171856,40.960380349992704,158.9053326301156,46.25953652553138,deciduous
US-Rpf,2015,0.3837345493364478,0.1932431253258488,0.46483650137116644,0.4934544711442237,104.6179278801633,53.233508778754405,105.63318182484326,60.14389712451557,deciduous
US-Rpf,2016,0.4603548466184752,0.2031407097042862,0.37620312456691696,0.553265183109093,172.77414980774873,76.50336975539217,136.54524290480714,99.53246631860702,deciduous
US-Rpf,2017,0.3819012394643437,0.171623707067737,0.4154522955950266,0.518153184626498,178.31531613523595,59.22526224950694,203.82334037012393,76.80346142818556,deciduous
US-Rpf,2018,0.412607477565109,0.1395871933723358,0.5023121069884016,0.4811956132169656,210.7980267405258,53.76385636334639,288.9206965604101,67.59506095238416,deciduous
US-Rpf,2019,0.5512869230730699,0.2213933476298474,0.7188377789296762,0.629158714701452,254.60781353959294,113.60858321982874,382.5855609530489,149.92753605133993,deciduous
US-Rpf,2020,0.3852575526622733,0.1924405317807722,0.4532905428220053,0.5360991910658686,-49882.0677284996,74.60160306776568,-52633.733221568,118.39478542528957,deciduous
US-Rpf,2021,0.8149765382219943,0.1832729709829971,0.8464926678236747,0.6434407943282074,-97298.54439214106,138.70761254352186,-98975.6817787688,108.96057888185301,deciduous
US-Rpf,2022,0.4647342568505579,0.1579394039227108,0.5451834746620245,0.6017421230146215,276.3780862223995,85.77042323632494,382.2844504199178,121.384632595127,deciduous
US-Rpf,2023,0.5684230027361089,0.2064230128272252,0.5892387240174183,0.5931594269609203,370.69359508183044,109.36890572987969,380.1290657398587,124.95887870694098,deciduous
US-Rpf,2024,0.5408518328844961,0.2521982819993238,0.6217035400052054,0.6989020870871334,272.3508945436069,142.2571785341244,374.1178019223414,199.47822540507846,deciduous
US-Rwf,2014,0.5479241212394466,0.1446593651997003,0.47992166131371444,0.56517387820304,180.49472192089013,-323104.22067619214,132.75757228657318,-377314.20477164374,grass/shrub
US-Rwf,2015,0.4511698023527044,0.0963927435580544,0.4756245104925139,0.6045997851878958,178.0109683137232,150.19173529407786,171.09115439086705,221.1406138076186,grass/shrub
US-Rwf,2016,0.5186838873554181,0.1752048156272148,0.5444004917268517,0.5763170674006038,157.94381724676998,168.64331431213407,156.1497878717638,173.53331356595055,grass/shrub
US-Rwf,2017,0.5141150842396566,0.132652442463335,0.5714676423657773,0.6888963721701207,205.7474904518742,148.4247988149978,219.4029051604314,193.005183214596,grass/shrub
US-Rwf,2018,0.4630005437749862,0.150309261206684,0.4701431878938111,0.5564588203319905,224.5918831383763,168.89135995691592,223.78743535997455,222.3281684215086,grass/shrub
US-Rwf,2019,0.513410167019673,0.2147015014385645,0.50165003181081,0.5227490611614365,236.31725978502575,132.01502659900697,247.72536092108518,105.9067480397674,grass/shrub
US-Rwf,2020,0.4913898276621078,0.2027017229740436,0.579355942687204,0.567695825993651,258.9458092685492,165.47723382861102,312.74641511891673,187.3828055422115,grass/shrub
US-Rwf,2021,0.4613294167612858,0.1796627317789448,0.4840613594676499,0.5400292791855934,201.22858524334296,146.5818271727321,200.9068619992126,184.67539309223307,grass/shrub
US-Rwf,2022,0.5444670503739952,0.1354281482086413,0.42796401004069246,0.5986898369023419,339.68510416302956,179.5998177603834,269.8371234830814,211.3519995291714,grass/shrub
US-Rwf,2023,0.4749286712510225,0.1957690309252757,0.55113220052277,0.5862861714878579,-56744.56562303331,166.83121617900326,-69501.35111135073,232.17020354118827,grass/shrub
US-Rws,2014,0.548617730596759,2.1033609987099578e-15,0.5747634064468699,0.5917740488721475,-405918.31301890453,-504677.8393178034,-437850.73886604595,-544377.6817498794,grass/shrub
US-Rws,2015,0.53358124891126,0.2080588144720071,0.508158334883737,0.5386532583279279,39.37905028003007,102.0981766399749,36.88211037408462,104.74347261170465,grass/shrub
US-Rws,2016,0.4443903151028169,0.1971463641046735,0.5143365428904818,0.4472258991027082,46.76583538083916,113.44587051780205,52.160715078253965,115.2845784503872,grass/shrub
US-Rws,2017,0.5487037549188746,0.2102405105543331,0.4691392242874911,0.5920646955984161,75.50224815230162,155.30819461708165,58.17958103659081,165.82906583312828,grass/shrub
US-Rws,2018,0.4337786290543302,0.2123484628646131,0.4347817137477941,0.46300301826347007,34.1297201584204,86.17508795671633,32.07289521108453,93.7592211070428,grass/shrub
US-Rws,2019,0.4891015401520043,0.1759004744417041,0.4684705971016316,0.4848649396521763,31.542625545007308,108.30156670996844,21.864276714105657,103.37098421560671,grass/shrub
US-Rws,2020,0.5560742217887942,0.1876831089939079,0.625933081469303,0.6511603560069419,127.8420152148718,155.98538088757388,140.05071180950375,184.64694007747036,grass/shrub
US-Rws,2021,0.5703256796473379,0.2055862694960723,0.5964504565925719,0.5984917661947385,86.63481762860238,138.751027098471,89.92271121441,144.4769587716956,grass/shrub
US-Rws,2022,0.5971760902154932,0.2066664862781817,0.5687199109331172,0.6609634976124595,121.8384684788837,147.1683784409839,107.92357818248482,162.10757145608355,grass/shrub
US-Rws,2023,0.5435250114038539,0.2496852777763909,0.5647786534786954,0.7406407236412167,-59656.19461882053,165.07552047629676,-52690.5708310062,223.96170151280407,grass/shrub
US-SRG,2008,0.456297228953347,0.1805460811611009,0.5014192171333322,0.5261528955917756,215.16803426181667,20.713484215037514,249.05417169703753,25.73340530826748,grass/shrub
US-SRG,2009,0.4185902390387829,0.2056642237939827,0.47867765435975534,0.4543510844103425,58.89707093209002,19.417491671951854,71.51027023162776,20.614252200448657,grass/shrub
US-SRG,2010,0.3686957692836149,0.1440661779764587,0.4783121875498338,0.39912625025392084,153.0839648261579,40.14261536624524,213.2941810789322,43.607158164286666,grass/shrub
US-SRG,2011,0.3866311493749739,0.1646977446538713,0.5357323229309239,0.40486091453452666,87.09227204148571,15.308112657815885,127.73399725959406,16.804553089541667,grass/shrub
US-SRG,2012,0.406848322505671,0.1859584221256398,0.5705988386782628,0.44081888465235186,156.7493505820886,23.81940027215129,235.0427490946264,26.350354451063886,grass/shrub
US-SRG,2013,0.4322149550316952,0.1600560157383797,0.5149871713229086,0.5330413957191298,90.1999567453406,27.81458050271487,124.3604381153177,36.36057313069691,grass/shrub
US-SRG,2014,0.361443774667419,0.1492812294019758,0.5983558336542197,0.4921504652341899,119.24380574933195,20.57748518908724,220.7712859419162,30.538583007932047,grass/shrub
US-SRG,2015,0.2817607012266293,0.150084456810447,0.48581489757247126,0.35314327116699257,121.40482099962178,27.484647676298362,214.44237287378326,35.465482342101744,grass/shrub
US-SRG,2016,0.3566577659412173,0.187722549062738,0.44028678821399014,0.506713773277534,157.97159918217935,42.26793826171862,204.05113997372413,65.75503090007092,grass/shrub
US-SRG,2017,0.4076185834443705,0.1816557231850435,0.4515351102995499,0.4921485211296418,97.40752140542033,21.28165940479986,127.06182007003235,25.811829198176824,grass/shrub
US-SRG,2018,0.3829903343850049,0.1455637376950447,0.5707605875441556,0.4568856925198794,166.5859699016331,45.014769334931884,251.67712473327532,56.46897359357915,grass/shrub
US-SRG,2019,0.4381828771211818,0.157319212084158,0.5963709145658391,0.5383114661044652,154.50935403127434,95.59545402541869,220.6624204964104,117.8466285159284,grass/shrub
US-SRG,2020,0.4645738087823775,0.2044432763331613,0.46888149689583175,0.4761401900231113,53.500333013274755,74.95688092140425,55.10607807882443,85.26320100956512,grass/shrub
US-SRG,2021,0.4174725359531062,0.1555317553712263,0.48887552337300955,0.443443435939668,196.25549985730325,16.882236965376013,260.3216651950905,18.034126233266832,grass/shrub
US-SRG,2022,0.2870223189841158,0.1480938483618532,0.42428993252796515,0.3129372655563617,168.0024874652937,29.6698209032661,261.8826362755272,33.44012557222661,grass/shrub
US-SRG,2023,0.3128169595188073,0.1674160689331676,0.34662902815130475,0.5426731248553411,99.85249757002953,62.50596809450259,107.56115495515239,109.02098737501218,grass/shrub
US-SRG,2024,0.252615556720709,0.1421194566631541,0.2993374397482976,0.3239442105649813,69.68351352076755,42.91200064981885,77.47590920048957,54.64517817319584,grass/shrub
US-SRG,2025,0.3417424284746522,0.1638943857927582,0.39126773724562997,0.39865029092848464,58.85310380040533,15.806033598390009,77.56705691286712,18.98414380668844,grass/shrub
US-SRM,2004,0.4712658613175751,0.1800690730297168,0.44304257960659454,0.5145150305417361,68.34402223848947,23.9732137740501,69.55074843149052,26.439108581261845,grass/shrub
US-SRM,2005,0.4924180309710196,0.192711072401377,0.42615789337688276,0.4271301795832372,121.68968080744975,8.718889627763764,107.15423464422979,6.584990650891038,grass/shrub
US-SRM,2006,0.6228043600317803,0.1758683688669966,0.41960895078937366,0.6039383838622885,149.86244343641735,-5.237129799047567,89.75264143194222,-5.351755263193193,grass/shrub
US-SRM,2007,0.5486807631665072,0.1772324551537725,0.5242408613857137,0.5317611183617283,120.58934410114871,14.436057828562504,126.06932401058161,15.247865887241641,grass/shrub
US-SRM,2008,0.4410516470799474,0.1704946065868147,0.5311703491702495,0.4603874079481929,153.38099570267482,14.134126438689192,214.29086050281103,16.06475104798268,grass/shrub
US-SRM,2009,0.5760550642289644,0.2148863441855698,0.44969750576710854,0.5351950861534097,41.42162848113599,17.64272403608363,27.732059069770116,16.581772328862286,grass/shrub
US-SRM,2010,0.3492912690307846,0.1788366669381423,0.4087689135945848,0.4472694059850269,82.12156463196737,32.202325930456446,97.10875256676228,41.82795005624963,grass/shrub
US-SRM,2011,0.7809054173094457,0.1799251519920458,0.6368057915823399,0.5711602679573662,198.03884438043204,-6.099399716646446,162.40187455667257,-4.128167522926791,grass/shrub
US-SRM,2012,0.5094086373868913,0.2132410961585073,0.6031041293508409,0.532225823115371,114.76241931189823,27.06402298380888,145.41100940593017,30.325082962986805,grass/shrub
US-SRM,2013,0.5972220858379422,0.1274173539466883,0.5505581350942925,0.4973415711528464,100.48818444096213,15.730599571579514,101.4988719059844,12.980141730690436,grass/shrub
US-SRM,2014,0.4526498911380271,0.1762858158619967,0.5425647144640784,0.5249349540870514,94.66885002901024,25.144023654770418,121.90328124498112,29.503105768676118,grass/shrub
US-SRM,2015,0.4309877742850442,0.1623255393688709,0.5859897131695153,0.4804629814293822,104.06212519941857,38.41067668434473,153.11778201372567,44.06378749197974,grass/shrub
US-SRM,2016,0.5043519203886501,0.1781634572874467,0.5168870236656111,0.4529990157400698,176.58950702235666,61.087730765513015,195.0010832763885,57.77213818126177,grass/shrub
US-SRM,2017,0.4371693757251735,0.1970985988280614,0.5300338245225947,0.48007386742616864,59.22072123149017,1.59557881151616,69.49490825172425,0.5519609536745378,grass/shrub
US-SRM,2018,0.4630973716203089,0.1970127174646314,0.5369532061391504,0.4563683433516596,180.649629614303,22.968081331138944,217.06765987201368,25.06442728940863,grass/shrub
US-SRM,2019,0.4912886361214063,0.1845748181469804,0.5256271243387091,0.5890347167411215,103.01686141692954,91.40127796285047,106.27361509835944,113.96395700701537,grass/shrub
US-SRM,2020,0.4920262144140004,0.2229661107078618,0.5660397604733087,0.5447461644088447,12.158623958771326,38.69722596738686,19.393762666542752,43.1005114792121,grass/shrub
US-SRM,2021,0.6592003971774869,0.1834923723890862,0.6741041976746327,0.6292417728610363,246.7829017218403,-9.125117998555604,274.1713846096178,-8.728937511431972,grass/shrub
US-SRM,2022,0.4186598218333121,0.1605066167835144,0.548000720036984,0.4162151410022625,178.9018899400185,22.656195219766584,242.4430438516436,24.369616966168632,grass/shrub
US-SRM,2023,0.3888937122945532,0.1959861399422401,0.42140665673691224,0.5417210522658531,64.67279745688113,25.266454354814226,71.73633427903651,36.08666636264125,grass/shrub
US-SRM,2024,0.360193613000186,0.1780387189509395,0.3586423979309736,0.40324013450745455,57.3386958859015,39.36323271783738,57.41708747059347,46.92167265225712,grass/shrub
US-SRM,2025,0.2343895648541575,0.126783288254545,0.37913498541250473,0.318446502487762,20.23539494108883,-8.337349525740743,35.70953277242624,-11.327295215305947,grass/shrub
US-Seg,2007,0.457983977000788,0.1925585200739694,0.4275641183889342,0.5558747445346309,54.281459860008546,39.029575835863646,46.8144179104617,49.77561992044977,grass/shrub
US-Seg,2008,0.3857025642951844,0.1393811642535999,0.5301976618756002,0.46052075457944447,68.06644985242943,1.331014051908196,106.7640570536357,1.7217596092743896,grass/shrub
US-Seg,2009,0.4114701469799369,0.1959256397163567,0.45619077537133584,0.47895247217272685,25.520631236558163,14.283825066781024,30.9304092839487,15.889148932030645,grass/shrub
US-Seg,2010,0.4972585186853532,0.1834131498358942,0.5057797517445786,0.571861395763124,61.49943137301953,43.88105553852517,67.50134808927987,51.78254534406773,grass/shrub
US-Seg,2011,0.6109247704944744,0.2130605603219175,0.5141509659802873,0.5762454842114983,5.131211721292837,5.538172463674282,4.411530564307818,5.656816206367616,grass/shrub
US-Seg,2012,0.4186390986078044,0.1580773985105251,0.43689165837282384,0.5434150431076673,24.44578952397653,26.469093338396483,27.794355528949183,35.73991591711348,grass/shrub
US-Seg,2013,0.4448492532118767,0.1287907596320443,0.5781069552259445,0.519244587310616,104.6999291811967,5.192792309245798,132.44149365759253,6.356997980713588,grass/shrub
US-Seg,2014,0.4163868249951485,0.1284594987316827,0.5275515484174454,0.5265122604200552,73.38769548794723,7.19328197599641,95.19430349262397,9.742338866770075,grass/shrub
US-Seg,2015,0.4530823212190178,0.2308897204400468,0.3507218497452068,0.5247611580599397,35.38837787053044,35.36410049643726,25.983763420170256,40.13672233403792,grass/shrub
US-Seg,2016,0.389422900725597,0.1542985043819088,0.41254490126847626,0.5025669148847959,53.87932726417876,43.71323386583142,56.39079067762555,56.47219390046228,grass/shrub
US-Seg,2017,0.4593624610918411,0.1892095919590876,0.4610237746098484,0.46730923231272675,70.01446719748922,28.615515229025988,74.9857240912806,29.706474872352945,grass/shrub
US-Seg,2018,0.4185945163077065,0.1577583531510411,0.45712337309731904,0.4906503228957995,59.840246907823605,12.592391316299262,70.14347161547295,14.574672060054814,grass/shrub
US-Seg,2019,0.4537789200214256,0.1920072550311362,0.4228008292899883,0.5670051328112072,25.973796105944462,41.70299518287345,23.923425895647746,53.461112985602206,grass/shrub
US-Seg,2020,0.4646261978729724,0.1830079897632748,0.5272737290180939,0.5377334000771063,13.884436187262974,32.03262050164086,19.758142148143392,37.731799060586106,grass/shrub
US-Seg,2021,0.369494041283805,0.1143027731760701,0.482118446143973,0.5146799958759979,63.27692586905109,4.240876546009275,80.74262596551895,5.289622273258816,grass/shrub
US-Seg,2022,0.6682538670281853,0.1641017318762279,0.571761733301156,0.6943744980567057,67.62547311803571,-8.107071409893257,59.1146280044601,-8.487111088340873,grass/shrub
US-Seg,2023,0.5691981665834822,0.1737419523643797,0.5723679875900668,0.6362080870678269,39.18615179539321,26.898117440362746,40.35172556327957,31.02400906489811,grass/shrub
US-Seg,2024,0.4254069374131577,0.1854576312873353,0.4914456544523427,0.5254167361740275,48.525771948320184,0.7215087135951878,50.20547138726415,0.15503008305253574,grass/shrub
US-Seg,2025,0.3527329157121347,0.1610640541920101,0.3144061109717309,0.4371101308394814,49.99815500351688,16.330964510179417,47.94808319345267,19.54466964991386,grass/shrub
US-Ses,2007,0.5382606456612639,0.1720581194889572,0.6583041045636552,0.5881893347636723,34.83129044577305,48.70891964778355,42.9216391585052,52.56630253126581,grass/shrub
US-Ses,2008,0.489620891526778,0.1926800558669372,0.5575150315575617,0.5018108748334188,65.92775778412354,10.791817452579538,85.0122281611422,11.091944084911752,grass/shrub
US-Ses,2009,0.4726838801656727,0.2004624550045123,0.45637814513632546,0.5022156295702143,35.84424810608618,15.900027720444253,33.879212863578836,16.902328030398078,grass/shrub
US-Ses,2010,0.4533967466417137,0.2036559497676905,0.4540706201932311,0.4954906176101959,30.757423764032097,29.585724879023115,29.308244235128246,31.576857207918767,grass/shrub
US-Ses,2011,0.3856143457453427,0.147887440163778,0.45043167855624927,0.49727532078347797,3.3476986808232247,3.1096690937929767,3.9840830560813143,3.80099567491214,grass/shrub
US-Ses,2012,0.4771080520876425,0.1838569614990065,0.508079244356146,0.5414464124054452,19.159645894144393,17.581241019341203,19.99209957401703,20.056176958592996,grass/shrub
US-Ses,2013,0.4828757442258537,0.167081472737734,0.5223540577956126,0.5380757501836377,69.06073890003036,5.781783778654019,69.8329310254107,6.5175932756172585,grass/shrub
US-Ses,2014,0.4856695067223254,0.2037234167553241,0.482168521282558,0.5198827032648817,33.30620697279376,13.281148830873729,34.13557247677579,14.046490326611309,grass/shrub
US-Ses,2015,0.480399547328426,0.2095061189298527,0.4102277683025957,0.5742657507340122,28.36324503892881,27.616901240706717,22.875275189418733,32.73767813900615,grass/shrub
US-Ses,2016,0.5130151697399873,0.1940599545670846,0.48868185890954313,0.5729014447734583,49.611576773857635,58.410660086717314,44.61337797704748,65.30163247542075,grass/shrub
US-Ses,2017,0.4976324974732381,0.2170699246148396,0.4464200169522932,0.5244876183763342,39.78804201722208,26.91279342430201,34.79239640552376,27.98765556744181,grass/shrub
US-Ses,2018,0.4839217973939334,0.1912730121795282,0.5330643298928146,0.566524251415442,24.79460672476951,11.031899063079793,28.361767484790786,12.796774710434313,grass/shrub
US-Ses,2019,0.4851896350503845,0.1984974682836002,0.5137582197443195,0.5633796994878546,18.46461012817708,36.347736489033856,18.779021730694605,42.95787169208546,grass/shrub
US-Ses,2020,0.5425706257731027,0.2199230994054249,0.446141487446674,0.6223721071469903,30.95172739099502,33.20706910344356,21.15714880795695,38.629460788435,grass/shrub
US-Ses,2021,0.3816889778463271,0.140258794850243,0.4180505393336588,0.6731780581493636,20.071778508322883,-11.931475016919649,22.003315060719256,-21.043330169155173,grass/shrub
US-Ses,2022,0.3842903184415777,0.1402236455362385,,,-495684.9373385563,-353511.7382569548,,,grass/shrub
US-Ses,2023,0.4324108073345577,0.2184218101078009,0.5449872431124593,0.5249485041932435,11.811704572440958,-2.84715784561286,17.905389085500737,-3.582545656896972,grass/shrub
US-Ses,2024,0.4343775666019071,0.215805960608805,0.46332420295143306,0.5476364882770531,52.39192759603865,19.63820606736587,54.08859688077998,25.993259458128936,grass/shrub
US-Ses,2025,0.3219485378913633,0.1170890732763239,0.39246296910483636,0.4976108386185686,17.44853238064525,-8.288501973904866,20.47174164898533,-12.985610361908803,grass/shrub
US-Slt,2005,0.6044157663459676,0.17476700241482,0.6359020125052242,0.6007228125576495,571.499035900302,234.26971664714333,609.5349761121115,291.7717068129536,deciduous
US-Slt,2006,0.5331347086554723,0.2139949565255075,0.5755231784875825,0.6055996118559124,519.7566949018808,224.41555520287235,514.9662125946554,315.14321939788766,deciduous
US-Slt,2007,0.5302240461185875,0.1772197337849967,0.3854563960725968,0.6621357591240767,239.85716171011222,58.70959492566703,160.51635066854666,86.39086742344465,deciduous
US-Slt,2008,0.5458409726310371,0.1646999283660493,0.46237709216623113,0.5727880507538915,374.5756279888983,202.88011355425027,285.74099251823554,225.38942555420903,deciduous
US-Slt,2009,0.4838978715328134,0.171938832093398,0.4122481893279326,0.5933941154772839,524.32314408408,179.4190702906788,373.5610981961866,214.45451343842674,deciduous
US-Slt,2010,0.5368341190533147,0.15453560505506,0.5256936906021342,0.5387311538969154,390.93232085009333,308.0903599617567,379.28144132404924,317.59232102037356,deciduous
US-Slt,2011,0.45207912751158,0.1915623715395558,0.4783363057214826,0.5070625721941022,458.19717537487645,213.20629953066026,413.5227242186871,223.70191108765593,deciduous
US-Slt,2012,0.3919033371860787,0.2026060641236515,0.2885659128557551,0.5338795161554777,409.8609970878712,176.88482113594927,297.4269464018677,271.0883428549406,deciduous
US-Slt,2013,0.5277722871175518,0.1950627054508415,0.5497282519065194,0.6089797307984781,524.1363832407707,209.42374634166688,487.16079517186654,280.87725430318284,deciduous
US-Slt,2014,0.550048819387231,0.1951598617382134,0.5163353261802128,0.6764544844397671,576.782835005274,207.80394841549503,490.58307624374436,285.28910704089657,deciduous
US-Slt,2015,0.6581367248410382,0.2015486022071245,0.6640624694392421,0.6928543182332182,642.2186575086466,314.2865252988648,579.5712397315974,373.85453256577233,deciduous
US-Slt,2016,0.5728658440112466,0.1868928719742706,0.6851702974002888,0.6635403529074999,637.7936430105194,237.86309347448852,733.9821292382386,287.944343646973,deciduous
US-Slt,2017,0.6125200250982169,0.2518093140919994,0.7345004771115694,0.6463075546611866,732.2185707990657,264.0764138170211,860.3869048041284,288.8087060695438,deciduous
US-Slt,2018,0.5712375397889546,0.2509002116730812,0.5421471720837662,0.6895967071239546,550.580692936011,273.28570474032676,487.8658611724886,344.0743304402763,deciduous
US-Slt,2019,0.5377931940429966,0.2670347098338366,0.5461731908619559,0.5988591606388692,340.7541906626478,193.05063292279257,303.04393910611145,283.0624766343071,deciduous
US-Slt,2020,0.6045330890438229,0.2044459896367782,0.6566173325655926,0.7074025271320091,441.15300047789214,164.26595986848685,475.67861920063723,206.33752635376993,deciduous
US-Slt,2021,0.6048212167788692,0.2157285205527613,0.582482035178525,0.6427876515751357,522.4757091770749,196.2275746078413,448.67897823402365,220.6348479392875,deciduous
US-Slt,2022,0.162445288312766,0.1139618058739342,0.45324907227934796,0.40743815673065065,-181895.2873696686,64.37369934158433,-498275.73651104287,196.95913216391378,deciduous
US-Ton,2001,0.5247081166372829,0.1109983987691302,0.5380944196626195,0.5956947017135492,79.39440104950864,-194002.8274341287,77.25055230971297,-194469.39644622122,grass/shrub
US-Ton,2002,0.4053462069573884,0.1637755326310565,0.4390624539881527,0.5520548441228449,100.63738060596768,215.38353638333288,103.86591611754572,308.7682441912807,grass/shrub
US-Ton,2003,0.4326680363105806,0.1324408632658534,0.43648261782858155,0.3743528355940536,88.74924282207407,258.43113403694525,83.24368441007539,214.98176602352584,grass/shrub
US-Ton,2004,0.6088838792681008,0.1871092361772247,0.44742984379118406,0.7371460988186073,123.28473267616774,289.02207716836165,103.04113758909367,355.68910186328145,grass/shrub
US-Ton,2005,0.3660488168301355,0.1911817772260659,0.36970940516396994,0.3982796081475318,128.9685904785018,251.20320928824128,116.76399142084671,275.746370670816,grass/shrub
US-Ton,2006,0.4359635301713366,0.2010507198031022,0.46206095922144624,0.41174570888818,131.22685711610728,209.66370081997,134.3272275581227,191.58541835510363,grass/shrub
US-Ton,2007,0.4037968082434294,0.1203818242947523,0.5732443595524588,0.5147069694144873,62.623422516473035,209.2409402956431,81.16339695100908,277.19967305527473,grass/shrub
US-Ton,2008,0.6485162354463034,0.2596105744719313,0.41138450894021406,0.7219334064451775,137.16903797702068,254.34219198494705,83.14650250472937,287.5388560068773,grass/shrub
US-Ton,2009,0.4242235411345763,0.1736743683341628,0.48312861105272115,0.4733961613113178,104.53622238167388,230.69518822763786,108.03588949021838,244.674580756706,grass/shrub
US-Ton,2010,0.4945158744353161,0.2084115242048531,0.5092626573378162,0.567621263038025,192.35424104819117,300.86401680938445,202.35847125549608,348.0006658417371,grass/shrub
US-Ton,2011,0.4415800850840155,0.2613015954511676,0.35838343927494365,0.6744408568218877,157.0804783086563,239.62128709162752,139.60394866361014,362.84927696894965,grass/shrub
US-Ton,2012,0.4368217444010008,0.2017502515132075,0.4430493813285628,0.5812950832376796,116.80289541959289,193.035350604244,116.80603401823991,267.6429552704958,grass/shrub
US-Ton,2013,0.3481664630612435,0.1972736145963761,0.4076516119922691,0.37409013599442575,59.847910181508354,154.4877997715661,68.69955421862426,179.23702714984657,grass/shrub
US-Ton,2014,0.5003229209666327,0.1359549878385794,0.47200193502348253,0.5443951917198028,76.29061887960818,289.70475271629147,71.8965697591903,320.5935340270173,grass/shrub
US-Ton,2015,0.597951975293844,0.2297520127445121,0.5374512933748131,0.38433643525371886,67.94602942871003,274.88635621345645,64.66372538111175,188.35845598960822,grass/shrub
US-Ton,2016,0.4314744124179321,0.1546956113672975,0.3572945565696797,0.46554601055925504,77.39550724914501,216.3827683009143,64.94371141829589,234.832051315004,grass/shrub
US-Ton,2017,0.4778168448634321,0.2299963374357554,0.4772174360432668,0.4105650403791266,104.81723633955224,265.285216708164,94.22388166776909,233.1068929494908,grass/shrub
US-Ton,2018,0.5240967968614105,0.2254205522638525,0.5242974781239147,0.5064474101539771,114.43936624148884,268.3116172015975,107.94678250717224,261.643025028206,grass/shrub
US-Ton,2019,0.2838661075420567,0.1494628204784825,0.3968486948536713,0.31065034434584765,93.18686019495483,147.29920643663962,123.722729831991,146.89559285241583,grass/shrub
US-Ton,2020,0.3559893894290533,0.135307559021283,0.4309376051580717,0.38127775305076783,60.86571418406575,181.47959944393398,79.20864181998115,197.42356811375248,grass/shrub
US-Ton,2021,0.5899090778145876,0.2055026730157644,0.559155024408616,0.6429130549671872,58.93997939700742,205.97671218419677,60.886320785808806,230.63812336108933,grass/shrub
US-Ton,2022,0.5233758396224224,0.278288802627347,0.5036151786133893,0.5119059107668003,83.45667267640849,216.40529038808572,73.85785331027195,202.9629525539648,grass/shrub
US-Ton,2023,0.5872952426480003,0.2017954333666733,0.6336670429489475,0.5988119098204023,141.8493536511386,314.9803340375636,145.27174458457216,324.2024069125655,grass/shrub
US-Ton,2024,0.4549231332671955,0.1717497160589737,0.5203189196348652,0.3438034591331249,77.28098229615509,242.6353230283151,86.12886641320954,166.3463309919528,grass/shrub
US-Ton,2025,0.6204200716320265,0.1839290354718354,0.5606286395169101,0.6153198981965872,147.82655245465665,311.1704771079032,138.36681564200268,315.58838108482,grass/shrub
US-UMd,2007,0.5555566215776304,0.1544596918661766,0.6815780584364197,0.6880466258760615,567.4257815748248,-271918.2014831151,665.5888197633107,-383531.3614549127,deciduous
US-UMd,2008,0.540509148913238,0.1569180887997748,0.5798515473301733,0.5240865887076473,567.9465640548905,141.69087970442695,578.613214631235,133.77054145739422,deciduous
US-UMd,2009,0.5501817336677746,0.1729050965657705,0.5905974513674587,0.6093512133293193,555.1987416443062,140.54460944689134,629.8616102596927,194.95100417003485,deciduous
US-UMd,2010,0.4991390487553672,0.1416528803127904,0.4727851437119825,0.6088412083570236,425.3763205106481,201.02490825356435,396.15173471871344,270.6186084393594,deciduous
US-UMd,2011,0.4758386900496165,0.1603338935584911,0.5282549037087294,0.5795639699287305,476.10137394342627,142.7739029886801,490.62320665135434,214.56175662195622,deciduous
US-UMd,2012,0.5853357789639494,0.155599416952219,0.5799386018590134,0.6769031382201366,604.0799602736018,263.36878121874173,503.48428495883155,325.8373588867602,deciduous
US-UMd,2013,0.5779557884318789,0.1900093651062126,0.6373362478270268,0.6535084932328956,583.5679472016362,175.87430667566954,609.9311561504514,238.1706397232871,deciduous
US-UMd,2014,0.6377819785645251,0.205176541442551,0.7762434480389835,0.6842148453982592,686.2071410417941,173.4540564386287,834.7372038968672,208.96775995199997,deciduous
US-UMd,2015,0.6433080708560017,0.1591270537711741,0.71749276499968,0.6310387282453533,661.592309227182,212.50942742959785,736.9767903881807,255.95469627769234,deciduous
US-UMd,2016,0.5720407916484105,0.1950197288117163,0.7400532363502099,0.5880670665428293,568.5563876470967,201.71827442746866,705.5462209145873,250.68440055477302,deciduous
US-UMd,2017,0.59883113061055,0.1697137218740412,0.7056459653663446,0.6523768944007973,657.7948787168034,202.54224526287393,778.7516907680857,263.59525714620236,deciduous
US-UMd,2018,0.5815253990407595,0.1685214983228124,0.5745219623878879,0.577853829029701,551.2073042785605,206.44349876553125,550.643783528407,263.4790006437941,deciduous
US-UMd,2019,0.4745932912284307,0.166781877677526,0.5537041852409874,0.6350341158727782,520.5909698313216,118.1940614721501,568.9234606745566,188.00123427218978,deciduous
US-UMd,2020,0.5206054279129304,0.2090238254072086,0.6330570885585007,0.5720548223491697,614.5173229808329,152.62786699450183,732.9139607145,174.47350432022424,deciduous
US-UMd,2021,0.5706282985308198,0.1856103050236036,0.6485991022941818,0.6820352682271578,663.1766597107575,228.72117812004515,772.1251892254619,306.1932436235726,deciduous
US-UMd,2022,0.5927486585611123,0.1448858795801909,0.5144574869329892,0.6271740914335476,720.4137544237672,216.94680343511928,535.2546819714001,268.9949447171503,deciduous
US-UMd,2023,0.6093192693899567,0.1483751108448014,0.6759443854986195,0.71912059917633,611.6610382068078,247.94207916731273,640.8233766748845,323.2506330910646,deciduous
US-UMd,2024,0.6185932370751241,0.2232821895801005,0.6021102577513023,0.7692232401511542,317.3785308907992,224.6305975892565,333.1685494678657,282.20182388802203,deciduous
US-UMd,2025,0.5948111287536682,0.1980871448768318,0.4729580248465919,0.6156762549626713,154.92219872800084,50.16505296752384,117.2864875620024,57.88396895299006,deciduous
US-Var,2000,0.5661247947686547,4.614885853410569e-16,0.5528708211605048,0.5579637386340525,-616987.3269576102,-526443.4095289354,-608039.5550810591,-518854.3863019758,grass/shrub
US-Var,2001,0.6089681797191074,0.1378885951550002,0.595533453240686,0.5580474433205354,-7.653802428994342,217.345387735007,-8.320944709213713,219.64325497220912,grass/shrub
US-Var,2002,0.4799428429444541,0.0984119925758217,0.5784303822999527,0.6659235223497556,-16.016990463300324,184.87677075421843,-19.178948290771842,309.2676106582002,grass/shrub
US-Var,2003,0.5147514585198958,0.1687899749801906,0.5468450250183757,0.5269619998757854,-11.055892741777921,300.53518225107996,-11.721932567516424,353.00083119861506,grass/shrub
US-Var,2004,0.8101764335525484,0.2281525901713668,0.520916135795036,0.5822158298556108,-36.8961920558955,209.77987189313254,-22.675912876737492,203.27733792625838,grass/shrub
US-Var,2005,0.7339810734821193,0.099694259569513,0.771520321067579,0.6661287639843979,-1.6568590903265732,419.1311218123075,-0.8063800775861957,385.57903031356096,grass/shrub
US-Var,2006,0.3726748250289055,0.2329713675189787,0.4534359983268362,0.36679262968377346,-4.738359835595896,148.24265118138243,-5.7520078182397025,157.23941800794353,grass/shrub
US-Var,2007,0.667985921804581,0.0687856470170355,0.5613020122160838,0.5104217208591806,-24.619728561888437,274.4046956994908,-20.168357389359976,207.86668583992457,grass/shrub
US-Var,2008,0.7240777200697294,0.1768014498822537,0.40732017233424017,0.594530361382227,-25.441917785695832,123.00971990056834,-14.288790280889328,124.75950940664649,grass/shrub
US-Var,2009,0.4899424027269783,0.1220828020736605,0.4651151806347346,0.5614382729055561,-13.603107469265783,185.5751448407549,-12.34802675784769,220.3199962097334,grass/shrub
US-Var,2010,0.6895725562076622,0.1322657370328706,0.4356374533267015,0.5588457837166012,-27.863999156896817,353.9199456808151,-16.863612987919993,302.2279092534033,grass/shrub
US-Var,2011,0.4514639308718114,0.1289043093426199,0.6369884889231733,0.4404420183791296,13.686253262106348,189.8419915893538,23.95017269810225,200.97908328306707,grass/shrub
US-Var,2012,0.4211149195205742,0.127141808682037,0.3791912139916076,0.439544494769788,-22.874497349040467,176.5056246901439,-20.597247965247387,190.957731840313,grass/shrub
US-Var,2013,0.3754692617510031,0.1316969778992594,0.3899747593682776,0.406424170884586,-20.137782352239764,78.86468383808234,-20.69651635773704,67.24580391248564,grass/shrub
US-Var,2014,0.3925673263923463,0.1878340033597134,0.409241463080746,0.535979185941597,-14.860132496330873,173.863084431827,-15.377221543639008,231.39801619618106,grass/shrub
US-Var,2015,0.3167852519101469,0.114169549265802,0.3556892281417709,0.3396982569786311,0.3948046474876401,82.682456207101,-0.10397583094249375,83.98753801652896,grass/shrub
US-Var,2016,0.6786507512725699,0.078144659913555,0.34100358688333227,0.5205806807945094,-12.292996238580825,296.9918559160876,-7.081241898326299,262.7457767527404,grass/shrub
US-Var,2017,0.4337966408950346,0.1258853027327582,0.29616278002515717,0.6124954661314734,-21.71022690706408,151.5898045331122,-15.37605871372748,241.08707911255277,grass/shrub
US-Var,2018,0.5892846086607468,0.0850379786880588,0.5153933876364698,0.47034751804353336,-31.468834690056873,250.65435169875573,-26.862225162497783,204.6432085600194,grass/shrub
US-Var,2019,0.7089517082039656,0.1022255741743324,0.5932461023447297,0.559969342254831,-32.63139677412604,369.8491582541501,-28.579876647191533,337.5451066137141,grass/shrub
US-Var,2020,0.3860860675566441,0.1108164972182668,0.37159928673465353,0.4519581025393265,-2.051175686027323,149.9220985899268,-0.7886495676724371,194.39296914119046,grass/shrub
US-Var,2021,0.4485927738786499,0.203172587075761,0.38086121958331337,0.4531846355639022,5.029831992053691,144.5013217200254,9.46874213517372,156.47267530039613,grass/shrub
US-Var,2022,0.4924696858617161,0.2023506171318654,0.48722902427249354,0.4464777554054456,12.549716401457049,151.44522988783862,12.708011396088274,162.93536069704228,grass/shrub
US-Var,2023,0.3328625365329054,0.1851845343111439,0.3779309058936205,0.47081069040406676,-1.7799039916961037,145.63634469159473,-1.2645886206749952,228.4376397810892,grass/shrub
US-Var,2024,0.4385229977156399,0.1559182673532679,0.5089055295119578,0.5109578033259019,1.5659410938660572,228.4831483462324,1.8765436252184262,256.02323995008084,grass/shrub
US-Var,2025,0.4606638036725539,0.102917098912858,0.6080251664911306,0.3648583586409838,17.605978683263587,214.58209246093443,27.190762535631396,176.77578567030588,grass/shrub
US-Vcm,2007,0.6086420294665463,0.1916686229967977,0.6971316141165248,0.6951407664013782,377.35902053230734,224.2519104765023,413.29691910599985,242.9951386997712,evergreen
US-Vcm,2008,0.5813842636173969,0.2999658341435894,0.49529401906621584,0.6344714256143247,334.03798556839354,169.58537989755516,281.5238126743574,152.39695790225795,evergreen
US-Vcm,2009,0.577240062182939,0.1813314699583136,0.6239410284098178,0.7654163828569025,279.97704161620715,183.17103854910184,297.58020109303527,246.93786599611002,evergreen
US-Vcm,2010,0.5348143087441288,0.2685667996510222,0.6563515885530234,0.6613928284305491,318.40126658085563,137.31363655725494,386.40358622839005,167.01338618006477,evergreen
US-Vcm,2011,0.5653066407707941,0.2056356838394288,0.6500657616429779,0.7667741809934696,271.1787035787658,167.12873638087638,310.75049877396395,230.33455733493093,evergreen
US-Vcm,2012,0.5222673231178665,0.2538323630249349,0.5612156114285803,0.5829255715978626,217.82279705212963,155.0352509789185,230.660514181735,163.22905370289087,evergreen
US-Vcm,2013,0.158586181482603,0.1060842721349382,0.3231693492781115,0.32701312831980855,-204555.7164951467,-53900.18253774284,-416846.771722707,-109683.12402243537,evergreen
US-Vcm,2014,0.479585706535224,0.2305875260503494,0.5425103488175793,0.5298857036782131,108.58942194883629,44.41260362192808,115.37133351023262,47.54092445647946,evergreen
US-Vcm,2015,0.5165078322064872,0.2240813261220575,0.5289575970982142,0.6061847624840875,172.67969440184223,78.51731722961799,183.56823795474318,90.31964312477123,evergreen
US-Vcm,2016,0.4943199511012274,0.1636328789845077,0.5150396361190607,0.6221159793310569,150.93075169829373,70.64783909359186,156.05279647098055,81.55443316535506,evergreen
US-Vcm,2017,0.4169262466175191,0.1405230555761089,0.5614459238294491,0.4961419361110322,146.24069129006267,62.71361270475912,198.08204529529124,74.9374139590516,evergreen
US-Vcm,2018,0.4839298780461607,0.1996527382386426,0.5648968893545734,0.6661908937387119,130.1131229501493,65.61146639636158,151.70902498205083,94.34199754191343,evergreen
US-Vcm,2019,0.5152717622342888,0.1847661165910269,0.529985158776106,0.6508003923636384,140.76544601928762,62.32332743924791,146.07961683212545,84.38808715349738,evergreen
US-Vcm,2020,0.6364798256928755,0.1793533783518702,0.5579518126517231,0.6980432971290772,104.25165994839602,77.86567082505448,94.64473166372697,88.58056136227785,evergreen
US-Vcm,2021,0.3065455610261364,0.1845847610527015,0.4098897172799169,0.4273946157971049,123.4253638999836,44.30738497138008,169.9246064517137,58.70217565925885,evergreen
US-Vcm,2022,0.6129294595337479,0.2078983226672773,0.6315457943926074,0.7615463505259167,206.22770638174805,111.34575592902841,215.1646367719969,139.70334219497192,evergreen
US-Vcm,2023,0.5307132570359043,0.2371165576991869,0.5661279424375676,0.5996452925001412,119.98857180114346,53.57673694074052,134.31335598717527,79.62251195124682,evergreen
US-Vcm,2024,0.4302744580102285,0.2189792051019528,0.44860364398900465,0.4983127810533571,134.48755026064316,35.00052480525582,141.22335800041716,41.134882096777325,evergreen
US-Vcm,2025,0.4826017074114902,0.2256693929507177,0.5357351127089502,0.4842169059224764,151.48897854773733,70.95592995865672,173.4459906942119,67.93683286885845,evergreen
US-Vcp,2007,0.6345133671890956,0.2410452826356001,0.394317589686108,0.7660137533740291,330.2584011901011,318.09894932842195,193.29463946053272,379.15678692779466,evergreen
US-Vcp,2008,0.5810138846144188,0.2872570941281447,0.47061784415838576,0.533410037772134,417.3255685883405,294.76608201879196,335.2895473083801,250.12232797603303,evergreen
US-Vcp,2009,0.4877424655169703,0.2372760322348656,0.4244016217113148,0.6276961600586869,280.6689108809692,267.0927929870631,263.226190953865,358.0444544256205,evergreen
US-Vcp,2010,0.606775103210191,0.2127679744562918,0.5276341350744858,0.7543896861940271,420.8798480078487,321.8712258153498,346.10466042256303,399.72839999161647,evergreen
US-Vcp,2011,0.5679416931434864,0.2635643838443225,0.5518363890250971,0.8134551646047601,247.2363739404248,166.02092814989717,219.06873266702743,237.59636477014598,evergreen
US-Vcp,2012,0.4781182650764119,0.2155787821045889,0.5268222326838103,0.5721018787817288,300.5346711151456,211.15460148516772,340.89627903404573,245.12074885221512,evergreen
US-Vcp,2013,0.7457820247060322,0.1518895270201525,0.7006003337957623,0.719792955762793,-223397.08819951586,-29521.98947642625,-184681.50972033446,-24735.96881958111,evergreen
US-Vcp,2014,0.5242927554094416,0.2808301898337262,0.4370363072271921,0.7592783062584748,271.54163205355053,171.27694300753657,227.35682582018643,252.54664479511106,evergreen
US-Vcp,2015,0.5233021350641502,0.2131633985793409,0.3609092144318049,0.570334801650492,-72944.26096854545,224.26547862248398,-67107.13779468829,238.4793364312048,evergreen
US-Vcp,2016,0.5930541862277188,0.2623174422458628,0.38044639032651506,0.7661370846110177,288.5205887948595,256.77656285386945,182.79250277281687,334.71506502165187,evergreen
US-Vcp,2017,0.6130219484498016,0.2316995045924149,0.45545120079943796,0.6490036427024363,322.57809252207585,281.97392476790867,257.22616035079363,299.12991349285596,evergreen
US-Vcp,2018,0.4561159797140703,0.1608236730190534,0.5022722783749405,0.6395507741988894,259.2332388397443,100.91995940484688,294.8955130645761,148.06217787329652,evergreen
US-Vcp,2019,0.6117264121257436,0.2480611399241483,0.5835610594666985,0.7418883646565418,357.7121090542775,278.28801696131177,326.7929919365212,343.89185002305624,evergreen
US-Vcp,2020,0.6799248580095661,0.2270344226828625,0.6157163017315267,0.7340429890301355,208.83063729301796,284.76252542981905,190.36552157627992,312.7576915319082,evergreen
US-Vcp,2021,0.6790197016654526,0.1814736602637498,0.5394890618051851,0.7119909270222394,284.3820902251558,188.76684761173237,212.5927743699277,210.0739485483584,evergreen
US-Vcp,2022,0.5064387396043666,0.2773269137205577,0.439056714764364,0.6752009861583153,394.7604893507784,164.48198415068956,344.38655268471194,228.9206270056147,evergreen
US-Vcp,2023,0.552226049763579,0.2586807282505729,0.45754898260625404,0.6590155685152677,314.8252858675259,243.6342302486929,266.8865570938532,281.8039106456424,evergreen
US-Vcp,2024,0.6149770098628087,0.264972055083072,0.4509253341467623,0.6747565114170719,425.7685829803832,347.3523171232377,305.3954169654429,374.05670387919594,evergreen
US-Vcp,2025,0.4805437470748483,0.197381315840446,0.4777462269934001,0.5938925597880734,259.9173125951453,178.23755858353763,252.710634258481,222.27433605451282,evergreen
US-Wjs,2007,0.3936418776548695,0.1791312315813669,0.35872797471367635,0.47849038441845126,134.27890867543394,-110134.83363671096,121.03021451685599,-145014.41794227785,grass/shrub
US-Wjs,2008,0.2821908446878176,0.1523289514545747,0.3032386998504442,0.3357320335919042,100.55722064094316,35.40291218250504,109.87116703118288,42.394976216608214,grass/shrub
US-Wjs,2009,0.2699858798340843,0.1372491395705384,0.36397983602101175,0.43919440211689204,53.00729919702142,34.20921292027745,73.71471163646056,56.42211756777345,grass/shrub
US-Wjs,2010,0.2791199106927164,0.1643723080976795,0.3377742146276395,0.3947962514601129,79.91772950166124,59.716801102435866,93.69703318619891,83.80246009225289,grass/shrub
US-Wjs,2011,0.3566048580473775,0.1736923848704784,0.44463527293464283,0.47343441499373,56.85637716097858,41.792612662435474,71.14216006925821,55.474721604622815,grass/shrub
US-Wjs,2012,0.266051700700594,0.1447974433535295,0.32820494986357396,0.3704772089633674,65.47101741582485,43.9156153916102,76.24896669052593,59.79226064596341,grass/shrub
US-Wjs,2013,0.3225800751183121,0.157871629216707,0.3230976746697488,0.4583841606269571,100.3694869850435,24.29095691327661,109.42780240382065,34.699122042716546,grass/shrub
US-Wjs,2014,0.2806247736123743,0.143608633577625,0.39235529913472694,0.35456512720277933,98.87665924788882,33.709068182229274,141.37235969519554,42.18343521759183,grass/shrub
US-Wjs,2015,0.2346652878502209,0.1270878688869268,0.2763319681071853,0.3691308701824537,96.00984426157085,53.32660016367996,107.17109109986365,82.40130153670952,grass/shrub
US-Wjs,2016,0.3193845106655325,0.1864081925180546,0.3403807619535173,0.44332794268507625,88.83382497797847,64.43257592814419,99.21054945102674,90.03034811069486,grass/shrub
US-Wjs,2017,0.2889899236084293,0.1547323997490122,0.32447821399399235,0.45099398402610086,76.33637996891811,51.983435789183204,80.77657493702952,80.8794254277461,grass/shrub
US-Wjs,2018,0.3005219339313854,0.1400112940768755,0.3144109843109854,0.39738351920920695,77.93546836332298,36.86721989626364,83.38536849319867,49.036901149243825,grass/shrub
US-Wjs,2019,0.3292126076255347,0.1851191518205842,0.38119619946933353,0.35769826896603696,47.90024086542328,66.23496270615304,53.212204943357335,70.87649542554549,grass/shrub
US-Wjs,2020,0.2813552752248889,0.1523885244216271,0.26356766011764765,0.40080677845629087,73.59442402456182,56.03696014075353,62.917283090028924,78.92850653988809,grass/shrub
US-Wjs,2021,0.2831061741064901,0.161192954326218,0.37165816502099475,0.4115520697560922,107.45292092081944,25.76954840137574,146.93575017868568,38.17013055439494,grass/shrub
US-Wjs,2022,0.3420343229816294,0.170247485891441,0.42472153254410816,0.4033734310363675,68.49081794700469,3.0094237756445135,89.58774439930879,3.944405959600053,grass/shrub
US-Wjs,2023,0.379755480441812,0.191553384279,0.4037827723396929,0.5265626826235648,68.27599212683754,72.05433396223366,74.0765922056042,99.47561332602497,grass/shrub
US-Wjs,2024,0.2903179347109563,0.1370457373883763,0.30356331542600684,0.5104878399556445,71.42077283339735,49.86883892078444,67.94784971373628,88.04013105883469,grass/shrub
US-Wjs,2025,0.2135942532066561,0.1017177249698671,0.3147551715546861,0.33530353148888503,-21290.78429168454,30.559198721441078,-32848.22499664683,48.410883691516794,grass/shrub
US-Wkg,2004,0.5386472003027284,0.0765272918996134,0.505127261054861,0.5567083137862869,50.08263515015182,-166933.0819632775,44.332850490336924,-168499.85220236136,grass/shrub
US-Wkg,2005,0.5101273157201802,0.1049781595070842,0.5570160039069734,0.5533463807818773,10.494694325341666,14.39269809543599,13.987848067103569,17.712286705903786,grass/shrub
US-Wkg,2006,0.5102268766088627,0.1056786006054344,0.676590716510695,0.6066176328014249,75.59388076451783,-3.441400830197552,94.16216905248231,-4.469467801428174,grass/shrub
US-Wkg,2007,0.4559370062125082,0.1386717413958764,0.5311064104177616,0.4576256772690933,83.2197497577405,20.817624388163694,110.54476271836282,22.836591836762516,grass/shrub
US-Wkg,2008,0.5918182802759153,0.1616052801224603,0.5951329205748566,0.6515054714241124,139.59318430953851,-3.5044608712734977,149.82068441742678,-3.772827624085645,grass/shrub
US-Wkg,2009,0.4924779343960592,0.165644159943899,0.4968138837998956,0.4530886370315831,55.985551280961026,6.015877888652076,65.79154569400794,6.079494987964791,grass/shrub
US-Wkg,2010,0.5565596474288041,0.0930763343364403,0.5467823369626967,0.5930449466072523,115.1529318283447,61.09399180748633,138.47455030039595,66.36336682369438,grass/shrub
US-Wkg,2011,0.5460724273942175,0.0688242038938393,0.5054389242619074,0.6212322641607545,86.64214396084571,-6.705697474280127,84.65708204882496,-7.580875711496338,grass/shrub
US-Wkg,2012,0.460535856410836,0.1168200658942971,0.569517237055417,0.4273902329140755,111.43623684403877,3.4473903614195693,149.86736974587063,3.472467465876418,grass/shrub
US-Wkg,2013,0.605609816383671,0.1910952876103663,0.5242197917848427,0.5595375785684432,95.99858905336113,1.2575754426648107,86.860153802392,-0.9218545626484801,grass/shrub
US-Wkg,2014,0.6988858699759728,0.142242922849062,0.4563450255519278,0.6324229354467359,192.6470225318465,-7.653002417792617,114.5635343581639,-6.3392070664308315,grass/shrub
US-Wkg,2015,0.5058922241003301,0.1708317978321113,0.46361322616759015,0.5156243812049294,141.51547244424586,67.2102284665246,138.61084599830406,74.64988263391216,grass/shrub
US-Wkg,2016,0.3481295188139009,0.1922523760115165,0.47154731773684205,0.4039196439205956,98.6288702549708,8.388153462466667,130.733991897798,9.621129655714222,grass/shrub
US-Wkg,2017,0.3722001616983845,0.1980173668989337,0.4838869702716142,0.4293219178504248,116.21861614273638,5.858376266810792,178.92208364612176,6.747252033324172,grass/shrub
US-Wkg,2018,0.2767059435109223,0.1328643656844945,0.39225657723271423,0.3882912530550949,68.33440770949551,4.118566280964913,103.8060489332083,6.629041970652549,grass/shrub
US-Wkg,2019,0.4690879761641034,0.1301909200252104,0.5072501050859528,0.5663289767119909,108.87870387816284,55.08115874133791,132.21623192948454,69.64550819549395,grass/shrub
US-Wkg,2020,0.6277613420979844,0.1731845979699354,0.4208683595897659,0.6192751256805302,33.07789242432684,87.28226841565646,21.633933570498428,86.05504313399435,grass/shrub
US-Wkg,2021,0.636504709856372,0.191133713579162,0.5210783847860425,0.5129298030441575,136.10099440356723,-8.915992514359214,129.40523947132436,-7.229529167565341,grass/shrub
US-Wkg,2022,0.4191707309367102,0.2422328449218323,0.44120513310987797,0.4782053905622019,149.77293330987013,-0.4514024870384311,163.6807781356445,-0.581942123733582,grass/shrub
US-Wkg,2023,0.4329397163421733,0.1985150944432587,0.3379155630097013,0.48863170392887734,59.97022785320894,50.31388132364183,37.00011061077203,56.460749475788944,grass/shrub
US-Wkg,2024,0.4492789661965318,0.2272075160247832,0.31199127351185313,0.45790463776560775,41.59379283784884,23.662786871201526,24.73355401442442,25.54659991970316,grass/shrub
US-Wkg,2025,0.6279591772464378,0.1555792784194122,0.572816525593436,0.6183388393174187,77.54753572381506,-10.741506154130262,70.49004743823096,-10.576946222826292,grass/shrub
