site_id,year,gR,CUE,Ea,tau,gR_sd,CUE_sd,Ea_sd,tau_sd,n_temperature_bins,n_bins_not_converged,flux_partition,indexing_mode
BE-Dor,2011,0.21686348202316927,0.46243159609736845,0.5972540674683334,0.7425728212321193,0.033430549027508166,0.18566110623446436,0.45896426909702276,0.1664191912006601,18,1,NT+DT,corrected
BE-Dor,2012,0.21622493580917035,0.4877303768769535,0.6465887420228759,0.7444033422286608,0.03337830152674127,0.1597265681920526,0.46893298432299974,0.16792207549819982,15,2,NT+DT,corrected
BE-Dor,2013,0.21632585558062895,0.577196777401989,0.6531075910118578,0.7407872720730623,0.03351960666476055,0.16799209762683429,0.467991630591744,0.1656551718670258,17,0,NT+DT,corrected
BE-Dor,2014,0.2165927354449101,0.4677270976321487,0.7303371735490574,0.7411422471953828,0.03358448130093954,0.14134927785755771,0.44219303587317654,0.16653776468428358,18,0,NT+DT,corrected
BE-Dor,2015,0.21699628441751181,0.5288103712370689,0.7080322651336014,0.7413477461310435,0.03373423487853101,0.1909740679879235,0.4364166671324477,0.16787804724221916,18,0,NT+DT,corrected
BE-Dor,2016,0.21657032026658185,0.5415554599854596,0.7550582429825066,0.743666249310426,0.03371144599027356,0.17176690238997086,0.4519346002847522,0.1657104766272025,18,0,NT+DT,corrected
BE-Dor,2017,0.2162599646779042,0.47161872417197775,0.6474969914977591,0.7431602817078942,0.03357927083770834,0.15524020510317738,0.46365946014760034,0.16673041986593387,20,0,NT+DT,corrected
BE-Dor,2018,0.21653779713406485,0.42606064977406566,0.656063138294511,0.7435931927094306,0.033332093856220685,0.17348128187666945,0.42040243928649984,0.16642368481243652,22,0,NT+DT,corrected
BE-Dor,2019,0.21642116029404634,0.6266308619958685,0.6469710579384146,0.7419164254823262,0.03350818643196633,0.15535781231268975,0.44268726437554307,0.1659027716773444,21,1,NT+DT,corrected
BE-Dor,2020,0.21673660369195263,0.4791455615380405,0.643432717498149,0.7439443145735238,0.03361102347971907,0.13891705560026713,0.4563510570462903,0.16679581925698547,20,0,NT+DT,corrected
BE-Dor,2021,0.21626905569061985,0.4809311372273521,0.6984126213884495,0.7428478354692429,0.03372466714822662,0.15110828226663603,0.4536912343557747,0.16666247925359495,19,0,NT+DT,corrected
BE-Dor,2022,0.21644846361637848,0.4971829351325398,0.6500018297281084,0.7415290556895922,0.033503969753888765,0.1461029820346405,0.43938323407779767,0.16631117617613075,21,0,NT+DT,corrected
BE-Dor,2023,0.21660079667266754,0.5023947871481559,0.6177137879297598,0.741849603471265,0.03365225550046985,0.18050398182515895,0.4540094645338597,0.1659937296814093,19,0,NT+DT,corrected
BE-Dor,2024,0.21662176378067666,0.5748351328563207,0.6713676546387177,0.7429453675466325,0.03347069441185273,0.1650347896662221,0.45689344946462956,0.16366806718443427,18,0,NT+DT,corrected
BE-Maa,2016,0.2192552870954153,0.3793783200816597,0.6266114602100058,0.7087249335484052,0.03704073931508487,0.18721159449753988,0.33795502431992974,0.19765406203247862,18,2,NT+DT,corrected
BE-Maa,2017,0.21865890186722337,0.37858483971446566,0.5993640789879715,0.7062125512211598,0.03661449616639508,0.17759541112349608,0.29056965902016185,0.19657478884195081,18,0,NT+DT,corrected
BE-Maa,2018,0.2191734577841177,0.5679305252186423,0.5525445222568273,0.7054132127862573,0.03675941196047932,0.21411961548576408,0.35417661373853543,0.19832277885082503,22,12,NT+DT,corrected
BE-Maa,2019,0.219043146690596,0.4140244602030374,0.5272341551611519,0.7055359438770809,0.036654123149326416,0.16279414915447585,0.353723325614125,0.197474948440912,20,4,NT+DT,corrected
BE-Maa,2020,0.21921156996269642,0.32823824773538507,0.488766016227186,0.7068567284574264,0.0366735572089026,0.1414395536324135,0.3623207088765903,0.19753681362544617,20,1,NT+DT,corrected
BE-Maa,2021,0.21888484418453397,0.3002526959152719,0.5385102874417377,0.7057533844878499,0.03670028278153519,0.14069577428974733,0.3539803097657955,0.19628769916286348,18,0,NT+DT,corrected
BE-Maa,2022,0.21908931525147268,0.36641832103195837,0.5183789978689985,0.7059805822994791,0.037024244465287064,0.17555977373276985,0.34644554157701823,0.19519449681031342,20,0,NT+DT,corrected
BE-Maa,2023,0.21970232457949665,0.32267238036597473,0.5295097133471147,0.7071504483102323,0.03622496011373097,0.16453902424401878,0.3484268382233161,0.19673061632358774,20,0,NT+DT,corrected
BE-Maa,2024,0.21879031451151182,0.38713356456549436,0.4078150266939991,0.7090338608900106,0.036459062483527746,0.1695217296956239,0.35152495423201274,0.19663494790264757,17,1,NT+DT,corrected
BE-Maa,2025,0.21901558732681967,0.3339303986690345,0.4613548839402179,0.7068213225670485,0.036485362815044706,0.15933942662083253,0.3244909026096028,0.19725337008233446,22,0,NT+DT,corrected
CA-Ca1,1997,0.21467657874950635,0.6095809236591085,0.6500000000000024,0.7406451878401136,0.03129003057016659,2.6690964356751913e-15,2.454829352815345e-15,0.16042582075037246,13,13,NT+DT,corrected
CA-Ca1,1998,0.21407856867411257,0.4217823822266351,0.6608464967398779,0.7427902066491205,0.03172426064423305,0.19248771577551477,0.4399394703858783,0.16208642214052615,18,0,NT+DT,corrected
CA-Ca1,1999,0.21378584327662303,0.3588092746587756,0.6711613888817825,0.7419726744523332,0.03166456480626554,0.2514503977218119,0.35702777985442097,0.16282443597998916,13,0,NT+DT,corrected
CA-Ca1,2000,0.2140544356586613,0.5161087818712204,0.785521748033184,0.7426802641779378,0.03138145870542816,0.19269613911503494,0.40284766547063794,0.16057866093867607,17,0,NT+DT,corrected
CA-Ca1,2001,0.2140422171172549,0.4365888435031599,0.7828697870966164,0.743119245846704,0.03133954569417409,0.2098306214701978,0.34576435243334996,0.16040040962288982,18,0,NT+DT,corrected
CA-Ca1,2002,0.21394453389334048,0.5669025189808453,0.82679543513524,0.7397317342939775,0.031428720290188554,0.24236734478680969,0.3891967883315903,0.16096556903764775,17,0,NT+DT,corrected
CA-Ca1,2003,0.21444187360156153,0.3848351650204826,0.7388194173957919,0.743160557333883,0.0313997488581595,0.17422658497860902,0.41233955527742017,0.16174106339177874,17,2,NT+DT,corrected
CA-Ca1,2004,0.2139198009477717,0.2935402888004629,0.38371441582849575,0.7412099430925885,0.03149894769264874,0.11367580809648856,0.3600371194251939,0.162173161436153,13,0,NT+DT,corrected
CA-Ca1,2005,0.21426310916748248,0.4489490396195748,0.7799987011359782,0.7421949187651035,0.03112568980422904,0.2090444548000584,0.39254713157375104,0.16148054262239206,17,0,NT+DT,corrected
CA-Ca1,2006,0.2147398296771941,0.36209108262658585,0.5773651180966174,0.739965843073476,0.03142980918183536,0.2238378213827751,0.35930783216574913,0.16255192837944474,16,0,NT+DT,corrected
CA-Ca1,2007,0.2138897210531655,0.40440572200587294,0.3296268632515197,0.7416602006600581,0.03151236143464074,0.2440160869138253,0.2825717681820186,0.1614135617966503,21,0,NT+DT,corrected
CA-Ca1,2008,0.213617501155035,0.2783639919844012,0.21179245770860708,0.7396432568841883,0.03161653292251398,0.1503553195563187,0.21701125222063114,0.16094503905828475,14,0,NT+DT,corrected
CA-Ca1,2009,0.21422506196222255,0.2938039185829349,0.5196801022828932,0.7416265234268343,0.03141381999079962,0.23604893296707824,0.2969932835632112,0.1606557307768832,18,1,NT+DT,corrected
CA-Ca1,2010,0.21403117788868695,0.9106638333011142,0.2349458662318958,0.7418859007240658,0.031402828925287854,0.10042651421115881,0.15961450053505746,0.1625956836255221,13,13,NT+DT,corrected
CA-Ca2,2000,0.21773882106842962,0.44719773585087685,0.6500000000000025,0.6954773876626021,0.034738626706516694,1.943142163834048e-15,2.453863088150492e-15,0.19326382052262572,19,19,NT+DT,corrected
CA-Ca2,2001,0.2181701166452326,0.4308163216208532,0.6593882703404264,0.6932423928916915,0.03495451822111688,0.14939047324273902,0.21859977695565752,0.1933727762599739,19,9,NT+DT,corrected
CA-Ca2,2002,0.21757247110068073,0.29054756853585406,0.6914639567740959,0.6969520254011272,0.034853026651081455,0.1399756753522576,0.2584751737963214,0.19290362735343652,20,7,NT+DT,corrected
CA-Ca2,2003,0.21806933741500037,0.36946991119969674,0.6400748874715609,0.6956535580060867,0.03486854442646408,0.15652953465484212,0.279443743233595,0.19309378050996737,18,5,NT+DT,corrected
CA-Ca2,2004,0.21759125129306522,0.2898768824771109,0.7015279811816337,0.6976691967808318,0.03487703035882424,0.13949402573021755,0.2542010550226978,0.1954358088730217,22,1,NT+DT,corrected
CA-Ca2,2005,0.21793832773831262,0.41010910622660124,0.7872050630016733,0.6966175557232763,0.034464642869299365,0.21284106992366592,0.2681817450684433,0.1961537053284804,18,0,NT+DT,corrected
CA-Ca2,2006,0.21792287780008202,0.3387004012244542,0.768990272701833,0.696703198406097,0.03522236195364695,0.10946981263027704,0.2642485365645523,0.1969322018288593,18,2,NT+DT,corrected
CA-Ca2,2007,0.21762376637465922,0.2921947593925525,0.7754406066319967,0.6939823453221365,0.034768053198724294,0.15953431559637307,0.2369406848182422,0.19416549663983437,18,1,NT+DT,corrected
CA-Ca2,2008,0.21788493630865507,0.3516636738677204,0.7941020210240487,0.6968670762669962,0.034770109058513264,0.156135739623147,0.2529237364497904,0.1958945526731361,19,1,NT+DT,corrected
CA-Ca2,2009,0.21760975394911872,0.3481170845953756,0.7136806057995794,0.6986275178936816,0.03484512066964072,0.1709075637622589,0.28283276525193296,0.1950160356434973,20,3,NT+DT,corrected
CA-Ca2,2010,0.2179037927059614,0.33622296846904604,0.7600805565125573,0.6961154444055918,0.034904307946140196,0.14573423380892203,0.29075035803189814,0.1937445515687615,18,0,NT+DT,corrected
CA-Cbo,1996,0.21384869524730143,0.5202736252873315,0.5058802244224897,0.7762732779567639,0.03138867427304349,0.16020470139255416,0.4037217347008691,0.1399677004353803,8,0,NT+DT,corrected
CA-Cbo,1997,0.21391276105607035,0.6134910848504143,0.5446419907767368,0.7770599764269186,0.031699393503830886,0.18795460411154893,0.38820578896435315,0.13966723703032236,11,0,NT+DT,corrected
CA-Cbo,1998,0.21429981474867213,0.5224310140404065,0.6224212811357435,0.7768029916632303,0.03175716724535963,0.19454410731399718,0.412523487824591,0.1401565162456339,16,0,NT+DT,corrected
CA-Cbo,1999,0.21374561003566883,0.3509904149926874,0.5220951927285112,0.7782539106322305,0.031708039592587924,0.1724395531031661,0.31658903721731196,0.14035395833962544,14,1,NT+DT,corrected
CA-Cbo,2000,0.21439941484151964,0.5241309748924321,0.6592154028903754,0.7755451568932412,0.03167090291447238,0.17208570158242317,0.34214032415280504,0.1414893847205486,12,0,NT+DT,corrected
CA-Cbo,2001,0.21384551651925143,0.566907758473922,0.3962558826062744,0.777242299401792,0.03175530120274431,0.22933961547185103,0.34467841348731837,0.14036883873530612,11,4,NT+DT,corrected
CA-Cbo,2002,0.21362748667291104,0.5707279600433353,0.40168943400909735,0.7757843638517435,0.031668133740519265,0.20007866170062275,0.3746461536266108,0.14059070735652918,12,1,NT+DT,corrected
CA-Cbo,2003,0.21429203361179397,0.5417464864126278,0.39762064970568217,0.7756590694431063,0.031788692785080265,0.1798983470722621,0.3666585445712207,0.13988999833013507,10,0,NT+DT,corrected
CA-Cbo,2004,0.2137585519001912,0.8828000090490682,0.15496875470296698,0.775497974055732,0.03185910757330493,0.07596347314204945,0.13638424381565903,0.13744164630446018,9,9,NT+DT,corrected
CA-Cbo,2005,0.21449913661275535,0.4766043427335554,0.40893120164278896,0.7792893173091303,0.03157836673811228,0.16579414157503744,0.38834165350706074,0.14056400146022566,11,0,NT+DT,corrected
CA-Cbo,2006,0.21405872258937536,0.44860269951538656,0.5656945898483228,0.7779826810990945,0.03160884622561339,0.2240014507554345,0.39422397426666184,0.13789764134990504,12,1,NT+DT,corrected
CA-Cbo,2007,0.21361133833909654,0.5150158890346832,0.3402812342310269,0.7744819448731738,0.031337448454180544,0.20424847280903888,0.3518627194259284,0.13964494890127363,10,0,NT+DT,corrected
CA-Cbo,2008,0.21461956737517698,0.47261741219549036,0.4322903438356817,0.7783325226380081,0.031927005174825336,0.1827970505297164,0.3770397861356596,0.14002124712980707,8,0,NT+DT,corrected
CA-Cbo,2009,0.21393704743896383,0.5636954328726186,0.4602322435049626,0.7770228854110506,0.03140842603891759,0.18921680864804113,0.4256935624899109,0.13951490610206949,14,4,NT+DT,corrected
CA-Cbo,2010,0.21362964692071604,0.5608277209697387,0.3861728065921709,0.7767384023391195,0.03150072940170842,0.13284298141541748,0.3894469765912831,0.13966400143609176,11,3,NT+DT,corrected
CA-Cbo,2011,0.21385617951123778,0.6050460738304221,0.34992372082973566,0.7796403667186391,0.031799787704784505,0.15710811810113018,0.39037633526700083,0.14044893576852618,13,1,NT+DT,corrected
CA-Cbo,2012,0.21420326042030688,0.48869884975375855,0.45118120694229435,0.7753064441453545,0.03198543279982109,0.2335698074083827,0.4154997101680614,0.14027321745171803,16,2,NT+DT,corrected
CA-Cbo,2013,0.21368875768467582,0.6675553650830617,0.40423769887712996,0.7776280610648376,0.03215424003478277,0.19368661806099227,0.38819351872299696,0.14189403081498192,9,1,NT+DT,corrected
CA-Cbo,2014,0.21372446497076472,0.5852576806095827,0.27892488361441764,0.7780526038615527,0.03143921347466879,0.19496649625401194,0.3240995303855446,0.13960271021648138,9,2,NT+DT,corrected
CA-Cbo,2015,0.21404207961145694,0.6212749411521625,0.4198867549835686,0.7759447777125976,0.03153374233220279,0.23205639181161175,0.45041198681792116,0.1413139270517693,15,5,NT+DT,corrected
CA-Cbo,2016,0.21360242191656503,0.5015860780810151,0.34034186432550984,0.7762550161454682,0.031523350832441135,0.1477638757165814,0.3620054648571917,0.1406975657766295,13,2,NT+DT,corrected
CA-Cbo,2017,0.21388759977119576,0.5066374359064563,0.3000329380858965,0.7785142466576477,0.031457152681018986,0.17209072404163522,0.30985967666280234,0.13966293019746837,10,3,NT+DT,corrected
CA-Cbo,2018,0.21396505451182835,0.5107813207995514,0.25918847505925524,0.7770605634247799,0.031574703873411124,0.23804034282494033,0.2804461930599406,0.14079125679272944,10,3,NT+DT,corrected
CA-Cbo,2019,0.21421967029999392,0.5307711792269805,0.3623550818099137,0.7757558781387925,0.031728837540538034,0.20228679505204553,0.3766557462557662,0.14280547129178428,7,1,NT+DT,corrected
CA-Cbo,2020,0.21426384594917314,0.5325712344939596,0.49488863577856185,0.7780317854335722,0.031490572546673874,0.19463652047356342,0.4300115742003276,0.1410674996765174,11,1,NT+DT,corrected
CA-Cbo,2021,0.2136905434386458,0.46999991652754763,0.4084471994732598,0.778871846207288,0.0319640690720001,0.15465478010999856,0.367384995834909,0.14214480423302323,9,0,NT+DT,corrected
CA-Cbo,2022,0.21407185158026898,0.6215787037859227,0.4756471082610789,0.7789685415591615,0.031537934702378576,0.10424207852817728,0.43786452021208416,0.14075114433728117,12,1,NT+DT,corrected
CA-Cbo,2023,0.2145402722593645,0.5437914612743447,0.3225920530363383,0.7793346350871342,0.03175403892011935,0.17127738997080022,0.3568457101892342,0.14121684439305313,13,2,NT+DT,corrected
CA-Cbo,2024,0.2136474939210812,0.38669247245311206,0.484663511846899,0.777776463058413,0.03160844166016899,0.20746496318014515,0.34204379809666424,0.14040991018498825,14,3,NT+DT,corrected
CA-Gro,2003,0.2129026838382748,0.699433829788423,0.6500000000000025,0.7519203097356677,0.03260019558936556,1.997021119003443e-15,2.4444019771315768e-15,0.161616938383619,14,14,NT+DT,corrected
CA-Gro,2004,0.21339272352515506,0.6215492333330053,0.8459676223269921,0.7508723997040193,0.0328625199201794,0.1509015824962449,0.22881832638989202,0.1624664510397368,15,0,NT+DT,corrected
CA-Gro,2005,0.21346840904842104,0.6591119362194277,0.8202511561177764,0.753228819215726,0.032207876716795446,0.22257757520021929,0.27134100730771726,0.16098244273707063,14,1,NT+DT,corrected
CA-Gro,2006,0.21327408617061172,0.4446524306344458,0.763197212127945,0.7541365115844304,0.03281575386938078,0.17538072753810088,0.23436323085811714,0.1633535487626864,16,1,NT+DT,corrected
CA-Gro,2007,0.21311282673156767,0.5047524989720681,0.7418468241759324,0.7526128388877591,0.032390098508824364,0.12592773693607553,0.23971328108146375,0.1631575032855251,16,0,NT+DT,corrected
CA-Gro,2008,0.2133988380281496,0.45265303376880855,0.7960902470172487,0.7510080393156456,0.03269534160220491,0.1235767762254153,0.23429498972744095,0.16141789885235022,15,0,NT+DT,corrected
CA-Gro,2009,0.21308019796319483,0.5940081457397636,0.8457275910896837,0.750456137290538,0.03238988892530121,0.1426635882015857,0.2386917057051535,0.1617112321347518,12,1,NT+DT,corrected
CA-Gro,2010,0.21342309281287244,0.6086520182597553,0.8399637895778953,0.7517461511503595,0.03251214665024457,0.18923662539635464,0.22196392173227547,0.16137540721920035,18,5,NT+DT,corrected
CA-Gro,2011,0.21341660724382303,0.6349184532968026,0.7920917771860354,0.7497790096696851,0.032476138197149854,0.10849525552376281,0.24708003119149471,0.16262013391641778,16,3,NT+DT,corrected
CA-Gro,2012,0.21285851829929117,0.5307735131673217,0.7809848547390976,0.7522199435741583,0.032417941120107645,0.16980776825601582,0.257466432976252,0.16111758721146138,16,0,NT+DT,corrected
CA-Gro,2013,0.2132167596984896,0.5654707949425917,0.7841691015019288,0.7541355527965001,0.03263606478221649,0.13437793380351248,0.2283110364114478,0.16042545627335178,11,0,NT+DT,corrected
CA-Gro,2014,0.2134059900592345,0.48469946432645084,0.8052393679889991,0.7516398520764797,0.03267762817888883,0.10227599574320123,0.2772265768207615,0.16047513767035687,13,13,NT+DT,corrected
CA-Man,1994,0.21477209157157492,0.5689490457583551,0.7095245052638087,0.7121034624259555,0.034720252702923705,0.2565856584554404,0.26369300601257617,0.1931402410185121,18,3,NT+DT,corrected
CA-Man,1995,0.2154093417605883,0.40268813322996627,0.6103404048979486,0.7129268709484633,0.034552985397984105,0.2010833015720062,0.2947764634904291,0.19324962479760932,15,0,NT+DT,corrected
CA-Man,1996,0.21566967509632046,0.3714227835461155,0.7747605965056769,0.7136240123103587,0.034781579746538914,0.1910323278624235,0.2680437253906113,0.19346633679488598,11,0,NT+DT,corrected
CA-Man,1997,0.21543710170368546,0.42024500924138053,0.7004593953542692,0.7112810025683759,0.0345328368091564,0.19731268360577378,0.2569130151330243,0.1918378537820772,11,1,NT+DT,corrected
CA-Man,1998,0.21522134514970612,0.5092589210713682,0.6595693589830055,0.711426918923888,0.0344870745218587,0.2294903121975605,0.29649647480400204,0.19489006695513125,16,1,NT+DT,corrected
CA-Man,1999,0.2155242501344217,0.6195857737038278,0.7725776094443463,0.7091116484469651,0.034637552964471664,0.19918904635437668,0.2523943154586781,0.19337449093260406,16,0,NT+DT,corrected
CA-Man,2000,0.21507151135931737,0.6039538920583302,0.7838253505187601,0.7107579010594867,0.03452047756854654,0.22806223108485546,0.27550524139843324,0.1938737438737427,15,3,NT+DT,corrected
CA-Man,2001,0.21491209716544765,0.5816666273725228,0.8109107084045172,0.710835161387772,0.034779238687334665,0.23155511311535068,0.2181308834048543,0.19648367089938334,13,1,NT+DT,corrected
CA-Man,2002,0.21501170634116842,0.5348490577128134,0.6169538287106499,0.7117153371262493,0.03500772967561514,0.21474667381553864,0.2879656375564615,0.19206374185784114,10,0,NT+DT,corrected
CA-Man,2003,0.2150569709704536,0.49025250126993425,0.721385789857155,0.7110758390114144,0.03455355064472518,0.22111065541168057,0.2486976390551473,0.19094478567212686,15,0,NT+DT,corrected
CA-Man,2004,0.21477754388762454,0.4937300983442642,0.6059363121357247,0.7142552637707401,0.03461822937930424,0.12762295822237962,0.2415191826236569,0.19417119238946554,12,12,NT+DT,corrected
CA-Man,2005,0.21555460513481833,0.49402509690719126,0.6106055245222413,0.7102871731416508,0.03507700270375049,0.12804422069396582,0.2439578691415378,0.19325673893479878,12,12,NT+DT,corrected
CA-Man,2006,0.21517531443028434,0.4939701906558148,0.6121798784550435,0.7112113795983367,0.034541564467340725,0.12829856804374742,0.24133486921754863,0.19352900505733467,17,17,NT+DT,corrected
CA-Man,2007,0.21546211285212485,0.45554708975317293,0.6899321331088256,0.7058031885416495,0.03477301003731067,0.22537930055203237,0.25666438010549614,0.19365651054400684,14,4,NT+DT,corrected
CA-Man,2008,0.21454291942467163,0.5954306393655292,0.719207897968723,0.7150189060675087,0.03431084731208339,0.22615200907601873,0.2877973394584355,0.19433261757122755,15,0,NT+DT,corrected
CA-TP1,2002,0.21612201552393073,0.6783219854343119,0.6500000000000024,0.73754327829406,0.03335073520671661,2.538996288926371e-15,2.4513288324555857e-15,0.17001912379415957,18,18,NT,corrected
CA-TP1,2003,0.21682203315048432,0.665755679013053,0.7337455204700445,0.7386268158036141,0.033278673693850624,0.20475266465039504,0.1932074432409027,0.16972849915632818,20,15,NT,corrected
CA-TP1,2004,0.21614114875218207,0.47752672157953774,0.6627322015942179,0.7373125286227459,0.033321741589230625,0.2648394944665504,0.25589984125175547,0.17099496363555233,23,9,NT,corrected
CA-TP1,2005,0.21626869770735313,0.39946893789757826,0.571066641809603,0.7383911558637353,0.0332907780791673,0.16219216975532394,0.26063797393733623,0.17117963106835518,19,12,NT,corrected
CA-TP1,2006,0.21627797286450265,0.39712466479658143,0.4992952755365886,0.7387306525946565,0.03338360114998834,0.18060673770176852,0.25038448716046313,0.16999628908657663,21,17,NT,corrected
CA-TP1,2007,0.2165057099817086,0.5245178491783895,0.6247803173932378,0.7365327045143872,0.0332703192042516,0.1849051038362487,0.2705802772914813,0.1692443593799284,22,8,NT,corrected
CA-TP1,2008,0.21656341142251254,0.4785283899423372,0.6748911224122798,0.7403195257797759,0.03347083598650483,0.3151666245560032,0.2281932040718946,0.16911693102421435,17,8,NT,corrected
CA-TP1,2009,0.21684673750497335,0.5791837533683685,0.8459528712254487,0.7358676392799751,0.03327974628537651,0.18037202151882173,0.238601365510266,0.17000497124319375,20,0,NT,corrected
CA-TP1,2010,0.21607044737722958,0.6236685531537888,0.7940811911004544,0.7392808035216931,0.03324395803163209,0.19182518610966104,0.31015317153215716,0.17013698841000216,21,0,NT,corrected
CA-TP1,2011,0.21644475944550007,0.6315086242692756,0.8331055987589085,0.7382656933113401,0.03325285842154751,0.18275272571525408,0.2783550473918748,0.1702815857214457,19,1,NT,corrected
CA-TP1,2012,0.21639907498876224,0.6069847519620231,0.8431751335726934,0.7377962354876356,0.03327140331202807,0.19225594562409867,0.2526704811996814,0.1704914395887417,21,0,NT,corrected
CA-TP1,2013,0.21627281955579244,0.6530429525935946,0.7450599130505805,0.7386518529858195,0.03329167429294404,0.27232543171613394,0.27671149195158007,0.17164717707962668,19,2,NT,corrected
CA-TP1,2014,0.21644317898384752,0.40786312425511945,0.7120926600581003,0.7386298614624871,0.03366840528910677,0.1332301932106371,0.2755823397301344,0.1698791364306566,18,14,NT,corrected
CA-TP1,2015,0.2159101535248396,0.7703440557905177,0.8550516543590573,0.739888125587613,0.03333708574312116,0.17757761034658093,0.3054748492212626,0.17010865208312106,20,1,NT,corrected
CA-TP1,2016,0.21627966538852822,0.6352143582573454,0.7051064010096513,0.7389260290658854,0.033468638811775954,0.21987950560087957,0.28745972325143204,0.16777358241424958,22,3,NT,corrected
CA-TP1,2017,0.21615002916649403,0.6884648995631178,0.616681192776644,0.7396002242989094,0.03339111473712356,0.26969778455192495,0.2996329816468749,0.1688893148574885,23,4,NT,corrected
CA-TP1,2018,0.21635714059266023,0.4649401184981009,0.6678984827753597,0.7377353751101048,0.03326272691727974,0.3044772018003709,0.30799721022275317,0.17029823302204614,19,4,NT,corrected
CA-TP1,2019,0.21653443399390826,0.5486644243999682,0.8152148681250183,0.7382658363270465,0.03344851693470143,0.2545216565789862,0.3325889564651968,0.16981122788013697,22,6,NT,corrected
CA-TP1,2020,0.2164853834527854,0.4167446536563021,0.6934314309358686,0.7367136729533136,0.0335272377012264,0.2511739884989067,0.30808418583517594,0.17038669751822114,23,8,NT,corrected
CA-TP1,2021,0.21609747283525776,0.33645561014213715,0.7187391729203519,0.7387163794105264,0.03330733735801198,0.26816011631580555,0.3058122947606093,0.17017104225595123,20,5,NT,corrected
CA-TP1,2022,0.2163599325306496,0.4666918444122918,0.7583817589321145,0.7370779021062105,0.03357956109963844,0.2842618489551464,0.26501559688052634,0.16957414187410005,24,6,NT,corrected
CA-TP1,2023,0.2161614194491013,0.6669930022466483,0.7873206184515618,0.738109674758546,0.03352794985876182,0.2903911155386488,0.3252257601837634,0.16932291586727968,22,7,NT,corrected
CA-TP3,2002,0.21695459480001159,0.6903706701173173,0.6500000000000026,0.7505417544251112,0.032504230373551005,1.024404556757535e-15,2.4567598668008315e-15,0.16149306482869835,17,17,NT+DT,corrected
CA-TP3,2003,0.2174840668667975,0.4238195085484502,0.5620964048952009,0.7512489163784509,0.0329977671799199,0.212149950888406,0.3799981531262933,0.16144692140393618,19,1,NT+DT,corrected
CA-TP3,2004,0.21673279005575094,0.5193843656479871,0.48453692811771043,0.75061545350479,0.032720308947807725,0.22181993684396079,0.3556200144600451,0.16059182637891553,17,2,NT+DT,corrected
CA-TP3,2005,0.2172203192848185,0.38939363617463996,0.4313193342817065,0.751507773918334,0.03274779157231282,0.2166844909374919,0.3255347120302577,0.16141342848143847,21,2,NT+DT,corrected
CA-TP3,2006,0.2165455879321943,0.47925505717480044,0.3636142560041506,0.7509808274441298,0.0327276241526402,0.17414249630391126,0.2778708215606854,0.16142702316218902,18,10,NT+DT,corrected
CA-TP3,2007,0.2167506460576659,0.3745965557090467,0.49851339774623515,0.7521157093387152,0.03277292464425289,0.16732897407376093,0.36182267788483957,0.1614687659689813,18,2,NT+DT,corrected
CA-TP3,2008,0.21680898020884481,0.3527642448267239,0.5478538330873288,0.7514028529834188,0.032960839914442285,0.1637637621142333,0.3499235500527015,0.1605601797408653,19,2,NT+DT,corrected
CA-TP3,2009,0.21691759845863504,0.4182991517235283,0.5840516539880911,0.7522153823983344,0.033043723005970534,0.17474268934444792,0.41483944094034514,0.16076354566675838,18,1,NT+DT,corrected
CA-TP3,2010,0.2173472509165472,0.4288842827286922,0.4841082348299522,0.7511477753888135,0.03290788181171038,0.14570527655524518,0.4205284923086023,0.1609363492755969,20,2,NT+DT,corrected
CA-TP3,2011,0.21734438489506713,0.4520897078373961,0.5275820684669483,0.7504281819880319,0.032775606475055646,0.1671624819702808,0.40516378933757935,0.16073306501954296,23,1,NT+DT,corrected
CA-TP3,2012,0.2167083585846027,0.47403981128215744,0.5200233306077009,0.7492785365962583,0.03284717180855952,0.17387608424196127,0.43196308809975276,0.16022093859162648,23,1,NT+DT,corrected
CA-TP3,2013,0.2172839485159189,0.4751777028194713,0.5152393404838606,0.7490698429107078,0.03310345963451486,0.1677721042756457,0.4228181686793676,0.16027091651935538,19,0,NT+DT,corrected
CA-TP3,2014,0.21721045626844568,0.39642392206948573,0.3315094281136062,0.750370567121264,0.03269570509077096,0.15553501764160882,0.3258789779123085,0.1604673403367002,18,5,NT+DT,corrected
CA-TP3,2015,0.21720039516805853,0.43872455137530597,0.33006921497360736,0.7534805503673827,0.03294068704086002,0.143616587962711,0.37773198507707506,0.16085483181904778,19,3,NT+DT,corrected
CA-TP3,2016,0.21725964655408234,0.5729230674748237,0.5517200369064061,0.7491045728427049,0.03246051035806763,0.15541188716320267,0.47685666444742597,0.1594173401918104,22,2,NT+DT,corrected
CA-TP3,2017,0.21685021926730172,0.5370369811212745,0.4220753014225831,0.7506115970040714,0.03305448818637532,0.15915392758881206,0.4334825559517128,0.1611030147166275,19,0,NT+DT,corrected
CA-TP3,2018,0.21710221049771689,0.3975670662764217,0.4710255280335857,0.751573796866589,0.03297804589298124,0.16398720044206197,0.37491948305648015,0.16128319210841752,13,0,NT+DT,corrected
CA-TP3,2019,0.21711313212848787,0.37140318603770106,0.42232808056812776,0.7510211080935808,0.03300807162389645,0.14684226471790973,0.3937845147423006,0.16130693678965785,15,2,NT+DT,corrected
CA-TP3,2020,0.21734778644511135,0.5143360252931389,0.5208510592000164,0.7517903127949539,0.03286887965043924,0.15795734830336156,0.46341492247740507,0.16025158166688747,21,0,NT+DT,corrected
CA-TP3,2021,0.21727345929304748,0.4473757816787001,0.5792739342218055,0.7502235061464553,0.03260867662282035,0.14768455029381714,0.45778949877081876,0.16002599610860635,19,2,NT+DT,corrected
CA-TP3,2022,0.21711323291424664,0.47324449172583366,0.44256221242843086,0.74869485483633,0.03286581171619351,0.16994247045013552,0.40732958615253767,0.16170176559058091,16,4,NT+DT,corrected
CA-TP3,2023,0.2165934365216164,0.4494324879965089,0.5871945530605835,0.7482195650982751,0.032656761853954754,0.19010914082533586,0.4504840262744647,0.15981796243046464,16,1,NT+DT,corrected
CA-TP4,2002,0.2135713897960505,0.6316634183764365,0.6500000000000024,0.7426599737407785,0.03353249585711237,2.020457971334658e-15,2.4425606729193086e-15,0.1684631547475046,16,16,NT+DT,corrected
CA-TP4,2003,0.21374140162890665,0.5190564609482299,0.8232680728172401,0.7410613716175409,0.03324182019278791,0.21699806054090395,0.2132647979337173,0.16769766554329585,17,3,NT+DT,corrected
CA-TP4,2004,0.21364594054623381,0.5402721604420079,0.8255590960119884,0.7436194424461091,0.033593826509825196,0.22679797418897066,0.25095552321964093,0.16617473366229274,18,3,NT+DT,corrected
CA-TP4,2005,0.21329148059602868,0.39095447741823763,0.7029291817297696,0.7429739033773897,0.03315144684973063,0.2122048261326758,0.2553390629385795,0.16760085785422077,20,1,NT+DT,corrected
CA-TP4,2006,0.21329079206091225,0.5570945185752069,0.8273758060737784,0.7416814950101674,0.033144492080178625,0.2038074632447122,0.23633685586627778,0.16698487152043529,19,3,NT+DT,corrected
CA-TP4,2007,0.21336356865027575,0.33357980242739177,0.7270314920036451,0.742404518902623,0.03334343240328502,0.15903244699211722,0.23535407281796122,0.1683751315955111,16,1,NT+DT,corrected
CA-TP4,2008,0.21359616375934845,0.38443098344519555,0.753599624056727,0.7426544244000463,0.033535057650150586,0.177595213944611,0.2416425829721004,0.1671068336497771,17,2,NT+DT,corrected
CA-TP4,2009,0.21356217517776804,0.5364879549999594,0.8138642916368238,0.7419698978901079,0.03307178963615389,0.22662382997491923,0.26661294590510237,0.1676768062646895,20,4,NT+DT,corrected
CA-TP4,2010,0.21372049889627368,0.574438136693838,0.7881201324820968,0.7448421229360985,0.03305104104696744,0.25103998159988006,0.3077724441320668,0.16699588316761857,21,4,NT+DT,corrected
CA-TP4,2011,0.2135160129764165,0.5343739127670446,0.842271710553727,0.7394521778593999,0.03328524859434146,0.18685222145148822,0.2978365457518456,0.16710896815065457,18,2,NT+DT,corrected
CA-TP4,2012,0.21355319337473794,0.4635869905771992,0.7334577729763081,0.7421356392562463,0.03307735720888152,0.2746109588478069,0.26310527235943476,0.16656450710750573,22,3,NT+DT,corrected
CA-TP4,2013,0.21376408444685535,0.5191168309771204,0.8169376640418903,0.7433853462587088,0.0333605874558524,0.1498494037376114,0.25311929486102336,0.16836338335288997,16,1,NT+DT,corrected
CA-TP4,2014,0.21346744910616214,0.4872038527500412,0.8270219837537612,0.7428824879884014,0.033135240763845275,0.23467455632810683,0.2735748512034773,0.16845359538438823,15,4,NT+DT,corrected
CA-TP4,2015,0.21401508671554792,0.6241122344675051,0.8593791878879613,0.7415212097585403,0.03348165940653473,0.18079592728546354,0.30042278690218815,0.16759244160826595,19,3,NT+DT,corrected
CA-TP4,2016,0.21386583990738567,0.562456332044902,0.8299616298558737,0.7420887995360553,0.03329663428240665,0.22365706266100635,0.25319426731546774,0.1665925561393742,21,2,NT+DT,corrected
CA-TP4,2017,0.2133352666301482,0.5746055333490173,0.8126411431956498,0.7436556118415165,0.033422495363668425,0.16660624064113083,0.3107355370332207,0.16757395246814075,21,2,NT+DT,corrected
CA-TP4,2018,0.21324944557922162,0.4773772663256063,0.6303239051611773,0.7420360481260891,0.033195043060303214,0.2572697257943506,0.3347389568465597,0.16631539266121237,14,0,NT+DT,corrected
CA-TP4,2019,0.2142178524507939,0.6195010575459498,0.8367430872340261,0.7440434351802881,0.033369412964047836,0.18680273277812362,0.2601377202745323,0.16691979265893664,19,3,NT+DT,corrected
CA-TP4,2020,0.21352323607607226,0.4507746036248747,0.7620287261687324,0.7426564686120026,0.03346549622410836,0.20938085817105923,0.26401180070175917,0.1668579369024704,19,3,NT+DT,corrected
CA-TP4,2021,0.2138566610288681,0.490714013146494,0.8013052550240737,0.742202589064618,0.03318595620064504,0.20494910837448765,0.34923258937612334,0.16787437085935047,21,3,NT+DT,corrected
CA-TP4,2022,0.21381930508949767,0.46595226535292217,0.6690271159424984,0.7420361087562725,0.033317464260140595,0.16074764270927436,0.3129576252673696,0.16861322895781422,18,6,NT+DT,corrected
CA-TP4,2023,0.21383311598965896,0.5442490137777112,0.7797982689815021,0.739572268864816,0.03337366109612271,0.21673668435184687,0.263425730731094,0.16733862532665778,17,1,NT+DT,corrected
CA-TPD,2012,0.21465229804898658,0.5543479081732209,0.5491372524586149,0.7585343664742018,0.03266012226202378,0.1979778228279408,0.36726728810050957,0.15526873408629835,23,5,NT+DT,corrected
CA-TPD,2013,0.21457154123363956,0.6046320931977559,0.6954480140198717,0.7595426812194233,0.03201086486738106,0.19726534461000814,0.37739925193999535,0.15345953359397946,18,3,NT+DT,corrected
CA-TPD,2014,0.2145024937279933,0.5311887046214014,0.6260628199424918,0.757368815857604,0.032537308047338474,0.1891561236240409,0.3809819371549405,0.15386568296650546,19,5,NT+DT,corrected
CA-TPD,2015,0.21507258988742092,0.5551265048130742,0.6439078478309764,0.7578944132716446,0.032462595293550084,0.1893787747496618,0.40928825516477313,0.15440380895585254,20,3,NT+DT,corrected
CA-TPD,2016,0.21448848356041375,0.4210951800004032,0.6020026292973455,0.7594257839213981,0.032307125328901606,0.1848699000237208,0.3715451777841152,0.15436956919095488,21,6,NT+DT,corrected
CA-TPD,2017,0.21438121347528658,0.5861990139180143,0.5634045887000736,0.7577138760577049,0.0322763475838742,0.2114973286865692,0.4052974012530724,0.15407027140249366,22,6,NT+DT,corrected
CA-TPD,2018,0.2146550344005874,0.7252707701722888,0.39971900803347804,0.7600910402085806,0.03240831166406886,0.15080660717713867,0.4084708217605672,0.15487567886132578,15,4,NT+DT,corrected
CA-TPD,2019,0.21419315077671935,0.5996606023580835,0.5670896687208553,0.7577936095960301,0.03210993149190191,0.25046044645477894,0.4150397328639598,0.15566580740709257,22,6,NT+DT,corrected
CA-TPD,2020,0.21427212602802254,0.6145557383356075,0.4238619826545876,0.7575385826067937,0.03242583941549291,0.18205623530968765,0.3876500543442074,0.1546736440907388,22,8,NT+DT,corrected
CA-TPD,2021,0.2145004302813882,0.4363974620953203,0.5976603715545179,0.7573474977575135,0.03223156367210861,0.24503338061817626,0.3608063383118894,0.15461683729829875,22,4,NT+DT,corrected
CA-TPD,2022,0.21425304976121715,0.520076275219906,0.5076925559514228,0.758784439454253,0.03235854074263836,0.22021526732709315,0.37505556349624974,0.1537300370283096,22,6,NT+DT,corrected
CA-TPD,2023,0.2143850216182249,0.21724854954455539,0.6855308773162502,0.75758930182343,0.032078354172495195,0.13516920953054568,0.13777222186610283,0.15363139769275097,22,22,NT+DT,corrected
CH-Oe1,2002,0.2177589806288548,0.7970623242705901,0.9875512369149411,0.7519520007148947,0.03239652720915186,0.10667538980117282,0.2282478028114316,0.1568630248651381,18,0,NT+DT,corrected
CH-Oe1,2003,0.21777728732842053,0.6429098895094887,0.8284383674600585,0.7510706242027282,0.03245701175533626,0.18793864601398355,0.30782523568138837,0.1584110964191296,20,0,NT+DT,corrected
CH-Oe1,2004,0.21783649249939158,0.7288682244530512,1.011707893107031,0.7499644575488538,0.03190136888382851,0.12365782571353251,0.20447948749453881,0.15664729055269008,16,0,NT+DT,corrected
CH-Oe1,2005,0.2171490265214562,0.697951034788222,0.9312801917615405,0.7527697606107209,0.03221434997135096,0.11345432021652876,0.2689812240665562,0.15800999837422616,19,0,NT+DT,corrected
CH-Oe1,2006,0.2174497849880598,0.7183545423611065,0.9087387991208177,0.7506209122036042,0.03268907380928859,0.1617816528642014,0.28312185130042106,0.15789940240125014,18,0,NT+DT,corrected
CH-Oe1,2007,0.2178433345026806,0.7283210253165519,1.0081879502382645,0.7504102140468586,0.032280626190714264,0.1488555528861726,0.21288109504765856,0.1574224164026226,19,0,NT+DT,corrected
CH-Oe1,2008,0.21753248382211074,0.655590919658956,0.7911069084589599,0.7503021219947597,0.032427380023194625,0.07440693629634083,0.25805412325212396,0.15730323450544462,20,8,NT+DT,corrected
CH-Oe1,2009,0.21785677380764001,0.6811399531181925,0.8967807892827523,0.7520020843828461,0.03263936604432141,0.17207554039066297,0.3005708586451483,0.15894416430184563,20,0,NT+DT,corrected
CH-Oe1,2010,0.2177287547631598,0.7152057975235638,0.9440665384474932,0.7505050735295358,0.032467784981224525,0.14190745030868895,0.2642840872845098,0.15753427259971725,20,0,NT+DT,corrected
CH-Oe1,2011,0.21771839376676724,0.6275140621667871,0.9629428553014832,0.7511368301278138,0.032381645672362264,0.17126331315820414,0.23380783637971228,0.15574016870338925,19,0,NT+DT,corrected
CH-Oe3,2002,0.21610093670104255,0.6781184155317374,0.4408694165123527,0.7326284559304224,0.033321063118818925,0.1417727897639614,0.27935477436444384,0.17379461082488248,19,11,NT+DT,corrected
CH-Oe3,2003,0.21611831338959106,0.44779206977284086,0.5011800442540414,0.7323413294566374,0.03319261898689194,0.1872724018163342,0.4519771973626968,0.1711801963359401,20,0,NT+DT,corrected
CH-Oe3,2004,0.2159331528309106,0.5221059524078177,0.430554720553307,0.7348958838403699,0.0326666431945987,0.15145502147922046,0.45839027269198185,0.1727041781201888,16,1,NT+DT,corrected
CH-Oe3,2005,0.21627754264707438,0.5658818731251312,0.3923803192453785,0.7335750854258608,0.03285739865295667,0.25693110105778816,0.4188020925158111,0.17146627968598666,19,0,NT+DT,corrected
CH-Oe3,2006,0.21620500828402772,0.58661154480213,0.409871548885252,0.7342436557561347,0.032649317164427455,0.24995460946727496,0.42361578846900927,0.17282417710434095,18,1,NT+DT,corrected
CH-Oe3,2007,0.21615309958029966,0.3608408702799947,0.4895522399706446,0.7344492886390301,0.033002189317959965,0.15464395774680487,0.396510971508131,0.1699125610875587,19,0,NT+DT,corrected
CH-Oe3,2008,0.21588242018159134,0.3863923571045114,0.5724284222863361,0.7337402045827714,0.03301253259177859,0.1532541685197027,0.4283927243203364,0.1716321272034166,20,0,NT+DT,corrected
CH-Oe3,2009,0.2164569018935153,0.5001579987559991,0.39465999891538334,0.7348888625019729,0.03321294693684219,0.24465762434326585,0.39854434520773735,0.1697642332207153,20,1,NT+DT,corrected
CH-Oe3,2010,0.2162307118135528,0.40666001091391324,0.43233751662552633,0.7367537529765991,0.03322503372180357,0.2121241616863843,0.3422139381724837,0.17259192131029974,20,0,NT+DT,corrected
CH-Oe3,2011,0.21600568049306845,0.31863211421440396,0.5184541595264879,0.7333221733887875,0.032943890828918826,0.13639149669315292,0.40329653974061114,0.1726365625101333,19,0,NT+DT,corrected
CN-HaM,2001,0.21424686551979036,0.6579145342718392,0.6500000000000025,0.7300860141953102,0.0334130320384821,5.579133058710014e-16,2.4596259678786572e-15,0.17834530279354283,6,6,NT+DT,corrected
CN-HaM,2002,0.21431195685908894,0.6088574638306458,0.5963193711808875,0.7240194364322972,0.03377512963659941,0.0813419911181976,0.17789236914443227,0.17636061721199403,6,4,NT+DT,corrected
CN-HaM,2003,0.2139906944417373,0.4715237915213157,0.4133940802203779,0.7308839985246598,0.03339073152977304,0.06585292288734643,0.22797228675911532,0.17506368462986308,7,6,NT+DT,corrected
CN-HaM,2004,0.21443649309148258,0.5410226021461969,0.5863184375858087,0.7317758631031916,0.034198042757214414,0.10030685217172391,0.2375067494743767,0.17743340291059165,5,1,NT+DT,corrected
CN-HaM,2005,0.2156915981738029,0.7199979161409517,0.8843049226363314,0.7305683653761185,0.03257159093030496,0.06779288143082762,0.19997675034024864,0.17791943924172715,1,0,NT+DT,corrected
CN-HaM,2006,0.21551444586786145,0.5253492708789945,0.7543287629375097,0.7284595945465558,0.03326041761985408,0.11033114868593086,0.31558539698091514,0.1762809412556586,4,0,NT+DT,corrected
CN-HaM,2007,0.21418649884217802,0.5119702468164287,0.49166434252318103,0.7266216426292058,0.03356229652366034,0.08725629035131938,0.2663229687436204,0.1752598972050975,5,5,NT+DT,corrected
CN-HaM,2008,0.2149542182861701,0.4112242417062588,0.46240435410663155,0.7250930744248486,0.033895293237327505,0.10884155674738365,0.2778153720001128,0.17672848066375416,5,0,NT+DT,corrected
CN-HaM,2009,0.2146824700398655,0.23444740619721113,0.8101915815406876,0.7287240301081649,0.03321711695839861,0.12093232663863575,0.2072608534118901,0.18240728849391888,1,0,NT+DT,corrected
CN-HaM,2010,0.21480662030527214,0.2284962752223932,0.8143465954732565,0.7343512375635227,0.03440858203424427,0.12231987932365464,0.20202093331931073,0.17742646492558406,4,4,NT+DT,corrected
CN-HaM,2011,0.21404433741871726,0.23042122447259195,0.8094814847707847,0.7328864760481626,0.03408812247840871,0.12147324829213148,0.20370584177760934,0.17807373437266477,3,3,NT+DT,corrected
CN-HaM,2012,0.21344397872142226,0.23007227800400823,0.8091050645060182,0.7323070989527418,0.03346996318900777,0.1218229596716089,0.2084732391952455,0.17647361238378048,2,2,NT+DT,corrected
CN-HaM,2013,0.2146021546806838,0.4123354583376037,0.8055981255536646,0.7323545245762151,0.03353730699086246,0.09540743779328537,0.21821409757347315,0.17549817990487107,3,0,NT+DT,corrected
CN-HaM,2014,0.21576700164978002,0.3341115507306413,0.7893096389318148,0.7297212730898862,0.033550932638115996,0.22959404461279256,0.23129024258852693,0.17724696458884803,5,2,NT+DT,corrected
DE-Gri,2004,0.21480374731297372,0.738344988791162,0.8546458789203383,0.739600283507114,0.03343656116070459,0.10993699498323918,0.2442739008721334,0.16977792865772814,18,5,NT+DT,corrected
DE-Gri,2005,0.21455852439056586,0.6578971926463577,0.7052558322092906,0.737934480529049,0.03356198205618152,0.14579246709229837,0.28092263944878754,0.1696042401578951,19,10,NT+DT,corrected
DE-Gri,2006,0.21455592267242088,0.6110862570182333,0.922233085404399,0.7395032718818866,0.03357237489874278,0.17019604635315858,0.21135960563638984,0.16807010966725522,17,1,NT+DT,corrected
DE-Gri,2007,0.21455484464790325,0.6568472923984691,0.8963809921786465,0.741054408411457,0.0337364019826743,0.13094008062825738,0.26768633558620974,0.17015983391052253,20,0,NT+DT,corrected
DE-Gri,2008,0.21432282783247125,0.6280702998304328,0.9058695716786294,0.7384996702315741,0.03358033144500272,0.15694920617990515,0.2612363505709818,0.16965776733926397,21,0,NT+DT,corrected
DE-Gri,2009,0.21465694363588522,0.5997261608088231,0.9165425526888422,0.7381033738284895,0.033606259308161066,0.13681389456766668,0.21375008717092536,0.16998101328304746,18,0,NT+DT,corrected
DE-Gri,2010,0.21444339995719588,0.667222363996314,0.9191799565428026,0.7366392164682863,0.033760416451291096,0.16145764583501518,0.22714199379038624,0.16993819701774204,18,0,NT+DT,corrected
DE-Gri,2011,0.21406464101385028,0.6118408080752014,0.9457581232894327,0.7378946395336108,0.03352019229945756,0.15919149127300017,0.24596132527296577,0.16925216324120881,20,0,NT+DT,corrected
DE-Gri,2012,0.21434381546573184,0.6724367616032026,0.9832304928599404,0.7409412851792534,0.033835372702122335,0.13324923284302428,0.2115503987564607,0.1698610992545084,16,0,NT+DT,corrected
DE-Gri,2013,0.2145690255908243,0.5901966617346709,0.8972391994969684,0.7390512049041438,0.03381010473641914,0.14405112715528026,0.2423589535379302,0.16880706487317979,19,0,NT+DT,corrected
DE-Gri,2014,0.21469665010435368,0.6212535356614743,0.9758720634536815,0.738787186890098,0.03388020780435635,0.14656267491647398,0.2502935710146499,0.16954375280307948,18,1,NT+DT,corrected
DE-Gri,2015,0.21459430679950237,0.7141621261052874,0.9660424982346552,0.7386515998017049,0.03349938509486819,0.10531575684215204,0.215390518080402,0.1699545916015718,17,0,NT+DT,corrected
DE-Gri,2016,0.21445688444378633,0.6314172435204818,0.9534866960616836,0.739054944240434,0.03342518276369805,0.10658937286257919,0.2454419247704849,0.17014440119822358,19,0,NT+DT,corrected
DE-Gri,2017,0.21446012205517045,0.6218301357920921,0.9744580804964916,0.7392230104446037,0.033518543482940984,0.11610924510009776,0.23137694747741122,0.16900781978373117,19,0,NT+DT,corrected
DE-Gri,2018,0.2144823247996739,0.5166977917835462,0.8584941077893884,0.7388831276543131,0.03322913883276872,0.13660969265737577,0.2548556069852379,0.1702122230582143,20,1,NT+DT,corrected
DE-Gri,2019,0.21437259174706746,0.5551892623246438,0.8216108599841107,0.7389892879092675,0.033748617777534455,0.16497768595404697,0.3178199751064837,0.1696253941294094,23,0,NT+DT,corrected
DE-Gri,2020,0.2153225545020706,0.5870704662955103,0.9635861839138268,0.7381497978739541,0.03360699408969755,0.11564760419531907,0.21803208489752385,0.16979318787695724,21,9,NT+DT,corrected
DE-Gri,2021,0.2146359816777464,0.6062220967315779,0.9461433768177936,0.7394848407462714,0.033751801778526665,0.08752417520726714,0.23492667943108517,0.17011690410366082,20,0,NT+DT,corrected
DE-Gri,2022,0.21499277994569516,0.557589422128889,0.9006001083586173,0.7362553927924735,0.03339303323548457,0.15599623064562662,0.24659852486038916,0.17165008014521727,20,0,NT+DT,corrected
DE-Gri,2023,0.21471401364859347,0.6346348936909324,0.9416061643737048,0.7415091859490603,0.03332981015745225,0.19742226860150328,0.2390893554441905,0.1700348415777522,18,0,NT+DT,corrected
DE-Gri,2024,0.2147616662796472,0.5469552662630681,0.8839360141582211,0.7383931693520216,0.033302127752401,0.18659049492490867,0.2967998545939644,0.1706628156948816,22,0,NT+DT,corrected
DE-GsB,2015,0.21423220707060547,0.4745997253609599,0.5744530959873463,0.7348271366353544,0.03324638193951991,0.1919480306763148,0.45979095373735945,0.17757616195786916,19,0,NT+DT,corrected
DE-GsB,2016,0.2147339632031384,0.3992664336022641,0.6434839735875163,0.7339836828440532,0.03355923992632675,0.18401700129529136,0.4145862969967757,0.17700475954451017,21,3,NT+DT,corrected
DE-GsB,2017,0.21483130831080632,0.4486730203340225,0.5561549982433348,0.7326487408645959,0.03331305193033349,0.1831399410607527,0.4585257353645315,0.17933595307547795,21,0,NT+DT,corrected
DE-GsB,2018,0.2144091537057941,0.33899222718050936,0.4096455929035044,0.7376525478245911,0.03366960056455363,0.14387781657608043,0.3408170415015041,0.17689294844121875,22,1,NT+DT,corrected
DE-GsB,2019,0.2145789620885822,0.3901561090993684,0.49868332567466117,0.7329773413490377,0.03348248838575431,0.1359968562321938,0.433002569343318,0.17927956155467317,21,2,NT+DT,corrected
DE-GsB,2020,0.2144845606123345,0.3816814729589213,0.5903095487924642,0.7320129991461654,0.033562800620519175,0.11898722683364746,0.4526717754932905,0.17740705353339042,20,2,NT+DT,corrected
DE-GsB,2021,0.2147303685356548,0.48623392805147714,0.6022637121963613,0.7347812434428758,0.033682801431071115,0.2069588613305548,0.4552897477479671,0.17743059445286724,21,1,NT+DT,corrected
DE-GsB,2022,0.21461252785083307,0.4518479904365494,0.8633447602029075,0.7331527758032622,0.03364246466538074,0.20432855666471533,0.3462214255170207,0.17926343331914485,22,12,NT+DT,corrected
DE-GsB,2023,0.21472912101869118,0.3793516619408948,0.6121131389872013,0.7339298479491297,0.033450954732895666,0.24302648593215403,0.4017671538376559,0.17728794718418575,20,1,NT+DT,corrected
DE-GsB,2024,0.21470943835270045,0.3906821287920228,0.44786361995325186,0.7353742640967735,0.03369654000132119,0.16260990338756023,0.42488683595632104,0.17736568476914608,20,0,NT+DT,corrected
DE-Hai,2000,0.2160481932705,0.7068302232541742,0.428296218880371,0.7695619449319544,0.03267001564470824,0.12458009880591449,0.37567857041325786,0.14940975415589913,19,7,NT+DT,corrected
DE-Hai,2001,0.2159064237976094,0.7568399445938612,0.3308719448164071,0.7686128936909621,0.03257342599853698,0.14719588905700398,0.42407426902280154,0.14887204018584366,19,7,NT+DT,corrected
DE-Hai,2002,0.21595488563797888,0.7011972065743781,0.26738222670275774,0.7696212288755493,0.03246132140053468,0.15253038120670134,0.27640429616907713,0.14945664182781446,17,8,NT+DT,corrected
DE-Hai,2003,0.21603379981159576,0.5920593497034745,0.40820709927199617,0.7691734425850761,0.0323790314723045,0.15408785101728792,0.46943143326596437,0.14833486961281206,21,10,NT+DT,corrected
DE-Hai,2004,0.2159109731008235,0.6309207990893057,0.4008586382977133,0.7688027268436494,0.03219791211017315,0.16061843721615246,0.4527966984073729,0.15026858376209476,19,9,NT+DT,corrected
DE-Hai,2005,0.21587328856067894,0.5807711581413683,0.3397321510874713,0.7672193387798042,0.032379583822333594,0.20872275329141826,0.4211394011923162,0.14881340204639285,19,9,NT+DT,corrected
DE-Hai,2006,0.21543288549990908,0.4816952786850644,0.3208021175386197,0.7711265703880883,0.0324815136256523,0.25053980484250715,0.3452668034572776,0.15025581802905524,18,9,NT+DT,corrected
DE-Hai,2007,0.21533298698442296,0.5534049940790646,0.539125157403555,0.7711474638364162,0.03208371595865201,0.22076299888655615,0.4327614083747906,0.1481284827061636,20,6,NT+DT,corrected
DE-Hai,2008,0.2156251822980688,0.48864121194489313,0.4937344939149517,0.7708723788968925,0.03208381541266617,0.24446835460487726,0.38465360564065876,0.14968169585663832,19,9,NT+DT,corrected
DE-Hai,2009,0.21573497453706442,0.6377012339341033,0.16531593822421534,0.7695671366782721,0.032198693178341654,0.15243913578250665,0.2089309703301889,0.1489350893972922,21,11,NT+DT,corrected
DE-Hai,2010,0.21587407906916453,0.5913002728928318,0.5349340896869982,0.7683518991839879,0.03260420901291142,0.24077433314598135,0.42485148940735956,0.1498642019895771,17,2,NT+DT,corrected
DE-Hai,2011,0.2161148609025015,0.5886340606834423,0.2113933297805442,0.7720041735258152,0.03209744108450248,0.1689560961217917,0.2428475125074438,0.15004244814758358,19,9,NT+DT,corrected
DE-Hai,2012,0.21591387346665855,0.6781979850520207,0.4604225480943477,0.770824662463758,0.03257697877124016,0.15730551579153843,0.45198860258320933,0.14866600681734735,17,10,NT+DT,corrected
DE-Hai,2013,0.21588371705977458,0.8195327591999702,0.4066975839718897,0.770913148958059,0.032152572135350346,0.07782339118146923,0.4646816172061443,0.15051122674883313,18,9,NT+DT,corrected
DE-Hai,2014,0.2157969382295794,0.5622462400009646,0.6149131811173505,0.7723750454759646,0.03219456644346867,0.2839677098303697,0.4327750004552167,0.14955471694153602,18,11,NT+DT,corrected
DE-Hai,2015,0.21570390756223812,0.5920308867033538,0.526563067948806,0.7700494032644859,0.03244470823976472,0.22092952686632694,0.4517951435510711,0.15006325585660643,18,7,NT+DT,corrected
DE-Hai,2016,0.21560393453462098,0.6327623772235397,0.2017013003480669,0.771295433031653,0.032193043660113246,0.19706010640070745,0.2469041993945469,0.14859834489248558,20,8,NT+DT,corrected
DE-Hai,2017,0.21580540690449337,0.8433003251374849,0.13212092871696776,0.7701736595867598,0.032344118924477645,0.13588774201753748,0.1735270021623244,0.14876252047671545,19,11,NT+DT,corrected
DE-Hai,2018,0.21571800751019085,0.6845473623893694,0.28154300099784785,0.7685181952266177,0.03224488127490555,0.1354133897431986,0.35216186220907475,0.15039263419292198,23,8,NT+DT,corrected
DE-Hai,2019,0.2158388907389579,0.53073255742829,0.34877952553662805,0.7708509472618916,0.03242755349937599,0.1849341543708065,0.3638333901414569,0.14939083170595163,20,9,NT+DT,corrected
DE-Hai,2020,0.21551988495445806,0.47938477937548357,0.42984248163282973,0.7701585180613252,0.03264722394656311,0.2084753288324183,0.42597356119820934,0.14879234478794828,20,6,NT+DT,corrected
DE-Hai,2021,0.2160504130404584,0.6081799581026005,0.13977285822682314,0.7722114135122544,0.032189356001262825,0.12959149403171502,0.1887690002755072,0.14843615617592767,20,13,NT+DT,corrected
DE-Hai,2022,0.21546871643553023,0.43915404443229067,0.426901834228407,0.7687120713990497,0.03216679234483638,0.21718555650526866,0.3693395372529117,0.14842924409640867,23,9,NT+DT,corrected
DE-Hai,2023,0.2156004823217671,0.463448814065851,0.21392882505911548,0.7713295710525162,0.032186070200942024,0.17377509871651559,0.22239011209488335,0.14887075700344407,20,11,NT+DT,corrected
DE-Hai,2024,0.2154015322496149,0.5209334164367502,0.3167778767836827,0.7703098090677093,0.03228172476741296,0.2456209869194706,0.3420455821037933,0.1487926115764724,19,6,NT+DT,corrected
DE-HoH,2015,0.21643505463567816,0.5630938078176158,0.8479993349767679,0.7666239363088927,0.03230242341893789,0.16559400407730518,0.2672213743098192,0.14829384322458045,19,7,NT+DT,corrected
DE-HoH,2016,0.2167141942871117,0.4930523131756323,0.6675628608998121,0.7654694291798972,0.03194075901332199,0.22039543970734757,0.39366933050339703,0.14832864980543684,22,7,NT+DT,corrected
DE-HoH,2017,0.21654371517852725,0.5478505688510624,0.8338510159765229,0.7681236588737745,0.03183557727951657,0.15479520362731128,0.38319215481348606,0.148789502080566,19,8,NT+DT,corrected
DE-HoH,2018,0.21690372645954042,0.5965351832996159,0.6773541966327076,0.7677072121858437,0.03197787404174639,0.13537955876605554,0.4486179741159865,0.14739260622274605,22,5,NT+DT,corrected
DE-HoH,2019,0.21682480462467302,0.5171963308515003,0.6848565473317513,0.7686197717996339,0.03224117260082623,0.12321843774340253,0.46382751290926666,0.14828900652861693,20,6,NT+DT,corrected
DE-HoH,2020,0.21652950934651494,0.48695774508323925,0.885783123833885,0.7674761977688712,0.0318233734558976,0.15996874697192381,0.3259366496673736,0.14879903602978806,21,4,NT+DT,corrected
DE-HoH,2021,0.21677683633335498,0.4562012300613697,0.7924311639998575,0.7681300188867736,0.03209396417593272,0.12602745436421356,0.3889684989763119,0.1481543328898988,22,7,NT+DT,corrected
DE-HoH,2022,0.2169617151623686,0.41038844835142047,0.7313163459134289,0.7671896726321128,0.0321478020623973,0.12835836429085193,0.3883082805361854,0.14796424717982848,21,4,NT+DT,corrected
DE-HoH,2023,0.2169939975074543,0.5544963713281479,0.7984278386268882,0.7669597406188704,0.031617390065455254,0.15939228876056455,0.3877577288999545,0.14861855651348896,20,5,NT+DT,corrected
DE-HoH,2024,0.2168365802682099,0.40019907949056915,0.8478771788535979,0.7686258500350414,0.0319988814572992,0.1928785572312996,0.3053057305960979,0.1477711292516564,24,6,NT+DT,corrected
DE-HoH,2025,0.21695098710844385,0.4252589949027415,0.7242835839477,0.7684705285872772,0.03204429106664781,0.2680686780308328,0.3925374016513025,0.14786684125212565,20,9,NT+DT,corrected
DE-RuR,2011,0.21600298169325804,0.6532277246410709,0.6500000000000024,0.7528284817747105,0.03265794150189757,1.3261923647169911e-15,2.4409061800055595e-15,0.15851648669509852,16,16,NT+DT,corrected
DE-RuR,2012,0.2163051300184304,0.5364533162322814,0.8728797164838413,0.7494752847271762,0.03284499292925534,0.1364290651418642,0.36075170197138995,0.15790151979377834,16,1,NT+DT,corrected
DE-RuR,2013,0.21590718257631947,0.5937241947008259,0.8546589538937476,0.7524667790214954,0.03304325587115882,0.18443584894274084,0.3477771807765634,0.15934928474274607,18,0,NT+DT,corrected
DE-RuR,2014,0.2162549163435665,0.5721239932825201,0.9370223020983918,0.7520726703009487,0.03303578113864057,0.14834314467323811,0.2965379772054593,0.1573753688818025,17,0,NT+DT,corrected
DE-RuR,2015,0.2156700641149459,0.6187125283964301,0.8470393987329583,0.75516766381242,0.0333256832939976,0.13836659520900593,0.36263150903612107,0.15655164896775386,17,0,NT+DT,corrected
DE-RuR,2016,0.21538157483172632,0.599957938640122,0.7993256273965318,0.752236172519286,0.03313944908253393,0.13101779638395034,0.4041735303940503,0.15764619206190675,17,1,NT+DT,corrected
DE-RuR,2017,0.21582198522377258,0.5446318843003962,0.8489961454908668,0.7557138293373835,0.03288328216816928,0.14966028943354628,0.3404712478922326,0.15887225747346415,18,0,NT+DT,corrected
DE-RuR,2018,0.21627351101175,0.4814392003008603,0.7184245544839739,0.7536854777087181,0.03313411630997818,0.16118967184255759,0.4126937692455925,0.158956588594657,20,0,NT+DT,corrected
DE-RuR,2019,0.2161069504754087,0.4271666378425589,0.8592015077097392,0.7526822427705608,0.033123526511335745,0.15516989672309614,0.315354647000645,0.1582082372537432,19,0,NT+DT,corrected
DE-RuR,2020,0.21588153429818707,0.5254546075423423,0.9082002883219552,0.7521799986231319,0.03308362043978653,0.12272248715191177,0.3249197776971006,0.1586294085692696,18,0,NT+DT,corrected
DE-RuR,2021,0.2158585997461361,0.5411265802260244,0.8446561467223018,0.753090164676652,0.03319424569401386,0.1414928509334607,0.3910367660262052,0.15784879774243724,18,0,NT+DT,corrected
DE-RuR,2022,0.21592088597978837,0.6452840987060205,0.8047197289805328,0.7524136761915596,0.03303256762179692,0.14469954506648755,0.4064456831291022,0.15893151002548084,18,0,NT+DT,corrected
DE-RuR,2023,0.21618381604059594,0.5377771284325702,0.6776037383901523,0.7527880117766874,0.033296911406058956,0.14735514121136892,0.42151854729767313,0.15735974030028652,19,0,NT+DT,corrected
DE-RuR,2024,0.21613777690939678,0.4963952222729989,0.7921153246871329,0.75342946434375,0.03263530628224324,0.1443430034103795,0.42038997180981946,0.15755138415718392,17,0,NT+DT,corrected
DE-RuW,2011,0.21679222582040536,0.5623621727102792,0.6500000000000026,0.7327105849581457,0.03288390211826918,1.7746894978443454e-15,2.442492732131993e-15,0.1626728706036539,17,17,NT,corrected
DE-RuW,2012,0.21711811454844043,0.38868152089007846,0.6557185815451451,0.7306233585682965,0.03249196968342118,0.16540567712531457,0.4314492283408838,0.16502552648079963,17,1,NT,corrected
DE-RuW,2013,0.2169913511169501,0.3818979560752713,0.6428294352660471,0.731752399859763,0.03259217416752985,0.16233765161320318,0.40528205948780704,0.16532121196183172,21,0,NT,corrected
DE-RuW,2014,0.217323654151597,0.23324559417421284,0.6674764186265708,0.7324323105909477,0.03271645924517684,0.13537889581459994,0.32465336318682203,0.1643000275152551,16,7,NT,corrected
DE-RuW,2015,0.21690285303344634,0.39122671241264745,0.720169838532924,0.7322793192616743,0.03254788683858496,0.20982546397752921,0.3932460780620115,0.16251015551937104,16,0,NT,corrected
DE-RuW,2016,0.2169891523192918,0.3479047153823184,0.6905276984561324,0.7309569486548425,0.03257082794156545,0.1614300603629322,0.403274865773728,0.1647074728058139,17,1,NT,corrected
DE-RuW,2017,0.21703113953716893,0.26276246100450235,0.5177095473710848,0.7327273023740702,0.03280203722760393,0.1295724652830714,0.3194581688051784,0.16469561865052781,19,8,NT,corrected
DE-RuW,2018,0.21707729519183938,0.22719612550725923,0.4770234416299511,0.7310998316535602,0.03286438598436986,0.15464468828370184,0.264843831377109,0.16238002700461837,19,4,NT,corrected
DE-RuW,2019,0.21686070286443132,0.2829591622664232,0.5476348717961296,0.7300141243598227,0.0327052097880476,0.156787777742804,0.40628017012491235,0.16328269254872513,18,1,NT,corrected
DE-RuW,2020,0.21711256668028728,0.31972201998720834,0.7444385358598625,0.7317668074531289,0.03292214107065947,0.23213504547065322,0.30223591455183885,0.1639646508945898,20,1,NT,corrected
DE-RuW,2021,0.21702671403225854,0.3454481646766121,0.7175678630609069,0.7307317099498888,0.032887674709548675,0.27540741514295763,0.3608909952214356,0.16378885274185298,17,2,NT,corrected
DE-RuW,2022,0.2173534396787934,0.3370854569507726,0.5220898522756385,0.7311975632897189,0.03285675768822822,0.18481520403471086,0.39181120389417917,0.1638363989871938,19,2,NT,corrected
DE-RuW,2023,0.21714809146747582,0.21642402750427805,0.6021130880485153,0.732385113321542,0.03289643311050196,0.13953781069075785,0.33686036703583083,0.16548558141960856,15,2,NT,corrected
DE-RuW,2024,0.21717541034600374,0.30556682949857816,0.5544169399237697,0.7309231227090875,0.03263497362446074,0.13748830338911924,0.40988422679486036,0.16345272425565177,17,3,NT,corrected
DE-Tha,1996,0.21714954717205154,0.6332429031071908,0.5890271386477293,0.7348803896081035,0.0339337699429179,0.06555824569672548,0.1552208070921652,0.17184192277946364,17,16,NT+DT,corrected
DE-Tha,1997,0.21637672725391505,0.37597190324150864,0.3984394279208148,0.7341923265908008,0.03433449937136018,0.18225811831402788,0.32914654539667537,0.17322364216122074,21,4,NT+DT,corrected
DE-Tha,1998,0.21650734473510194,0.39474583113506984,0.41001065031958056,0.7364897537941123,0.03427975552433114,0.155909228071812,0.38948220559156554,0.17439602584792419,19,1,NT+DT,corrected
DE-Tha,1999,0.21659417013140214,0.3468884592489679,0.49908593572975113,0.7354467540671076,0.034072585435219634,0.14171079623021074,0.39719777898973757,0.17264038491949965,20,2,NT+DT,corrected
DE-Tha,2000,0.21672976274341157,0.36290863038704574,0.47908485549068014,0.733119883464323,0.034401700525532396,0.1685884626287232,0.3806616612556567,0.1728352680696917,19,0,NT+DT,corrected
DE-Tha,2001,0.21621668806364697,0.3538581364523196,0.47191469576482764,0.7366717786384914,0.033928146182427975,0.20507383364442427,0.36902751116989385,0.1720591703441034,19,0,NT+DT,corrected
DE-Tha,2002,0.21688441077658907,0.49751264499303177,0.45940260597023397,0.7362432809987395,0.03442821820389664,0.17314445580390683,0.41398009233473254,0.1745128197684023,20,0,NT+DT,corrected
DE-Tha,2003,0.2167511476253055,0.3799593320078647,0.4365291966446826,0.7358894812531513,0.03432466676502954,0.14879772748400535,0.4107381456647805,0.17298416069433234,22,1,NT+DT,corrected
DE-Tha,2004,0.21657697853410088,0.3496555735081115,0.5502651002521031,0.7342717019255354,0.03380971083729306,0.17186212139055154,0.3854225140056962,0.17375863189710689,18,0,NT+DT,corrected
DE-Tha,2005,0.2169429509559303,0.33840537092554446,0.40967243465917963,0.7365841172907802,0.03426115857653066,0.18369488089190886,0.3441298489693228,0.1733914605816464,18,0,NT+DT,corrected
DE-Tha,2006,0.21669483278399035,0.3397558554085104,0.4449548585652458,0.7354093020317992,0.03420626965486566,0.16592847342090203,0.3775330357040413,0.1721140439020668,19,1,NT+DT,corrected
DE-Tha,2007,0.21674034601459607,0.36586260778514745,0.5265674376171775,0.7344896366315194,0.034177059138082985,0.17348567749327004,0.36861072731035344,0.17337979893287045,20,0,NT+DT,corrected
DE-Tha,2008,0.21698903187348378,0.3512871976810187,0.5305281255835634,0.7345288149736522,0.0339561413550277,0.14910380700455816,0.424934450986925,0.17359331748195533,20,0,NT+DT,corrected
DE-Tha,2009,0.21627568394685132,0.3522078135954233,0.44333382439647234,0.7335703931589103,0.034210806499796145,0.13485391475179193,0.41017157232790724,0.1730195718933701,19,1,NT+DT,corrected
DE-Tha,2010,0.21661773745872792,0.327209950199216,0.42588898539162706,0.7334808542573796,0.034286824188346186,0.13631955569448045,0.3588909411911824,0.17267236430121974,15,0,NT+DT,corrected
DE-Tha,2011,0.21663828695268814,0.33330561931623803,0.4265117266138007,0.7348375341906953,0.03426568425844829,0.16065906212991876,0.37769979319967045,0.17224769690262917,19,0,NT+DT,corrected
DE-Tha,2012,0.21689897873543093,0.36243015513321564,0.4872691444301286,0.7340859033256504,0.03414468521958031,0.14076447776353368,0.4185165302809743,0.1735241977234897,17,1,NT+DT,corrected
DE-Tha,2013,0.21668512323688055,0.3687665707923065,0.3936624579482215,0.735507967165859,0.03378123780479638,0.13691197753555537,0.3544975723313627,0.17342349510703017,18,0,NT+DT,corrected
DE-Tha,2014,0.2165034485786247,0.3625932894569967,0.4268199366886617,0.7348200236391288,0.03387081121450338,0.12646844621958947,0.39028501447428526,0.17280766120854096,20,0,NT+DT,corrected
DE-Tha,2015,0.216661238883663,0.366490955771509,0.4839401651803361,0.7370821741913163,0.03418294917939073,0.12835677342985796,0.4128453120153461,0.17213870118578165,19,0,NT+DT,corrected
DE-Tha,2016,0.21641474516664264,0.31630366864932846,0.4701472250783631,0.7363946361191496,0.03374030644723154,0.1401424066543751,0.417398045558012,0.17244934050750702,18,0,NT+DT,corrected
DE-Tha,2017,0.21674389294809235,0.374983080423726,0.4840073105626837,0.7348944194694862,0.03416262272741706,0.12870851009034148,0.42984979713497823,0.17412606931396932,21,0,NT+DT,corrected
DE-Tha,2018,0.21673519138418618,0.3555451800675414,0.39767843244962725,0.7338390532705973,0.03403885972731106,0.11959605131083792,0.37574326728778407,0.17232051607938992,23,1,NT+DT,corrected
DE-Tha,2019,0.21662979818623607,0.3680215169637452,0.43504812339525645,0.7368482796403341,0.03443216913421046,0.1430628411199481,0.38906508826888453,0.17315509064846574,24,0,NT+DT,corrected
DE-Tha,2020,0.2169239430332017,0.36050863190389393,0.44451205970330687,0.7349455327406302,0.03379582480196512,0.12718081906028378,0.4023984139310753,0.17173500234003872,21,1,NT+DT,corrected
DE-Tha,2021,0.21653728649098325,0.39288012236173264,0.5292867379829845,0.7341104910078999,0.03371785917262801,0.15516114233493458,0.4484341708342179,0.17342547723092067,20,1,NT+DT,corrected
DE-Tha,2022,0.2166878912285091,0.43279550753552015,0.3816430313885077,0.7356891681130179,0.03444831400601931,0.2000125197740504,0.3616714134219288,0.17278211923168887,23,1,NT+DT,corrected
DE-Tha,2023,0.21646809112769413,0.4017435531080265,0.3350795078812803,0.734904582475402,0.03412215091983891,0.13175278223256695,0.37642330106677313,0.17294807490430808,19,0,NT+DT,corrected
DE-Tha,2024,0.2169552606254158,0.4007332038765955,0.44564933769014825,0.7336496070848241,0.03404954478246644,0.17862332195643799,0.4365359333764308,0.17354862377297828,23,0,NT+DT,corrected
DK-Sor,1996,0.2133291188253561,0.6345880823616487,0.7629447992502137,0.7860587005634306,0.03248345537652114,0.14080714217295337,0.19684430366720776,0.1390238828885531,18,13,NT+DT,corrected
DK-Sor,1997,0.21311466954614608,0.6397960453351572,0.8506763714582948,0.7866677841035901,0.03220117323246114,0.19751367852686058,0.21637243231281814,0.13886082551884804,19,8,NT+DT,corrected
DK-Sor,1998,0.21313282418241986,0.6684259700898417,0.9268717865858732,0.7867748089523863,0.032682862163803963,0.12569782185624806,0.22084583060732402,0.13881916971245964,16,4,NT+DT,corrected
DK-Sor,1999,0.21330410502510386,0.6038408915230833,0.8911410470908171,0.7886322364131673,0.032606866826075685,0.21220559237740155,0.25697942285298925,0.13850005959386144,20,3,NT+DT,corrected
DK-Sor,2000,0.21369118688109925,0.6743048986526781,0.9603432382645731,0.7872732983583155,0.03248609948711627,0.1962880972877182,0.2549810199472043,0.13913353291551392,17,1,NT+DT,corrected
DK-Sor,2001,0.2138676061613072,0.64195358163056,0.9103840331940597,0.7854657844565124,0.032827172977063154,0.17685549072431092,0.2646268137233321,0.1385132924246717,19,4,NT+DT,corrected
DK-Sor,2002,0.21324158657971132,0.6945256636216225,0.9406466634213538,0.7878892821167646,0.032436864029576865,0.166943662611018,0.20917478232648667,0.1389803070471051,17,5,NT+DT,corrected
DK-Sor,2003,0.21313032541740598,0.6561340584599078,0.9671467871004255,0.7867743351323675,0.03234519907904355,0.17112516166387132,0.2113282748806431,0.14029081009804723,19,4,NT+DT,corrected
DK-Sor,2004,0.21356776291470514,0.6497394331120142,0.9103934242346228,0.787077393047328,0.032861316414561866,0.19451557861939678,0.24243399118595055,0.1383666337569955,18,4,NT+DT,corrected
DK-Sor,2005,0.21369637092151858,0.62213761556152,0.9771277780397899,0.7868504396133827,0.03256263265829041,0.13758680238308793,0.19254787903419193,0.13951779961459346,19,2,NT+DT,corrected
DK-Sor,2006,0.21297790675553194,0.583849987738378,0.9236629534329426,0.7869755108005219,0.032737609667653746,0.19796239143101865,0.26358418259551375,0.13840313454074102,17,1,NT+DT,corrected
DK-Sor,2007,0.21332020069827012,0.6361897575086994,0.9780085607913043,0.7861989534602009,0.032350412855683235,0.15357735897564018,0.20339723531482987,0.13925845944948229,20,1,NT+DT,corrected
DK-Sor,2008,0.21345249231883415,0.6442953467115556,0.9981947273259405,0.7867946181725257,0.032783083160398005,0.18367152986473242,0.18095262062509185,0.1391002057281609,18,5,NT+DT,corrected
DK-Sor,2009,0.21334691163422764,0.5884524067823838,0.9935976942874389,0.784993822963621,0.03251430018936105,0.17258221838067317,0.18869574240601183,0.14114264188779616,18,2,NT+DT,corrected
DK-Sor,2010,0.2139385774006271,0.5929155942962226,0.9339902473515128,0.7860507888175691,0.03264857956944403,0.11814055719503154,0.23008485764720804,0.1368786691944778,15,1,NT+DT,corrected
DK-Sor,2011,0.2136107410584523,0.6921802641059029,0.943895148338898,0.7859296691672951,0.03236176971889769,0.15340521413441544,0.24715418732850894,0.1382895107482613,17,3,NT+DT,corrected
DK-Sor,2012,0.21321084304088167,0.5647590834606137,1.0022694178891713,0.7872587619827638,0.032778730235503754,0.12697436342282442,0.19132270537597917,0.1375751743872271,17,3,NT+DT,corrected
DK-Sor,2013,0.2127306317042842,0.5621686914209951,0.832772450776461,0.7873932007189901,0.03248800872529618,0.18186175861446605,0.3468902856169606,0.13795101220112493,18,6,NT+DT,corrected
DK-Sor,2014,0.21337279374118326,0.5376019900119188,0.9640474288899353,0.7864344345358085,0.03245524680213083,0.1614290272982972,0.22139092434553334,0.14072441463313787,20,9,NT+DT,corrected
DK-Sor,2015,0.21329651138560965,0.5249057971731311,0.9758238954176055,0.7869528097258827,0.032756796662728245,0.16597252468085535,0.19923037973014304,0.14056434660424916,18,0,NT+DT,corrected
DK-Sor,2016,0.21331925038670455,0.6652312964238951,1.0325904326437554,0.78575267146268,0.03261082712206216,0.15714655976786576,0.17260128721353363,0.13885496529805963,17,0,NT+DT,corrected
DK-Sor,2017,0.21290700117175337,0.5890601049323747,1.0109811501661612,0.7872495778644669,0.032264722933877,0.1765933092843336,0.17469396569270762,0.13876918679420527,17,3,NT+DT,corrected
DK-Sor,2018,0.21332645757439392,0.6301813118552598,0.9740045149371532,0.7885816744086185,0.03245353020834378,0.17128187853038068,0.22059010741435517,0.13870209645464981,20,0,NT+DT,corrected
DK-Sor,2019,0.2133437164261467,0.6322723588700465,0.9741619712813997,0.7863054824923018,0.032470249393075405,0.1377859544861101,0.21906120239699256,0.13886025600524146,20,2,NT+DT,corrected
DK-Sor,2020,0.21345549901161825,0.6733706782350116,0.9479961844638539,0.7879898366335296,0.03258433911922331,0.15568345024121155,0.24664540174862878,0.1389592061032469,20,4,NT+DT,corrected
DK-Sor,2021,0.21323937786345384,0.671397768831041,0.9772345361749447,0.7843053723489152,0.03251992218726207,0.13563436993504366,0.2645658299337171,0.1400095050639854,18,1,NT+DT,corrected
DK-Sor,2022,0.21331393112074512,0.5422036744559762,0.9971154483528867,0.7853428216164744,0.03230528374895286,0.14153716182447013,0.1954993189930957,0.1398271002521678,19,0,NT+DT,corrected
DK-Sor,2023,0.21334531952447003,0.7350012326106091,1.0273506626735918,0.7870712214467218,0.03246592824824634,0.1536828358119928,0.16764635905636407,0.13882272564799292,19,1,NT+DT,corrected
DK-Sor,2024,0.21319963535225803,0.609288966089033,0.9801184223673745,0.7874027428952094,0.03276405979404252,0.17016705108830463,0.24441294605401293,0.13853004979887176,20,1,NT+DT,corrected
FI-Hyy,1997,0.21546340399669156,0.4790384329962775,0.5883157330525933,0.7468413656558479,0.03323741719036514,0.20841477609785147,0.3136202935295888,0.16310313126923218,13,3,NT+DT,corrected
FI-Hyy,1998,0.21566297682900745,0.5761237826292677,0.5239876851922174,0.7473935932690361,0.03341208147129268,0.23344033928021415,0.3782693162702896,0.16493403257845998,12,2,NT+DT,corrected
FI-Hyy,1999,0.21567038125833096,0.36929456462243115,0.7160972437138354,0.7490978761188213,0.0334906762312411,0.1059115218627323,0.18310265161478825,0.16496517309825287,17,17,NT+DT,corrected
FI-Hyy,2000,0.21538813028206916,0.4683467800598204,0.569942366502557,0.7475740970343372,0.03349062380333848,0.1790731590188497,0.2869491971072139,0.1637924953806328,17,14,NT+DT,corrected
FI-Hyy,2001,0.2155517560870043,0.6157192662126545,0.6050218469296668,0.7453016026289564,0.03352862871627477,0.17066813033240183,0.3978328699847947,0.1623656209406338,16,0,NT+DT,corrected
FI-Hyy,2002,0.2159171535415706,0.5234758711656011,0.42360083918885044,0.7490052041087426,0.03318033203085186,0.19266813978992806,0.3834448170796332,0.1633006643163782,15,2,NT+DT,corrected
FI-Hyy,2003,0.21562962685363693,0.5176854054150174,0.5102355535475126,0.7480267085210478,0.03291573846214731,0.16911934049142666,0.3809306955165532,0.16441647631295112,13,3,NT+DT,corrected
FI-Hyy,2004,0.21594671794104725,0.5873059771369735,0.6331594983879383,0.7482944761002712,0.03304976114936695,0.16476179689798356,0.37322021480013073,0.16439694051497272,17,1,NT+DT,corrected
FI-Hyy,2005,0.21552855789222464,0.6415260401665427,0.5917784445617803,0.748059935161762,0.03278182309503322,0.23146881775049624,0.3946340636773406,0.16502590022985786,17,2,NT+DT,corrected
FI-Hyy,2006,0.21585278029429197,0.6043175764367154,0.4830051962833693,0.7493371234843235,0.033555625990165504,0.18007093282638098,0.3898945081788151,0.16335392694132475,18,2,NT+DT,corrected
FI-Hyy,2007,0.21579145558748156,0.5579780279000711,0.5880780688400601,0.746253723883879,0.03318421764711575,0.17197056071505712,0.4111881555473091,0.16404349670073404,17,2,NT+DT,corrected
FI-Hyy,2008,0.21557762003054076,0.5960326179564841,0.7267114854711073,0.7478618089108032,0.03329000426195111,0.18579971399941636,0.36536194399869304,0.16313668756246275,17,1,NT+DT,corrected
FI-Hyy,2009,0.215408932312459,0.56039043972672,0.48306341434111394,0.7516089728416682,0.033726222780943414,0.1287624499598206,0.4305606564104829,0.1635673720339112,12,1,NT+DT,corrected
FI-Hyy,2010,0.216032442347815,0.5104660370586934,0.6190004108216794,0.7486985193002477,0.03334236267938937,0.20505180583398142,0.3887656304817056,0.16395876978805476,13,0,NT+DT,corrected
FI-Hyy,2011,0.2155938976019876,0.5906830126207628,0.7221114677213714,0.7498619726465017,0.03336339083273037,0.18698884054220907,0.4375780176882812,0.16395343844724047,12,0,NT+DT,corrected
FI-Hyy,2012,0.21568950138668153,0.5673589822529684,0.5840748508228047,0.7469901458967397,0.03363342220273462,0.1705517540638001,0.39667852555886396,0.16410650850404165,13,0,NT+DT,corrected
FI-Hyy,2013,0.21580255402082776,0.5361639533413645,0.46023431302958423,0.7489738506514441,0.0337522071725778,0.16767346704162217,0.4083780167165592,0.16558804992937004,14,1,NT+DT,corrected
FI-Hyy,2014,0.2160413339972679,0.5704578811388143,0.6726561037810104,0.7477314750355424,0.033735162306349945,0.18584686807293893,0.39373804355839975,0.16387144652134478,16,1,NT+DT,corrected
FI-Hyy,2015,0.21637816274525903,0.5757898814708972,0.7006106357455251,0.7480499389529305,0.03330914596457834,0.12392221730292723,0.434812563352187,0.16273814823029797,16,1,NT+DT,corrected
FI-Hyy,2016,0.2157960352323329,0.5091723845398727,0.5075543585454937,0.7492532333174858,0.033440584560667376,0.199932063275482,0.41092966674065995,0.16329914824827393,15,1,NT+DT,corrected
FI-Hyy,2017,0.2154910764426523,0.5754226000559611,0.6303755243228516,0.7513066719317976,0.03305252777584883,0.2005151678563063,0.3962427447970992,0.16420680684602262,14,2,NT+DT,corrected
FI-Hyy,2018,0.2159987550901018,0.7031838186799169,0.5118456098539026,0.7497217733426299,0.03329569142122812,0.12744866379541844,0.48851759543080475,0.16368586103892027,14,0,NT+DT,corrected
FI-Hyy,2019,0.2157893923140193,0.5099557559010629,0.5750000240619616,0.7499894976926392,0.03362798210927621,0.18338828888024541,0.3495554366918509,0.1643443096114596,17,2,NT+DT,corrected
FI-Hyy,2020,0.21611742584585472,0.5757346527282251,0.5639841613597916,0.7478735352483473,0.033531081094731574,0.22076843770844834,0.36305024802694597,0.16303329349990514,17,3,NT+DT,corrected
FI-Hyy,2021,0.21542555725105164,0.5305354633482429,0.6453524277982907,0.7475410877282189,0.033610600785859146,0.1706415928473889,0.3813668531166159,0.16412545180143376,15,1,NT+DT,corrected
FI-Hyy,2022,0.21580823296869056,0.46863998400321705,0.6646594048168237,0.749341927243232,0.03342469727182934,0.155259580858144,0.3759922089243104,0.16424818654584336,16,1,NT+DT,corrected
FI-Hyy,2023,0.21582158594517875,0.5516369561583456,0.4800497557413022,0.7495169117731275,0.03327226123233832,0.19228163722481975,0.3812271842832,0.16416345439713925,13,1,NT+DT,corrected
FI-Hyy,2024,0.21514208473587956,0.524931446723291,0.5388957278300088,0.749890166809791,0.033094560280699466,0.23012407947428104,0.39414523711498417,0.16411796568361836,18,2,NT+DT,corrected
FI-Hyy,2025,0.21628251025239278,0.5593247122326457,0.6382058402063905,0.7500897146189404,0.03364918877125053,0.18682779721484885,0.4088341059003071,0.16517698636015662,15,3,NT+DT,corrected
FI-Let,2009,0.2147729500784392,0.6439346926106415,0.6500000000000026,0.748621640603523,0.033676019690271716,1.4322835162591516e-15,2.443495199438414e-15,0.16896224982447505,15,15,NT+DT,corrected
FI-Let,2010,0.214860740316292,0.7329726136661547,0.7785466736880632,0.7490917044035117,0.033353297915522245,0.19109731309015926,0.3320116907375183,0.16834035368937267,18,2,NT+DT,corrected
FI-Let,2011,0.21463702322328304,0.7274015855783785,0.8138671438755739,0.7466675552804235,0.03359200099626055,0.22887564498038185,0.34009526773482107,0.16788657843415708,18,2,NT+DT,corrected
FI-Let,2012,0.21444584077480855,0.6473599146134364,0.8677533385084363,0.7471680097332113,0.0334957629896817,0.1916272993512518,0.2520782273194535,0.16742892524398817,17,1,NT+DT,corrected
FI-Let,2013,0.21461718848977418,0.5604946803572809,0.8521213325578292,0.7485174879746954,0.03373520349307618,0.24544206686263995,0.26843898351408163,0.16772423653745236,16,0,NT+DT,corrected
FI-Let,2014,0.21446171230506444,0.718590582739052,0.8947813874894341,0.7467683498210188,0.033645042278984356,0.18948490080700964,0.25832991615186773,0.16776257833080818,16,5,NT+DT,corrected
FI-Let,2015,0.214748150879641,0.6650358720723669,0.9439168353765344,0.7469738258135298,0.03381449057016499,0.22482323041589902,0.22158668046669625,0.16612120838722907,17,2,NT+DT,corrected
FI-Let,2016,0.21442601905011802,0.5932008909810883,0.8054870054627378,0.7493406602798278,0.03361490211025618,0.19910922616672952,0.2835734964121126,0.1688765066475786,17,0,NT+DT,corrected
FI-Let,2017,0.21491379982113465,0.4846953280810782,0.6636383969541423,0.745834248873713,0.033375133052820194,0.18708686425904292,0.28136914859817364,0.1661588162077139,16,2,NT+DT,corrected
FI-Let,2018,0.21471991521640432,0.3656273935313076,0.6696550450789823,0.7448241434701991,0.033729598403555855,0.22622550798699786,0.268038190165624,0.16570700156173984,16,1,NT+DT,corrected
FI-Let,2019,0.21446928690721728,0.3497261264599931,0.47413712834578,0.7483677015098833,0.033523137507029684,0.17050479795841264,0.24997940660955234,0.16716364971283487,16,13,NT+DT,corrected
FI-Let,2020,0.21438444906596665,0.6766954475102949,0.8543965395835684,0.7462386529986749,0.03353204755267063,0.21156534890123202,0.31094400776866155,0.16657855144804287,18,3,NT+DT,corrected
FI-Let,2021,0.2146832058045277,0.6969998179645424,0.8726455603840974,0.7479645147989437,0.033627347931739666,0.19621400210433684,0.28348355768474237,0.16623326346045672,17,0,NT+DT,corrected
FI-Let,2022,0.2144809309320395,0.7002126573933514,0.8332651005862091,0.7464465778996917,0.033884431458638495,0.2063126224016845,0.32019815426171644,0.16833504384665623,16,2,NT+DT,corrected
FI-Let,2023,0.2147567045869671,0.6724872251986446,0.7774682766387331,0.7481389379576506,0.033796632778530206,0.16687027490591078,0.30518814188369825,0.17024282232839194,13,0,NT+DT,corrected
FI-Let,2024,0.2141663602470531,0.6648768546332298,0.6862827749805959,0.7483218133919377,0.033258728932554826,0.21762820395241472,0.28619807314790674,0.16709016117716213,13,7,NT+DT,corrected
FR-Bil,2014,0.21481763360250714,0.6252827047051195,0.5956310936369256,0.7460564564728465,0.03383996137085418,0.12932566838295667,0.16842681146651464,0.16729619504106036,15,14,NT+DT,corrected
FR-Bil,2015,0.21484290040380688,0.6118996762421016,0.6440476170079347,0.7487271435583585,0.03363812308704065,0.11475220207372261,0.49868346187011664,0.16785024723026273,17,0,NT+DT,corrected
FR-Bil,2016,0.21414728887432924,0.5870647419277132,0.7098078872618853,0.7491968101285671,0.033418072216671084,0.130009045579449,0.4554930924440471,0.1660932033101714,18,0,NT+DT,corrected
FR-Bil,2017,0.21415725967274823,0.42769480495841355,0.5945250180546914,0.7476605918195867,0.03367172557608863,0.13059147716653224,0.41916830451251513,0.16563180619815726,19,0,NT+DT,corrected
FR-Bil,2018,0.21478414165111648,0.5855954556117066,0.6339205153055049,0.7458179580632778,0.03397880695346774,0.15049909173241355,0.45387121945890424,0.167420576036597,18,0,NT+DT,corrected
FR-Bil,2019,0.21479405951422054,0.39760241392168083,0.5795215141534655,0.7462454908744683,0.033667816076762024,0.13380265382158632,0.40665489362189366,0.16599973974763618,15,0,NT+DT,corrected
FR-Bil,2020,0.21495453128443714,0.42510042224260397,0.5928258129959879,0.7461761089979604,0.03349756832764136,0.1269623484839722,0.4530916942061098,0.16616293103806934,17,0,NT+DT,corrected
FR-Bil,2021,0.2150418783106153,0.47707494186404237,0.6413165064034271,0.7476122139412069,0.033495638328906806,0.12000689251056111,0.4708801880977012,0.16519686536488995,18,0,NT+DT,corrected
FR-Bil,2022,0.21461650176387387,0.46598262435635196,0.6177962621108847,0.7487607685128082,0.03367579547887581,0.17884678883654662,0.39637631835173043,0.16694104773210577,23,0,NT+DT,corrected
FR-Bil,2023,0.21465419124307433,0.33744544915419766,0.6547341523429753,0.7468655127685716,0.03338213455334068,0.16353446872500704,0.3763802461127377,0.16700130098931867,22,0,NT+DT,corrected
FR-Bil,2024,0.21433643927912888,0.4765627728709139,0.5814191724112356,0.7480827371409159,0.03352726436134357,0.15108462352816301,0.44155579126215677,0.16603293746407463,19,0,NT+DT,corrected
FR-Bil,2025,0.21482533143416724,0.3719600533815763,0.6558427471561346,0.750157045189605,0.03343045400439664,0.1761701274920636,0.4072741897005873,0.1665438350422691,19,0,NT+DT,corrected
FR-FBn,2008,0.21559247698595754,0.4105380707321602,0.46423780120982666,0.7257791752943512,0.03376425703530986,0.16141699193216477,0.4167990205916085,0.17902302623629965,20,0,NT+DT,corrected
FR-FBn,2009,0.21571969620045592,0.40919321745930975,0.5074630096669153,0.7259441040820166,0.0337282174659356,0.1771051620314377,0.4225537904881029,0.1782723169013102,20,0,NT+DT,corrected
FR-FBn,2010,0.21579629855533486,0.4371711787591963,0.5650726546794598,0.7249084749412481,0.034045369742481735,0.258504356633548,0.4061787128010796,0.17901807643030326,25,1,NT+DT,corrected
FR-FBn,2011,0.21583123568364745,0.3906568979556234,0.4155445828814698,0.7246975001417316,0.033848853285475294,0.17287875740750702,0.4290064718647638,0.18072593715514682,20,0,NT+DT,corrected
FR-FBn,2012,0.215670118526851,0.26954875057612143,0.4839091516077362,0.7228467883279364,0.033694995677285955,0.14381790055405252,0.34185572295589295,0.17866783506497658,20,0,NT+DT,corrected
FR-FBn,2013,0.2158479294498312,0.44480427139927503,0.4887512719022988,0.7233849147007155,0.03405143962008263,0.12839513513133444,0.43799109405004627,0.17997199505469844,22,0,NT+DT,corrected
FR-FBn,2014,0.2154681175217542,0.45950055098621234,0.3931038278194102,0.7220162480264007,0.0338007617546087,0.22263223622631453,0.4125849938724052,0.17878676232920077,21,0,NT+DT,corrected
FR-FBn,2015,0.21548644435559552,0.27530294872008954,0.4818225315857453,0.7260839330053674,0.033824280088288666,0.15349864398793808,0.3860861320050949,0.17857601598141978,22,0,NT+DT,corrected
FR-FBn,2016,0.21574777005476747,0.18188596056500653,0.36734700320335434,0.7231421555164668,0.03378353900107509,0.13160518725811346,0.09036106446127105,0.18116870036723354,22,22,NT+DT,corrected
FR-FBn,2017,0.2155004177756964,0.5084695011254784,0.6628499444357938,0.7235949251768569,0.03368480361923847,0.2170184189732846,0.4681768805157225,0.18061901493288313,23,9,NT+DT,corrected
FR-FBn,2018,0.2154881734559324,0.32385256911073007,0.5264447292606077,0.7241893148046635,0.03387640256730031,0.2042028445357797,0.40548068031896767,0.17973729451979495,22,1,NT+DT,corrected
FR-FBn,2019,0.21554122706964643,0.4438707508400594,0.4743154643844926,0.7241718376805569,0.033592914115044566,0.16158605336452675,0.3990088673672169,0.17995540018416567,23,1,NT+DT,corrected
FR-FBn,2020,0.21584884942108712,0.4812117540187223,0.3535687925737392,0.7227686263176429,0.033865569563274946,0.1829059866571211,0.4161377210310392,0.17866865618876737,19,0,NT+DT,corrected
FR-FBn,2021,0.2155916429388063,0.5343084357220121,0.4446773318088921,0.7270367327948764,0.033651683801033096,0.1633552877106115,0.4639587577206758,0.1803729413274684,19,0,NT+DT,corrected
FR-FBn,2022,0.21520092976213823,0.47921672702086576,0.40575484739022005,0.7235644919369234,0.03370370273770643,0.18482665621305072,0.4044174900816759,0.17905843847507105,23,0,NT+DT,corrected
FR-FBn,2023,0.2158027224255833,0.3572934939269664,0.41635584663295455,0.7231464149986893,0.03368832980432871,0.16061068502755588,0.3904044054493273,0.17890045569263963,25,1,NT+DT,corrected
FR-FBn,2024,0.21598310167765547,0.4096657174259673,0.4067209362701821,0.7225284769193292,0.034070189180104606,0.21047536565574596,0.3942008776371427,0.1803473754959643,22,0,NT+DT,corrected
FR-LBr,1998,0.21482957609225184,0.6573370169290259,0.5145468971854518,0.7435716996911625,0.033993910585622365,0.025349072058861652,0.24230255573611442,0.17340273117625027,19,17,NT+DT,corrected
FR-LBr,1999,0.2152821378833023,0.6271964128729373,0.12454792240647958,0.7428322475036446,0.03421942726682018,0.05255173192955891,0.1701993594045532,0.17211162547838033,20,20,NT+DT,corrected
FR-LBr,2000,0.21529140865176313,0.6228463742786798,0.11640163321809761,0.7456477689965393,0.034141822259039584,0.10147345563932496,0.176297232343395,0.17199411760898947,19,9,NT+DT,corrected
FR-LBr,2001,0.21504015922180028,0.4759588087239009,0.3683108558118725,0.7439662457132423,0.0341123522022174,0.17965346031201798,0.39555966251104774,0.17403668656497923,19,0,NT+DT,corrected
FR-LBr,2002,0.21541162526110816,0.39222180337596924,0.24413495489645567,0.7458909996650335,0.03408937728331667,0.13457464486252152,0.2629633058372192,0.17339880096094865,16,1,NT+DT,corrected
FR-LBr,2003,0.21529358990814826,0.41863096054620436,0.32378437598255694,0.7441040607618921,0.03399335831679584,0.19737173411332787,0.33842013209683264,0.17261062182018597,19,0,NT+DT,corrected
FR-LBr,2004,0.2150174198169996,0.4834336052772527,0.4344474114138332,0.7463091022109637,0.034029424107657844,0.21444352661772256,0.44120577136748346,0.17234066519218708,22,0,NT+DT,corrected
FR-LBr,2005,0.21514688600330387,0.48994396170193877,0.41193318368569914,0.7430735999357589,0.034049266641951965,0.20930576235862777,0.3750656995759236,0.17377427698228473,22,0,NT+DT,corrected
FR-LBr,2006,0.21509632204370072,0.49032775453662497,0.4053580281157234,0.7425337162731477,0.03443166736930294,0.15112886737262776,0.3994213953603172,0.17181827435313618,20,0,NT+DT,corrected
FR-LBr,2007,0.21536371899431286,0.35912661652056144,0.38016687326561227,0.7439598452343291,0.03408543144222804,0.18188505310360897,0.35715883490319594,0.17219315143702787,16,0,NT+DT,corrected
FR-LBr,2008,0.21528861725193923,0.3843654605009412,0.4492402839360782,0.746008586075243,0.03414365267760018,0.1564053216275811,0.39891689067347985,0.17254777396213064,18,0,NT+DT,corrected
FR-Pue,2000,0.21706190841529469,0.5967796842624473,0.6049615835337974,0.7086914352529605,0.03533525259689452,0.08890385747805286,0.15177390910337346,0.19134337193397388,20,17,NT+DT,corrected
FR-Pue,2001,0.2169705347359751,0.41445715042556913,0.5860020688688738,0.7081079443738348,0.035438769595181184,0.16256808805555634,0.4331193168998687,0.1923843910532531,20,0,NT+DT,corrected
FR-Pue,2002,0.2168336520090712,0.3617962692125027,0.6517692661308495,0.7052269095008343,0.03549755005208989,0.16436334742691874,0.4080438647626289,0.19055588377131855,21,0,NT+DT,corrected
FR-Pue,2003,0.21677491980601876,0.4768134617003589,0.6008996005658949,0.7078702190077117,0.03518619386335341,0.14871671598242578,0.4266300960890552,0.19071593221086444,27,0,NT+DT,corrected
FR-Pue,2004,0.2165752114746633,0.49641152356280127,0.616261957168619,0.7074066372955052,0.03521519130924912,0.21667714437519572,0.4525717959311494,0.19111150322273956,21,0,NT+DT,corrected
FR-Pue,2005,0.2167036343210834,0.5535752040841188,0.6488935268681992,0.7080981044655763,0.03552938100002416,0.19526675544167152,0.42711746521896865,0.18954835605835138,26,0,NT+DT,corrected
FR-Pue,2006,0.21703020956168279,0.494270055823314,0.6440482184118238,0.7083599031628932,0.035499532363603134,0.17080685295628803,0.36901474047631805,0.19150197261744298,25,0,NT+DT,corrected
FR-Pue,2007,0.21689008244975402,0.45065188360999975,0.6262260970184756,0.7066172277414918,0.035065851097293224,0.18090478021893594,0.43568495369602755,0.19029947990900445,21,0,NT+DT,corrected
FR-Pue,2008,0.21688402895697137,0.4274559050392005,0.5970290850684218,0.7061586984117283,0.03543726907289916,0.17320324339729126,0.4016323526598788,0.18995240018779358,20,0,NT+DT,corrected
FR-Pue,2009,0.21716858417889132,0.3854619401181762,0.597985971529061,0.7093693469472412,0.03545219427001783,0.1797214336121681,0.3927013847294181,0.19190198573079917,25,0,NT+DT,corrected
FR-Pue,2010,0.21683739692544207,0.4538825010693159,0.6355362975951913,0.7096464704759033,0.03553041844374118,0.2062991553675564,0.39763740119335717,0.19093560479571625,24,0,NT+DT,corrected
FR-Pue,2011,0.21704933839671495,0.31431209681639677,0.6199306857882934,0.708892985851743,0.03535830614983599,0.13783092830500474,0.3855253185727399,0.19153417444797763,22,1,NT+DT,corrected
FR-Pue,2012,0.21695452712429655,0.3622623664797473,0.5941654052148269,0.7065656789566038,0.03521503973322041,0.17159576717278419,0.4400923565225181,0.18932962776815415,20,0,NT+DT,corrected
FR-Pue,2013,0.21653197464066262,0.3578660110443844,0.6914300595811723,0.7084052385210046,0.03510530787214677,0.18476842960771353,0.33467220188181335,0.1902225619398556,23,1,NT+DT,corrected
FR-Pue,2014,0.2170040070306557,0.537319039521465,0.641970856695385,0.7075841768732143,0.03536025059003466,0.17771492514403572,0.3800288375525743,0.19082849008412553,20,0,NT+DT,corrected
FR-Pue,2015,0.21722773485411656,0.3740404092212799,0.5955547207653206,0.7095216009587595,0.035129965293398506,0.16809232980377964,0.4197540891364061,0.19056225754737677,23,0,NT+DT,corrected
FR-Pue,2016,0.21668303717842996,0.5124812520020452,0.6528165386783479,0.7075229432269995,0.03505529975718553,0.21193025010531694,0.4356208493092701,0.18958330918671873,23,1,NT+DT,corrected
FR-Pue,2017,0.2170054198043741,0.41994936682352657,0.6146967422279072,0.7083580599316543,0.035386608074701266,0.12539616039781265,0.42994863431325825,0.18931280535981293,24,0,NT+DT,corrected
FR-Pue,2018,0.2168357262030857,0.40075377065192785,0.549974932325568,0.706871420523604,0.0351498140833091,0.16841393165273233,0.40895685156228195,0.19126187112628845,22,0,NT+DT,corrected
FR-Pue,2019,0.2168512659300134,0.4797121596853376,0.6392968197948732,0.7093002707911885,0.03518298592276783,0.1907199480791875,0.39423042319618656,0.19052128821847225,23,1,NT+DT,corrected
FR-Pue,2020,0.21648707962562588,0.3860038006925577,0.6507091016484241,0.7075868048405706,0.03527729005625829,0.16727857009866695,0.40401784866348933,0.18932391043227498,23,1,NT+DT,corrected
FR-Pue,2021,0.21639560976547706,0.4050173135969787,0.6303963409949296,0.7071769130006029,0.035281043896076635,0.17141266626777033,0.4152864325076104,0.19020033926700622,21,0,NT+DT,corrected
FR-Pue,2022,0.2169630625395658,0.48790624650865233,0.558162294269078,0.7063308420439783,0.03512859324279186,0.200618557149712,0.4055767770345851,0.1900753748954329,24,0,NT+DT,corrected
FR-Pue,2023,0.21709359790595717,0.48991144641503037,0.5937584559447008,0.7088707199255923,0.03530796787186418,0.22189141996786346,0.39625838491102966,0.18969089220682545,25,3,NT+DT,corrected
FR-Pue,2024,0.21727921025607902,0.4211173814664524,0.5156860868170912,0.7065334481092433,0.035480250435323366,0.15619528136103714,0.3970600600558172,0.1907775257418664,22,0,NT+DT,corrected
FR-Pue,2025,0.21667503524589043,0.4313001429572468,0.6365395712815799,0.7072840041667127,0.035298336693153624,0.23539511941503005,0.4095128626095688,0.19044781638230282,23,3,NT+DT,corrected
IT-Cp2,2012,0.21771839443547947,0.5538919659625271,0.9681181282858282,0.7364907368853945,0.03403765071712857,0.15076821103181698,0.1688289317608196,0.1747556927544635,20,8,NT+DT,corrected
IT-Cp2,2013,0.21727155405407939,0.5928903760964079,0.8074887129574418,0.7367634799014079,0.03411694187390814,0.20731022735308144,0.3598504689302863,0.17520373326268135,20,1,NT+DT,corrected
IT-Cp2,2014,0.21736281465104879,0.48871138754107724,0.6036906304645618,0.7369181932038505,0.03409165498114784,0.2282785431560017,0.2595871716246008,0.17479657628654277,17,12,NT+DT,corrected
IT-Cp2,2015,0.21695649446858015,0.5467801680965737,0.6675285423577783,0.7359224663183863,0.034028568781324625,0.1804332459986843,0.4416453007592268,0.17476711827387878,21,4,NT+DT,corrected
IT-Cp2,2016,0.21707873695116497,0.888694077280481,1.02793592700913,0.7354973762548465,0.034215685422965825,0.10029830567428055,0.14275503816022372,0.17441087829558016,19,14,NT+DT,corrected
IT-Cp2,2017,0.21737872122846627,0.9072591666809944,1.0439948716023217,0.7368247393433045,0.034425484212806216,0.07656366129506945,0.13160715153186994,0.17455838688950734,22,22,NT+DT,corrected
IT-Cp2,2018,0.21744327352481563,0.9077846644062685,1.0460509765144173,0.736757540297527,0.034316419739275864,0.07752135107837556,0.13222243383104182,0.17349634545437162,21,21,NT+DT,corrected
IT-Cp2,2019,0.21723664745490504,0.7040164705199237,0.6941517046962912,0.7371908232200665,0.034406408036388496,0.21585930897302455,0.41142449967630434,0.17450900356075694,19,0,NT+DT,corrected
IT-Cp2,2020,0.2169994318198818,0.5369263768641377,0.5004118191830768,0.7378381010782881,0.03413869736025318,0.18043447923677075,0.44680504362075935,0.17208298632962826,19,4,NT+DT,corrected
IT-Cp2,2021,0.21728431634871212,0.4935273422389797,0.526926607838012,0.7377731937319669,0.03400874023552737,0.19248220375344965,0.2512368262117964,0.17321117571276362,20,11,NT+DT,corrected
IT-Cp2,2022,0.21711792883908107,0.5236565871676522,0.7479408118496225,0.7400348578024509,0.03422974610261116,0.2744310167914048,0.3277419811500942,0.17392815859025637,21,0,NT+DT,corrected
IT-Cp2,2023,0.2173824830797079,0.5016793730049508,0.6448760294234934,0.7381181462202625,0.03405969381841955,0.16208177209756838,0.43068781044518806,0.17341805375924305,17,1,NT+DT,corrected
IT-Cp2,2024,0.21699261899041777,0.5347868255496306,0.8419587311087571,0.7359443253775749,0.03399703047878121,0.1831245255825095,0.35270794897020796,0.1745316942518456,21,1,NT+DT,corrected
IT-Cp2,2025,0.21677785302563796,0.48070194725112375,0.7423970905006788,0.7379517655059628,0.0343499228023528,0.25511743041381035,0.30812539097870134,0.173430813651069,16,5,NT+DT,corrected
IT-MBo,2003,0.2151094869040382,0.3704766463078801,0.7241924805163408,0.7428021800188622,0.03449056328601496,0.21614828361447364,0.363049908051058,0.1685575574403365,16,1,NT+DT,corrected
IT-MBo,2004,0.21584483089109197,0.598693139151254,0.6917241225425248,0.7415336963031924,0.03385792435569854,0.16008650787645198,0.38523051026271227,0.1689385619133195,17,4,NT+DT,corrected
IT-MBo,2005,0.21586859549201284,0.6343766933315599,0.7947785778635091,0.7396727200177688,0.034025110648590984,0.16273180883832095,0.3985339218049812,0.1697815841610362,17,2,NT+DT,corrected
IT-MBo,2006,0.215239122663623,0.6105710217973214,0.7253744185699357,0.7437791291885617,0.03404092782870732,0.1729933821124765,0.40346526546139194,0.16963782046460227,18,5,NT+DT,corrected
IT-MBo,2007,0.2153488329387381,0.5689172421389768,0.7100862127867013,0.7449244646457761,0.034189722211635555,0.13058346463537582,0.4009557444206,0.16945373908303496,17,2,NT+DT,corrected
IT-MBo,2008,0.21578050588301406,0.6043056732991245,0.6505281544074011,0.7440919420317272,0.034331045684816014,0.1540967339272955,0.38526882501080856,0.1681617189901604,15,4,NT+DT,corrected
IT-MBo,2009,0.2151353776181296,0.7300128352121076,0.6813819804982532,0.7437840630588084,0.03403717187275256,0.25260217952224706,0.3344931571930847,0.16929583820026367,16,6,NT+DT,corrected
IT-MBo,2010,0.215203476597524,0.6103467854732209,0.7436948677369226,0.7445547998694416,0.03414357713287185,0.2026659685323081,0.3698389164968957,0.17043785681266135,16,2,NT+DT,corrected
IT-MBo,2011,0.2156583887072424,0.647759271339278,0.807574061892402,0.7414862113958184,0.033746965224094275,0.20822576635900372,0.375832531895651,0.16828553894670484,16,1,NT+DT,corrected
IT-MBo,2012,0.2154109400220351,0.5702414928044197,0.7123336810907398,0.744257656102912,0.03394879320209021,0.18826392386450225,0.39681554884414244,0.16907326028111877,18,3,NT+DT,corrected
IT-MBo,2013,0.21537017649892543,0.5349395734852121,0.5283310492251142,0.7428761071530896,0.03401917078797938,0.20618828044994245,0.323238166845698,0.170077428783136,14,3,NT+DT,corrected
IT-MBo,2014,0.21555910313129892,0.6069102935298754,0.6071379760078431,0.7423459748366815,0.03401855466338454,0.19078181365289096,0.3218924446971793,0.16867054374323018,15,5,NT+DT,corrected
IT-MBo,2015,0.21520177072111144,0.44281384782643685,0.7644670755150534,0.7413450175056205,0.03399718549792286,0.137889150526943,0.3664393457510621,0.1704672942914297,18,3,NT+DT,corrected
IT-MBo,2016,0.2154538201183539,0.5096394034888648,0.6234578073756578,0.7442369763964811,0.03380830978318742,0.18200796461406002,0.40048007227526855,0.16972794810141756,15,3,NT+DT,corrected
IT-MBo,2017,0.21552572875796122,0.686344061211634,0.6821353594136688,0.7426212920671393,0.03379181758036202,0.21927053519500633,0.432955292681162,0.1700690815888156,18,2,NT+DT,corrected
IT-MBo,2018,0.2156695453849051,0.3462801926265214,0.8604575039966922,0.7441074160740321,0.034140803989002697,0.14789255949955576,0.21300125981277068,0.16609950735154508,8,0,NT+DT,corrected
IT-MBo,2019,0.21531221692440763,0.6145225687884989,0.7264356589619481,0.7442624577540464,0.03365744242123831,0.2126696662860184,0.41933568155208856,0.16961562264051044,15,4,NT+DT,corrected
IT-MBo,2020,0.2157731639970587,0.6484967323780181,0.5983213294126789,0.7454535960571834,0.0342097454355534,0.22647469625372357,0.43616627637449856,0.1697408477096603,16,5,NT+DT,corrected
IT-MBo,2021,0.21623350598538754,0.5044289988248153,0.3316836851279601,0.7420598023400089,0.03405784676748509,0.08746128826481112,0.15984104439085436,0.1694101777367446,5,5,NT+DT,corrected
IT-MBo,2022,0.21561590442557876,0.5052568053214348,0.3293714996274739,0.7437150397509722,0.03364465313545418,0.08825024343948354,0.16094680048680315,0.17110199294351694,7,7,NT+DT,corrected
IT-MBo,2023,0.21546171342970677,0.5048326248218664,0.6044989977967673,0.7406878116414174,0.0340193412644065,0.16843329977071095,0.4141476321164021,0.16856905391240415,15,3,NT+DT,corrected
IT-MBo,2024,0.2157567376567251,0.5465674386206465,0.7085323976937971,0.7444104669363949,0.0343495181443042,0.2561933429434204,0.3901859058303952,0.16740319695731298,15,2,NT+DT,corrected
IT-Ren,1999,0.21482366557167198,0.5697881482383128,0.7224363619322326,0.7505819529474865,0.032391731499767006,0.20132340134519058,0.22840244662996947,0.15808747908061402,15,4,NT+DT,corrected
IT-Ren,2000,0.21562876391690686,0.7965573256147895,0.6346178602753144,0.7517882652682983,0.032170794035621654,0.19481875139047364,0.2379705545522703,0.1554603975109978,13,10,NT+DT,corrected
IT-Ren,2001,0.2153672584074951,0.639322856311375,0.6548733298756672,0.7498900730600749,0.032232779661886306,0.20429617700475858,0.3646328482226816,0.15679203198779068,16,3,NT+DT,corrected
IT-Ren,2002,0.21525694272892126,0.6021566241118065,0.8913756287080593,0.7532492099568434,0.032275870712664204,0.1637661763497401,0.2987700904691111,0.15843102506662754,14,1,NT+DT,corrected
IT-Ren,2003,0.21478430432110276,0.6914702605899418,0.5625101979384424,0.7530249615573684,0.03216813044010271,0.2450043637865434,0.39782288420587575,0.15578633923325097,17,3,NT+DT,corrected
IT-Ren,2004,0.21529260454369967,0.6070004537722953,0.8473419602103677,0.7497074592164916,0.03251910327784829,0.18060429143157877,0.3310386764054358,0.1576331318568548,15,3,NT+DT,corrected
IT-Ren,2005,0.21512048117375013,0.6255715891321311,0.8656950176371659,0.7496071601310816,0.03234114070705467,0.17590132731140834,0.35105933183147625,0.15851254859512623,16,1,NT+DT,corrected
IT-Ren,2006,0.21495576243567602,0.6371190787584778,0.7887438740066676,0.7490664589410183,0.032142109893109956,0.2023657549524356,0.3858458189753151,0.1565335594129571,18,0,NT+DT,corrected
IT-Ren,2007,0.21515192969037886,0.6713070708323255,0.7786226159786386,0.7517488041098269,0.03192236637448033,0.21341462929902505,0.3693175927649619,0.1580786604427952,15,2,NT+DT,corrected
IT-Ren,2008,0.21520783527790224,0.701723876129704,0.8890723351881185,0.7495065391235981,0.032396084315167994,0.3087289077751625,0.3358022937579508,0.15777999036380658,14,0,NT+DT,corrected
IT-Ren,2009,0.2151906796263874,0.685053370234887,0.8312100058254003,0.7487564614355702,0.032585738358442515,0.2365033176432756,0.3877573356874972,0.1569186468250622,16,1,NT+DT,corrected
IT-Ren,2010,0.21503924537487498,0.6328086698740659,0.8390467984427454,0.7516577723380121,0.03245502683643988,0.22129663285824727,0.3534243758761712,0.15549633083672734,13,0,NT+DT,corrected
IT-Ren,2011,0.21530982999789183,0.5700034626049792,0.9140313033602873,0.7521421148860328,0.03206445744800221,0.21975389012569177,0.24899221954683642,0.15853925749065798,13,0,NT+DT,corrected
IT-Ren,2012,0.21538194719959544,0.6980656115990522,0.7519834519050216,0.7518189771806917,0.0323327775003828,0.19609242742281432,0.4071627545578422,0.15768112515340624,17,3,NT+DT,corrected
IT-Ren,2013,0.21504807920610455,0.6137350564107923,0.8325114753446132,0.7495833040964384,0.032418159924778374,0.2447159563450082,0.3613480378095237,0.15678536504829046,16,1,NT+DT,corrected
IT-Ren,2014,0.21583954309389952,0.705229173509286,0.9789644964098688,0.7503182298981859,0.032209383981822604,0.19293349578275087,0.2994524603166939,0.15689083063405787,14,0,NT+DT,corrected
IT-Ren,2015,0.21515141406631794,0.5853286144491668,0.7161205680247177,0.751394946716913,0.03231660391439253,0.1910348790542428,0.39792351226536005,0.15705292315682903,18,4,NT+DT,corrected
IT-Ren,2016,0.21530017511174937,0.6165534423592914,0.8313621948113481,0.7503179833989839,0.032648012191767044,0.2670931663327408,0.3401966689127048,0.15738373442236284,15,0,NT+DT,corrected
IT-Ren,2017,0.21521008369761332,0.5552995353860574,0.844208055532582,0.747752400286514,0.032300064492064406,0.23440189877126597,0.3827263307130908,0.15732039621493973,15,2,NT+DT,corrected
IT-Ren,2018,0.21584018188470178,0.5862016148999107,0.5499113908841164,0.7490631501070412,0.03251422188725879,0.1650744661527072,0.3961751529006321,0.15779096019734534,16,4,NT+DT,corrected
IT-Ren,2019,0.21552732257104,0.6647826114231503,0.8545402162554656,0.7501404395984934,0.03210840153975787,0.2574257662022274,0.3080055942904453,0.15842389918525576,14,3,NT+DT,corrected
IT-Ren,2020,0.2152152361447043,0.5833923262045122,0.7664414753192195,0.7491874813537892,0.03226309636903115,0.2368790610589558,0.3964468410203708,0.1583499784202019,19,3,NT+DT,corrected
IT-Ren,2021,0.215221905539226,0.28486441793300904,0.6246191955018752,0.7508956578583371,0.03244775037864576,0.12804683127763905,0.22381357102660485,0.15608531522461833,15,15,NT+DT,corrected
IT-Ren,2022,0.21498053625765412,0.6066001696295139,0.811889776539986,0.7476256612682237,0.032302762055146934,0.23348062785855517,0.35377217042759956,0.15683660658513887,15,1,NT+DT,corrected
IT-Ren,2023,0.21495015620567337,0.7193198231987393,0.8888552294379999,0.7516702145623465,0.032551988399964496,0.19475791764807923,0.3695280583783586,0.15502741822386176,15,2,NT+DT,corrected
IT-Ren,2024,0.21538860751699343,0.6442406026643361,0.8842636884623647,0.7520905136567257,0.03235114988840885,0.22122588385267902,0.3453802648905971,0.15791705985445953,17,0,NT+DT,corrected
IT-Ren,2025,0.21539574092993755,0.766773120199641,0.8518749955565509,0.748402852865058,0.03205970617842104,0.14534653573193018,0.34195895504201573,0.15649097664828648,14,0,NT+DT,corrected
IT-SR2,2013,0.2159612470352915,0.30004156891322403,0.5415487864938816,0.7469333903901011,0.033111013816755235,0.1459575069757148,0.3988726598484842,0.16220370216907987,22,0,NT+DT,corrected
IT-SR2,2014,0.2165645968195802,0.31757275875746355,0.39228190496433996,0.7487376097688101,0.03308923368101225,0.2013805350968495,0.3561620382720356,0.16441104216881655,17,1,NT+DT,corrected
IT-SR2,2015,0.21607643536557952,0.34552572283251753,0.44691098852755023,0.7486717691522916,0.03318554596348185,0.18312394387078715,0.39341039594235133,0.16244454731581406,21,0,NT+DT,corrected
IT-SR2,2016,0.2162671249163784,0.32697923144215113,0.4916008994345804,0.7460848522297058,0.0327716484378841,0.14047540114675536,0.4171279857379057,0.16142175332429592,20,0,NT+DT,corrected
IT-SR2,2017,0.21580909784438734,0.36466125060478444,0.5133174965333137,0.7462165419198955,0.03305596877744817,0.18509987075193687,0.4063618247217412,0.1624072183607066,21,0,NT+DT,corrected
IT-SR2,2018,0.21611668478696852,0.3490261962434666,0.4773633452548562,0.7481445896307257,0.03323579992827841,0.1493641938518944,0.42451660548233616,0.16152579595854408,22,0,NT+DT,corrected
IT-SR2,2019,0.21626358497580572,0.3818622798055228,0.4388280849698779,0.7473731999191418,0.03309878172183039,0.2060726372184478,0.3894567296735654,0.16263671721607423,22,1,NT+DT,corrected
IT-SR2,2020,0.2162929303607823,0.4551193172923861,0.45706712857039156,0.7479630049050556,0.03315584607160297,0.18050473811060042,0.4346215249484853,0.16330557783799868,19,0,NT+DT,corrected
IT-SR2,2021,0.2161799432269042,0.46936896763684627,0.4928140479524725,0.7478445822953101,0.03302975403406783,0.17910340215499196,0.4452237493911529,0.16169044341910105,21,0,NT+DT,corrected
IT-SR2,2022,0.21659527963197256,0.516264007508278,0.5009179423896194,0.746013601494868,0.033152708233745234,0.2006367937104599,0.46779600313219943,0.1626926902654285,21,0,NT+DT,corrected
IT-SR2,2023,0.21606985559226663,0.42020609983749635,0.4912299166509796,0.7446173507396159,0.033259304837002485,0.18821968635754013,0.4383893591442691,0.16254677960634684,20,0,NT+DT,corrected
IT-SR2,2024,0.21635473706497868,0.4106429929087784,0.6037209824945161,0.7438947973160875,0.03321960732914499,0.21328183814743817,0.4492264802871472,0.16265439892268263,20,10,NT+DT,corrected
IT-SR2,2025,0.21631591409604492,0.5172715822169491,0.6193197698445051,0.7494978200837396,0.03296495846545938,0.3992036518343305,0.21064184076683146,0.16337551009701937,19,16,NT+DT,corrected
IT-Tor,2008,0.2154584138785876,0.479682571851575,0.5432288612426085,0.722212734605689,0.034748421804258696,0.1091178788730945,0.2621857170772953,0.1815230984604065,14,7,NT+DT,corrected
IT-Tor,2009,0.21564886306723377,0.5594759636379585,0.5017722545553782,0.726434199394695,0.03469327106013083,0.18723652377345298,0.4145848692587155,0.18200713329999052,14,3,NT+DT,corrected
IT-Tor,2010,0.2159498955936582,0.5926163268526226,0.44666703267324726,0.7236829459837818,0.03450618745637692,0.12323608916315103,0.38587337584293874,0.18192609205417407,14,6,NT+DT,corrected
IT-Tor,2011,0.21576728008517918,0.4667398441067005,0.43000830798490014,0.7229272447117532,0.03446016568278762,0.12835093537028344,0.36564290104472547,0.1832628481547898,13,6,NT+DT,corrected
IT-Tor,2012,0.21603939906064787,0.4603333413139996,0.2879287510927383,0.7237458197576289,0.0350590927831077,0.05974534023459389,0.22431199272500982,0.1829227792040111,14,10,NT+DT,corrected
IT-Tor,2013,0.21598089314761812,0.5211291746725909,0.41782774376564474,0.7239325719256305,0.03447349121990153,0.12146053632940097,0.26527313342548425,0.18314084589375282,14,7,NT+DT,corrected
IT-Tor,2014,0.21574850157475903,0.3653763479268494,0.5601962204845846,0.7230701376156415,0.03480364840399731,0.21217497689111187,0.344609751234647,0.18203036854702387,12,7,NT+DT,corrected
IT-Tor,2015,0.21610303721299465,0.44274149229987075,0.6389476647183755,0.7231637590548771,0.03464331731665215,0.21529258811705082,0.37647371753932884,0.1839692192321747,16,1,NT+DT,corrected
IT-Tor,2016,0.21594170871679744,0.5066167087397868,0.45989301420304396,0.7238401368706144,0.03469837814170337,0.14684334248558792,0.3492661179309453,0.1832390618226792,15,5,NT+DT,corrected
IT-Tor,2017,0.21609621016918137,0.44358728274191334,0.6457045344586101,0.7274599821078186,0.034851112664756594,0.13680372065759464,0.3930390077921495,0.18046321805858082,14,3,NT+DT,corrected
IT-Tor,2018,0.21619034696799122,0.3493197190253858,0.4963787509472425,0.7239469407881723,0.0347477274702305,0.11507237477726381,0.33295471437055496,0.18220115331245684,14,4,NT+DT,corrected
IT-Tor,2019,0.2156091723335014,0.3719199974889702,0.37576567106723024,0.7226948202938568,0.034763235845681736,0.25693437839411315,0.26004201061879006,0.18178899001876492,14,6,NT+DT,corrected
IT-Tor,2020,0.21561981749142137,0.5984820882962241,0.4043932635258979,0.7223709059181851,0.03461505350689194,0.17450553493157303,0.39409032180157816,0.18359121477531762,15,6,NT+DT,corrected
IT-Tor,2021,0.21585028831817368,0.28011985964718406,0.5912787152433154,0.7228468092809484,0.034887021338164355,0.1340226435833422,0.32189398061549296,0.1808295390925779,13,9,NT+DT,corrected
IT-Tor,2022,0.216058605047038,0.423791108073406,0.3607569216853667,0.7218278863975162,0.034650629183951454,0.17330615115114534,0.2744598082646815,0.18291978221663174,17,9,NT+DT,corrected
IT-Tor,2023,0.21600470087703041,0.5204022149221161,0.26039779281403025,0.7237229889975032,0.03496726886027444,0.08975230519830725,0.27305198277801385,0.1822528393723104,15,8,NT+DT,corrected
IT-Tor,2024,0.21665204545185912,0.565289753200719,0.23562528857686027,0.7238543918048894,0.034798469643442874,0.09939389140753066,0.24305795890728882,0.18298948636279402,16,9,NT+DT,corrected
IT-TrF,2012,0.2149345513966318,0.5670111143500002,0.6600131304513258,0.740360661513057,0.03268661964595775,0.1767428855353606,0.17067580821098677,0.16776758469974712,15,11,DT,corrected
IT-TrF,2013,0.2147907418155687,0.6414241377328722,0.9110338823585449,0.7422610738213343,0.03260562061080096,0.210466750585858,0.23445118964523756,0.16750815567554114,15,1,DT,corrected
IT-TrF,2014,0.21457995898508322,0.5559391021475664,0.897890077302906,0.7397188930647255,0.03242019811633428,0.25987429478770735,0.22708584187445563,0.16793099018555396,12,0,DT,corrected
IT-TrF,2015,0.21478691295121782,0.6108138173023582,0.8535811164960941,0.7396538285023414,0.03269004202105655,0.21576112246046872,0.2751520459062721,0.16819735432500907,17,0,DT,corrected
IT-TrF,2016,0.21493509942723077,0.4792554195565425,0.8043914988777348,0.7408263769434982,0.0323714914181056,0.18889097610417058,0.293434900424669,0.1667446298404066,17,2,DT,corrected
IT-TrF,2017,0.2144688025123276,0.6713179871001788,0.9073463227825007,0.7406466538886755,0.032404084467262464,0.22966122287519888,0.26604063217553875,0.1676644460879481,16,0,DT,corrected
IT-TrF,2018,0.21456940883296488,0.5208571623862955,0.8573603143804963,0.739512312857544,0.032475512215123695,0.1892848250925667,0.2762014225998569,0.16942311347134978,14,0,DT,corrected
IT-TrF,2019,0.2150289136749585,0.48294523570773573,0.8118065215180365,0.7432626677662796,0.032844554467124844,0.23404031542154613,0.24769450434725704,0.16660833481340892,15,0,DT,corrected
IT-TrF,2020,0.21447764603658584,0.5361667290097475,0.9088626181620438,0.740541767804647,0.032569500777347306,0.21578095142502482,0.22073925643444828,0.16856688072429044,16,0,DT,corrected
IT-TrF,2021,0.2145527462558745,0.5416112883772228,0.9291716998489714,0.7402610576339271,0.03258919117266259,0.1465595416022348,0.22203468611562774,0.16683673508122762,14,0,DT,corrected
IT-TrF,2022,0.21450874093303235,0.6162994124703459,0.9412923034259632,0.7395823429967909,0.03270133002974804,0.2296867701290815,0.20344955710682155,0.16722593129577623,16,0,DT,corrected
IT-TrF,2023,0.21481749383726104,0.4398276784101572,0.8955123157219812,0.7396130301707984,0.032346881118831425,0.21354179497068412,0.2238709095696367,0.16985182933365184,16,0,DT,corrected
IT-TrF,2024,0.21525256831917267,0.790918270316197,0.9331008086460592,0.7394864155821961,0.03261328661024564,0.10676444068203117,0.20995126191032315,0.16874621719935384,15,0,DT,corrected
JP-Api,2000,0.21324989195550065,0.7219187189631617,0.41702946688357123,0.7611457618073381,0.031094792251164193,0.16218423960866798,0.3728318299130351,0.1512618962976711,5,1,NT+DT,corrected
JP-Api,2001,0.21267036272340745,0.6106829837000668,0.8520450042557283,0.7583916449447404,0.031141867589034172,0.15224040571722636,0.276776728505021,0.15290388931851562,8,0,NT+DT,corrected
JP-Api,2002,0.2140253994003198,0.6813495633822356,0.9266988686646989,0.7606010606375958,0.030622724509009523,0.16621869140306922,0.21047641711644904,0.1515037798402391,6,0,NT+DT,corrected
JP-Api,2003,0.21334913898876848,0.6842742407504365,0.8675159238950299,0.7599791065595172,0.030957674478711516,0.14397060548512103,0.2430612193354251,0.15292014445732544,9,1,NT+DT,corrected
JP-Api,2004,0.21378292051316505,0.5421963205240998,0.7198673877892381,0.7585105397025637,0.031082748714687945,0.2463601013743372,0.32101024099431824,0.15405135842744613,9,1,NT+DT,corrected
JP-Api,2005,0.21362939859737906,0.46487524541516906,0.8831615208694186,0.7624518403860334,0.031113742843651034,0.16416314715125643,0.20396163249066662,0.14995461754312717,4,0,NT+DT,corrected
JP-Api,2006,0.21369090830439663,0.6996549001357344,0.712741503959304,0.7572974302428483,0.031372400068566966,0.17467871470757868,0.28333641672972415,0.15188780900063042,6,0,NT+DT,corrected
JP-Api,2007,0.21309369049842672,0.5333947970306556,0.5305367398527492,0.7639206966745523,0.03071794067883121,0.11322331766499831,0.33171998380181855,0.1516955589112094,6,0,NT+DT,corrected
JP-Api,2008,0.21284728044982212,0.588372307253327,0.6465390036234538,0.7599691445306388,0.0310192146471936,0.16502950397649266,0.39139922894072454,0.15384268612135368,9,2,NT+DT,corrected
JP-Api,2009,0.21306939039960782,0.6384909192338603,0.8720335927177334,0.7605309327120199,0.030990858557740142,0.1212060325751083,0.30592367694023875,0.15210887073402976,8,0,NT+DT,corrected
JP-Api,2010,0.21352484154665696,0.39526486350973633,0.6760903610824671,0.7615810293551751,0.031012197057535086,0.15507182788742777,0.2669920515778066,0.15520039680703676,4,0,NT+DT,corrected
JP-Api,2011,0.21316514464315506,0.49707491102622864,0.7590495458965927,0.7613090273722489,0.03013285456384296,0.13324846788250713,0.34997939405142625,0.1518745111237439,5,0,NT+DT,corrected
JP-Api,2012,0.21322692182772796,0.546574730122749,0.6413392811579832,0.7622812780261738,0.030630842542069072,0.179511348980982,0.32527248108399326,0.1527284596103328,6,0,NT+DT,corrected
JP-Api,2013,0.2135263213791251,0.5880032332294287,0.7339881613849799,0.7612857326062303,0.031142506655727292,0.09967395162464542,0.2808832302678226,0.15107873665702667,6,0,NT+DT,corrected
JP-Api,2014,0.2129902478972026,0.5426616531779054,0.8148519965260015,0.7578315466354417,0.030868396186546458,0.1689597289897075,0.28149032541971825,0.15377263266675498,7,0,NT+DT,corrected
JP-Api,2015,0.21339344032215993,0.6507277162341207,0.6197327815250835,0.7588297041408866,0.03132414138801785,0.19283985125565017,0.3723574586505639,0.15264708600451915,9,1,NT+DT,corrected
JP-Api,2016,0.21352780060231186,0.6379264800284002,0.5740273266845121,0.7624281260672117,0.03122641817494329,0.23262708105637744,0.36387318632688104,0.15276138445930337,8,1,NT+DT,corrected
JP-Api,2017,0.21269953373464212,0.6270139318074734,0.6804488528844458,0.7578734946288822,0.030634704062545728,0.12608510678414386,0.34928928735958203,0.15350672761891118,6,1,NT+DT,corrected
JP-Api,2018,0.21318262005429933,0.6439437009496232,0.7427349652245013,0.7634613412329467,0.031020995863884904,0.17760366008005107,0.3334033467832413,0.15303700571733972,8,2,NT+DT,corrected
JP-Api,2019,0.21309126958507926,0.6300444999679953,0.7778138315661178,0.7605168597620338,0.03080957529752513,0.16135978928524417,0.4232883051315435,0.15078254629400295,7,0,NT+DT,corrected
JP-Api,2020,0.21423263831969358,0.7445775607069008,0.7361427486233983,0.7598267999872315,0.030781951356777686,0.15100353135732095,0.3955627843143884,0.14873184187362656,4,1,NT+DT,corrected
JP-Api,2021,0.2135673810931188,0.6238971219138368,0.6993542303829265,0.7631375426697016,0.03116890854511167,0.21399398291848234,0.31678164047320284,0.15164068308949816,8,0,NT+DT,corrected
JP-Api,2022,0.21318584882003236,0.6440554942601875,0.5615338339524562,0.7626853901111732,0.031514551634579696,0.2066883996769595,0.323234335839214,0.15007525303288005,7,0,NT+DT,corrected
JP-Fhk,2006,0.21508435158602784,0.7159884747085928,0.8909667766644023,0.7619414783495765,0.032748925441167066,0.20762030718737715,0.2569130121041541,0.1511453441122232,20,3,NT+DT,corrected
JP-Fhk,2007,0.2152103212579105,0.6563966953503789,0.9430413536237714,0.7613338418384399,0.032743327427464726,0.23035498680360794,0.22726624542788526,0.15156466574759977,22,3,NT+DT,corrected
JP-Fhk,2008,0.21517056503112253,0.6804219616538671,0.8813655479816755,0.7606591824931137,0.03267050508351518,0.2018368236474251,0.2797885506899955,0.1537690325642227,21,2,NT+DT,corrected
JP-Fhk,2009,0.2150518218930063,0.5768670322464993,0.9118887722106086,0.7603823983132252,0.03297244428885545,0.19873594564048752,0.25959983460610236,0.15240555437455244,21,2,NT+DT,corrected
JP-Fhk,2010,0.21486432900726013,0.6021397988199322,0.9087832035865957,0.7617459879525893,0.03282755686255808,0.22342048077953314,0.2585341406744005,0.15297326812035192,20,2,NT+DT,corrected
JP-Fhk,2011,0.21504586781117355,0.577011143347193,0.8573635680178747,0.7617127384275804,0.03287189633243615,0.274285807334987,0.2988041119363941,0.15311392353919306,18,1,NT+DT,corrected
JP-Fhk,2012,0.21460463788990733,0.5897143649603984,0.8671674541938783,0.7597515013839704,0.03299934632711019,0.2041012328263406,0.24545388492750903,0.15211890049750212,18,0,NT+DT,corrected
JP-Fhk,2013,0.21488940596615133,0.6135257449099009,0.7438810413027819,0.7615739701679608,0.03318261442018385,0.1651316294709119,0.33279511066584677,0.15143337324799044,22,8,NT+DT,corrected
JP-Fhk,2014,0.21490869066098267,0.5260156471745188,0.7889313980971627,0.759905984961242,0.03285762585199005,0.22301600952118236,0.3480618047793831,0.15229274566814818,21,6,NT+DT,corrected
JP-Fhk,2015,0.2152447564423334,0.5829092291550272,0.782138018560406,0.7605474743800897,0.03295647876081505,0.24188634746149507,0.3408793265372006,0.15367409239291135,20,6,NT+DT,corrected
JP-Fhk,2016,0.21513317503392873,0.5651287895306539,0.8655325920162734,0.7608690565646213,0.03271896932334537,0.22145677128861477,0.2897496936983085,0.15362345888688694,21,7,NT+DT,corrected
JP-Fhk,2017,0.2150486406385821,0.5093273012191718,0.8207568957073785,0.7623630570508637,0.03310932820399659,0.24968754511135655,0.28913686982043374,0.1527127266534506,20,5,NT+DT,corrected
JP-Fhk,2018,0.2149871425310025,0.480656339984288,0.693779691653949,0.7613047173475979,0.03286756371788017,0.261088112578793,0.3543368124095552,0.15191249358642933,23,10,NT+DT,corrected
JP-Fhk,2019,0.21494753369286176,0.6635975534682688,0.8020059685228149,0.7601317823342115,0.03281178613758434,0.12099102642293925,0.35575118290532504,0.15384716206441906,24,5,NT+DT,corrected
JP-Fhk,2020,0.2152707170302546,0.6235653789345531,0.6766664134892064,0.7606411588528892,0.032792152725035495,0.16346259837755406,0.36764675180949624,0.15293601064153545,23,8,NT+DT,corrected
JP-Fhk,2021,0.2149047885847343,0.6975653034291774,0.8498776149139006,0.7604359801796693,0.03285096036491709,0.2083736326629692,0.3069308038904967,0.15279833896491726,19,6,NT+DT,corrected
JP-Fhk,2022,0.2147637264784717,0.5062244367691454,0.8134705812468681,0.7613277667870411,0.03294269554688418,0.26441140192497503,0.29554031611377707,0.15327972038973245,21,10,NT+DT,corrected
JP-Fhk,2023,0.21448827121939018,0.5294137741408471,0.7373957144058501,0.7620788684117508,0.032859463807340186,0.19901605575761985,0.39238865354324437,0.15223785563569572,21,9,NT+DT,corrected
JP-Fmt,2014,0.21348393798802018,0.5751014727635497,0.8085670971477894,0.7451000141242907,0.03205824629462187,0.2753975311203932,0.3769280284358096,0.15374113727639585,14,1,DT,corrected
JP-Fmt,2015,0.21345373050087207,0.3359982735396736,0.8209651801336693,0.7490355120104762,0.03211240327563745,0.24041759286966527,0.275846817628043,0.15565688633950414,17,0,DT,corrected
JP-Fmt,2016,0.21338882526237735,0.778758009311168,0.8957129256036279,0.7499662841442915,0.03183228590402226,0.3402219371117257,0.32200698238920217,0.15348039406844544,17,12,DT,corrected
JP-Fmt,2017,0.21301489804681575,0.40611616762461866,0.5707940689601356,0.7495833181992584,0.032168034268274165,0.2812453869414084,0.30351025707839263,0.154447185245037,14,10,DT,corrected
JP-Fmt,2018,0.21346514315386836,0.4770397985097035,0.7134029665733178,0.750077563862067,0.03201699532635395,0.23004414890869518,0.3873232200117234,0.1533703652220368,16,0,DT,corrected
JP-Fmt,2019,0.2134588775462961,0.5383769100048013,0.6490239929238242,0.7490243621532062,0.03184399336076989,0.38762705460649083,0.1920701176557293,0.15561281291710535,14,3,DT,corrected
JP-Fmt,2020,0.2138075550033662,0.6033298994557109,0.9142216821764996,0.7481420377833098,0.031792885935902696,0.25516663133507456,0.29565957474225246,0.1557020402405045,12,0,DT,corrected
JP-Fmt,2021,0.21340807406936144,0.20860336892391682,0.7148470400008744,0.7501745089456732,0.03206137540895629,0.17993696873761642,0.15425466072081973,0.1549968962160052,13,11,DT,corrected
JP-Fmt,2022,0.21388567156966165,0.51155419858206,0.3277288792708753,0.7492488523341777,0.03185011747403501,0.20273496050921697,0.20980672845066758,0.15368947674267533,16,11,DT,corrected
JP-Fmt,2023,0.21373754469823844,0.22862000376132272,0.6931255557854109,0.7501810662292266,0.03212124316470656,0.14357122604009273,0.24093200472884763,0.15504128022994804,17,14,DT,corrected
JP-NsC,2004,0.21331306557247165,0.735255694747253,0.6500000000000025,0.7665438706568185,0.032312010908488835,2.1112549917641604e-15,2.436496852641172e-15,0.15136507312120417,17,17,NT+DT,corrected
JP-NsC,2005,0.21333797372882207,0.5000361322214745,0.7616487517895769,0.770946338910006,0.03220192008169612,0.22414263540988316,0.39300815532188693,0.1515281063686161,14,0,NT+DT,corrected
JP-NsC,2006,0.21336121208430425,0.48225599065458075,0.5741463755938302,0.7687870915233588,0.03226668250960915,0.21884082038871036,0.40993201795998124,0.15015824411690537,13,0,NT+DT,corrected
JP-NsC,2007,0.21334965920516433,0.5913726369299748,0.5190333866428839,0.7684002752589638,0.03229237025922659,0.1751001249332469,0.4508948715446661,0.1512576538170593,20,0,NT+DT,corrected
JP-NsC,2008,0.21330770631814883,0.4905458988372223,0.6249662778844883,0.7687335012438505,0.03233911176550953,0.18509111205389275,0.44622349886009516,0.15223930981641934,19,0,NT+DT,corrected
JP-NsC,2009,0.21353653008792522,0.5613587311526052,0.49162301065076125,0.76995986969814,0.03230925722264884,0.18931991959838643,0.4314133892700118,0.14982254402318324,21,0,NT+DT,corrected
JP-NsC,2010,0.21323008493595827,0.620088394037183,0.6254619218393407,0.7706529166953603,0.032636732943958316,0.13716045895904114,0.46170091074377595,0.15234990550628882,10,0,NT+DT,corrected
JP-NsC,2011,0.21302313047948973,0.5545545850470787,0.6122795270834811,0.7659948802300164,0.03241545939476138,0.17711573950422013,0.4747823275623796,0.15141146115655374,16,0,NT+DT,corrected
JP-NsC,2012,0.21333861439130433,0.5842241468594273,0.49172113156288866,0.7672256478110523,0.032216222703202325,0.16106970178871755,0.4479189986334754,0.152223820373997,18,0,NT+DT,corrected
JP-NsC,2013,0.21340197085721674,0.5928116069526405,0.5799195370471774,0.7672244748942517,0.03211151128428389,0.20033589426794357,0.4689049527959263,0.15047757396735545,21,0,NT+DT,corrected
JP-NsC,2014,0.21357684721600084,0.5771558222680065,0.5599915949600458,0.7671347153625884,0.03216303120737253,0.15216222664545848,0.46602248878269165,0.1512637874161984,23,0,NT+DT,corrected
JP-NsC,2015,0.21267921168859744,0.5680315999904908,0.23391259374187057,0.7682949132902144,0.032390343334622713,0.12738265845585062,0.25931899505566136,0.15123988310734562,23,9,NT+DT,corrected
JP-NsM,2004,0.21300494741962775,0.7435481855908559,0.6500000000000025,0.766534063076387,0.03186596271320837,5.620243431871633e-16,2.4272663990099456e-15,0.15241890591331358,17,17,NT+DT,corrected
JP-NsM,2005,0.2124963321344698,0.6925598069852773,0.8960263568602131,0.768326015465252,0.03175907696509626,0.16385220067099113,0.2983689980612635,0.15276027873010817,14,0,NT+DT,corrected
JP-NsM,2006,0.21250561778885227,0.7341500043281715,0.8856311014921597,0.7669809696543763,0.031668042964155464,0.16138173920077012,0.3094294241499366,0.15284794121087433,13,0,NT+DT,corrected
JP-NsM,2007,0.21238640814244023,0.7518283602000377,0.7909436401778496,0.7672806296838651,0.03206780367624436,0.11670388217457292,0.377885511555226,0.15341353195337948,20,0,NT+DT,corrected
JP-NsM,2008,0.21276464977714965,0.6322970264354013,0.9101462474100238,0.7669217559352889,0.03138786396802627,0.18479972749824664,0.26692895102693026,0.15376906991365222,19,0,NT+DT,corrected
JP-NsM,2009,0.2122700455127016,0.6742104314988668,0.8164467697888163,0.7681080476089086,0.031511959799842,0.10551575584918065,0.3696291763250651,0.1527459795889474,21,2,NT+DT,corrected
JP-NsM,2010,0.21211700950950063,0.6843449441290885,0.8635573907933324,0.7661332143496619,0.03169174659636777,0.09224300967809178,0.3822604180766292,0.15308578424127184,10,0,NT+DT,corrected
JP-NsM,2011,0.2125118193579575,0.6697224772660937,0.9331224728139355,0.7675469913887922,0.03162284356507152,0.1730929033614046,0.3042949218047918,0.15352859409017758,16,0,NT+DT,corrected
JP-NsM,2012,0.21273763749673363,0.7187676101207677,0.7736091309593552,0.7666037876796119,0.0316763867802921,0.11270068543250968,0.3828032892149995,0.15290010143197483,18,3,NT+DT,corrected
JP-NsM,2013,0.21243147630760684,0.6480779804243771,0.7701641972746992,0.7668122523959391,0.03177298197674587,0.13158789741049795,0.4021909612499738,0.1534066395729112,21,0,NT+DT,corrected
JP-NsM,2014,0.21236833283070258,0.7244592144747332,0.8764773542264818,0.7673200836149886,0.03156095493097356,0.12249523272803703,0.3539172103295536,0.15195269122577149,23,1,NT+DT,corrected
JP-NsM,2015,0.2123877255081185,0.6258724723962986,0.5658220743358667,0.7669990354191691,0.031892733240697274,0.15917709866936297,0.40346068576415817,0.15261843867542582,23,9,NT+DT,corrected
JP-Tef,2001,0.21532232874518206,0.6873057863443435,0.6500000000000025,0.7475796178451879,0.03282960677641107,2.1225561514398623e-15,2.4342326151771648e-15,0.16240566671937515,15,15,NT+DT,corrected
JP-Tef,2002,0.21565838941099297,0.6638036467409983,0.8686270324345574,0.7465271432924787,0.0329806507877706,0.150960681905845,0.2093937241509297,0.16223643162599638,16,2,NT+DT,corrected
JP-Tef,2003,0.21530158528380594,0.7791981084892885,0.7256708844197994,0.7469639676736364,0.03281243981387458,0.10773040438701938,0.17491414292853683,0.16108507674584407,16,14,NT+DT,corrected
JP-Tef,2004,0.2155329108107698,0.5919472221198762,0.747521764757053,0.7466727504473156,0.03306141998464573,0.2042788844548378,0.23985212732352665,0.16140779699102628,16,4,NT+DT,corrected
JP-Tef,2005,0.21552127991950182,0.39008000187463077,0.6858860450856548,0.7475126365616206,0.03318527505235605,0.18785317407437552,0.2345909934998305,0.15981558851398442,15,6,NT+DT,corrected
JP-Tef,2006,0.21560209284679244,0.6087653606150939,0.7749246327264886,0.7460414371987152,0.032972077208735295,0.20847734400437887,0.23738848248681385,0.16259924146033783,19,1,NT+DT,corrected
JP-Tef,2007,0.21555830741379758,0.4256047638698133,0.7237542788214633,0.7454230749528638,0.03285590849130134,0.2164298779030776,0.26270882240772525,0.16218942624102098,16,1,NT+DT,corrected
JP-Tef,2008,0.21526321570747295,0.608164319131548,0.6994629785536851,0.7446679074246202,0.03323440996924783,0.17344037668383527,0.27971807368431256,0.16218129744642015,20,5,NT+DT,corrected
JP-Tef,2009,0.2152944641972192,0.533576488604042,0.7503645264642003,0.7458397355063412,0.03310055530237931,0.1538093081610187,0.2988519932480433,0.16127933108904244,14,3,NT+DT,corrected
JP-Tef,2010,0.21569017593171974,0.6650660399076259,0.8072365345611033,0.7477237250373127,0.03300342091581558,0.11497119919554206,0.24849731969581065,0.16299506344943188,15,4,NT+DT,corrected
JP-Tef,2011,0.21564145722470648,0.4276316225619498,0.5996838955157844,0.748241124857886,0.03286221111129309,0.21733399203424186,0.2681459182343031,0.1620981809094172,17,1,NT+DT,corrected
JP-Tef,2012,0.2152061396240727,0.47889826329844165,0.7720448522697678,0.7454420148288089,0.03279572997550237,0.20499945698133826,0.2495966483301194,0.16233205388312957,17,3,NT+DT,corrected
JP-Tef,2013,0.21504785800439197,0.5891092590760943,0.8066242544373199,0.7464588714734279,0.03279717286902127,0.21320900743481272,0.2695316486794721,0.1620621506613872,16,2,NT+DT,corrected
JP-Tef,2014,0.2152661729966173,0.6395617431656948,0.8763661249601966,0.7456206710853032,0.032955152338274465,0.19668637859911553,0.23603649496797918,0.1611363035767268,20,3,NT+DT,corrected
JP-Tef,2015,0.21519613805711946,0.5783650300194433,0.8742999333604634,0.7465240152867366,0.032980841391106776,0.19293004335391584,0.2247237718604878,0.16179461728676245,17,2,NT+DT,corrected
JP-Tef,2016,0.21527664612533445,0.6622297394171536,0.9465494974894254,0.7457501834245028,0.03302959727834132,0.1577709697050032,0.21373404795925818,0.161293014485914,14,1,NT+DT,corrected
JP-Tef,2017,0.21563961817953592,0.6944062985569583,0.935582970918481,0.745668963034102,0.03301815121067089,0.19030103478354826,0.19642500459258075,0.16261071491908,15,0,NT+DT,corrected
JP-Tef,2018,0.21520931655867512,0.6365694614756077,0.8790742933902197,0.7478279482153067,0.03291218093559967,0.20573107457321782,0.22290885054657758,0.16295273984875674,19,2,NT+DT,corrected
JP-Tef,2019,0.21589901479238657,0.6919293714742091,0.8984923564148907,0.7458572523806195,0.032778503597639896,0.1945330427755702,0.2549367641030652,0.1619667927633783,17,2,NT+DT,corrected
JP-Tef,2020,0.21578202063875415,0.6602842888863788,0.8637002819154677,0.74551232894031,0.03289608421082134,0.18697935055073725,0.24071940956935572,0.16174789626232067,20,2,NT+DT,corrected
JP-Tef,2021,0.2150144874093454,0.6881418061120216,0.8712006391416058,0.7464195808105819,0.03286831684991233,0.17116209973401353,0.23148745359903056,0.16135577300808338,20,3,NT+DT,corrected
JP-Tef,2022,0.21549610964622973,0.5287219689759142,0.9325333594585243,0.7450214743327696,0.03276444049186777,0.24207312340779738,0.21275077128918096,0.16305834449007847,19,2,NT+DT,corrected
JP-Tef,2023,0.21533193702826853,0.5049533649678396,0.7410610557300444,0.746591138967247,0.033258252980113034,0.3002029678457683,0.2974424687152418,0.16227210569333822,19,6,NT+DT,corrected
NL-Loo,1997,0.21563070512746296,0.6242955553431436,0.7380768727604559,0.7369438249371645,0.03336733804658329,0.1663539822306125,0.43215053608657134,0.17189214461490512,19,1,NT+DT,corrected
NL-Loo,1998,0.215372151347116,0.5958733049380868,0.6356286277633367,0.735020796973445,0.033046634618772656,0.19805519819750628,0.3967851706200593,0.1724434693828303,17,2,NT+DT,corrected
NL-Loo,1999,0.2161591459246356,0.5953819041252827,0.6252955770957616,0.7367677332559267,0.033254786755523326,0.15207764276665942,0.43919546452658537,0.17340521496881225,19,0,NT+DT,corrected
NL-Loo,2000,0.21542919728417181,0.5996293506295167,0.5487892962358824,0.7359371745255052,0.033315222133981845,0.1693676575705051,0.418974938911751,0.17239112399454903,15,0,NT+DT,corrected
NL-Loo,2001,0.21551922442260343,0.5154605828987647,0.585080952604674,0.7396858727244553,0.033021218014889005,0.1867812249886244,0.40972517415395016,0.1717357450799295,16,0,NT+DT,corrected
NL-Loo,2002,0.2159626252228435,0.4984828208474458,0.662574086031644,0.7343592561168522,0.03298547583988874,0.20283357378498,0.406239013264364,0.17113958065561338,17,0,NT+DT,corrected
NL-Loo,2003,0.21600887217793927,0.5259029100087682,0.6183202201947584,0.736357298215073,0.03321355444215496,0.18784404918387856,0.4029546610420559,0.17454330002974608,21,1,NT+DT,corrected
NL-Loo,2004,0.21608360703196453,0.45686201402043064,0.6666075030610528,0.7368563462988462,0.03332490886829864,0.14930331282210876,0.407661370761295,0.17345960797872284,18,0,NT+DT,corrected
NL-Loo,2005,0.21574017472597093,0.535691517093753,0.5537874494667309,0.7356992933318127,0.03332797087555112,0.18881468748418295,0.42610310785685684,0.17267485690964976,19,0,NT+DT,corrected
NL-Loo,2006,0.21556170345457742,0.5682744575200267,0.544014764343614,0.7383399904272013,0.033167206111223015,0.21188053351569408,0.40755435008002044,0.17329269913494008,18,0,NT+DT,corrected
NL-Loo,2007,0.21585806219442125,0.5217415866517802,0.5903780012764952,0.7364936714201025,0.033353827290706684,0.18644657540170972,0.42144681515051857,0.17364414058560843,17,0,NT+DT,corrected
NL-Loo,2008,0.2159249347175659,0.4654964009954695,0.7096994598358619,0.7352060774066809,0.033383147114906454,0.170993519297248,0.39739559827653526,0.17177747707434451,16,1,NT+DT,corrected
NL-Loo,2009,0.21615127943598567,0.5764685387713744,0.5430220941122189,0.7359496102986959,0.03304996650996145,0.13932112152853443,0.42372733326780865,0.1722670378876911,16,0,NT+DT,corrected
NL-Loo,2010,0.21533770624216428,0.5499368105627844,0.6203695083145521,0.7341075266701534,0.03354423903412662,0.16439532398745413,0.42727991358864714,0.17085448278633036,17,0,NT+DT,corrected
NL-Loo,2011,0.2154923884585745,0.5929338631488306,0.6494616966297774,0.7349850674253233,0.033263294908692835,0.12429356139835798,0.45956512253507575,0.17273592150839187,16,1,NT+DT,corrected
NL-Loo,2012,0.21578933466412925,0.597113389145581,0.6199096908096511,0.737563754142311,0.03345490605794513,0.1601702759095616,0.4593703001692472,0.17395389442047324,13,1,NT+DT,corrected
NL-Loo,2013,0.21587929808075595,0.586749064333575,0.6098127503181989,0.736494859534316,0.033402621931867424,0.16558459471211578,0.4371150355137593,0.17414541576389916,18,3,NT+DT,corrected
NL-Loo,2014,0.21589885620632152,0.5610214299033129,0.6311936612685201,0.7350811419905295,0.033614682772127646,0.19148418193650044,0.43425483327179715,0.17401514899731566,16,0,NT+DT,corrected
NL-Loo,2015,0.215408411857118,0.6002426325740131,0.6679642687165608,0.7348302545586897,0.033181031784051296,0.1757303213482087,0.40671902478669775,0.17271314961336598,18,0,NT+DT,corrected
NL-Loo,2016,0.21566256703503212,0.331915642278591,0.5973571031319878,0.7347076074235902,0.03333356212134122,0.2414499672848922,0.34645707382491586,0.1735926220976426,16,1,NT+DT,corrected
NL-Loo,2017,0.21539655448642056,0.5818256032228798,0.5893303944698208,0.7356713108274249,0.03286364280396288,0.1790047189558961,0.4687127969221736,0.17228928782177594,14,0,NT+DT,corrected
NL-Loo,2018,0.2151504230793905,0.6267438061639569,0.5067371597078957,0.7349421519044219,0.033465929214299375,0.17538914677668171,0.4540013843635215,0.1727184907062311,21,4,NT+DT,corrected
NL-Loo,2019,0.2155526013706505,0.40418117304065176,0.5384154513420281,0.7331305634900213,0.03334999092020597,0.1423856068314405,0.3565580151751374,0.17206477897619438,17,4,NT+DT,corrected
NL-Loo,2020,0.21608379055246713,0.567151249608999,0.6253800984401596,0.7345396681498186,0.03319762628495796,0.14937716347669888,0.43920717935413034,0.17237679978420914,16,2,NT+DT,corrected
NL-Loo,2021,0.2158558247666163,0.5452890150039293,0.6562272175221271,0.7365128585117426,0.033404058646279815,0.22588519446621055,0.4313607238448187,0.17368097273672517,19,1,NT+DT,corrected
NL-Loo,2022,0.21536707027211668,0.4375594813236615,0.6190245958880487,0.7344399905372022,0.03329650785227325,0.1517297505636114,0.42617638035343397,0.17260253496008576,18,1,NT+DT,corrected
NL-Loo,2023,0.21531162444521254,0.4743084854086638,0.6211708592962563,0.7355955670979242,0.033365742563859414,0.20878243126194856,0.40742253606471307,0.17229696222625626,18,0,NT+DT,corrected
NL-Loo,2024,0.21580693025163264,0.493294236696182,0.5654464397643999,0.7344161224383943,0.033062916833249335,0.1684020814143257,0.45836794810223586,0.17439797968077506,20,0,NT+DT,corrected
NL-Loo,2025,0.2154094060793094,0.4242076783696785,0.6080224584211683,0.7361586628338144,0.033167999474988344,0.15302260953118002,0.4255383352673641,0.1716316773749533,21,0,NT+DT,corrected
NL-Vkp,2014,0.21605533663774668,0.5693982166211505,0.5172094447743206,0.7367657306237535,0.0325816850904193,0.14996126769464516,0.23955449780223823,0.16926559176022885,17,12,NT+DT,corrected
NL-Vkp,2015,0.2164541108201564,0.5579183826502282,0.6291425282719622,0.7387823152651721,0.032631352003770236,0.18876425795339247,0.45736148394949655,0.16799850903274005,19,0,NT+DT,corrected
NL-Vkp,2016,0.2161487549317656,0.485795627587861,0.6956531751591621,0.738412809992833,0.0326407612990999,0.13131463603770166,0.46303271755827563,0.1689820354459126,20,0,NT+DT,corrected
NL-Vkp,2017,0.2164347019977669,0.45593996576229495,0.621235800965035,0.7350842228799576,0.03262876555626976,0.13825292592149355,0.4319973252991735,0.16855225065543217,17,0,NT+DT,corrected
NL-Vkp,2018,0.21623095734407483,0.39200217933230175,0.5852550870558854,0.7369614906797837,0.03257878424370033,0.15449300231385124,0.4112462527407071,0.16963757806383375,21,1,NT+DT,corrected
NL-Vkp,2019,0.2162000626032728,0.503880964861753,0.6492696322634195,0.7356516714933671,0.03263549801297856,0.1588474125194312,0.42039687790535063,0.16919069910066165,19,0,NT+DT,corrected
NL-Vkp,2020,0.2169600549870839,0.5192743739707051,0.668451544251333,0.740093895348406,0.03266238200579402,0.15685181244987467,0.4431731946219217,0.17009929551505132,17,1,NT+DT,corrected
NL-Vkp,2021,0.2161959119965123,0.4163795274910195,0.5679358377791907,0.7374176099166255,0.03254369851123183,0.23147139973479092,0.3911267912096852,0.16767044181381383,18,1,NT+DT,corrected
NL-Vkp,2022,0.21610427638011265,0.4458845277686921,0.6467394007056522,0.7364100552029842,0.032725703827803015,0.1284501974297849,0.42446957132568286,0.16902178423718411,20,0,NT+DT,corrected
NL-Vkp,2023,0.21638478434861377,0.49548269412910484,0.6243146424136968,0.7365110719790343,0.03256402979729193,0.15282386558536845,0.4637580086553436,0.17065677897380466,20,2,NT+DT,corrected
NL-Vkp,2024,0.21669222609412545,0.4434526543983398,0.5848229705991143,0.7392942746835317,0.032550747958367536,0.15357399190870438,0.4427132740592351,0.16931477823257113,18,2,NT+DT,corrected
RU-Fy2,2015,0.216500108595293,0.5622486478722702,0.7358248456844418,0.7591202269608769,0.031839908436855864,0.14863561859952967,0.23295566499289871,0.15495400288566363,17,7,NT+DT,corrected
RU-Fy2,2016,0.21695889732606294,0.32071818799688295,0.6104682061533421,0.7595954434300021,0.0317512458725641,0.17797948754274462,0.26310776151867593,0.15502184036658617,17,2,NT+DT,corrected
RU-Fy2,2017,0.21673937236953847,0.45828280245918884,0.8127535926990472,0.7602790655641942,0.03176197950827323,0.2391525924546437,0.24706783504280302,0.1549582576084161,18,0,NT+DT,corrected
RU-Fy2,2018,0.21670541025775206,0.4614513612198151,0.7968807379503294,0.7598341441121668,0.03200332811268599,0.18583616451475707,0.2695369517351041,0.15426708648225942,17,1,NT+DT,corrected
RU-Fy2,2019,0.21715032513296056,0.4648066941244034,0.8091951448161805,0.7575500762638042,0.031628255487359265,0.2513262406749912,0.27706747574306473,0.15446421273125574,17,1,NT+DT,corrected
RU-Fy2,2020,0.21684580740844647,0.4852512518951955,0.8386646272696985,0.7598309443384226,0.03194896503547191,0.2287827499772526,0.23459369321617182,0.15376834616170196,18,0,NT+DT,corrected
RU-Fy2,2021,0.21658086144518274,0.4945847887879857,0.7711834229627686,0.7575660570108675,0.03180889105873445,0.21360332012783662,0.27071733784393054,0.15467361651997963,15,0,NT+DT,corrected
RU-Fy2,2022,0.21637818403141384,0.471948050354347,0.7745024168095686,0.7591945074597998,0.03184157205000503,0.2423021441063333,0.26766946827846033,0.15487050886406337,19,0,NT+DT,corrected
RU-Fy2,2023,0.2165145431631658,0.3928642959959539,0.7277279453695702,0.7607422699668656,0.03201037389898657,0.2128098435807856,0.30204159817156084,0.15619718804399288,17,2,NT+DT,corrected
RU-Fy2,2024,0.21675559543613215,0.5287527562159742,0.7260423806095166,0.7578483413802084,0.03175966335685513,0.2319862477537425,0.3489929841291069,0.1547077516271769,19,3,NT+DT,corrected
SE-Svb,2014,0.21475240614076216,0.6800559854253025,0.6105162180401158,0.7314980597892227,0.033416591773353224,0.17296121591171942,0.42537039283154776,0.17561348487058884,16,5,NT+DT,corrected
SE-Svb,2015,0.21459585388539337,0.6814716429184711,0.5267271888089669,0.7317481794446626,0.03320855624345241,0.1295437339941122,0.43277741539710535,0.17465653073894863,15,2,NT+DT,corrected
SE-Svb,2016,0.21442576168957142,0.657778836536176,0.5401948050092514,0.7327802145003612,0.033522582551581644,0.13906859930011412,0.443495529728193,0.17385434838209918,15,1,NT+DT,corrected
SE-Svb,2017,0.21477585932668114,0.9274722104055928,0.14085696321460583,0.7305497264089276,0.033448349575696985,0.07960356752936185,0.15043425965698362,0.1720061917405451,14,14,NT+DT,corrected
SE-Svb,2018,0.21537966653503177,0.637525666625627,0.48853714082977634,0.7275302634277493,0.033428343391407045,0.1954302692956563,0.39399955781787305,0.1750574709515314,17,1,NT+DT,corrected
SE-Svb,2019,0.21431449287630944,0.5429281209373081,0.531152467608666,0.732406824062534,0.03320471877952665,0.22050094270590448,0.41317953809806995,0.17384752511836496,15,3,NT+DT,corrected
SE-Svb,2020,0.214092658691455,0.6960357103800919,0.41359436639428565,0.7322013975269348,0.03370889914266387,0.1460941833653836,0.43843152426097254,0.1747081926855523,14,2,NT+DT,corrected
SE-Svb,2021,0.21420677863536894,0.5341706218432415,0.583048612093736,0.7292480624159012,0.033447619488405786,0.16534964034675634,0.3715082224148587,0.17569233147368246,15,2,NT+DT,corrected
SE-Svb,2022,0.21394645781154553,0.5207176078473703,0.594417592951663,0.7302865366675142,0.03350039520442242,0.1393073994210394,0.4079260283097391,0.17262184476846396,16,3,NT+DT,corrected
SE-Svb,2023,0.2145633929474068,0.6166920556982436,0.34201432394666437,0.7273077907782932,0.03317483991443013,0.16639516897828413,0.3523152502559401,0.17433269599672224,14,3,NT+DT,corrected
SE-Svb,2024,0.21422925702646903,0.5406933108339491,0.4879874437906776,0.7284884050578323,0.03350030003513587,0.17710469455773992,0.44681497263094694,0.17194592176520834,16,2,NT+DT,corrected
US-Aud,2002,0.21514468340091944,0.6529316922735549,0.6500000000000024,0.7109968360755718,0.03461240069367565,1.6067872873734247e-16,2.4558012267089902e-15,0.1944442373169453,26,26,NT,corrected
US-Aud,2003,0.21491031612163586,0.6529316922735549,0.6500000000000025,0.7084886729547684,0.034996444475816756,1.6047908030751584e-16,2.4440474140702695e-15,0.19595006505630658,24,24,NT,corrected
US-Aud,2004,0.21480370710254512,0.6529316922735549,0.6500000000000024,0.7077927957545702,0.03461900211401022,1.599512060772853e-16,2.4611088508877104e-15,0.19453587827666685,23,23,NT,corrected
US-Aud,2005,0.2153510888088603,0.6529316922735549,0.6500000000000026,0.7095925269074153,0.03470821215756247,1.5908841261958355e-16,2.445449624791536e-15,0.19367206187720706,25,25,NT,corrected
US-Aud,2006,0.21454173044948016,0.6440888149058724,0.6421131349547775,0.7087693289416144,0.03463002494868782,0.05270197580755541,0.05279947304503887,0.19476540026394637,25,24,NT,corrected
US-Aud,2007,0.21544317742639693,0.4541030694548637,0.4470377490608289,0.708886642658355,0.03465923462023725,0.14540748279278026,0.18700230910429674,0.19588521581892102,27,26,NT,corrected
US-Aud,2008,0.21573475881601206,0.5352291538980862,0.4554961139380429,0.7089004539803558,0.03486869308181487,0.050903554716405244,0.21161985091049657,0.1954570975638231,21,21,NT,corrected
US-Aud,2009,0.214956111996094,0.5345663801129988,0.456249396556375,0.708284700153443,0.03449517766176986,0.0508781788909294,0.21123920219620845,0.194328400298784,23,23,NT,corrected
US-Aud,2010,0.21532895972757296,0.5346454946714616,0.4553866790203634,0.7083623886343279,0.034758809312484804,0.05102031958703944,0.21165193317571268,0.1942635822230419,24,24,NT,corrected
US-Aud,2011,0.21494717720318793,0.5351847825097388,0.4560067490458979,0.707907496302674,0.0346522134812286,0.051287116273952,0.20942351349644475,0.1960772666060045,23,23,NT,corrected
US-Aud,2012,0.21527264875846408,0.5344822822973949,0.45773784341793594,0.711715019144049,0.03467888615788052,0.05091499612174192,0.21094605159981772,0.19484465185584468,22,22,NT,corrected
US-Aud,2013,0.2151192008354993,0.5345468042845425,0.45595027225243734,0.7088986640342971,0.03475098775720948,0.05129627787321787,0.20959571621431008,0.19328297826935814,24,24,NT,corrected
US-Aud,2014,0.2154897059485435,0.5349370704563103,0.4576446785195929,0.7087989297823658,0.034860529352674884,0.051383962131167964,0.21110836810538294,0.19637886948408817,22,22,NT,corrected
US-Aud,2015,0.2154062436802204,0.5345875337500497,0.45617844363204485,0.7087958476802979,0.03485555584754106,0.05122149381701067,0.2112747632561874,0.1952893255628921,21,21,NT,corrected
US-Aud,2016,0.21483358714247044,0.5343776391727315,0.4555382345379753,0.7088396562511541,0.0347467222073656,0.05091075397228045,0.2115839587300038,0.19557126461263613,24,24,NT,corrected
US-Aud,2017,0.21491484439872785,0.34860705021416694,0.6868060888039725,0.7093424686984383,0.03494274529032316,0.15185849200290666,0.21978112100059424,0.194724168005217,21,20,NT,corrected
US-Aud,2018,0.2149988721645367,0.4353929368381509,0.5813839961804392,0.7107095294144558,0.03461885157172513,0.2507030548594582,0.2693587860536729,0.19394352205556814,23,20,NT,corrected
US-Aud,2019,0.21531868065167425,0.54454351993411,0.6340833112219204,0.7093975953318014,0.03492751889688924,0.18313919808198795,0.26990024245464633,0.1956782138206905,24,16,NT,corrected
US-Aud,2020,0.21483881555614687,0.43365470576865334,0.7267795565513644,0.709157521815765,0.03500401462283903,0.20695501630686738,0.25064766070023914,0.19486915221790427,23,17,NT,corrected
US-Aud,2021,0.21495345451552383,0.31881568139725,0.7909743133916322,0.7054410869115072,0.034655048974500086,0.16248093381297518,0.23314236526851076,0.1943695879570332,22,20,NT,corrected
US-Aud,2022,0.21501904202871933,0.4461198155221282,0.5768228943631556,0.7113677243681611,0.03469608728270006,0.16466107609927952,0.29829019798693823,0.1952684903278918,23,15,NT,corrected
US-Aud,2023,0.21529719119570118,0.534028568740533,0.41105498770662224,0.7077710763265647,0.03475278875921591,0.07598347265227123,0.19548060845934942,0.1957044504554695,24,24,NT,corrected
US-Aud,2024,0.21524637165209973,0.5342463194359394,0.41094466492888504,0.709160724607563,0.03469957138331843,0.076279083974727,0.19846835996722573,0.19622595863990264,22,22,NT,corrected
US-Bar,2004,0.21528224456005146,0.7377706592249823,0.8360686940204096,0.7601553455054214,0.032556897119407714,0.19817720405581488,0.3087497202435763,0.15350649223442933,16,2,NT+DT,corrected
US-Bar,2005,0.2151313974067782,0.47898975544739436,0.6724703997138575,0.7612705449689546,0.03230969860526225,0.28578437609100166,0.3442780110715,0.15434377869721247,16,2,NT+DT,corrected
US-Bar,2006,0.21539712649305856,0.5643372447890534,0.6742149627016423,0.7623317476314442,0.03280821593475941,0.1572914515073851,0.3222912334847068,0.1540167598627745,18,6,NT+DT,corrected
US-Bar,2007,0.21562687595821092,0.675130121881446,0.7882059832403125,0.7628665111550715,0.03265281915653656,0.22533565733789981,0.3149633400215029,0.15480292978189422,18,0,NT+DT,corrected
US-Bar,2008,0.2156167027442257,0.7224314095159042,0.6010137195595656,0.7627091440833219,0.03241999498784454,0.18010511966812603,0.40455573878244355,0.15486286184121034,15,4,NT+DT,corrected
US-Bar,2009,0.21580405509029976,0.6471379951073611,0.8787968075661851,0.7620819302667715,0.0325673676397599,0.16979993732826518,0.24515246920728054,0.1535469779137284,18,4,NT+DT,corrected
US-Bar,2010,0.2153773879961991,0.607826359605815,0.8125564062018742,0.7627701038342176,0.03285424129924232,0.22374354407296032,0.2917733688185532,0.153545861918004,20,2,NT+DT,corrected
US-Bar,2011,0.21560456545704268,0.5998653202583023,0.7076049483278221,0.7601376856343564,0.03279518664682289,0.2111246295180814,0.3537510860137274,0.15446322432486703,16,5,NT+DT,corrected
US-Bar,2012,0.215230072851129,0.6608504288839775,0.7785590085451747,0.7606948207499227,0.03303164490464123,0.2081712829914118,0.3475572278072174,0.15355149636020535,18,1,NT+DT,corrected
US-Bar,2013,0.2155993342334703,0.6144786504855326,0.8318059297788302,0.7602341158806964,0.03260443598219465,0.1984889186458316,0.27891377399829026,0.15470472530499965,15,1,NT+DT,corrected
US-Bar,2014,0.21556803504332975,0.610803005081747,0.7927303474978972,0.7610274019737728,0.03266332155636334,0.25212186387194485,0.3089186725918747,0.1531432495624834,20,1,NT+DT,corrected
US-Bar,2015,0.21586330707419893,0.6208291687175147,0.8232357787578177,0.7622705034114337,0.03283837796301551,0.19679689597061073,0.31352525793811137,0.15435310896458215,19,4,NT+DT,corrected
US-Bar,2016,0.21529590310556496,0.5594233094940634,0.7936110329659212,0.7627627589510296,0.03282026367024384,0.24764874268723358,0.310568873559763,0.15364597124966115,19,1,NT+DT,corrected
US-Bar,2017,0.21560358464218402,0.5994199380074672,0.7141948912682538,0.7599004877085316,0.03286074768013451,0.21337907390034783,0.4083904538364306,0.1531201340592452,18,2,NT+DT,corrected
US-Bar,2018,0.2155247712090416,0.6623219270369616,0.32919456060434293,0.7594107766503232,0.032419577190821725,0.17059998646035746,0.316314660209861,0.15402821059903177,19,14,NT+DT,corrected
US-Bar,2019,0.21513963356247182,0.6176799210173222,0.7185925344983954,0.7631184900556367,0.03283097362229538,0.24229423817433685,0.34492952460591225,0.15429065443460965,18,3,NT+DT,corrected
US-Bar,2020,0.215345610640409,0.642397240600662,0.6735877072918153,0.7624936550419902,0.03257853554226423,0.24683791365053065,0.34610068339438654,0.15444354034017793,19,2,NT+DT,corrected
US-Bar,2021,0.2155722612611631,0.48654251678515986,0.6488811289928074,0.7624771410932616,0.032705490190262206,0.24694440475333393,0.338386650561098,0.15409127548402146,17,7,NT+DT,corrected
US-Bar,2022,0.2152808881957673,0.416905921514587,0.7257276753981471,0.761683272671952,0.032526854230188126,0.2256173602961607,0.323923376615244,0.15390825911068828,17,6,NT+DT,corrected
US-Bar,2023,0.21537016442962684,0.5692835593178119,0.6588600034834798,0.7597390238346691,0.032417373933735213,0.15294402963883036,0.3586522188228388,0.1566367256858057,19,6,NT+DT,corrected
US-CMW,2001,0.21730528460243212,0.4560556112786071,0.6986825401730709,0.7287623335874529,0.03549837996819302,0.19185016649229206,0.2526147011332256,0.1792257704235087,23,9,NT+DT,corrected
US-CMW,2002,0.2170710779161249,0.5105345898919472,0.6619773504258621,0.7319358990774013,0.03555374174234399,0.22561747640186922,0.3637084152542868,0.17860067478137392,26,14,NT+DT,corrected
US-CMW,2003,0.2170208142081448,0.5809898896740847,0.6779620661694914,0.7321784008464951,0.03560698191102179,0.25418437034063035,0.34823600523309284,0.17972411160541127,25,16,NT+DT,corrected
US-CMW,2004,0.2170426671889132,0.6183927122191742,0.8325873617172715,0.7313695632999258,0.03549427751374227,0.2008489516473839,0.3505203367965194,0.1798677568139238,22,6,NT+DT,corrected
US-CMW,2005,0.21743965437163845,0.5264587811656737,0.853082117611394,0.7311527390129159,0.03557618347179918,0.20392768220190546,0.30033102168940334,0.1794940705438921,25,2,NT+DT,corrected
US-CMW,2006,0.2174533605996278,0.5174643235049229,0.8646047587307122,0.7315605987806874,0.03562935528826022,0.18027938368356633,0.25494755442442246,0.17932453488044386,26,1,NT+DT,corrected
US-CMW,2007,0.2169513562967996,0.503554657983541,0.8918681901096435,0.7312716880560833,0.035713345334971315,0.23749396461231678,0.26370820402336737,0.17840666110357312,24,0,NT+DT,corrected
US-CMW,2008,0.21664651483440034,0.4652116205311261,0.8551820911071634,0.7323086041290569,0.03567500668381964,0.17696348073457852,0.23278345283015406,0.17958893856000116,24,4,NT+DT,corrected
US-CMW,2009,0.2172867736380116,0.5963655801775961,0.7955138587720318,0.7298967518359359,0.03545557025806403,0.16606142185746325,0.3509287274722938,0.18006077224416955,26,4,NT+DT,corrected
US-CMW,2010,0.2173569054781627,0.5277405129786235,0.6891321972064334,0.7333028540666378,0.03589438047162418,0.21909599466261767,0.40050277492388264,0.18087733497232797,24,8,NT+DT,corrected
US-CMW,2011,0.21732967412435983,0.6219186717206565,0.8110934346916753,0.7312837978796625,0.03547067068303793,0.20615770656366433,0.3475899796301151,0.1811575172848228,24,5,NT+DT,corrected
US-CMW,2012,0.21682392851820032,0.4862207851919775,0.9096235683841869,0.7304532351139206,0.03562656437025109,0.2172332395696482,0.24521790849095343,0.1790569615659224,24,4,NT+DT,corrected
US-CMW,2013,0.21698167018720654,0.5741966159169324,0.8231796400775012,0.7310434303613466,0.035866565646294195,0.2073038062354345,0.31616457793340536,0.18137632423445418,27,1,NT+DT,corrected
US-CMW,2014,0.2173275088708931,0.4289725694987378,0.7660828426822318,0.7289482330768928,0.03559736154682145,0.15544996618194934,0.2959045583471421,0.1803760499360115,24,1,NT+DT,corrected
US-CMW,2015,0.2168892092991444,0.4612528713046475,0.7553826915157483,0.7301316046049561,0.03577707786065438,0.193428023337483,0.316325880749421,0.17927597112473923,23,4,NT+DT,corrected
US-CMW,2016,0.2173366473114613,0.5430807597369024,0.6638567072245785,0.7312539966090573,0.035744148921403436,0.1361551921409304,0.39859930165202634,0.18021539996177544,27,11,NT+DT,corrected
US-CMW,2017,0.21696495491311443,0.5302554996315592,0.9673805576863337,0.7322098586690401,0.0355101241817534,0.22022799059878242,0.23356885931278581,0.17990268266026221,20,2,NT+DT,corrected
US-CMW,2018,0.21697956134716745,0.5227992116724919,0.8232529132384335,0.7313061473553922,0.035616932998051604,0.2001058792499588,0.32115592731034404,0.17937340228927287,24,0,NT+DT,corrected
US-CMW,2019,0.21706941876742797,0.5651596962959391,0.7634889853463497,0.7308855572511666,0.03574174177994042,0.22525077205202992,0.30768766404847175,0.1800149395837769,24,8,NT+DT,corrected
US-CMW,2020,0.21725392569245067,0.46011431419774174,0.8444862658216986,0.7314818357391546,0.03580629926665415,0.19288181071491511,0.28342162101649304,0.1807711665322116,26,2,NT+DT,corrected
US-CMW,2021,0.21718025708686925,0.5057514809685274,0.8937980949121885,0.7309278453238846,0.035419228128482916,0.21036913083732067,0.25600437775016316,0.18010569991043424,23,4,NT+DT,corrected
US-Ced,2005,0.21534020444658475,0.6222453980876054,0.6709882524097582,0.7414840058399303,0.033345999481395834,0.06707283081868537,0.14315415473970194,0.16783028883017007,25,24,NT+DT,corrected
US-Ced,2006,0.21522176848762814,0.5459721163187647,0.8685424821261608,0.7393132782087132,0.033401807852214645,0.19032980898894333,0.2952395709868921,0.16824813519947301,25,3,NT+DT,corrected
US-Ced,2007,0.21539337913319195,0.6060046159347406,0.77858569042003,0.7420457694502329,0.03340726176651971,0.20926485751226404,0.32424715041058755,0.165904577319775,22,1,NT+DT,corrected
US-Ced,2008,0.21524549322996397,0.5112569266888964,0.8015846392722493,0.7406484779769155,0.033295299613940385,0.20682679590376168,0.2727284155055285,0.16723414555631985,25,0,NT+DT,corrected
US-Ced,2009,0.21500603654797315,0.636165629652056,0.8789448841906298,0.7419640137904882,0.0330102244838894,0.23388218862052568,0.28537511391280296,0.16865915186664462,20,0,NT+DT,corrected
US-Ced,2010,0.2154474127901974,0.6019306935370662,0.7724841980999457,0.7410969522789808,0.033316653312399074,0.20740232192827948,0.3725043414005577,0.167967738239338,21,1,NT+DT,corrected
US-Ced,2011,0.21562831240055802,0.6109102827341327,0.8495019228536128,0.7405945063695561,0.0332776541930658,0.20361775991819742,0.3370527548295012,0.16667348275415111,25,2,NT+DT,corrected
US-Ced,2012,0.21539321167499864,0.5835555400484829,0.8269470327694679,0.7411993053962606,0.03318076179534047,0.19303281567300914,0.3127346017859083,0.16735069165778832,24,0,NT+DT,corrected
US-Ced,2013,0.21556978013911401,0.4823732862233535,0.8375946661127109,0.7422657488301334,0.03341356327693798,0.24258116909545815,0.3005139914819873,0.1680476002239064,20,1,NT+DT,corrected
US-Ced,2014,0.21569455355401435,0.5339793331973666,0.8775110121233338,0.742803804877217,0.033276324503869456,0.1940916881593645,0.23505128890872906,0.16690752147417892,18,0,NT+DT,corrected
US-ChR,2006,0.21705102476657356,0.6201067726634764,0.46825679219709665,0.7441009716569931,0.03405514360879977,0.17576785147772575,0.26467278902181396,0.16448631537977013,28,17,NT+DT,corrected
US-ChR,2007,0.21680844316442774,0.5467815025166641,0.6207886638692273,0.7453690178591629,0.033800143267317256,0.1973998023867553,0.37126878005957903,0.1637549743193521,22,10,NT+DT,corrected
US-ChR,2008,0.21680045571406598,0.3790023534302065,0.5198505773294839,0.7440914909104079,0.03402347022604491,0.20992467245738783,0.3601517602451146,0.16323084056315493,22,9,NT+DT,corrected
US-ChR,2009,0.2167505185579892,0.3604124900889564,0.7780478246794995,0.7446092941580171,0.03402580584126954,0.20538501936146533,0.37964360032065936,0.1639665599845646,21,14,NT+DT,corrected
US-ChR,2010,0.21691719460122863,0.4462186927349263,0.4806166941606855,0.7452687920027015,0.0340899828268513,0.26730736798295046,0.3830567986607233,0.16270315291770635,17,6,NT+DT,corrected
US-ChR,2011,0.2171244904550579,0.6828685736590309,0.630878028938963,0.7443278613843757,0.034127568407613086,0.21148199280453275,0.46153357563412695,0.16258897418454643,23,8,NT+DT,corrected
US-ChR,2012,0.2171652135837012,0.5073567667568223,0.6290787734149863,0.7443140492951823,0.03417637802599228,0.22115262342481204,0.3578179843400696,0.1638056266713208,22,14,NT+DT,corrected
US-ChR,2013,0.2173089570533853,0.420377416335975,0.6751972824672149,0.7429229599047472,0.034084106786381525,0.20603700260930063,0.3689212308201901,0.164284703266924,22,4,NT+DT,corrected
US-ChR,2014,0.21756224409028063,0.5030868357932221,0.6668400430988178,0.740667393846012,0.03410286662730822,0.21691633421084214,0.4059832633101865,0.16273434126516034,21,5,NT+DT,corrected
US-ChR,2015,0.21706712751254137,0.45328523663303916,0.55497310310388,0.744198914196755,0.03409495602568407,0.21482464646274305,0.42734774887291943,0.1627006977024554,20,7,NT+DT,corrected
US-ChR,2016,0.21705974326286928,0.4377438681940958,0.4716065512224687,0.7441320086782194,0.03382179234793464,0.1970957227463516,0.4038010777453531,0.16310237944470282,23,12,NT+DT,corrected
US-ChR,2017,0.2166383314915278,0.5673424795444191,0.10136907428800083,0.7435886636789943,0.03368617233273912,0.03603447893446682,0.16033785481861695,0.16314628699982026,21,21,NT+DT,corrected
US-ChR,2018,0.21719515722458027,0.5672609218285026,0.09989262872307965,0.7423093244057409,0.03391107092784579,0.036121653914451754,0.16038010884924836,0.16217208412517078,15,15,NT+DT,corrected
US-ChR,2019,0.21758569248606996,0.49311034937965603,0.5332375480326752,0.7442819595721957,0.03383494230975374,0.11922487502909421,0.4199896265607466,0.16364253252525185,19,10,NT+DT,corrected
US-EML,2008,0.21633067223962513,0.5971710394918565,0.7499431519380297,0.710514991153751,0.03661861874791542,0.14564872183849223,0.16970008087712074,0.1940856718294981,5,1,NT+DT,corrected
US-EML,2009,0.21692015800267897,0.5623886173761257,0.6741049805438561,0.7083585756416723,0.03624073166547214,0.14899185522668998,0.280114409229214,0.19554013526541666,8,2,NT+DT,corrected
US-EML,2010,0.21694449231016041,0.4907598478562228,0.6400342622831269,0.7076866727625168,0.03631787999360942,0.17720210591334748,0.2806382736283804,0.1973700256672352,5,1,NT+DT,corrected
US-EML,2011,0.21721468176004408,0.6094928942737112,0.6378787213765506,0.7061312164396903,0.036133972169704126,0.1618694020924716,0.2897086128585819,0.1948877359560501,7,1,NT+DT,corrected
US-EML,2012,0.2168379865938886,0.5999582595858094,0.54596011949901,0.7092190539512818,0.03675410134374898,0.14618447167438633,0.30705901059461305,0.19564407924943772,5,3,NT+DT,corrected
US-EML,2013,0.21694637123285707,0.6619950026570635,0.5289607052413134,0.706822012416142,0.0361571476453659,0.16610653230869812,0.3154783115166869,0.19560343939476782,6,2,NT+DT,corrected
US-EML,2014,0.21653119583209884,0.7226058862135477,0.7077932714006,0.7081578105458161,0.03634570960713422,0.20408057199562732,0.3167908499224663,0.19634333575851473,9,3,NT+DT,corrected
US-EML,2015,0.21696932253758552,0.6084790724009902,0.4217032903448635,0.7058125383576664,0.03600179718388733,0.10737130376943532,0.2864513876461845,0.19604410682122636,7,4,NT+DT,corrected
US-EML,2016,0.21674905869081423,0.5866717417002216,0.5845230152821492,0.710735191193357,0.03588848814372126,0.1589575878635333,0.3001567287355997,0.19639345552402593,7,2,NT+DT,corrected
US-EML,2017,0.21625129348817548,0.5037437446950997,0.6233973728190293,0.7086764088775009,0.03648598136991948,0.21086017236842344,0.3164078195742684,0.1960102448109066,6,2,NT+DT,corrected
US-EML,2018,0.2163254696926675,0.6063770869019445,0.7295015316891326,0.7095923254027584,0.03675290402396305,0.1049972886478976,0.2677401559253113,0.1964453709666525,5,1,NT+DT,corrected
US-EML,2019,0.2167232256083794,0.5190640807263422,0.7017638597862529,0.7085843770739142,0.036513219258866234,0.16617824266017814,0.295148687247343,0.19568042218921666,9,2,NT+DT,corrected
US-EML,2020,0.2171792051054815,0.4451852361049083,0.3485338721250711,0.7121358240164871,0.036835153806041424,0.06779136289597587,0.23764598766804215,0.2005102032647521,2,2,NT+DT,corrected
US-EML,2021,0.2163777950094895,0.5143652258835486,0.439576824551758,0.710099989688526,0.03653712105860762,0.1333129891441571,0.27910948229607074,0.19669545326329962,6,3,NT+DT,corrected
US-EML,2022,0.21667297771377367,0.5218825391360428,0.4670811444563884,0.704714466717258,0.03604179546367336,0.15113679902514993,0.22317045016469858,0.19540451777887052,7,3,NT+DT,corrected
US-EML,2023,0.21785283158752636,0.5639288573289283,0.4035095740981881,0.7106671108398612,0.0363398557953107,0.07577304498159013,0.18782391802440207,0.19336057402375248,5,5,NT+DT,corrected
US-GLE,2005,0.2154517878891209,0.5304743097708097,0.6615729746264973,0.7236393634050162,0.035995217072627504,0.2303794007255814,0.2698620902869523,0.18301208680010794,13,4,NT+DT,corrected
US-GLE,2006,0.2151871019907617,0.31789575576317564,0.5997182442634981,0.7207915352986293,0.03627791965966807,0.2370371576374988,0.27055381413955754,0.18620274672651108,12,5,NT+DT,corrected
US-GLE,2007,0.21582628163154485,0.3427717701333639,0.6780500161105756,0.7216641082033565,0.03558501981252276,0.23481522323821333,0.2742686866173268,0.1844586585179394,14,6,NT+DT,corrected
US-GLE,2008,0.21504356412854936,0.5824574428941596,0.6518509272974204,0.7218099457073204,0.03575982843300604,0.2675824074087646,0.3369045184619176,0.1848631069523564,12,4,NT+DT,corrected
US-GLE,2009,0.21550052233649927,0.3761650281720452,0.6363572860717357,0.7222745497238385,0.035798424359171015,0.24974943353761417,0.26127040749741615,0.18293438603084597,14,6,NT+DT,corrected
US-GLE,2010,0.2151477868396982,0.38434571110055843,0.7192184306606695,0.7206178490891245,0.035619765905564274,0.1911382057850752,0.2579992522115856,0.1840317675487521,13,4,NT+DT,corrected
US-GLE,2011,0.21539041595600536,0.3762165678912228,0.6772541168772974,0.7207803589993325,0.0358433833834869,0.18679721002111627,0.272317059040661,0.18341423168493184,12,1,NT+DT,corrected
US-GLE,2012,0.21579308124886126,0.39520843587287874,0.7794505364726658,0.7231886465782712,0.0357129531544445,0.21896675798420012,0.2868634873935691,0.18480069271989988,16,1,NT+DT,corrected
US-GLE,2013,0.21565890459596146,0.4198546658606489,0.6803121478354999,0.7223761875227748,0.03569292500358973,0.19189969017628386,0.30326893513096476,0.18581094794918668,12,3,NT+DT,corrected
US-GLE,2014,0.2155875359009741,0.5121880666031612,0.6587907938941373,0.7235647694598556,0.03551355283239575,0.14296317210048567,0.30747295211561854,0.18553958034371396,14,1,NT+DT,corrected
US-GLE,2015,0.21556597564497218,0.43913509663161016,0.7130365561999014,0.7210300342709498,0.03546224914448837,0.16010449555232997,0.26706159718483624,0.18444754541825897,14,0,NT+DT,corrected
US-GLE,2016,0.21533525651710037,0.5436757076577291,0.7480165860866798,0.7232130978032333,0.03575376403610407,0.16636044524950142,0.3339953070307872,0.1859824330454053,15,0,NT+DT,corrected
US-GLE,2017,0.21546579563375634,0.5661969135983395,0.6444184511070369,0.7225588388205895,0.03571791635087878,0.2118693581037253,0.2917101222702196,0.18421268922422487,16,2,NT+DT,corrected
US-GLE,2018,0.21548250290209234,0.4187931180160772,0.8039390912601797,0.7218377945138625,0.03562422721498436,0.19831991269279559,0.21514031968325262,0.18434323585078027,11,1,NT+DT,corrected
US-GLE,2019,0.2154073518810543,0.5897773088442344,0.6551838796140016,0.7214020413845966,0.03593773628669372,0.16083767457528533,0.33515386457669993,0.18241070848904314,12,0,NT+DT,corrected
US-GLE,2020,0.21522365063556964,0.526510155440677,0.6596015180937258,0.7200084128917393,0.036083689543135476,0.27333901000358857,0.3107977946334183,0.1832135874389677,13,5,NT+DT,corrected
US-Ha1,1991,0.21315834002297357,0.7390637377396936,0.6500000000000025,0.7749656828487218,0.031110817319640445,1.2262430566998048e-15,2.444222705096162e-15,0.14343348346538548,19,19,NT+DT,corrected
US-Ha1,1992,0.21332426778468613,0.7023696122090481,0.7215846940418779,0.7742459152159488,0.030986880646284947,0.15214348293303012,0.2942481962182184,0.14379017614106804,19,6,NT+DT,corrected
US-Ha1,1993,0.2134030085098438,0.6587635690257014,0.7531651181269275,0.7755735928755643,0.031034569877660536,0.20159263041440606,0.36006416687012305,0.14227510177200556,17,6,NT+DT,corrected
US-Ha1,1994,0.21309950637904385,0.7111088772458292,0.7241090409341469,0.775074545432333,0.03117295914248688,0.2425278252107066,0.3652793584406998,0.1434459365718272,19,8,NT+DT,corrected
US-Ha1,1995,0.213460476529432,0.6891914518672179,0.7968180303101371,0.7750807737841192,0.031002670163685405,0.1753214585086012,0.2827816283156788,0.14279531959679836,19,3,NT+DT,corrected
US-Ha1,1996,0.21345398138395755,0.6295527229116983,0.8621271585563582,0.7758649066591964,0.030945081892794626,0.20758219494013258,0.24952950043071626,0.14296250346819797,19,3,NT+DT,corrected
US-Ha1,1997,0.2128531189600214,0.6154669836859159,0.8543343424493068,0.7734164060966731,0.030974724127274957,0.28160762966479197,0.268271258705165,0.14313942189906284,20,3,NT+DT,corrected
US-Ha1,1998,0.2136200022014064,0.684306651569649,0.683138743505654,0.775166448359317,0.03089805013157215,0.12799113266975248,0.3627607118746449,0.14369628818834526,19,5,NT+DT,corrected
US-Ha1,1999,0.21374184799717014,0.72043407946873,0.7115666263030241,0.774427281624466,0.031034642649467304,0.19498082472020117,0.3783389947437005,0.1430520481781306,22,2,NT+DT,corrected
US-Ha1,2000,0.21374090866454662,0.8353710884955958,0.7655331451295871,0.7744324840015674,0.030866186575519837,0.13936273847657626,0.41516808800004823,0.14331805076547652,18,3,NT+DT,corrected
US-Ha1,2001,0.21321042759181927,0.7642398066796308,0.6885225208115282,0.7746786580076124,0.030756793155978616,0.12855190371578276,0.4116838879419588,0.14338148526081682,20,4,NT+DT,corrected
US-Ha1,2002,0.21331453393743616,0.6724067273351875,0.7765844841802978,0.774989281477382,0.030874310680170117,0.2593057429537921,0.37721323107997423,0.143315126783915,17,1,NT+DT,corrected
US-Ha1,2003,0.21320012265103747,0.7493364482211103,0.8935042096102529,0.7746563628985469,0.03103463268914836,0.20960013659832702,0.24466362954185267,0.1420359231156563,16,0,NT+DT,corrected
US-Ha1,2004,0.21322957972375323,0.8632479808441429,0.7981548565598795,0.7751721007721282,0.031020335284054675,0.12920319540098305,0.38164017416079704,0.14294582902315983,15,2,NT+DT,corrected
US-Ha1,2005,0.21308747636552183,0.7525665966960846,0.7531361321999576,0.7731801594992214,0.03107898979397028,0.15368215786995573,0.4000533103164584,0.1425545152436454,18,2,NT+DT,corrected
US-Ha1,2006,0.2132884899494381,0.6152854661126346,0.7664652340287753,0.774658497880381,0.031086956527510062,0.2345132498961339,0.3701605928216921,0.14416020056065731,20,4,NT+DT,corrected
US-Ha1,2007,0.21320414656662307,0.5911200394175024,0.7957735929741828,0.7740616873135241,0.03096853824581825,0.23024906514564353,0.34351151017379106,0.1433689805344214,15,1,NT+DT,corrected
US-Ha1,2008,0.21343925700287783,0.6364343472786422,0.7906750705724592,0.7749117873174994,0.03114669120967527,0.24721825144057957,0.33307827503094556,0.14364020502758082,15,1,NT+DT,corrected
US-Ha1,2009,0.21368591919813365,0.6606436944475662,0.8701890740397794,0.7751577727026837,0.030720070892573056,0.18011549499231136,0.3346136007209103,0.14408058446130798,18,3,NT+DT,corrected
US-Ha1,2010,0.21357010513105132,0.35911595960588577,0.7069125800249284,0.7776304597496595,0.030846120213988876,0.1887289454648415,0.3111114721035135,0.14388016502491066,20,2,NT+DT,corrected
US-Ha1,2011,0.2136570017387146,0.6442569701853298,0.602312323613368,0.7739520548429422,0.03080494153402373,0.2548264194303134,0.3684676335087404,0.14407395243674584,18,5,NT+DT,corrected
US-Ha1,2012,0.21326574180764032,0.7147410255445638,0.7525691534857812,0.7758546803239251,0.030991802399260134,0.26219252131501336,0.39974780490676404,0.1436887365613028,20,3,NT+DT,corrected
US-Ha1,2013,0.2132898367396185,0.7362913383195194,0.7683321584200208,0.7760557001686598,0.030846156583740753,0.2165604083658513,0.3683004878418176,0.14283092548937779,18,3,NT+DT,corrected
US-Ha1,2014,0.2132693188574819,0.7715796744672134,0.8186481179414294,0.7740100465536698,0.03132509460496948,0.1862111106636562,0.40635758876245415,0.14219199434284313,16,1,NT+DT,corrected
US-Ha1,2015,0.2135972386732871,0.6563327835937444,0.45009395375867306,0.774617503327639,0.031005303315754074,0.26537845925186115,0.4472056604590521,0.1433999362835562,21,11,NT+DT,corrected
US-Ha1,2016,0.2133009485025667,0.616637692118116,0.6047792341476556,0.7751553801628348,0.031264079446292364,0.2244984822673003,0.4003323599882864,0.1432878545015788,22,3,NT+DT,corrected
US-Ha1,2017,0.21350629925169015,0.6956694142222607,0.6984808946761135,0.7753303471201921,0.03086003881252828,0.15281664671754627,0.4061066774077826,0.1419560718849978,19,1,NT+DT,corrected
US-Ha1,2018,0.21337176058138274,0.6760835838086058,0.7577197719308949,0.7749665342783563,0.030749928585848612,0.25252358160373833,0.36736558035240663,0.1442852744056006,19,0,NT+DT,corrected
US-Ha1,2019,0.21329196467643619,0.7052004530928424,0.7439132412770627,0.7751420697840723,0.031052587591922018,0.18127020218021328,0.39062583880507484,0.14295608118563627,21,1,NT+DT,corrected
US-Ha1,2020,0.21340654470253292,0.6436089351558634,0.7232524762189138,0.7753410244495127,0.030873548790726683,0.19264713295285943,0.38871011665646,0.14417952182895638,22,3,NT+DT,corrected
US-Ha1,2021,0.21314465292724372,0.638686367723215,0.6641239935033175,0.7744843297414385,0.031137214068292337,0.2180202092043207,0.38404475704035135,0.14415294807877754,16,3,NT+DT,corrected
US-Ha1,2022,0.21305378594594063,0.7082963356238183,0.7326137135315934,0.7748476953711044,0.030578738577282126,0.14451657049106953,0.39585054900316524,0.14315396751998588,19,3,NT+DT,corrected
US-Ha1,2023,0.2131342867266275,0.6622104624302865,0.8285881301251679,0.7725075309078707,0.03110861700378552,0.24256232776923833,0.34223692148822304,0.14434168846905507,20,2,NT+DT,corrected
US-Ha1,2024,0.21338957260314556,0.6843537922068886,0.8126138852890065,0.7745552874348275,0.030909405429867413,0.18738939240116956,0.35835967482465947,0.14311961996819064,20,1,NT+DT,corrected
US-Ha1,2025,0.21317328124564405,0.6316301086175901,0.6700853169648947,0.7732514098394868,0.030888282701702588,0.18387838776628318,0.4171237691195862,0.1439290400987317,15,2,NT+DT,corrected
US-ICh,2007,0.21717319547999633,0.4045579915433039,0.6348609767941531,0.6788868832270137,0.036703810475135705,0.22149891575789327,0.17850439034605456,0.21218737554028344,10,9,NT+DT,corrected
US-ICh,2008,0.21628221762429625,0.6058402626971934,0.739943092776761,0.6769419063811927,0.03626093382337025,0.20282731482135738,0.26346459057941546,0.21216388574409095,8,3,NT+DT,corrected
US-ICh,2009,0.2166414951627492,0.7437546079705567,0.5982418266144337,0.6809520927099876,0.03659482782734733,0.16947513766442263,0.2849774118214399,0.2121449343144354,9,4,NT+DT,corrected
US-ICh,2010,0.21616269531699767,0.6554909281319256,0.5411093050014415,0.6783930061548246,0.03628306221008602,0.1567461155230169,0.2542962892221592,0.2154831264893723,10,2,NT+DT,corrected
US-ICh,2011,0.21700471990681497,0.5844184462593859,0.6444448958232618,0.6768275921712663,0.03603001764989391,0.1565444732848686,0.29477996961830666,0.21435721707976954,8,0,NT+DT,corrected
US-ICh,2012,0.21651881363258643,0.5462965223189271,0.6204612366757428,0.6724374664281279,0.03649780113496721,0.16989133680392118,0.29612249107614863,0.21241373824321622,9,3,NT+DT,corrected
US-ICh,2013,0.21722814811169877,0.5814064298847442,0.5881174495818113,0.6739512400655502,0.035755719238215126,0.1437614253113138,0.32157121203104094,0.21413029286721785,7,2,NT+DT,corrected
US-ICh,2014,0.21678980794312103,0.6447497923736737,0.6912116145632946,0.6785306877791228,0.03558199079578672,0.19589875168374624,0.27563068328671214,0.21439773740488957,9,1,NT+DT,corrected
US-ICh,2015,0.21690448455344413,0.6708165013747304,0.6996796729841831,0.6762746158969639,0.03616770348810228,0.13776326493441274,0.25712335314013757,0.2117776289181935,7,1,NT+DT,corrected
US-ICh,2016,0.21673738503606405,0.695538913945344,0.613987388401901,0.6777790107749162,0.035937122206550806,0.1346314817323576,0.30007220150938985,0.2117129859687072,11,5,NT+DT,corrected
US-ICh,2017,0.21670384380473806,0.49472452704260456,0.6404703432158284,0.6751662733007422,0.03651048288542465,0.1974219637660894,0.2735553746404035,0.21129916861823292,9,2,NT+DT,corrected
US-ICh,2018,0.21708910407393253,0.4757772751560508,0.6838274297472108,0.6700342875089319,0.03676072869094288,0.16771088668104375,0.24907188605248856,0.21247832666981603,6,0,NT+DT,corrected
US-ICh,2019,0.2166728411818401,0.5924847772472647,0.6751497565367018,0.6780418814926832,0.03566388170995654,0.1847598313019484,0.24129717184896982,0.21535480205666016,9,3,NT+DT,corrected
US-ICh,2020,0.21673680926903238,0.7286648531281513,0.5998874666908492,0.6773761344973717,0.03626405705654688,0.14476387759506779,0.29172584800344975,0.2119010605693093,10,4,NT+DT,corrected
US-ICh,2021,0.21667522500687733,0.5620687909657687,0.4873756310867432,0.6774295896233099,0.0364277170094596,0.17730881860648284,0.2852283985884924,0.21385032438787704,7,4,NT+DT,corrected
US-ICh,2022,0.21659362979063285,0.663536431359807,0.6590049092224651,0.6801370275030171,0.03662861113415779,0.16189283116652992,0.26044154656819984,0.21569941296159073,7,0,NT+DT,corrected
US-ICh,2023,0.21643867394679348,0.6694119031020326,0.6533898236860012,0.6745038519036585,0.03629084974057801,0.19692824252504,0.25407861966693523,0.21394338938037064,8,3,NT+DT,corrected
US-ICh,2024,0.21658779884977927,0.7306697968588641,0.7197651910773764,0.6761258793496518,0.03623226865168335,0.16970000933681867,0.2682033964397567,0.2117434081213526,11,1,NT+DT,corrected
US-ICh,2025,0.2170480277086947,0.8125910728261254,0.6470393115148371,0.678969799004749,0.03656971056210015,0.12213583773224188,0.2890141798032791,0.21300480057132096,3,0,NT+DT,corrected
US-ICt,2007,0.21750737196539846,0.6807856520145422,0.6009258097739024,0.6858456310460448,0.03714144264861673,0.12432001936851121,0.1361905480521189,0.21300777780243715,8,7,NT,corrected
US-ICt,2008,0.21721656475749998,0.8878670914219229,0.46354226481216687,0.6827481353396915,0.03663557551941054,0.07313342770683919,0.21862619999206948,0.21622118164947796,11,11,NT,corrected
US-ICt,2009,0.21694006811708902,0.8488224008560032,0.5988954406569748,0.6848334303202613,0.03630074598361363,0.11940907886652637,0.31401847327636395,0.2171647552437718,11,7,NT,corrected
US-ICt,2010,0.2170254299711948,0.5880802409606217,0.598019362957838,0.6848126268009557,0.036691293188638625,0.19137032975431467,0.21687952421326864,0.21298593136072996,9,5,NT,corrected
US-ICt,2011,0.21771144972385828,0.6043989755723059,0.5616038130940993,0.6865545579745801,0.03677567686905506,0.15854138594687078,0.2214631206143538,0.21407821179211,7,6,NT,corrected
US-ICt,2012,0.2174054746232703,0.6595789761843512,0.6208556544796563,0.6850115396498221,0.036371198847954554,0.1601515083508359,0.2998382115765829,0.2136955799709572,8,5,NT,corrected
US-ICt,2013,0.21697223340472593,0.6250058135766972,0.6573766322054114,0.674729559953485,0.036572412027328104,0.16971249627344917,0.25765709482241134,0.21066147294936444,3,0,NT,corrected
US-ICt,2014,0.2178989637621332,0.6462983309997953,0.5520895476932045,0.6857074974815651,0.036150039990483065,0.1406048852013083,0.30067047542944697,0.21540358990663974,8,3,NT,corrected
US-ICt,2015,0.2167312732628009,0.6189277156723099,0.3899960883504465,0.6886175047185229,0.036651617528220215,0.14020362238502737,0.21721528737675905,0.21659669072121585,7,7,NT,corrected
US-ICt,2016,0.21736314092961675,0.5911510339739462,0.5730117278843779,0.6851842504026,0.036205334887879526,0.17104768087647002,0.28265106572617754,0.21512004285327693,9,3,NT,corrected
US-ICt,2017,0.21690443995343495,0.46902127069555144,0.6719135896835855,0.6891733588849748,0.037017546571398684,0.1962085307453182,0.2671538063821774,0.21235680668012463,10,4,NT,corrected
US-ICt,2018,0.21688138802144274,0.4766792062157718,0.6716983242568645,0.6845247642082504,0.03710970398562136,0.16397348024894387,0.2640501469455248,0.21699664248724645,7,2,NT,corrected
US-ICt,2019,0.21684994414897876,0.5306173438608948,0.6546030756906293,0.6837140106623592,0.03698892799435147,0.1800208115791837,0.2725640628641973,0.2128464713612773,9,4,NT,corrected
US-ICt,2020,0.21630615010359955,0.6309757941716968,0.6876088193051785,0.6853461918312029,0.03633336471759364,0.1154557193321672,0.2849646152729506,0.21420667625280618,11,6,NT,corrected
US-ICt,2021,0.21690743950387426,0.7310776257514742,0.3229243782231807,0.6867888998497572,0.03723945747114218,0.08544077617087883,0.22307868989017599,0.2154922812760382,8,7,NT,corrected
US-ICt,2022,0.2173385185007654,0.41766724899995455,0.5978440681165313,0.6834148501870627,0.03622001214555594,0.272731549678869,0.2836071384365043,0.2169378879049618,8,1,NT,corrected
US-ICt,2023,0.21750653339419523,0.5457818129918507,0.4908816512008758,0.6845908169286756,0.036887862163130544,0.17150016116937813,0.26190600531446856,0.21319925881284366,5,3,NT,corrected
US-ICt,2024,0.2167052595244034,0.4522831614331514,0.7003522004391279,0.6811115075802345,0.036407043030584445,0.13275937140057492,0.26631603793925523,0.21764027107057513,6,3,NT,corrected
US-ICt,2025,0.21593493647751452,0.5907786102280833,0.5529811629238708,0.6877521762885014,0.036550551292786865,0.2120312191660502,0.28040820378667236,0.21452284154471005,3,1,NT,corrected
US-Jo1,2010,0.21781513081525627,0.5314858689593333,0.6500000000000024,0.6792200735275283,0.037051434338273785,7.805024208745832e-16,2.4546025275150503e-15,0.21808810893253666,25,25,NT+DT,corrected
US-Jo1,2011,0.2183323775434652,0.5088474345565663,0.6031234139972095,0.6791197265848166,0.03682433026905549,0.2071092310789193,0.29080510423508965,0.21674221646770206,27,2,NT+DT,corrected
US-Jo1,2012,0.21855000959157622,0.5290868309534761,0.7092515835073905,0.6775509704012113,0.037232929439234876,0.18276488477766714,0.2766199695431556,0.21805349342218697,27,1,NT+DT,corrected
US-Jo1,2013,0.2184317943236217,0.5204520914035653,0.7278834658302946,0.681921631389911,0.036903821294015454,0.19445735835777514,0.28437064899896,0.2193980868431362,27,2,NT+DT,corrected
US-Jo1,2014,0.21781373476252167,0.4847530976009759,0.6636576955586349,0.6780663515405853,0.03681823518435422,0.19375745625694438,0.28141940414101035,0.22089696698012057,27,2,NT+DT,corrected
US-Jo1,2015,0.21831594798387735,0.47616118024763554,0.7055652262876219,0.6783526756642129,0.036988270362082444,0.20556600621788376,0.24890312294425834,0.21856232914296098,26,0,NT+DT,corrected
US-Jo1,2016,0.2185663213686834,0.5380300344865053,0.668173102757894,0.679064416347237,0.03710733466714215,0.1959046892423408,0.28578629959994484,0.21811502574536418,27,4,NT+DT,corrected
US-Jo1,2017,0.21803970163681674,0.44974211295104466,0.7503491588766305,0.6792661358603883,0.0367969865360968,0.1759768309791924,0.23641042934981324,0.2181981472467297,24,20,NT+DT,corrected
US-Jo1,2018,0.2183525509616118,0.47377631186355196,0.6809659337234464,0.6789350756791713,0.036904654086213996,0.20909677813450306,0.2733159479033887,0.2201346063390532,28,0,NT+DT,corrected
US-Jo1,2019,0.21815670934029305,0.5353120156504576,0.6940632133418514,0.6790990626689892,0.03699090574356304,0.20710388599788937,0.2874557189333781,0.21916963742741838,26,1,NT+DT,corrected
US-Jo1,2020,0.21814884346923918,0.5466939824275653,0.6671536850491177,0.6807215839664964,0.03681522836335913,0.17953796385350532,0.29635394460535414,0.21761723431434582,28,1,NT+DT,corrected
US-Jo1,2021,0.21859632686874225,0.4362404798117641,0.7284121724316556,0.6783457727416308,0.0372774890974296,0.21814342809050388,0.2736507626599388,0.21880557584578114,26,13,NT+DT,corrected
US-Jo1,2022,0.21821324373436196,0.399319450349954,0.7001926340808826,0.6802660676708562,0.036848122733620335,0.19600237572741125,0.2725476060112713,0.21931922334378454,25,17,NT+DT,corrected
US-KFS,2007,0.21939279996732414,0.5873151205372986,0.6500000000000025,0.7305898542186028,0.03459588190609457,1.7624531170580053e-15,2.4444184853335827e-15,0.1784687306308749,24,24,NT+DT,corrected
US-KFS,2008,0.2191550599412002,0.420728420403129,0.6916017367427431,0.7313716043253182,0.035105140864309194,0.1799316214558786,0.3248660933448104,0.17625878572366038,22,4,NT+DT,corrected
US-KFS,2009,0.2194496574000401,0.39241460242668585,0.6906430819843085,0.7315486040085,0.03495553342102832,0.1775211128363413,0.3008746052981843,0.17642898315784497,23,5,NT+DT,corrected
US-KFS,2010,0.21957502531180803,0.3892675854848823,0.696799385495274,0.7302151453169102,0.035124633420072486,0.24576472426248083,0.3008893719786185,0.17563519090687665,25,7,NT+DT,corrected
US-KFS,2011,0.21930328974107416,0.41908424644423636,0.6207284019608923,0.7326635619266162,0.034753389794934225,0.15818065690677308,0.3540929385280894,0.1752441593217147,25,6,NT+DT,corrected
US-KFS,2012,0.21931997748819115,0.5175694222316216,0.5788393735400779,0.7316499342883918,0.034961761701465865,0.1873326211871624,0.36253867750076524,0.17516598443390097,30,9,NT+DT,corrected
US-KFS,2013,0.2191810403144893,0.49901668186425585,0.5931909185732473,0.7325926719923102,0.03506053045488304,0.15808306866235713,0.37765577553031204,0.1771595715476327,21,4,NT+DT,corrected
US-KFS,2014,0.21938966093381482,0.5032949574026339,0.665956880182979,0.7337223283074567,0.03499850828793648,0.18174020588763784,0.404838425280415,0.17677745454672014,27,3,NT+DT,corrected
US-KFS,2015,0.2193457223717103,0.6436130884652981,0.2597940978373036,0.7297551726415796,0.03482232170098251,0.300162787294762,0.2803840175833004,0.17656737381566245,24,13,NT+DT,corrected
US-KFS,2016,0.21961735543424948,0.28242232851186594,0.44533008023422965,0.7310243294096357,0.03494617278670601,0.13318072427968433,0.22743601979807715,0.17710379432727852,22,13,NT+DT,corrected
US-KFS,2017,0.21936949288982177,0.45378083816760634,0.6491520263264573,0.7316187004398821,0.034970976195569325,0.2039560892489341,0.3613094326730643,0.17652185817731325,25,2,NT+DT,corrected
US-KFS,2018,0.21967271029332874,0.3756620343831961,0.5054574958379233,0.7314059828613169,0.03483831124755586,0.17931137703697472,0.3457328942202976,0.17684975499223157,23,9,NT+DT,corrected
US-KFS,2019,0.2192316492248944,0.48239181784653173,0.26653101749617686,0.7332338733024242,0.035151659924690375,0.0771294147712489,0.22548302140724,0.17749101336462467,20,20,NT+DT,corrected
US-Kon,2004,0.21640688369345762,0.5470724406843297,0.7308791501099542,0.7569269492753118,0.03299960995232736,0.12331113320049372,0.20537284905941014,0.15778439277389938,24,15,NT+DT,corrected
US-Kon,2005,0.2165325580003462,0.4011712357899352,0.6205602724430525,0.7565982706902398,0.03291813231158574,0.18733756963043288,0.33019358008729705,0.15685331343862818,25,14,NT+DT,corrected
US-Kon,2006,0.21654525562567,0.4152485452274302,0.4587874163747465,0.7563532795660343,0.03262507404675193,0.056741290508107466,0.31149943407982006,0.15709843497815382,29,29,NT+DT,corrected
US-Kon,2007,0.21625996562199395,0.48682077810809543,0.6155242564879952,0.7570530542841281,0.03284237069538036,0.1292103565640274,0.3468692857386516,0.15588898677964694,22,13,NT+DT,corrected
US-Kon,2008,0.21611930258230186,0.47202707539068184,0.8652161268310781,0.7552954890155898,0.03297339690752894,0.1691175980134657,0.26653274419733197,0.1565174455180777,22,9,NT+DT,corrected
US-Kon,2009,0.21640494618768738,0.5244482925121039,0.8589543706627916,0.7561570563032656,0.032918157125893736,0.1872426696541272,0.2494398997124714,0.15861127381335807,23,8,NT+DT,corrected
US-Kon,2010,0.2164943987183744,0.6156426298570363,0.8943914071867229,0.7569709675790068,0.03302705010267754,0.17958859650375383,0.2574434037952954,0.1572572644210834,20,9,NT+DT,corrected
US-Kon,2011,0.21621038504353426,0.631705305155528,0.8197704633343423,0.7550548024214083,0.03289631094021282,0.21256191180440018,0.3202750068746526,0.15710895002863426,27,9,NT+DT,corrected
US-Kon,2012,0.21620593909840685,0.6501400612627038,0.7407648451739637,0.7554857536183012,0.032645225950433586,0.2712914823419615,0.2945994845633025,0.15690593283435694,29,8,NT+DT,corrected
US-Kon,2013,0.2163593642794967,0.48235431396552436,0.8456267323917047,0.7554321290858675,0.03303154856024724,0.2663016567041057,0.24519021800184143,0.1563320837714792,25,9,NT+DT,corrected
US-Kon,2014,0.21609051105603472,0.5168431494197084,0.6101714730720582,0.7571762251559143,0.03304038716177406,0.12943004016717088,0.33927593832622893,0.15655458032918912,28,14,NT+DT,corrected
US-Kon,2015,0.2161685573713899,0.5789131948939951,0.8792667837985632,0.7559643849983915,0.03268458895413947,0.23194396183162747,0.27430258713067096,0.15696526109715644,25,8,NT+DT,corrected
US-Kon,2016,0.21647186678360533,0.3474305287335241,0.7470862980806305,0.7563886278371714,0.033054951524044814,0.17827956633628397,0.28736043465048167,0.15707432507380625,28,20,NT+DT,corrected
US-Kon,2017,0.2162091624860844,0.5522280273779859,0.8896232456717884,0.7573722972038016,0.03284506169011463,0.18287200263697387,0.29317866453934077,0.15683278054557306,26,4,NT+DT,corrected
US-Kon,2018,0.21605291002950336,0.6905638831072266,0.8883288976278889,0.7551456405742718,0.03295591618564988,0.1759736312973936,0.2481492053997916,0.15667861704902075,20,2,NT+DT,corrected
US-Kon,2019,0.21651851881994963,0.4663726282637748,0.36985941628683894,0.756573600697464,0.03293798380917071,0.028155549678025138,0.2799165040827585,0.15648191393272257,22,22,NT+DT,corrected
US-MMS,1999,0.21470815543087116,0.6381172027992911,0.766351659018423,0.7697898972413099,0.03202497664770312,0.12260714068706582,0.3307036269843087,0.14595876463021154,22,15,NT+DT,corrected
US-MMS,2000,0.21437443926966193,0.5346364990716562,0.5658123026944878,0.7702582891995847,0.031674665253998126,0.1421458797815726,0.4065944640235434,0.14471562560231657,21,10,NT+DT,corrected
US-MMS,2001,0.21453820881671465,0.5901761892671138,0.5231196077959668,0.768675882187245,0.031635561371265185,0.16962280093058826,0.4180853834269643,0.14435718963611224,22,13,NT+DT,corrected
US-MMS,2002,0.21486589720536892,0.3661050097858592,0.41043215311586556,0.7686511105308835,0.0314868441212039,0.22630892064730038,0.35122029391820736,0.1456642332174147,21,11,NT+DT,corrected
US-MMS,2003,0.21435842225511956,0.48972363229888705,0.7383113111291002,0.7687353039557544,0.031527466949160664,0.30271657384736783,0.3568205062126649,0.14475331571950195,20,8,NT+DT,corrected
US-MMS,2004,0.21466887234862858,0.5292295863339213,0.49158477361763797,0.7683940669425667,0.03172010326071952,0.20593208938324215,0.41644008501224516,0.14561265724334066,23,12,NT+DT,corrected
US-MMS,2005,0.21482546302673083,0.42856070747567065,0.657558187946808,0.7703911900229309,0.03187509172900949,0.2542238372159369,0.3249079856415689,0.14536309113524754,19,12,NT+DT,corrected
US-MMS,2006,0.2149350701612803,0.44954497726677123,0.764583240089089,0.7708031984869249,0.03172547307746972,0.22332756514511423,0.31939329164474356,0.14598637303349674,25,13,NT+DT,corrected
US-MMS,2007,0.2147173413356054,0.5011174970358598,0.551818262318661,0.7685658605347448,0.031638486560145715,0.1957158763359599,0.40757420793138305,0.14508438561465328,19,7,NT+DT,corrected
US-MMS,2008,0.21485724563848466,0.39684750749843795,0.584033187609962,0.7682034441177615,0.03165234854524797,0.2665016775036474,0.3030056477677044,0.14491919434868303,19,8,NT+DT,corrected
US-MMS,2009,0.21468028207097264,0.5739200912337376,0.4988194642955023,0.7693884774514651,0.03182523614101064,0.22465107466470233,0.3982266753632004,0.14574466748415776,21,12,NT+DT,corrected
US-MMS,2010,0.21459914149881107,0.4993951348881067,0.6570335170843099,0.7712354786391712,0.031755352630858776,0.18070177995190526,0.3293160779499911,0.1457383746014713,20,11,NT+DT,corrected
US-MMS,2011,0.21450453281497178,0.41604596093040497,0.6774082225731722,0.7692885562552241,0.031647402155016345,0.2833200104554432,0.3309177843754566,0.14595267852628677,22,11,NT+DT,corrected
US-MMS,2012,0.21509369015279517,0.5971160465646892,0.5834538708708042,0.769885558160206,0.031628129368474284,0.13839755790047686,0.36472315822088436,0.1436456275209688,25,16,NT+DT,corrected
US-MMS,2013,0.21498106754157514,0.7052339942713289,0.49450659257267254,0.7699330952352086,0.03149480314848799,0.20420561009474575,0.4065589434575166,0.14458492762851033,18,8,NT+DT,corrected
US-MMS,2014,0.21482164494202177,0.637246609307097,0.6437374241031902,0.7676583166216785,0.03171378666590323,0.15591510555539312,0.4260424020921705,0.14618647812725313,18,6,NT+DT,corrected
US-MMS,2015,0.21522227008413547,0.39496664997574005,0.4851646725551949,0.7686394581637523,0.03152561106597132,0.22680641956465294,0.34536350170955393,0.14655460971320022,20,12,NT+DT,corrected
US-MMS,2016,0.21446541030395228,0.44319497558077364,0.5649718694343883,0.7684966492888948,0.03163986424773784,0.13959537570581482,0.37255417229009413,0.1467267880279226,20,8,NT+DT,corrected
US-MMS,2017,0.21503994770829085,0.4071895160817788,0.44066197503456656,0.7675693019236552,0.03165411400818313,0.19798457469407077,0.34964921509503943,0.14542257571612988,24,13,NT+DT,corrected
US-MMS,2018,0.2147939759020998,0.3806236181181848,0.47366321536962946,0.7677151878727799,0.03141702373550741,0.23417841002944148,0.36876096906954553,0.14619452060842675,18,9,NT+DT,corrected
US-MMS,2019,0.21480061107008078,0.30474320543547,0.31246894069151726,0.7675433287102038,0.03151880960448823,0.13817314671472464,0.2874825521954878,0.14607768235996677,22,14,NT+DT,corrected
US-MMS,2020,0.21487224346211828,0.5482463436321882,0.5098558840703037,0.7704032978136283,0.03156085724752313,0.19458709891203316,0.43396002720412874,0.1454374948614401,23,13,NT+DT,corrected
US-MMS,2021,0.2146345474193871,0.49970099246070476,0.46405797603127474,0.7676012547493143,0.03165447043956722,0.2129877142294282,0.3839738799634738,0.1454520227654269,22,12,NT+DT,corrected
US-MMS,2022,0.2144469489318072,0.6538323477610819,0.5258235463009703,0.7702276059951952,0.031367291997910954,0.27586116276411904,0.39449948415506086,0.14490782764422436,22,12,NT+DT,corrected
US-MMS,2023,0.21464778820678113,0.47323527607067445,0.4043737592013882,0.7696261805563869,0.031802932946987786,0.18433846036714138,0.3927236778826733,0.14630909364843647,23,15,NT+DT,corrected
US-MOz,2004,0.2167711134689868,0.5762188698651993,0.562695428502679,0.7491912442280955,0.033971109411849006,0.0983709190436001,0.21164385840238312,0.1637397490953309,22,21,NT+DT,corrected
US-MOz,2005,0.21673978096572333,0.5552346469618844,0.6048226738084771,0.7502146828839168,0.03383610357621258,0.17199171354627676,0.4144073699100494,0.1648154541185397,25,1,NT+DT,corrected
US-MOz,2006,0.21639933201398542,0.523524648418216,0.5203544950752826,0.7490762701186454,0.033710669417490936,0.12174080588332362,0.34511760188536567,0.16670149682523044,24,13,NT+DT,corrected
US-MOz,2007,0.21638932390127857,0.5518388898979442,0.44835365733973465,0.7492878788295011,0.03405049884116241,0.14841538963639012,0.40228576425237683,0.1647215638531801,20,1,NT+DT,corrected
US-MOz,2008,0.2166067014906611,0.427277654402568,0.6552475067412635,0.7503408405440942,0.03385104686598828,0.16833376993127694,0.33074257096390236,0.1641313750867491,22,0,NT+DT,corrected
US-MOz,2009,0.21666342922191903,0.4658847989533893,0.7032083666439437,0.7506455447015535,0.03390453025431308,0.15867837632979664,0.3773668942822353,0.16487555004917018,20,1,NT+DT,corrected
US-MOz,2010,0.21638120017074167,0.551919891285461,0.5902079860642747,0.7495490165050954,0.03381984572857489,0.18921449864885542,0.4238373538734815,0.1647940170136627,24,3,NT+DT,corrected
US-MOz,2011,0.21678330982606633,0.559724736798036,0.5952051145719734,0.749048236525295,0.03367576044178613,0.1584139498360876,0.35217604261076463,0.16466054883729392,25,4,NT+DT,corrected
US-MOz,2012,0.21657245296793384,0.5463783947405003,0.5629890081670726,0.7491000464415412,0.03402716163257487,0.16573503578527027,0.37871008819190044,0.16470722513985314,28,4,NT+DT,corrected
US-MOz,2013,0.2169629949051759,0.5629469674403985,0.5291739760179076,0.747514182854515,0.0338659922594322,0.13374753380963447,0.40110462001022423,0.16521206115315806,24,3,NT+DT,corrected
US-MOz,2014,0.21699124956045804,0.5189301857236219,0.6185889406592135,0.7506509466432232,0.033914676491034794,0.1842669528997593,0.4121654740351337,0.164473454276122,24,4,NT+DT,corrected
US-MOz,2015,0.2168609135791803,0.4800042423981711,0.6743044569341324,0.7500338373171178,0.033633496130956834,0.21350166216987082,0.3297611492987557,0.16411146811650482,23,4,NT+DT,corrected
US-MOz,2016,0.21673224710069008,0.5320830417548016,0.5992830614419502,0.7501476073057343,0.03373781151055726,0.18286880957166796,0.44091034008586016,0.16512534440829577,26,1,NT+DT,corrected
US-MOz,2017,0.21690827071751476,0.5465509278266208,0.6105386292190477,0.749294118722583,0.03389230770950739,0.17331956992355746,0.44611401721316674,0.1641310110547978,24,1,NT+DT,corrected
US-MOz,2018,0.21639613506714647,0.6029012009515624,0.5652479569629463,0.7472062932612108,0.03388876998664519,0.17477826723554898,0.4599319687973315,0.16480411259473665,21,2,NT+DT,corrected
US-MOz,2019,0.21637789975705,0.5064587235299428,0.6517188141900668,0.7471404054349434,0.034133019576238106,0.20727771865799485,0.4114930976753161,0.16681837311547618,22,1,NT+DT,corrected
US-MOz,2020,0.21680433053260015,0.5050157259796624,0.5830594594574054,0.7491015257604822,0.03359370442560765,0.16771804511814478,0.42186701359359097,0.16410308060856163,25,7,NT+DT,corrected
US-MOz,2021,0.21673599187353304,0.44648573782968476,0.6674405392636185,0.7485021998473568,0.03406339995423385,0.20454416734962352,0.41523327364874735,0.16494718318189552,24,0,NT+DT,corrected
US-Me6,2010,0.21752554332641372,0.5340560475383432,0.698728580033662,0.7063902363049972,0.03458881818841538,0.14987536525567982,0.19013211224488658,0.1976612052754195,21,11,NT+DT,corrected
US-Me6,2011,0.21723059619829901,0.594943932291631,0.8165787506854841,0.7072078069788504,0.03476977382934839,0.21634245667478397,0.25968002706766996,0.19607638093691832,21,1,NT+DT,corrected
US-Me6,2012,0.21741380594691945,0.4970791227825285,0.8658005730180875,0.7107209694084374,0.0349144248826236,0.18425138662625648,0.2272374090949636,0.19659528993268102,20,0,NT+DT,corrected
US-Me6,2013,0.2175282650376876,0.4195702906985966,0.8194211752793902,0.7086268151893771,0.03479808482512503,0.20371715803731558,0.24536420106131188,0.19729818643329017,21,2,NT+DT,corrected
US-Me6,2014,0.21750201943164146,0.5137792342505481,0.7819558937230315,0.706824261245014,0.03455756465525272,0.22024202598307138,0.2665344702138084,0.19615470164397206,22,0,NT+DT,corrected
US-Me6,2015,0.2177291319795655,0.5381484899084015,0.7778570587344507,0.7077631569145406,0.0350260435588988,0.24012522955970383,0.24706871618927428,0.1953629943851764,22,0,NT+DT,corrected
US-Me6,2016,0.2175168037829217,0.5331044058964184,0.8645699942673352,0.7081427254747096,0.034818009310382175,0.22743161468102932,0.23082864538419254,0.19645916075816708,22,1,NT+DT,corrected
US-Me6,2017,0.21730509470870318,0.419022732959876,0.7467909847619668,0.7094789919178279,0.03485972834944739,0.19977597447563475,0.2803024880063819,0.19557577295758502,21,2,NT+DT,corrected
US-Me6,2018,0.21783721373183887,0.45695224928172085,0.6949718308843564,0.7108439160773345,0.03479222622872624,0.22263207543167887,0.27829215597292406,0.19702817415642945,21,3,NT+DT,corrected
US-Me6,2019,0.21750063107717948,0.5673260104426795,0.7921805360520294,0.7079603872406509,0.03482754553502515,0.21122843563134286,0.2740094909819383,0.19763717276163506,18,2,NT+DT,corrected
US-Me6,2020,0.217611276182468,0.4218343764354443,0.7382922262800695,0.7064026484324779,0.03511322078700255,0.14075858707584724,0.313279036601465,0.19644245695722884,22,5,NT+DT,corrected
US-Me6,2021,0.2173833600991104,0.4637491962860217,0.8391072259784425,0.7086160385273855,0.034394882443716815,0.21691021372760724,0.23967397532808352,0.19578191258449487,22,0,NT+DT,corrected
US-Me6,2022,0.2177399379236961,0.5047510766547909,0.8434801610915009,0.7064174836409459,0.0347765360251759,0.257399861974497,0.22542171836783112,0.1970431124975452,21,2,NT+DT,corrected
US-Me6,2023,0.21740331425844137,0.48421468550205227,0.8545025110491317,0.7082983191368477,0.03491370759609426,0.19553824924612345,0.21916202679916852,0.19785968709488838,20,1,NT+DT,corrected
US-Me6,2024,0.21753011955800167,0.4702474135814907,0.8382613542721125,0.7053744197258828,0.03470287346946806,0.20226182055117142,0.2625743539512255,0.19622802566833528,23,1,NT+DT,corrected
US-Me6,2025,0.21773485897331185,0.4810490328316986,0.8080122928085637,0.7079126263957091,0.03500485569988478,0.1740701231049863,0.2534816854130641,0.19646897507339361,23,0,NT+DT,corrected
US-Mpj,2008,0.2168287305265015,0.25829205777637054,0.5494171173044659,0.6810450782361273,0.03675578138445504,0.13252979233978887,0.28821365635351087,0.21138499709686095,23,1,NT+DT,corrected
US-Mpj,2009,0.21679679617034653,0.3122911795046296,0.5712910955966137,0.6818112070170131,0.03685703142655085,0.19935153431580002,0.2894742521502458,0.21214476885542727,23,1,NT+DT,corrected
US-Mpj,2010,0.21654325148584266,0.20973642158617498,0.4977898381916069,0.6842395918218208,0.03671356941046034,0.11767628521424683,0.2977670246797392,0.21261205050760112,24,0,NT+DT,corrected
US-Mpj,2011,0.21678635756988304,0.27403200394429994,0.5786638577559586,0.6811373669722126,0.03696068316814766,0.15721575260156104,0.3030870643808208,0.21178019130655176,25,1,NT+DT,corrected
US-Mpj,2012,0.21636363322754235,0.33404442337662027,0.4736816102491278,0.6810299396363976,0.036667182645069483,0.20794193844114003,0.3019616467358044,0.2123123544085168,23,7,NT+DT,corrected
US-Mpj,2013,0.2163314737374126,0.2500947217821957,0.6897895644952529,0.6818651939887848,0.03710938684099273,0.14488820492925134,0.2901457047199561,0.21417247185220695,23,0,NT+DT,corrected
US-Mpj,2014,0.21618877375170759,0.2669835385551594,0.6121464952168265,0.6808081753664856,0.03670777086447405,0.21078685416411314,0.2770351426473566,0.212317654613174,23,2,NT+DT,corrected
US-Mpj,2015,0.2166458946312572,0.23487795843286866,0.47032206899754997,0.682682043327521,0.03720220296146062,0.13244486800143762,0.2756263509153024,0.21172864656531093,21,0,NT+DT,corrected
US-Mpj,2016,0.2171172931899474,0.41439186797718425,0.45888648261917053,0.6817112340374518,0.03652342802421738,0.1674462385399009,0.3548368129414154,0.21237247798140202,24,0,NT+DT,corrected
US-Mpj,2017,0.2164145929216639,0.2585212445350678,0.4830533696037023,0.6812449784287987,0.036960146008220174,0.15105801127592763,0.2847655289609688,0.21320803876569355,24,0,NT+DT,corrected
US-Mpj,2018,0.21715048265786863,0.3038237354468345,0.622051492736573,0.6829935138945513,0.0367699708774855,0.1602279110727965,0.29381967664248515,0.21115427370735287,25,1,NT+DT,corrected
US-Mpj,2019,0.21663706344729955,0.3322105318839305,0.5600365913339097,0.6838519109655671,0.03662146927387768,0.16718143511843345,0.28640967594401234,0.2126150240065547,24,1,NT+DT,corrected
US-Mpj,2020,0.21691901767096364,0.3043577652669206,0.5272175334451435,0.6829107118289173,0.03686381034904281,0.15589234234360533,0.27865479551032124,0.2114713117750891,24,1,NT+DT,corrected
US-Mpj,2021,0.21659681061471364,0.22017880433688874,0.5033255339325088,0.6801091310898784,0.036912935544091516,0.13013601717086806,0.28826993451662697,0.21080046927701426,24,1,NT+DT,corrected
US-Mpj,2022,0.21663440623246594,0.3145504818354983,0.5126729479602551,0.679926454225188,0.03699838395966471,0.16726773577789353,0.3037665282789566,0.21199523271883414,24,9,NT+DT,corrected
US-Mpj,2023,0.21644320668973277,0.4031478290704638,0.523904719103459,0.6817912960806836,0.0367838951498926,0.17241647691833445,0.2863329638298859,0.21189614326597112,27,7,NT+DT,corrected
US-Mpj,2024,0.21726274231537784,0.2590692556380891,0.44563107256624535,0.6822941467977156,0.03699909965346382,0.13604147737503905,0.27221198528962814,0.21129588866050003,23,0,NT+DT,corrected
US-Mpj,2025,0.21650859928678945,0.263739208179417,0.48795215551371557,0.6825040528198053,0.03683411665244265,0.1582139823865619,0.23816604724174834,0.21231550631418086,23,0,NT+DT,corrected
US-MtB,2009,0.21824942277752712,0.5782395782921944,0.6500000000000026,0.7109580408807301,0.03632516961796101,1.763537172655097e-15,2.451294950185967e-15,0.19706424930487015,19,19,NT,corrected
US-MtB,2010,0.21879473022051987,0.3343761961477828,0.6386608666639447,0.7074344065372203,0.03598455990908759,0.15894250925138054,0.3628557524281782,0.1977791541802465,20,2,NT,corrected
US-MtB,2011,0.21860168911171868,0.4983386823219259,0.6114696965126855,0.7094265258242435,0.03587968161728849,0.23118477669783183,0.39263327222775213,0.1985055873658537,22,6,NT,corrected
US-MtB,2012,0.21875448934179378,0.4456907996902272,0.43157888175524856,0.7104161991520622,0.03647300870803664,0.11730535867247091,0.21413210220059004,0.19802612747352943,21,21,NT,corrected
US-MtB,2013,0.2180631959674998,0.4467174438641473,0.43201075951481055,0.7101266295180356,0.036145646600742695,0.11897622657615532,0.21623521144836788,0.19919197174535982,21,21,NT,corrected
US-MtB,2014,0.2186127484773968,0.4451118060008561,0.4297892466392582,0.7097672667478027,0.03611680029925113,0.11727158588941428,0.21458656523453212,0.19873790742516825,19,19,NT,corrected
US-MtB,2015,0.21848093570467886,0.42256362153208255,0.7254494092753373,0.7114331477733502,0.03603905163985488,0.22043248748494002,0.35829552364813594,0.19882195997595833,19,5,NT,corrected
US-MtB,2016,0.21829652984663694,0.6109416628311041,0.6909083896886744,0.7087356342451204,0.03584860138522338,0.1886145111217949,0.42776329312532696,0.20011197389926133,21,2,NT,corrected
US-MtB,2017,0.21809095502692294,0.4059107941227397,0.6667476166918035,0.7099059641605201,0.036326909193896646,0.25058919260702683,0.35832592780302663,0.19841227932646355,20,1,NT,corrected
US-MtB,2018,0.21877729668816792,0.44909974222071347,0.69886348745583,0.7079152849916867,0.03574522504241815,0.2653185685146367,0.38982981656138993,0.19848399507708891,22,0,NT,corrected
US-MtB,2019,0.21843251327304453,0.45595563586210436,0.7163129512505751,0.7082002890048464,0.03609427810899187,0.266940107323161,0.39062583034882553,0.19740541266264672,22,0,NT,corrected
US-MtB,2020,0.21849527243222358,0.4113294676903382,0.619308497580349,0.7070205666576088,0.035839329746202166,0.16461542508625088,0.404958922447091,0.19904053032992056,21,0,NT,corrected
US-MtB,2021,0.21819772890222316,0.40010077000187627,0.6599633438650809,0.7126704098995374,0.03599863407854832,0.2061975802879383,0.37926655310033863,0.19852006786686405,20,0,NT,corrected
US-MtB,2022,0.21877285631370713,0.4123512838140203,0.6411315320013042,0.7084069894917159,0.03604049213094526,0.17413849666990738,0.3750769579611834,0.19836009180631486,21,1,NT,corrected
US-MtB,2023,0.218706119717839,0.3472447596976986,0.6927368713086841,0.7108978782735615,0.035986872732770576,0.17441020173426836,0.33753663710842646,0.19800938495691517,23,3,NT,corrected
US-MtB,2024,0.2185607443943742,0.3944139804587096,0.6650622839849051,0.7116127629067118,0.035955710640065225,0.24513698125263153,0.39339230386244184,0.19929929958655296,20,1,NT,corrected
US-NC2,2005,0.21521146067283448,0.37644501193846014,0.6606374539543017,0.7519901258665082,0.0327344818038222,0.15634917454873842,0.4286934490167418,0.159557866694404,25,0,NT+DT,corrected
US-NC2,2006,0.21539110611284915,0.3778615977331585,0.6968181000254259,0.7516347040334609,0.03261749068164181,0.2349246024069713,0.4290719370619001,0.16008020457149885,22,0,NT+DT,corrected
US-NC2,2007,0.21517390787237872,0.44252929202699665,0.6529264838721431,0.7504557910542187,0.03256972446728245,0.20011731447891562,0.44840445803700635,0.1592698866248056,25,0,NT+DT,corrected
US-NC2,2008,0.215163245462435,0.44853900875711594,0.7509347444195645,0.749359177095109,0.03218018578589116,0.23721673143271163,0.3945782151124529,0.160648742639211,23,0,NT+DT,corrected
US-NC2,2009,0.21525201419840093,0.4843731633175986,0.7099684250769341,0.7502719289485619,0.03238354098864044,0.2354788546636009,0.4446105557136021,0.15909944207054624,23,0,NT+DT,corrected
US-NC2,2010,0.21524712603914692,0.3310913282786125,0.7124731116818488,0.7505175429720184,0.03230692775736405,0.22839129086352755,0.3619098653758483,0.15980448902443936,22,1,NT+DT,corrected
US-NC2,2011,0.21510411125609552,0.24457107914548898,0.5987262025325844,0.7513838624451502,0.03253721684434388,0.15752072557625202,0.17019739003040052,0.16158475245494394,24,18,NT+DT,corrected
US-NC2,2012,0.21556874711030363,0.32319370399177066,0.451895996276143,0.7515032090976357,0.032464609795533034,0.21774684826462268,0.26436532909148935,0.16007006840913635,21,14,NT+DT,corrected
US-NC2,2013,0.21517638968404995,0.4125609293153375,0.7024862540136774,0.7501946308943093,0.03240005950216294,0.2012805143116293,0.4090523855193183,0.15938745739746285,24,0,NT+DT,corrected
US-NC2,2014,0.21548052725191694,0.39309997622239146,0.6391164882525568,0.7507711383801011,0.03238411847291744,0.20732891461942002,0.37319199341530807,0.15947459594955576,24,1,NT+DT,corrected
US-NC2,2015,0.21535974475259423,0.31816177590776956,0.5959799006416577,0.7528871799797164,0.03248597412376257,0.20980529003559334,0.38758119469083013,0.15964363175447444,21,0,NT+DT,corrected
US-NC2,2016,0.21514982231545082,0.4411860232887052,0.6457846892060611,0.7488142044965729,0.03253169622222893,0.19687635502262255,0.4591593639319726,0.15989641487051678,24,0,NT+DT,corrected
US-NC2,2017,0.21545275686283186,0.4089410659817129,0.5542473456523125,0.7517194267447126,0.032597598877745534,0.13712149084869008,0.44606097298424063,0.15976164899664005,20,0,NT+DT,corrected
US-NC2,2018,0.2149646954932119,0.49692198176085406,0.7185003771569188,0.7521015440097674,0.03278045021222786,0.19487204148018578,0.4378297760173738,0.15882396578826205,20,1,NT+DT,corrected
US-NC2,2019,0.21546264289385442,0.6595165794216624,0.6159240303520832,0.7495254841157274,0.032326687930872997,0.13679606572561248,0.5021757921019049,0.15889478595509426,23,0,NT+DT,corrected
US-NC2,2020,0.21521865972656148,0.2927987089038564,0.6389702628273903,0.7489259102096142,0.032338704021233365,0.14916994536667513,0.2976449194031046,0.15921688204253287,25,10,NT+DT,corrected
US-NC2,2021,0.2150087979214525,0.47236568470821066,0.5603353012104891,0.7504413254484118,0.03248648859813027,0.23491548077886232,0.34794340565095666,0.1603832462021384,21,3,NT+DT,corrected
US-NC2,2022,0.21523566898602406,0.32521149867369253,0.6881086814465716,0.749277624179502,0.03220752859434431,0.19372793514932737,0.3314801616841133,0.16027630039243768,25,3,NT+DT,corrected
US-NC2,2023,0.21510416782303074,0.291381229203445,0.5595014735478444,0.751412547848786,0.03231719099120981,0.13507160691825879,0.3558813823522656,0.16024667655216895,24,2,NT+DT,corrected
US-NC2,2024,0.21539869268502046,0.213874430295937,0.38859480679242236,0.7518596596436595,0.032413625552885,0.15137417074995965,0.18513387262203101,0.1591125872363688,23,17,NT+DT,corrected
US-NC2,2025,0.2152176637500706,0.23341804515952516,0.4995528258809121,0.7506401403586254,0.03239093125105632,0.1307318199396406,0.2300465200294734,0.16008041294182537,24,24,NT+DT,corrected
US-NGB,2012,0.2155030495378015,0.5855010676781937,0.6500000000000025,0.6901769974605885,0.03494667461618133,1.4284761245274147e-15,2.446569336909071e-15,0.2039104771199565,5,5,DT,corrected
US-NGB,2013,0.21564629015938527,0.5233541781768986,0.6093047114121989,0.693455949376967,0.034564607669296844,0.0718808619460895,0.20532040132239185,0.20141025132775603,4,2,DT,corrected
US-NGB,2014,0.21556491663955335,0.4389360078093631,0.41744375753485014,0.6914308620403726,0.03455260501462299,0.10507102497204195,0.20342608039713267,0.2032465835884171,4,3,DT,corrected
US-NGB,2015,0.2141952482084931,0.7976349186190743,0.7072741270736801,0.6900817165932134,0.03481435414997301,0.11607442579774561,0.2760132697866565,0.20058402580882964,3,0,DT,corrected
US-NGB,2016,0.21554631720348388,0.7893753065289612,0.7609515329781374,0.6869667806939335,0.0344475153795889,0.12787443082307054,0.20863672953732182,0.19858545823030885,5,4,DT,corrected
US-NGB,2017,0.21510423426305067,0.8229848269426263,0.7990800627464438,0.69243501072783,0.034528582009133994,0.15641276328528014,0.24577094891462964,0.20166089067385723,6,0,DT,corrected
US-NGB,2018,0.21654038373183096,0.6440554272627159,0.7730529527033603,0.680175054509217,0.034038369385991515,0.12589040487021672,0.20301803928215942,0.20493861624765852,2,0,DT,corrected
US-NGB,2019,0.215171000010156,0.8855244393672169,0.6143896300774995,0.6911499394795999,0.033938641104566035,0.10322148235047156,0.2837511448589606,0.20213109947675023,6,0,DT,corrected
US-NGB,2020,0.21603647954997304,0.8311347407568612,0.5209832165410513,0.6886888235568153,0.03474942208429012,0.0971538483208442,0.30217206026312615,0.20124388878870264,5,5,DT,corrected
US-NGB,2021,0.21473142321875902,0.7180209140954508,0.6846291850123173,0.68583838288486,0.035022176522636936,0.07037740533133692,0.29214806912174873,0.2067241670877082,4,1,DT,corrected
US-NGB,2022,0.21455712200473523,0.4551599339209958,0.7534474773615825,0.6909422391194158,0.034886141603765734,0.13654022316439518,0.25311217949875925,0.20188523771056405,4,0,DT,corrected
US-NGB,2023,0.2150010512909209,0.737297325412089,0.7452485057126811,0.6923830084554153,0.034492662264441046,0.29325163162679085,0.26379676737469976,0.20493942951292218,6,2,DT,corrected
US-Oho,2004,0.21443601720382893,0.775523247286227,0.8985166935546345,0.7791960659300406,0.032796756571248684,0.13777007938222047,0.3169538290346356,0.14546998705871134,23,6,NT+DT,corrected
US-Oho,2005,0.21454223272683848,0.6450721250278962,0.7512201419309041,0.7774168966940673,0.03294926161290578,0.17281210950799358,0.4041279077230455,0.14439708602405169,20,5,NT+DT,corrected
US-Oho,2006,0.21408550003157917,0.6389061857463152,0.809385908149619,0.7768441818781632,0.03267018263799004,0.20784384662991567,0.36388868404568764,0.145078964171514,18,8,NT+DT,corrected
US-Oho,2007,0.21414986898940397,0.6908886292535799,0.6892216317081699,0.7776339517712247,0.03250724811199602,0.1826792003515375,0.43040505037762067,0.14535992105313997,24,6,NT+DT,corrected
US-Oho,2008,0.21387040344621946,0.7012017092780785,0.7524001011995911,0.7776105621827231,0.03283179360329651,0.19134199942143673,0.3976634364202397,0.14405374923166817,18,3,NT+DT,corrected
US-Oho,2009,0.21409299957623606,0.7247944101942767,0.7168815613992289,0.7795734015467708,0.0328427214098254,0.1611496977963926,0.4448843325858839,0.14587245036972735,17,5,NT+DT,corrected
US-Oho,2010,0.21427285746107663,0.6628859034776543,0.7057672517743637,0.7789241771551528,0.03317381567665552,0.16546523529947343,0.4360230643762062,0.14505751284287427,18,2,NT+DT,corrected
US-Oho,2011,0.21368430923548803,0.716873386471244,0.6543161391039343,0.7780269828433993,0.03293311393962386,0.1614150334773871,0.39191860807429946,0.14520488350744978,20,6,NT+DT,corrected
US-Oho,2012,0.21392951492249718,0.6782162347275027,0.7275845666089585,0.7778085461913956,0.03298569036695934,0.2025148835405856,0.4146932926268963,0.14504023363920085,25,4,NT+DT,corrected
US-Oho,2013,0.2138212028068646,0.7058800845247426,0.7261676856293294,0.7772944790352169,0.0330146634459453,0.17378244829980566,0.41008285586593457,0.1456185472445287,20,14,NT+DT,corrected
US-Prr,2010,0.2178932701445629,0.5669012810992874,0.6500000000000025,0.7050400276185694,0.03534162134582665,1.990791177844127e-15,2.4591417022424314e-15,0.192004944010423,12,12,NT+DT,corrected
US-Prr,2011,0.21800146371198806,0.4146159481075429,0.678671745073618,0.7036611893158595,0.03518563906592069,0.17674014852545697,0.25095896755310054,0.19247452064602025,13,2,NT+DT,corrected
US-Prr,2012,0.2184163066595413,0.40654032976050675,0.5690711349628079,0.7053562256629137,0.03550581724419962,0.17126613702249546,0.27538530236808767,0.19207741816794324,13,4,NT+DT,corrected
US-Prr,2013,0.2179087870618398,0.37504370925442565,0.6659313003937417,0.7047937707860447,0.03579281151176996,0.17564059134338048,0.26300879279763734,0.1927347098073131,14,0,NT+DT,corrected
US-Prr,2014,0.2184153966317962,0.4409166998568432,0.7334059702161179,0.7044241316391793,0.03551511339215502,0.1643956957749924,0.2798666303142251,0.19347395517392998,12,1,NT+DT,corrected
US-Prr,2015,0.21824449501279786,0.3926993246587982,0.6993938914994138,0.7053559359180704,0.03585657595595611,0.1713948684653376,0.2877448084755796,0.19312477219536825,13,2,NT+DT,corrected
US-Prr,2016,0.21786153599532546,0.5400181626215087,0.7110664610230544,0.7025354176739561,0.03583314222843819,0.2308009368474295,0.3049190727793086,0.1924087649859392,12,0,NT+DT,corrected
US-Prr,2017,0.21759340848524428,0.3589313373286273,0.6084811858420053,0.7077904302386689,0.035577294930395575,0.14862270285861803,0.2843062267762631,0.19340673423315366,16,1,NT+DT,corrected
US-Prr,2018,0.21765079803830073,0.32526657432371275,0.5957990438048434,0.704982404395271,0.035724307444519356,0.1411939525974763,0.2751369127302314,0.19432731155709346,13,2,NT+DT,corrected
US-Prr,2019,0.21844145207372556,0.4484247582630863,0.5820834879431357,0.7046515648513267,0.03540428300385179,0.16025610503716867,0.2865122553244613,0.19541279963127603,13,0,NT+DT,corrected
US-Prr,2020,0.21789004165334555,0.5812789186465929,0.6258398639342103,0.7062426968804991,0.03550445304113724,0.2541862632534665,0.2792504558817177,0.1943249314345593,10,0,NT+DT,corrected
US-Prr,2021,0.2179105711366052,0.5029554827088087,0.6422565980946965,0.7047403574063227,0.03520551616625503,0.19607148603535896,0.31112457003631966,0.1925679824798433,13,1,NT+DT,corrected
US-Prr,2022,0.2172763151280208,0.42260370335780323,0.7300400559217594,0.7023288771371003,0.03597789905819947,0.20514827280269987,0.2707570277858336,0.1937243267773372,13,0,NT+DT,corrected
US-Rls,2014,0.21884081226171798,0.5611050112174891,0.6500000000000026,0.6959417926725521,0.0360010760300731,6.681304854244625e-16,2.435953841465095e-15,0.2009265175794884,22,22,NT+DT,corrected
US-Rls,2015,0.21893016729915996,0.4145804901271924,0.668101917324911,0.697082935392369,0.036450401171793954,0.19270406492312359,0.2837777148439501,0.201629852720499,22,4,NT+DT,corrected
US-Rls,2016,0.21855271985438238,0.5459035962200504,0.6326536278957313,0.6964500471603244,0.03584553113793952,0.22281294416268055,0.3228516966988164,0.20108973336680958,24,1,NT+DT,corrected
US-Rls,2017,0.21826568760790882,0.5061213022736759,0.6530830731719287,0.6930440928193299,0.0360003045052776,0.24845757665578166,0.33465536226113807,0.1993923925260716,20,2,NT+DT,corrected
US-Rls,2018,0.21821099796815746,0.6558101839560708,0.6960915236794178,0.6949654351509773,0.03581844404785656,0.20944470849465913,0.28906008579021525,0.20015696041883535,22,3,NT+DT,corrected
US-Rls,2019,0.2187270900881684,0.44528770788350164,0.6729508185387771,0.6956922972263646,0.03597012749499729,0.19258628702626815,0.32725569844972163,0.20116524313200757,20,0,NT+DT,corrected
US-Rls,2020,0.2186129347265723,0.5996928632263101,0.7312102927786771,0.6972370132261063,0.03611677677900112,0.2417503681351534,0.3439246502003589,0.19859615005678433,21,1,NT+DT,corrected
US-Rls,2021,0.2190178135914792,0.5975384731765448,0.6916030720642465,0.6954783088899648,0.036255226603018685,0.22577901644536577,0.36759429289949336,0.199718600449556,24,0,NT+DT,corrected
US-Rls,2022,0.21868300187932843,0.5380967589535196,0.6160349706318103,0.6954130820397578,0.036025406643239916,0.22275440279790415,0.34495332139406415,0.20149487888943207,21,2,NT+DT,corrected
US-Rls,2023,0.21853971414205114,0.4055257990514957,0.5636143132394721,0.6965334708796495,0.036257292074022236,0.18413636909636552,0.317702678750924,0.19932956373640434,16,6,NT+DT,corrected
US-Rms,2014,0.2167567242344337,0.5911828782138997,0.6500000000000024,0.7129824420118088,0.03541862783046856,2.499488916478736e-16,2.4683626820451496e-15,0.18263757414899506,17,17,NT+DT,corrected
US-Rms,2015,0.2169133392154094,0.5290783399398791,0.7412172938522116,0.7137015946047468,0.03552065909298249,0.1342571248669074,0.29642099486867596,0.18345000944339865,14,1,NT+DT,corrected
US-Rms,2016,0.21709011341872347,0.5886813390009674,0.8289067576785379,0.7172254874406225,0.0354302291132681,0.1813847596484983,0.28810283414971705,0.18060315872909896,19,2,NT+DT,corrected
US-Rms,2017,0.21755487250367578,0.48907711570358575,0.6703239720647189,0.7156010404389449,0.03516613309103373,0.15366057464463978,0.2723551216844574,0.18336098311955631,19,7,NT+DT,corrected
US-Rms,2018,0.21707680520815983,0.45683982868885276,0.8213116500942824,0.7135628037356294,0.03564993915287566,0.19944680374442422,0.2244097466897203,0.18234423327504432,17,2,NT+DT,corrected
US-Rms,2019,0.2171006057520533,0.5373539460458009,0.7302251103602263,0.7163245474830868,0.035687181353182905,0.20723715019596167,0.26946188871457577,0.1819954322204581,18,3,NT+DT,corrected
US-Rms,2020,0.21773200838279672,0.674250540616083,0.694879781862311,0.7148130238774499,0.03526199526810668,0.18466382650996252,0.31214118563017973,0.18347980344190049,17,4,NT+DT,corrected
US-Rms,2021,0.21714236277747304,0.6372608786649225,0.7790637294741407,0.7156048009973804,0.035546935403366925,0.23414506232704205,0.3484180394797317,0.18177545225307223,19,1,NT+DT,corrected
US-Rms,2022,0.2172003299889846,0.5493532726450991,0.5822098823106922,0.7177997937795483,0.03551208698074163,0.22606634731419972,0.3028104844581104,0.18308593457802244,17,4,NT+DT,corrected
US-Rms,2023,0.2170978500220662,0.4824579942198076,0.6604621200765252,0.7157944048353901,0.0358595863195245,0.15685247084497175,0.33650917627174376,0.18177383478804138,12,4,NT+DT,corrected
US-Ro4,2014,0.21322987254601491,0.753563779825976,0.8522561145089103,0.7912000234473111,0.031227365401832664,0.07473909740075439,0.2156813686565117,0.13909081462763434,15,9,NT+DT,corrected
US-Ro4,2015,0.21318875071317892,0.7342608396233304,0.8016769479663398,0.7905367765631592,0.031238097208908997,0.11409997257212826,0.27859750768518693,0.14012220123759722,22,12,NT+DT,corrected
US-Ro4,2016,0.21348145268171057,0.5805236772392479,0.74714545616339,0.7895966446752668,0.031237944509730713,0.18329707165754505,0.334021177702113,0.13903195127779325,18,4,NT+DT,corrected
US-Ro4,2017,0.2132706315493732,0.5758522630618852,0.7425110637230368,0.7908674292959968,0.030968673601809264,0.1653679706892956,0.2596716296530159,0.13905411162059206,18,5,NT+DT,corrected
US-Ro4,2018,0.21310896772905996,0.6830936358050528,0.7955516275149751,0.7903124632398891,0.031512443623849126,0.17920452669020112,0.28137865811890367,0.1405259614665277,13,4,NT+DT,corrected
US-Ro4,2019,0.21341513489620667,0.5960571672298948,0.7102564774664549,0.7902763467312057,0.031574097309636326,0.16885219372433236,0.3025354496307511,0.13977762388027054,17,1,NT+DT,corrected
US-Ro4,2020,0.21316174745552335,0.6204088132614286,0.8162355490359101,0.788762120016434,0.03113979486254523,0.16724819500050914,0.2865646658419591,0.13862147792917814,20,1,NT+DT,corrected
US-Ro4,2021,0.21366984562036276,0.595540732932859,0.7651220326494543,0.7896632183343366,0.03099478765346824,0.17483889116124693,0.29062600501936997,0.13961759538017823,18,0,NT+DT,corrected
US-Ro4,2022,0.21299332435741444,0.6541725874610944,0.7107189303048775,0.7908361733485627,0.030974638234830737,0.16752904400545232,0.2980292233423424,0.13954019457130376,17,3,NT+DT,corrected
US-Ro4,2023,0.2134851010287891,0.6854123370570271,0.7460884773561729,0.7906854085545544,0.03110972538879795,0.1969122449317881,0.2907657442339633,0.13971493986076347,17,0,NT+DT,corrected
US-Ro4,2024,0.21352869772452762,0.6020277510267332,0.8799134253262972,0.7895827186110227,0.03098710927173336,0.16652676663968427,0.250786214197179,0.1383157774788334,17,0,NT+DT,corrected
US-Ro4,2025,0.21302500813346437,0.5972435873709541,0.7614568057274359,0.7894455122851555,0.031188176548011835,0.16652905700556941,0.274378964490009,0.13953336958453105,19,1,NT+DT,corrected
US-Rpf,2008,0.21729986628597925,0.6042247190101797,0.6500000000000025,0.7127996443071148,0.03526294301226443,2.5572855862636733e-15,2.440928502067866e-15,0.19358711679189405,11,11,NT+DT,corrected
US-Rpf,2009,0.21789035059873943,0.5713188902173314,0.5362179887110395,0.7148632566290041,0.03556415937976002,0.18455288963023167,0.27459511891562605,0.1923639687218613,15,1,NT+DT,corrected
US-Rpf,2010,0.21806847417663403,0.4360793595449296,0.5592481101641151,0.7155958346322892,0.035248888942354874,0.197703178524877,0.2813903288151216,0.1897557454406419,10,2,NT+DT,corrected
US-Rpf,2011,0.217610983466849,0.38710372505543317,0.6252813596287595,0.7124081668519274,0.035149547984392994,0.18144444608414315,0.2947801162794904,0.19143205196082516,9,0,NT+DT,corrected
US-Rpf,2012,0.21800518614772182,0.45217822555483284,0.6633551581810642,0.714454820277731,0.035963277913246376,0.1909175735370455,0.2938402616341356,0.191683438964329,13,0,NT+DT,corrected
US-Rpf,2013,0.21776296063377712,0.43052465858152655,0.6068003322590783,0.7170606065365606,0.03592968899895792,0.18775375524853907,0.2606959171205679,0.1943865340724746,10,0,NT+DT,corrected
US-Rpf,2014,0.21812866965955396,0.36176769178581564,0.5443879151002519,0.714502926223286,0.03553856402451489,0.15514008212871605,0.2964786081619175,0.19446893543801702,16,5,NT+DT,corrected
US-Rpf,2015,0.2180044112766785,0.3837345493364478,0.5938882498526519,0.7145958074260423,0.035383036393875016,0.19324312532584886,0.23358759295730436,0.1954909527962567,12,2,NT+DT,corrected
US-Rpf,2016,0.21774631710964,0.4603548466184752,0.6383586404574867,0.7113160215710423,0.03538556809348201,0.20314070970428624,0.27075113637670295,0.19135777156954695,15,1,NT+DT,corrected
US-Rpf,2017,0.21764430061211196,0.3819012394643437,0.6587369321756494,0.7114468832764146,0.035433207892872166,0.17162370706773708,0.2930656039418829,0.19205426700870198,14,2,NT+DT,corrected
US-Rpf,2018,0.21770163918706703,0.412607477565109,0.6155475609708961,0.7144560644497018,0.0353417447998131,0.13958719337233588,0.3142321471064134,0.1929699200036357,12,3,NT+DT,corrected
US-Rpf,2019,0.2180895925639027,0.5512869230730699,0.4674493894327022,0.7136730168265161,0.035324118692644735,0.22139334762984741,0.3269145572494573,0.19311354258895425,14,4,NT+DT,corrected
US-Rpf,2020,0.21809275146428095,0.38525755266227335,0.6471716221562743,0.7142282908256813,0.035711477050462084,0.19244053178077222,0.30151486486093054,0.19191458134065295,9,4,NT+DT,corrected
US-Rpf,2021,0.218104771996157,0.8149765382219943,0.46117419508941127,0.7148786582729852,0.03539577816302042,0.18327297098299716,0.24209459001540373,0.19260426010994455,14,7,NT+DT,corrected
US-Rpf,2022,0.2173666918373758,0.4647342568505579,0.6054624176960767,0.7113672631079726,0.0352565586969947,0.15793940392271086,0.35651415132546105,0.19467375954922073,12,1,NT+DT,corrected
US-Rpf,2023,0.21852720762931313,0.5684230027361089,0.4726063627096253,0.7141178065051831,0.035199885147146226,0.2064230128272252,0.3510069957026886,0.19443343430327054,10,0,NT+DT,corrected
US-Rpf,2024,0.21831485713502036,0.5408518328844961,0.6007751505197693,0.7141500699898193,0.03539327332904049,0.2521982819993238,0.31888145691106295,0.19525862711461528,14,0,NT+DT,corrected
US-Rwf,2014,0.21697359025550422,0.5479241212394466,0.6147393005923816,0.7214758436329803,0.0354043279670302,0.14465936519970035,0.2681112555783939,0.18748003933757185,20,13,NT+DT,corrected
US-Rwf,2015,0.21668047847764887,0.45116980235270443,0.6458495574880626,0.7213493237223891,0.03496285156862049,0.0963927435580544,0.3417858153861438,0.18494447020095856,16,0,NT+DT,corrected
US-Rwf,2016,0.2172615983477368,0.5186838873554181,0.6774960424788827,0.718408285750337,0.03547163439622973,0.17520481562721482,0.3482489128038975,0.18918740865723527,20,5,NT+DT,corrected
US-Rwf,2017,0.21747544148654002,0.5141150842396566,0.6352922564493276,0.7213509939385179,0.03523560886624768,0.13265244246333505,0.35561323277880874,0.18488653424938753,20,5,NT+DT,corrected
US-Rwf,2018,0.21674077959104232,0.46300054377498623,0.6592105287846044,0.7202486059486146,0.03542526441176818,0.150309261206684,0.312585836087029,0.18734049913326428,18,2,NT+DT,corrected
US-Rwf,2019,0.21642875418652102,0.513410167019673,0.694112746378573,0.7208181635942464,0.034982179030223715,0.21470150143856453,0.33108114423383667,0.1875445704986583,20,3,NT+DT,corrected
US-Rwf,2020,0.21693610338285696,0.49138982766210787,0.67805990209215,0.7219987637871198,0.03527585466696685,0.20270172297404368,0.343024911047538,0.18757758033984406,19,2,NT+DT,corrected
US-Rwf,2021,0.21675422641993825,0.46132941676128586,0.6577242804499588,0.7193897860717694,0.035270443928923194,0.17966273177894487,0.3532948972659342,0.18526646500999672,21,0,NT+DT,corrected
US-Rwf,2022,0.21684654620580385,0.5444670503739952,0.5799456128503264,0.720920983760319,0.03518637664428267,0.13542814820864138,0.35122002690498905,0.18643417216708003,19,1,NT+DT,corrected
US-Rwf,2023,0.21753590001873896,0.47492867125102256,0.34190883927077254,0.7194200102753936,0.03519008630247011,0.1957690309252757,0.3241529403750225,0.18705013783602265,12,5,NT+DT,corrected
US-Rws,2014,0.21889309503509882,0.548617730596759,0.6500000000000024,0.683774869095563,0.03663338124546275,2.1033609987099578e-15,2.44527529078049e-15,0.2093168995489648,22,22,NT+DT,corrected
US-Rws,2015,0.21872735987374828,0.53358124891126,0.6613711725129034,0.6833091142711377,0.0362601340822521,0.2080588144720071,0.2822618740988862,0.21106368210647702,22,2,NT+DT,corrected
US-Rws,2016,0.21896307829183462,0.44439031510281696,0.6941946785995644,0.6809431249510267,0.03640772232151008,0.19714636410467357,0.26826238530046964,0.20894852546335047,25,2,NT+DT,corrected
US-Rws,2017,0.2187687306538139,0.5487037549188746,0.7170644624775503,0.6798401694021703,0.03659315456518153,0.2102405105543331,0.2526930039541191,0.20999267887561648,19,5,NT+DT,corrected
US-Rws,2018,0.21908000595183086,0.4337786290543302,0.6533066950656501,0.6817494764124031,0.03663947064858539,0.21234846286461312,0.26969991879707295,0.2089075206673163,23,3,NT+DT,corrected
US-Rws,2019,0.21889539671751038,0.48910154015200435,0.6390633881541695,0.6813296779294132,0.03672361446906633,0.17590047444170417,0.24452251748364315,0.20991558340687858,22,12,NT+DT,corrected
US-Rws,2020,0.21862723057379657,0.5560742217887942,0.7094572882139765,0.6826569404983814,0.036489839499242546,0.18768310899390794,0.262485672100095,0.20911875874319016,23,1,NT+DT,corrected
US-Rws,2021,0.2186738414758255,0.5703256796473379,0.713986332240907,0.6819164205169355,0.036490421665157986,0.20558626949607234,0.27900181884339303,0.21185432251525452,23,0,NT+DT,corrected
US-Rws,2022,0.21884711771309737,0.5971760902154932,0.7064901824003978,0.6790280397742101,0.03650366672722198,0.20666648627818174,0.27920760047066107,0.20975418307615637,19,2,NT+DT,corrected
US-Rws,2023,0.21908078570650838,0.5435250114038539,0.6093107933690552,0.6809323775822028,0.03639654264135669,0.24968527777639093,0.30142469857195636,0.20907899409551423,15,7,NT+DT,corrected
US-SRG,2008,0.216741969438257,0.45629722895334707,0.4886692396140199,0.7100778077778278,0.035145768563391924,0.18054608116110096,0.25252203481062585,0.19790860311594963,21,10,NT+DT,corrected
US-SRG,2009,0.2165738034490677,0.41859023903878295,0.5107847428259756,0.7117209229931439,0.03479151081349522,0.2056642237939827,0.2722025925661013,0.19873041298238436,24,17,NT+DT,corrected
US-SRG,2010,0.21687074768257503,0.36869576928361497,0.40695799867983734,0.7125445487438913,0.03504855782589578,0.14406617797645874,0.2897604843117273,0.20036727521548794,21,6,NT+DT,corrected
US-SRG,2011,0.21690999718723575,0.3866311493749739,0.5412647205107098,0.7115644803755334,0.03483590486619825,0.16469774465387135,0.2937177755911781,0.1989133412454424,25,11,NT+DT,corrected
US-SRG,2012,0.21709521182730593,0.406848322505671,0.4676463809659628,0.7131417374042015,0.03519587984465183,0.18595842212563982,0.3503019809700578,0.1985818891280522,24,6,NT+DT,corrected
US-SRG,2013,0.216730484109647,0.43221495503169527,0.43764067523808997,0.7113428014898651,0.03502288151578825,0.1600560157383797,0.25563108352634,0.1975019494405072,22,11,NT+DT,corrected
US-SRG,2014,0.21696050057347288,0.361443774667419,0.46723338203294473,0.7112212630113097,0.03518170324006824,0.14928122940197588,0.3017237666423929,0.1985474239379084,21,2,NT+DT,corrected
US-SRG,2015,0.2169470267628266,0.28176070122662933,0.5465935071541179,0.7114320646808767,0.035028180871493494,0.150084456810447,0.3214692343595683,0.19674717870200198,19,2,NT+DT,corrected
US-SRG,2016,0.2165532859237246,0.3566577659412173,0.41363371379473846,0.7115032783750849,0.03488735590921487,0.18772254906273803,0.3240361127819328,0.19801106044894098,20,6,NT+DT,corrected
US-SRG,2017,0.21696934505925017,0.4076185834443705,0.5293056742549519,0.7113088885732064,0.03493909088307525,0.18165572318504353,0.3287935552017056,0.19869039684885695,21,7,NT+DT,corrected
US-SRG,2018,0.216777043824718,0.3829903343850049,0.5202252524320639,0.7124601422090904,0.03490796457365195,0.1455637376950447,0.32353402203240317,0.19780532675971665,22,5,NT+DT,corrected
US-SRG,2019,0.21656189354550034,0.43818287712118187,0.4933960237131969,0.710082630529896,0.03517574456684516,0.15731921208415808,0.34924423075617367,0.19791692425338125,24,0,NT+DT,corrected
US-SRG,2020,0.2169514532748258,0.4645738087823775,0.5898325979733987,0.7122754717445484,0.035120029024201145,0.20444327633316134,0.3142985149318314,0.19790795991586438,24,10,NT+DT,corrected
US-SRG,2021,0.2168237404971266,0.4174725359531062,0.2665082517589355,0.7123327051944285,0.03514278828470832,0.15553175537122638,0.23656278302497138,0.19750090857837785,23,11,NT+DT,corrected
US-SRG,2022,0.21722562255047093,0.28702231898411584,0.6396571544701943,0.711507741544814,0.03494176452587621,0.14809384836185324,0.2943630286075482,0.19851076716643432,24,4,NT+DT,corrected
US-SRG,2023,0.21658867874353982,0.3128169595188073,0.5367291681156289,0.7107115896962647,0.03498747704888732,0.16741606893316768,0.3159906412149322,0.1978260476834071,24,4,NT+DT,corrected
US-SRG,2024,0.2168425850936557,0.252615556720709,0.5462004257849153,0.7122925684789517,0.03506579661832981,0.1421194566631541,0.2787356418972426,0.1973379869361835,24,5,NT+DT,corrected
US-SRG,2025,0.2170448091771752,0.34174242847465225,0.5906832083609644,0.7122869736443578,0.03496993371875453,0.16389438579275828,0.25172323303342625,0.19891336679234328,24,3,NT+DT,corrected
US-SRM,2004,0.2182201711315477,0.47126586131757514,0.6652655355751226,0.6993736808483891,0.03637941814524232,0.18006907302971684,0.20949638158537986,0.2023031306152443,23,18,NT+DT,corrected
US-SRM,2005,0.21813753586540224,0.4924180309710196,0.7720715020269221,0.6980675441170517,0.036255314994564795,0.19271107240137705,0.2855331675112753,0.20296036137223775,25,12,NT+DT,corrected
US-SRM,2006,0.21824361173481147,0.6228043600317803,0.4718693704369331,0.6986835509549969,0.036433302587162826,0.17586836886699664,0.2696614118941743,0.20101053110178785,24,24,NT+DT,corrected
US-SRM,2007,0.21853817581286433,0.5486807631665072,0.5217027180568966,0.6990143868699374,0.036429592138142806,0.17723245515377253,0.25986578195745397,0.20312855602019803,25,16,NT+DT,corrected
US-SRM,2008,0.21864503861461546,0.4410516470799474,0.6136992830118472,0.6990561793263842,0.03630743719901846,0.17049460658681476,0.2019925705461016,0.20280320733242765,24,13,NT+DT,corrected
US-SRM,2009,0.2184047482536565,0.5760550642289644,0.6463893941920965,0.6969068570312641,0.03633713675598577,0.21488634418556982,0.2626485754851458,0.20267146834428826,24,19,NT+DT,corrected
US-SRM,2010,0.21874890667327007,0.34929126903078467,0.6649018595382823,0.6979712235959403,0.03633475670601573,0.17883666693814232,0.23213936542525,0.20128499223266597,23,11,NT+DT,corrected
US-SRM,2011,0.218179492044126,0.7809054173094457,0.6786415473933132,0.6975508363354204,0.03662420328294922,0.1799251519920458,0.1810021315099583,0.2019830718893046,26,26,NT+DT,corrected
US-SRM,2012,0.2184614437495209,0.5094086373868913,0.6829866184193828,0.6986756478036998,0.03635888555304809,0.2132410961585073,0.2683204774180246,0.20246444217514956,24,9,NT+DT,corrected
US-SRM,2013,0.2183125126630137,0.5972220858379422,0.7070601151073607,0.6974766056577592,0.036110452352827595,0.1274173539466883,0.3332203085697447,0.2048250165055119,24,23,NT+DT,corrected
US-SRM,2014,0.21838725223365352,0.45264989113802717,0.73486097764543,0.6979439554595006,0.036300306786962194,0.17628581586199676,0.28515370772594756,0.20219401968585848,22,7,NT+DT,corrected
US-SRM,2015,0.21844212718772257,0.43098777428504426,0.7502052191465959,0.6984251773822304,0.035795826301779445,0.1623255393688709,0.2609373313479449,0.2034736340844473,21,8,NT+DT,corrected
US-SRM,2016,0.21831521121193362,0.5043519203886501,0.7447774702538754,0.7007299992494906,0.036238907079844083,0.1781634572874467,0.28715959224462745,0.20275772871804576,22,7,NT+DT,corrected
US-SRM,2017,0.21856461974539637,0.4371693757251735,0.7279212490391432,0.6992851509920847,0.03659037143679408,0.19709859882806147,0.23061654723751218,0.2025384788385716,21,20,NT+DT,corrected
US-SRM,2018,0.2181479005883843,0.46309737162030895,0.7283764291230924,0.6987448019621048,0.03611533185090622,0.19701271746463142,0.24798066514832068,0.202467498166546,22,13,NT+DT,corrected
US-SRM,2019,0.21870875211963123,0.49128863612140633,0.7937520210436144,0.6997762010166428,0.03647897906932682,0.1845748181469804,0.23827329348326776,0.2038114068960375,24,8,NT+DT,corrected
US-SRM,2020,0.217991058708201,0.4920262144140004,0.6363873040082871,0.6979864719624227,0.03634957033749609,0.22296611070786185,0.29139091725944805,0.20447407634067347,25,18,NT+DT,corrected
US-SRM,2021,0.21830448006833766,0.6592003971774869,0.9256303393006404,0.6983332717195289,0.03650770484044529,0.18349237238908625,0.2571570818788269,0.20250050349344703,24,23,NT+DT,corrected
US-SRM,2022,0.21818940455719446,0.4186598218333121,0.679652534671821,0.6965392618876977,0.036636880748922164,0.16050661678351447,0.27263357223386836,0.20309552129695005,24,8,NT+DT,corrected
US-SRM,2023,0.2185565867732304,0.3888937122945532,0.7001510462130727,0.6990782742148792,0.03626438713808133,0.19598613994224018,0.24710657179873138,0.20394582464406671,26,12,NT+DT,corrected
US-SRM,2024,0.21842189578611906,0.36019361300018604,0.7518969640151857,0.6988241506720909,0.03621561098209043,0.17803871895093956,0.26044863487120073,0.2021741658255584,25,11,NT+DT,corrected
US-SRM,2025,0.21856952724312514,0.23438956485415752,0.742756227459558,0.6986485001477821,0.03630829374292192,0.12678328825454502,0.18614083623002883,0.20263464201225137,26,26,NT+DT,corrected
US-Seg,2007,0.21771058447893302,0.457983977000788,0.5759921041017009,0.6695018467618495,0.0369149974847097,0.19255852007396942,0.27917350866530394,0.21383426359866503,25,10,NT+DT,corrected
US-Seg,2008,0.21744743148273343,0.38570256429518446,0.652630836197494,0.6686219444738017,0.03700407583091775,0.13938116425359998,0.2767600748475315,0.214419489022728,28,26,NT+DT,corrected
US-Seg,2009,0.21723154891954113,0.4114701469799369,0.5487339879133272,0.6685678494832895,0.03679353363307865,0.1959256397163567,0.2635342010186609,0.21452123806111173,27,17,NT+DT,corrected
US-Seg,2010,0.21749997638253302,0.4972585186853532,0.4524663652384179,0.6686511367446951,0.03701895188545054,0.1834131498358942,0.28009882825369853,0.2149606650787544,23,9,NT+DT,corrected
US-Seg,2011,0.21778331425173975,0.6109247704944744,0.504601111898561,0.6722582168043817,0.03690196149488033,0.2130605603219175,0.2722036168119191,0.21451720080373746,25,19,NT+DT,corrected
US-Seg,2012,0.21789857607148522,0.41863909860780446,0.684877320231377,0.6698415597806773,0.036835272038437374,0.15807739851052519,0.2909822416489937,0.2146335322446563,27,20,NT+DT,corrected
US-Seg,2013,0.21778587061683358,0.44484925321187674,0.5645169457129959,0.6697774907446953,0.03682726128095756,0.12879075963204434,0.25313663908067296,0.21354749550932323,27,19,NT+DT,corrected
US-Seg,2014,0.21746082977082049,0.41638682499514856,0.5809864896708515,0.6687044294658536,0.03662436425182047,0.12845949873168272,0.2383403490873429,0.21501449072782772,28,19,NT+DT,corrected
US-Seg,2015,0.2175575510011126,0.4530823212190178,0.6020535767167942,0.6697933447546759,0.03664655933691532,0.2308897204400468,0.27400414663196115,0.2149607560398211,25,8,NT+DT,corrected
US-Seg,2016,0.21778391764325367,0.38942290072559704,0.5001022139926892,0.6698887807836623,0.037009682004403084,0.15429850438190887,0.278715374891248,0.2133134532458715,26,10,NT+DT,corrected
US-Seg,2017,0.2176156009445962,0.4593624610918411,0.5840474913682594,0.6670867510379932,0.03704101826851964,0.18920959195908763,0.2822084250310925,0.21640649924664768,24,8,NT+DT,corrected
US-Seg,2018,0.21755331783351203,0.4185945163077065,0.5689249282514419,0.6704037566994446,0.036805149101319413,0.1577583531510411,0.26231451968685254,0.2149350939870687,27,11,NT+DT,corrected
US-Seg,2019,0.2175241696479745,0.45377892002142567,0.6113034190531542,0.6689391446348016,0.0366112131913803,0.19200725503113628,0.2646692991630793,0.21489943737675424,28,6,NT+DT,corrected
US-Seg,2020,0.21754042096388387,0.46462619787297244,0.5586660942110134,0.6717824959024797,0.03660419053867665,0.18300798976327487,0.2194195757669779,0.2141317955224747,27,25,NT+DT,corrected
US-Seg,2021,0.21756460127122723,0.369494041283805,0.5062498985346588,0.6675220216483303,0.03680278404114128,0.11430277317607013,0.19037232336168403,0.2141441573184637,26,21,NT+DT,corrected
US-Seg,2022,0.21714723459902902,0.6682538670281853,0.6355614710285782,0.6698469720018367,0.036765430441522653,0.16410173187622795,0.23553754994199352,0.2136629754483998,24,24,NT+DT,corrected
US-Seg,2023,0.21741027269963628,0.5691981665834822,0.5511120836717072,0.6698474369876629,0.03674391541862643,0.17374195236437973,0.26596496261848845,0.21391939495771123,29,19,NT+DT,corrected
US-Seg,2024,0.21767745341846664,0.42540693741315777,0.5580951874312926,0.6699074368603986,0.036920278751237386,0.18545763128733533,0.3122836520856253,0.21384200354777474,25,23,NT+DT,corrected
US-Seg,2025,0.2175039251955622,0.3527329157121347,0.5148536255528892,0.6715153563433431,0.036955309957499266,0.16106405419201017,0.31209683878971367,0.21492346680138305,25,11,NT+DT,corrected
US-Ses,2007,0.21778477962517445,0.5382606456612639,0.6210383977657412,0.6797547345257772,0.03705593023111276,0.17205811948895725,0.23629840980149724,0.21516632165490845,27,7,NT+DT,corrected
US-Ses,2008,0.21742216727387434,0.489620891526778,0.562295674912822,0.6811768331177048,0.03737464618223137,0.19268005586693723,0.251282740295641,0.2158725285183339,27,22,NT+DT,corrected
US-Ses,2009,0.2178047981848733,0.47268388016567275,0.6328164487769551,0.6808024502833818,0.037151584890005813,0.20046245500451237,0.2845221101692762,0.21670628247821452,27,5,NT+DT,corrected
US-Ses,2010,0.2176700752885487,0.45339674664171375,0.6402890915343312,0.6820707459031758,0.03729337961177135,0.20365594976769053,0.305172227115791,0.2180594864517316,27,5,NT+DT,corrected
US-Ses,2011,0.2169407258621649,0.38561434574534276,0.5809177470275901,0.6790794767830833,0.037101240134116475,0.14788744016377808,0.281077203770121,0.21382899242442652,24,22,NT+DT,corrected
US-Ses,2012,0.21730474720993945,0.4771080520876425,0.6856733052964907,0.6799321727525998,0.03733714766247541,0.1838569614990065,0.28840207827194586,0.21578025297404924,28,11,NT+DT,corrected
US-Ses,2013,0.21771250456413013,0.4828757442258537,0.6493143664964582,0.6810873446721991,0.0371414026963123,0.16708147273773402,0.2616088203994265,0.21706223429452365,26,15,NT+DT,corrected
US-Ses,2014,0.2176147717679966,0.4856695067223254,0.6627660452460007,0.6802061784361096,0.03692867703565266,0.2037234167553241,0.26792951036011503,0.2159302986565024,27,6,NT+DT,corrected
US-Ses,2015,0.21734513739457603,0.48039954732842605,0.6692751099411721,0.6809080253009232,0.03716898143948849,0.20950611892985274,0.28161550026612775,0.21591707704636454,23,3,NT+DT,corrected
US-Ses,2016,0.21775449723587584,0.5130151697399873,0.6715620536761648,0.6824930018133732,0.037432377493309986,0.1940599545670846,0.2645783667009297,0.21488963639313044,27,7,NT+DT,corrected
US-Ses,2017,0.21759576074846707,0.4976324974732381,0.6624890162516595,0.6819344552683924,0.03706229354781864,0.21706992461483968,0.28153022673924,0.21682370503572226,25,5,NT+DT,corrected
US-Ses,2018,0.21749344673218537,0.48392179739393343,0.6232148110688909,0.6790470305092849,0.03716782942452325,0.1912730121795282,0.28894484990068114,0.21752661817787272,25,3,NT+DT,corrected
US-Ses,2019,0.21733130154221425,0.48518963505038454,0.5995101549372808,0.680576468457944,0.036898380738910275,0.1984974682836002,0.30376786954132406,0.21697688142933902,28,11,NT+DT,corrected
US-Ses,2020,0.21757393950506207,0.5425706257731027,0.581843422018639,0.6816765910853501,0.03741530331419711,0.21992309940542498,0.3065829513046298,0.21710354394471057,27,16,NT+DT,corrected
US-Ses,2021,0.21765392996319893,0.3816889778463271,0.7452923131509783,0.68143230206184,0.037096454300695365,0.14025879485024306,0.25170411422840044,0.2166067791658207,25,25,NT+DT,corrected
US-Ses,2022,0.21768278105408917,0.3842903184415777,0.7446278183189265,0.6787528024901094,0.037241319110818266,0.14022364553623856,0.25135287332373996,0.2173113979569133,26,26,NT+DT,corrected
US-Ses,2023,0.21745723779745288,0.4324108073345577,0.7224525996003296,0.6820464890308418,0.03737623971364656,0.2184218101078009,0.24869228337113924,0.21831786306112852,28,23,NT+DT,corrected
US-Ses,2024,0.21767920345830855,0.43437756660190713,0.6632196226073374,0.6797727329819684,0.03720704937646646,0.21580596060880505,0.2639587587707831,0.21405186905559653,26,13,NT+DT,corrected
US-Ses,2025,0.21785160467343373,0.32194853789136335,0.5450486481708381,0.6829883779677597,0.037059570601244006,0.11708907327632398,0.26716343104046814,0.21827296607686777,25,23,NT+DT,corrected
US-Slt,2005,0.21626627100043616,0.6044157663459676,0.7267053257928999,0.7394603171086598,0.03345454284660106,0.17476700241482,0.3811313206593947,0.1686587171634953,25,4,NT+DT,corrected
US-Slt,2006,0.21582091635384332,0.5331347086554723,0.722056524060477,0.7361312329034366,0.033479083519709234,0.21399495652550754,0.39753234973705925,0.1684041285267266,25,6,NT+DT,corrected
US-Slt,2007,0.21623934414036178,0.5302240461185875,0.663647395822958,0.7365933015569573,0.03315930081614025,0.17721973378499672,0.28599049704054713,0.16823769494584723,25,13,NT+DT,corrected
US-Slt,2008,0.21603508280578676,0.5458409726310371,0.7525985929046898,0.735949718727703,0.033252975350057556,0.16469992836604935,0.3171258732641971,0.16801741175033824,26,2,NT+DT,corrected
US-Slt,2009,0.21627612794039192,0.4838978715328134,0.7571260578612056,0.7367803157858657,0.03350979280916192,0.17193883209339805,0.35163549633039876,0.1676823062317126,19,3,NT+DT,corrected
US-Slt,2010,0.21594881457242912,0.5368341190533147,0.7354010897993624,0.7379895507666079,0.03332146576842402,0.15453560505506006,0.37535055949848684,0.16960965283846455,23,1,NT+DT,corrected
US-Slt,2011,0.21655400445249043,0.45207912751158,0.7642368925864266,0.7354197155286651,0.03315659778053688,0.19156237153955588,0.3568412186624247,0.16742099687094475,20,3,NT+DT,corrected
US-Slt,2012,0.21623478790959633,0.3919033371860787,0.775210246263304,0.7375769004857656,0.03306780672864629,0.20260606412365156,0.28667547028047874,0.1694246647563699,26,2,NT+DT,corrected
US-Slt,2013,0.21596198109888534,0.5277722871175518,0.865266105330125,0.7379408600820794,0.03315672565556438,0.1950627054508415,0.26610011817694584,0.16951021784890502,22,1,NT+DT,corrected
US-Slt,2014,0.21593331043085437,0.550048819387231,0.8248281649679602,0.739513120250422,0.03319499320621987,0.19515986173821345,0.3159660303663076,0.16607617358286306,17,0,NT+DT,corrected
US-Slt,2015,0.21620285183221985,0.6581367248410382,0.7461264527244892,0.7370452208628663,0.032914070951115,0.2015486022071245,0.3728079059580187,0.16976390409476746,23,4,NT+DT,corrected
US-Slt,2016,0.21613339929359798,0.5728658440112466,0.7398569786858346,0.7358785381871709,0.03360385987587016,0.18689287197427068,0.35204048056411563,0.16815645809189222,23,1,NT+DT,corrected
US-Slt,2017,0.21624905768435737,0.6125200250982169,0.7671680624059513,0.7359555629985307,0.03333578247776715,0.25180931409199947,0.37556427720795615,0.16783845008403653,20,1,NT+DT,corrected
US-Slt,2018,0.21649037570657717,0.5712375397889546,0.6539990777409003,0.7387575015194827,0.033029441666767766,0.25090021167308124,0.3526998582657126,0.16822277950081224,17,0,NT+DT,corrected
US-Slt,2019,0.21611105115430296,0.5377931940429966,0.7487398416649136,0.7368399220959376,0.0329936855611701,0.26703470983383665,0.3154802374388622,0.16759417404935362,20,2,NT+DT,corrected
US-Slt,2020,0.2158290897919935,0.6045330890438229,0.6816154175340247,0.7378478209341535,0.033151765609081875,0.20444598963677826,0.3699735739624861,0.16908683854590342,24,4,NT+DT,corrected
US-Slt,2021,0.21607865627193787,0.6048212167788692,0.7004340765406906,0.7370395913331605,0.033403450659657045,0.21572852055276132,0.32122770077049434,0.16992284833607088,21,8,NT+DT,corrected
US-Slt,2022,0.21593958663143362,0.16244528831276608,0.5603720080697613,0.7357999247808018,0.03312688290372565,0.11396180587393422,0.14912937210392163,0.16888509471440358,23,23,NT+DT,corrected
US-Ton,2001,0.21699762105336692,0.5247081166372829,0.6226701951076761,0.703010532783133,0.035525599036381236,0.11099839876913029,0.1923830868437946,0.19538396542031158,26,16,NT+DT,corrected
US-Ton,2002,0.2166552475990639,0.4053462069573884,0.8345811195787195,0.7006614607657067,0.03522127446539735,0.16377553263105654,0.2672161873530409,0.19394603598926424,24,3,NT+DT,corrected
US-Ton,2003,0.21682185281166994,0.43266803631058065,0.8414142433027909,0.7030299274097009,0.0353366676645735,0.13244086326585344,0.24659580971341774,0.19695182240792838,22,5,NT+DT,corrected
US-Ton,2004,0.21675668170795637,0.6088838792681008,0.8780713570846508,0.7031466219503647,0.03530471005891289,0.18710923617722472,0.23244418887592128,0.1965974570380631,23,3,NT+DT,corrected
US-Ton,2005,0.21666076061812167,0.36604881683013557,0.8330014493582903,0.7021849906428217,0.035398610257872776,0.19118177722606594,0.2658649235687186,0.19469957381302955,20,2,NT+DT,corrected
US-Ton,2006,0.2165876748567577,0.4359635301713366,0.8561339664112075,0.7021723381315033,0.035367184179285714,0.20105071980310227,0.22662981102111474,0.19655567063495866,23,0,NT+DT,corrected
US-Ton,2007,0.21672559180778755,0.40379680824342945,0.9105510311289862,0.7003414308835324,0.035141226669680795,0.1203818242947523,0.26172705765343246,0.19368438214831496,23,11,NT+DT,corrected
US-Ton,2008,0.21685985519467596,0.6485162354463034,0.831618162134912,0.7029794088182005,0.03547667565623787,0.25961057447193137,0.26859224859922587,0.19505512949459616,22,4,NT+DT,corrected
US-Ton,2009,0.21688089614296185,0.4242235411345763,0.8823030061810505,0.7010005107938733,0.03543550567990056,0.17367436833416283,0.24699675330240364,0.19640253920421333,24,0,NT+DT,corrected
US-Ton,2010,0.21657411586241904,0.49451587443531614,0.8852015786858518,0.7013595552381692,0.035491562589901215,0.20841152420485315,0.227386960200373,0.1965012548495183,22,0,NT+DT,corrected
US-Ton,2011,0.2167331124798606,0.44158008508401553,0.8427930670927624,0.7031153272869695,0.035263399081331206,0.26130159545116766,0.26352894063698157,0.19602233307421943,21,1,NT+DT,corrected
US-Ton,2012,0.21701587052131815,0.4368217444010008,0.7441718774188218,0.705776937905543,0.03514166139452703,0.20175025151320752,0.28949533459877225,0.19565446653279225,22,3,NT+DT,corrected
US-Ton,2013,0.2166336541091611,0.34816646306124355,0.8391988373585042,0.7016476966351916,0.0353032664949369,0.1972736145963761,0.2521594582877698,0.19539739428416675,22,5,NT+DT,corrected
US-Ton,2014,0.21673984802886953,0.5003229209666327,0.8205547210804097,0.7040518951979247,0.03530300721185936,0.13595498783857943,0.27562406690492836,0.19640891385980966,20,2,NT+DT,corrected
US-Ton,2015,0.21641647028351202,0.597951975293844,0.8925498622053429,0.7010860096528259,0.03525061995638861,0.22975201274451212,0.24310208234944872,0.19592965087246464,25,4,NT+DT,corrected
US-Ton,2016,0.21641767175836563,0.43147441241793216,0.7839783937106497,0.700247603067865,0.035031314448134725,0.1546956113672975,0.26741372741226077,0.1934996136628794,21,1,NT+DT,corrected
US-Ton,2017,0.21673771560880298,0.4778168448634321,0.8328978347426147,0.6997986066270484,0.035208875168644016,0.22999633743575548,0.26988256479226136,0.19585493144992988,22,1,NT+DT,corrected
US-Ton,2018,0.21607368882117733,0.5240967968614105,0.8415247205110151,0.7025146796990834,0.035452116927441886,0.2254205522638525,0.2791044123622867,0.19692574074927444,21,2,NT+DT,corrected
US-Ton,2019,0.2167715387129437,0.2838661075420567,0.7654199396463304,0.7012841893206982,0.03527424224217286,0.14946282047848253,0.2755214840555891,0.19592976713599458,24,1,NT+DT,corrected
US-Ton,2020,0.21642075988736542,0.35598938942905334,0.8000109413499378,0.7004069134373067,0.03543199953172747,0.13530755902128305,0.2406907392118959,0.1952028034940352,22,0,NT+DT,corrected
US-Ton,2021,0.21651553467369036,0.5899090778145876,0.8431325886145765,0.7043146524093077,0.03526793739036364,0.20550267301576444,0.25985390996924695,0.19573359642883795,23,4,NT+DT,corrected
US-Ton,2022,0.21660556745867537,0.5233758396224224,0.8343019548633471,0.7005756879135392,0.03529494078895998,0.27828880262734706,0.25980156746308053,0.19617755497464937,24,3,NT+DT,corrected
US-Ton,2023,0.21685281400542064,0.5872952426480003,0.8848160081588136,0.7013345584887398,0.03508522657039474,0.20179543336667338,0.24670297042325076,0.19592617660524192,22,0,NT+DT,corrected
US-Ton,2024,0.21698103217753062,0.4549231332671955,0.7987648311418177,0.7030610280341338,0.0353187572745235,0.17174971605897374,0.2792314755149448,0.19624223087825923,24,1,NT+DT,corrected
US-Ton,2025,0.21672917751008586,0.6204200716320265,0.8963178082377292,0.7024263091445289,0.0355615887330603,0.18392903547183542,0.23629055047531883,0.19467035768995572,24,2,NT+DT,corrected
US-UMd,2007,0.21640725756092646,0.5555566215776304,0.41223676954842486,0.7677673918712006,0.03324396456627398,0.15445969186617667,0.26483329531044697,0.15215322832351078,13,7,NT+DT,corrected
US-UMd,2008,0.21592988120635184,0.540509148913238,0.4767426605093775,0.7662776942534977,0.03356053611098616,0.15691808879977484,0.3542444197363324,0.15327338274740987,11,2,NT+DT,corrected
US-UMd,2009,0.21635725421108656,0.5501817336677746,0.6375759674086092,0.7671317246364022,0.033201545583304695,0.17290509656577055,0.37427575646239497,0.15204767047434095,14,1,NT+DT,corrected
US-UMd,2010,0.2169448373479554,0.49913904875536724,0.4445594125780973,0.7696418804856088,0.03319840109437114,0.14165288031279044,0.32006620835260824,0.1512645120766798,12,5,NT+DT,corrected
US-UMd,2011,0.21711985320416344,0.47583869004961654,0.4545062295664243,0.7680177168741544,0.03321900470581205,0.16033389355849115,0.3579282653779277,0.15123712647936874,12,3,NT+DT,corrected
US-UMd,2012,0.21618198669648744,0.5853357789639494,0.5472919976546984,0.7704412318354719,0.03331006767192701,0.15559941695221907,0.42203015837532204,0.15191356664038533,18,2,NT+DT,corrected
US-UMd,2013,0.2159454329797677,0.5779557884318789,0.5168754086480992,0.7680804710365488,0.033085312707793885,0.1900093651062126,0.4318303176503229,0.15058099857450533,7,0,NT+DT,corrected
US-UMd,2014,0.2159695017503466,0.6377819785645251,0.48869986521504344,0.7707864608771132,0.032727427039127885,0.205176541442551,0.39653149579898544,0.15001438265279085,9,1,NT+DT,corrected
US-UMd,2015,0.2165946812941644,0.6433080708560017,0.5432444258631968,0.7682615110569532,0.033255348562367,0.15912705377117412,0.4269013513877498,0.1501997610918035,12,1,NT+DT,corrected
US-UMd,2016,0.21688176387406993,0.5720407916484105,0.5679656739858582,0.7697414473648986,0.033224932976812165,0.19501972881171634,0.38262075626219105,0.15050447543859793,14,0,NT+DT,corrected
US-UMd,2017,0.21687252542983845,0.59883113061055,0.5275845169070458,0.7704044377337791,0.03340403611181553,0.1697137218740412,0.42046305634026404,0.15324801280616138,11,0,NT+DT,corrected
US-UMd,2018,0.21605136455844684,0.5815253990407595,0.47461696808356274,0.7724973599694531,0.03323081424339511,0.16852149832281244,0.3964142367001023,0.15150075925161632,9,0,NT+DT,corrected
US-UMd,2019,0.21680752243624152,0.4745932912284307,0.3720282121436224,0.7726692357133068,0.03343429837764194,0.166781877677526,0.2894437744988895,0.15181169847644455,8,1,NT+DT,corrected
US-UMd,2020,0.21614088673382634,0.5206054279129304,0.5151218423972967,0.7692602302390656,0.032704529668595196,0.2090238254072086,0.37919284522612295,0.15241587154001907,11,1,NT+DT,corrected
US-UMd,2021,0.21606745497010182,0.5706282985308198,0.47081609084315346,0.7705332781795866,0.032988906718085055,0.18561030502360365,0.412520618860728,0.15077582776319845,12,1,NT+DT,corrected
US-UMd,2022,0.21600885140746268,0.5927486585611123,0.5650511609560682,0.770003252916325,0.03330444847818487,0.14488587958019092,0.4273695401751802,0.152637269474745,11,1,NT+DT,corrected
US-UMd,2023,0.21682446288468687,0.6093192693899567,0.37988090120434,0.7705784687334309,0.03351451214633514,0.14837511084480143,0.37418380514160016,0.1538864369002046,13,2,NT+DT,corrected
US-UMd,2024,0.2164984274996945,0.6185932370751241,0.5953641701186763,0.769782831866474,0.03310629615526464,0.2232821895801005,0.37595963534402715,0.15220722679691767,14,2,NT+DT,corrected
US-UMd,2025,0.21596165722826832,0.5948111287536682,0.42138198507686453,0.7677342660862657,0.032708889811988065,0.1980871448768318,0.2638580748495492,0.15156897387328733,13,5,NT+DT,corrected
US-Var,2000,0.21634597000675962,0.5661247947686547,0.6500000000000025,0.7145740044697345,0.034871454734428056,4.614885853410569e-16,2.440277807663875e-15,0.18947744710454342,22,22,NT+DT,corrected
US-Var,2001,0.21714535565895646,0.6089681797191074,0.8088645710270287,0.7131363974145555,0.03489341121235684,0.13788859515500024,0.2401559971053022,0.18773888687674728,24,14,NT+DT,corrected
US-Var,2002,0.21679031048743852,0.47994284294445416,0.9154329639971559,0.7153658205266198,0.034659165072848046,0.0984119925758217,0.22014792705676342,0.18898009048856113,25,18,NT+DT,corrected
US-Var,2003,0.21704427092593168,0.5147514585198958,0.8809799788744606,0.7123446887856001,0.034826012861303164,0.16878997498019066,0.1972628572111821,0.18786171288973416,21,17,NT+DT,corrected
US-Var,2004,0.21691193446672424,0.8101764335525484,0.9032275123352796,0.7138860886087013,0.034881980847285506,0.2281525901713668,0.2298560192747516,0.18833926490998795,23,16,NT+DT,corrected
US-Var,2005,0.21689869920624497,0.7339810734821193,0.9440265313026881,0.7119740499353256,0.03482201750055252,0.099694259569513,0.16725301907868922,0.18856234652166254,23,21,NT+DT,corrected
US-Var,2006,0.21645965083826585,0.3726748250289055,0.642809640463794,0.7144132701706779,0.035009591405914676,0.23297136751897873,0.2895501398915234,0.18811042062616198,22,15,NT+DT,corrected
US-Var,2007,0.2165624640735389,0.667985921804581,1.0054730680458266,0.7143501595705917,0.0347520091702249,0.06878564701703556,0.16812161464576075,0.18616872697532763,22,17,NT+DT,corrected
US-Var,2008,0.21667217218672688,0.7240777200697294,0.5587078664878422,0.7111549758923632,0.03494101320103211,0.1768014498822537,0.2754138723144082,0.18917167303585872,24,15,NT+DT,corrected
US-Var,2009,0.21666810533725314,0.4899424027269783,0.677262724940631,0.7138328012554714,0.034658590577347916,0.12208280207366057,0.32044580940202105,0.18822074758806853,25,17,NT+DT,corrected
US-Var,2010,0.21673672361337068,0.6895725562076622,0.9983546469953591,0.7142513284514849,0.035046709157472135,0.13226573703287067,0.26411726839436966,0.18798843160535006,20,16,NT+DT,corrected
US-Var,2011,0.2167961491931127,0.4514639308718114,0.975199282431988,0.71408881871186,0.0349535694996349,0.1289043093426199,0.18256210028137032,0.18911182364392232,22,12,NT+DT,corrected
US-Var,2012,0.21678375801894817,0.4211149195205742,0.6770135280842452,0.712095966228033,0.035248340184362105,0.12714180868203703,0.30730683419207966,0.18694092703501125,22,16,NT+DT,corrected
US-Var,2013,0.21691068284518975,0.3754692617510031,0.8509982482795356,0.713260022559021,0.03496336147449149,0.13169697789925947,0.20676678764089398,0.18815485673231616,24,19,NT+DT,corrected
US-Var,2014,0.2168392092391196,0.39256732639234637,0.7532392257122094,0.7144363520685288,0.034856277872763755,0.1878340033597134,0.3099341419900605,0.1883054525004798,21,19,NT+DT,corrected
US-Var,2015,0.21642058384249527,0.3167852519101469,0.7923345562195565,0.7154370643286586,0.03487195673435937,0.11416954926580208,0.2782855932059827,0.1886071169427388,23,18,NT+DT,corrected
US-Var,2016,0.21678823051912294,0.6786507512725699,0.9213904093383245,0.7147187689081211,0.034577534947871205,0.07814465991355503,0.2318912234881962,0.18924220238787873,22,16,NT+DT,corrected
US-Var,2017,0.21638736106640208,0.43379664089503467,0.7750884930719734,0.7153677860838192,0.03511642617456724,0.12588530273275828,0.2460062769374734,0.18704651029616953,23,20,NT+DT,corrected
US-Var,2018,0.21678762944203395,0.5892846086607468,0.9847082898933618,0.7133452226565702,0.034804949681914096,0.08503797868805886,0.20805438169522095,0.18792407836107194,23,19,NT+DT,corrected
US-Var,2019,0.21664462005962282,0.7089517082039656,0.9569991099756552,0.7140789356341478,0.0350957204557025,0.10222557417433248,0.1943680889300739,0.18919872123066528,22,19,NT+DT,corrected
US-Var,2020,0.2165395625642845,0.38608606755664415,0.7981923508238022,0.7145790373934995,0.03484140845319207,0.11081649721826684,0.22916550975893454,0.1883144487078603,22,19,NT+DT,corrected
US-Var,2021,0.21714904893253156,0.44859277387864993,0.6637054641935287,0.7154622598503231,0.03485964205523496,0.20317258707576108,0.348465093938148,0.19040614030627104,24,18,NT+DT,corrected
US-Var,2022,0.21690404720627862,0.49246968586171613,0.7282735765998352,0.7136887869592505,0.0347466747479674,0.20235061713186542,0.3050563892144748,0.18783952579302562,25,5,NT+DT,corrected
US-Var,2023,0.21665500701366053,0.3328625365329054,0.7921311395114418,0.710704012960762,0.03486613951578099,0.18518453431114393,0.22716531171012252,0.18838685635467176,21,15,NT+DT,corrected
US-Var,2024,0.21684561899861804,0.4385229977156399,0.8368563706962275,0.7143293421468401,0.03483861674631603,0.15591826735326791,0.24402557617721576,0.188989686358987,24,21,NT+DT,corrected
US-Var,2025,0.21691618178871522,0.46066380367255394,0.680528385567355,0.7132338239775398,0.03515790730377426,0.10291709891285802,0.33112942274959806,0.18630546507507503,22,10,NT+DT,corrected
US-Vcm,2007,0.21774993958192618,0.6086420294665463,0.8415454777347329,0.701995478947197,0.0364793226573524,0.19166862299679777,0.2889042683954556,0.20237451952413163,19,4,NT,corrected
US-Vcm,2008,0.21709273031795895,0.5813842636173969,0.8075813812679713,0.7005572667200864,0.03689818888916929,0.2999658341435894,0.30018370956263807,0.20288113025810214,17,0,NT,corrected
US-Vcm,2009,0.2175866641605203,0.577240062182939,0.8332231689043297,0.7019531729711096,0.03641258033550855,0.18133146995831367,0.26979996694602193,0.20331306862168785,19,1,NT,corrected
US-Vcm,2010,0.21810238785010835,0.5348143087441288,0.8697274450533747,0.7018434076526415,0.03653769098833858,0.26856679965102226,0.2347960891974985,0.20424464002880913,15,0,NT,corrected
US-Vcm,2011,0.2177035627914195,0.5653066407707941,0.8151611689439056,0.7001399952782597,0.03648238838825366,0.20563568383942882,0.2673563671112567,0.20144402934096647,18,1,NT,corrected
US-Vcm,2012,0.21731783186969242,0.5222673231178665,0.8437069386092506,0.7000692055128908,0.03635014546676008,0.25383236302493495,0.2856879878477332,0.20200663542876032,18,0,NT,corrected
US-Vcm,2013,0.21719918180083664,0.15858618148260306,0.6269039488214369,0.6993248688827602,0.03672407619861941,0.10608427213493825,0.12026922582866388,0.20137494475087916,14,13,NT,corrected
US-Vcm,2014,0.2175464128870729,0.47958570653522403,0.730769399327817,0.6990662405803649,0.03642925221534919,0.2305875260503494,0.23842293550009172,0.20243178897133215,15,1,NT,corrected
US-Vcm,2015,0.2174103833580004,0.5165078322064872,0.7791836898780758,0.6988724749069714,0.036571486930094495,0.22408132612205753,0.2616389854905772,0.20232298884294492,15,1,NT,corrected
US-Vcm,2016,0.21742867951672984,0.49431995110122745,0.7612160998431569,0.7003418882887115,0.036839119430662176,0.16363287898450776,0.2501922985486624,0.2026105833612856,18,0,NT,corrected
US-Vcm,2017,0.21769977875076527,0.41692624661751915,0.7306440799211606,0.7006602811158371,0.03622775291085388,0.14052305557610897,0.2853594655649679,0.2019430972830495,17,2,NT,corrected
US-Vcm,2018,0.21756909624739146,0.4839298780461607,0.7006462797988061,0.6994818092622483,0.03636199222792997,0.19965273823864266,0.2775958209116824,0.2017038280503387,16,1,NT,corrected
US-Vcm,2019,0.21715831965012555,0.5152717622342888,0.758871529175675,0.7006650173778843,0.03672014416961866,0.18476611659102699,0.25553283119600395,0.20355133513234105,16,0,NT,corrected
US-Vcm,2020,0.2175328677060015,0.6364798256928755,0.7353455724960514,0.7013166903832361,0.03648221672339448,0.1793533783518702,0.261452856909047,0.20096471221297973,18,2,NT,corrected
US-Vcm,2021,0.21745697999002128,0.30654556102613645,0.7225905742877266,0.6989855726751563,0.03652029441879524,0.18458476105270152,0.26537406175441336,0.20346677213593342,18,1,NT,corrected
US-Vcm,2022,0.21764183464723416,0.6129294595337479,0.7252082681809302,0.701465410261613,0.0361782832621272,0.20789832266727737,0.2711401025447539,0.20305438281718752,18,0,NT,corrected
US-Vcm,2023,0.21724416499628033,0.5307132570359043,0.6463728258683499,0.7026275849997548,0.036566262270440415,0.2371165576991869,0.2944112694808152,0.2024657214523578,20,8,NT,corrected
US-Vcm,2024,0.21747393768288403,0.43027445801022857,0.7273089362979505,0.6971935170372258,0.03667098417111597,0.21897920510195285,0.25757031070856734,0.20431892548446803,18,9,NT,corrected
US-Vcm,2025,0.21785485345551714,0.4826017074114902,0.6773813574481163,0.6994039414478667,0.036430733752860586,0.22566939295071778,0.2963030139072525,0.2030261378082091,19,7,NT,corrected
US-Vcp,2007,0.21706177146987604,0.6345133671890956,0.8560293683488037,0.7080556016512265,0.03537630520780841,0.2410452826356001,0.24546415483184475,0.19349214330237824,19,1,NT+DT,corrected
US-Vcp,2008,0.21673285788495245,0.5810138846144188,0.8306383260991604,0.7061219133094717,0.03538995571748691,0.2872570941281447,0.24753160920051986,0.19519437596418202,19,2,NT+DT,corrected
US-Vcp,2009,0.21703412530167152,0.4877424655169703,0.8614348101289725,0.7076583879902051,0.035232456391568606,0.23727603223486565,0.20574931026657883,0.19486509506650568,18,1,NT+DT,corrected
US-Vcp,2010,0.21750058737633826,0.606775103210191,0.9392711291166302,0.7056745854236836,0.03497734500995452,0.21276797445629184,0.1833224879461458,0.19447150893112605,16,0,NT+DT,corrected
US-Vcp,2011,0.21706714346187564,0.5679416931434864,0.7379829718141523,0.7089860696032807,0.03520995064031354,0.26356438384432257,0.259323615828854,0.19437642157399362,20,0,NT+DT,corrected
US-Vcp,2012,0.21670758986351862,0.4781182650764119,0.8099946933568763,0.7076911380109929,0.034828994034525516,0.21557878210458897,0.2734440358054618,0.19475962542085185,20,0,NT+DT,corrected
US-Vcp,2013,0.21701334255672514,0.7457820247060322,0.7981517780681056,0.7070939772003011,0.03491496942931893,0.15188952702015257,0.21111536072688297,0.19499216666825908,18,5,NT+DT,corrected
US-Vcp,2014,0.21665578330613577,0.5242927554094416,0.8196988376205202,0.7090449209754054,0.03525285024557178,0.28083018983372626,0.24135524666229166,0.19392092795756008,19,0,NT+DT,corrected
US-Vcp,2015,0.21703946216551762,0.5233021350641502,0.900428526561163,0.7076247375764807,0.03505440682384956,0.2131633985793409,0.21268065109087955,0.19377363754665272,18,4,NT+DT,corrected
US-Vcp,2016,0.21723243247372512,0.5930541862277188,0.8071256500558711,0.7082018450845069,0.03524276332440266,0.2623174422458628,0.30340465051690774,0.19506539088618055,20,0,NT+DT,corrected
US-Vcp,2017,0.21672289614250936,0.6130219484498016,0.8712790527264791,0.7059720589402139,0.03526938352627191,0.2316995045924149,0.27293047031069423,0.19390479915332737,20,0,NT+DT,corrected
US-Vcp,2018,0.21716211604870592,0.45611597971407036,0.7396568198696359,0.7085614042996901,0.035319587979949274,0.16082367301905348,0.2539616615008929,0.194142650096572,20,2,NT+DT,corrected
US-Vcp,2019,0.21704361011181617,0.6117264121257436,0.9005772927186958,0.7089595787908973,0.035260706006148876,0.24806113992414836,0.23631401958547948,0.19386834018836654,20,0,NT+DT,corrected
US-Vcp,2020,0.21691015868838678,0.6799248580095661,0.8673349062442163,0.7054834293773581,0.03471356808371278,0.2270344226828625,0.22277110510726816,0.19534413775956116,19,0,NT+DT,corrected
US-Vcp,2021,0.2171176725378886,0.6790197016654526,0.8366444904043384,0.7095546155819344,0.03553411935080042,0.18147366026374984,0.2382340138259451,0.19343204824215862,21,0,NT+DT,corrected
US-Vcp,2022,0.2168113317197131,0.5064387396043666,0.7851614922900909,0.7058842723737253,0.03521538198392429,0.2773269137205577,0.260206221401714,0.19274774425735094,19,0,NT+DT,corrected
US-Vcp,2023,0.21722929505613733,0.552226049763579,0.8456234894323723,0.7062721779721478,0.035301130430048996,0.2586807282505729,0.27085045569502714,0.1944274111762814,20,0,NT+DT,corrected
US-Vcp,2024,0.21714480278568063,0.6149770098628087,0.9347639179494305,0.7074913947682453,0.0352394256461198,0.26497205508307203,0.23794311283749636,0.19354311445766734,20,0,NT+DT,corrected
US-Vcp,2025,0.21718810696127896,0.48054374707484837,0.7956534477136259,0.7070949266343715,0.03516036752575503,0.19738131584044608,0.22736765533851955,0.19442476094575406,22,1,NT+DT,corrected
US-Wjs,2007,0.21589310708382975,0.3936418776548695,0.5515914977540375,0.6819884590195731,0.03623520522241126,0.1791312315813669,0.18349272686707538,0.21331484369145254,23,14,NT+DT,corrected
US-Wjs,2008,0.21594474318401122,0.28219084468781763,0.6127067128348154,0.6856780952413121,0.03644922375563855,0.15232895145457473,0.3100579137951946,0.2124678676786837,25,0,NT+DT,corrected
US-Wjs,2009,0.21640596309133112,0.26998587983408434,0.585232046497232,0.6841888803867315,0.03647816947129219,0.13724913957053847,0.2526148695588,0.21197144100911958,26,9,NT+DT,corrected
US-Wjs,2010,0.2158826288833987,0.27911991069271647,0.5858159834796746,0.6854384918298092,0.03627338431093556,0.16437230809767958,0.346098874416427,0.21372557874644224,25,0,NT+DT,corrected
US-Wjs,2011,0.21640095632474804,0.35660485804737757,0.5868378658299859,0.6844900213976891,0.036567527486733545,0.17369238487047842,0.3017295897968344,0.2126777183800616,25,1,NT+DT,corrected
US-Wjs,2012,0.21588830026006214,0.26605170070059403,0.5419339642135337,0.6845999422763146,0.03646976574547643,0.14479744335352954,0.31077241123788857,0.21543794642311234,26,0,NT+DT,corrected
US-Wjs,2013,0.21618398070482442,0.3225800751183121,0.57514210510832,0.6831931815072994,0.03644578020160632,0.15787162921670708,0.27598641463158174,0.21189490151859527,26,1,NT+DT,corrected
US-Wjs,2014,0.21625244866627788,0.2806247736123743,0.5410179097455817,0.6854689706903713,0.036535877938227386,0.14360863357762507,0.30228986571157257,0.2130708825965127,24,0,NT+DT,corrected
US-Wjs,2015,0.2164255319288017,0.23466528785022095,0.5463038748867829,0.6859059021314314,0.03659731678595183,0.12708786888692689,0.3201337943209877,0.2144720159736123,23,0,NT+DT,corrected
US-Wjs,2016,0.21592664399599368,0.31938451066553253,0.6070068891175422,0.6840729693402814,0.0362463075842328,0.18640819251805466,0.3051756267976192,0.2132670295945286,25,2,NT+DT,corrected
US-Wjs,2017,0.21671223532183526,0.2889899236084293,0.5806279470688086,0.6870224675789104,0.036444028336180316,0.1547323997490122,0.33194608540726983,0.21358095729122964,22,0,NT+DT,corrected
US-Wjs,2018,0.21653893635572552,0.3005219339313854,0.6118069055730913,0.684362536565284,0.03638867509770674,0.1400112940768755,0.27198418369186683,0.2120274936405016,25,0,NT+DT,corrected
US-Wjs,2019,0.2160114031724006,0.3292126076255347,0.5507170302983168,0.6832480401188703,0.036341441958384055,0.18511915182058422,0.29277423508457934,0.21120529691523005,25,0,NT+DT,corrected
US-Wjs,2020,0.21572225568292136,0.28135527522488896,0.5857453734936859,0.6846764827606218,0.036467634638821425,0.15238852442162712,0.31176324170847397,0.21508116459363988,25,0,NT+DT,corrected
US-Wjs,2021,0.21660394363428456,0.28310617410649014,0.6073082879918374,0.6877054120436817,0.03633371423493002,0.16119295432621808,0.3150930931116659,0.21353350151050493,24,0,NT+DT,corrected
US-Wjs,2022,0.21629075842457882,0.3420343229816294,0.608432022193597,0.6845015213403219,0.036423567537939384,0.17024748589144104,0.27752851247706245,0.21419247026095029,25,12,NT+DT,corrected
US-Wjs,2023,0.2161184680718157,0.379755480441812,0.5904138392112237,0.6832431305000104,0.03629890972677222,0.191553384279,0.32178860324849234,0.21081837262022726,25,0,NT+DT,corrected
US-Wjs,2024,0.2160223867854248,0.29031793471095635,0.5381194327938675,0.6839582147990703,0.035979872539848766,0.13704573738837636,0.3175262119837718,0.21203903558137713,25,0,NT+DT,corrected
US-Wjs,2025,0.21662908135652723,0.21359425320665612,0.5404356613713667,0.6863682825667243,0.03646982243295874,0.10171772496986715,0.2626514963855302,0.21265510105114374,23,13,NT+DT,corrected
US-Wkg,2004,0.21616439774478705,0.5386472003027284,0.6105596622515476,0.6903593118298463,0.03578772609859308,0.07652729189961345,0.18523870984823357,0.2071429864347286,22,19,NT+DT,corrected
US-Wkg,2005,0.2162239302746331,0.5101273157201802,0.5123663875028692,0.6878069505208969,0.03613974255253311,0.10497815950708424,0.2717580986484845,0.20767437280195328,24,24,NT+DT,corrected
US-Wkg,2006,0.21631117859735044,0.5102268766088627,0.5123030745949836,0.6876100337224006,0.0360403673329014,0.10567860060543445,0.27086893936408807,0.2081722157696972,25,25,NT+DT,corrected
US-Wkg,2007,0.21623010327402062,0.4559370062125082,0.5738762519918698,0.6898146739057156,0.03584588206874503,0.1386717413958764,0.27453843698284985,0.2076744924752722,25,23,NT+DT,corrected
US-Wkg,2008,0.21639998846654487,0.5918182802759153,0.5603051062393485,0.6889749879753853,0.0360900032713323,0.1616052801224603,0.3161046801756419,0.20934448294774768,23,23,NT+DT,corrected
US-Wkg,2009,0.21656008897499252,0.4924779343960592,0.5480191119395641,0.6880717664160938,0.03615746085302799,0.165644159943899,0.2537421531095906,0.2093354274736265,22,20,NT+DT,corrected
US-Wkg,2010,0.21627337623824777,0.5565596474288041,0.6540050994470277,0.6883220782290577,0.03598547986418384,0.09307633433644034,0.3041011701778061,0.20814691816289202,22,17,NT+DT,corrected
US-Wkg,2011,0.21623982761689967,0.5460724273942175,0.7878587229915053,0.6894644076931733,0.03579078080804864,0.06882420389383939,0.2822694083205278,0.20747707995081432,24,24,NT+DT,corrected
US-Wkg,2012,0.2162955081375138,0.460535856410836,0.798456730799296,0.6899219365965843,0.03589965435557932,0.11682006589429719,0.24513724096954578,0.20798615153423936,23,20,NT+DT,corrected
US-Wkg,2013,0.2160980244761606,0.605609816383671,0.7646617688842524,0.6900016249917706,0.0357851222547315,0.1910952876103663,0.28582438687022593,0.2067778516386349,24,23,NT+DT,corrected
US-Wkg,2014,0.21658900305477288,0.6988858699759728,0.7500978080563403,0.6890286173594786,0.036196142910445595,0.142242922849062,0.3106760487197228,0.20941188859605658,22,22,NT+DT,corrected
US-Wkg,2015,0.21641893145599442,0.5058922241003301,0.7780887135470781,0.6869712158754401,0.03585058998914519,0.17083179783211133,0.2804172317765947,0.20787815823560005,20,7,NT+DT,corrected
US-Wkg,2016,0.21674753082702466,0.3481295188139009,0.5920664691924541,0.6912915053005256,0.035923924576815806,0.1922523760115165,0.2836973155851492,0.20806886823539666,22,15,NT+DT,corrected
US-Wkg,2017,0.21644095204862354,0.37220016169838455,0.7612257992199714,0.6889770127794969,0.03599665029158837,0.19801736689893373,0.17734188139472243,0.20858592383000285,22,16,NT+DT,corrected
US-Wkg,2018,0.2162206586114323,0.27670594351092237,0.5876548360987384,0.6863057308576949,0.036181453190920226,0.13286436568449453,0.23302675581481078,0.20904240057620752,22,20,NT+DT,corrected
US-Wkg,2019,0.21606877574251865,0.46908797616410347,0.7813092775658201,0.6880454545875726,0.03595215183199204,0.13019092002521043,0.25523322199275655,0.20962278036486184,22,6,NT+DT,corrected
US-Wkg,2020,0.21605610726418473,0.6277613420979844,0.5926515123491821,0.6900862096195098,0.03602247635147155,0.17318459796993543,0.2934210741258756,0.2094511607688678,22,19,NT+DT,corrected
US-Wkg,2021,0.21605282321309674,0.636504709856372,0.6036909005333223,0.6884134282852616,0.03548461182768805,0.191133713579162,0.24265527052795277,0.2078157840771738,22,22,NT+DT,corrected
US-Wkg,2022,0.21649008262826455,0.41917073093671026,0.7707556490126185,0.6872377755703297,0.03587183666516234,0.2422328449218323,0.22784256752289486,0.2084390527301304,22,21,NT+DT,corrected
US-Wkg,2023,0.21655443965845558,0.4329397163421733,0.6930176340875805,0.6879103880155386,0.03563554238976192,0.19851509444325877,0.263115494579448,0.20874584442935096,25,6,NT+DT,corrected
US-Wkg,2024,0.21647971417638,0.4492789661965318,0.5287900498294961,0.6898940668196525,0.03633913100965359,0.2272075160247832,0.23523844076255393,0.20776502617311196,21,19,NT+DT,corrected
US-Wkg,2025,0.21604909326109373,0.6279591772464378,0.5969174147529115,0.6877926272735373,0.03584429191301174,0.15557927841941221,0.20391654728610856,0.20768476181370374,23,23,NT+DT,corrected
