site_id,year,vi_index,anchor_mode,SOS,SOL,EOS10,EOS50,EOS90,EOS10_anchor,EOS50_anchor,EOS90_anchor,lat,igbp,len__SOS_to_SOL,GPP_mean__SOS_to_SOL,GPP_cum__SOS_to_SOL,NEP_mean__SOS_to_SOL,NEP_cum__SOS_to_SOL,TA_mean__SOS_to_SOL,SW_mean__SOS_to_SOL,VPD_mean__SOS_to_SOL,P_sum__SOS_to_SOL,len__SOL_to_EOS90,GPP_mean__SOL_to_EOS90,GPP_cum__SOL_to_EOS90,NEP_mean__SOL_to_EOS90,NEP_cum__SOL_to_EOS90,len__SOL_to_EOS10,GPP_mean__SOL_to_EOS10,GPP_cum__SOL_to_EOS10,NEP_mean__SOL_to_EOS10,NEP_cum__SOL_to_EOS10,TA_mean__SOL_to_EOS10,SW_mean__SOL_to_EOS10,VPD_mean__SOL_to_EOS10,P_sum__SOL_to_EOS10,len__SOS_to_EOS90,GPP_mean__SOS_to_EOS90,GPP_cum__SOS_to_EOS90,NEP_mean__SOS_to_EOS90,NEP_cum__SOS_to_EOS90,len__SOS_to_EOS50,GPP_mean__SOS_to_EOS50,GPP_cum__SOS_to_EOS50,NEP_mean__SOS_to_EOS50,NEP_cum__SOS_to_EOS50,len__SOS_to_EOS10,GPP_mean__SOS_to_EOS10,GPP_cum__SOS_to_EOS10,NEP_mean__SOS_to_EOS10,NEP_cum__SOS_to_EOS10,len__EOS90_to_EOS50,GPP_mean__EOS90_to_EOS50,GPP_cum__EOS90_to_EOS50,NEP_mean__EOS90_to_EOS50,NEP_cum__EOS90_to_EOS50
BE-Dor,2020,NDVI,fixed,169.05090208177023,173.0,303.0,303.0,303.0,,,,50.311874,GRA,,,,,,,,,,,,,,,,,,,,,,,,,,,,,,,,,,,,,,,,,,,
BE-Dor,2020,EVI,fixed,72.58565988505757,173.0,192.53650227269597,170.95135108721547,149.4154000053575,218.11012853481517,167.2970239419478,147.75631056662988,50.311874,GRA,101.0,11.578378514851488,1169.4162300000003,2.5845860406930696,261.04319011,11.023168316831686,217.3131485148515,4.794326732673268,44.3,,,,,,46.0,7.698744565217391,354.14225,-1.0485612934782609,-48.2338195,17.175065217391303,224.6876086956522,6.506847826086955,45.2,75.0,12.049335066666666,903.70013,3.2325365733333333,242.440243,95.0,11.52456736842105,1094.8338999999996,2.669564021052632,253.60858200000004,146.0,10.328625205479453,1507.97928,1.4358019219863012,209.62708060999998,20.0,9.556688500000002,191.13377000000003,0.55841695,11.168339
BE-Dor,2020,NIRv,fixed,60.86850803824935,173.0,193.7832738565112,172.06667191294943,150.98991337930346,187.7764367208748,166.34843903661874,149.39289616446194,50.311874,GRA,113.0,10.822713982300883,1222.9666799999998,2.4640772222123895,278.44072611,10.514991150442478,201.10225663716815,4.413672566371682,107.1,,,,,,15.0,11.267777333333333,169.01666,0.22506242000000004,3.3759363000000007,17.4618,222.8477333333334,5.7274,11.1,89.0,10.988548426966293,977.9808100000001,2.961461,263.570029,106.0,10.719699528301886,1136.2881499999999,2.546636679245283,269.943488,127.0,10.837827874015748,1376.4041399999999,2.193971436299212,278.63437240999997,17.0,9.312196470588235,158.30734,0.37490935294117655,6.373459000000001
BE-Dor,2022,EVI,fixed,52.39347151617617,172.0,197.79388333174956,165.2044264998694,142.79621277658535,218.11012853481517,167.2970239419478,147.75631056662988,50.311874,GRA,120.0,9.410125916666667,1129.21511,1.6041133274999997,192.49359929999997,10.340108333333335,199.38231666666664,4.2992,145.209,,,,,,47.0,8.864104510638297,416.612912,-0.24609274148936172,-11.56635885,17.82993617021277,245.22414893617022,7.796978723404256,42.559,95.0,8.689299789473685,825.4834800000001,1.9165871989473688,182.07578390000003,115.0,9.202882695652171,1058.3315099999998,1.6301325330434784,187.4652413,166.0,9.244581457831327,1534.6005220000002,1.0931650147590362,181.46539245,20.0,11.642401500000002,232.84803000000005,0.26947287,5.3894573999999995
BE-Dor,2022,NIRv,fixed,60.624013473686496,172.0,193.9982766856636,160.00700366471784,138.76220920701053,187.7764367208748,166.34843903661874,149.39289616446194,50.311874,GRA,112.0,9.824880714285714,1100.38664,1.6112525651785712,180.46028729999998,10.762312499999998,206.00367857142854,4.428910714285714,140.5,,,,,,16.0,13.658784375,218.54055,1.0312916250000002,16.500666000000002,16.098750000000003,246.153875,5.4031875,24.71,89.0,9.175790449438201,816.6453499999999,1.937680324719101,172.4535489,106.0,9.562775849056605,1013.6542400000001,1.6317900877358489,172.9697493,127.0,10.296847952755902,1307.6996899999997,1.5551110653543303,197.49910529999994,17.0,11.588758235294117,197.00888999999998,0.03036472941176477,0.5162004000000011
BE-Dor,2023,EVI,fixed,54.13853397593999,172.0,264.0,165.73529423875846,151.05731891794684,218.11012853481517,167.2970239419478,147.75631056662988,50.311874,GRA,118.0,9.348399491525424,1103.11114,1.9538473847457627,230.5539914,10.113533898305086,184.84229661016948,3.9518813559322035,220.75700000000003,,,,,,47.0,7.782287234042553,365.7675,-1.4455483021276596,-67.9407702,17.083851063829787,207.5572553191489,5.498148936170212,190.17899999999997,93.0,9.244961612903225,859.7814299999999,2.329131713978495,216.6092494,113.0,9.426584778761061,1065.20408,2.1324862690265487,240.9709484,164.0,8.911521280487804,1461.48949,1.0067356170731707,165.1046412,20.0,10.271132500000002,205.42265000000003,1.21808495,24.361698999999998
BE-Dor,2023,NIRv,fixed,80.57300449292754,172.0,175.54775962044968,166.97164153218893,158.42656590707182,187.7764367208748,166.34843903661874,149.39289616446194,50.311874,GRA,92.0,10.742000108695652,988.26401,2.1956078173913043,201.9959192,11.717054347826087,211.3779347826087,4.582456521739131,139.887,,,,,,16.0,8.58063125,137.2901,-1.3761285625,-22.018057,17.255187499999998,230.2130625,5.78725,62.71900000000001,69.0,11.129689855072463,767.9485999999999,2.754090655072464,190.0322552,86.0,10.948189999999999,941.5443399999999,2.4741466883720933,212.7766152,107.0,10.450139813084112,1118.16496,1.7053203943925235,182.4692822,17.0,10.21151411764706,173.59574,1.3379035294117647,22.74436
BE-Maa,2018,NDVI,fixed,37.0,172.0,240.4856571808061,171.84577506580976,140.47475549623056,293.92106242091745,229.6256735452339,185.42788194464617,50.97987,CSH,136.0,2.02124444875,274.88924503,-0.037986142720588256,-5.166115410000003,10.067580882352942,160.18148529411766,4.348183823529412,208.072,14.0,3.742599285714286,52.396390000000004,1.3720275714285712,19.208385999999997,122.0,2.6139650557377054,318.90373680000005,-0.17156281073770493,-20.930662910000002,17.464631147540985,194.32287704918036,8.359737704918034,125.78700000000002,149.0,2.168044463288591,323.0386250300001,0.08215758785234896,12.241480589999995,193.0,2.120582315181347,409.27238682999996,-0.04982234678756481,-9.615712930000008,257.0,2.2939531977821015,589.5459718300001,-0.10855084949416342,-27.89756832,44.0,1.9598582227272727,86.2337618,-0.49675439818181816,-21.85719352
BE-Maa,2018,EVI,fixed,119.80056591334224,172.0,308.3163210706808,236.26496963429005,184.38360586508705,303.7066670440401,245.74373484250287,202.84510916705122,50.97987,CSH,53.0,4.049130962264151,214.603941,0.8503553794339622,45.068835109999995,16.47388679245283,224.37754716981132,6.169622641509435,76.84599999999998,31.0,3.0485080645161298,94.50375000000003,0.9844337541935486,30.517446380000006,132.0,2.483652013636364,327.8420658,-0.21834512962121214,-28.82155711,16.730181818181823,183.63822727272728,7.857515151515152,147.22899999999998,83.0,3.673020253012049,304.86068100000006,0.8889818251807229,73.78549149,126.0,3.17538645079365,400.0986927999999,0.25382779603174593,31.982302299999986,184.0,2.924994547826087,538.1989968,0.07851352173913037,14.446487999999988,43.0,2.2148374837209306,95.23801180000001,-0.9721671904651163,-41.803189190000005
BE-Maa,2018,NIRv,fixed,149.26988083930294,172.0,321.70123615471414,262.82486159071715,199.75853649575097,309.24419525733924,260.4059773335895,221.62837591352292,50.97987,CSH,23.0,5.336139173913042,122.73120099999997,1.5896926086956522,36.56293,17.786304347826086,202.43360869565217,5.417695652173914,31.455000000000002,50.0,2.335867236,116.7933618,0.26895704959999994,13.447852479999996,138.0,2.4182337449275364,333.7162568,-0.23266616021739134,-32.107930110000005,16.276543478260873,178.48323188405797,7.579268115942029,150.213,72.0,3.2677437888888887,235.2775528,0.669583228888889,48.20999248000001,111.0,3.2524701153153157,361.02418280000006,0.19676280351351355,21.840671190000005,160.0,2.82625279875,452.2004478,0.016588811812500028,2.654209890000004,39.0,3.2242725641025642,125.74663000000001,-0.6761364433333333,-26.36932129
BE-Maa,2022,NDVI,fixed,1.0,172.0,296.0697533540056,227.13793302576207,192.9862575230232,293.92106242091745,229.6256735452339,185.42788194464617,50.97987,CSH,172.0,2.3768376744186046,408.81608,0.08987922202325582,15.459226188000002,9.273930232558138,136.21995348837206,4.225837209302324,286.468,14.0,7.023614285714285,98.33059999999999,2.009903285714286,28.138646000000005,122.0,3.521112327868852,429.575704,0.003269872950819639,0.3989244999999959,17.010286885245904,186.5850819672131,7.323311475409836,229.838,185.0,2.7039545945945944,500.23159999999996,0.22073206588108107,40.835432188,229.0,2.7856944541484716,637.92403,0.27336264012227074,62.600044587999996,293.0,2.8378044505119457,831.4767040000002,0.04469525832081908,13.095710687999992,44.0,3.1293734090909093,137.69243,0.4946502818181818,21.7646124
BE-Maa,2022,EVI,fixed,1.0,172.0,311.0110044211006,242.49816242406692,199.66021074376857,303.7066670440401,245.74373484250287,202.84510916705122,50.97987,CSH,172.0,2.3768376744186046,408.81608,0.08987922202325582,15.459226188000002,9.273930232558138,136.21995348837206,4.225837209302324,286.468,31.0,5.482136129032257,169.94621999999998,1.5884794096774193,49.2428617,132.0,3.440978212121212,454.209124,-0.0468692840909091,-6.186745500000001,16.91268181818182,178.01991666666666,7.079113636363636,240.738,202.0,2.8309268316831684,571.84722,0.30663192023762376,61.939647887999996,245.0,2.808227836734693,688.0158199999998,0.1871104024,45.842048588,303.0,2.8254459537953798,856.110124,0.021485282798679856,6.510040687999997,43.0,2.7015953488372095,116.16860000000001,-0.3743627744186046,-16.0975993
BE-Maa,2022,NIRv,fixed,1.0,172.0,314.176077665612,243.92909334401264,199.83076798524053,309.24419525733924,260.4059773335895,221.62837591352292,50.97987,CSH,172.0,2.3768376744186046,408.81608,0.08987922202325582,15.459226188000002,9.273930232558138,136.21995348837206,4.225837209302324,286.468,50.0,4.4659184,223.29591999999997,1.121901668,56.0950834,138.0,3.369636188405797,465.009794,-0.07484759057971013,-10.328967499999997,16.67886231884058,172.99335507246377,6.900775362318841,244.438,221.0,2.8289453393665154,625.1969199999999,0.3112754279999999,68.79186958799998,260.0,2.8569081846153845,742.796128,0.10521883726153845,27.356897687999997,309.0,2.8055365501618126,866.9107940000001,0.00766284365048539,2.3678186879999856,39.0,3.015364307692308,117.59920800000002,-1.0624351769230773,-41.434971900000015
BE-Maa,2023,NDVI,fixed,117.54878422017217,172.0,,,,293.92106242091745,229.6256735452339,185.42788194464617,50.97987,CSH,55.0,4.355316181818181,239.54238999999995,1.0683522709090907,58.75937489999999,16.11189090909091,255.16009090909094,7.989363636363637,47.339999999999996,14.0,6.555898571428571,91.78258,1.3239461285714285,18.5352458,122.0,4.897815344262295,597.533472,0.2646939763934425,32.29266511999999,17.324196721311473,173.65982786885246,5.305377049180328,402.51300000000003,68.0,4.792552205882352,325.8935499999999,1.1279512308823532,76.70068370000001,112.0,5.047400357142856,565.3088399999999,0.9328743723214287,104.48192970000001,176.0,4.725252511363636,831.6444419999999,0.5139664944318182,90.45810302,44.0,5.441256590909091,239.41529,0.6313919545454545,27.781245999999996
BE-Maa,2023,EVI,fixed,28.0,172.0,268.67016801740965,233.77552481549907,202.07271903723995,303.7066670440401,245.74373484250287,202.84510916705122,50.97987,CSH,145.0,2.530956372413793,366.98867399999995,0.237286166137931,34.406494089999995,10.162013793103448,159.16737931034484,4.492296551724138,242.728,31.0,6.102763548387096,189.18567,1.5718146064516128,48.7262528,132.0,4.6463875454545445,613.3231559999999,0.15484101606060602,20.439014119999996,16.867530303030303,164.10940151515152,5.007318181818182,445.073,175.0,3.147102422857143,550.742924,0.4716503422285715,82.53880989000001,218.0,3.5596638256880726,776.0067139999999,0.3799049490366972,82.81927888999999,276.0,3.5321753985507245,974.88041,0.19656366380434787,54.25157121000001,43.0,5.238692790697675,225.26379000000003,0.006522534883720932,0.2804690000000001
BE-Maa,2023,NIRv,fixed,140.86156678571962,172.0,278.8777475979676,278.19528060841344,276.33092901435685,309.24419525733924,260.4059773335895,221.62837591352292,50.97987,CSH,32.0,4.9309534374999995,157.79050999999998,1.6601193125,53.123818,18.234625,293.57090625,10.36971875,2.95,50.0,5.677220200000001,283.86101,0.9186317359999998,45.93158679999999,138.0,4.509912094202899,622.367869,0.10950362405797098,15.111500119999995,16.58640579710145,158.97421014492753,4.883963768115943,466.64300000000003,81.0,5.385433333333332,436.22009999999995,1.21557367654321,98.46146780000001,120.0,5.371938666666667,644.63264,0.8181296,98.175552,169.0,4.584183189349112,774.7269589999999,0.4002448586982249,67.64138112,39.0,5.343911282051281,208.41253999999998,-0.007331174358974372,-0.2859158000000005
BE-Maa,2024,NDVI,fixed,153.98672505935184,173.0,304.2979567413938,263.189553229843,201.820011361507,293.92106242091745,229.6256735452339,185.42788194464617,50.97987,CSH,20.0,6.356904999999999,127.13809999999998,1.6723191735,33.44638347,14.2219,200.56164999999996,4.43815,54.900000000000006,13.0,7.820696923076922,101.66905999999999,1.8914675384615385,24.589078,121.0,5.805732231404959,702.4936,0.8115486958677686,98.1973922,16.754768595041323,172.97209917355372,4.910487603305785,300.90099999999995,32.0,7.035704687499999,225.14254999999997,1.8696456709374998,59.82866146999999,76.0,7.371521973684213,560.2356700000001,1.8512391232894736,140.69417337,140.0,5.899764928571429,825.9670900000001,0.9531212547857142,133.43697566999998,44.0,7.615752727272726,335.09311999999994,1.8378525431818182,80.8655119
BE-Maa,2024,EVI,fixed,152.29479031589528,173.0,301.0836767326466,256.961643085235,215.5007219395703,303.7066670440401,245.74373484250287,202.84510916705122,50.97987,CSH,21.0,6.212640952380953,130.46546,1.5152344509523812,31.819923470000006,14.254333333333333,194.21904761904764,4.280904761904763,56.42000000000001,30.0,8.033160333333333,240.99481,2.215090266666667,66.45270800000002,131.0,5.528607114503816,724.247532,0.6795166122137405,89.0166762,16.41509923664122,165.10932824427482,4.670221374045801,308.571,50.0,7.3559132,367.79566,2.0013166293999998,100.06583146999999,93.0,7.088174193548386,659.2001999999999,1.6628177222580647,154.64204817,151.0,5.636082,851.0483820000001,0.8121178786092714,122.62979966999998,43.0,6.776849767441861,291.40454,1.2692143418604651,54.5762167
BE-Maa,2024,NIRv,fixed,153.15857239268618,173.0,297.680448960107,254.81701061064095,218.9469884006552,309.24419525733924,260.4059773335895,221.62837591352292,50.97987,CSH,20.0,6.356904999999999,127.13809999999998,1.6723191735,33.44638347,14.2219,200.56164999999996,4.43815,54.900000000000006,49.0,7.74854918367347,379.67891000000003,1.9759852428571425,96.82327689999998,137.0,5.34918298540146,732.838069,0.6014747532846716,82.40204120000001,16.101416058394157,160.0045693430657,4.503941605839416,308.571,68.0,7.3993,503.1524,1.9421008877941173,132.06286036999998,107.0,6.749066635514017,722.1501299999999,1.4331452445794393,153.34654117,156.0,5.48917666025641,856.311559,0.7541129786538462,117.64162467,39.0,5.6153264102564115,218.99773000000005,0.5457354051282051,21.2836808
BE-Maa,2025,NDVI,fixed,-7.0,172.0,334.8308824074643,256.32943285952075,206.430503397824,293.92106242091745,229.6256735452339,185.42788194464617,50.97987,CSH,180.0,2.152584943023256,387.46528974418607,0.05382183494186045,9.687930289534881,9.000877906976744,151.81822674418606,4.40631976744186,351.2961627906977,14.0,6.435212857142857,90.09298,2.1127487857142855,29.578483,122.0,4.056990409836065,494.95283,0.3858069287213115,47.068445304,16.97113114754098,175.6653442622951,6.651819672131148,202.29999999999998,193.0,2.453646757837838,473.5538242627027,0.19968966816216224,38.540105955297314,237.0,2.9274549790393007,693.8068300323142,0.3765254061572052,89.23652125925763,301.0,2.9310051201365184,882.2325411610921,0.18577662427986347,55.9187639082389,44.0,4.919603181818182,216.46254000000002,1.1200393045454542,49.28172939999998
BE-Maa,2025,EVI,fixed,107.68822292203149,172.0,329.4521649783628,259.2183742534233,212.60828824959023,303.7066670440401,245.74373484250287,202.84510916705122,50.97987,CSH,65.0,4.362517538461538,283.56363999999996,0.8780298600000002,57.07194090000001,14.857107692307691,240.33472307692307,6.961353846153847,109.32300000000001,31.0,5.627814193548386,174.46223999999998,1.879400564516129,58.26141749999999,132.0,3.8693210530303035,510.75037900000007,0.27531140381818175,36.34110530399999,16.429742424242423,166.51179545454545,6.263083333333333,253.605,95.0,4.753820421052631,451.61294,1.1941064042105265,113.44010840000001,138.0,4.559301014492753,629.18354,0.9430193427536231,130.1366693,196.0,4.019903464285714,787.901079,0.46693773573469394,91.51979620400002,43.0,4.1295488372093025,177.5706,0.38829211395348834,16.696560899999998
BE-Maa,2025,NIRv,fixed,107.79332029529432,172.0,333.7854659082954,262.26364051416294,213.27465767161095,309.24419525733924,260.4059773335895,221.62837591352292,50.97987,CSH,65.0,4.362517538461538,283.56363999999996,0.8780298600000002,57.07194090000001,14.857107692307691,240.33472307692307,6.961353846153847,109.32300000000001,50.0,5.557540599999999,277.87703,1.473108852,73.6554426,138.0,3.758595862318841,518.686229,0.22033892249275358,30.406771303999996,16.193166666666666,161.68341304347825,6.110181159420289,265.92499999999995,114.0,4.868664298245613,555.0277299999999,1.1301239780701755,128.8341335,153.0,4.457950130718954,682.06637,0.7852800144052289,120.14784220400001,202.0,3.939786777227723,795.836929,0.4236904069504951,85.58546220400001,39.0,3.2574010256410255,127.03864,-0.22272541784615385,-8.686291296
CA-TP3,2023,NDVI,fixed,130.2243748625887,172.0,303.90701246322897,294.6774650963263,276.0066821237841,,,,42.7068,ENF,42.0,8.07814857142857,339.28224,4.1878700238095234,175.89054099999998,16.76002380952381,311.1072619047619,8.573738095238095,97.80600000000003,,,,,,,,,,,,,,,,,,,,,,,,,,,,,,,,,,
CA-TP3,2023,EVI,fixed,125.2438954546555,172.0,299.98502388677207,278.61776517625293,243.54847361763788,,,,42.7068,ENF,47.0,7.897260851063829,371.17125999999996,4.177639170212766,196.349041,16.352382978723405,309.6446170212767,8.361021276595745,101.14600000000002,,,,,,,,,,,,,,,,,,,,,,,,,,,,,,,,,,
CA-TP3,2023,NIRv,fixed,125.35172366213236,172.0,300.3704183835025,279.9795932455282,245.83768452544595,,,,42.7068,ENF,47.0,7.897260851063829,371.17125999999996,4.177639170212766,196.349041,16.352382978723405,309.6446170212767,8.361021276595745,101.14600000000002,,,,,,,,,,,,,,,,,,,,,,,,,,,,,,,,,,
CN-HaM,2013,NDVI,fixed,128.3555072163242,172.0,302.0605074321237,269.76118127013245,237.0711641550006,,,,37.607433,GRA,44.0,4.855138706818182,213.6261031,0.12592592500000002,5.540740700000001,7.143704545454546,249.05906818181813,4.0174318181818185,560.9030000000001,,,,,,,,,,,,,,,,,,,,,,,,,,,,,,,,,,
CN-HaM,2013,EVI,fixed,131.33305154358524,172.0,292.5668335952568,261.33428051392406,234.0373015511046,,,,37.607433,GRA,41.0,5.172091782926829,212.0557631,0.1665365780487805,6.8279997,7.5025609756097555,242.83319512195123,3.9648780487804878,560.8760000000001,,,,,,,,,,,,,,,,,,,,,,,,,,,,,,,,,,
CN-HaM,2013,NIRv,fixed,134.1232113457438,172.0,290.0112268850831,260.21358971431624,234.5767083173443,,,,37.607433,GRA,38.0,5.542195894736842,210.60344400000002,0.24363567631578947,9.2581557,7.698421052631578,243.5905263157894,3.9541578947368423,538.67,,,,,,,,,,,,,,,,,,,,,,,,,,,,,,,,,,
CN-HaM,2014,NDVI,fixed,127.4822335613418,172.0,295.1148794418389,271.2670041967744,240.74338413514263,,,,37.607433,GRA,45.0,4.105559644444445,184.75018400000002,0.4228698093333333,19.02914142,6.2606666666666655,250.19308888888887,3.9179333333333335,635.8059999999999,,,,,,,,,,,,,,,,,,,,,,,,,,,,,,,,,,
CN-HaM,2014,EVI,fixed,131.88737530354916,172.0,287.5994249129196,261.87019098180565,235.8076595914828,,,,37.607433,GRA,41.0,4.452471121951221,182.55131600000004,0.5248167419512194,21.517486419999997,6.718756097560975,251.2273902439024,3.951853658536585,614.105,,,,,,,,,,,,,,,,,,,,,,,,,,,,,,,,,,
CN-HaM,2014,NIRv,fixed,133.04816793676798,172.0,285.77553907061593,259.95323321401884,234.93187208499705,,,,37.607433,GRA,39.0,4.635838692307693,180.79770900000003,0.5855661902564102,22.837081419999997,6.826282051282051,250.2795641025641,3.924564102564103,593.529,,,,,,,,,,,,,,,,,,,,,,,,,,,,,,,,,,
DE-Gri,2015,NDVI,fixed,105.64668219571789,172.0,328.56110951003865,308.63184245730906,288.6593290394628,296.1650348668425,232.10165394492333,189.98278272191354,50.950005,GRA,67.0,8.958185970149257,600.1984600000002,2.9719074955223883,199.11780220000003,11.990477611940296,221.44743283582088,5.07289552238806,143.76999999999998,18.0,5.453142222222223,98.15656000000001,-1.5993008333333334,-28.787415000000003,125.0,5.452348560000001,681.54357,-0.23250530239999997,-29.063162799999997,14.7708,178.532304,5.784839999999999,358.867,84.0,8.191377619047618,688.0757199999999,1.9947642523809528,167.56019720000003,127.0,7.6411165354330715,970.4218000000001,1.3102235291338582,166.3983882,191.0,6.6568729319371736,1271.4627300000002,0.8758348136125655,167.28444940000003,43.0,6.566187906976742,282.3460799999999,-0.02701881395348836,-1.1618089999999994
DE-Gri,2015,EVI,fixed,106.72997537872996,172.0,323.5219476326617,304.6576949576019,285.77640280999395,246.2699410650194,209.9766692553165,189.2521800285745,50.950005,GRA,66.0,9.036161666666667,596.38667,2.995579275757576,197.70823220000003,12.03421212121212,221.9422575757576,5.113651515151516,142.4,18.0,5.453142222222223,98.15656000000001,-1.5993008333333334,-28.787415000000003,75.0,5.9871708,449.03781000000004,-0.74386444,-55.789832999999994,18.29622666666667,224.27256000000003,8.036746666666666,250.071,83.0,8.244143734939758,684.26393,2.001814785542169,166.15062720000003,103.0,8.058941747572815,830.0709999999999,1.3700945262135922,141.1197362,140.0,7.3938941428571425,1035.14518,0.9939157800000001,139.14820920000003,20.0,7.2903535,145.80707,-1.25154455,-25.030891
DE-Gri,2015,NIRv,fixed,106.96077695052776,172.0,318.3793739367196,302.35295059339927,286.3239654139288,241.89905814970908,202.83039775374328,179.30693392205333,50.950005,GRA,66.0,9.036161666666667,596.38667,2.995579275757576,197.70823220000003,12.03421212121212,221.9422575757576,5.113651515151516,142.4,8.0,8.22847375,65.82779,1.188920625,9.511365,70.0,6.056406142857144,423.9484300000001,-0.754354357142857,-52.804804999999995,18.23392857142857,226.6758714285714,8.0521,220.64100000000002,73.0,8.930618630136987,651.93516,2.8006768109589046,204.44940720000005,96.0,7.973594895833333,765.46511,1.4715820645833333,141.2718782,135.0,7.481894814814814,1010.0558,1.0528387940740742,142.13323720000002,23.0,4.936084782608696,113.52995000000001,-2.7468490869565216,-63.177529
DE-Gri,2018,EVI,fixed,118.10432386842652,172.0,180.8115667346176,179.5924614290633,178.37483073085667,246.2699410650194,209.9766692553165,189.2521800285745,50.950005,GRA,54.0,8.941372222222222,482.8341,2.2017597925925925,118.89502879999999,15.936166666666665,230.93251851851852,6.768000000000001,39.795,18.0,3.219335,57.94803,0.25907403888888886,4.6633327,75.0,2.857905754666667,214.34293160000004,-0.30229485333333334,-22.672114,18.242546666666666,222.87453333333335,9.350746666666668,129.66,71.0,7.570139436619719,537.4799,1.7489403169014084,124.1747625,91.0,6.817447252747253,620.3877,1.430651489010989,130.18928549999998,128.0,5.4208968875,693.8748016,0.7565571546874998,96.83931579999998,20.0,4.14539,82.9078,0.30072615,6.0145230000000005
DE-Gri,2018,NIRv,fixed,111.08837026990594,172.0,185.1846435767548,166.43060806962276,150.48050280369395,241.89905814970908,202.83039775374328,179.30693392205333,50.950005,GRA,61.0,9.263022950819673,565.0444000000001,2.1215753409836067,129.4160958,15.539655737704916,229.07926229508195,6.584147540983607,55.112,8.0,2.84178,22.73424,-0.635304375,-5.082435,70.0,2.925244622857143,204.7671236,-0.20285248571428577,-14.199674000000003,18.526471428571426,233.3394714285714,9.8561,106.292,68.0,8.595241323529411,584.47641,1.8375009088235295,124.9500618,91.0,7.453090439560438,678.2312299999999,1.5211804120879118,138.42741749999996,130.0,5.8962253353846155,766.5092936,0.8910217138461538,115.83282279999999,23.0,4.07629652173913,93.75482,0.5859719869565218,13.4773557
DE-Gri,2019,NDVI,fixed,37.0,172.0,219.936552919456,130.3648356108171,87.60286055103896,296.1650348668425,232.10165394492333,189.98278272191354,50.950005,GRA,136.0,6.474800772058824,880.5729050000001,1.4466912904411766,196.75001550000002,8.91202205882353,174.6324044117647,4.247639705882353,300.841,18.0,5.834110555555555,105.01398999999999,-0.9450492000000001,-17.0108856,125.0,5.527574391999999,690.9467989999999,-0.33108304799999994,-41.385380999999995,15.81616,185.63776,6.652752,226.205,153.0,6.4202191830065365,982.2935350000001,1.202806143137255,184.02933990000002,196.0,6.3678711479591845,1248.1027450000001,1.0091300709183673,197.7894939,260.0,6.031639784615385,1568.2263440000002,0.6140570942307694,159.65484450000002,43.0,6.181609534883721,265.80921,0.32000358139534885,13.760154
DE-Gri,2019,EVI,fixed,37.0,172.0,258.8419682680518,191.1328113805251,154.43123030724524,246.2699410650194,209.9766692553165,189.2521800285745,50.950005,GRA,136.0,6.474800772058824,880.5729050000001,1.4466912904411766,196.75001550000002,8.91202205882353,174.6324044117647,4.247639705882353,300.841,18.0,5.834110555555555,105.01398999999999,-0.9450492000000001,-17.0108856,75.0,6.419463333333334,481.45975000000004,-0.04393510133333334,-3.2951326000000005,18.25246666666667,228.92042666666666,8.536573333333335,104.65,153.0,6.4202191830065365,982.2935350000001,1.202806143137255,184.02933990000002,173.0,6.45356534682081,1116.466805,1.1762602826589594,203.49302889999998,210.0,6.470187119047618,1358.7392949999999,0.9416432995238095,197.7450929,20.0,6.7086635,134.17327,0.9731844500000001,19.463689000000002
DE-Gri,2019,NIRv,fixed,37.0,172.0,256.81924739442576,190.6355419891621,154.7839620842282,241.89905814970908,202.83039775374328,179.30693392205333,50.950005,GRA,136.0,6.474800772058824,880.5729050000001,1.4466912904411766,196.75001550000002,8.91202205882353,174.6324044117647,4.247639705882353,300.841,8.0,4.770455,38.16364,-2.7780693750000003,-22.224555000000002,70.0,6.302236428571429,441.15655000000004,0.0064684199999999956,0.4527893999999997,18.298457142857146,232.26255714285716,8.636071428571428,89.827,143.0,6.401700594405596,915.4431850000002,1.2504592342657346,178.81567050000004,166.0,6.436914186746988,1068.527755,1.163410915060241,193.1262119,205.0,6.431395585365854,1318.436095,0.9828927556097562,201.49301490000002,23.0,6.655850869565218,153.08457,0.622197452173913,14.310541399999998
DE-Gri,2022,EVI,fixed,61.0,172.0,221.9042816247465,164.52370925407564,138.4262562662021,246.2699410650194,209.9766692553165,189.2521800285745,50.950005,GRA,112.0,7.487452364017857,838.59466477,2.016798106875,225.88138797,9.224874999999999,201.68111607142856,4.765035714285714,129.981,18.0,4.168012131666667,75.02421837,-3.0109959444444447,-54.19792700000001,75.0,4.7559285782666665,356.69464337,-0.875943416,-65.6957562,17.87418666666667,220.5622533333333,8.191466666666667,186.3,129.0,7.082325075736435,913.6199347700001,1.3630452788372094,175.83284097,149.0,7.057567078993288,1051.57749477,1.3983637716107382,208.35620197,186.0,6.426292256827957,1195.2903597700001,0.8835215686559139,164.33501177,20.0,6.897877999999999,137.95755999999997,1.62616805,32.523361
DE-Gri,2022,NIRv,fixed,61.0,172.0,207.21296769093615,151.902490362789,125.63930538636237,241.89905814970908,202.83039775374328,179.30693392205333,50.950005,GRA,112.0,7.487452364017857,838.59466477,2.016798106875,225.88138797,9.224874999999999,201.68111607142856,4.765035714285714,129.981,8.0,2.43511854625,19.48094837,-4.2150187500000005,-33.720150000000004,70.0,4.548764762428571,318.41353337,-0.8718463857142857,-61.029247000000005,18.202585714285714,222.87862857142852,8.44464285714286,186.3,119.0,7.210728275378151,858.07666477,1.6496690585714286,196.31061797,142.0,7.142651582887323,1014.2565247699999,1.402904182887324,199.21239397000002,181.0,6.392316297071823,1157.00924977,0.9337100606077348,169.00152097,23.0,6.790428695652174,156.17986000000002,0.12616417391304346,2.901776
DE-Gri,2024,NDVI,fixed,51.87292562644696,173.0,339.997442171033,257.3082837666438,193.6861585752389,296.1650348668425,232.10165394492333,189.98278272191354,50.950005,GRA,122.0,7.576644647540983,924.350647,1.6653185540983606,203.16886359999998,10.47965573770492,170.0137868852459,4.299918032786885,148.2,17.0,4.323529411764706,73.5,-3.8929433529411765,-66.180037,124.0,6.021352903225806,746.64776,-0.9247573661290324,-114.66991340000001,16.277362903225807,183.82508064516134,6.588193548387097,349.3,138.0,7.20685381884058,994.545827,1.0357936710144926,142.93952659999997,181.0,7.338975895027624,1328.354637,0.7931471806629834,143.5596397,245.0,6.8069125999999995,1667.693587,0.3855087763265306,94.4496502,43.0,7.762995581395349,333.80881,0.01442123488372094,0.6201131000000004
DE-GsB,2015,EVI,fixed,84.57300974914551,172.0,326.77255936459784,273.04837681941984,197.9948724804028,260.7814502802822,214.46347443263696,170.93320316547678,52.029648,GRA,88.0,8.401928295454546,739.36969,2.221118794659091,195.45845393000002,10.798477272727274,210.12376136363636,4.2764999999999995,100.703,,,,,,89.0,5.629637247191011,501.037715,-0.9090014434831462,-80.90112847,17.90361797752809,205.03061797752807,6.571314606741573,241.10000000000002,86.0,8.45421395348837,727.0623999999998,2.2829887782558136,196.33703492999996,130.0,7.9608036923076915,1034.90448,1.314228617153846,170.84972022999997,176.0,7.010016505681818,1233.762905,0.652227985568182,114.79212546000002,44.0,6.996410909090909,307.84208,-0.5792571522727273,-25.487314700000002
DE-GsB,2015,NIRv,fixed,89.41104001998313,172.0,318.5318221037712,248.19169917364252,179.2516882490012,243.06704423986832,193.46990981706574,157.33887317960364,52.029648,GRA,83.0,8.733232168674698,724.85827,2.4479812642168675,203.18244493,11.021626506024097,217.26166265060237,4.393722891566266,89.30300000000003,,,,,,72.0,5.893186583333334,424.309434,-0.8322277704166666,-59.92039947,18.837847222222223,223.62897222222222,7.391236111111111,182.89999999999998,68.0,9.455569852941176,642.97875,3.1002610588235298,210.817752,104.0,8.328229134615386,866.1358300000002,1.5942191339423077,165.79878993,154.0,7.418981844155844,1142.523204,0.9317976977922077,143.49684545999997,36.0,6.198807777777778,223.15708,-1.2505267241666667,-45.01896207
DE-GsB,2022,NIRv,fixed,-5.0,172.0,200.69217501145644,156.8391594131937,134.73176166136966,243.06704423986832,193.46990981706574,157.33887317960364,52.029648,GRA,178.0,4.722992987441859,840.6927517646508,0.41732743808139544,74.28428397848839,8.126470930232557,149.00489534883724,3.96046511627907,171.7969069767442,,,,,,72.0,3.5645827555555556,256.6499584,-1.7114622138888889,-123.2252794,19.405930555555553,231.613625,10.315194444444444,73.83800000000001,163.0,4.573797540382166,745.528999082293,0.6567530296178343,107.050743827707,199.0,4.771611781554404,949.5507445293265,0.13280979974093268,26.429150148445604,249.0,4.380791490699588,1090.8170811841974,-0.20111440349794238,-50.07748647098765,36.0,5.634301666666667,202.83486000000002,-2.1521648416666666,-77.4779343
DE-GsB,2023,NDVI,fixed,95.49353177290487,172.0,165.69489115752228,160.00122027037855,154.59293848424076,,,,52.029648,GRA,77.0,7.844604155844157,604.03452,-0.14585867571428573,-11.231118030000001,12.452454545454545,219.94145454545452,5.67687012987013,64.5,,,,,,,,,,,,,,,,,,,,,,,,,,,,,,,,,,
DE-GsB,2023,EVI,fixed,108.32135519667256,172.0,165.3868329188512,159.98685270464244,154.78594353750347,260.7814502802822,214.46347443263696,170.93320316547678,52.029648,GRA,64.0,8.164760625,522.54468,-0.48965926609375,-31.33819303,13.479484374999998,234.94457812500002,6.261640625,46.10000000000001,,,,,,89.0,9.46040797752809,841.97631,-1.861247653932584,-165.65104119999998,18.29503370786517,204.1569662921348,6.910247191011235,243.5,62.0,8.350200161290322,517.71241,-0.3818421456451613,-23.67421303,106.0,8.427189811320755,893.28212,-0.9659051389622642,-102.38594473,152.0,8.957968552631579,1361.61122,-1.2748449620394737,-193.77643423,44.0,8.535675227272728,375.56971000000004,-1.7889029931818181,-78.7117317
DE-GsB,2023,NIRv,fixed,109.08776459385362,172.0,167.3016320208572,160.64057967730324,154.3723935201983,243.06704423986832,193.46990981706574,157.33887317960364,52.029648,GRA,63.0,8.157742063492064,513.93775,-0.5362840163492063,-33.78589303,13.568746031746034,234.79325396825396,6.285174603174603,44.6,,,,,,72.0,9.162013888888888,659.665,-1.6502831833333333,-118.8203892,18.493000000000002,206.67069444444445,6.894458333333334,229.9,48.0,8.915810208333333,427.95889,0.011134582708333304,0.5344599699999986,84.0,8.474309880952381,711.84203,-0.9622447741666666,-80.82856103,134.0,8.736514776119401,1170.6929799999998,-1.1148767330597016,-149.39348223000002,36.0,7.885642777777779,283.88314,-2.260083916666667,-81.363021
DE-GsB,2024,NDVI,fixed,84.47137972669834,173.0,255.6597186503307,186.82629022001024,151.19463306945897,,,,52.029648,GRA,89.0,7.260644561797752,646.197366,1.5287407438202247,136.0579262,13.436179775280898,200.58344943820225,5.2780000000000005,158.9,,,,,,,,,,,,,,,,,,,,,,,,,,,,,,,,,,
DE-GsB,2024,EVI,fixed,75.65688419281531,173.0,290.18495855739747,210.35519377384853,160.01879347852403,260.7814502802822,214.46347443263696,170.93320316547678,52.029648,GRA,98.0,6.890302102040817,675.2496060000001,1.5137986765306122,148.3522703,12.884826530612242,192.4795918367347,5.061734693877551,181.9,,,,,,88.0,7.417766931818182,652.76349,-1.0914746613636361,-96.04977019999998,19.133,215.22995454545455,7.976863636363637,183.3,95.0,6.863429642105261,652.0258159999998,1.66049526631579,157.74705030000004,139.0,7.4793348633093535,1039.6275460000002,0.7802804294964029,108.4589797,185.0,7.138517924324324,1320.625816,0.30221032486486493,55.908910100000014,44.0,8.809130227272728,387.60173000000003,-1.120183422727273,-49.288070600000005
DE-GsB,2024,NIRv,fixed,76.05680133670631,173.0,285.74254782338846,208.2082010041235,160.9996492878454,243.06704423986832,193.46990981706574,157.33887317960364,52.029648,GRA,97.0,6.9284075876288655,672.055536,1.5149358793814431,146.94878029999998,12.927876288659792,193.60259793814433,5.085670103092784,181.8,,,,,,71.0,8.336252676056338,591.87394,-0.9492273267605634,-67.3951402,19.554408450704226,226.96369014084507,7.972746478873239,142.90000000000003,81.0,6.465166370370371,523.678476,1.9928692222222222,161.422407,117.0,7.088509794871795,829.3556460000001,0.9706737666666666,113.56883069999999,167.0,7.524204766467067,1256.542196,0.4979643718562874,83.16005009999999,36.0,8.4910325,305.67717,-1.3292660083333336,-47.853576300000014
DE-Hai,2022,NDVI,fixed,103.6044594579908,172.0,317.54132253098004,296.5529716252498,269.651723507806,291.5444592486444,270.1476718015137,246.52562251780577,51.079212,DBF,69.0,7.9183731884057975,546.36775,2.5406459855072465,175.304573,13.508985507246377,227.13913043478263,6.775144927536231,96.8,75.0,8.837724666666665,662.8293499999999,4.789252146666666,359.19391099999996,120.0,7.337303416666667,880.47641,3.670276639166666,440.43319669999994,16.567600000000002,187.78019166666667,8.194075,234.489,143.0,8.370411888111887,1196.9688999999998,3.689417930069931,527.5867640000001,167.0,7.972886586826347,1331.47206,3.521090377245509,588.022093,188.0,7.5245529787234045,1414.61596,3.2384364345744685,608.8260497000001,24.0,5.6042983333333325,134.50315999999998,2.5181387083333333,60.435328999999996
DE-Hai,2022,EVI,fixed,104.67035769488608,172.0,302.89895820271187,255.1706659460067,203.4334954023416,285.2024411887174,246.35685692683342,198.76296186560592,51.079212,DBF,68.0,8.003790588235296,544.2577600000001,2.595488132352941,176.493193,13.532279411764705,229.3573823529412,6.828176470588235,95.8,27.0,11.280672592592591,304.57815999999997,7.327564074074074,197.84422999999998,114.0,7.586902368421052,864.9068699999999,3.9083445701754385,445.55128099999996,16.71675438596491,194.40223684210528,8.505736842105263,209.589,94.0,8.900082127659573,836.6077199999999,3.9087840744680853,367.425703,142.0,8.414499366197182,1194.85891,3.7237703098591552,528.775384,181.0,7.717880828729282,1396.93643,3.3985235027624308,615.132754,48.0,7.463566458333333,358.25119,3.3614516874999993,161.34968099999998
DE-Hai,2022,NIRv,fixed,123.57533520725632,172.0,298.59115755577085,246.9138842317061,188.8099464775536,283.4055076873477,241.58530518073312,191.6092910273336,51.079212,DBF,49.0,9.900205714285715,485.11008000000004,4.07474992244898,199.66274620000002,15.438795918367349,245.0504285714286,7.731959183673469,85.3,20.0,11.651269000000001,233.02538,7.3041295,146.08259,112.0,7.648154196428571,856.59327,3.95763725,443.25537199999997,16.847866071428573,195.44609821428574,8.59425892857143,209.589,68.0,10.380989117647058,705.90726,4.982847297058823,338.8336162,118.0,9.398243898305086,1108.9927800000003,4.587095399999999,541.2772571999999,160.0,8.3092196875,1329.4751500000002,3.9750399887499994,636.0063981999999,50.0,8.0617104,403.08552000000003,4.048872819999999,202.44364099999993
DE-Hai,2023,NDVI,fixed,111.84177967690928,172.0,250.6883944181204,217.44112035897885,183.7565153930723,291.5444592486444,270.1476718015137,246.52562251780577,51.079212,DBF,61.0,9.472660816326531,577.8323097959184,5.032747748979592,306.9976126877551,13.154196721311475,238.86839344262296,6.230459016393443,59.233,75.0,10.020935466666666,751.57016,5.944716333333334,445.85372500000005,120.0,8.998567916666667,1079.82815,5.0416529625,604.9983555,16.74315,179.99693333333332,6.532825,277.9,135.0,9.787222276422762,1321.2750073170728,5.5847070300813,753.9354490609755,159.0,9.677603265306121,1538.7389191836733,5.427606630612245,862.989454267347,180.0,9.119561488095238,1641.521067857143,5.036092828571428,906.4967091428571,24.0,9.115805833333333,218.77934,4.6224670833333334,110.93921
DE-Hai,2023,EVI,fixed,117.02304120164234,172.0,252.6507783835293,223.33605074700472,178.11696284552988,285.2024411887174,246.35685692683342,198.76296186560592,51.079212,DBF,55.0,9.472660816326531,520.9963448979593,5.032747748979592,276.80112619387756,13.649527272727273,245.56703636363636,6.434727272727273,53.833,27.0,9.52845,257.26815,6.181974629629629,166.91331499999998,114.0,9.270123508771931,1056.7940800000001,5.240202074561403,597.3830365,17.22314912280702,184.58579824561406,6.747403508771931,265.4,81.0,9.460351066666666,766.2884363999999,5.439714062666667,440.616839076,129.0,9.787222276422762,1262.5516736585362,5.5847070300813,720.4272068804877,168.0,9.31513740740741,1564.9430844444448,5.175606643209877,869.5019160592593,48.0,10.297958541666667,494.30201,5.811258541666667,278.94041
DE-Hai,2023,NIRv,fixed,117.3759871576738,172.0,251.48620656507643,218.4376143313628,174.0620004327838,283.4055076873477,241.58530518073312,191.6092910273336,51.079212,DBF,55.0,9.472660816326531,520.9963448979593,5.032747748979592,276.80112619387756,13.649527272727273,245.56703636363636,6.434727272727273,53.833,20.0,9.577881999999999,191.55764,6.148448749999999,122.96897499999999,112.0,9.355310714285716,1047.7948000000001,5.30947803125,594.6615395,17.247107142857143,186.4479910714286,6.773232142857144,261.9,74.0,9.467879705882355,700.6230982352943,5.3534443338235285,396.1548807029411,124.0,9.81780813559322,1217.4082088135592,5.639770039830508,699.3314849389831,166.0,9.375331125,1556.3049667500002,5.22329237,867.06653342,50.0,10.2937108,514.68554,6.029172999999999,301.45865
DE-Hai,2024,NDVI,fixed,103.09285054537337,173.0,306.40366079683264,296.4489234203123,286.1686286525389,291.5444592486444,270.1476718015137,246.52562251780577,51.079212,DBF,70.0,7.250975271428571,507.56826899999993,3.145742348571428,220.20196439999995,12.411042857142858,204.47407142857136,4.136842857142857,204.6,74.0,8.208562837837839,607.4336500000001,5.63796277027027,417.20924499999995,119.0,6.330107596638657,753.2828040000002,4.463239027731093,531.1254443,16.124991596638658,189.18306722689076,5.78627731092437,266.6,143.0,7.736805377622379,1106.3631690000002,4.421211464335663,632.2332393999998,167.0,7.235684904191617,1208.359379,4.22873071497006,706.1980294,188.0,6.660703845744682,1252.2123230000002,3.9688799930851064,746.1494387,24.0,4.249842083333333,101.99620999999999,3.0818662499999996,73.96479
DE-Hai,2024,EVI,fixed,90.19071350898874,173.0,300.057586979911,260.5638540874889,214.7384273489463,285.2024411887174,246.35685692683342,198.76296186560592,51.079212,DBF,83.0,6.512554530120483,540.5420260000001,2.3476457036144573,194.85459339999997,12.347686746987954,195.2619156626506,4.28466265060241,224.50000000000003,26.0,9.56823153846154,248.77402,6.452024230769231,167.75263,113.0,6.607497053097346,746.6471670000001,4.656984672566372,526.239268,16.54875221238938,193.97614159292033,5.961398230088496,261.8,108.0,7.2284934814814825,780.6772960000001,3.3095301240740733,357.42925339999994,156.0,7.303441833333333,1139.336926,3.890294028205128,606.8858683999999,195.0,6.556668938461539,1278.550443,3.671363545641026,715.9158914000001,48.0,7.4720756249999996,358.65963,5.1970128125,249.456615
DE-Hai,2024,NIRv,fixed,92.04376159680852,173.0,300.1391589411959,259.4044169791304,211.9559261716634,283.4055076873477,241.58530518073312,191.6092910273336,51.079212,DBF,81.0,6.602656987654321,534.815216,2.4361364740740736,197.32705439999995,12.403814814814814,197.5239012345679,4.3139876543209885,216.10000000000002,19.0,9.623977368421052,182.85557,6.414585263157895,121.87712,111.0,6.702527387387387,743.9805399999999,4.718245333333332,523.7252319999999,16.664945945945945,196.07257657657658,6.021666666666667,254.70000000000005,99.0,7.161939757575757,709.032036,3.1719818626262626,314.0262044,149.0,7.423144604026845,1106.048546,3.9683309355704695,591.2813093999999,191.0,6.650036680628272,1270.157006,3.748033070157068,715.8743164,50.0,7.940330200000001,397.01651000000004,5.5451021,277.255105
DE-HoH,2015,NDVI,fixed,112.05899856323492,172.0,313.4418100209981,298.2400903639361,282.9314321487914,298.37304989298525,269.9891634681446,238.8802871150255,52.08656,DBF,60.0,10.848631666666666,650.9178999999999,3.686914560166666,221.21487360999998,12.7289,241.96793333333335,5.920150000000001,68.8,67.0,11.506535074626866,770.93785,4.109962432835821,275.367483,127.0,8.65195197637795,1098.7979009999997,2.750279251968504,349.28546500000004,15.31228346456693,177.68907086614172,6.295535433070866,275.80000000000007,126.0,11.173668650793651,1407.88225,3.884838068333333,489.48959661,157.0,10.427692165605094,1637.1476699999998,3.552679570764331,557.77069261,186.0,9.331947854838711,1735.7423010000002,3.02907300327957,563.40757861,31.0,7.395658709677419,229.26542,2.2026160000000004,68.281096
DE-HoH,2015,EVI,fixed,112.0518176140204,172.0,320.1931275126183,270.3307099660647,206.1418858236864,299.7174679112975,259.85691465349635,208.75204414940464,52.08656,DBF,60.0,10.848631666666666,650.9178999999999,3.686914560166666,221.21487360999998,12.7289,241.96793333333335,5.920150000000001,68.8,37.0,12.564081621621622,464.87102,4.620296027027027,170.95095299999997,128.0,8.5982378984375,1100.574451,2.7224339765625,348.471549,15.24890625,176.9150625,6.254828125,275.79999999999995,96.0,11.477243958333332,1101.81542,4.011177777187499,385.07306660999996,147.0,10.688222585034014,1571.1687200000001,3.667536031360545,539.1277966100001,187.0,9.291544657754011,1737.518851,3.008522259946524,562.59366261,51.0,9.20300588235294,469.35329999999993,3.020680980392157,154.05473
DE-HoH,2015,NIRv,fixed,112.18625372573898,172.0,319.9967561815186,268.92680449300946,203.2033590052966,299.05372269847055,256.29866562884297,199.00468179605303,52.08656,DBF,60.0,10.848631666666666,650.9178999999999,3.686914560166666,221.21487360999998,12.7289,241.96793333333335,5.920150000000001,68.8,28.0,12.576056785714286,352.12959,4.521548321428571,126.60335299999998,128.0,8.5982378984375,1100.574451,2.7224339765625,348.471549,15.24890625,176.9150625,6.254828125,275.79999999999995,87.0,11.36866655172414,989.0739900000001,3.9163846736781616,340.72546661000007,144.0,10.805691944444444,1556.01964,3.7388642334027775,538.39644961,187.0,9.291544657754011,1737.518851,3.008522259946524,562.59366261,57.0,9.946414912280702,566.94565,3.46791198245614,197.67098299999998
DE-HoH,2022,NDVI,fixed,-5.0,172.0,295.1161149384956,218.17074608360315,157.09645705902443,298.37304989298525,269.9891634681446,238.8802871150255,52.08656,DBF,178.0,4.5686405275,813.218013895,0.5887569920930232,104.79874459255814,8.282203488372094,148.80145930232558,4.193645348837209,186.16730232558137,67.0,10.959060597014926,734.25706,2.8202912358208954,188.9595128,127.0,8.172587559055117,1037.91862,1.6472029102362207,209.19476960000003,17.035740157480316,188.8965118110237,8.076661417322835,152.02400000000003,244.0,6.321816095504203,1542.5231273030256,1.1899593505882353,290.3500815435294,275.0,6.297335021301115,1731.7671308578067,1.1966901321189591,329.08978633271374,304.0,6.0679657407046985,1844.6615851742283,1.0182737659060404,309.55522483543626,31.0,6.109383548387098,189.39089000000004,1.248365164516129,38.699320099999994
DE-HoH,2022,EVI,fixed,96.91149562683964,172.0,309.3506710056089,270.1854937235954,212.80281254473377,299.7174679112975,259.85691465349635,208.75204414940464,52.08656,DBF,76.0,9.736384460526317,739.965219,2.452402014473684,186.3825531,13.363078947368418,238.35228947368424,6.4589342105263166,77.14099999999999,37.0,12.51231135135135,462.95552,3.9798760351351348,147.2554133,128.0,8.127184453125,1040.27961,1.622071715625,207.6251796,17.009406249999998,188.0444765625,8.039554687499999,152.024,112.0,10.602229812500001,1187.4497390000001,2.916273003571429,326.6225764,163.0,9.724250239263803,1585.0527889999998,2.475233201840491,403.46301189999997,203.0,8.693467137931034,1764.7738289999998,1.9063662201970444,386.9923427,51.0,7.796138235294118,397.60305000000005,1.506675205882353,76.8404355
DE-HoH,2022,NIRv,fixed,99.2946365185821,172.0,308.6214523333094,266.7933091439279,206.68676708141749,299.05372269847055,256.29866562884297,199.00468179605303,52.08656,DBF,73.0,10.057307534246576,734.18345,2.5828870575342466,188.5507552,13.67504109589041,242.25812328767125,6.615260273972603,66.971,28.0,13.404229285714285,375.31842,4.481232075,125.4744981,128.0,8.127184453125,1040.27961,1.622071715625,207.6251796,17.009406249999998,188.0444765625,8.039554687499999,152.024,100.0,10.940308700000001,1094.03087,3.0700986329999993,307.00986329999995,157.0,9.951879936305733,1562.4451500000002,2.5868964968152866,406.14275,200.0,8.7949603,1758.99206,1.9458027239999995,389.1605447999999,57.0,8.217794385964913,468.41428,1.7391734508771928,99.13288669999999
DE-HoH,2023,NDVI,fixed,106.3859415266782,172.0,260.28654315783047,258.58657077531177,256.88480687074184,298.37304989298525,269.9891634681446,238.8802871150255,52.08656,DBF,66.0,8.816011954545454,581.8567889999999,2.2125252571212126,146.02666697000004,13.673727272727275,241.8474393939394,6.8513939393939385,51.327000000000005,67.0,13.14330656716418,880.60154,2.817716358208955,188.786996,127.0,10.49973261417323,1333.4660420000002,1.605373007874016,203.88237200000003,17.21100787401575,174.57196850393703,6.608692913385826,282.637,132.0,10.969664613636361,1447.9957289999998,2.493481613409091,329.13957297,163.0,10.64840508588957,1735.6900289999999,2.213247539693252,360.7593489700001,192.0,9.900313703124999,1900.8602309999997,1.79289035921875,344.23494897,31.0,9.280461290322583,287.69430000000006,1.0199927741935484,31.619776
DE-HoH,2023,EVI,fixed,90.49366965306176,172.0,260.6479117838592,232.98750190196927,195.98398379324465,299.7174679112975,259.85691465349635,208.75204414940464,52.08656,DBF,82.0,7.475168000000001,612.963776,1.5395969996341463,126.24695396999999,12.150695121951221,222.55367073170734,6.044243902439024,75.307,37.0,14.085352972972972,521.15806,3.694955810810811,136.713365,128.0,10.441449234374998,1336.5055019999998,1.5860665078125002,203.01651300000003,17.150125000000003,173.446703125,6.56053125,286.267,118.0,9.48863759322034,1119.659236,2.180391770932203,257.28622896999997,169.0,9.99004624852071,1688.3178159999998,1.99516413,337.18273797,209.0,9.258405157894737,1935.006678,1.5482745309569377,323.58937697,51.0,11.150168235294117,568.65858,1.5665982156862748,79.89650900000001
DE-HoH,2023,NIRv,fixed,98.21315951371147,172.0,260.4825121571397,231.8894713137477,193.1086056040809,299.05372269847055,256.29866562884297,199.00468179605303,52.08656,DBF,74.0,8.110761067567566,600.1963189999999,1.8341281482432437,135.72548297000003,13.036743243243244,229.95514864864865,6.3941351351351345,68.71699999999998,28.0,14.237271428571429,398.6436,3.5301408928571427,98.84394499999999,128.0,10.441449234374998,1336.5055019999998,1.5860665078125002,203.01651300000003,17.150125000000003,173.446703125,6.56053125,286.267,101.0,9.74631008910891,984.3773189999999,2.2662904749504946,228.89533796999996,158.0,10.456682525316454,1652.1558389999998,2.1886809491772157,345.81158997000006,201.0,9.563379208955222,1922.2392209999996,1.6570542585572139,333.06790596999997,57.0,11.715412631578946,667.77852,2.051162315789474,116.91625200000001
DE-HoH,2024,NDVI,fixed,113.1380179398356,173.0,312.3402137882013,289.7039059772316,248.0745038766875,298.37304989298525,269.9891634681446,238.8802871150255,52.08656,DBF,60.0,11.190956166666666,671.45737,3.5697969315,214.18781589,14.676749999999998,226.70575000000005,5.96445,118.33000000000001,66.0,14.502282575757576,957.15065,3.1197178181818184,205.901376,126.0,10.67148841269841,1344.6075399999997,1.6928124206349204,213.29436499999997,17.140753968253968,183.30491269841272,6.993166666666666,203.11499999999998,125.0,12.92527616,1615.65952,3.35437277512,419.29659689,156.0,11.961006153846155,1865.9169600000002,2.7820360614743587,433.9976255899999,185.0,10.827656270270271,2003.11641,2.306430194,426.68958589,31.0,8.07282064516129,250.25743999999997,0.4742267322580644,14.701028699999997
DE-HoH,2024,EVI,fixed,76.540485418711,173.0,302.6607816897355,251.66620142678005,194.75646962884207,299.7174679112975,259.85691465349635,208.75204414940464,52.08656,DBF,97.0,7.8846916494845365,764.81509,1.813909784845361,175.94924913,12.744164948453609,193.69026804123715,5.260020618556701,176.985,36.0,16.753294444444442,603.1185999999999,3.903691138888889,140.532881,127.0,10.623233464566928,1349.1506499999998,1.6649463385826768,211.44818499999997,17.113779527559057,182.7101732283465,6.966251968503937,203.11499999999998,132.0,10.265039318181818,1354.98519,2.3915873873484856,315.6895351300001,183.0,10.332160382513662,1890.78535,2.1561622963387976,394.57770022999995,223.0,9.421601973094171,2101.01724,1.7336539871300447,386.60483912999996,51.0,10.505885490196079,535.80016,1.5468267666666669,78.88816510000001
DE-HoH,2024,NIRv,fixed,121.35717861685268,173.0,301.13794597568057,244.8343367983196,169.49176219399206,299.05372269847055,256.29866562884297,199.00468179605303,52.08656,DBF,52.0,12.055374615384615,626.87948,4.16170725,216.40877700000001,15.376865384615384,229.63476923076922,6.047615384615384,110.88000000000001,27.0,16.728159259259257,451.66029999999995,4.255229481481482,114.89119600000002,127.0,10.623233464566928,1349.1506499999998,1.6649463385826768,211.44818499999997,17.113779527559057,182.7101732283465,6.966251968503937,203.11499999999998,78.0,13.661426666666665,1065.5912799999999,4.237274076923077,330.507378,135.0,12.80016451851852,1728.02221,3.174465467407408,428.5528381000001,178.0,11.028548483146066,1963.0816299999997,2.399238016853933,427.06436700000006,57.0,11.621595263157895,662.43093,1.7200957912280699,98.04546009999999
DE-HoH,2025,NDVI,fixed,91.66038437843828,172.0,310.6805675594006,285.24450414064046,249.41423561988253,298.37304989298525,269.9891634681446,238.8802871150255,52.08656,DBF,81.0,10.815264938271605,876.03646,3.2264516691358023,261.3425852,13.253246913580245,238.15916049382716,6.036086419753087,89.92800000000001,67.0,14.365801492537315,962.5087000000001,3.3141212089552234,222.04612099999997,127.0,11.123876598425198,1412.7323280000003,1.8074221016535437,229.54260691000005,16.2179842519685,172.44210236220474,6.794669291338582,161.067,147.0,12.387490204081633,1820.96106,3.2498862326530613,477.73327620000003,178.0,11.963268651685393,2129.46182,3.0852457421910113,549.17374211,207.0,10.971906705314009,2271.184688,2.3441051309661836,485.22976211,31.0,9.951637419354839,308.50076,2.304531158387096,71.44046590999999
DE-HoH,2025,EVI,fixed,94.8347373913022,172.0,305.7348475646657,274.11466624907234,234.07506895651625,299.7174679112975,259.85691465349635,208.75204414940464,52.08656,DBF,78.0,11.147332564102568,869.4919400000003,3.463355066666667,270.1416952,13.327589743589742,237.6832564102565,6.0117051282051275,89.928,37.0,15.23224594594595,563.5931000000002,3.5487782162162165,131.30479400000002,128.0,11.0420681875,1413.384728,1.7671790383593748,226.19891690999998,16.138484374999997,171.2474140625,6.754757812499999,163.507,114.0,12.416674912280701,1415.50094,3.4718513964912274,395.79105919999995,165.0,12.355578484848484,2038.6704499999998,3.3385006442424237,550.8526062999999,205.0,11.050207648780487,2265.292568,2.3935862541951223,490.6851821100001,51.0,12.219009999999999,623.16951,3.0404224921568628,155.0615471
DE-HoH,2025,NIRv,fixed,97.76200737916824,172.0,305.0299468447046,269.04940639521004,222.53291509547807,299.05372269847055,256.29866562884297,199.00468179605303,52.08656,DBF,75.0,11.513643466666668,863.52326,3.679175402666667,275.93815520000004,13.63748,238.25885333333335,6.063720000000001,89.928,28.0,15.677246428571427,438.9629,4.034906392857143,112.977379,128.0,11.0420681875,1413.384728,1.7671790383593748,226.19891690999998,16.138484374999997,171.2474140625,6.754757812499999,163.507,102.0,12.597079019607841,1284.90206,3.757452001960784,383.2601042,159.0,12.57165955974843,1998.8938700000003,3.4313862031446543,545.5904063,202.0,11.184771722772277,2259.323888,2.4578299114356437,496.48164211,57.0,12.526172105263157,713.99181,2.847900036842105,162.33030209999998
DE-RuW,2022,NDVI,fixed,49.0,172.0,288.83030213807285,231.75646023317748,189.6610988231384,,,,50.50493,ENF,124.0,8.241794112903225,1021.9824699999999,1.5073694145161294,186.91380740000005,8.810572580645161,189.97359677419354,4.36367741935484,278.7209999999999,,,,,,,,,,,,,,,,,,,,,,,,,,,,,,,,,,
DE-RuW,2022,EVI,fixed,106.55415437269087,172.0,288.3817244268313,243.4282379933541,199.00433941791852,279.7729922646119,242.51018105720138,204.27417643880594,50.50493,ENF,66.0,10.73125393939394,708.26276,1.1261989303030302,74.3291294,12.523575757575754,237.33963636363637,5.540378787878789,109.904,33.0,11.35906909090909,374.84927999999996,0.7380714848484848,24.356359,108.0,8.998282583333333,971.814519,-0.40340878166666666,-43.56814842,15.588092592592593,199.2795740740741,6.967546296296297,286.52799999999996,98.0,10.93562387755102,1071.69114,0.9599552897959184,94.0756184,136.0,11.189287845588236,1521.7431470000001,0.1174190094117647,15.968985279999998,173.0,9.645412595375722,1668.656379,0.15116249121387282,26.15111098,38.0,11.843473868421052,450.05200699999995,-2.055437713684211,-78.10663312000001
DE-RuW,2022,NIRv,fixed,108.2267869756138,172.0,288.2024575975954,242.34389077451797,197.17818804728148,278.9819228628888,240.47522898356723,202.15238730318174,50.50493,ENF,64.0,10.86888546875,695.60867,1.022258428125,65.4245394,12.62378125,235.98965625,5.472671875,108.76400000000001,31.0,11.141989677419357,345.40168000000006,0.9056370645161291,28.074749000000004,107.0,9.018656906542056,964.9962889999999,-0.40595189177570096,-43.43685242,15.643532710280375,199.57385046728973,7.006018691588786,285.758,94.0,10.953079255319148,1029.58945,0.9456321106382979,88.8894184,132.0,11.329208462121212,1495.4555169999999,0.01764094909090902,2.328605279999991,170.0,9.7010827,1649.1840590000002,0.10222245282352936,17.37781697999999,38.0,12.259633342105264,465.86606700000004,-2.277916134736843,-86.56081312000003
DE-RuW,2023,NDVI,fixed,28.0,172.0,,,,,,,50.50493,ENF,145.0,5.996609675862069,869.5084029999999,1.413040945310345,204.89093707,7.176786206896552,161.08234482758618,3.0872482758620685,414.765,,,,,,,,,,,,,,,,,,,,,,,,,,,,,,,,,,
DE-RuW,2023,EVI,fixed,100.4188460002857,172.0,256.6937165592601,227.33603610265055,196.0274217452963,279.7729922646119,242.51018105720138,204.27417643880594,50.50493,ENF,72.0,8.878734722222223,639.2689,1.3666523663888888,98.39897038,11.263680555555556,232.9436111111111,4.956097222222222,141.67,33.0,12.41172606060606,409.58696,1.179823393939394,38.934172000000004,108.0,12.328920555555554,1331.5234199999998,-1.4228495259259262,-153.66774880000003,15.631388888888889,187.77655555555552,5.1330185185185195,374.59,104.0,9.94022076923077,1033.78296,1.3262055709615383,137.92537937999998,142.0,11.93219042253521,1694.37104,-0.6256483494366197,-88.84206562,179.0,10.925806815642458,1955.71942,-0.305455538659218,-54.67654142000002,38.0,17.383896842105262,660.58808,-5.967564342105263,-226.76744499999998
DE-RuW,2023,NIRv,fixed,104.29297358421412,172.0,256.15188311611,225.75565386636936,194.3036205589061,278.9819228628888,240.47522898356723,202.15238730318174,50.50493,ENF,68.0,9.07724132352941,617.2524099999999,1.1467498585294118,77.97899038,11.628235294117648,236.4336470588235,5.125205882352939,120.61999999999999,31.0,12.503098387096772,387.59604999999993,1.3361342580645164,41.420162000000005,107.0,12.353817757009343,1321.8584999999998,-1.4416507177570095,-154.25662680000002,15.676710280373833,188.2773457943925,5.158495327102805,374.59,98.0,10.099750612244899,989.77556,1.2244019324489797,119.99138938,136.0,12.161856029411766,1654.01242,-0.7874481075000002,-107.09294262000002,174.0,11.057689712643679,1924.0380100000002,-0.43497355988505754,-75.68539942000001,38.0,17.479917368421052,664.23686,-5.975903473684211,-227.08433200000002
DE-RuW,2024,NDVI,fixed,113.22431020415624,173.0,295.0108235050791,245.33849778834323,190.5706790458807,,,,50.50493,ENF,60.0,8.057036779999999,483.4222067999999,0.9717612883333333,58.3056773,11.042316666666665,185.26888333333335,2.911833333333334,283.69,,,,,,,,,,,,,,,,,,,,,,,,,,,,,,,,,,
DE-RuW,2024,EVI,fixed,96.77728094997792,173.0,294.2435358077442,256.76626907559944,217.79076815320295,279.7729922646119,242.51018105720138,204.27417643880594,50.50493,ENF,77.0,8.72628723116883,671.9241168,0.7316581337662338,56.3376763,10.127545454545452,178.24740259740264,2.8374805194805197,351.22,32.0,15.353700625000002,491.31842000000006,-1.73116809375,-55.397379,107.0,11.771054205607479,1259.5028000000002,-0.6331628373831777,-67.74842360000001,15.10592523364486,191.7908785046729,4.580803738317758,311.257,108.0,10.676692933333333,1153.0828368,0.04062182685185188,4.387157300000003,146.0,11.275195320547946,1646.1785168000001,-0.5337500678082192,-77.9275099,183.0,10.498727960655739,1921.2672168000001,-0.04351850983606553,-7.963887299999993,38.0,12.976202105263159,493.09568,-2.166175452631579,-82.3146672
DE-RuW,2024,NIRv,fixed,97.39503833386928,173.0,292.59142787496097,253.32614230981437,214.9753533033576,278.9819228628888,240.47522898356723,202.15238730318174,50.50493,ENF,76.0,8.707125221052632,661.7415168,0.7023566618421053,53.379106300000004,10.059249999999997,177.76730263157899,2.7683289473684214,351.21999999999997,30.0,14.655994000000002,439.67982000000006,-1.90251,-57.0753,106.0,11.82712528301887,1253.6752800000002,-0.6881586188679245,-72.9448136,15.173792452830188,192.10539622641508,4.59995283018868,311.257,105.0,10.39296796952381,1091.2616368,-0.0023746066666666603,-0.24933369999999933,143.0,11.374321655944057,1626.5279968,-0.5690507125874126,-81.3742519,181.0,10.526282302762429,1905.2570967999995,-0.08905440497237567,-16.118847299999995,38.0,14.08595684210526,535.2663599999998,-2.134866268421053,-81.12491820000002
DE-Tha,2015,NDVI,fixed,96.88402963124902,172.0,370.1573929079417,354.9245659016793,331.5143875395676,307.3409276613597,280.25649398556465,242.3409939185063,50.962597,ENF,76.0,8.000941315789474,608.07154,3.367175552631579,255.90534200000002,12.60132894736842,219.7528947368421,6.495223684210526,114.44099999999999,71.0,7.1378384507042245,506.7865299999999,2.0521109929577466,145.6998805,136.0,5.929128588235294,806.361488,1.7853036110294118,242.80129110000001,15.601139705882353,172.32271323529415,7.650573529411766,309.724,146.0,7.5734548630137,1105.7244100000003,2.7214992636986306,397.33889250000004,184.0,7.218507934782609,1328.2054600000001,2.628709522282609,483.68255210000007,211.0,6.660186578199052,1405.299368,2.343318972037915,494.44030310000005,38.0,5.85476447368421,222.48104999999998,2.272201568421053,86.34365960000001
DE-Tha,2015,EVI,fixed,131.8286718154097,172.0,333.4093853458434,265.82691153507494,194.34976238886733,309.57163986663846,259.50581377151013,202.09208333419937,50.962597,ENF,41.0,9.313373170731708,381.84830000000005,3.7350679024390248,153.137784,14.08631707317073,228.44839024390245,6.884512195121951,55.441,31.0,8.116711935483872,251.61807000000005,2.5338320645161296,78.54879400000002,138.0,5.878616217391304,811.2490379999999,1.7528293992753625,241.89045710000002,15.556275362318837,170.69576811594206,7.6252391304347835,309.82399999999996,71.0,8.793418450704225,624.33271,3.2031020845070426,227.42024800000002,128.0,7.709243046875,986.78311,2.62944011015625,336.5683341,178.0,6.651481337078651,1183.9636779999998,2.1952916353932586,390.7619111,57.0,6.358778947368421,362.4504,1.914878703508772,109.1480861
DE-Tha,2015,NIRv,fixed,125.28710280628,172.0,334.1608209569409,262.49336079765897,186.57048490052944,308.7484794658667,256.3204296476967,197.4598936864068,50.962597,ENF,47.0,9.226719787234043,433.65583,3.749368170212766,176.220304,14.034106382978726,230.96023404255322,6.979595744680852,59.940999999999995,26.0,8.133016923076923,211.45844,2.650400153846154,68.910404,137.0,5.903703562043796,808.8073880000001,1.7698396576642337,242.4680331,15.57183211678832,171.4881094890511,7.6446131386861325,309.724,72.0,8.833064027777779,635.9806100000001,3.345338583333333,240.864378,131.0,7.800135038167939,1021.81769,2.6980210236641224,353.44075410000005,183.0,6.739505781420766,1233.3295580000001,2.264601131693989,414.4220071,59.0,6.539611525423729,385.83708,1.9080741711864408,112.5763761
DE-Tha,2018,NDVI,fixed,114.17009166230186,172.0,216.9274942153266,214.09431658971448,211.26088916542295,307.3409276613597,280.25649398556465,242.3409939185063,50.962597,ENF,58.0,8.591800172413793,498.32441,3.2148609137931032,186.461933,17.040689655172415,237.5093448275862,8.620931034482759,48.300000000000004,71.0,5.8659759154929585,416.48429000000004,1.3199019978732398,93.71304184900002,136.0,4.813758904411765,654.6712110000001,1.1074391407279411,150.611723139,17.000448529411763,178.28414705882352,9.843102941176468,195.7,128.0,7.0899809375,907.51756,2.1698641785078125,277.742614849,166.0,6.4271815060240955,1066.91213,1.9425156622831328,322.45759993900003,193.0,5.9362926476683935,1145.704481,1.7338927261088084,334.641296139,38.0,4.194593947368423,159.39457000000007,1.1767101339473682,44.71498508999999
DE-Tha,2018,EVI,fixed,103.60297405046916,172.0,306.6943885557242,259.13675456036265,201.09625930382333,309.57163986663846,259.50581377151013,202.09208333419937,50.962597,ENF,69.0,8.197525652173914,565.62927,2.8576278550724634,197.17632199999997,16.863666666666663,232.94834782608697,8.620898550724638,96.50000000000001,31.0,7.751487419354839,240.29611,2.213758806451613,68.626523,138.0,4.770122108695653,658.2768510000001,1.0875371749202898,150.08013013899998,16.914528985507246,176.29472463768116,9.735760869565217,195.79999999999998,99.0,8.067012525252526,798.6342400000001,2.6603079292929297,263.37048500000003,156.0,6.757230641025641,1054.12798,1.9547015265961538,304.933438149,206.0,5.905897966019419,1216.6149810000002,1.6739033598980584,344.824092139,57.0,4.482346315789473,255.49373999999997,0.7291746166491228,41.562953148999995
DE-Tha,2018,NIRv,fixed,103.69620630723746,172.0,305.77476072717945,255.18113259982852,195.6740421700106,308.7484794658667,256.3204296476967,197.4598936864068,50.962597,ENF,69.0,8.197525652173914,565.62927,2.8576278550724634,197.17632199999997,16.863666666666663,232.94834782608697,8.620898550724638,96.50000000000001,26.0,7.513676153846154,195.35558,2.368411307692308,61.57869400000001,137.0,4.790009715328467,656.231331,1.0958675849562045,150.133859139,16.948299270072994,177.19369343065694,9.778372262773722,195.7,94.0,8.018018191489361,753.6937099999999,2.726836765957447,256.322656,153.0,6.811838954248366,1042.21136,1.9661433800588235,300.819937149,205.0,5.924729078048781,1214.569461,1.6823308348243904,344.87782113900005,59.0,4.89012966101695,288.51765,0.7541912059152542,44.497281149
DE-Tha,2019,NDVI,fixed,95.4110803120196,172.0,307.9931763469346,286.986980096151,247.55024288035813,307.3409276613597,280.25649398556465,242.3409939185063,50.962597,ENF,77.0,6.64689064935065,511.81058,2.6086131948051947,200.863216,13.241467532467531,226.43210389610385,7.021285714285715,198.6,71.0,7.353890422535211,522.12622,2.339175369014084,166.08145119999998,136.0,5.805916367647059,789.604626,1.7187175198529412,233.7455827,16.614220588235295,177.4385294117647,8.524264705882352,184.2,147.0,6.963369387755102,1023.6152999999999,2.4682352870748296,362.83058719999997,185.0,6.48349041081081,1199.445726,2.2454521686486486,415.4086512,212.0,6.090064650943396,1291.0937059999999,2.030635465566038,430.4947187,38.0,4.62711647368421,175.830426,1.383633263157895,52.578064000000005
DE-Tha,2019,EVI,fixed,100.3450165035135,172.0,302.6457182506987,263.9759707172914,203.78133037266343,309.57163986663846,259.50581377151013,202.09208333419937,50.962597,ENF,72.0,6.7700684722222215,487.44492999999994,2.6191752222222227,188.58061600000002,13.466847222222222,227.81424999999996,7.118722222222222,198.6,31.0,8.520212258064516,264.12658,3.3025972258064513,102.38051399999999,138.0,5.754785478260869,794.160396,1.697655265217391,234.27642659999998,16.50105797101449,175.80486231884055,8.438210144927536,187.8,102.0,7.267156960784313,741.25001,2.812225980392157,286.84705,159.0,6.809027987421383,1082.63545,2.3564321144654086,374.67270619999994,209.0,6.082697732057416,1271.2838259999999,2.0035548449760765,418.7429626,57.0,5.989218245614034,341.38543999999996,1.5408009859649126,87.82565620000001
DE-Tha,2019,NIRv,fixed,97.59309179118222,172.0,300.8208657649049,256.7287646837675,197.6554544049002,308.7484794658667,256.3204296476967,197.4598936864068,50.962597,ENF,75.0,6.700096133333334,502.50721000000004,2.6269162133333332,197.01871599999998,13.256400000000001,227.05973333333333,7.028026666666668,198.60000000000002,26.0,8.654533846153846,225.01788,3.315928615384615,86.21414399999999,137.0,5.779276248175183,791.760846,1.7064278291970802,233.78061259999998,16.563613138686133,176.73535766423356,8.479182481751826,187.8,100.0,7.1720359,717.20359,2.7911878000000003,279.11878,159.0,6.805326477987421,1082.04691,2.377935605031446,378.09176119999995,211.0,6.085054767772511,1283.9465559999999,2.0222049696682465,426.6852486,59.0,6.183785084745762,364.84331999999995,1.6775081559322038,98.97298120000002
DE-Tha,2022,NDVI,fixed,110.70687299769936,172.0,315.7841951430275,294.11477513330885,269.0654091791617,307.3409276613597,280.25649398556465,242.3409939185063,50.962597,ENF,62.0,8.483250322580645,525.96152,3.2995814677419353,204.574051,15.272048387096776,246.71066129032258,7.158096774193548,71.61599999999999,71.0,6.77685014084507,481.15636,1.6699498605633802,118.5664401,136.0,5.952353823529411,809.5201199999999,1.5580660080882354,211.89697710000002,16.822154411764707,170.8818382352941,7.014514705882354,280.272,132.0,7.5458293939393934,996.0494799999999,2.4078924325757574,317.8418011,170.0,7.197428470588235,1223.56284,2.281962500588235,387.9336250999999,197.0,6.722909847715735,1324.4132399999999,2.0871692289340102,411.1723381,38.0,5.987193684210527,227.51336000000003,1.8445216842105263,70.091824
DE-Tha,2022,EVI,fixed,107.91750171079624,172.0,305.62162943867924,260.3583385817104,208.99242843352653,309.57163986663846,259.50581377151013,202.09208333419937,50.962597,ENF,65.0,8.34020446153846,542.1132899999999,3.2316747692307692,210.05886,14.861876923076924,243.13349230769234,7.007092307692307,72.616,31.0,8.822205806451612,273.48837999999995,3.1506700322580645,97.670771,138.0,5.888383847826087,812.5969709999999,1.5256206891304347,210.53565509999999,16.690746376811592,168.9354782608696,6.937485507246377,315.172,95.0,8.468771263157894,804.5332699999999,3.1834835894736844,302.430941,152.0,7.345229868421053,1116.47494,2.3031034874999996,350.07173009999997,202.0,6.651692381188119,1343.641861,2.0559199262376238,415.2958251,57.0,5.4726608771929826,311.94167,0.8358033175438595,47.64078909999999
DE-Tha,2022,NIRv,fixed,109.17456427499688,172.0,305.5615888903333,258.1188177591642,204.1994158741708,308.7484794658667,256.3204296476967,197.4598936864068,50.962597,ENF,63.0,8.408046825396825,529.70695,3.2560999999999996,205.13429999999997,15.102666666666666,243.86012698412702,7.072968253968253,72.61599999999999,26.0,8.904553846153846,231.51839999999999,3.1758731153846154,82.572701,137.0,5.912117452554744,809.9600909999999,1.532995599270073,210.0203971,16.761817518248172,169.70344525547446,6.976080291970804,308.072,88.0,8.524510795454544,750.1569499999999,3.2091853522727276,282.408311,147.0,7.407152108843537,1088.8513599999999,2.3253301231292514,341.8235281,199.0,6.6763750804020106,1328.598641,2.059577925125628,409.8560071,59.0,5.740583220338983,338.69440999999995,1.0070375779661018,59.41521710000001
DE-Tha,2023,NDVI,fixed,113.78131973715932,172.0,276.9437733109586,248.6732410109518,218.8196951357261,307.3409276613597,280.25649398556465,242.3409939185063,50.962597,ENF,59.0,8.321253898305086,490.95398000000006,3.449220947457627,203.5040359,14.057881355932203,241.54816949152547,7.126508474576271,44.109,71.0,9.548911690140844,677.97273,3.7296502802816893,264.80516989999995,136.0,7.189803404411766,977.8132630000001,2.7231472411764703,370.34802479999996,17.51745588235294,177.07923529411764,8.037838235294117,349.923,129.0,8.97005899224806,1157.1376099999998,3.608608417054264,465.5104858,167.0,8.150046047904192,1361.05769,3.312739531736527,553.2275018,194.0,7.510196613402061,1456.9781429999998,2.943573921134021,571.0533407,38.0,5.3663178947368415,203.92007999999998,2.3083425263157893,87.71701599999999
DE-Tha,2023,EVI,fixed,99.92019958220592,172.0,274.7675919778782,239.40069634915872,198.4878712924672,309.57163986663846,259.50581377151013,202.09208333419937,50.962597,ENF,73.0,7.528115205479452,549.55241,3.14000757630137,229.22055307,12.93917808219178,221.98957534246574,6.363191780821919,94.50899999999999,31.0,9.84462258064516,305.1833,4.576924193548387,141.88465,138.0,7.132441688405797,984.276953,2.699521701449275,372.53399479999996,17.391152173913042,175.37503623188405,7.9732246376811595,352.402,103.0,8.183947669902913,842.9466100000001,3.575791097766991,368.30648307000007,160.0,8.22827475,1316.52396,3.3592175685625003,537.47481097,210.0,7.247810776190476,1522.0402629999999,2.852170608904762,598.95582787,57.0,8.30837456140351,473.57735,2.967865401754386,169.1683279
DE-Tha,2023,NIRv,fixed,104.96942350079196,172.0,274.59343170231006,238.57690547447444,196.64156186621935,308.7484794658667,256.3204296476967,197.4598936864068,50.962597,ENF,68.0,7.776154558823529,528.77851,3.215312498529412,218.64124990000002,13.331720588235296,227.60670588235297,6.578470588235295,68.009,26.0,10.035909230769231,260.93364,4.5561757692307685,118.46056999999998,137.0,7.1633288540146,981.3760530000002,2.713765801459854,371.7859148,17.452007299270072,176.3173722627737,8.007014598540145,350.504,93.0,8.364763978494624,777.92305,3.594656988172043,334.3030999,152.0,8.398146118421051,1276.5182099999997,3.405079656578947,517.5721077999999,204.0,7.344928740196079,1498.365463,2.8805315916666667,587.6284447,59.0,8.450765423728814,498.59516,3.1062543711864405,183.2690079
DE-Tha,2024,NDVI,fixed,99.92819065147869,173.0,356.2395340439691,282.74508518158245,175.83533961080138,307.3409276613597,280.25649398556465,242.3409939185063,50.962597,ENF,74.0,8.319416216216217,615.6368,4.133635566216216,305.88903189999996,13.846081081081083,210.16601351351352,6.200121621621621,100.123,70.0,8.079930714285714,565.59515,3.094724727142857,216.63073089999997,135.0,6.447173140740741,870.368374,2.2460321081481482,303.21433460000003,17.3050962962963,178.96007407407407,7.7151703703703705,355.167,143.0,8.198120699300699,1172.33126,3.6342561734265737,519.6986328,181.0,7.572796574585635,1370.67618,3.192147820441989,577.7787555,208.0,7.101463865384615,1477.104484,2.914818444711538,606.2822365,38.0,5.2196031578947375,198.34492000000003,1.5284242815789475,58.080122700000004
DE-Tha,2024,EVI,fixed,79.88144994029649,173.0,334.291125631007,268.3362108854627,205.84484821384828,309.57163986663846,259.50581377151013,202.09208333419937,50.962597,ENF,94.0,7.539064893617021,708.6721,3.6805629138297875,345.97291390000004,13.384797872340423,195.2785957446809,6.248521276595745,116.02300000000001,30.0,8.621981,258.65943,3.798114333333334,113.94343000000002,137.0,6.398402364963504,876.581124,2.220321989781022,304.1841126,17.140350364963503,177.3496788321168,7.621591240875912,355.16700000000003,123.0,7.792120650406504,958.43084,3.7162212512195123,457.09521390000003,180.0,7.512174888888889,1352.19148,3.259209004444445,586.6576208000001,230.0,6.853706669565218,1576.352534,2.814503897826087,647.3358965,57.0,6.908081403508771,393.76063999999997,2.27302468245614,129.56240689999998
DE-Tha,2024,NIRv,fixed,85.75357837140226,173.0,331.5794087535316,266.8235965712867,204.01840290261032,308.7484794658667,256.3204296476967,197.4598936864068,50.962597,ENF,88.0,7.776814659090909,684.35969,3.7865531125000005,333.21667390000005,13.81068181818182,201.89127272727274,6.477943181818182,104.023,25.0,8.7230196,218.07549,3.9332672000000004,98.33168,136.0,6.427869735294117,874.190284,2.238344004411765,304.4147846,17.223117647058825,178.35182352941177,7.672397058823528,355.16700000000003,112.0,7.9779865178571425,893.53449,3.8279216419642856,428.7272239,171.0,7.692817777777777,1315.47184,3.3374739111111107,570.7080387999999,223.0,6.949099928251121,1549.6492839999999,2.846683087443946,634.8103285,59.0,7.151480508474576,421.93735,2.4064544898305082,141.98081489999998
DK-Sor,2022,NDVI,fixed,12.0,172.0,278.88390267997863,209.27120754931815,164.3266097802164,283.10837829537377,252.820944609255,223.08801694144725,55.48587,DBF,161.0,6.528432329813665,1051.0776051,1.008898358136646,162.43263566,7.332590062111802,152.04495652173912,2.8364906832298136,255.539,52.0,16.00844076923077,832.43892,5.5322159038461525,287.67522699999995,112.0,11.92627955357143,1335.74331,3.772861059821429,422.5604387,16.167499999999997,190.3854553571429,5.300919642857143,158.23499999999999,212.0,8.795145401415095,1864.5708251,2.0841326068867936,441.83611266000025,241.0,8.890237821991702,2142.5473151,2.219392301493776,534.8735446600001,272.0,8.70542358492647,2367.8752151,2.1202989866176467,576.7213243599999,29.0,9.585396206896553,277.97649,3.2081873103448273,93.037432
DK-Sor,2022,EVI,fixed,109.12936835116608,172.0,291.1272495947142,240.89299974817956,187.70572393727036,283.2782462566027,245.57300696958285,196.61643216343498,55.48587,DBF,63.0,14.176740158730155,893.1346299999998,4.52553853968254,285.108928,12.136777777777777,232.7523968253969,4.113126984126985,88.49300000000001,25.0,18.808124,470.2031,6.130175479999999,153.25438699999998,112.0,11.92627955357143,1335.74331,3.772861059821429,422.5604387,16.167499999999997,190.3854553571429,5.300919642857143,158.23499999999999,87.0,15.452781954022988,1344.39203,4.943581206896553,430.0915650000001,136.0,14.148203382352943,1924.1556600000001,4.642501227941176,631.380167,174.0,12.70076,2209.93224,4.019526532758621,699.3976167000001,49.0,11.83191081632653,579.76363,4.107930653061224,201.288602
DK-Sor,2022,NIRv,fixed,110.17289461876736,172.0,291.1453099053586,239.018256898555,185.09602162051576,282.78373686356616,243.00217890091915,193.40985430288913,55.48587,DBF,62.0,14.321831290322578,887.9535399999999,4.625759483870969,286.79708800000003,12.159532258064518,232.38112903225812,4.080516129032257,88.49300000000001,22.0,19.06998181818182,419.5396,6.104777590909091,134.305107,111.0,11.976674594594591,1329.4108799999997,3.798785447747748,421.6651847,16.218072072072072,191.07427027027023,5.328873873873873,156.03499999999997,83.0,15.524667951807226,1288.5474399999998,4.9738607831325305,412.83044500000005,133.0,14.269981729323309,1897.90757,4.6935439624060145,624.2413469999999,172.0,12.78150418604651,2198.4187199999997,4.070875131976744,700.1905227,50.0,12.1872026,609.36013,4.22821804,211.410902
DK-Sor,2023,NDVI,fixed,120.80332309498756,172.0,273.94164864938443,273.6390424111947,272.8030183518448,283.10837829537377,252.820944609255,223.08801694144725,55.48587,DBF,52.0,14.200397499999998,738.4206699999999,6.7695448538461545,352.0163324,13.536576923076924,281.2025192307692,6.299769230769231,30.8,52.0,15.73268230769231,818.0994800000001,5.454632288461538,283.640879,112.0,12.422895803571427,1391.3643299999999,3.7921929107142853,424.72560599999997,16.293839285714284,177.20291964285713,4.308116071428572,247.19999999999996,103.0,14.921919902912622,1536.95775,6.093084091262136,627.5876614,132.0,14.148641363636363,1867.62066,5.43274001060606,717.1216813999999,163.0,12.9461509202454,2110.2226,4.71578152392638,768.6723883999999,29.0,11.402169310344828,330.66291,3.08738,89.53402
DK-Sor,2023,EVI,fixed,110.3212885721904,172.0,268.9576131954159,246.6310045477134,206.94979437312745,283.2782462566027,245.57300696958285,196.61643216343498,55.48587,DBF,62.0,12.49295193548387,774.5630199999999,5.659755366129032,350.9048327,12.663161290322583,270.3938387096774,5.965693548387097,38.6,25.0,17.434808,435.8702,6.82179808,170.544952,112.0,12.422895803571427,1391.3643299999999,3.7921929107142853,424.72560599999997,16.293839285714284,177.20291964285713,4.308116071428572,247.19999999999996,86.0,13.847335116279071,1190.87082,5.969537612790699,513.3802347000001,135.0,13.510829037037038,1823.9619200000002,5.114451345925927,690.4509317000002,173.0,12.406733815028902,2146.36495,4.436768142774567,767.5608887000001,49.0,12.920226530612247,633.0911000000001,3.613687693877551,177.070697
DK-Sor,2023,NIRv,fixed,111.7681320492245,172.0,268.4242205415404,244.07099904853123,202.6662185444896,282.78373686356616,243.00217890091915,193.40985430288913,55.48587,DBF,61.0,12.649382786885246,771.61235,5.7648021918032795,351.65293370000006,12.696475409836065,270.34018032786884,5.933803278688527,38.6,22.0,17.324377272727272,381.1363,6.809890545454545,149.817592,111.0,12.474817477477476,1384.70474,3.8245283243243247,424.522644,16.32781081081081,178.28016216216218,4.3356396396396395,247.2,82.0,13.819344512195121,1133.18625,6.017085069512195,493.4009757,132.0,13.611297348484849,1796.69125,5.195115929545454,685.7553027,171.0,12.495641461988303,2136.7546899999998,4.491848115204679,768.1060277,50.0,13.2701,663.505,3.84708654,192.35432699999998
DK-Sor,2024,NDVI,fixed,105.49503072159372,173.0,296.4995835567583,275.5525838672522,232.13442269228065,283.10837829537377,252.820944609255,223.08801694144725,55.48587,DBF,68.0,12.925375588235294,878.92554,4.781887914705883,325.1683782,12.170147058823531,224.26729411764705,4.133176470588234,126.781,51.0,16.558400196078434,844.4784100000002,5.47072790254902,279.00712303,111.0,12.231646846846845,1357.7127999999998,3.980005297567568,441.78058803000005,16.00158558558558,184.87044144144147,4.599693693693694,339.1190000000001,118.0,14.433602118644071,1703.1650500000003,5.04594729855932,595.4217812299999,147.0,13.670842789115648,2009.6138900000003,4.7694965185714295,701.1159882300001,178.0,12.451682247191012,2216.39944,4.259523855224719,758.1952462300001,29.0,10.567201379310346,306.44884,3.6446278275862065,105.69420699999999
DK-Sor,2024,EVI,fixed,109.20458195903232,173.0,289.74987597967794,249.1950166128556,195.19377817990716,283.2782462566027,245.57300696958285,196.61643216343498,55.48587,DBF,64.0,13.44362078125,860.39173,5.120595171875,327.718091,12.522921875,226.05578124999997,4.199453125,118.88300000000001,24.0,16.751395,402.03347999999994,6.337493916666666,152.099854,111.0,12.231646846846845,1357.7127999999998,3.980005297567568,441.78058803000005,16.00158558558558,184.87044144144147,4.599693693693694,339.1190000000001,87.0,14.278003563218395,1242.1863100000003,5.414531321839081,471.064225,136.0,14.185368529411766,1929.2101200000002,5.00651162522059,680.8855810300001,174.0,12.631411666666668,2197.8656300000002,4.372097465689655,760.74495903,49.0,14.020894081632651,687.0238099999999,4.282068490408163,209.82135602999998
DK-Sor,2024,NIRv,fixed,109.4061698793701,173.0,288.7816801437995,245.91728075567124,192.46732274366207,282.78373686356616,243.00217890091915,193.40985430288913,55.48587,DBF,64.0,13.44362078125,860.39173,5.120595171875,327.718091,12.522921875,226.05578124999997,4.199453125,118.88300000000001,21.0,16.99448095238095,356.88409999999993,6.436959666666667,135.176153,110.0,12.31283227272727,1354.4115499999998,4.024023009363637,442.64253103000004,16.03268181818181,186.19239090909096,4.638627272727272,328.3790000000001,84.0,14.250439642857145,1197.0369300000002,5.40643480952381,454.140524,134.0,14.242513432835821,1908.4968000000001,5.005166873358209,670.69236103,173.0,12.685343236994218,2194.56438,4.4023520348554905,761.6069020299999,50.0,14.2291974,711.45987,4.3310367406,216.55183703
FI-Hyy,2025,NDVI,fixed,81.0,172.0,277.59472731973483,222.33057214545585,186.27450391851792,,,,61.84741,ENF,92.0,4.533810076086957,417.11052700000005,2.0047163760869564,184.4339066,7.7653043478260875,178.2549891304348,3.7655108695652184,131.50300000000001,,,,,,,,,,,,,,,,,,,,,,,,,,,,,,,,,,
FI-Hyy,2025,EVI,fixed,123.86101040448354,172.0,284.512253010551,271.4240609304834,258.0064124535156,,,,61.84741,ENF,49.0,6.27306693877551,307.38027999999997,2.984122326530612,146.221994,10.783755102040816,203.48716326530615,4.758,93.443,,,,,,,,,,,,,,,,,,,,,,,,,,,,,,,,,,
FI-Hyy,2025,NIRv,fixed,126.1957397998636,172.0,280.20610124260514,236.83992967515312,202.22456461226412,,,,61.84741,ENF,46.0,6.459929347826088,297.15675000000005,3.0679946521739128,141.12775399999998,11.36991304347826,204.3967173913043,4.914456521739129,88.93299999999999,,,,,,,,,,,,,,,,,,,,,,,,,,,,,,,,,,
FI-Let,2023,NDVI,fixed,128.14033823617507,172.0,299.24801281690185,284.6544332833825,259.2581529861829,,,,60.64183,ENF,44.0,6.927992499999999,304.83167,2.380722518181818,104.75179079999998,13.57234090909091,268.5826818181818,8.80009090909091,22.16,,,,,,,,,,,,,,,,,,,,,,,,,,,,,,,,,,
FI-Let,2023,EVI,fixed,139.38154670887195,172.0,268.5874311702554,259.35466147724867,250.12100712847385,,,,60.64183,ENF,33.0,7.589939696969696,250.46801,2.9791781454545454,98.3128788,14.037090909090908,276.83099999999996,9.141242424242423,11.940000000000001,,,,,,,,,,,,,,,,,,,,,,,,,,,,,,,,,,
FI-Let,2023,NIRv,fixed,140.06716106815642,172.0,268.33575344928647,260.0061875274492,251.6764638187916,,,,60.64183,ENF,32.0,7.6269459374999995,244.06226999999998,3.0227359000000003,96.72754880000001,14.071499999999999,275.354125,9.133156249999999,11.940000000000001,,,,,,,,,,,,,,,,,,,,,,,,,,,,,,,,,,
FI-Let,2024,NDVI,fixed,111.46554196520148,173.0,314.0,314.0,314.0,,,,60.64183,ENF,62.0,4.6034935,285.41659699999997,0.8228671966666669,51.017766193333344,12.191806451612901,227.50750000000002,6.222354838709678,87.09900000000002,,,,,,,,,,,,,,,,,,,,,,,,,,,,,,,,,,
FI-Let,2024,EVI,fixed,134.62359634249134,173.0,283.2864021864117,253.10680423921195,221.85117296071837,,,,60.64183,ENF,39.0,5.4278145945945955,211.6847691891892,0.8955112702702702,34.924939540540535,15.854641025641026,254.71328205128208,7.502230769230769,67.79400000000001,,,,,,,,,,,,,,,,,,,,,,,,,,,,,,,,,,
FI-Let,2024,NIRv,fixed,135.35826422699722,173.0,283.525865730439,251.7792050505006,218.792681888674,,,,60.64183,ENF,38.0,5.4466680555555556,206.9733861111111,0.8991983333333332,34.16953666666666,15.866947368421052,254.72318421052637,7.486315789473685,67.79400000000001,,,,,,,,,,,,,,,,,,,,,,,,,,,,,,,,,,
FR-Bil,2022,NDVI,fixed,107.76703543934237,172.0,354.0,354.0,354.0,,,,44.493652,ENF,65.0,8.01085076923077,520.7053,2.2608694138461534,146.95651189999998,18.01587692307692,244.87190769230767,7.2125076923076925,70.371,,,,,,,,,,,,,,,,,,,,,,,,,,,,,,,,,,
FR-Bil,2022,EVI,fixed,100.4158012574792,172.0,177.47955579291997,152.87017902838753,130.13569172276965,218.50752098657054,195.79085054379166,173.74365775514858,44.493652,ENF,72.0,7.967945972222221,573.69211,2.309038068055555,166.25074089999998,17.658097222222224,242.74554166666667,6.944444444444445,73.321,,,,,,47.0,3.2715086808510634,153.76090799999997,-0.8096525120638298,-38.053668067000004,22.20740425531915,282.5023191489362,12.857340425531914,32.3,73.0,7.939220821917807,579.5631199999999,2.287846204109589,167.0127729,95.0,7.254629999999999,689.1898499999999,1.722962050873684,163.68139483299998,118.0,6.112486593220339,721.273418,1.0778217189237285,127.18296283299996,22.0,4.983033181818182,109.62673,-0.15142627577272721,-3.331378066999999
FR-Bil,2022,NIRv,fixed,31.460839757946733,172.0,187.25160447683632,160.43444738173,138.7324712747107,240.2242211064934,209.91374898763016,181.99301174641946,44.493652,ENF,141.0,6.583813262411348,928.31767,2.1058085028368794,296.9189989,13.659801418439717,187.00963120567374,5.099460992907802,204.68200000000002,10.0,6.277477,62.774770000000004,0.9665311233,9.665311233,69.0,2.8113094492753627,193.98035200000004,-1.1828767111159422,-81.618493067,22.549086956521744,268.35904347826084,12.794579710144928,54.82,150.0,6.5660856,984.91284,2.0371346675533335,305.570200133,178.0,5.98200573033708,1064.7970200000002,1.5285373642303368,272.07965083299996,209.0,5.340279531100479,1116.118422,1.0252937599665073,214.28639583300003,28.0,2.853006428571429,79.88418000000001,-1.1960910464285714,-33.4905493
FR-Bil,2023,NDVI,fixed,49.0,172.0,247.68438052618583,179.60066053656163,143.9584032682862,,,,44.493652,ENF,124.0,5.944953467741935,737.17423,1.6865110217741937,209.1273667,14.335403225806449,194.04086290322581,5.154516129032259,389.34899999999993,,,,,,,,,,,,,,,,,,,,,,,,,,,,,,,,,,
FR-Bil,2023,EVI,fixed,126.91434869346892,172.0,284.60161246140177,254.393295920948,222.9414546868044,218.50752098657054,195.79085054379166,173.74365775514858,44.493652,ENF,46.0,7.966486739130435,366.45839,2.194134793478261,100.9302005,18.478434782608694,240.40806521739128,6.179543478260869,190.752,,,,,,47.0,9.251601489361702,434.82527,2.6817983191489363,126.044521,20.586404255319152,251.773085106383,7.296000000000001,93.57700000000001,47.0,8.01183170212766,376.55609000000004,2.2130921382978723,104.0153305,69.0,8.82119623188406,608.6625400000001,2.445287557971014,168.72484149999997,92.0,8.634487826086957,794.37288,2.465226885869565,226.8008735,22.0,10.550293181818182,232.10645,2.9413414090909087,64.70951099999999
FR-Bil,2023,NIRv,fixed,122.0411847135843,172.0,288.37101561070807,267.475391144525,233.0016663312729,240.2242211064934,209.91374898763016,181.99301174641946,44.493652,ENF,50.0,7.9062446,395.31223,2.21283301,110.64165050000001,18.5017,242.93562000000003,6.4608799999999995,190.75199999999998,10.0,10.568698000000001,105.68698,2.8688858,28.688858000000003,69.0,8.749170869565218,603.6927900000001,2.1635156811594203,149.282582,21.257101449275364,250.4130144927536,8.094115942028987,147.90699999999998,59.0,8.374380169491525,494.08842999999996,2.3585874661016946,139.1566605,87.0,8.74863390804598,761.1311500000003,2.542807603448275,221.22426149999993,118.0,8.407578305084744,992.0942399999998,2.201274444915254,259.7503845,28.0,9.53724,267.04272000000003,2.93098575,82.067601
FR-Bil,2025,EVI,fixed,94.9477577442926,172.0,193.44139470538985,180.10907668203953,168.15382685587176,218.50752098657054,195.79085054379166,173.74365775514858,44.493652,ENF,78.0,11.109603589743589,866.5490799999999,3.5001233628205126,273.0096223,16.24855128205128,234.06449999999998,5.434217948717949,183.262,,,,,,47.0,8.412421489361702,395.38381,-0.571008489361702,-26.837398999999994,21.43931914893617,269.44936170212765,8.895106382978724,33.028999999999996,79.0,11.109475696202532,877.64858,3.4771006620253164,274.6909523,101.0,10.715734356435643,1082.28917,2.602376597029703,262.8400363,124.0,10.054574919354836,1246.7672899999998,1.9457234137096775,241.2697033,22.0,9.301844999999998,204.64058999999997,-0.538678,-11.850916
FR-Bil,2025,NIRv,fixed,69.96314096068416,172.0,245.0500432319358,201.83140843663543,174.24489763327475,240.2242211064934,209.91374898763016,181.99301174641946,44.493652,ENF,103.0,9.999751067961164,1029.97436,3.3317992165048547,343.1753193,14.784825242718444,215.10912621359222,4.926883495145631,229.01799999999997,10.0,12.280979,122.80979,1.3551870000000001,13.551870000000001,69.0,6.998999275362319,482.93095,-0.9306238550724636,-64.21304599999999,21.979289855072462,253.7441449275362,9.659565217391306,61.129000000000005,112.0,10.157308482142856,1137.61855,3.1412916901785715,351.8246693,140.0,9.54486092857143,1336.2805300000002,2.294964152142857,321.2949813,171.0,8.758711754385963,1497.7397099999998,1.6026886157894737,274.0597533,28.0,7.095070714285716,198.66198000000003,-1.090346,-30.529688
FR-FBn,2013,NDVI,fixed,257.6859698897554,172.0,373.8812577559166,373.2237670268873,371.4262236933587,330.61832045394635,327.3918997666374,326.4292855428734,43.24079,ENF,,,,,,,,,,155.0,4.29501075483871,665.7266670000001,1.2136167619354838,188.1105981,159.0,4.283419037735849,681.0636270000001,1.2002444345911951,190.83886510000002,18.370924528301884,247.20364150943396,8.85632075471698,238.241,69.0,3.9856244492753623,275.008087,0.35129016086956527,24.239021100000002,70.0,3.9903256714285713,279.322797,0.3669054442857143,25.683381100000002,73.0,3.9773294109589044,290.345047,0.3694149054794521,26.967288100000005,,,,,
FR-FBn,2014,EVI,fixed,158.09119808493185,172.0,305.0215017766893,270.8708011706769,227.51456590986564,312.11725249686026,256.15010067141986,205.2007038145876,43.24079,ENF,14.0,5.900822857142858,82.61152000000001,1.3339070714285715,18.674699,22.024571428571427,298.23857142857145,13.746357142857144,24.400000000000002,34.0,5.529824705882353,188.01404,2.585924676470588,87.92143899999999,141.0,4.5574620702127655,642.6021519,1.118621314893617,157.7256054,19.191581560283687,227.37551773049643,8.270879432624113,325.0,47.0,5.576633829787234,262.10179,2.210985489361702,103.91631799999999,98.0,4.758243571428572,466.3078700000001,1.8844097448979589,184.67215499999998,154.0,4.653830531818182,716.6899019,1.1280550935064937,173.72048440000003,51.0,4.004040784313725,204.20607999999996,1.5834477843137256,80.755837
FR-FBn,2014,NIRv,fixed,157.87302568035028,172.0,302.8279403240934,268.99659337426647,228.2290295674449,318.47340060154704,260.42912438236203,206.5741238699007,43.24079,ENF,15.0,5.894528,88.41792000000001,1.3595599333333332,20.393399,22.051266666666667,300.8804,13.939733333333333,24.400000000000002,35.0,5.480834,191.82918999999998,2.5737699714285713,90.081949,147.0,4.455800482312926,655.0026709000001,1.0194804448979593,149.86362540000002,18.889931972789118,220.0340476190476,7.989591836734694,385.8,49.0,5.545374285714286,271.72334,2.1999087346938775,107.79552799999999,103.0,4.7292355339805825,487.11126,1.7786081932038835,183.1966439,161.0,4.5645765273291925,734.8968209,1.040852201242236,167.5772044,54.0,3.988665185185184,215.38791999999995,1.396316961111111,75.4011159
FR-FBn,2015,NDVI,fixed,-8.0,172.0,265.2667400507244,257.33266633316657,257.33266633316657,330.61832045394635,327.3918997666374,326.4292855428734,43.24079,ENF,181.0,5.692547377906977,1030.351075401163,1.9451034429651162,352.06372317668604,11.76643023255814,198.4445465116279,5.897290697674419,349.1616279069767,155.0,4.184846238709677,648.651167,0.90796496,140.7345688,159.0,4.154243943396227,660.5247870000001,0.8726757050314465,138.7554371,18.755597484276727,224.29106918238992,9.673641509433962,183.2,335.0,4.970947288343559,1665.2673415950921,1.452679512239264,486.6476366001534,336.0,4.960966470948013,1666.8847342385325,1.443742235443425,485.0973911089908,339.0,4.94667404848485,1676.922502436364,1.4290739069393938,484.4560544524545,,,,,
FR-FBn,2015,EVI,fixed,104.51943751812304,172.0,317.90752131908994,272.25514785833,208.93587679939696,312.11725249686026,256.15010067141986,205.2007038145876,43.24079,ENF,68.0,7.711548529411765,524.3853,2.5336602617647057,172.2888978,17.464044117647056,288.2014117647059,8.97,113.80000000000001,34.0,5.493552058823529,186.78077,1.8552223529411767,63.077560000000005,141.0,4.196024163120567,591.639407,0.9514489893617022,134.15430750000002,19.72617730496454,239.78644680851062,10.38963829787234,170.79999999999998,101.0,6.969560099009901,703.92557,2.3133427504950497,233.6476178,152.0,5.504873664473685,836.7407970000002,1.7099494493421052,259.9123163,208.0,5.330693302884615,1108.784207,1.4650209870192308,304.7243653,51.0,2.604220137254902,132.815227,0.514994088235294,26.264698499999994
FR-FBn,2015,NIRv,fixed,109.3004221760943,172.0,318.54111779375205,279.8284960670616,225.31303257224548,318.47340060154704,260.42912438236203,206.5741238699007,43.24079,ENF,63.0,7.821469047619049,492.75255000000004,2.516098219047619,158.5141878,17.741888888888887,296.12674603174605,9.191761904761906,105.4,35.0,5.458448285714285,191.04568999999998,1.8586137142857146,65.05148000000001,147.0,4.214481,619.528707,0.9316112891156464,136.94685950000002,19.475510204081637,234.18752380952375,10.091755102040816,170.79999999999998,97.0,6.974822061855669,676.5577399999999,2.287080698969072,221.84682779999997,151.0,5.400913092715232,815.537877,1.6011786841059603,241.77798130000002,209.0,5.287276349282297,1105.040757,1.4054651066985646,293.7422073,54.0,2.573706240740741,138.980137,0.36909543518518517,19.9311535
FR-FBn,2017,NDVI,fixed,218.3438381616685,172.0,352.70696355519806,351.6192659398582,350.52896660209484,330.61832045394635,327.3918997666374,326.4292855428734,43.24079,ENF,,,,,,,,,,155.0,2.8129564903225805,436.00825599999996,0.7044620346451613,109.19161537000001,159.0,2.8290429937106913,449.81783599999994,0.6743438073584906,107.22066537,18.40963522012579,217.47366666666667,10.391012578616355,93.45800000000001,108.0,2.0781661666666666,224.441946,0.28625368027777776,30.91539747,109.0,2.0866055596330275,227.440006,0.27803815110091745,30.306158470000003,112.0,2.127245767857143,238.251526,0.25843256669642856,28.94444747,,,,,
FR-FBn,2017,EVI,fixed,92.85546370394266,172.0,324.4704732205976,251.59350816329524,201.2603895903694,312.11725249686026,256.15010067141986,205.2007038145876,43.24079,ENF,80.0,6.802620124999999,544.2096099999999,2.56282755,205.026204,16.651587499999998,294.0871375,9.082362499999999,59.278000000000006,34.0,5.202187352941176,176.87437,2.0351925882352937,69.19654799999998,141.0,2.7936166382978724,393.899946,0.73337552035461,103.40594837,19.531680851063832,233.00944680851066,11.07904964539007,91.66399999999999,113.0,6.3217862831858405,714.36185,2.402229221238938,271.451902,164.0,5.017097451219511,822.8039819999998,1.8366796749999998,301.2154667,220.0,4.233579209090909,931.3874259999999,1.389369556227273,305.66130237000004,51.0,2.12631631372549,108.442132,0.5835993078431373,29.763564700000003
FR-FBn,2017,NIRv,fixed,4.0,172.0,323.99636474721365,250.50140173717247,200.74426202998535,318.47340060154704,260.42912438236203,206.5741238699007,43.24079,ENF,169.0,4.671473938666666,789.4790956346666,1.3930320446666664,235.42241554866663,12.3825325443787,201.01783431952666,6.173662721893491,229.478,35.0,5.1855397142857145,181.49389,2.0579088,72.02680799999999,147.0,2.800329496598639,411.64843599999995,0.715041539931973,105.11110637000003,19.091517006802725,228.12450340136056,10.828897959183674,91.664,203.0,4.758113319565217,965.897003871739,1.5120150255434783,306.9390501853261,257.0,4.168639927731093,1071.340461426891,1.3003815016806723,334.19804593193277,315.0,3.7352952594594595,1176.6180067297298,1.0516725103716216,331.2768407670608,54.0,2.160063925925926,116.64345200000001,0.5792598648148148,31.2800327
FR-FBn,2020,EVI,fixed,22.0,173.0,301.0695136710642,229.88094549337737,183.0919829587184,312.11725249686026,256.15010067141986,205.2007038145876,43.24079,ENF,152.0,7.283559078947368,1107.10098,3.144271684868421,477.9292961,12.772118421052632,209.8741907894737,5.635105263157894,234.2,33.0,6.893602727272727,227.48889,2.637154666666667,87.026104,140.0,4.3090924571428575,603.272944,1.2067438400714288,168.94413761000004,19.661864285714284,236.79679285714292,10.568542857142857,94.404,184.0,7.197932445652174,1324.41957,3.0466361961956525,560.5810601000001,235.0,6.22162055319149,1462.08083,2.529801945148936,594.50345711,291.0,5.842624137457046,1700.2036240000002,2.207900665670103,642.49909371,51.0,2.6992403921568626,137.66126,0.6651450394117646,33.92239701
FR-FBn,2020,NIRv,fixed,125.61453936152122,173.0,312.05664209580914,240.24198792856728,166.01855076520573,318.47340060154704,260.42912438236203,206.5741238699007,43.24079,ENF,48.0,9.762166666666667,468.58400000000006,3.3742955854166667,161.9661881,17.209666666666667,283.87989583333336,7.5128958333333316,124.4,34.0,6.805052352941177,231.37178,2.5861567647058825,87.92933000000001,146.0,4.278232356164384,624.6219240000001,1.185168590479452,173.03461421,19.393561643835618,230.15447945205483,10.204342465753426,117.004,81.0,8.51587012345679,689.7854799999999,3.0311256555555555,245.5211781,135.0,6.155882962962964,831.0442,2.069881168222222,279.43395770999996,193.0,5.611583544041451,1083.035624,1.713090478290156,330.6264623100001,54.0,2.6159022222222226,141.25872,0.6280144372222223,33.91277961
FR-FBn,2023,NIRv,fixed,82.72171027196546,172.0,334.94493804686675,262.5771428047424,212.565744414622,318.47340060154704,260.42912438236203,206.5741238699007,43.24079,ENF,90.0,7.063733766666668,635.7360390000001,3.3397742222222218,300.57967999999994,15.3858,258.03396666666674,6.746455555555556,124.39999999999998,35.0,5.2250302857142845,182.87605999999997,0.8502714768571429,29.75950169,147.0,4.008778003401361,589.2903665000001,0.46671182306122444,68.60663799,20.858829931972785,231.09951700680273,11.508755102040816,189.4,124.0,6.53329281451613,810.1283090000002,2.652660336209677,328.92988168999995,178.0,5.281345896067417,940.0795695000002,1.7409858555617976,309.89548228999996,236.0,5.154841591101695,1216.5426155,1.5583771948728815,367.77701799000005,54.0,2.406504824074074,129.9512605,-0.35248887777777765,-19.034399399999995
FR-Pue,2015,NDVI,fixed,181.3945318446707,172.0,,,,,,,43.7413,EBF,,,,,,,,,,,,,,,,,,,,,,,,,,,,,,,,,,,,,,,,,,,
FR-Pue,2015,EVI,fixed,87.91662537704447,172.0,326.3479738861776,272.13938854577805,214.63611032547817,309.45317916829083,255.07728365552157,208.53758881305984,43.7413,EBF,85.0,6.209759658823528,527.8295709999999,1.0530659647058822,89.510607,16.744741176470587,265.85336470588237,8.799141176470588,171.89999999999998,37.0,5.2953797297297305,195.92905000000002,0.8743282972972973,32.350147,138.0,5.571484956521739,768.864924,1.1237092514492752,155.0718767,19.556652173913044,229.68823188405798,10.365217391304348,337.80499999999995,121.0,5.897804305785124,713.634321,0.9760470578512398,118.10169400000001,168.0,5.823663077380952,978.3753969999999,1.0144167345238095,170.4220114,222.0,5.795361238738739,1286.570195,1.084790196846847,240.82342370000003,47.0,5.632788851063831,264.741076,1.1131982425531914,52.3203174
FR-Pue,2015,NIRv,fixed,95.80627388139597,172.0,325.96418243381834,271.5160994140902,212.4599493758311,305.620735951477,252.51445088178045,207.28196520533407,43.7413,EBF,77.0,6.290078714285714,484.33606100000003,0.9041989220779221,69.623317,17.225194805194803,271.96136363636367,9.071376623376624,171.1,36.0,5.321383611111112,191.56981000000002,0.8747902499999999,31.492448999999997,134.0,5.6167592835820885,752.6457439999998,1.170282908208955,156.81790969999997,19.732649253731346,234.59405970149254,10.62884328358209,279.005,112.0,5.9444783124999985,665.7815709999999,0.8692563035714285,97.35670599999999,157.0,5.837031853503185,916.4140010000001,0.9660968242038217,151.6772014,210.0,5.842178595238095,1226.857505,1.06039127,222.6821667,45.0,5.569609555555554,250.63242999999994,1.2071221199999997,54.32049539999999
FR-Pue,2017,NDVI,fixed,-5.0,172.0,331.399442859557,305.44541860806305,295.5052301452246,,,,43.7413,EBF,178.0,4.983754593023256,887.1083175581394,1.3299791023255814,236.73628021395348,12.52536627906977,194.7703139534884,6.200587209302325,430.43504651162795,,,,,,,,,,,,,,,,,,,,,,,,,,,,,,,,,,
FR-Pue,2017,NIRv,fixed,69.42765357617976,172.0,274.5410468179258,238.31453856155343,202.07228898623285,305.620735951477,252.51445088178045,207.28196520533407,43.7413,EBF,103.0,6.4478198834951455,664.125448,1.8550215145631068,191.067216,16.03327184466019,260.3888446601942,8.22404854368932,195.60000000000002,36.0,4.855741388888888,174.80668999999997,1.0396959611111112,37.4290546,134.0,2.159388992537313,289.358125,-0.4800654701492538,-64.32877300000001,20.14520895522388,230.08856716417912,10.908328358208955,79.61500000000001,138.0,6.02903063768116,832.0062280000001,1.6434488449275362,226.7959406,183.0,4.837685355191257,885.2964200000001,1.0310817540983606,188.68796099999997,236.0,4.010837555084747,946.5576630000002,0.5298225127118645,125.03811300000002,45.0,1.1842264888888892,53.29019200000001,-0.8468439911111113,-38.10797960000001
FR-Pue,2018,EVI,fixed,133.15445656435577,172.0,307.4296905896212,267.10336048523914,226.4481750746413,309.45317916829083,255.07728365552157,208.53758881305984,43.7413,EBF,39.0,9.042904615384613,352.6732799999999,1.9506583487179487,76.0756756,18.43205128205128,255.9715384615385,6.273461538461539,138.83999999999997,37.0,6.7198791891891885,248.63552999999996,1.9860209216216216,73.4827741,138.0,4.014352615942029,553.9806609999999,0.42795791007246375,59.05819159,21.08380434782609,229.42778985507243,11.755442028985508,396.471,75.0,7.895926533333333,592.19449,1.9501305293333333,146.2597897,122.0,6.314720819672131,770.39594,1.443951199180328,176.16204630000001,176.0,5.0996569375,897.539621,0.7490636772159092,131.83520719,47.0,3.7915202127659575,178.20145,0.6362182255319149,29.902256599999998
FR-Pue,2018,NIRv,fixed,133.37577196936488,172.0,306.187594958292,266.5425345043316,226.62073812568437,305.620735951477,252.51445088178045,207.28196520533407,43.7413,EBF,39.0,9.042904615384613,352.6732799999999,1.9506583487179487,76.0756756,18.43205128205128,255.9715384615385,6.273461538461539,138.83999999999997,36.0,6.789987777777778,244.43956000000003,2.029048863888889,73.0457591,134.0,4.0295535149253725,539.960171,0.4460800044029851,59.77472059000001,21.345402985074628,233.89005223880596,12.013014925373133,369.464,74.0,7.9459259459459455,587.99852,1.9705780364864864,145.8227747,119.0,6.431378487394957,765.3340399999998,1.4887657168067232,177.16312030000006,172.0,5.136739133720931,883.5191310000001,0.7706496290116278,132.55173618999999,45.0,3.9407893333333326,177.33551999999997,0.6964521244444445,31.340345600000003
FR-Pue,2019,EVI,fixed,1.0,172.0,260.4532478817801,161.9515037379177,97.62160655279727,309.45317916829083,255.07728365552157,208.53758881305984,43.7413,EBF,172.0,4.991139058139535,858.4759180000001,2.317936394767442,398.6850599,11.316930232558137,194.26675000000006,5.971686046511628,207.05500000000004,37.0,4.523111081081081,167.35511,0.31282748108108105,11.5746168,138.0,2.9091673405797103,401.465093,-0.26010743202898545,-35.89482561999999,21.25905072463768,227.25985507246378,12.160978260869564,415.322,208.0,4.901197153846154,1019.449008,1.9603100322115383,407.7444867,255.0,4.2615457019607845,1086.694154,1.5023813682352944,383.10724890000006,309.0,4.056825213592233,1253.5589909999999,1.1659386546278319,360.27504428000003,47.0,1.4307477872340426,67.245146,-0.5241965489361703,-24.637237800000005
FR-Pue,2019,NIRv,fixed,1.0,172.0,263.1676102351286,165.15158269314253,99.03995157879164,305.620735951477,252.51445088178045,207.28196520533407,43.7413,EBF,172.0,4.991139058139535,858.4759180000001,2.317936394767442,398.6850599,11.316930232558137,194.26675000000006,5.971686046511628,207.05500000000004,36.0,4.584018333333333,165.02465999999998,0.3338093277777778,12.0171358,134.0,2.911972708955224,390.204343,-0.2764912552238806,-37.04982820000001,21.529716417910446,231.1829552238806,12.453119402985074,378.3759999999999,207.0,4.913616222222221,1017.1185579999998,1.9719179019323672,408.1870057,252.0,4.294366246031746,1082.180294,1.5327677337301588,386.25746890000005,305.0,4.073108986885246,1242.298241,1.177442759672131,359.1200417,45.0,1.4458163555555554,65.061736,-0.4873230400000001,-21.929536800000005
FR-Pue,2021,NDVI,fixed,6.0,172.0,357.40060196605697,343.90144684664847,334.58098668928847,,,,43.7413,EBF,167.0,4.885571407185629,815.890425,1.4721290658682635,245.84555400000002,11.778526946107787,178.5345149700599,5.781239520958083,364.381,,,,,,,,,,,,,,,,,,,,,,,,,,,,,,,,,,
FR-Pue,2021,NIRv,fixed,72.26314745971047,172.0,311.06833367514326,243.95000725238864,200.51996111133928,305.620735951477,252.51445088178045,207.28196520533407,43.7413,EBF,100.0,6.032198629999999,603.2198629999999,1.989768766,198.9768766,14.375490000000003,236.18952000000004,7.63949,225.935,36.0,6.947738333333334,250.11858,0.7653648416666667,27.553134300000004,134.0,4.5763432611940305,613.229997,-0.16261482320895532,-21.790386310000013,19.917783582089555,218.9640074626866,10.057149253731344,276.086,135.0,6.259599948148148,845.045993,1.6751736585185186,226.14844390000002,180.0,5.7003000722222215,1026.054013,1.2178947032777776,219.22104658999996,233.0,5.185224935622318,1208.15741,0.7588194132618026,176.80492329,45.0,4.022400444444445,181.00802000000002,-0.15394216244444445,-6.92739731
FR-Pue,2022,EVI,fixed,75.18015386868528,172.0,312.38776276613174,259.1986251396684,213.62355384405183,309.45317916829083,255.07728365552157,208.53758881305984,43.7413,EBF,97.0,6.100254824742269,591.724718,1.2976695010309278,125.8739416,16.88818556701031,243.9011340206186,9.19238144329897,95.51099999999998,37.0,2.6057110810810813,96.41131000000001,-0.5469377729729731,-20.236697600000003,138.0,3.174040623188406,438.017606,-1.0568940326086955,-145.8513765,22.172101449275363,216.52886956521743,12.16513768115942,184.95,133.0,5.140133142857143,683.637708,0.7916633909774436,105.29123100000001,180.0,4.63127215,833.628987,0.05992558444444443,10.786605199999997,234.0,4.381384632478633,1025.2440040000001,-0.08685234145299141,-20.32344789999999,47.0,3.191303808510639,149.99127900000002,-2.010736719148936,-94.5046258
FR-Pue,2022,NIRv,fixed,99.09792165251991,172.0,307.25881693790484,256.550721425605,210.54992398774425,305.620735951477,252.51445088178045,207.28196520533407,43.7413,EBF,73.0,6.341719698630137,462.945538,1.0584063232876713,77.2636616,19.233150684931505,267.61531506849315,10.823479452054794,63.361000000000004,36.0,2.6483819444444445,95.34175,-0.5217282666666667,-18.782217600000003,134.0,3.174279,425.353386,-1.0728298022388059,-143.75919349999998,22.45186567164179,220.38066417910449,12.372716417910448,172.56,108.0,5.127675629629628,553.7889679999998,0.5382910277777779,58.13543100000002,153.0,4.535864620915033,693.987287,-0.24493933856209146,-37.475718799999996,206.0,4.290294194174757,883.800604,-0.32447351893203885,-66.8415449,45.0,3.115518200000001,140.19831900000003,-2.124692217777778,-95.6111498
FR-Pue,2023,EVI,fixed,80.8830037134114,172.0,331.67284524884,269.0339715384795,223.8900653212777,309.45317916829083,255.07728365552157,208.53758881305984,43.7413,EBF,92.0,5.300686739130435,487.66318,1.1515323499999999,105.9409762,16.212717391304345,229.16480434782608,7.277326086956523,143.09699999999998,37.0,3.661095405405406,135.46053000000003,-0.6718402491891892,-24.85808922,138.0,2.397333833333333,330.832069,-1.8236544001449275,-251.66430722,21.53154347826087,223.35721014492754,12.000398550724638,279.902,128.0,4.822989765625,617.34269,0.6483024764062499,82.98271697999999,175.0,3.718522954285714,650.7415169999999,-0.03816987440000016,-6.679728020000027,229.0,3.5489704323144107,812.714229,-0.6280502227947599,-143.82350102,47.0,0.7106133404255318,33.398827,-1.9077115957446809,-89.662445
FR-Pue,2023,NIRv,fixed,91.69796629844416,172.0,334.4926083800683,273.13085315257126,228.2008895542513,305.620735951477,252.51445088178045,207.28196520533407,43.7413,EBF,81.0,5.3191037037037034,430.8474,1.1682654962962962,94.62950519999998,16.83839506172839,236.7155925925926,7.678753086419753,131.037,36.0,3.726571944444445,134.15659000000002,-0.6573783116666667,-23.665619220000004,134.0,2.391856932835821,320.508829,-1.8469785837313435,-247.49513022000002,21.854,227.82750000000001,12.260932835820896,274.782,116.0,4.820887672413792,559.2229699999999,0.6281354825862069,72.86371598,161.0,3.7094118447204965,597.2153069999999,-0.059534776521739136,-9.585099020000001,214.0,3.4839963037383184,745.5752090000001,-0.7054476402803741,-150.96579502000006,45.0,0.8442741555555557,37.992337000000006,-1.8321958888888887,-82.448815
FR-Pue,2024,EVI,fixed,164.24693755414447,173.0,290.79715910226446,265.67787732273695,240.56050484212005,309.45317916829083,255.07728365552157,208.53758881305984,43.7413,EBF,9.0,7.832106666666667,70.48896,2.444391888888889,21.999527,19.220666666666666,225.9931111111111,7.088111111111111,13.629999999999999,36.0,6.200731944444445,223.22635,1.7656711388888888,63.564161,137.0,4.433022075912409,607.3240244,-0.02299554452554742,-3.150389599999997,20.721277372262776,212.6055328467153,10.349883211678831,401.10200000000003,44.0,6.4711490909090905,284.73055999999997,1.8620633636363637,81.930788,91.0,4.878635824175824,443.95586,0.4328046230769231,39.3852207,145.0,4.612608513103448,668.8282344,0.10493956827586215,15.216237400000011,47.0,3.3877723404255313,159.22529999999998,-0.9052248361702128,-42.5455673
FR-Pue,2024,NIRv,fixed,112.62028038497075,173.0,292.41755051046044,268.10432552521445,243.77632766123733,305.620735951477,252.51445088178045,207.28196520533407,43.7413,EBF,61.0,6.673499344262295,407.08346,1.827920580327869,111.50315540000001,16.427360655737704,234.0899180327869,6.764245901639343,332.2,35.0,6.272582571428572,219.54039,1.8347184857142858,64.215147,133.0,4.438690935338345,590.3458943999999,-0.022923846616541288,-3.048871599999991,20.93,215.79241353383458,10.567353383458647,401.05199999999996,95.0,6.501464210526316,617.6391,1.8114252884210529,172.08540240000002,140.0,5.469269999999999,765.6977999999998,0.9236460721428571,129.3104501,193.0,5.1214746341968915,988.4446044000001,0.5431159782383419,104.82138379999999,45.0,3.2901933333333337,148.05870000000002,-0.9505544955555555,-42.774952299999995
FR-Pue,2025,EVI,fixed,64.55342106300697,172.0,337.08357470322085,290.4362588188312,242.9831057310526,309.45317916829083,255.07728365552157,208.53758881305984,43.7413,EBF,108.0,5.907774592592591,638.0396559999998,1.5078195092592594,162.84450700000002,15.548666666666668,219.45622222222227,7.630425925925926,317.706,37.0,6.001565405405406,222.05792000000002,1.2493893594594594,46.2274063,138.0,4.538653999999999,626.3342519999999,0.44595176014492754,61.541342900000004,20.9433115942029,219.65757246376813,12.604405797101448,184.611,144.0,5.93697275,854.924076,1.4489874395833333,208.6541913,191.0,5.427920706806282,1036.732855,1.0564900115183247,201.78959220000002,245.0,5.1395935020408166,1259.2004080000002,0.9141556240816324,223.96812789999996,47.0,3.8682718936170217,181.80877900000002,-0.1460553,-6.8645990999999995
FR-Pue,2025,NIRv,fixed,83.47182135841491,172.0,335.48887961455125,289.36939540712683,242.29765646689447,305.620735951477,252.51445088178045,207.28196520533407,43.7413,EBF,89.0,6.426252370786516,571.9364609999999,1.6697457078651683,148.60736799999998,17.001359550561798,246.5390224719101,8.781887640449439,184.99599999999998,36.0,6.044135555555556,217.58888000000002,1.2537782305555556,45.1360163,134.0,4.588381380597014,614.8431049999999,0.48806503283582087,65.4007144,21.175320895522386,223.963552238806,12.869134328358209,181.18099999999998,124.0,6.325418072580645,784.3518409999999,1.5590779217741937,193.3256623,169.0,5.6512726035502965,955.0650700000001,1.0886620189349112,183.98388119999998,222.0,5.322549846846848,1181.6060660000003,0.9621187405405406,213.5903604,45.0,3.7936273111111114,170.713229,-0.20759513555555553,-9.341781099999999
IT-Cp2,2017,NDVI,fixed,273.65113874973434,172.0,,,,,,,41.704266,MF,,,,,,,,,,,,,,,,,,,,,,,,,,,,,,,,,,,,,,,,,,,
IT-Cp2,2017,EVI,fixed,1.0,172.0,196.1481490762823,149.13979498437757,130.77345244652366,266.1453695528895,205.91649529193833,155.85377805396652,41.704266,MF,172.0,6.2443551395348855,1074.0290840000002,3.634574030232558,625.1467332,13.762622093023257,188.44946511627904,4.953453488372093,108.64099999999999,,,,,,95.0,,,,,23.823694736842103,255.7565789473684,9.545547368421053,142.20000000000002,155.0,5.923738477419355,918.179464,3.5394988593548384,548.6223232,205.0,6.5150730160427806,1335.58996828877,3.718554295187165,762.3036305133688,266.0,,,,,50.0,,,,
IT-Cp2,2017,NIRv,fixed,1.0,172.0,199.30611417730157,150.20191927732307,130.91928379846487,244.35361194422734,201.63248535185738,171.88135535128617,41.704266,MF,172.0,6.2443551395348855,1074.0290840000002,3.634574030232558,625.1467332,13.762622093023257,188.44946511627904,4.953453488372093,108.64099999999999,,,,,,73.0,,,,,24.96191780821918,273.7200410958904,10.28176712328767,36.4,171.0,6.2236601988304106,1064.2458940000001,3.6264779719298246,620.1277332,201.0,6.5150730160427806,1309.529676224599,3.718554295187165,747.4294133326201,244.0,,,,,30.0,,,,
IT-Cp2,2020,NDVI,fixed,,173.0,142.31213377899255,92.46299301072894,44.65504989265273,,,,41.704266,MF,,,,,,,,,,,,,,,,,,,,,,,,,,,,,,,,,,,,,,,,,,,
IT-Cp2,2020,EVI,fixed,9.245195947447552,173.0,229.57826696470235,209.8588372599911,190.19050995566573,266.1453695528895,205.91649529193833,155.85377805396652,41.704266,MF,164.0,8.983013597560976,1473.21423,3.7631906585365855,617.163268,19.736823170731707,209.41357317073172,6.2055,112.8,,,,,,94.0,6.9172159893617025,650.218303,1.1556224772340427,108.62851286000001,27.234276595744685,285.75490425531916,11.394319148936171,34.68899999999999,146.0,8.85083308219178,1292.22163,3.7030137876712326,540.640013,196.0,9.006334999999998,1765.2416599999997,3.582268418367346,702.1246099999998,257.0,8.215886120622567,2111.482733,2.807642221245136,721.56405086,50.0,9.4604006,473.02003,3.2296919400000004,161.484597
IT-Cp2,2020,NIRv,fixed,8.822961829855876,173.0,231.473431676814,210.12787029491108,188.81539187746907,244.35361194422734,201.63248535185738,171.88135535128617,41.704266,MF,165.0,8.967401696969697,1479.62128,3.7571532000000003,619.930278,19.702406060606062,208.78253333333333,6.193975757575757,112.8,,,,,,72.0,7.165524763888889,515.917783,1.5474750569444444,111.4182041,28.22929166666667,304.1275833333333,11.89025,23.6,163.0,8.935926257668712,1456.55598,3.75516090797546,612.091228,193.0,9.039346891191709,1744.5939499999997,3.6117137823834193,697.06076,236.0,8.405039250000002,1983.5892630000003,3.081020136016949,727.1207520999999,30.0,9.601265666666666,288.03797,2.832317733333334,84.96953200000002
IT-Cp2,2022,NDVI,fixed,-7.858668657559995,172.0,118.92471255298685,80.59478837125944,47.20173113166201,,,,41.704266,MF,180.0,6.777953895348838,1220.0317011627908,3.2051939348837206,576.9349082790698,13.699197674418606,180.04723837209303,5.095447674418605,170.19941860465116,,,,,,,,,,,,,,,,,,,,,,,,,,,,,,,,,,
IT-Cp2,2022,EVI,fixed,7.00809631476094,172.0,271.8449115951083,179.632277479394,77.18229097209404,266.1453695528895,205.91649529193833,155.85377805396652,41.704266,MF,165.0,6.8970839999999995,1138.01886,3.2918288866666665,543.1517663,13.828151515151514,185.3055393939394,5.200103030303029,162.445,,,,,,95.0,5.27955467368421,501.5576939999999,-0.05325228705263158,-5.05896727,25.47655789473684,246.69402105263163,8.29615789473684,83.56899999999999,148.0,7.026588243243242,1039.9350599999998,3.442593177702703,509.5037903,198.0,6.4730033030303025,1281.654654,2.864995969040404,567.26920187,259.0,6.30672572972973,1633.441964,2.068813162277992,535.82260903,50.0,4.834391879999999,241.71959399999997,1.1553082314,57.765411570000005
IT-Cp2,2022,NIRv,fixed,8.038703674983894,172.0,169.65511008955028,168.26441358887615,166.87530785182,244.35361194422734,201.63248535185738,171.88135535128617,41.704266,MF,164.0,6.917015060975609,1134.3904699999998,3.302532355487805,541.6153063,13.881646341463412,185.91836585365854,5.211835365853658,162.445,,,,,,73.0,5.431503342465754,396.499744,0.12296235246575342,8.97625173,26.083164383561645,262.5881369863014,8.460616438356164,72.34,163.0,6.921815214723926,1128.25588,3.308865744171779,539.3451163,193.0,6.462830383419689,1247.326264,2.9268392393782383,564.8799732,236.0,6.460828915254238,1524.7556240000001,2.323395627245763,548.32136803,30.0,3.9690128,119.07038399999999,0.8511618966666668,25.5348569
IT-Cp2,2023,EVI,fixed,84.22221332154639,172.0,313.38013939604446,238.6101733529525,191.9708752305106,266.1453695528895,205.91649529193833,155.85377805396652,41.704266,MF,88.0,8.457773295454546,744.28405,3.0466757159090903,268.10746299999994,17.078295454545454,227.9287840909091,3.618079545454545,329.682,,,,,,95.0,9.415722,894.49359,1.3633927578947371,129.52231200000003,24.98857894736841,245.94983157894734,6.904368421052633,95.15999999999997,71.0,7.708667042253522,547.31536,2.4411993380281687,173.32515299999997,121.0,9.081452644628099,1098.85577,3.0524883801652893,369.351094,182.0,8.939818901098901,1627.04704,2.1633154120879117,393.7234049999999,50.0,11.0308082,551.54041,3.92051882,196.025941
IT-Cp2,2023,NIRv,fixed,92.24307238524356,172.0,304.1689805460798,231.5441612244809,188.41430790587927,244.35361194422734,201.63248535185738,171.88135535128617,41.704266,MF,80.0,8.527020875,682.16167,2.8892102875,231.136823,17.4381875,231.73035,3.6859750000000004,302.062,,,,,,73.0,10.00975191780822,730.71189,1.5799236986301373,115.33443000000003,25.37508219178082,263.210794520548,6.742575342465753,71.74999999999999,79.0,8.48646924050633,670.43107,2.8763348481012665,227.23045300000004,109.0,9.219339174311928,1004.9079700000002,3.040388596330276,331.40235700000005,152.0,9.218045789473685,1401.1429600000001,2.2537163355263163,342.56488300000007,30.0,11.14923,334.4769,3.4723968000000003,104.17190400000001
IT-Cp2,2025,EVI,fixed,103.8652645003036,172.0,319.7753807323102,252.34139338297655,189.1517616650386,266.1453695528895,205.91649529193833,155.85377805396652,41.704266,MF,69.0,8.535415217391304,588.9436499999999,2.944829608695652,203.193243,19.056405797101448,254.89066666666676,5.614188405797103,71.859,,,,,,95.0,12.407348842105264,1178.6981400000002,0.5590687473684209,53.11153099999999,24.853557894736845,240.7637263157895,8.657473684210528,187.249,52.0,8.383344038461539,435.93389,2.944599096153847,153.11915300000004,102.0,8.773647156862745,894.91201,2.544467607843137,259.535696,163.0,10.806833680981596,1761.5138900000002,1.5626718036809817,254.715504,50.0,9.1795624,458.97812,2.1283308599999997,106.41654299999999
IT-Cp2,2025,NIRv,fixed,105.9287910144112,172.0,317.164423231391,248.02406237369576,184.3824853227977,244.35361194422734,201.63248535185738,171.88135535128617,41.704266,MF,67.0,8.655215671641793,579.8994500000001,3.0303412388059705,203.03286300000002,19.14937313432836,259.0964477611941,5.683223880597015,62.789,,,,,,73.0,12.023948493150685,877.74824,0.8006452726027398,58.4471049,25.225493150684933,256.39819178082183,9.322575342465754,95.011,66.0,8.693508333333336,573.7715500000002,3.0521756515151517,201.44359300000002,96.0,8.626775104166667,828.17041,2.7006048125,259.258062,139.0,10.442588417266187,1451.51979,1.8697172510791369,259.8906979,30.0,8.479962,254.39886,1.9271489666666668,57.814469
IT-MBo,2022,NDVI,fixed,169.875040401078,172.0,314.96259123545286,290.5232760378139,245.7290151374184,280.4529919731399,243.86506718582402,199.1938629360789,46.01468,GRA,,,,,,,,,,28.0,,,,,109.0,,,,,12.672357798165137,212.4879816513761,3.4115596330275237,5274.102298076923,30.0,,,,,74.0,,,,,111.0,,,,,44.0,,,,
IT-MBo,2022,EVI,fixed,97.56469536835137,172.0,306.22187147889656,243.53864389129424,159.35356753705403,283.91407659372703,224.2444365517,167.5313432911766,46.01468,GRA,75.0,,,,,9.24536,229.05408,2.738,3948.4062499999995,,,,,,112.0,,,,,12.5595,209.91505357142856,3.367589285714286,5321.803514018692,70.0,,,,,127.0,,,,,186.0,,,,,57.0,,,,
IT-MBo,2022,NIRv,fixed,131.3837765533887,172.0,299.3135653392674,238.75091081418515,170.12657831647553,276.0639803753858,220.84103627051545,176.98589922831584,46.01468,GRA,41.0,,,,,12.189536585365852,247.9293658536585,3.1280243902439024,2369.438358974359,5.0,,,,,105.0,,,,,12.79732380952381,214.15190476190475,3.4516,5283.1527000000015,45.0,,,,,89.0,,,,,145.0,,,,,44.0,,,,
IT-MBo,2023,NDVI,fixed,,172.0,199.06736508122327,186.4062929873622,178.42133658337124,280.4529919731399,243.86506718582402,199.1938629360789,46.01468,GRA,,,,,,,,,,28.0,11.37344,318.45632,2.163188417857143,60.569275700000006,109.0,7.921082477064222,863.3979900000002,0.09754608807339452,10.632523600000003,14.106293577981651,278.8561192660551,2.532330275229358,631.981,,,,,,,,,,,,,,,,44.0,6.975435454545454,306.91916,-1.5536526931818182,-68.3607185
IT-MBo,2023,EVI,fixed,,172.0,225.37458831924545,195.90348170716527,179.95669145903491,283.91407659372703,224.2444365517,167.5313432911766,46.01468,GRA,,,,,,,,,,,,,,,112.0,7.8628076785714285,880.63446,0.12538760357142859,14.043411600000002,14.130973214285714,276.6461607142857,2.751339285714286,631.981,,,,,,,,,,,,,,,,57.0,9.60339087719298,547.3932799999999,0.6150240649122807,35.0563717
IT-MBo,2023,NIRv,fixed,,172.0,234.4075406153534,199.3456915818256,180.55828991241304,276.0639803753858,220.84103627051545,176.98589922831584,46.01468,GRA,,,,,,,,,,5.0,12.992079999999998,64.96039999999999,3.8183920000000002,19.09196,105.0,8.063426000000002,846.6597300000002,0.09762431142857145,10.250552700000002,14.199190476190475,282.64425714285716,2.533657142857143,631.981,,,,,,,,,,,,,,,,44.0,8.837715227272726,388.85946999999993,-0.010762938636363621,-0.4735692999999993
IT-MBo,2024,NDVI,fixed,137.48702061692842,173.0,327.3290196027436,254.6656325322959,173.43123708744702,280.4529919731399,243.86506718582402,199.1938629360789,46.01468,GRA,36.0,10.536216666666668,379.3038,3.8025472777777773,136.89170199999998,10.180361111111113,213.83988888888885,1.3554166666666665,330.1,27.0,12.294051481481482,331.93939,2.4350374444444443,65.746011,108.0,8.549264814814816,923.3206000000001,-0.23281057314814818,-25.143541900000002,13.565620370370372,207.42444444444445,2.03212962962963,649.3999999999999,62.0,11.263964354838711,698.3657900000001,3.2161087580645167,199.39874300000002,106.0,10.08278830188679,1068.7755599999998,0.9006754490566037,95.4715976,143.0,9.019209790209793,1289.7470000000003,0.7588055251748252,108.50919010000001,44.0,8.418403863636362,370.4097699999999,-2.3619805772727274,-103.9271454
IT-MBo,2024,EVI,fixed,96.14821293154084,173.0,320.14576998303903,233.2911840566405,163.28377087744084,283.91407659372703,224.2444365517,167.5313432911766,46.01468,GRA,77.0,6.257847409090908,481.8542504999999,1.4940968545454547,115.04545780000001,7.874909090909093,199.93028571428573,1.8852207792207794,560.05,,,,,,111.0,8.391337855855856,931.438502,-0.2656993594594595,-29.492628900000003,13.42547747747748,203.97691891891893,1.9819729729729731,734.5299999999999,71.0,5.602145781690139,397.7523504999999,1.2142243352112674,86.20992779999999,128.0,7.75071508203125,992.0915305,0.7271370500000001,93.07354240000001,187.0,7.488852152406417,1400.4153525,0.44018106363636356,82.31385889999999,57.0,10.427003157894738,594.33918,0.12041429122807022,6.863614600000003
IT-MBo,2024,NIRv,fixed,92.0,173.0,294.4708351715367,224.42650641553556,180.272829456059,276.0639803753858,220.84103627051545,176.98589922831584,46.01468,GRA,82.0,5.891819897560976,483.1292316,1.3432942414634146,110.15012779999999,7.609731707317075,199.09139024390242,1.8148414634146346,639.67,,,,,,104.0,8.757316346153846,910.7609,-0.23948968173076926,-24.906926900000002,13.941326923076925,213.13043269230772,2.0924134615384617,585.8,85.0,6.022046842352942,511.87398160000004,1.374230797647059,116.80961780000001,129.0,7.472735903875968,963.9829315999999,0.7976301736434108,102.8942924,185.0,7.464933684324324,1381.0127315999998,0.443266112972973,82.00423090000001,44.0,10.275203409090908,452.10894999999994,-0.3162573954545454,-13.915325399999997
IT-Ren,2017,NDVI,fixed,-8.0,172.0,296.56172235921343,257.975885068131,217.86387590874523,305.26426828871763,284.7615333926957,258.924600839318,46.58686,ENF,181.0,3.1889177957558137,577.1941210318023,1.3934835990697676,252.22053143162793,3.061261627906977,173.8807790697674,2.0739534883720934,311.0674418604651,87.0,8.275723563218389,719.9879499999998,3.358138747126437,292.158071,134.0,7.293071791044775,977.2716199999999,3.1479777089552243,421.82901300000003,10.632037313432836,203.76555970149252,2.30210447761194,572.4,267.0,4.884639305697674,1304.198694621279,2.0500595737984497,547.3659062041861,293.0,4.992384010105634,1462.7685149609508,2.176758239577465,637.7901641961972,314.0,4.975477412688524,1562.2999075841965,2.1592993837377046,678.0200064936392,26.0,6.061543,157.600118,3.433998846153846,89.28397
IT-Ren,2022,NDVI,fixed,108.26915434448864,172.0,315.592123944394,293.92804758270137,255.07048542844265,305.26426828871763,284.7615333926957,258.924600839318,46.58686,ENF,64.0,8.413098281249999,538.4382899999999,3.7675513171875,241.1232843,8.272375,242.41373437500002,3.79590625,174.60000000000002,87.0,8.461561643678161,736.1558630000001,4.042199781609196,351.67138100000005,134.0,7.534471126865671,1009.6191309999999,3.367750432089552,451.2785579,11.177626865671641,209.38638059701492,4.994365671641791,383.0,150.0,8.431868020000001,1264.7802030000003,3.9448414353333336,591.7262153,176.0,8.071548369318181,1420.5925129999998,3.7525644164772727,660.4513373,197.0,7.808342492385788,1538.2434710000002,3.5093065593908626,691.3333921999999,26.0,5.9927811538461535,155.81231,2.6432739230769227,68.72512199999998
IT-Ren,2022,EVI,fixed,101.72552172235376,172.0,300.99108844721155,249.97664178958877,207.9891318592084,304.17323125144276,265.8206417961142,223.36430407418501,46.58686,ENF,71.0,8.126394647887325,576.9740200000001,3.8029387929577454,270.00865429999993,7.830112676056338,244.90367605633807,3.87612676056338,174.6,52.0,8.907413653846152,463.1855099999999,3.8423079038461543,199.800011,133.0,7.562321060150375,1005.788701,3.397292081954887,451.8398469,11.212187969924813,210.64011278195488,5.000578947368421,381.2,122.0,8.445455573770493,1030.3455800000002,3.8421329122950825,468.74021530000005,164.0,8.26782288414634,1355.9229529999998,3.976403264024391,652.1301353000001,203.0,7.748516113300493,1572.948771,3.5506406463054194,720.7800512000001,42.0,7.751842214285714,325.577373,4.3664266666666665,183.38992
IT-Ren,2022,NIRv,fixed,104.6136196577057,172.0,300.27100681593123,248.6216460151363,207.11671923007876,302.8395653477496,263.6338837555401,222.99291369176234,46.58686,ENF,68.0,8.230566911764706,559.67855,3.7767860926470584,256.82145429999997,7.971058823529411,243.82858823529412,3.867779411764706,174.60000000000002,51.0,8.865888431372548,452.16031,3.7798278627450985,192.77122100000003,131.0,7.564275809160305,990.920131,3.4129750908396943,447.0997368999999,11.202351145038167,212.10786259541982,4.94669465648855,381.2,118.0,8.491736525423729,1002.02491,3.8010527567796606,448.52422529999996,159.0,8.32989593081761,1324.453453,3.968121102515723,630.9312553,198.0,7.781741065656566,1540.784731,3.549761319191919,702.8527412,41.0,7.86411080487805,322.42854300000005,4.448951951219512,182.40703
IT-Ren,2023,NDVI,fixed,170.18932027057866,172.0,251.77578154281795,251.34129781112716,250.90883562332297,305.26426828871763,284.7615333926957,258.924600839318,46.58686,ENF,,,,,,,,,,87.0,6.865674942528735,597.31372,2.849810014942529,247.93347130000004,134.0,6.81924973880597,913.7794650000001,2.593521741044776,347.5319133,11.490917910447761,199.98328358208957,4.160753731343284,380.3999999999999,88.0,6.881633863636363,605.5837799999999,2.8685097875,252.4288613,114.0,7.217034736842105,822.74196,2.7789870464912285,316.8045233,135.0,6.829996481481481,922.0495249999999,2.607609654074074,352.0273033,26.0,8.352237692307693,217.15818000000002,2.4759870000000004,64.375662
IT-Ren,2023,EVI,fixed,161.49127391029756,172.0,294.02452750134665,269.4638368860548,230.5575195273179,304.17323125144276,265.8206417961142,223.36430407418501,46.58686,ENF,11.0,10.2142,112.3562,6.4732281818181825,71.20551,11.733181818181817,284.11227272727274,4.887545454545454,4.800000000000001,52.0,6.091178269230768,316.74126999999993,2.9168755576923076,151.677529,133.0,6.83372620300752,908.8855850000001,2.591428746616541,344.6600233,11.563203007518796,200.8127819548872,4.180902255639098,367.19999999999993,62.0,6.834503870967742,423.73924,3.5718667580645156,221.45573899999997,104.0,7.289580480769231,758.11637,3.1138692432692308,323.8424013,143.0,7.104080804195803,1015.8835549999999,2.8981694636363633,414.4382333,42.0,7.961360238095239,334.37713,2.437777673809524,102.3866623
IT-Ren,2023,NIRv,fixed,161.55433280513367,172.0,294.6086799503741,272.6414314635411,236.29714636917117,302.8395653477496,263.6338837555401,222.99291369176234,46.58686,ENF,11.0,10.2142,112.3562,6.4732281818181825,71.20551,11.733181818181817,284.11227272727274,4.887545454545454,4.800000000000001,51.0,6.106803921568626,311.44699999999995,2.929425666666667,149.400709,131.0,6.904629580152672,904.506475,2.63402443740458,345.0572013,11.684083969465648,203.4300610687023,4.237488549618321,304.59999999999997,61.0,6.859753606557377,418.44497,3.593097032786885,219.17891899999998,102.0,7.374995098039217,752.2495000000001,3.2210560911764703,328.5477213,141.0,7.173790390070921,1011.5044449999998,2.942095115602837,414.83541130000003,41.0,8.141573902439024,333.80453,2.667531763414634,109.3688023
IT-Ren,2024,NDVI,fixed,98.35735480093342,173.0,311.62639300972245,280.15005191228414,238.7715886781792,305.26426828871763,284.7615333926957,258.924600839318,46.58686,ENF,75.0,7.110622960000001,533.296722,4.47008848,335.256636,7.395333333333333,191.7574666666667,2.6281333333333334,216.99999999999997,86.0,9.049053604651164,778.2186100000001,3.868596825581395,332.699327,133.0,7.868475714285715,1046.50727,3.2738304097744364,435.41944450000005,10.84475939849624,186.0986992481203,3.511375939849624,7.000000000000001,160.0,8.152079950000001,1304.3327920000002,4.15427495625,664.683993,186.0,7.917157913978494,1472.5913719999999,3.988842833333333,741.924767,207.0,7.597205082125604,1572.621452,3.707266234299517,767.4041105,26.0,6.471483846153846,168.25858,2.9707989999999995,77.24077399999999
IT-Ren,2024,EVI,fixed,98.15592294948486,173.0,311.8255231533312,280.7066773127161,233.39398773869675,304.17323125144276,265.8206417961142,223.36430407418501,46.58686,ENF,75.0,7.110622960000001,533.296722,4.47008848,335.256636,7.395333333333333,191.7574666666667,2.6281333333333334,216.99999999999997,51.0,8.797642352941176,448.67976,4.02453437254902,205.25125300000002,132.0,7.899475378787878,1042.73075,3.2917981704545456,434.5173585,10.87294696969697,186.561196969697,3.5147651515151512,7.000000000000001,125.0,7.798351536,974.793942,4.297887352,537.235919,167.0,8.19562240718563,1368.668942,4.18403151497006,698.7332630000001,206.0,7.615752097087379,1568.844932,3.72088361407767,766.5020245000001,42.0,9.37797619047619,393.875,3.8451748571428577,161.49734400000003
IT-Ren,2024,NIRv,fixed,140.46811845398906,173.0,308.10520759570346,275.9100851812584,230.81283332126748,302.8395653477496,263.6338837555401,222.99291369176234,46.58686,ENF,33.0,7.7867515757575765,256.962802,4.572546606060607,150.89403800000002,9.013333333333335,204.48793939393943,2.75430303030303,101.4,50.0,8.7884582,439.42291000000006,4.06004386,203.00219300000003,130.0,7.960902538461538,1034.91733,3.3369821884615387,433.80768450000005,10.918907692307693,187.45317692307694,3.524776923076923,7.000000000000001,82.0,8.404916731707317,689.203172,4.27590562195122,350.62426100000005,123.0,8.721500504065041,1072.744562,4.09673174796748,503.89800500000007,162.0,7.930232049382716,1284.697592,3.589072546296297,581.4297525000001,41.0,9.35466804878049,383.54139000000004,3.7383840000000004,153.27374400000002
IT-Ren,2025,NDVI,fixed,141.0,172.0,350.76532058744044,340.4123845892347,332.00821855789974,305.26426828871763,284.7615333926957,258.924600839318,46.58686,ENF,32.0,8.5506178125,273.61977,4.494068625,143.810196,10.043531250000001,253.60174999999998,4.18984375,100.0,87.0,8.8480008045977,769.7760699999999,4.400041908045977,382.803646,134.0,7.845468880597015,1051.29283,3.6458724365671644,488.54690650000003,10.71115671641791,195.01227611940297,3.81670895522388,436.0,118.0,8.739544406779661,1031.26624,4.417619254237287,521.2790719999999,144.0,8.450593333333334,1216.88544,4.1923754423611115,603.7020637,165.0,7.956260606060606,1312.783,3.800135348484849,627.0223325000001,26.0,7.139199999999999,185.61919999999998,3.170115065384615,82.4229917
IT-Ren,2025,EVI,fixed,143.1866539681878,172.0,309.85178590388176,263.13541119609715,221.51657717151696,304.17323125144276,265.8206417961142,223.36430407418501,46.58686,ENF,29.0,8.726951724137932,253.0816,4.448680482758621,129.01173400000002,10.895655172413791,264.13793103448273,4.4530344827586195,61.60000000000001,52.0,9.452952307692309,491.55352000000005,5.1995407884615386,270.376121,133.0,7.894242330827068,1049.93423,3.6982580939849625,491.8683265,10.744609022556391,196.25238345864662,3.84478947368421,434.7999999999999,80.0,9.156319,732.5055199999999,4.9256635625000005,394.053085,122.0,8.81043229508197,1074.8727400000002,4.258114016393444,519.4899100000001,161.0,8.017926894409939,1290.8862300000003,3.8232626739130433,615.5452905,42.0,8.151600476190476,342.36722,2.9865910714285713,125.436825
IT-Ren,2025,NIRv,fixed,144.02911214675535,172.0,308.37336702898966,257.3623723622247,217.7449558465319,302.8395653477496,263.6338837555401,222.99291369176234,46.58686,ENF,28.0,8.761026428571428,245.30874,4.386635857142857,122.825804,11.25667857142857,266.9611428571429,4.4977857142857145,61.2,51.0,9.438563137254903,481.36672000000004,5.1791264901960785,264.135451,131.0,7.973919694656488,1044.58348,3.772414530534351,494.1863035,10.826778625954198,198.56596946564886,3.9003893129770995,430.0,78.0,9.16084435897436,714.5458600000001,4.892647243589744,381.62648500000006,119.0,8.878029579831932,1056.48552,4.318290336134454,513.87655,158.0,8.087105189873418,1277.76262,3.8713755537974683,611.6773375,41.0,8.339991707317074,341.93966,3.225611341463414,132.25006499999998
IT-SR2,2014,NDVI,fixed,195.23575914483777,172.0,,,,,,,43.73202,ENF,,,,,,,,,,,,,,,,,,,,,,,,,,,,,,,,,,,,,,,,,,,
IT-SR2,2014,EVI,fixed,115.3652871404987,172.0,307.05214257709844,305.73348589531616,304.4141368510722,,,,43.73202,ENF,57.0,9.460862280701754,539.26915,1.7017155087719298,96.997784,18.095947368421054,271.8868947368421,5.146052631578947,28.078000000000003,,,,,,,,,,,,,,,,,,,,,,,,,,,,,,,,,,
IT-SR2,2014,NIRv,fixed,121.58250292277744,172.0,309.8244592950204,307.05763451222055,304.290680213523,,,,43.73202,ENF,51.0,9.563840784313726,487.75588000000005,1.6592979607843135,84.62419599999998,18.530176470588234,280.22976470588236,5.504941176470587,27.876000000000005,,,,,,,,,,,,,,,,,,,,,,,,,,,,,,,,,,
IT-SR2,2015,NIRv,fixed,5.703868855986161,172.0,,,,,,,43.73202,ENF,167.0,7.605296251497006,1270.084474,1.8516327754491018,309.2226735,13.184958083832335,180.68750299401202,3.6761017964071856,387.634,,,,,,,,,,,,,,,,,,,,,,,,,,,,,,,,,,
IT-SR2,2016,NDVI,fixed,6.0,173.0,,,,,,,43.73202,ENF,168.0,7.5452241678571434,1267.5976602,0.7021630922619048,117.9633995,13.369011904761903,180.97043452380953,3.4636071428571427,601.752,,,,,,,,,,,,,,,,,,,,,,,,,,,,,,,,,,
IT-SR2,2018,EVI,fixed,107.77762191060468,172.0,342.9792159208775,310.6397290633126,274.8155542713168,,,,43.73202,ENF,65.0,10.163257692307694,660.61175,1.804304415384615,117.27978699999998,19.112676923076926,261.2511538461538,5.504600000000001,110.292,,,,,,,,,,,,,,,,,,,,,,,,,,,,,,,,,,
IT-SR2,2018,NIRv,fixed,116.84655488402534,172.0,,,,,,,43.73202,ENF,56.0,9.947516785714287,557.0609400000001,1.618791339285714,90.65231499999999,19.275214285714288,257.1046964285714,5.22892857142857,110.09,,,,,,,,,,,,,,,,,,,,,,,,,,,,,,,,,,
IT-SR2,2020,NIRv,fixed,-8.0,173.0,293.20345781752184,188.27375194137792,130.95115063886223,,,,43.73202,ENF,182.0,8.057717872254335,1466.5046527502889,2.5243715997109826,459.43563114739885,13.094075144508672,183.96689017341038,4.030202312138727,384.7753526011561,,,,,,,,,,,,,,,,,,,,,,,,,,,,,,,,,,
IT-SR2,2022,NDVI,fixed,-3.0,172.0,,,,,,,43.73202,ENF,176.0,8.020609913953487,1411.6273448558138,1.941275349476744,341.66446150790694,13.15476162790698,192.05372093023254,4.611686046511628,223.16902325581393,,,,,,,,,,,,,,,,,,,,,,,,,,,,,,,,,,
JP-Fhk,2022,NDVI,fixed,120.55072425416424,172.0,313.6581091992881,305.64099078638,297.62415043488005,,,,35.443554,DNF,52.0,10.504500384615385,546.23402,3.801518623076923,197.6789684,13.221173076923074,212.37173076923077,3.1255769230769226,317.76699999999994,,,,,,,,,,,,,,,,,,,,,,,,,,,,,,,,,,
JP-Fhk,2022,EVI,fixed,120.59259807856992,172.0,258.8005216080561,257.41052490207124,256.0157663377008,,,,35.443554,DNF,52.0,10.504500384615385,546.23402,3.801518623076923,197.6789684,13.221173076923074,212.37173076923077,3.1255769230769226,317.76699999999994,,,,,,,,,,,,,,,,,,,,,,,,,,,,,,,,,,
JP-Fhk,2022,NIRv,fixed,121.39435699098478,172.0,316.841483771903,296.23452203830544,275.610692899972,,,,35.443554,DNF,51.0,10.614573333333334,541.34324,3.8481134980392153,196.2537884,13.349862745098036,214.50186274509804,3.172705882352941,313.267,,,,,,,,,,,,,,,,,,,,,,,,,,,,,,,,,,
JP-Fhk,2023,NDVI,fixed,100.2415224400077,172.0,345.98014343889275,310.6761487716882,270.6553538016025,,,,35.443554,DNF,72.0,8.799621805555555,633.57277,3.1463843879166666,226.53967593,13.296208333333333,216.43283333333335,3.876847222222222,632.8000000000001,,,,,,,,,,,,,,,,,,,,,,,,,,,,,,,,,,
JP-Fhk,2023,EVI,fixed,87.62059197421839,172.0,329.18890010855523,284.4092221934844,238.9728667133536,,,,35.443554,DNF,85.0,7.59288988235294,645.3956399999998,2.3597290815294114,200.57697192999996,12.445364705882355,216.7944823529412,3.8418470588235287,653.4,,,,,,,,,,,,,,,,,,,,,,,,,,,,,,,,,,
JP-Fhk,2023,NIRv,fixed,92.47523509992246,172.0,328.59690886732926,281.8029298354936,234.2465501122442,,,,35.443554,DNF,80.0,8.033859575,642.708766,2.6463185241250002,211.70548193000002,12.794987500000001,219.09044999999998,3.8942124999999996,653.4000000000001,,,,,,,,,,,,,,,,,,,,,,,,,,,,,,,,,,
JP-Fmt,2014,EVI,fixed,88.60397430028358,172.0,342.622205736282,286.5723002359659,218.63355483387824,338.4510427502503,286.528335291411,228.63283012216547,35.638744,MF,84.0,,,0.6459636107142857,54.260943299999994,16.69395238095238,222.35426190476196,7.9772619047619076,1375.136674698795,57.0,,,0.13763689298245615,7.845302900000001,167.0,,,-1.192192869461078,-199.0962092,19.614910179640717,158.75658682634733,7.565706586826347,2428.63371686747,140.0,,,0.41848497285714287,58.5878962,198.0,,,-0.2539051858585858,-50.27322679999999,250.0,,,-0.5934144636,-148.35361590000002,58.0,,,-1.8769159137931033,-108.86112299999999
JP-Fmt,2014,NIRv,fixed,88.68683140030372,172.0,340.6455244107813,283.5710877928256,214.6612628258275,335.58435048329505,284.0501318946388,227.45680579250816,35.638744,MF,84.0,,,0.6459636107142857,54.260943299999994,16.69395238095238,222.35426190476196,7.9772619047619076,1375.136674698795,56.0,,,0.1811566589285714,10.1447729,164.0,,,-1.171638287804878,-192.1486792,19.820353658536582,159.79040853658537,7.576579268292683,2409.558429447853,139.0,,,0.43803860575539577,60.88736620000001,196.0,,,-0.2351023306122448,-46.08005679999998,247.0,,,-0.5724942748987853,-141.4060859,57.0,,,-1.8766214561403511,-106.96742300000001
JP-Fmt,2015,NDVI,fixed,159.76721329498858,172.0,340.83237990205873,304.7129953346396,266.0521032421648,349.66342813187885,322.73369714236907,291.6494418836955,35.638744,MF,13.0,,,1.5408752692307695,20.031378500000002,20.476615384615382,179.59415384615386,5.918692307692307,266.02500000000003,120.0,,,-0.5492416749999999,-65.90900099999999,178.0,,,-1.3298299292134832,-236.70972740000002,19.334926966292137,152.81787640449437,6.682921348314607,4008.2899999999995,132.0,,,-0.3428080113636367,-45.250657500000045,163.0,,,-0.692066919631902,-112.80690790000003,190.0,,,-1.137112546842105,-216.05138389999996,31.0,,,-2.1792338838709675,-67.5562504
JP-Fmt,2015,EVI,fixed,96.92833318063197,172.0,331.78763475823433,278.5411111521243,221.9813841700928,338.4510427502503,286.528335291411,228.63283012216547,35.638744,MF,76.0,,,0.8087459223684211,61.464690100000006,17.708421052631582,213.29114473684209,7.76571052631579,1084.318,57.0,,,2.6937271754385965,153.542449,167.0,,,-1.0910282479041915,-182.20171739999998,20.0002874251497,156.88575449101796,6.807946107784432,3776.9389999999994,132.0,,,1.6335916977272726,215.6341041,190.0,,,0.12660596894736836,24.05513409999999,242.0,,,-0.496322571487603,-120.11006229999992,58.0,,,-3.3030856896551724,-191.57897
JP-Fmt,2015,NIRv,fixed,185.6735107964657,172.0,321.9029144884904,274.6869716030128,229.74556102340176,335.58435048329505,284.0501318946388,227.45680579250816,35.638744,MF,,,,,,,,,,56.0,,,2.733514892857143,153.076834,164.0,,,-1.0849275817073172,-177.9281234,20.193945121951216,158.48522560975607,6.8427134146341455,3742.424,42.0,,,2.531748714285714,106.333446,99.0,,,-0.8550492424242425,-84.64987500000001,150.0,,,-1.4978100759999997,-224.67151139999996,57.0,,,-3.3505845789473683,-190.983321
JP-Fmt,2016,NDVI,fixed,87.21412260997664,173.0,354.66950771237344,329.49106641542824,302.1807860578283,349.66342813187885,322.73369714236907,291.6494418836955,35.638744,MF,86.0,,,,,17.1815,208.73486046511627,7.559372093023257,1095.057,119.0,,,-2.034500911764706,-242.10560850000002,177.0,,,-1.8938481847457629,-335.2111287,19.272909604519775,146.30655932203388,6.526474576271186,3391.955590909091,204.0,,,-1.733422332748538,-353.61815588070175,235.0,,,-1.5235338064356436,-358.0304445123763,262.0,,,-1.700963926200873,-445.65254866462874,31.0,,,-0.3657616129032259,-11.338610000000003
JP-Fmt,2016,EVI,fixed,75.25594615427423,173.0,347.41708081952385,289.2318227983309,223.41316419161308,338.4510427502503,286.528335291411,228.63283012216547,35.638744,MF,98.0,,,,,16.21848979591837,204.23320408163264,7.356499999999999,1188.2040000000002,56.0,,,-0.4087366785714286,-22.889254,166.0,,,-1.7848753536144577,-296.2893087,20.018150602409637,149.06872891566266,6.613355421686745,3212.4400484848484,153.0,,,,,211.0,,,-2.174241836516854,-458.7650275050562,263.0,,,-1.958763430869565,-515.1547823186955,58.0,,,-3.6189571120689656,-209.89951250000001
JP-Fmt,2017,EVI,fixed,98.6396711319142,172.0,335.9608797244231,281.28479780353774,215.2045416019363,338.4510427502503,286.528335291411,228.63283012216547,35.638744,MF,74.0,,,,,17.53486486486487,227.72062162162163,8.947310810810812,991.753,57.0,,,2.083697950877193,118.7707832,167.0,,,1.7072885768862274,285.11719234,19.63745508982036,157.88385029940122,6.978311377245507,3671.694192771084,130.0,,,,,188.0,,,2.2715726418300655,427.0556566640523,240.0,,,1.842655611414634,442.23734673951213,58.0,,,2.3474590172413796,136.152623
JP-Fmt,2017,NIRv,fixed,99.11856026362638,172.0,334.8570570784454,274.9489135694579,203.96687717931036,335.58435048329505,284.0501318946388,227.45680579250816,35.638744,MF,73.0,,,,,17.59778082191781,230.20497260273976,9.038534246575344,948.9319999999999,56.0,,,2.087826842857143,116.9183032,164.0,,,1.7707132459756096,290.39697234,19.86617682926829,158.76172560975613,6.999353658536584,3668.9144294478524,128.0,,,,,185.0,,,2.2685030741721857,419.67306872185435,236.0,,,1.8961593086138615,447.49359683287133,57.0,,,2.3333061929824566,132.998453
JP-Fmt,2018,NDVI,fixed,91.84044955471045,172.0,352.0941361298985,328.79432207007454,300.3133226240764,349.66342813187885,322.73369714236907,291.6494418836955,35.638744,MF,81.0,,,3.53190072962963,286.0839591,17.322543209876546,205.8291975308642,7.784962962962961,1514.0889999999997,120.0,,,2.523868005833333,302.86416069999996,178.0,,,1.1877166205056178,211.41355844999995,19.82175842696629,170.01410674157304,7.9639606741573035,2951.163,200.0,,,2.940899859,588.1799718,231.0,,,2.4351823357142854,562.52711955,258.0,,,1.9253076339147286,496.72936955,31.0,,,-0.8275113629032258,-25.65285225
JP-Fmt,2018,NIRv,fixed,87.2025798846099,172.0,339.6047369757306,295.8343323525038,244.1017581836078,335.58435048329505,284.0501318946388,227.45680579250816,35.638744,MF,85.0,,,3.3945690482352937,288.53836909999995,17.138364705882356,207.66896470588233,7.831729411764706,1514.358,56.0,,,5.473765982142857,306.530895,164.0,,,1.6048641368902437,263.19771844999997,20.852048780487806,177.9530548780488,8.268908536585364,2837.5419999999995,140.0,,,4.245007972142857,594.3011161,197.0,,,3.037901684263959,598.4666318,248.0,,,2.2216449175403223,550.96793955,57.0,,,0.07307922280701752,4.1655156999999985
JP-Fmt,2019,NDVI,fixed,207.6274850641049,172.0,342.8231507885648,329.2257534306665,315.12646281201006,349.66342813187885,322.73369714236907,291.6494418836955,35.638744,MF,,,,,,,,,,120.0,,,,,178.0,,,,,19.303943820224717,152.59007865168542,6.882286516853933,3343.758318181818,84.0,,,,,115.0,,,,,142.0,,,,,31.0,,,0.7594750967741934,23.543727999999998
JP-Fmt,2019,EVI,fixed,208.01564571902327,172.0,338.06819089055875,292.52975343130805,243.9055985078252,338.4510427502503,286.528335291411,228.63283012216547,35.638744,MF,,,,,,,,,,57.0,,,,,167.0,,,,,20.111431137724555,156.79997005988025,7.037994011976048,3340.0334,20.0,,,,,78.0,,,,,130.0,,,,,58.0,,,,
JP-Fmt,2019,NIRv,fixed,207.3105386825583,172.0,337.6470197279753,291.686930459928,243.01968330539543,335.58435048329505,284.0501318946388,227.45680579250816,35.638744,MF,,,,,,,,,,56.0,,,,,164.0,,,,,20.313286585365855,157.81386585365854,7.086109756097561,3301.184345679013,20.0,,,,,77.0,,,,,128.0,,,,,57.0,,,,
JP-Fmt,2020,NDVI,fixed,94.09616052003216,173.0,350.1590914921832,318.6780440572752,282.65088496259415,349.66342813187885,322.73369714236907,291.6494418836955,35.638744,MF,79.0,,,3.985308874683544,314.8394011,16.496835443037973,217.06787341772153,6.8889999999999985,1505.8029999999999,119.0,,,1.276904019327731,151.9515783,177.0,,,0.7304133632768361,129.2831653,19.25174011299435,147.10529943502823,6.8097401129943504,3212.3379999999993,197.0,,,2.3540570020304568,463.7492294,228.0,,,2.0595056464912282,469.56728740000005,255.0,,,1.729728691764706,441.0808164,31.0,,,0.18767929032258066,5.818058000000001
JP-Fmt,2020,EVI,fixed,86.38356164213528,173.0,333.52906972934335,273.09954500102606,211.95553155667932,338.4510427502503,286.528335291411,228.63283012216547,35.638744,MF,87.0,,,3.523416334482759,306.5372211,15.860333333333333,208.95812643678164,6.671482758620688,1790.292,56.0,,,2.7544976607142857,154.251869,166.0,,,0.8459110560240962,140.42123529999998,19.998463855421686,150.59413855421687,6.964867469879519,3184.3,142.0,,,3.2235728176056337,457.7473401,200.0,,,2.329925202,465.9850404,252.0,,,1.761574231746032,443.9167064,58.0,,,0.1420293155172414,8.237700300000002
JP-Fmt,2020,NIRv,fixed,88.74253554293486,173.0,331.2496174130068,268.9658653671879,207.65477010145423,335.58435048329505,284.0501318946388,227.45680579250816,35.638744,MF,85.0,,,3.6091464011764702,306.77744409999997,15.885341176470588,210.2323764705883,6.670082352941175,1733.7359999999999,55.0,,,2.7777987090909093,152.778929,163.0,,,0.9029001613496932,147.1727263,20.23241717791411,152.0457791411043,7.031220858895705,3162.1140000000005,139.0,,,3.284277864028777,456.5146231,196.0,,,2.369467109183673,464.4155533999999,247.0,,,1.8255401635627533,450.90842040000007,57.0,,,0.13861281228070166,7.900930299999994
JP-Fmt,2021,EVI,fixed,84.98508462144544,172.0,335.84269033144363,302.60759349394914,268.06495915573095,338.4510427502503,286.528335291411,228.63283012216547,35.638744,MF,88.0,,,3.4685261829545455,305.2303041,17.021977272727273,210.45640909090906,7.712318181818182,1282.527,57.0,,,1.5147910175438595,86.343088,167.0,,,,,20.14622754491018,163.44610778443115,7.337742514970059,3895.802999999999,144.0,,,2.6666249451388886,383.99399209999996,202.0,,,2.020934676373626,408.22880462747247,254.0,,,,,58.0,,,,
JP-Fmt,2021,NIRv,fixed,84.86999450191712,172.0,335.32135802371016,299.0196520063563,260.99330839801814,335.58435048329505,284.0501318946388,227.45680579250816,35.638744,MF,88.0,,,3.4685261829545455,305.2303041,17.021977272727273,210.45640909090906,7.712318181818182,1282.527,56.0,,,1.585793,88.804408,164.0,,,,,20.351469512195123,163.98595121951217,7.352939024390245,3895.632,143.0,,,2.7024847,386.45531209999996,200.0,,,2.020934676373626,404.1869352747252,251.0,,,,,57.0,,,,
JP-Fmt,2022,NDVI,fixed,97.54052832700988,172.0,354.128514759934,323.67160671503626,283.56958429382854,349.66342813187885,322.73369714236907,291.6494418836955,35.638744,MF,75.0,,,,,16.908813333333338,201.87419999999997,6.582453333333333,1262.083,120.0,,,0.43541277166666675,52.24953260000001,178.0,,,,,19.81866853932584,160.64230337078652,7.773584269662922,3288.852,194.0,,,1.5016482924855494,291.3197687421966,225.0,,,1.5007105882978722,337.6598823670212,252.0,,,,,31.0,,,,
JP-Fmt,2022,EVI,fixed,89.97333659316689,172.0,337.20769419625447,281.32517077494015,218.6748447039783,338.4510427502503,286.528335291411,228.63283012216547,35.638744,MF,83.0,,,,,16.200518072289157,198.26146987951805,6.349204819277108,1549.3010000000002,57.0,,,0.30396727368421056,17.326134600000003,167.0,,,0.5525775451851852,92.28045004592593,20.65007185628743,164.96065269461081,7.9882754491017955,3179.5609999999997,139.0,,,,,197.0,,,1.6294886523809526,321.0092645190477,249.0,,,,,58.0,,,0.8429713275862069,48.892337
JP-Fmt,2022,NIRv,fixed,90.9395782758219,172.0,336.3427475422772,277.1055224750823,212.02316969890052,335.58435048329505,284.0501318946388,227.45680579250816,35.638744,MF,82.0,,,,,16.23239024390244,198.53773170731705,6.368634146341464,1515.7120000000002,56.0,,,0.2679147250000001,15.003224600000005,164.0,,,0.5525775451851852,90.62271741037037,20.876335365853663,166.51268902439026,8.047140243902438,3175.95,137.0,,,,,194.0,,,1.7002244192771085,329.84353733975905,245.0,,,,,57.0,,,1.0473404736842105,59.698406999999996
JP-Fmt,2023,NDVI,fixed,83.64942706207898,172.0,352.93721613813926,324.56209197346305,291.6529491933661,349.66342813187885,322.73369714236907,291.6494418836955,35.638744,MF,89.0,,,,,17.00270786516854,200.47400000000002,7.510471910112361,1846.1239659090909,120.0,,,0.7488974933333332,89.86769919999999,178.0,,,0.25645263039325833,45.64856820999998,21.09170224719101,187.61133146067422,8.971904494382022,1684.3697514124294,208.0,,,,,239.0,,,,,266.0,,,0.14068026949074075,37.42095168453704,31.0,,,-0.16025648354838715,-4.967950990000001
JP-Fmt,2023,EVI,fixed,75.4327173098548,172.0,343.6239385661888,293.5629229315169,235.8618923777549,338.4510427502503,286.528335291411,228.63283012216547,35.638744,MF,97.0,,,,,16.61344329896907,195.97484536082473,7.271835051546392,2027.0898333333334,57.0,,,1.1512993122807016,65.6240608,167.0,,,0.3835902288023951,64.05956820999998,21.81843113772455,193.54385628742517,9.212335329341318,1558.4611024096384,153.0,,,,,211.0,,,,,263.0,,,,,58.0,,,0.36523167586206895,21.1834372
JP-Fmt,2023,NIRv,fixed,79.12703273763192,172.0,342.6881786892386,290.63191142539495,230.9448614166578,335.58435048329505,284.0501318946388,227.45680579250816,35.638744,MF,93.0,,,,,16.915268817204304,197.98995698924733,7.39415053763441,1915.293554347826,56.0,,,1.1448209071428572,64.1099708,164.0,,,0.41937535493902434,68.77755821,22.087865853658535,194.79889024390246,9.281536585365854,1557.9869202453988,148.0,,,,,205.0,,,,,256.0,,,,,57.0,,,0.3696584771929825,21.070533200000003
NL-Loo,2022,NDVI,fixed,132.12486897191314,172.0,,,,,,,52.166447,ENF,40.0,8.029135,321.1654,2.60265883,104.1063532,15.429849999999998,234.033875,6.613849999999999,114.059,,,,,,,,,,,,,,,,,,,,,,,,,,,,,,,,,,
NL-Loo,2022,EVI,fixed,104.8423308112858,172.0,331.31611324008946,275.67468319284376,232.56606358617773,285.3655088021723,258.9585963372721,231.24690349603654,52.166447,ENF,68.0,6.9496383823529415,472.57541000000003,2.557857797058824,173.93433020000003,13.863661764705881,231.8343382352941,6.572058823529411,130.69899999999998,60.0,8.506121166666667,510.36726999999996,2.878102491666667,172.68614950000003,114.0,7.034570578947369,801.941046,2.2013873105263158,250.9581534,17.24421052631579,189.8686403508772,7.846280701754386,268.31999999999994,127.0,7.66888653543307,973.9485899999999,2.6987330685039366,342.73909969999994,154.0,7.280486688311688,1121.19495,2.5234456863636363,388.6106357,181.0,6.9918362762430935,1265.522366,2.326028196685083,421.0111036,27.0,5.4535688888888885,147.24635999999998,1.6989457777777777,45.871536
NL-Loo,2022,NIRv,fixed,109.71928535187236,172.0,331.5249640009781,275.24832535737033,231.81710040586296,281.6618325958593,249.3296282540238,219.26074335319277,52.166447,ENF,63.0,7.167243809523809,451.53635999999995,2.614199717460318,164.69458220000004,14.068936507936508,232.03296825396825,6.475126984126984,130.693,48.0,9.382481875000002,450.35913000000005,3.4701527124999996,166.5673302,110.0,7.104971690909092,781.5468860000001,2.22686394,244.9550334,17.518609090909095,192.62955454545454,8.020536363636364,266.677,110.0,8.117285454545454,892.9014,2.9761866581818186,327.38053240000005,140.0,7.487763357142857,1048.28687,2.5913856621428573,362.7939927,172.0,7.116797418604651,1224.089156,2.3591176488372096,405.7682356000001,30.0,5.179515666666666,155.38547,1.1804486766666669,35.413460300000004
NL-Loo,2023,EVI,fixed,118.70890066971153,172.0,260.27013440252824,246.5180851149096,229.55095159025592,285.3655088021723,258.9585963372721,231.24690349603654,52.166447,ENF,54.0,7.4113224074074076,400.21141,1.7887816222222221,96.59420759999999,15.317148148148148,252.60274074074073,7.277777777777778,83.18299999999999,60.0,9.5499645,572.99787,2.153957576666667,129.2374546,114.0,8.323818070175438,948.91526,1.4052822263157898,160.20217380000003,17.713236842105264,167.86072807017544,5.599938596491227,332.33000000000004,113.0,8.532833362831859,964.2101700000001,1.9786175415929204,223.5837822,140.0,8.515185285714287,1192.1259400000001,1.7970485178571427,251.58679249999997,167.0,8.024715928143713,1340.1275600000001,1.5242425233532932,254.54850139999996,27.0,8.441324814814815,227.91576999999998,1.0371485296296294,28.003010299999996
NL-Loo,2023,NIRv,fixed,28.0,172.0,259.6802103062722,242.35676830214103,220.97470370001088,281.6618325958593,249.3296282540238,219.26074335319277,52.166447,ENF,145.0,4.72403955862069,684.985736,1.1578820758620691,167.89290100000002,9.903896551724138,156.53413793103448,4.140862068965517,364.137,48.0,9.094045833333332,436.51419999999996,2.0704998458333335,99.3839926,110.0,8.505537454545454,935.60912,1.5268186709090907,167.95005379999998,17.77106363636364,172.09020909090913,5.710190909090908,302.5,192.0,5.794275135416666,1112.500826,1.3803594458333333,265.0290136,222.0,6.338428270270269,1407.1310759999997,1.4232399396396398,315.95926660000003,254.0,6.344865141732283,1611.595746,1.3133664362204724,333.5950748,30.0,9.821008333333333,294.63025,1.6976751000000003,50.93025300000001
NL-Loo,2024,NDVI,fixed,166.295128972661,173.0,290.97551009574545,288.1383860876778,285.33624990907254,,,,52.166447,ENF,7.0,8.099957142857143,56.6997,1.5120437142857142,10.584306,15.236142857142855,176.11457142857142,4.081,22.34,,,,,,,,,,,,,,,,,,,,,,,,,,,,,,,,,,
NL-Loo,2024,EVI,fixed,74.88476062753975,173.0,296.08188039958503,283.71945737438404,259.6794819194381,285.3655088021723,258.9585963372721,231.24690349603654,52.166447,ENF,99.0,6.352373434343435,628.8849700000001,1.3694205323232325,135.5726327,12.423484848484849,160.4260808080808,3.9438585858585857,396.09499999999997,59.0,8.995966949152542,530.76205,2.220828023728814,131.02885340000003,113.0,7.829018495575221,884.67909,1.6323551823008848,184.45613559999998,17.197,179.26442477876103,5.655867256637169,352.42999999999995,157.0,7.350344840764331,1154.00414,1.704306815923567,267.5761701,184.0,7.412458423913044,1363.89235,1.6956891146739128,312.0067971,211.0,7.146545876777251,1507.92118,1.5213433758293835,321.00345229999994,27.0,7.773637407407408,209.88821000000002,1.6455787777777777,44.430627
NL-Loo,2025,NDVI,fixed,0.1263033930986553,172.0,260.0,260.0,28.448745221888046,,,,52.166447,ENF,172.0,4.040240546511628,694.921374,0.6291160412790698,108.20795910000001,8.970011627906976,145.96091860465114,4.115168604651163,213.54999999999998,,,,,,,,,,,,,,,,,,,,,,,,,,,,,,,,,,
NL-Loo,2025,EVI,fixed,0.0,172.0,253.7939071664865,229.92215966695105,203.19111688827437,285.3655088021723,258.9585963372721,231.24690349603654,52.166447,ENF,173.0,4.040240546511628,698.9616145465116,0.6291160412790698,108.83707514127909,8.970011627906976,145.96091860465114,4.115168604651163,214.79156976744184,60.0,9.014504500000003,540.8702700000001,2.750097778333334,165.00586670000004,114.0,7.585535263157895,864.75102,1.9561391210526315,222.9998598,16.994999999999997,173.09918421052632,5.735710526315789,292.72,232.0,5.306030493506494,1230.9990744935067,1.1654838779220777,270.392259677922,259.0,5.506740054263566,1426.2456740542636,1.2866656736434108,333.2464094736434,286.0,5.437101031578947,1555.0108950315787,1.1481430487719297,328.3689119487719,27.0,7.223921851851851,195.04588999999999,2.323443259259259,62.73296799999999
NL-Loo,2025,NIRv,fixed,0.0,172.0,253.78032348032767,230.38379110255997,204.9904259537045,281.6618325958593,249.3296282540238,219.26074335319277,52.166447,ENF,173.0,4.040240546511628,698.9616145465116,0.6291160412790698,108.83707514127909,8.970011627906976,145.96091860465114,4.115168604651163,214.79156976744184,48.0,9.1039025,436.98732,2.843378014583333,136.4821447,110.0,7.718683181818181,849.0551499999999,2.0827892236363637,229.1068146,17.126727272727273,177.1860363636364,5.865472727272729,291.66,220.0,5.122420520547945,1126.932514520548,1.0991007022831047,241.80215450228303,250.0,5.478650538152611,1369.6626345381528,1.2883131759036146,322.07829397590365,282.0,5.458640298932384,1539.3365642989322,1.1862196572953736,334.5139433572954,30.0,8.079129666666667,242.37389000000002,2.6695642333333334,80.086927
NL-Vkp,2022,EVI,fixed,105.07879417096473,172.0,331.6267455315143,234.13842183274332,136.6541340651282,,,,51.980934,GRA,67.0,6.4903653731343285,434.85448,0.7390400552238804,49.51568369999998,14.07220895522388,241.7207910447761,5.984388059701493,118.22,,,,,,,,,,,,,,,,,,,,,,,,,,,,,,,,,,
NL-Vkp,2022,NIRv,fixed,105.13160288748658,172.0,331.6303382816513,234.15811954317448,136.6927124167032,,,,51.980934,GRA,67.0,6.4903653731343285,434.85448,0.7390400552238804,49.51568369999998,14.07220895522388,241.7207910447761,5.984388059701493,118.22,,,,,,,,,,,,,,,,,,,,,,,,,,,,,,,,,,
NL-Vkp,2023,EVI,fixed,58.89278350713671,172.0,254.376245336542,215.9307654514629,175.21403767412642,,,,51.980934,GRA,114.0,6.484566754385965,739.2406100000001,1.658596357017544,189.0799847,11.39038596491228,194.1788157894737,4.6643684210526315,238.51999999999998,,,,,,,,,,,,,,,,,,,,,,,,,,,,,,,,,,
NL-Vkp,2023,NIRv,fixed,66.2204301071068,172.0,262.9038548040036,258.56537373033615,250.64293899764385,,,,51.980934,GRA,106.0,6.801562924528302,720.9656699999999,1.6948894028301889,179.65827670000002,12.012811320754716,200.87760377358492,4.881764150943396,230.4,,,,,,,,,,,,,,,,,,,,,,,,,,,,,,,,,,
RU-Fy2,2024,NDVI,fixed,135.77682545306536,173.0,261.74604142679664,234.5850109494319,204.08627828883985,,,,56.4476,ENF,38.0,11.755319473684212,446.70214000000004,0.9815715078947368,37.2997173,17.77007894736842,243.1394473684211,7.5624210526315805,100.5,,,,,,,,,,,,,,,,,,,,,,,,,,,,,,,,,,
RU-Fy2,2024,EVI,fixed,137.87365305890236,173.0,260.293892341902,226.31096181543225,186.2590532248172,,,,56.4476,ENF,36.0,12.009083055555557,432.32699,1.086120813888889,39.100349300000005,17.951027777777778,245.00594444444445,7.544444444444445,99.70000000000002,,,,,,,,,,,,,,,,,,,,,,,,,,,,,,,,,,
RU-Fy2,2024,NIRv,fixed,136.3238962549809,173.0,258.98156689564945,224.3538621282864,191.3606729327899,,,,56.4476,ENF,37.0,11.883104324324325,439.67486,1.0270099810810813,37.99936930000001,17.88827027027027,244.21924324324323,7.559702702702705,100.5,,,,,,,,,,,,,,,,,,,,,,,,,,,,,,,,,,
US-Aud,2013,NDVI,fixed,187.9057406840781,172.0,314.9814346616729,283.35133800771735,252.7894624990816,330.4944450900682,288.90018155720503,255.52517905665357,31.5907,GRA,,,,,,,,,,84.0,2.2619583190476193,190.00449880000002,-0.07826640523809528,-6.574378040000004,159.0,1.1847224977358488,188.37087713999995,-0.24224292276729567,-38.51662472000001,19.373169811320754,240.42972955974847,12.811119496855348,287.1,68.0,3.115125055882353,211.8285038,0.35023013176470585,23.815648959999997,101.0,2.3494016944554454,237.28957114,0.2130090720792079,21.51391628,143.0,1.4698942806993005,210.19488213999998,-0.056829354685314706,-8.126597720000003,33.0,0.7715474951515151,25.46106734,-0.06974947515151517,-2.3017326800000006
US-Aud,2013,EVI,fixed,187.2146310113412,172.0,307.17616276989736,270.90760658482026,237.96725602328,321.41214300303113,282.66365223037263,251.61981257143927,31.5907,GRA,,,,,,,,,,80.0,2.20275336,176.22026879999999,-0.139441388,-11.15531104,150.0,1.2966625609333333,194.49938414,-0.2158794514666667,-32.381917720000004,19.960026666666668,245.85933333333338,13.2461,254.9,64.0,3.0944417781249998,198.04427379999998,0.300542436875,19.23471596,95.0,2.539690590947369,241.27060614000007,0.2837383082105263,26.95513928,134.0,1.6143536502985074,216.32338914,-0.014864856119403016,-1.9918907200000042,31.0,1.3943978174193545,43.22633233999999,0.249045913548387,7.720423319999997
US-Aud,2013,NIRv,fixed,188.4097547141673,172.0,305.15199333110314,268.32014333308234,236.18151822651384,323.1192769238591,285.2747428142639,253.71719790207692,31.5907,GRA,,,,,,,,,,82.0,2.2350923024390243,183.27756879999998,-0.11074680536585368,-9.081238040000002,152.0,1.2725880535526315,193.43338414,-0.2200206297368421,-33.44313572,19.86392105263158,245.02538815789475,13.190486842105264,254.9,65.0,3.1699947046153847,206.0496558,0.3664098301538461,23.816638959999995,97.0,2.471869826185567,239.77137313999998,0.27413622969072166,26.59121428,135.0,1.6015220084444446,216.20547114000001,-0.004038953481481531,-0.5452587200000067,32.0,1.053803666875,33.72171734,0.08670547874999998,2.7745753199999994
US-Aud,2014,NDVI,fixed,187.69561961010797,172.0,344.81887858519207,302.992040352719,256.86468146985067,330.4944450900682,288.90018155720503,255.52517905665357,31.5907,GRA,,,,,,,,,,84.0,,,,,159.0,,,,,19.33508176100629,239.03211320754716,11.524968553459122,415.1,68.0,,,,,101.0,,,,,143.0,,,,,33.0,,,,
US-Aud,2014,EVI,fixed,188.022948204562,172.0,331.9818197323431,290.74837479994807,250.57272327283584,321.41214300303113,282.66365223037263,251.61981257143927,31.5907,GRA,,,,,,,,,,80.0,,,,,150.0,,,,,20.050766666666668,242.43413999999999,11.727693333333333,415.1,63.0,,,,,94.0,,,,,133.0,,,,,31.0,,,,
US-Aud,2014,NIRv,fixed,189.38351159316835,172.0,328.7316175452813,288.2629550231905,249.4014677093928,323.1192769238591,285.2747428142639,253.71719790207692,31.5907,GRA,,,,,,,,,,82.0,,,,,152.0,,,,,19.866598684210526,241.70527631578952,11.671763157894738,415.1,64.0,,,,,96.0,,,,,134.0,,,,,32.0,,,,
US-Aud,2015,NDVI,fixed,108.12848875384395,172.0,346.1191595478393,310.6692893525745,280.9348085027691,330.4944450900682,288.90018155720503,255.52517905665357,31.5907,GRA,64.0,-0.7420942531249999,-47.49403219999999,-1.1658454843750001,-74.61411100000001,19.069296875,336.5941875,17.450531249999997,9.799999999999999,84.0,0.19642296309523807,16.499528899999998,-1.3896433738095237,-116.7300434,159.0,0.2126215916352201,33.806833069999996,-1.037771504654088,-165.00566924,19.682125786163525,228.35140251572332,11.633069182389937,287.1,147.0,-0.20289056666666666,-29.8249133,-1.2898694176870749,-189.6108044,180.0,-0.01095890238888886,-1.9726024299999947,-1.1530620679999999,-207.55117223999997,222.0,-0.0563856267117117,-12.517609129999997,-1.0715604965765766,-237.88643024,33.0,0.8440094203030303,27.85231087,-0.5436475103030302,-17.940367839999997
US-Aud,2015,EVI,fixed,72.56412611359077,172.0,339.88224405484203,303.0538704725473,271.89752650836675,321.41214300303113,282.66365223037263,251.61981257143927,31.5907,GRA,100.0,-0.742908634,-74.29086339999999,-1.0587916119999998,-105.87916119999998,17.351789999999998,316.74012999999997,15.50513,10.999999999999998,80.0,0.10395536125,8.3164289,-1.4797938562500002,-118.3835085,150.0,0.26681908713333335,40.02286307,-1.0555817082666668,-158.33725624000002,20.198713333333334,231.39025333333333,11.814966666666667,254.9,179.0,-0.3620382374301676,-64.8048445,-1.2431805569832401,-222.52931969999997,210.0,-0.14392654109523806,-30.22457362999999,-1.118313921142857,-234.84592343999998,249.0,-0.13292534269076303,-33.09841032999999,-1.0541488652208837,-262.48306744,31.0,1.1154926087096777,34.58027087000001,-0.39730979806451616,-12.316603740000001
US-Aud,2015,NIRv,fixed,75.30613740584782,172.0,338.73312425309655,302.4550704674893,271.944817741784,323.1192769238591,285.2747428142639,253.71719790207692,31.5907,GRA,97.0,-0.7487108082474226,-72.6249484,-1.0743633319587629,-104.2132432,17.47601030927835,317.6588453608248,15.653618556701032,10.999999999999998,82.0,0.1596874256097561,13.094368900000001,-1.4271564329268291,-117.0268275,152.0,0.2550894544078947,38.773597069999994,-1.0503460607894737,-159.65260124,20.028296052631582,230.94159210526317,11.749078947368423,254.9,178.0,-0.3278707275280899,-58.360989499999995,-1.2331838241573034,-219.50672070000002,210.0,-0.1357909696666667,-28.516103630000007,-1.1196507163809524,-235.12665044,248.0,-0.13178129568548388,-32.68176133,-1.0569858646774195,-262.13249444,32.0,0.9326526834375,29.84488587,-0.488122804375,-15.61992974
US-Aud,2016,NDVI,fixed,169.57534817643258,173.0,323.8595749258482,284.6461362743318,257.0972286379383,330.4944450900682,288.90018155720503,255.52517905665357,31.5907,GRA,,,,,,,,,,83.0,3.383250649879518,280.80980394,0.436531426506024,36.232108399999994,158.0,2.5680225275316455,405.74755935,0.45175126651898734,71.37670011,19.980297468354433,240.11632278481014,13.08396835443038,328.4,86.0,3.230963429534884,277.86285494000003,0.372955446511628,32.074168400000005,119.0,3.2056427305882353,381.47148494,0.5680254352941176,67.5950268,161.0,2.501867145031056,402.80061035,0.4175078267701864,67.21876011,33.0,3.139655454545455,103.60863,1.0763896484848485,35.5208584
US-Aud,2016,EVI,fixed,151.84341698519194,173.0,322.35052354398147,283.7348726691852,256.5005435161331,321.41214300303113,282.66365223037263,251.61981257143927,31.5907,GRA,22.0,-0.9852276818181818,-21.675009,-1.4880191818181816,-32.736422,25.013363636363636,355.12309090909093,26.89172727272727,10.100000000000001,79.0,3.3452843536708863,264.27746394,0.40726789113924056,32.174163400000005,149.0,2.724916689597315,406.01258674999997,0.4896368759060403,72.95589451000001,20.514590604026846,243.87111409395973,13.30585234899329,328.1,100.0,2.4338171094000005,243.38171094000006,0.007277013999999959,0.727701399999996,131.0,2.6866518392366414,351.95139094,0.2772357847328243,36.31788779999998,170.0,2.265393139705883,385.11683375000007,0.24417313241176464,41.50943250999999,31.0,3.502247741935484,108.56968,1.1480705290322581,35.5901864
US-Aud,2016,NIRv,fixed,154.48857614218875,173.0,321.30174615194227,282.8448534538689,256.1645661281184,323.1192769238591,285.2747428142639,253.71719790207692,31.5907,GRA,19.0,-1.0488454736842105,-19.928064,-1.5975157368421051,-30.352798999999997,25.455736842105264,355.5876842105263,27.474526315789472,10.100000000000001,81.0,3.366032641234568,272.64864394,0.4247239061728395,34.4026364,151.0,2.6897371917218544,406.15031595,0.48159266960264907,72.72049311,20.40705960264901,243.3076953642384,13.274139072847682,328.1,99.0,2.560604403434344,253.49983594000003,0.05393734747474747,5.339797399999999,131.0,2.746823098778626,359.83382594000005,0.3102320519083969,40.6403988,169.0,2.289949751183432,387.00150795,0.258329314260355,43.657654109999996,32.0,3.3229371875,106.33399,1.10314379375,35.3006014
US-Aud,2017,NDVI,fixed,188.81117617358012,172.0,309.1644992757446,262.3948520028373,230.63595199559225,330.4944450900682,288.90018155720503,255.52517905665357,31.5907,GRA,,,,,,,,,,84.0,3.5628081672619047,299.27588605,0.489223011904762,41.094733000000005,159.0,1.875712329245283,298.23826035,0.0772840075471698,12.288157199999997,20.88852830188679,246.5841383647799,15.328893081761006,216.10000000000005,67.0,4.541896268656717,304.30705,1.0014564776119403,67.097584,100.0,3.096581161999999,309.65811619999994,0.524108683,52.410868300000004,142.0,2.1357001711267602,303.26942429999997,0.2696549873239437,38.29100820000001,33.0,0.1621535212121212,5.3510662,-0.44505199090909087,-14.686715699999999
US-Aud,2017,EVI,fixed,188.3389101081024,172.0,302.17453736314377,257.747188110941,225.9415707759714,321.41214300303113,282.66365223037263,251.61981257143927,31.5907,GRA,,,,,,,,,,80.0,3.636737325625,290.93898605,0.521403025,41.712242,150.0,1.9934822976666668,299.02234465000004,0.09026195533333331,13.539293299999997,21.323666666666668,250.4300133333334,15.472413333333334,216.10000000000002,63.0,4.697938888888888,295.97015,1.074842746031746,67.715093,94.0,3.303797109574468,310.5569283,0.5828153436170213,54.784642299999994,133.0,2.2861166060150375,304.0535086,0.29730935563909777,39.542144300000004,31.0,0.470541235483871,14.5867783,-0.41711131290322584,-12.930450700000002
US-Aud,2017,NIRv,fixed,187.8157918933574,172.0,303.3629257858203,258.8834652427688,228.02651817252536,323.1192769238591,285.2747428142639,253.71719790207692,31.5907,GRA,,,,,,,,,,82.0,3.6024112932926826,295.39772604999996,0.5058986219512196,41.483687,152.0,1.9674813694078948,299.05716815,0.08799706973684208,13.375554599999997,21.200671052631577,249.63734868421054,15.395486842105264,216.10000000000002,66.0,4.55092803030303,300.36125,0.9971066363636364,65.809038,98.0,3.1646000938775516,310.13080920000004,0.5294654010204081,51.887609299999994,136.0,2.2354462654411766,304.0206921,0.2772125411764706,37.7009056,32.0,0.305298725,9.7695592,-0.435044646875,-13.9214287
US-Aud,2018,NDVI,fixed,176.20887557787466,172.0,334.5732467686751,285.4664048371585,250.913353104623,330.4944450900682,288.90018155720503,255.52517905665357,31.5907,GRA,,,,,,,,,,84.0,2.8671260761904764,240.83859040000002,0.3664368571428572,30.780696000000002,159.0,1.9483532340251573,309.78816421,0.13341094874213838,21.212340850000004,19.535503144654086,239.82486792452826,12.938144654088052,289.2,79.0,3.0353203050632915,239.79030410000004,0.4572453291139241,36.122381000000004,112.0,2.596149470535714,290.76874069999997,0.3317084919642857,37.1513511,154.0,2.004804402012987,308.73987790999996,0.17242873928571426,26.554025849999995,33.0,1.5448011090909088,50.978436599999995,0.031180912121212115,1.0289700999999998
US-Aud,2018,EVI,fixed,157.60309836859432,172.0,311.66938963031794,271.70310233996986,246.87232655232543,321.41214300303113,282.66365223037263,251.61981257143927,31.5907,GRA,15.0,-0.19493879999999994,-2.924081999999999,-2.0645253333333335,-30.967880000000005,24.181799999999996,301.18753333333336,23.562133333333332,32.800000000000004,80.0,2.840840255,227.26722039999999,0.31265995,25.012796,150.0,2.0639900306666665,309.59850459999996,0.15876079233333334,23.814118850000003,20.15604,244.45254666666665,13.259873333333335,289.2,94.0,2.3852089936170215,224.20964540000003,-0.048295680851063796,-4.539793999999997,125.0,2.3081734952,288.5216869,0.03824861679999999,4.781077099999998,164.0,1.8691520097560976,306.5409296,-0.03499067774390245,-5.738471150000002,31.0,2.0745819838709676,64.31204149999999,0.3006732612903225,9.320871099999998
US-Aud,2018,NIRv,fixed,155.53319747015527,172.0,306.7323822716846,270.32610553104104,247.32538313457675,323.1192769238591,285.2747428142639,253.71719790207692,31.5907,GRA,17.0,-0.3293271764705883,-5.598562000000001,-2.0149688235294114,-34.25447,24.393411764705885,306.1801764705882,23.835999999999995,32.8,82.0,2.859791956097561,234.5029404,0.3427286097560976,28.103746,152.0,2.0383930276315794,309.8357402000001,0.15231505164473685,23.15188785,20.008894736842105,243.66602631578945,13.208703947368422,289.2,98.0,2.3343967897959184,228.7708854,-0.048320755102040834,-4.7354340000000015,130.0,2.204859769230769,286.63177,0.008879485384615348,1.1543330999999952,168.0,1.810140983333333,304.1036852,-0.05766245327380953,-9.687292150000001,32.0,1.8081526437500002,57.860884600000006,0.184055221875,5.8897671
US-Aud,2019,NDVI,fixed,188.76545178302436,172.0,333.5150183963135,293.5697082413835,268.0503426806519,330.4944450900682,288.90018155720503,255.52517905665357,31.5907,GRA,,,,,,,,,,84.0,2.1482370741666665,180.45191423,0.0544324047619048,4.572322000000003,159.0,1.9768831083647802,314.32441423000006,0.24973156685534598,39.70731913000001,20.40954716981132,237.06059748427668,14.603874213836479,307.29999999999995,67.0,2.634953722835821,176.54189943,0.19243605074626866,12.8932154,100.0,2.666298244300001,266.6298244300001,0.4309442440000001,43.09442440000001,142.0,2.1860168973943663,310.41439943,0.3382268488028169,48.02821253,33.0,2.7299371212121213,90.087925,0.9151881515151515,30.201209000000002
US-Aud,2019,EVI,fixed,102.39045120913453,172.0,349.6938046123872,309.2090307403502,275.8994539152186,321.41214300303113,282.66365223037263,251.61981257143927,31.5907,GRA,70.0,1.3366244571428574,93.56371200000001,0.47941989857142864,33.559392900000006,18.55024285714286,345.54641428571426,17.623214285714287,12.4,80.0,2.009524802875,160.76198423,-0.04292009999999997,-3.4336079999999973,150.0,2.0429797215333334,306.44695823,0.28418557420000007,42.62783613000001,21.012026666666664,242.7467533333333,15.137306666666667,268.59999999999997,149.0,1.7044689411409395,253.96587222999997,0.20432168389261743,30.443930899999998,180.0,1.9321150401666667,347.78070723,0.33956038833333335,61.1208699,219.0,1.8248897088127851,399.65084622999996,0.3493396120091325,76.50537503000001,31.0,3.026285,93.814835,0.9895786774193549,30.676939
US-Aud,2019,NIRv,fixed,101.59027937720988,172.0,350.3643128995862,310.1133471457558,276.7097613837409,323.1192769238591,285.2747428142639,253.71719790207692,31.5907,GRA,71.0,1.3292292253521132,94.37527500000003,0.47609091408450704,33.8024549,18.413140845070426,342.97767605633805,17.476507042253516,12.4,82.0,2.0792751735365855,170.50056423,0.004169658536585401,0.3419120000000029,152.0,2.038332488355263,309.82653823,0.2774100732236842,42.16633113,20.921447368421052,241.11238815789474,15.057059210526313,287.2,152.0,1.7402369423026316,264.51601523,0.2267270585526316,34.4625129,184.0,1.9409978816847828,357.14361023000004,0.35598517336956526,65.5012719,222.0,1.8191080595945945,403.84198922999997,0.34363482896396397,76.28693203,32.0,2.89461234375,92.627595,0.9699612187500001,31.038759000000002
US-Aud,2020,EVI,fixed,206.40086808714472,173.0,306.84525455748724,275.2787885682577,251.92708624499767,321.41214300303113,282.66365223037263,251.61981257143927,31.5907,GRA,,,,,,,,,,79.0,1.750389493670886,138.28077,-0.35076786075949373,-27.710661000000005,149.0,1.4096100961073825,210.03190432,-0.08248150335570471,-12.289744000000002,22.220114093959733,255.43990604026848,19.270107382550336,205.1,45.0,2.774162266666667,124.83730200000001,0.12227360000000001,5.502312000000001,76.0,2.558811473684211,194.46967200000003,0.40157195526315786,30.519468599999996,115.0,1.709464663652174,196.58843632,0.18194112173913046,20.923229000000003,31.0,2.246205483870967,69.63236999999998,0.8070050516129035,25.017156600000007
US-Aud,2020,NIRv,fixed,41.19299432870542,173.0,352.5079136732854,320.71953642501745,280.2345915027714,323.1192769238591,285.2747428142639,253.71719790207692,31.5907,GRA,132.0,0.9751566848484847,128.7206824,0.12055333424242425,15.91304012,16.297462121212117,297.4238106060606,15.245734848484847,75.80000000000001,81.0,1.8143109876543206,146.95918999999998,-0.2968116172839506,-24.041741,151.0,1.3900299219867551,209.89451822000004,-0.0831214284768212,-12.551335700000003,22.166596026490065,254.40804635761592,19.242092715231784,205.09999999999997,212.0,1.2995543698113206,275.50552639999995,-0.03592260792452829,-7.615592879999998,244.0,1.3814880467213115,337.0830834,0.05390127344262295,13.15191072,282.0,1.2001448745390073,338.44085462000004,0.013740469574468077,3.874812419999998,32.0,1.9242986562500002,61.577557000000006,0.6489844874999999,20.767503599999998
US-Aud,2021,NDVI,fixed,186.8789631534881,172.0,323.188967858383,276.9768384702002,248.98890103632945,330.4944450900682,288.90018155720503,255.52517905665357,31.5907,GRA,,,,,,,,,,84.0,4.251763404523809,357.1481259799999,0.809235,67.97574,159.0,2.9394457055345913,467.37186718000004,0.6318432615723271,100.46307859000001,19.764591194968553,239.8623773584906,12.7244213836478,349.683,69.0,5.258971093623188,362.86900546,1.2552495217391304,86.612217,102.0,4.440028259411764,452.8828824599999,1.1385640879411765,116.13353697,144.0,3.2853662962499994,473.09274665999993,0.8270802471527777,119.09955559,33.0,2.7276932424242424,90.013877,0.8945854536363637,29.52131997
US-Aud,2021,EVI,fixed,190.5368113721757,172.0,310.52279863904,270.5113986197031,246.87958827126343,321.41214300303113,282.66365223037263,251.61981257143927,31.5907,GRA,,,,,,,,,,80.0,4.115899199749999,329.27193597999997,0.754918375,60.39347,150.0,3.0979987531999997,464.69981297999993,0.6725792472666666,100.88688708999999,20.249993333333336,245.46540666666667,12.945279999999999,347.78299999999996,61.0,5.516493991147543,336.5061334600001,1.4748871639344263,89.968117,92.0,4.854800765869566,446.64167046000006,1.3608871178260868,125.20161483999999,131.0,3.6025496981679392,471.93401046,0.9958895732061067,130.46153409,31.0,3.552759258064516,110.135537,1.1365644464516127,35.23349783999999
US-Aud,2021,NIRv,fixed,194.39887315104124,172.0,303.45516138086634,267.1667432610428,245.31833463205857,323.1192769238591,285.2747428142639,253.71719790207692,31.5907,GRA,,,,,,,,,,82.0,4.198753487560975,344.2977859799999,0.7850995121951219,64.37816,152.0,3.058325849868421,464.86552917999995,0.6623623236184211,100.67907319,20.13216447368421,244.719875,12.917914473684212,347.78299999999996,59.0,5.968894288135594,352.16476300000005,1.806879440677966,106.605887,91.0,4.970685164835165,452.33234999999996,1.5343985476923072,139.63026783999996,129.0,3.66459307131783,472.73250620000005,1.107804652635659,142.90680019,32.0,3.13023709375,100.167587,1.03201190125,33.02438084
US-Aud,2022,NDVI,fixed,198.47151251713944,172.0,337.8840343641907,292.0247746281676,255.4858388458908,330.4944450900682,288.90018155720503,255.52517905665357,31.5907,GRA,,,,,,,,,,84.0,3.331143270238095,279.8160347,0.4764637642857144,40.02295620000001,159.0,2.574333394339623,409.31900970000004,0.46877153779874214,74.53467451,18.595465408805033,226.0452893081761,10.554955974842768,383.754,57.0,4.863501684210526,277.21959599999997,1.4735979333333333,83.9950822,90.0,4.158945622222222,374.305106,1.3146127466666668,118.31514720000001,132.0,3.0812315984848486,406.722571,0.8977787917424241,118.50680050999999,33.0,2.9419851515151514,97.08551,1.0400019696969698,34.320065
US-Aud,2022,EVI,fixed,198.51281925428128,172.0,325.7086540381027,282.44729148709706,252.7530890874509,321.41214300303113,282.66365223037263,251.61981257143927,31.5907,GRA,,,,,,,,,,80.0,3.21619105875,257.2952847,0.3568730775000001,28.549846200000005,150.0,2.702895138,405.4342707,0.4936895153333332,74.05342729999998,19.318826666666663,228.4911666666667,10.813586666666668,383.754,53.0,4.805638603773585,254.698846,1.3683390981132075,72.5219722,84.0,4.296548761904763,360.91009600000007,1.400353347619048,117.62968120000002,123.0,3.2751043252032517,402.83783199999993,0.959557343902439,118.0255533,31.0,3.4261693548387098,106.21125,1.4550873870967744,45.10770900000001
US-Aud,2022,NIRv,fixed,200.53917746810936,172.0,317.6114266859844,277.7437912222329,252.17960390107268,323.1192769238591,285.2747428142639,253.71719790207692,31.5907,GRA,,,,,,,,,,82.0,3.2894217646341466,269.7325847,0.4300210512195123,35.261726200000005,152.0,2.6725215572368426,406.2232767000001,0.48703421914473677,74.02920130999999,19.174230263157895,227.8371710526316,10.76800657894737,383.7540000000001,53.0,5.021225641509433,266.124959,1.5407902867924526,81.66188519999999,85.0,4.3168294000000005,366.93049900000005,1.4195999729411766,120.6659977,123.0,3.273297975609756,402.615651,0.9791004903252032,120.42936030999999,32.0,3.1501731250000002,100.80554000000001,1.2188785156250002,39.004112500000005
US-Aud,2023,NDVI,fixed,39.16933814418042,172.0,359.9326040641274,325.9283259408095,282.04246018448225,330.4944450900682,288.90018155720503,255.52517905665357,31.5907,GRA,133.0,,,,,14.612796992481202,298.7603684210527,13.834842105263158,46.099999999999994,84.0,,,,,159.0,,,,,21.87287421383648,254.02261006289308,18.563018867924526,120.7,216.0,,,,,249.0,,,,,291.0,,,,,33.0,,,-0.4838316181818182,-15.966443400000001
US-Aud,2023,EVI,fixed,80.02847685522748,172.0,358.15147471709093,324.215591063738,272.78253193666933,321.41214300303113,282.66365223037263,251.61981257143927,31.5907,GRA,92.0,,,,,17.323967391304347,335.04859782608696,16.89071739130435,4.3,80.0,,,,,150.0,,,,,22.572773333333334,259.03437333333335,19.25486666666667,120.7,171.0,,,,,202.0,,,,,241.0,,,,,31.0,,,-0.526768593548387,-16.329826399999998
US-Aud,2023,NIRv,fixed,82.92332548840133,172.0,357.7099511684856,322.82944283171486,270.46737499773946,323.1192769238591,285.2747428142639,253.71719790207692,31.5907,GRA,90.0,,,,,17.48958888888889,337.3663,17.130011111111113,4.3,82.0,,,,,152.0,,,,,22.45458552631579,257.8380328947368,19.082098684210525,120.7,171.0,,,,,203.0,,,,,241.0,,,,,32.0,,,-0.50193241875,-16.0618374
US-Aud,2024,NDVI,fixed,174.43057630456673,173.0,307.4014775427636,259.88228902135586,226.97394066598,330.4944450900682,288.90018155720503,255.52517905665357,31.5907,GRA,,,,,,,,,,83.0,1.5818228362650604,131.29129541,-0.497300265060241,-41.275922,158.0,0.8100849892405063,127.99342829999999,-0.49801545930379754,-78.68644257000001,21.10667088607595,251.04182911392402,16.66929113924051,197.60000000000002,81.0,1.6225072149382715,131.42308441,-0.4723070617283951,-38.256872,114.0,1.1748449904385967,133.93232891000002,-0.5555368859649124,-63.33120500000001,156.0,0.8213154955128207,128.12521730000003,-0.4850473882692308,-75.66739257,33.0,0.07603771212121212,2.5092445,-0.7598282727272728,-25.074333000000003
US-Aud,2024,EVI,fixed,151.49614164233586,173.0,290.78905237774,252.4067113079134,229.4440547527588,321.41214300303113,282.66365223037263,251.61981257143927,31.5907,GRA,22.0,-0.34307459090909087,-7.547640999999999,-0.8189709545454544,-18.017360999999998,25.847090909090912,344.4225909090909,29.565954545454545,0.20000000000000004,79.0,1.6783481393670887,132.58950301000002,-0.4752811139240507,-37.547208000000005,149.0,0.8611966369127517,128.3182989,-0.5218163355704698,-77.750634,21.760832214765102,256.15477852349,17.046926174496644,197.3,100.0,1.2490906600999998,124.90906600999998,-0.5435460899999999,-54.35460899999999,131.0,0.9678084032824429,126.78290083000002,-0.6147936641221374,-80.53797,170.0,0.7096344817647058,120.63786189999999,-0.5562237352941176,-94.55803499999999,31.0,0.06044628451612903,1.87383482,-0.8446245483870966,-26.183360999999994
US-Aud,2024,NIRv,fixed,148.51747025381303,173.0,291.7687679391728,253.6314598339621,230.65243729462887,323.1192769238591,285.2747428142639,253.71719790207692,31.5907,GRA,25.0,-0.312891492,-7.8222873,-0.78083788,-19.520947,25.48184,348.61771999999996,29.23148,0.2,81.0,1.6348039680246913,132.41912141,-0.48275535802469133,-39.103184,151.0,0.8481364337748344,128.0686015,-0.5180017986754968,-78.21827160000001,21.53429139072848,254.7670662251656,16.87765562913907,197.60000000000002,105.0,1.1853717915238096,124.46403811,-0.5468016285714286,-57.414170999999996,137.0,0.9217250701459855,126.27633461,-0.6088163722627737,-83.407843,175.0,0.6863629611428571,120.11351819999999,-0.5515957634285714,-96.52925859999999,32.0,0.056634265625000006,1.8122965000000002,-0.81230225,-25.993672
US-Bar,2015,NDVI,fixed,140.35724899617648,172.0,287.8974081682979,282.4778714482515,277.05864882117606,290.1297955511721,280.7986715778676,271.42878997248647,44.0646,DBF,32.0,7.292835312499999,233.37072999999998,1.7622162187500001,56.390919000000004,16.24909375,246.49224999999998,6.58853125,132.84199999999998,100.0,7.675241399999999,767.5241399999999,2.7201122710000005,272.01122710000004,119.0,6.907058361344538,821.9399450000001,2.182302244537815,259.69396709999995,17.370638655462184,209.00319327731097,5.800697478991597,397.256,131.0,7.584789770992367,993.6074600000001,2.493631420610687,326.6657161,140.0,7.332657214285713,1026.5720099999999,2.333954393571428,326.75361509999993,150.0,6.986821766666665,1048.0232649999998,2.095656374,314.34845609999996,9.0,3.662727777777777,32.964549999999996,0.00976655555555558,0.08789900000000023
US-Bar,2015,EVI,fixed,127.21642214782165,172.0,295.39330297855054,281.85761405615926,268.3161322000424,300.3430705916988,277.09722656782714,250.98409580549756,44.0646,DBF,45.0,6.599761999999998,296.9892899999999,1.2169906755555553,54.764580399999986,15.689399999999997,240.91384444444444,6.524311111111111,149.09799999999998,79.0,8.209582911392406,648.5570500000001,3.3190661784810116,262.2062280999999,129.0,6.457955441860466,833.0762520000001,1.8697233883720932,241.1943171,16.463232558139534,202.42801550387597,5.599193798449613,401.574,123.0,7.628121382113822,938.2589300000001,2.56288112601626,315.2343785,150.0,7.193717400000001,1079.05761,2.158386723333333,323.75800849999996,173.0,6.4900470057803465,1122.778132,1.7007079046242775,294.2224675,27.0,5.214765925925927,140.79868000000002,0.31569,8.52363
US-Bar,2015,NIRv,fixed,127.1764546463872,172.0,305.2959319800818,282.80338795355624,259.9069683322272,304.3595745399539,276.71602336573426,246.29953470398132,44.0646,DBF,45.0,6.599761999999998,296.9892899999999,1.2169906755555553,54.764580399999986,15.689399999999997,240.91384444444444,6.524311111111111,149.09799999999998,75.0,8.168465733333335,612.6349300000002,3.4049635613333327,255.37226709999996,133.0,6.281608097744362,835.4538770000001,1.7537995270676694,233.25533710000002,16.16515789473684,199.20370676691726,5.53390977443609,467.61400000000003,119.0,7.582662268907564,902.3368100000001,2.5916001470588235,308.4004175,149.0,7.2117159060402685,1074.54567,2.1638357617449664,322.4115285,177.0,6.356812186440678,1125.155757,1.6174208333333333,286.2834875,30.0,5.740295333333334,172.20886000000002,0.4670370333333334,14.011111000000001
US-Bar,2016,NDVI,fixed,133.95790931906834,173.0,298.96146075485046,284.0209657612683,269.043648417146,290.1297955511721,280.7986715778676,271.42878997248647,44.0646,DBF,40.0,9.20755525,368.30221,3.5482042500000004,141.92817000000002,16.189774999999997,261.661675,7.496475000000001,70.104,99.0,9.128669393939393,903.7382699999999,3.3717850909090905,333.806724,118.0,8.147129033898304,961.3612259999999,2.816502083050847,332.34724579999994,17.82577966101694,217.83463559322036,6.601788135593221,230.632,138.0,9.13829695652174,1261.08498,3.4193944492753623,471.876434,147.0,8.832921632653061,1298.43948,3.2616764476190476,479.4664378,157.0,8.399413605095543,1318.7079360000002,2.996286342675159,470.4169557999999,9.0,4.1505,37.3545,0.8433337555555555,7.590003799999999
US-Bar,2016,EVI,fixed,133.82779029603913,173.0,296.16701249434146,274.41964074450914,252.47705994063756,300.3430705916988,277.09722656782714,250.98409580549756,44.0646,DBF,40.0,9.20755525,368.30221,3.5482042500000004,141.92817000000002,16.189774999999997,261.661675,7.496475000000001,70.104,78.0,9.822908205128202,766.1868399999997,3.839414653846154,299.47434300000003,128.0,7.5965637507812485,972.3601600999998,2.3860576234375004,305.41537580000005,17.1378046875,208.166765625,6.3438984375,287.528,117.0,9.602850854700856,1123.53355,3.7396927606837607,437.544053,144.0,8.942028055555555,1287.65204,3.321331545833333,478.2717425999999,167.0,7.96231658742515,1329.7068701,2.6555993161676645,443.4850858,27.0,6.078462592592593,164.11849,1.5084329481481484,40.727689600000005
US-Bar,2016,NIRv,fixed,134.52859895999384,173.0,298.25736285401547,274.49739771197187,250.37189440659364,304.3595745399539,276.71602336573426,246.29953470398132,44.0646,DBF,39.0,9.385279743589745,366.02591000000007,3.6888964102564104,143.86696,16.22328205128205,265.0062051282051,7.570948717948718,65.78599999999999,74.0,9.93833108108108,735.4364999999999,3.875421256756757,286.781173,132.0,7.386290864393939,974.9903941,2.2260001954545454,293.8320258,16.723568181818184,203.14238636363635,6.182560606060606,347.97999999999996,112.0,9.736668839285715,1090.50691,3.8106220803571427,426.789673,142.0,9.01604795774648,1280.2788100000002,3.369587553521127,478.4814326,170.0,7.823887082941177,1330.0608041,2.5520030929411766,433.8405258,30.0,6.325729999999998,189.77189999999996,1.7230586533333332,51.6917596
US-Bar,2017,NDVI,fixed,134.47725631367385,172.0,292.7248871110483,281.36812604570537,269.85445971360724,290.1297955511721,280.7986715778676,271.42878997248647,44.0646,DBF,38.0,9.040475278947369,343.5380606,1.8331398421052634,69.65931400000001,15.960210526315787,225.1432894736842,6.998868421052633,118.36399999999999,100.0,9.6377148,963.77148,3.0930448889999997,309.30448889999997,119.0,8.643916579831934,1028.6260730000001,2.3825077218487394,283.5184189,17.4170756302521,208.4926974789916,5.934756302521008,354.584,137.0,9.466702486131387,1296.9382406,2.7427449846715324,375.75606289999996,146.0,9.13748418219178,1334.0726906,2.5755583417808223,376.03151790000004,156.0,8.729441241025642,1361.7928336,2.2433973903846156,349.9699929,9.0,4.12605,37.13445,0.03060611111111116,0.27545500000000045
US-Bar,2017,EVI,fixed,38.25741487500432,172.0,304.067495244755,280.1131253932295,242.2176102533504,300.3430705916988,277.09722656782714,250.98409580549756,44.0646,DBF,134.0,3.149455795074627,422.02707654000005,-0.1315055447761193,-17.621742999999988,6.060425373134327,168.7045074626866,4.0560820895522385,432.562,79.0,10.285948734177214,812.5899499999999,3.584220164556962,283.153393,129.0,8.104191968992248,1045.440764,1.9425991387596897,250.59528889999999,17.097434108527136,200.9577054263566,5.835131782945736,486.918,212.0,5.774743993113207,1224.2457265399999,1.2373769339622642,262.32391,239.0,5.8713376842677825,1403.24970654,1.2221539075313808,292.0947839,262.0,5.561437177633588,1457.09654054,0.8769687248091602,229.76580589999998,27.0,6.629777037037037,179.00398,1.1026249592592592,29.770873899999998
US-Bar,2017,NIRv,fixed,41.73886496777766,172.0,303.3737851279726,276.3860488213222,236.891355932754,304.3595745399539,276.71602336573426,246.29953470398132,44.0646,DBF,131.0,3.226563317099237,422.67979454000005,-0.10818254198473286,-14.171913000000004,6.385587786259542,171.0671145038168,4.122519083969466,419.1000000000001,75.0,10.554278666666665,791.5708999999998,3.762735773333333,282.205183,133.0,7.9073340902255635,1051.675434,1.7903248037593984,238.1131989,16.88772180451128,197.13612781954888,5.741699248120301,594.36,205.0,5.872582412390244,1203.87939454,1.291831853658537,264.8255300000001,235.0,5.955035253361703,1399.4332845400002,1.256271105957447,295.2237099,263.0,5.566478815741444,1463.9839285399999,0.8392910490494296,220.7335459,30.0,6.518463,195.55389,1.0132726633333333,30.3981799
US-Bar,2022,NDVI,fixed,136.6374556069688,172.0,284.8542714712495,277.3916705110251,269.9286653753154,290.1297955511721,280.7986715778676,271.42878997248647,44.0646,DBF,36.0,8.824578055555556,317.68480999999997,3.306835111111111,119.046064,15.963361111111116,246.3680555555556,6.483416666666667,71.628,100.0,8.234739159999998,823.4739159999998,2.1375641140000003,213.75641140000005,119.0,7.605229462184873,905.0223059999998,1.7982129579831934,213.987342,17.393470588235296,209.93918487394964,6.0670168067226875,474.72600000000006,135.0,8.366143155555555,1129.429326,2.4266758177777774,327.60123539999995,144.0,8.149848791666667,1173.578226,2.3076175763888886,332.296931,154.0,7.863491662337662,1210.9777159999999,2.1287802987012987,327.832166,9.0,4.905433333333333,44.1489,0.5217439555555556,4.6956956000000005
US-Bar,2022,EVI,fixed,128.54113926507256,172.0,302.47641036554813,273.9555001365362,245.30995303717395,300.3430705916988,277.09722656782714,250.98409580549756,44.0646,DBF,44.0,7.566630704545455,332.931751,2.413496818181818,106.19386,16.137590909090914,251.91227272727275,7.000795454545455,91.948,79.0,8.936685316455696,705.99814,2.5273727139240507,199.6624444,129.0,7.296632682170543,941.265616,1.5967433410852712,205.97989099999998,16.836860465116278,201.8559069767442,5.796333333333333,500.888,122.0,8.419676155737706,1027.200491,2.4643857737704917,300.6550644,149.0,7.869156020134227,1172.5042469999999,2.1365706644295304,318.34902900000003,172.0,7.339930040697674,1262.467967,1.7847239011627911,306.97251100000005,27.0,5.381620592592594,145.30375600000005,0.6553320222222224,17.693964600000005
US-Bar,2022,NIRv,fixed,128.8295514603298,172.0,307.5492055107665,274.35614140950935,240.77315636556747,304.3595745399539,276.71602336573426,246.29953470398132,44.0646,DBF,44.0,7.566630704545455,332.931751,2.413496818181818,106.19386,16.137590909090914,251.91227272727275,7.000795454545455,91.948,75.0,9.133347466666667,685.00106,2.6838291253333333,201.2871844,133.0,7.1982460601503755,957.366726,1.5530292398496242,206.5528889,16.566796992481205,200.0219022556391,5.795766917293233,500.888,118.0,8.527147550847458,1006.203411,2.5616932576271187,302.2798044,148.0,7.89248910135135,1168.0883869999998,2.1488978378378376,318.03687999999994,176.0,7.264597028409091,1278.569077,1.7474176642045451,307.54550889999996,30.0,5.396165866666667,161.88497600000002,0.5252358533333334,15.757075600000004
US-Bar,2023,NDVI,fixed,131.94607166178457,172.0,286.2109502504143,278.7347241230875,271.2585275351877,290.1297955511721,280.7986715778676,271.42878997248647,44.0646,DBF,41.0,7.83349787804878,321.173413,3.2030526341463417,131.32515800000002,14.455,238.14531707317076,6.569268292682926,150.368,100.0,8.744659270000001,874.4659270000002,2.0438671043,204.38671043,119.0,7.911288042016808,941.4432770000001,1.6022544288235294,190.66827703,17.779882352941172,189.1561260504201,4.855899159663863,592.9050000000001,140.0,8.464836,1185.07704,2.3509785602142856,329.13699843,149.0,8.250622617449666,1229.3427700000002,2.1702060203355704,323.36069703,159.0,7.874555911949687,1252.0543900000002,1.983764559937107,315.41856503,9.0,4.918414444444445,44.265730000000005,-0.6418112666666667,-5.7763013999999995
US-Bar,2023,EVI,fixed,119.87433019403616,172.0,303.6111318752988,275.1402525087016,246.59972359628355,300.3430705916988,277.09722656782714,250.98409580549756,44.0646,DBF,53.0,6.462101758490566,342.4913932,2.253116018867925,119.41514900000001,13.566962264150945,233.37103773584903,6.498358490566039,291.338,79.0,8.986166037974684,709.907117,2.4797827848101264,195.90283999999997,129.0,7.397366511627907,954.26028,1.270159124263566,163.85052703,17.236255813953488,179.3009224806202,4.699767441860465,624.385,131.0,7.952948169465648,1041.8362101999999,2.3568177022900763,308.743119,158.0,7.842087532911393,1239.0498302,1.9928404938607593,314.86879803,181.0,7.106018636464087,1286.1893731999999,1.528678486353591,276.69080603,27.0,7.304208148148148,197.21362,0.22687700111111106,6.125679029999999
US-Bar,2023,NIRv,fixed,120.33140680898768,172.0,307.321587226933,275.5371409323118,243.55429848276432,304.3595745399539,276.71602336573426,246.29953470398132,44.0646,DBF,52.0,6.587971769230768,342.574532,2.3301353653846153,121.16703899999999,13.719750000000001,236.95615384615382,6.622769230769231,251.46000000000004,75.0,8.908521826666666,668.139137,2.454188266666667,184.06412,133.0,7.202269631578947,957.9018609999999,1.1582550904511277,154.04792702999998,16.928075187969927,176.15459398496242,4.659533834586466,641.6569999999999,126.0,7.937709277777778,1000.1513689999999,2.370288007936508,298.656289,156.0,7.909179865384615,1233.8320589999998,2.0262634425,316.09709703,184.0,7.010402679347827,1289.914093,1.4600005219021739,268.64009603,30.0,7.789356333333335,233.68069000000006,0.5813602676666664,17.440808029999992
US-CMW,2013,NDVI,fixed,119.15545047954846,172.0,357.1732074248834,317.33270277268934,270.5369229062968,338.2433068534944,306.93821904573474,275.74954591069377,31.6637,DBF,53.0,2.5893882094339626,137.23757510000002,0.6080679245283019,32.2276,23.697301886792456,349.8594339622641,25.79671698113207,5.5,104.0,6.143676057692308,638.94231,2.331501368269231,242.47614230000002,167.0,4.729384196407186,789.8071608000001,1.9966499047904194,333.44053410000004,20.45268263473054,230.42147904191617,13.615874251497004,176.00000000000003,156.0,4.945311763461539,771.4686351,1.7409793737179489,271.5927823,187.0,4.703664786631015,879.5853150999999,1.8687269641711228,349.4519423,219.0,4.211568428767123,922.3334858999999,1.655512210502283,362.5571741,31.0,3.487634838709677,108.11667999999999,2.511585806451613,77.85916
US-CMW,2013,EVI,fixed,113.89354511468171,172.0,352.18822134188935,303.7855432379924,253.45085224159052,336.1444519841199,297.34863846259026,259.820631655551,31.6637,DBF,59.0,2.358771844067797,139.16753880000002,0.4619373898305084,27.254305999999996,23.322542372881355,349.51913559322037,25.445508474576265,5.5,88.0,6.307598977272727,555.06871,2.2776480943181823,200.43303230000004,165.0,4.77923132,788.5731678,2.021681565454546,333.5774583000001,20.544072727272727,231.5065696969697,13.668436363636363,176.0,146.0,4.722773964383562,689.5249987999999,1.5381943719178082,224.5763783,184.0,4.651147058695652,855.8110588,1.7751824364130437,326.63356830000004,223.0,4.13914554529148,923.0294566,1.6041291672645739,357.7208043,38.0,4.375948947368421,166.28606000000002,2.6857155263157892,102.05718999999999
US-CMW,2013,NIRv,fixed,113.89926944273677,172.0,350.5844813137759,298.1661719387725,247.1603310957218,333.32316906423017,295.7665797319657,260.5898689749256,31.6637,DBF,59.0,2.358771844067797,139.16753880000002,0.4619373898305084,27.254305999999996,23.322542372881355,349.51913559322037,25.445508474576265,5.5,89.0,6.307718876404494,561.38698,2.2784214865168546,202.77951230000005,162.0,4.856564041975309,786.7633748000001,2.0603326500000003,333.77388930000006,20.715987654320987,233.5760864197531,13.787820987654321,176.0,147.0,4.7336276789115646,695.8432688,1.5436929136054425,226.92285830000003,182.0,4.6691918615384616,849.7929188,1.77339043021978,322.7570583,220.0,4.187362107272727,921.2196635999999,1.6268965240909092,357.9172353,35.0,4.398561428571429,153.94965000000002,2.73812,95.8342
US-CMW,2014,NDVI,fixed,101.5416316818297,172.0,322.5255272681074,303.4869120475579,279.96687797429126,338.2433068534944,306.93821904573474,275.74954591069377,31.6637,DBF,71.0,2.898884281690141,205.820784,0.7930458302816902,56.306253950000006,22.143830985915493,340.59480281690145,23.684577464788738,0.668,104.0,5.4981687500000005,571.8095500000001,0.8100388038461538,84.24403559999999,167.0,4.047896566706587,675.9987266400001,0.6403005240718562,106.93018751999999,20.44179041916168,232.7197604790419,12.0824251497006,313.70000000000005,174.0,4.442556287356322,773.004794,0.7972471813218389,138.72100954999996,205.0,4.176936956097561,856.272076,0.794214161707317,162.81390315,237.0,3.7012403824472577,877.1939706400001,0.6810428754008439,161.40716147,31.0,2.6860413548387094,83.267282,0.7771901161290323,24.092893600000004
US-CMW,2014,EVI,fixed,71.3457819113606,172.0,320.16734329490055,297.3473709583334,271.0982637398807,336.1444519841199,297.34863846259026,259.820631655551,31.6637,DBF,101.0,2.0818641496039603,210.26827910999998,0.44257243118811884,44.699815550000004,19.85046534653465,326.1936435643565,20.94822772277227,0.668,88.0,5.554083977272727,488.75939,0.9362446090909089,82.38952559999998,165.0,4.094014222424243,675.5123467000001,0.6518802273939394,107.56023752,20.537927272727273,234.42946060606064,12.19849696969697,308.90000000000003,188.0,3.693628346329787,694.4021291099999,0.6662769210106382,125.26006114999998,226.0,3.7035871288053093,837.0106911099999,0.6439931688053099,145.54245615000002,265.0,3.3251135313584905,881.15508581,0.5676632946037735,150.43077307,38.0,3.7528568947368424,142.608562,0.5337472368421053,20.282395000000005
US-CMW,2014,NIRv,fixed,73.9659857524528,172.0,319.0284881812752,295.3855854202235,269.4547293372151,333.32316906423017,295.7665797319657,260.5898689749256,31.6637,DBF,99.0,2.12259799,210.13720101,0.46376140959595963,45.912379550000004,19.970959595959595,328.12046464646465,21.137878787878783,0.668,89.0,5.507198876404495,490.14070000000004,0.8892245573033706,79.14098559999998,162.0,4.163229084567901,674.4431117,0.671583021728395,108.79644952,20.74593827160494,236.40506172839503,12.258771604938273,308.6,187.0,3.720066101657754,695.6523610099999,0.6589523270053476,123.22408515,222.0,3.7449943829279277,831.38875301,0.6497406763513515,144.24243015000002,260.0,3.3844414334999997,879.9547727099999,0.5879982656538463,152.87954907000002,35.0,3.8781826285714285,135.736392,0.6005241428571427,21.018344999999997
US-CMW,2015,NDVI,fixed,84.00049204060214,172.0,330.97515778840125,293.7786753551142,259.8283540342893,338.2433068534944,306.93821904573474,275.74954591069377,31.6637,DBF,88.0,1.8115711590909092,159.418262,-0.07527111375,-6.623858009999999,19.95739772727273,282.0092045454545,18.80514772727273,14.399999999999997,104.0,4.753917682692308,494.40743900000007,0.7912567971153847,82.2907069,167.0,3.6286594103592815,605.98612153,0.5661987538922156,94.55519190000001,20.56007784431138,206.18813173652697,11.62500598802395,232.10000000000002,191.0,3.40414932460733,650.192521,0.39156642350785353,74.78918689000002,222.0,3.3461530225225222,742.845971,0.42159927923423424,93.59503999,254.0,2.999099226496063,761.77120353,0.3427309916929134,87.05367189,31.0,2.988820967741935,92.65344999999999,0.6066404225806452,18.8058531
US-CMW,2015,EVI,fixed,70.13837202218242,172.0,325.4161403543746,284.0081697621605,248.7015750084888,336.1444519841199,297.34863846259026,259.820631655551,31.6637,DBF,102.0,1.5735427848039214,160.50136404999998,-0.1414179412745098,-14.42463001,19.255431372549015,272.5843823529411,17.656539215686273,24.0,88.0,4.954131363636364,435.96356000000003,0.9206812681818183,81.01995160000001,165.0,3.6693430638181814,605.44160553,0.5741045284848485,94.72724720000001,20.717672727272728,206.68984242424247,11.644951515151513,232.10000000000002,189.0,3.1366758944444446,592.83174405,0.34771248460317467,65.71765959000001,227.0,3.1904374143171803,724.2292930499999,0.3592962682378855,81.56025289000002,266.0,2.8658262766165414,762.30978958,0.2985900571052632,79.42495519000002,38.0,3.457830236842105,131.397549,0.41691035,15.842593299999999
US-CMW,2015,NIRv,fixed,80.38361762241296,172.0,321.91545249443715,279.6707246130369,245.72858947816545,333.32316906423017,295.7665797319657,260.5898689749256,31.6637,DBF,92.0,1.7354131527173913,159.65801005,-0.0951990979347826,-8.758317009999999,19.774641304347824,281.33410869565216,18.57655434782609,14.399999999999999,89.0,4.954190561797754,440.9229600000001,0.9144309280898878,81.38435260000001,162.0,3.7355247258641975,605.15500559,0.5872772993827161,95.1389225,21.026827160493827,207.52441358024691,11.73606172839506,232.10000000000002,180.0,3.316376611388889,596.94779005,0.3986020755,71.74837359,215.0,3.3382446467441866,717.7225990500001,0.39982159018604657,85.96164189000001,253.0,3.008615951146245,761.17983564,0.3379562983794467,85.50294349,35.0,3.4507088285714285,120.77480899999999,0.40609338,14.2132683
US-CMW,2016,NDVI,fixed,82.99029013419214,173.0,339.21684731493934,311.0247218628783,278.4978405854906,338.2433068534944,306.93821904573474,275.74954591069377,31.6637,DBF,91.0,2.380594117582418,216.63406470000004,0.7719734721978022,70.24958597,19.60614285714286,291.9773296703296,19.64791208791209,20.6,103.0,5.892793203883494,606.9576999999999,2.310233289223301,237.95402879000002,166.0,4.3782940265060235,726.7968083999999,1.8432704680120482,305.98289769,20.752,212.22637951807226,13.242506024096384,175.79999999999998,193.0,4.238732304145078,818.0753347,1.5824325635233163,305.40948476000005,224.0,4.098906895982144,918.1551447000003,1.6263791507142855,364.30892975999996,256.0,3.663728293359375,937.9144431,1.4587435689843748,373.43835365999996,31.0,3.2283809677419364,100.07981000000002,1.8999820967741934,58.89944499999999
US-CMW,2016,EVI,fixed,78.72800347351,173.0,337.03157317718603,305.223960236796,267.9143055177487,336.1444519841199,297.34863846259026,259.820631655551,31.6637,DBF,95.0,2.2853761157894743,217.11073100000007,0.7308267007368422,69.42853657,19.465115789473685,291.53938947368414,19.537336842105262,20.6,87.0,6.066651839080461,527.7987100000001,2.2806436424137932,198.41599689,164.0,4.43284200304878,726.9860884999999,1.8682731017682928,306.39678869,20.918841463414633,213.34749390243903,13.344847560975609,175.49999999999994,181.0,4.085044259668508,739.3930109999999,1.4643668699447516,265.05040346000004,219.0,4.086906899543379,895.0326110000001,1.5892285404566209,348.04105036,258.0,3.637908486434108,938.5803894999999,1.4458573459689923,373.03119526,38.0,4.095778947368421,155.6396,2.1839643921052634,82.9906469
US-CMW,2016,NIRv,fixed,80.92726199672128,173.0,335.76396099621,303.231394119671,266.4336660134199,333.32316906423017,295.7665797319657,260.5898689749256,31.6637,DBF,93.0,2.332294287096775,216.90336870000007,0.7492115480645163,69.67667397000001,19.556709677419352,291.8288279569892,19.62156989247312,20.6,88.0,6.056955681818181,533.0120999999999,2.2922605328409094,201.71892689000003,161.0,4.5198818105590055,727.7009714999999,1.9094317806832302,307.41851669000005,21.22223602484472,214.53136645962735,13.484534161490682,175.39999999999995,180.0,4.135550215,744.3990387,1.4922303936666668,268.60147086,215.0,4.135625807906977,889.1595487000001,1.603475245395349,344.74717776,253.0,3.7118099217391305,939.0879102,1.4794508326482214,374.30106066,35.0,4.136014571428571,144.76051,2.175591625714286,76.14570690000001
US-CMW,2017,NDVI,fixed,144.47972254001317,172.0,341.4518139097864,289.7642350983496,251.52849347773468,338.2433068534944,306.93821904573474,275.74954591069377,31.6637,DBF,28.0,4.540931428571429,127.14608,2.453284714285714,68.69197199999999,25.803035714285716,336.83149999999995,29.617035714285716,4.318,104.0,6.210143942307692,645.85497,1.231408271153846,128.0664602,167.0,4.750004880239521,793.250815,1.3189617616766465,220.26661419999996,21.470047904191613,221.55882634730534,14.954491017964072,289.55999999999995,131.0,5.871549389312977,769.1729700000001,1.4921019251908396,195.46535219999998,162.0,5.3316724074074076,863.7309300000001,1.5681698901234566,254.04352219999998,194.0,4.724581520618556,916.5688149999999,1.4828118876288658,287.6655062,31.0,3.0502567741935485,94.55796000000001,1.889618387096774,58.57816999999999
US-CMW,2017,EVI,fixed,133.7015345717886,172.0,333.7247341516532,283.5533215756293,248.7575659929987,336.1444519841199,297.34863846259026,259.820631655551,31.6637,DBF,39.0,4.72758923076923,184.37598,2.60083441025641,101.432542,24.31928205128205,343.0016153846154,27.360717948717948,4.318,88.0,6.4353052272727265,566.3068599999999,0.979498525,86.1958702,165.0,4.792059606060606,790.689835,1.3239541648484847,218.4524372,21.572078787878787,222.53207272727275,15.025903030303033,289.55999999999995,126.0,5.927418730158729,746.8547599999999,1.4788518428571427,186.33533219999998,164.0,5.451779268292684,894.0918000000003,1.6479694036585368,270.26698220000003,203.0,4.784422339901479,971.2377350000002,1.5694182226600986,318.5918992,38.0,3.874658947368422,147.23704000000004,2.2087276315789475,83.93165
US-CMW,2017,NIRv,fixed,140.08690901346125,172.0,328.3924004607904,280.05983767811944,247.87155694322044,333.32316906423017,295.7665797319657,260.5898689749256,31.6637,DBF,32.0,4.4937584374999995,143.80026999999998,2.3710719375,75.874302,25.53290625,340.39734375,29.446281250000002,4.318,89.0,6.418875168539325,571.2798899999999,0.9996068561797752,88.9650102,162.0,4.86511487654321,788.14861,1.3414144765432097,217.30914519999996,21.709475308641974,225.3517222222222,15.105969135802471,289.55999999999995,120.0,5.927100666666666,711.25208,1.3628852683333335,163.54623220000002,155.0,5.476657161290323,848.8818600000001,1.5606224012903227,241.8964722,193.0,4.8089160621761655,928.1207999999999,1.5123853222797925,291.89036719999996,35.0,3.932279428571429,137.62978,2.238578285714286,78.35024000000001
US-CMW,2018,NDVI,fixed,102.6256699291918,172.0,343.46329135602554,320.98262355276944,298.140819103816,338.2433068534944,306.93821904573474,275.74954591069377,31.6637,DBF,70.0,3.825610285714286,267.79272000000003,0.6315585814285715,44.2091007,22.615071428571433,332.57962857142854,24.53555714285714,13.462,104.0,6.9609510576923075,723.93891,1.7772008163461537,184.8288849,167.0,5.154282498203592,860.7651771999999,1.3051985285029941,217.96815426,20.46274850299401,230.67750898203593,12.910203592814371,240.28400000000002,173.0,5.696557745664739,985.5044899999999,1.317851939884393,227.98838560000002,204.0,5.342791460784313,1089.9294579999998,1.2650042421568628,258.0608654,236.0,4.755638801694915,1122.3307571999999,1.1064731142372881,261.12765496,31.0,3.3685473548387095,104.42496799999999,0.970079993548387,30.072479799999996
US-CMW,2018,EVI,fixed,101.42109730867271,172.0,343.3377024153696,307.2337381728003,268.76460799961046,336.1444519841199,297.34863846259026,259.820631655551,31.6637,DBF,71.0,3.7857177042253523,268.785957,0.6169659816901409,43.80458470000001,22.59266197183099,332.48388732394363,24.488802816901412,13.462,88.0,7.315261136363636,643.74298,1.722665282954545,151.59454489999996,165.0,5.21173578909091,859.9364052000002,1.3228052809696969,218.26287136,20.632787878787877,231.63825454545454,13.002993939393937,240.284,158.0,5.73608732278481,906.301797,1.2300603139240505,194.34952959999998,196.0,5.437446403061225,1065.739495,1.3064452862244897,256.0632761,235.0,4.776575413617021,1122.4952222,1.1107142811063828,261.01785606,38.0,4.195728894736842,159.43769799999998,1.624045960526316,61.713746500000006
US-CMW,2018,NIRv,fixed,103.46883442770326,172.0,340.8054837543647,302.5598404819221,262.38624748808866,333.32316906423017,295.7665797319657,260.5898689749256,31.6637,DBF,69.0,3.8677231739130438,266.872899,0.6417699695652174,44.2821279,22.756014492753625,332.58113043478255,24.701405797101447,13.462,89.0,7.288430674157304,648.67033,1.7149997179775276,152.63497489999995,162.0,5.305439811111111,859.4812494,1.354120378765432,219.36750135999998,20.8477037037037,233.48414814814817,13.16545061728395,238.50599999999997,157.0,5.791822222929936,909.3160889999999,1.2475637121019105,195.86750279999995,192.0,5.5209797343750004,1060.028109,1.3460648036458334,258.4444423,230.0,4.870117427826086,1120.1270083999998,1.1417392576521739,262.60002926,35.0,4.306057714285714,150.71202,1.787912557142857,62.576939499999995
US-CMW,2019,NDVI,fixed,93.46921217589428,172.0,327.1521690313403,314.7711193687727,302.38943581165034,338.2433068534944,306.93821904573474,275.74954591069377,31.6637,DBF,79.0,3.6322931772151907,286.95116100000007,1.8330116924050637,144.80792370000003,19.715025316455698,349.82220253164553,20.153696202531645,8.636,104.0,5.173964951923077,538.092355,2.505588509615385,260.581205,167.0,3.8976887251497,650.9140170999999,1.795404698802395,299.8325847,21.10714371257485,239.9104910179641,16.58091616766467,242.716,182.0,4.498160747252747,818.665256,2.2009887291208794,400.57994870000005,213.0,4.355505103286386,927.7225870000001,2.2979214774647887,489.45727469999997,245.0,3.8019874208163267,931.4869181,1.795229911836735,439.8313284000001,31.0,3.5179784193548382,109.05733099999999,2.867010516129031,88.87732599999997
US-CMW,2019,NIRv,fixed,96.5605157814833,172.0,330.67133084525875,310.70642306358366,290.36865335709894,333.32316906423017,295.7665797319657,260.5898689749256,31.6637,DBF,76.0,3.754902921052632,285.37262200000004,1.9227132592105267,146.12620770000004,19.90228947368421,355.1990394736842,20.423671052631573,8.636,89.0,5.325868651685393,474.00230999999997,2.5620939550561803,228.02636200000003,162.0,4.009906145061728,649.6047954999999,1.8950831154320988,307.0034647,21.481981481481483,242.86055555555558,16.937604938271605,242.659,164.0,4.59144312195122,752.996672,2.252093839634146,369.3433897,199.0,4.527866417085427,901.0454169999999,2.3730464959798994,472.23625269999997,237.0,3.918139905063291,928.5991574999999,1.8916476472573842,448.32049240000003,35.0,4.229964142857143,148.048745,2.9397960857142853,102.89286299999999
US-CMW,2020,NDVI,fixed,89.95429377869765,173.0,343.142480988525,315.49839503424954,284.14873607885664,338.2433068534944,306.93821904573474,275.74954591069377,31.6637,DBF,84.0,4.080581761904762,342.768868,0.8092688619047619,67.9785844,21.064738095238095,355.35364285714286,21.993583333333337,9.905999999999999,103.0,5.493124990291262,565.791874,1.3979029287378641,143.98400166000002,166.0,4.073771731626507,676.2461074500001,1.102071922048193,182.94393906000002,21.920801204819277,254.36641566265058,20.4406265060241,108.458,186.0,4.844082107526882,900.999272,1.1420849626881722,212.42780306000003,217.0,4.598370764976958,997.846456,1.1934766316129033,258.98442906,249.0,4.062062270883534,1011.4535054500001,1.0095893191164658,251.38774045999997,31.0,3.1241027096774197,96.84718400000001,1.50182664516129,46.556625999999994
US-CMW,2020,EVI,fixed,87.44141610805549,173.0,344.37374460607174,311.9006993612172,272.66474245816914,336.1444519841199,297.34863846259026,259.820631655551,31.6637,DBF,86.0,4.037697186046512,347.241958,0.813072469767442,69.92423240000001,20.80670930232558,353.90909302325576,21.714406976744186,9.905999999999999,87.0,5.79243027586207,503.9414340000001,1.3724028926436782,119.39905166,164.0,4.11929510640244,675.5643974500001,1.1141270753658539,182.71684036000005,22.129231707317075,255.29265853658535,20.603597560975615,108.458,172.0,4.904778616279069,843.6219219999998,1.1034215177906979,189.78850106000004,210.0,4.689023961904761,984.6950319999997,1.214417005047619,255.02757106,249.0,4.077288696586345,1015.24488545,1.0164911235341365,253.10628975999998,38.0,3.712450263157895,141.07311,1.7168176315789474,65.23907
US-CMW,2020,NIRv,fixed,97.09949925254008,173.0,342.4904445972719,309.43820880028414,270.51900787271967,333.32316906423017,295.7665797319657,260.5898689749256,31.6637,DBF,76.0,4.287700368421053,325.865228,0.8113286105263157,61.66097439999999,21.615986842105265,361.01755263157895,22.73734210526316,9.905999999999999,88.0,5.782205045454545,508.834044,1.3796345643181818,121.40784166,161.0,4.190680661180124,674.69958645,1.1349650016149069,182.72936526,22.42672049689441,256.6112298136646,20.82708695652174,108.458,163.0,5.074465042944785,827.1378019999999,1.1259756629447855,183.53403306000004,198.0,4.8228750101010105,954.9292520000001,1.2205451164646464,241.66793305999997,236.0,4.207641290042373,993.00334445,1.0375235451694915,244.85555666,35.0,3.6511842857142858,127.79145,1.6609685714285713,58.1339
US-CMW,2021,NDVI,fixed,119.17186683861998,172.0,339.0892665994411,295.8045863192315,256.7084332238185,338.2433068534944,306.93821904573474,275.74954591069377,31.6637,DBF,53.0,4.094120981132075,216.98841199999998,1.3375156584905663,70.88832990000002,24.073301886792457,397.2320943396226,28.41188679245283,0.0,104.0,6.754156298076923,702.432255,1.645654916346154,171.1481113,167.0,5.0822124071856285,848.729472,1.6493037443113772,275.4337253,20.36034131736527,235.17724550898203,14.065532934131733,283.464,156.0,5.847539467948718,912.2161570000001,1.520653982051282,237.2220212,187.0,5.403434529411764,1010.4422569999999,1.6123109155080213,301.5021412,219.0,4.833394401826484,1058.513374,1.5593955945205478,341.5076352,31.0,3.1685838709677414,98.22609999999999,2.0735522580645163,64.28012000000001
US-CMW,2021,EVI,fixed,98.54877747436906,172.0,332.9161565315139,285.7363043957929,247.2131402859208,336.1444519841199,297.34863846259026,259.820631655551,31.6637,DBF,74.0,3.1066236175675677,229.8901477,0.8864704662972972,65.598814506,22.172405405405406,383.32814864864866,25.312418918918922,1.5240000000000002,88.0,7.221706477272727,635.51017,1.5276998670454547,134.43758830000002,165.0,5.132804563636364,846.9127530000002,1.6586536381818184,273.67785030000005,20.465169696969696,236.36450909090908,14.103745454545452,283.464,161.0,5.330408743478261,858.1958077,1.212558899416149,195.22198280599997,199.0,5.027525490954774,1000.4775727000001,1.4089905819396984,280.389125806,238.0,4.494110885294119,1069.5983907000002,1.4053035496050421,334.462244806,38.0,3.74425697368421,142.28176499999998,2.2412406052631577,85.167143
US-CMW,2021,NIRv,fixed,100.3324909013178,172.0,330.25647893468755,282.6810314720776,245.3860391886803,333.32316906423017,295.7665797319657,260.5898689749256,31.6637,DBF,72.0,3.1900829861111113,229.685975,0.9234263542499997,66.48669750599998,22.25390277777778,383.5745972222222,25.42409722222222,1.524,89.0,7.198489550561797,640.66557,1.5348681831460678,136.60326830000002,162.0,5.204864339506172,843.1880229999999,1.6703347549382717,270.5942303,20.618493827160492,237.9473456790123,14.17680864197531,283.464,160.0,5.3946689687500005,863.1470350000001,1.2392221612875,198.27554580600003,195.0,5.100979641025642,994.6910300000002,1.4216287118256408,277.21759880599996,233.0,4.57368878969957,1065.669488,1.4260365141888414,332.26650780600005,35.0,3.758399857142857,131.543995,2.255487228571428,78.94205299999999
US-Ced,2014,NDVI,fixed,158.28365764595955,172.0,243.51339176424307,239.64930283021212,235.7866934548968,,,,39.8379,CSH,14.0,8.523537142857142,119.32951999999999,2.258722357142857,31.622113,21.057928571428572,222.79299999999995,7.177499999999999,16.764,,,,,,,,,,,,,,,,,,,,,,,,,,,,,,,,,,
US-Ced,2014,EVI,fixed,125.26796419580782,172.0,295.07184794236866,245.31739865686237,207.6868759953112,,,,39.8379,CSH,47.0,7.098289574468084,333.61960999999997,1.2941541617021277,60.8252456,18.129148936170214,214.1783617021277,6.728744680851063,116.07800000000003,,,,,,,,,,,,,,,,,,,,,,,,,,,,,,,,,,
US-Ced,2014,NIRv,fixed,126.4033588342058,172.0,297.9600988583396,244.7492542503273,206.69349869659817,,,,39.8379,CSH,46.0,7.131721086956522,328.05917,1.2784016434782608,58.8064756,18.22495652173913,212.7655652173913,6.665391304347825,116.07800000000002,,,,,,,,,,,,,,,,,,,,,,,,,,,,,,,,,,
US-Ha1,2016,NDVI,fixed,152.24195521577667,173.0,332.80691200678046,296.4824824047384,257.74659174295897,316.8904205731284,281.37100599404545,250.3465007586193,42.5378,DBF,21.0,12.454827142857145,261.55137,5.410843142857143,113.627706,18.619666666666667,283.03023809523813,7.42104761904762,34.9,78.0,10.683741025641027,833.3318,5.861331858974359,457.18388500000003,144.0,7.703003767361112,1109.2325425000001,4.009296880138889,577.33875074,18.21915277777778,198.57085416666666,5.667055555555555,378.4,98.0,11.058180306122452,1083.7016700000004,5.756765724489796,564.163041,129.0,9.899183875968992,1276.99472,5.338273604651163,688.637295,164.0,8.290258612804877,1359.6024125,4.172670163048781,684.31790674,31.0,6.235259677419355,193.29305000000002,4.015298516129032,124.474254
US-Ha1,2016,EVI,fixed,131.1758420569115,173.0,311.2702268138834,280.454865580308,249.3925310312632,312.80743972946465,279.15076386815787,245.2395614711614,42.5378,DBF,42.0,9.18143380952381,385.62022,2.829895761904762,118.85562200000001,18.048666666666666,268.9780238095238,7.872642857142857,68.10000000000001,73.0,10.843415342465756,791.5693200000002,5.895704726027398,430.38644500000004,140.0,7.90652945357143,1106.9141235000002,4.154674869571428,581.6544817399999,18.507542857142855,201.39758571428573,5.6934,377.79999999999995,114.0,10.228140701754384,1166.0080399999997,4.759592254385965,542.593517,148.0,9.391159391891891,1389.89159,4.636352777027027,686.180211,181.0,8.184269853591159,1481.3528434999998,3.833489247182321,693.8615537400001,34.0,6.584810294117648,223.88355,4.22313805882353,143.58669400000002
US-Ha1,2016,NIRv,fixed,132.2489239722346,173.0,313.3860882637212,279.450114640943,245.21380253080312,313.55251722084677,277.79366321437175,241.468666002999,42.5378,DBF,41.0,9.333420731707317,382.67025,2.9372707804878044,120.42810199999998,18.048780487804876,267.01746341463416,7.687024390243902,68.10000000000001,69.0,11.007975942028986,759.5503400000001,5.947580362318841,410.38304500000004,141.0,7.858569528368794,1108.0583035,4.121091905957447,581.07395874,18.457021276595743,200.92002836879433,5.70622695035461,377.79999999999995,109.0,10.376505412844036,1131.03909,4.808831165137614,524.162597,145.0,9.494456,1376.6961199999998,4.692976627586207,680.481611,181.0,8.174293113259669,1479.5470535,3.8389696725966855,694.85351074,36.0,6.823806388888889,245.65703000000002,4.342194833333333,156.31901399999998
US-Ha1,2017,NDVI,fixed,132.17694000872683,172.0,330.2590294885265,298.07841877302906,261.44106829171926,316.8904205731284,281.37100599404545,250.3465007586193,42.5378,DBF,40.0,6.543811500000001,261.75246000000004,1.4510963399999999,58.04385359999999,16.11425,217.96637500000003,6.042575000000001,247.29999999999995,79.0,10.35133316455696,817.7553199999999,4.680415316455696,369.75281,145.0,7.527659726206896,1091.5106603,3.176001443724138,460.52020934,16.277813793103448,180.00975172413794,4.55671724137931,567.5999999999999,118.0,9.067112118644067,1069.91923,3.5878041830508476,423.3608936,149.0,8.487827919463086,1264.68636,3.554528770469798,529.6247867999999,184.0,7.302579186413044,1343.6745703000001,2.7941755051086954,514.1282929399999,31.0,6.28281064516129,194.76713,3.4278675225806454,106.26389320000001
US-Ha1,2017,EVI,fixed,122.01048095558878,172.0,312.5397427372561,280.6244795185425,247.96145826646887,312.80743972946465,279.15076386815787,245.2395614711614,42.5378,DBF,50.0,5.84802934,292.401467,0.9809147500000001,49.0457375,14.578400000000002,209.63554000000005,5.562799999999998,276.4,74.0,10.599788108108108,784.38432,4.843296513513513,358.403942,141.0,7.728369560283688,1089.700108,3.3130306619858154,467.13732333999997,16.779588652482268,181.9035035460993,4.613191489361703,566.5,123.0,8.67640030081301,1067.197237,3.2765358495934955,403.01390949999995,157.0,8.204432847133758,1288.095957,3.3208823611464973,521.3785307,190.0,7.223752763157894,1372.513025,2.6934067938947366,511.74729083999995,34.0,6.4970211764705885,220.89872,3.481312388235294,118.3646212
US-Ha1,2017,NIRv,fixed,121.85106468465204,172.0,314.19873102894,279.6372755038446,243.9447161862562,313.55251722084677,277.79366321437175,241.468666002999,42.5378,DBF,51.0,5.7673852352941175,294.136647,0.9202364215686274,46.9320575,14.500862745098042,208.013137254902,5.503078431372549,288.5,70.0,10.579343285714284,740.5540299999999,4.894976742857142,342.64837199999994,142.0,7.683658295774647,1091.0794779999999,3.2857485869014083,466.57629934,16.682852112676056,181.42207042253523,4.599352112676057,566.5,120.0,8.542517725000002,1025.102127,3.2095388291666667,385.1446595,156.0,8.20948357051282,1280.6794369999998,3.313998766025641,516.9838075,192.0,7.164726953125,1375.627575,2.651419723125,509.07258684,36.0,7.099369722222222,255.57730999999998,3.6621985555555554,131.839148
US-Ha1,2018,NDVI,fixed,139.7572116679885,172.0,314.04331033902724,292.06808180099904,270.06323750945694,316.8904205731284,281.37100599404545,250.3465007586193,42.5378,DBF,33.0,9.838344545454545,324.66537,5.381050454545455,177.574665,17.127090909090906,249.11463636363635,7.325090909090909,64.8,79.0,10.729997594936709,847.66981,5.930046796455698,468.4736969200001,145.0,7.602400751724138,1102.348109,3.6125222380689657,523.81572452,16.11818620689655,172.03389655172415,4.170468965517241,1073.3,111.0,10.448526846846844,1159.7864799999998,5.739318485765766,637.06435192,142.0,9.494743169014084,1348.25353,5.12129459028169,727.22383182,177.0,7.991326435028248,1414.464779,3.9119004492655365,692.40637952,31.0,6.079582258064517,188.46705000000003,2.908370319354839,90.15947990000001
US-Ha1,2018,EVI,fixed,127.62414411970109,172.0,317.57297407620644,274.0139770016269,230.3126937408145,312.80743972946465,279.15076386815787,245.2395614711614,42.5378,DBF,45.0,8.20796177777778,369.35828000000004,3.756154353333334,169.02694590000004,16.06468888888889,239.45468888888888,6.783022222222224,96.6,74.0,10.827119999999999,801.20688,5.98845158,443.14541692000006,141.0,7.787155815602838,1097.98897,3.7559310958865244,529.5862845199999,16.529787234042555,174.6295390070922,4.225758865248227,1047.7,118.0,9.81369881355932,1158.0164599999998,5.111765701864407,603.18835282,152.0,9.117812434210526,1385.90749,4.726740741578947,718.4645927199999,185.0,7.863775945945946,1454.79855,3.727725515783783,689.6292204199999,34.0,6.702677352941176,227.89103,3.3904776441176474,115.27623990000001
US-Ha1,2018,NIRv,fixed,127.75333789380764,172.0,317.53368388106355,270.19030552133233,223.11341844737424,313.55251722084677,277.79366321437175,241.468666002999,42.5378,DBF,45.0,8.20796177777778,369.35828000000004,3.756154353333334,169.02694590000004,16.06468888888889,239.45468888888888,6.783022222222224,96.6,70.0,10.873096857142858,761.1167800000001,5.924432241714285,414.71025692,142.0,7.7395614084507045,1099.01772,3.720211158591549,528.26998452,16.43456338028169,173.67215492957746,4.206478873239436,1067.3,114.0,9.806371578947369,1117.92636,5.0416946738596495,574.7531928200001,150.0,9.177348599999998,1376.6022899999998,4.7681277587999995,715.21916382,186.0,7.827028494623655,1455.8273,3.7006070990322577,688.31292042,36.0,7.1854425,258.67593,3.9018325277777786,140.46597100000002
US-Ha1,2021,NDVI,fixed,201.9774586655472,172.0,323.7201823817127,297.6281836042702,271.21016368876377,316.8904205731284,281.37100599404545,250.3465007586193,42.5378,DBF,,,,,,,,,,79.0,7.645710227848103,604.0111080000001,3.6052768987341777,284.81687500000004,145.0,5.942184493793103,861.6167516,2.4650121703448273,357.4267647,16.667206896551722,176.21120689655172,3.6887931034482757,762.4,49.0,7.970226489795919,390.54109800000003,3.8299777551020404,187.66890999999998,80.0,7.236989975,578.959198,3.2633153574999993,261.06522859999995,115.0,5.636058622608695,648.1467415999999,2.2632939104347822,260.2787997,31.0,6.07800322580645,188.41809999999995,2.3676231806451606,73.39631859999999
US-Ha1,2021,EVI,fixed,89.75725688095862,172.0,318.5112062371403,288.41859645906214,259.4300968573686,312.80743972946465,279.15076386815787,245.2395614711614,42.5378,DBF,83.0,3.019463520481928,250.6154722,0.9697064686746988,80.4856369,13.449349397590362,239.91248192771081,7.479204819277109,316.09999999999997,74.0,7.657793891891892,566.676748,3.625014527027027,268.251075,141.0,6.09751519858156,859.7496429999999,2.5715390262411346,362.58700269999997,16.871879432624112,178.74332624113475,3.6818156028368794,721.7,156.0,5.187662885897435,809.2754101999999,2.2149200121794874,345.5275219,190.0,5.394107211578947,1024.8803702,2.2585054236842104,429.11603049999997,223.0,4.943265942600896,1102.3483052,1.9724818367713004,439.86344959999997,34.0,6.341322352941177,215.60496,2.4584855470588236,83.5885086
US-Ha1,2021,NIRv,fixed,151.09322846620327,172.0,313.5899868380123,286.4165351941936,259.02242937427883,313.55251722084677,277.79366321437175,241.468666002999,42.5378,DBF,21.0,7.4566904761904755,156.5905,3.59467480952381,75.48817100000001,20.45042857142857,292.6759523809523,10.234333333333334,36.4,70.0,7.693936399999998,538.5755479999999,3.664465657142857,256.512596,142.0,6.060037697183098,860.525353,2.545607202112676,361.4762227,16.83669014084507,178.4058732394366,3.6934154929577465,721.7,90.0,7.634991533333334,687.1492380000001,3.6532397444444444,328.791577,126.0,7.319151412698414,922.2130780000001,3.326968925396825,419.19808459999996,162.0,6.229006438271605,1009.0990429999999,2.677501257407407,433.7552036999999,36.0,6.52955111111111,235.06383999999997,2.511291877777778,90.40650760000001
US-Ha1,2022,NDVI,fixed,137.01546879532765,172.0,297.4397389569046,285.22167325387886,273.00292929786417,316.8904205731284,281.37100599404545,250.3465007586193,42.5378,DBF,35.0,8.538751714285715,298.85631,3.7785658285714288,132.249804,16.867485714285714,265.5898,6.896771428571429,80.2,79.0,9.542421392405062,753.85129,5.101639139240507,403.029492,145.0,7.002499428965517,1015.3624171999999,3.2032540731034485,464.4718406,16.981075862068966,204.35480689655174,5.259096551724138,541.0,113.0,9.225681415929202,1042.5019999999997,4.6814184601769915,529.0002860000001,144.0,8.697673402777777,1252.46497,4.309435975694445,620.5587805,179.0,7.2849895374301665,1304.0131271999999,3.298562204469274,590.4426346,31.0,6.772999032258064,209.96296999999998,2.9534998225806453,91.55849450000001
US-Ha1,2022,EVI,fixed,128.86196814726478,172.0,308.6092010836563,278.14513154070715,247.1113892226371,312.80743972946465,279.15076386815787,245.2395614711614,42.5378,DBF,44.0,7.371299318181818,324.33717,2.6851399090909087,118.14615599999999,16.73331818181818,274.2885227272728,6.952931818181819,92.3,74.0,9.769622702702701,722.9520799999999,5.326542337837838,394.164133,141.0,7.180140285106383,1012.3997802,3.35587269929078,473.1780506,17.151624113475176,207.32202127659573,5.336567375886525,492.59999999999997,117.0,8.863962820512821,1037.08365,4.325053666666666,506.031279,151.0,8.403257549668874,1268.8918899999999,3.9986004139072837,603.7886624999999,184.0,7.209409511956522,1326.5313502,3.1795934597826085,585.0451965999999,34.0,6.817889411764705,231.80823999999998,2.8752171617647058,97.7573835
US-Ha1,2022,NIRv,fixed,129.02319888049877,172.0,310.2223567674248,277.83901910279275,244.63339608203967,313.55251722084677,277.79366321437175,241.468666002999,42.5378,DBF,43.0,7.485298372093024,321.86783,2.7423047674418606,117.919105,16.903093023255813,272.32576744186053,6.897953488372093,92.29999999999998,70.0,9.861902285714285,690.3331599999999,5.4195728999999995,379.370103,142.0,7.137651691549296,1013.5465402,3.3242605676056343,472.0450006000001,17.055894366197183,206.8865915492958,5.327964788732395,492.59999999999997,112.0,8.946387410714285,1001.9953899999999,4.384019625,491.01019799999995,148.0,8.496227297297297,1257.44164,4.05992197635135,600.8684524999998,184.0,7.202221577173913,1325.2087702,3.1722016065217393,583.6850956000001,36.0,7.0957291666666675,255.44625000000002,3.0516181805555553,109.85825449999999
US-Ha1,2023,NDVI,fixed,83.0,172.0,287.15217695963673,197.0325515520906,156.34179944609073,316.8904205731284,281.37100599404545,250.3465007586193,42.5378,DBF,90.0,4.286225934444444,385.7603341,1.2876940333333333,115.89246299999999,11.590977777777779,229.1915666666667,5.8746888888888895,239.20000000000002,79.0,11.529123797468355,910.80078,5.904489374683544,466.45466059999995,145.0,8.085186040689656,1172.3519759,3.865724313103448,560.5300254,16.701986206896553,176.6901034482759,4.214193103448276,770.6999999999999,168.0,7.649523893452381,1285.1200141,3.4249189499999995,575.3863835999999,199.0,7.423791467839196,1477.3345021,3.359443867336684,668.5293296000001,234.0,6.609706025641025,1546.67121,2.860947642735043,669.4617484,31.0,6.20046735483871,192.21448800000002,3.004611161290323,93.14294600000001
US-Ha1,2023,EVI,fixed,123.4152728056534,172.0,310.7030099361867,284.26726315141275,257.67518959869034,312.80743972946465,279.15076386815787,245.2395614711614,42.5378,DBF,49.0,7.0181764489795935,343.89064600000006,3.2390787755102037,158.71486,14.784551020408163,263.0271836734694,7.119591836734694,106.7,74.0,11.552784864864865,854.90608,5.951074332432432,440.3795006,141.0,8.30749965248227,1171.357451,4.008471825531915,565.1945274,17.120007092198584,179.37917021276593,4.273397163120567,765.8,122.0,9.732423163934426,1187.355626,4.853554267213116,592.1336206000001,156.0,9.144763423076924,1426.583094,4.535758535897436,707.5783316000001,189.0,7.956650777777777,1503.806997,3.793379086772487,716.9486474,34.0,7.036102,239.227468,3.3954326764705884,115.44471100000001
US-Ha1,2023,NIRv,fixed,123.50516410832198,172.0,313.0025214233749,284.5267654623458,255.77589460630944,313.55251722084677,277.79366321437175,241.468666002999,42.5378,DBF,49.0,7.0181764489795935,343.89064600000006,3.2390787755102037,158.71486,14.784551020408163,263.0271836734694,7.119591836734694,106.7,70.0,11.646940285714285,815.28582,5.991949151428572,419.4364406,142.0,8.246926450704226,1171.063556,3.9679089253521127,563.4430674,17.006985915492958,178.19766197183097,4.248260563380281,770.6999999999998,118.0,9.726570898305086,1147.735366,4.8405979711864395,571.1905605999999,154.0,9.20698535064935,1417.875744,4.571608588311689,704.0277226000001,190.0,7.9132268526315785,1503.513102,3.7641957231578944,715.1971874,36.0,7.503899388888889,270.140378,3.6899211666666667,132.837162
US-Ha1,2024,NDVI,fixed,124.99991031771836,173.0,337.2945001681554,294.6050897119058,245.72339588703096,316.8904205731284,281.37100599404545,250.3465007586193,42.5378,DBF,49.0,7.815747,382.971603,3.422950469387755,167.724573,16.67434693877551,243.82944897959183,6.583857142857144,213.89999999999998,78.0,11.132195,868.31121,5.922191929487179,461.9309705,144.0,7.889124493055555,1136.033927,3.916302232638889,563.9475215,16.584340277777777,179.80709027777777,5.475590277777777,557.4,126.0,9.831407246031747,1238.757313,4.939399472222224,622.3643335000002,157.0,9.202781484076432,1444.8366929999997,4.773892429936305,749.5011115,192.0,7.846250156250001,1506.4800300000002,3.772817106770834,724.3808845000001,31.0,6.647721935483871,206.07938,4.101186387096775,127.13677800000004
US-Ha1,2024,EVI,fixed,127.5804141948874,173.0,312.29940198125644,269.48711357601366,225.5736870078537,312.80743972946465,279.15076386815787,245.2395614711614,42.5378,DBF,46.0,8.252050130434784,379.594306,3.7061866521739137,170.48458600000004,17.068586956521738,248.72906521739122,6.833239130434783,199.9,73.0,11.330858493150684,827.15267,5.956799869863014,434.8463905,140.0,8.092512164285713,1132.951703,4.075487653571428,570.5682714999999,16.843807142857145,181.76005,5.502085714285713,555.6,118.0,10.120520983050849,1194.2214760000002,5.068133614406781,598.0397665000002,152.0,9.421877671052632,1432.125406,4.918679305921053,747.6392545000001,185.0,8.108218967567566,1500.0205089999997,3.9662791756756755,733.7616475,34.0,6.997174411764706,237.90393,4.39998494117647,149.59948799999998
US-Ha1,2024,NIRv,fixed,127.5751046040612,173.0,314.54622134434203,266.1900381648767,216.12049670255715,313.55251722084677,277.79366321437175,241.468666002999,42.5378,DBF,46.0,8.252050130434784,379.594306,3.7061866521739137,170.48458600000004,17.068586956521738,248.72906521739122,6.833239130434783,199.9,69.0,11.461860724637681,790.86839,5.96421870289855,411.53109049999995,141.0,8.039107333333334,1133.514134,4.033053414893616,568.6605314999998,16.783624113475177,181.35063120567375,5.496397163120567,555.6,114.0,10.157343824561405,1157.937196,5.041442688596492,574.7244665000001,150.0,9.477676506666667,1421.651476,4.943233096666666,741.4849644999999,186.0,8.067650215053764,1500.58294,3.9346984274193546,731.8539075,36.0,7.325396666666667,263.71428000000003,4.6322360555555555,166.76049799999998
US-Ha1,2025,NDVI,fixed,124.40077186618088,172.0,312.4075142842832,289.8515668514517,267.2428202050697,316.8904205731284,281.37100599404545,250.3465007586193,42.5378,DBF,48.0,6.762855958333333,324.617086,2.5454106875,122.17971299999999,15.002645833333332,195.4354166666667,5.3333125,233.7,79.0,10.454014683544305,825.86716,4.546678100886076,359.18756997,145.0,7.310893916666667,1060.0796179166666,2.975724417847222,431.4800405878472,16.53570344827586,193.5059724137931,6.755068965517241,315.74099999999993,126.0,9.041008301587302,1139.167046,3.7783670870634927,476.0742529700001,157.0,8.448749146496814,1326.4536159999998,3.581004770509554,562.21774897,192.0,7.152191675392672,1373.220801675393,2.855450257434555,548.2464494274345,31.0,6.041502258064518,187.28657000000004,2.778822451612903,86.143496
US-Ha1,2025,EVI,fixed,120.1557289282936,172.0,310.9537549701316,277.79468411758984,244.45944604419495,312.80743972946465,279.15076386815787,245.2395614711614,42.5378,DBF,52.0,6.309614192307692,328.099938,2.1734273653846152,113.01822299999999,14.998557692307694,195.17523076923078,5.339230769230769,260.40000000000003,74.0,10.745876081081082,795.1948300000001,4.714539379324324,348.87591406999996,141.0,7.459849170212765,1051.8387329999998,3.056365639503546,430.94755517,16.89331205673759,197.4717588652482,6.899432624113475,295.254,125.0,8.895820544,1111.977568,3.65280885656,456.60110707,159.0,8.333829924528303,1325.078958,3.4765854903773588,552.77709297,192.0,7.128236828125,1368.621471,2.805587230052083,538.67274817,34.0,6.26768794117647,213.10138999999998,2.8287054676470587,96.1759859
US-Ha1,2025,NIRv,fixed,124.20045828267024,172.0,311.94054821989533,278.0992521246454,243.9251740943733,313.55251722084677,277.79366321437175,241.468666002999,42.5378,DBF,48.0,6.762855958333333,324.617086,2.5454106875,122.17971299999999,15.002645833333332,195.4354166666667,5.3333125,233.7,70.0,10.847844285714284,759.3490999999999,4.807405343857143,336.51837407,142.0,7.410194725352112,1052.247651,3.0289244659859156,430.10727417000004,16.822725352112677,196.48235211267604,6.86344366197183,300.544,117.0,9.167940051282052,1072.6489860000001,3.875256898034188,453.40505707,153.0,8.5709042875817,1311.348356,3.6461645945751635,557.86318297,189.0,7.225119243386246,1365.5475370000004,2.8941479215343917,546.99395717,36.0,6.630538055555556,238.69937000000002,2.901614608333334,104.45812590000001
US-Jo1,2013,NDVI,fixed,206.1676834013887,172.0,358.4527239366083,317.77378006278764,284.5568831470088,316.93130491431816,279.53791060928205,251.77464662933107,32.582,OSH,,,,,,,,,,80.0,1.0986594875,87.892759,0.298229634,23.858370720000003,145.0,1.2388875517241378,179.63869499999998,0.4211915477241379,61.072774419999995,22.346868965517242,250.63186206896555,18.329303448275862,245.736,45.0,1.4995246,67.478607,0.3495289822222222,15.728804199999997,73.0,1.6848424246575344,122.99349700000002,0.5025352917808219,36.6850763,110.0,1.4474958454545452,159.22454299999998,0.48130189000000007,52.943207900000004,28.0,1.982674642857143,55.51489,0.7484382892857144,20.956272100000003
US-Jo1,2013,EVI,fixed,210.30992088036209,172.0,342.2800505812973,302.667347946541,277.40303709288645,328.06970021796377,288.69921660136015,254.76142243862031,32.582,OSH,,,,,,,,,,83.0,1.108504204819277,92.005849,0.30267122554216863,25.121711719999997,157.0,1.1812926732484077,185.4629497,0.4051647313375796,63.610862819999994,21.464694267515924,240.55250955414007,17.46753503184713,248.22699999999998,44.0,1.5581524545454544,68.558708,0.38179256590909083,16.798872899999996,78.0,1.7342951025641025,135.275018,0.5410783076923077,42.204108,118.0,1.3730153279661015,162.01580869999998,0.46854257627118645,55.288024,34.0,1.9622444117647058,66.71631,0.7472127970588235,25.4052351
US-Jo1,2013,NIRv,fixed,210.1182938509364,172.0,330.09684708474566,296.4486923168559,275.6011783539631,323.9020348326732,287.873253829111,256.47464756565506,32.582,OSH,,,,,,,,,,85.0,1.1112125764705882,94.453069,0.3010561967058823,25.589776719999996,152.0,1.2076388092105264,183.561099,0.4145070817105263,63.005076419999995,21.91308552631579,245.64334210526317,17.848401315789474,245.736,46.0,1.5436071304347825,71.005928,0.3753682152173912,17.266937899999995,77.0,1.7390656883116882,133.90805799999998,0.5414721558441559,41.693356,113.0,1.416937681415929,160.11395799999997,0.4839136070796461,54.68223760000001,31.0,2.029100967741935,62.90212999999999,0.787948970967742,24.4264181
US-Jo1,2014,NDVI,fixed,222.25733110150892,172.0,291.0215931633079,288.91012515075204,286.8212864194623,316.93130491431816,279.53791060928205,251.77464662933107,32.582,OSH,,,,,,,,,,80.0,0.8380944462500001,67.0475557,0.08366678125,6.6933425,145.0,1.1815702806896553,171.3276907,0.25139207303448274,36.45185059,22.616220689655172,243.84901379310347,17.338193103448276,190.5,29.0,1.2626436896551725,36.616667,0.1921652068965517,5.572791,57.0,1.590878754385965,90.68008900000001,0.3480647964912281,19.8396934,94.0,1.4989021489361698,140.89680199999995,0.3758648839361702,35.331299089999995,28.0,1.9308365,54.063422,0.5095322285714285,14.2669024
US-Jo1,2014,EVI,fixed,218.34157751739053,172.0,290.6828962252369,288.76876118774913,286.869079636668,328.06970021796377,288.69921660136015,254.76142243862031,32.582,OSH,,,,,,,,,,83.0,0.8742557313253014,72.56322570000002,0.10369169277108435,8.6064105,157.0,1.1439728834394904,179.6037427,0.2565999145859872,40.286186589999986,21.45563057324841,236.79629936305733,16.55784076433121,191.00799999999998,36.0,1.2450524722222223,44.821889,0.19118708333333334,6.882735,70.0,1.5759814428571428,110.31870099999999,0.39014582,27.3102074,110.0,1.3805673272727275,151.86240600000002,0.35056828263636364,38.56251109,34.0,1.9263768235294119,65.496812,0.6008080117647058,20.427472399999996
US-Jo1,2014,NIRv,fixed,214.1645698084692,172.0,290.745972979526,288.8182687926299,286.9038895545527,323.9020348326732,287.873253829111,256.47464756565506,32.582,OSH,,,,,,,,,,85.0,0.9004230082352943,76.53595570000002,0.12301178235294116,10.4560015,152.0,1.1592911361842104,176.2122527,0.25733392493421053,39.11475659,21.863381578947372,239.4533684210526,16.805605263157897,191.00799999999998,42.0,1.243529904761905,52.228256000000016,0.1806364047619048,7.586729000000001,73.0,1.5344157260273972,112.01234799999999,0.3507931150684932,25.607897400000002,109.0,1.3936197522935783,151.90455300000002,0.3325273769724771,36.245484090000005,31.0,1.9285190967741936,59.784092,0.5813280129032258,18.0211684
US-Jo1,2015,NDVI,fixed,165.02992850793697,172.0,234.02272747697185,209.7408552116533,188.47216403372389,316.93130491431816,279.53791060928205,251.77464662933107,32.582,OSH,7.0,1.029361,7.205527,0.45887399999999995,3.212118,28.72985714285714,312.2041428571428,30.669142857142862,0.0,80.0,0.9943742499999999,79.54993999999999,0.143077129225,11.446170337999998,145.0,0.8743412255172414,126.7794777,0.15113729033103449,21.914907098,23.1735724137931,246.52033103448272,18.70261379310345,67.379,86.0,0.9980182093023258,85.82956600000001,0.16696341090697675,14.358853338000001,114.0,0.8992711464912281,102.5169107,0.16032474770175442,18.277021238000003,151.0,0.8811861172185431,133.0591037,0.1644211264768212,24.827590098,28.0,0.5959765964285715,16.6873447,0.13993456785714287,3.9181679000000003
US-Jo1,2015,EVI,fixed,62.69130492549875,172.0,342.7175351304453,289.7658546665394,243.55083220638988,328.06970021796377,288.69921660136015,254.76142243862031,32.582,OSH,110.0,1.2788351545454548,140.67186700000002,0.58246969,64.0716659,18.759945454545456,292.00529090909083,17.488763636363633,44.335,83.0,0.9763575060240963,81.037673,0.14582549804819275,12.103516337999999,157.0,0.8796631445859874,138.1071137,0.16902837005095545,26.537454098000005,22.11505732484076,239.01317834394902,17.83256050955414,68.434,192.0,1.1499147864583332,220.783639,0.39518618353125,75.875747238,226.0,1.0662513747787612,240.97281070000003,0.3569623276017699,80.673486038,266.0,1.0445604499999999,277.85307969999997,0.33951009397744364,90.30968499800001,34.0,0.5937991676470586,20.189171699999996,0.14110996470588233,4.797738799999999
US-Jo1,2016,NDVI,fixed,92.04202181765083,173.0,,,,316.93130491431816,279.53791060928205,251.77464662933107,32.582,OSH,81.0,1.1244142592592592,91.07755499999999,0.653026404691358,52.895138779999996,20.892543209876543,320.55113580246916,21.03061728395062,49.721999999999994,79.0,0.7453904658227849,58.88584680000001,0.2528374813924051,19.97416103,144.0,0.7373337555555556,106.1760608,0.2581858085416667,37.17875643,23.776402777777776,252.57402083333332,20.38843055555556,141.50300000000001,159.0,0.9366256088050315,148.92347180000002,0.4553461434591195,72.40003681,187.0,0.9149859668449198,171.1023758,0.4493037909625669,84.01980891000001,224.0,0.8759539544642857,196.2136858,0.4000206795089286,89.60463221,28.0,0.7921037142857142,22.178904,0.4149918607142857,11.619772099999999
US-Jo1,2016,EVI,fixed,86.53808290425191,173.0,358.33938198801127,336.2676859589665,307.6935787618637,328.06970021796377,288.69921660136015,254.76142243862031,32.582,OSH,87.0,1.1182750689655174,97.28993100000001,0.6670762388505747,58.03563277999999,20.314873563218388,315.02233333333334,20.372770114942533,49.976,82.0,0.7442138512195121,61.02553579999999,0.2515994991463415,20.63115893,156.0,0.7226755692307691,112.73738879999999,0.25559648480769237,39.873051630000006,22.852032051282055,245.31557692307695,19.534628205128204,141.50300000000001,168.0,0.9361639095238095,157.2755368,0.4654614804166667,78.19752871,202.0,0.9171533356435644,185.2649738,0.4565089847029703,92.21481491,242.0,0.8635842553719009,208.98738980000002,0.402642237231405,97.43942141000001,34.0,0.8232187352941177,27.989437000000002,0.41227312352941176,14.0172862
US-Jo1,2016,NIRv,fixed,61.66243468516733,173.0,347.9782562572456,313.6442774353918,275.18066381844125,323.9020348326732,287.873253829111,256.47464756565506,32.582,OSH,112.0,1.0672818392857144,119.53556600000002,0.6505604801785714,72.86277378,18.988705357142855,301.80309821428574,19.00632142857143,49.976,84.0,0.746463057142857,62.70289679999999,0.256250201547619,21.525016929999996,151.0,0.7300496609271523,110.2374988,0.25545897768211917,38.57430563,23.261099337748348,248.51052317880794,19.91868874172186,141.50300000000001,195.0,0.9292232451282052,181.1985328,0.4816334754358974,93.91852770999999,226.0,0.914456817699115,206.6672408,0.47177847305309734,106.62193491,262.0,0.8730272320610688,228.73313480000002,0.4235412840076336,110.96781641,31.0,0.8215712258064516,25.468708,0.4097873290322581,12.703407200000001
US-Jo1,2017,NDVI,fixed,191.9189750144069,172.0,332.5967705734436,286.5883023906367,255.903120118305,316.93130491431816,279.53791060928205,251.77464662933107,32.582,OSH,,,,,,,,,,80.0,,,,,145.0,,,,,22.92763448275862,251.31666896551724,18.217137931034486,178.332,60.0,,,,,88.0,,,,,125.0,,,,,28.0,1.2464506428571431,34.90061800000001,0.4776226178571429,13.3734333
US-Jo1,2017,EVI,fixed,168.88034361161684,172.0,316.384271794782,279.51682165170814,256.4602508956967,328.06970021796377,288.69921660136015,254.76142243862031,32.582,OSH,,,,,,,,,,83.0,,,,,157.0,,,,,22.255936305732483,243.82185350318474,17.801101910828027,178.33200000000002,86.0,,,,,120.0,,,,,160.0,,,,,34.0,1.1301741470588236,38.425921,0.5098810382352941,17.3359553
US-Jo1,2017,NIRv,fixed,153.7670185794307,172.0,314.2758925637526,280.38183711564693,257.56810295869377,323.9020348326732,287.873253829111,256.47464756565506,32.582,OSH,19.0,,,,,27.79231578947369,327.8608421052632,31.071052631578947,3.409,85.0,,,,,152.0,,,,,22.582355263157893,247.44678289473686,18.01179605263158,178.332,103.0,,,,,134.0,,,,,170.0,,,,,31.0,1.1241945161290323,34.850030000000004,0.5167638161290322,16.0196783
US-Jo1,2018,NDVI,fixed,158.62433751311008,172.0,344.037945430298,304.8921470256616,268.5346765821858,316.93130491431816,279.53791060928205,251.77464662933107,32.582,OSH,14.0,0.8105652142857143,11.347913,0.26970784999999997,3.7759098999999994,27.61242857142857,321.53049999999996,30.25335714285714,21.421,80.0,1.0271182625,82.169461,0.36365828499999997,29.0926628,145.0,1.0004202413793106,145.06093500000003,0.40268063241379315,58.38869170000001,22.726427586206896,244.02031724137927,19.008662068965517,227.329,93.0,0.9930255268817203,92.35137399999999,0.34996491075268815,32.5467367,121.0,1.018390694214876,123.22527399999998,0.37841064214876025,45.78768769999999,158.0,0.982549670886076,155.242848,0.39140990886075955,61.84276560000001,28.0,1.1026392857142857,30.8739,0.47289110714285715,13.240951
US-Jo1,2018,EVI,fixed,115.73646887643672,172.0,335.6519425239861,294.1905518781406,260.9177848062755,328.06970021796377,288.69921660136015,254.76142243862031,32.582,OSH,57.0,0.9895620701754384,56.40503799999999,0.6736724719298245,38.399330899999995,25.32821052631579,324.42663157894737,28.472614035087716,22.706999999999997,83.0,1.0278124939759037,85.30843700000001,0.36534819036144583,30.323899800000003,157.0,0.968496414012739,152.05393700000002,0.3949715770700638,62.01053760000002,21.586433121019105,237.20714012738853,18.132,227.329,139.0,1.011132913669065,140.54747500000002,0.4920963647482015,68.40139470000001,173.0,1.009303809248555,174.609559,0.48852654682080926,84.5150926,213.0,0.9732064553990611,207.292975,0.46989686619718307,100.0880325,34.0,1.0018259999999999,34.062084,0.4739322911764705,16.1136979
US-Jo1,2018,NIRv,fixed,72.96646503042095,172.0,334.8372993124728,295.4189208146085,261.0898551586178,323.9020348326732,287.873253829111,256.47464756565506,32.582,OSH,100.0,1.00797479,100.797479,0.7166474733,71.66474733,21.911910000000002,305.17008999999996,23.6837,24.113,85.0,1.0306806705882352,87.607857,0.3657425741176471,31.088118800000004,152.0,0.9813475328947369,149.164825,0.399214715131579,60.68063670000001,21.97183552631579,240.6086644736842,18.47720394736842,227.329,184.0,1.0176050869565219,187.239336,0.5566903811413044,102.43103013000001,215.0,1.0166539581395349,218.580601,0.546871865255814,117.57745103,251.0,0.9912203346613545,248.796304,0.525990231195219,132.02354802999997,31.0,1.0110085483870968,31.341265,0.48859422258064517,15.1464209
US-Jo1,2019,NDVI,fixed,90.05514446877403,172.0,342.7856318114479,341.66722821286095,340.50197355982874,316.93130491431816,279.53791060928205,251.77464662933107,32.582,OSH,82.0,1.585002073170732,129.97017000000002,0.9445566317073172,77.45364380000001,20.132060975609754,315.70215853658533,19.787390243902443,53.949999999999996,80.0,1.1199678375,89.597427,0.579025535625,46.32204285,145.0,0.9997577620689654,144.96487549999998,0.5604756706896551,81.26897224999999,23.318420689655174,255.73541379310342,21.132855172413795,105.19900000000001,161.0,1.3493620310559007,217.247287,0.7608400413043479,122.49524665000001,189.0,1.2674431005291007,239.54674600000004,0.7282639505291005,137.64188665,226.0,1.2062598915929204,272.6147355,0.6966467966814159,157.44217605,28.0,0.7964092500000001,22.299459000000002,0.5409514285714285,15.146639999999998
US-Jo1,2019,EVI,fixed,80.72015369805457,172.0,331.8679396669405,314.139277072591,294.25870517168244,328.06970021796377,288.69921660136015,254.76142243862031,32.582,OSH,92.0,1.5843141304347825,145.7569,0.9206732586956522,84.7019398,19.662152173913043,311.7421630434783,19.264869565217392,53.949999999999996,83.0,1.12171478313253,93.10232699999999,0.5869509740963856,48.71693085000001,157.0,0.9603926146496814,150.78164049999998,0.5428233136942674,85.22326024999998,22.28299363057325,247.530127388535,20.04815286624204,117.186,174.0,1.3594190632183907,236.53891699999997,0.7594162681034483,132.13843065,208.0,1.2780534182692307,265.835111,0.7220932435096155,150.19539465000003,248.0,1.1863638326612904,294.2182305,0.68001919375,168.64476005,34.0,0.8616527647058824,29.296194,0.5310871764705882,18.056964
US-Jo1,2019,NIRv,fixed,66.67860346723155,172.0,330.9672742866983,311.5409386442414,289.6810722110674,323.9020348326732,287.873253829111,256.47464756565506,32.582,OSH,106.0,1.506183386792453,159.65543900000003,0.8722827481132077,92.46197130000002,18.46666037735849,297.953141509434,17.801235849056603,68.744,85.0,1.111543282352941,94.48117899999998,0.5829532452941177,49.55102585000001,152.0,0.9751577664473683,148.22398049999998,0.5488450148026316,83.42444225,22.727065789473684,251.36590131578947,20.572592105263155,110.32700000000001,190.0,1.325348989473684,251.81630799999996,0.7406976692105263,140.73255715,221.0,1.2602796380090497,278.5218,0.7116869282805429,157.28281115,257.0,1.1889459513618679,305.55910950000003,0.6794006752918288,174.60597355,31.0,0.8614674838709677,26.705492,0.5338791612903225,16.550254
US-Jo1,2020,NDVI,fixed,-9.0,173.0,263.6757608387388,178.46236870347943,123.161918934546,316.93130491431816,279.53791060928205,251.77464662933107,32.582,OSH,183.0,1.18338750867052,216.55991408670513,0.6498242650867052,118.91784051086705,15.478173410404626,254.50888439306357,15.202028901734105,116.56465317919074,79.0,0.7377174620253164,58.27967949999999,0.2585007069620254,20.421555850000004,144.0,0.6073236173611112,87.4546009,0.256284584375,36.90498015,24.345180555555558,262.6010486111111,25.064173611111112,49.107,261.0,1.0443333685258964,272.57100918525896,0.5279012777290837,137.78223348729085,289.0,0.9952594928315411,287.6299934283154,0.5062856946594982,146.316565756595,326.0,0.9218436610759494,300.5210335107595,0.4714767247151899,153.7014122571519,28.0,0.55534725,15.549722999999998,0.3125174321428571,8.750488099999998
US-Jo1,2020,EVI,fixed,-9.0,173.0,306.22199505855946,207.8994749881752,118.48896409840064,328.06970021796377,288.69921660136015,254.76142243862031,32.582,OSH,183.0,1.18338750867052,216.55991408670513,0.6498242650867052,118.91784051086705,15.478173410404626,254.50888439306357,15.202028901734105,116.56465317919074,82.0,0.732176298780488,60.03845650000001,0.26691359695121947,21.886914949999998,156.0,0.590838807051282,92.1708539,0.25134201506410253,39.20935435,23.600570512820514,254.7680641025641,24.11651282051282,49.107,264.0,1.0389230413385828,274.2756829133859,0.5274353535826771,139.24293334582677,298.0,0.9772870815972223,291.23155031597224,0.5007427875347221,149.2213506853472,338.0,0.9024964935975609,305.0438148359756,0.461253107347561,155.9035502834756,34.0,0.5168302058823528,17.572226999999998,0.30133361764705885,10.245343
US-Jo1,2020,NIRv,fixed,75.14986039118625,173.0,316.21656452083243,229.09827582845895,141.53149767074112,323.9020348326732,287.873253829111,256.47464756565506,32.582,OSH,98.0,1.6628847857142857,162.962709,0.8984113781632653,88.04431506,20.88386734693878,320.1152959183673,21.682193877551022,38.153,84.0,0.7211582202380953,60.577290500000004,0.26473166607142856,22.237459949999998,151.0,0.5982421317880795,90.33456190000001,0.25691870562913904,38.79472455,23.826920529801324,258.1658609271523,24.483390728476824,49.107,181.0,1.230176555248619,222.66195650000003,0.6074245414917127,109.94384201,212.0,1.1288990825471699,239.3266055,0.5640077500471699,119.56964301000001,248.0,1.0178194673387098,252.4192279,0.5100851072983871,126.50110661,31.0,0.537569322580645,16.664648999999997,0.3105097096774193,9.625801
US-Jo1,2021,NDVI,fixed,-7.0,172.0,331.8266541240127,272.7140960317498,236.23602652313903,316.93130491431816,279.53791060928205,251.77464662933107,32.582,OSH,180.0,0.46605989825581395,83.89078168604651,0.09790021511627908,17.622038720930234,15.197366279069769,262.7427267441861,16.237319767441864,12.45139534883721,80.0,1.59377718,127.5021744,0.12139153009999996,9.711322407999997,145.0,1.1150190027586206,161.6777554,0.1349100696413793,19.561960098,22.546137931034483,248.14932413793105,18.00624827586207,213.65,259.0,0.8269203780876494,214.17237792470118,0.11100294584860557,28.74976297478884,287.0,0.8035917129032257,230.6308216032258,0.09269047981362011,26.602167706508972,324.0,0.7649765693037974,247.85240845443036,0.11934296550000001,38.667120822,28.0,0.5944668928571428,16.645073,-0.07146769785714284,-2.0010955399999997
US-Jo1,2021,EVI,fixed,-7.0,172.0,314.9598173561458,262.1648135189953,221.816181910709,328.06970021796377,288.69921660136015,254.76142243862031,32.582,OSH,180.0,0.46605989825581395,83.89078168604651,0.09790021511627908,17.622038720930234,15.197366279069769,262.7427267441861,16.237319767441864,12.45139534883721,83.0,1.5714712457831324,130.4321134,0.11842435672289152,9.829221607999996,157.0,1.051218843312102,165.0413584,0.1443860133630573,22.668604097999992,21.76942038216561,241.40547770700638,17.497522292993633,213.65,262.0,0.8286887948818897,217.1164642590551,0.11015605751181103,28.86088706809449,296.0,0.797155614236111,235.95806181388886,0.1015730898194444,30.065634586555543,336.0,0.7472445088414634,251.0741549707317,0.12444823505487805,41.81460697843902,34.0,0.5615842058823529,19.093863,0.03745327235294118,1.27341126
US-Jo1,2021,NIRv,fixed,-7.0,172.0,307.9404029004779,263.4236158009382,233.11023116668224,323.9020348326732,287.873253829111,256.47464756565506,32.582,OSH,180.0,0.46605989825581395,83.89078168604651,0.09790021511627908,17.622038720930234,15.197366279069769,262.7427267441861,16.237319767441864,12.45139534883721,85.0,1.54752964,131.5400194,0.11277900362352937,9.586215307999996,152.0,1.0785425289473682,163.9384644,0.1426151716973684,21.677506097999995,22.097059210526318,245.1095,17.75471052631579,213.65,264.0,0.8265424214843751,218.20719927187503,0.10834621995312499,28.603402067624998,295.0,0.7988827975609757,235.67042528048782,0.10129876609059234,29.88313599672474,331.0,0.7553972287925697,250.03648273034057,0.1233062634613003,40.8143732056904,31.0,0.5704678387096774,17.684503,0.043100437419354834,1.3361135599999998
US-Jo1,2022,NDVI,fixed,198.8565894365432,172.0,353.9619368740342,315.09229269395667,281.78377034578034,316.93130491431816,279.53791060928205,251.77464662933107,32.582,OSH,,,,,,,,,,80.0,0.6838788775,54.710310199999995,-0.015099782624999994,-1.2079826099999995,145.0,0.9219801445378152,133.6871209579832,0.19685375369747898,28.543794286134453,22.257365517241382,236.81874482758622,17.41971724137931,227.184,53.0,0.8361687528301888,44.316943900000005,0.06259347641509436,3.317454250000001,81.0,1.0884365172839505,88.1633579,0.2581853648148148,20.91301455,118.0,,,,,28.0,1.565943357142857,43.846413999999996,0.6284128678571428,17.5955603
US-Jo1,2022,EVI,fixed,231.59629662587488,172.0,341.5911718542331,311.6115771441952,280.1558098056309,328.06970021796377,288.69921660136015,254.76142243862031,32.582,OSH,,,,,,,,,,83.0,0.7227208457831324,59.985830199999995,0.009564317951807236,0.7938383900000007,157.0,,,,,21.028394904458597,229.9277898089172,16.603063694267515,227.752,23.0,1.6713473782608697,38.4409897,0.32366835652173914,7.4443722,57.0,1.5136128192982456,86.2759307,0.5061816052631578,28.852351499999994,97.0,,,,,34.0,1.4069100294117647,47.834941,0.6296464500000001,21.4079793
US-Jo1,2022,NIRv,fixed,144.28953012344132,172.0,342.0598035883074,312.08445771322715,287.60533719813645,323.9020348326732,287.873253829111,256.47464756565506,32.582,OSH,28.0,0.39497107285714295,11.059190040000002,0.20292515714285714,5.6819044,26.856642857142855,324.5378571428572,29.916249999999998,18.288,85.0,0.749278825882353,63.6887002,0.025793722235294123,2.1924663900000003,152.0,,,,,21.501677631578946,232.60053289473686,16.916559210526316,227.19,112.0,0.6614600914285714,74.08353024,0.06965747133928572,7.801636790000001,143.0,0.8187314072727273,117.07859124000001,0.18948732230769227,27.096687089999996,179.0,0.8226744331506849,147.25872353397259,0.19886826773972602,35.59741992541096,31.0,1.3869374516129034,42.99506100000001,0.6224209774193549,19.2950503
US-KFS,2017,NDVI,fixed,90.94415053258996,172.0,340.1962644641944,298.5735959996296,248.6339619983851,,,,39.0561,GRA,82.0,2.7478234707317073,225.3215246,0.3868102109756097,31.718437299999994,18.066963414634145,250.00386585365854,12.205975609756097,316.8,,,,,,,,,,,,,,,,,,,,,,,,,,,,,,,,,,
US-KFS,2017,EVI,fixed,96.16763406485484,172.0,330.24638181737873,278.6616394185089,225.243891192376,,,,39.0561,GRA,76.0,2.916696323684211,221.66892060000004,0.46730689868421066,35.51532430000001,18.67296052631579,258.77038157894737,12.621434210526315,285.2,,,,,,,,,,,,,,,,,,,,,,,,,,,,,,,,,,
US-KFS,2017,NIRv,fixed,98.6343551530399,172.0,327.2842874981186,275.56846018735695,224.0877324195959,,,,39.0561,GRA,74.0,2.977258156756757,220.3171036,0.5028413283783785,37.21025830000001,18.771432432432434,258.7154189189189,12.70758108108108,285.2,,,,,,,,,,,,,,,,,,,,,,,,,,,,,,,,,,
US-MMS,2022,NDVI,fixed,120.22964248268384,172.0,302.3484606718011,290.9321110764451,279.5148835148928,,,,39.3232,DBF,52.0,10.254743846153845,533.24668,3.816091076923077,198.436736,20.54021153846154,247.96315384615386,8.918750000000001,175.64299999999997,,,,,,,,,,,,,,,,,,,,,,,,,,,,,,,,,,
US-MMS,2022,EVI,fixed,111.86325692189024,172.0,312.9410654792901,283.2356127597252,252.69456524457595,,,,39.3232,DBF,61.0,8.888534196721313,542.200586,2.8671514098360653,174.896236,19.874114754098358,243.65068852459018,8.905,223.843,,,,,,,,,,,,,,,,,,,,,,,,,,,,,,,,,,
US-MMS,2022,NIRv,fixed,114.40483734710298,172.0,314.3393380549355,281.07281383966944,246.3673071917388,,,,39.3232,DBF,58.0,9.351618965517241,542.3939,3.199192862068965,185.55318599999998,19.76448275862069,244.2665172413793,8.685672413793105,218.743,,,,,,,,,,,,,,,,,,,,,,,,,,,,,,,,,,
US-MMS,2023,NDVI,fixed,104.66000630937138,172.0,319.9074554593831,302.9769268524504,285.70741652560315,,,,39.3232,DBF,68.0,8.758449808823528,595.5745869999998,4.406850025000001,299.66580170000003,17.246882352941178,248.17249999999999,9.697500000000002,188.9,,,,,,,,,,,,,,,,,,,,,,,,,,,,,,,,,,
US-MMS,2023,EVI,fixed,104.23287296626312,172.0,313.8074432430016,286.7366148695587,258.59007018667387,,,,39.3232,DBF,68.0,8.758449808823528,595.5745869999998,4.406850025000001,299.66580170000003,17.246882352941178,248.17249999999999,9.697500000000002,188.9,,,,,,,,,,,,,,,,,,,,,,,,,,,,,,,,,,
US-MMS,2023,NIRv,fixed,122.16983981133532,172.0,312.2619039173997,284.48648954001374,255.6612370888477,,,,39.3232,DBF,50.0,10.951098599999998,547.5549299999999,6.198197619999999,309.909881,19.64582,274.2722,11.002,132.9,,,,,,,,,,,,,,,,,,,,,,,,,,,,,,,,,,
US-MOz,2016,NDVI,fixed,120.80946594942908,173.0,332.21314225475265,300.92816622219334,269.06929794174187,,,,38.7441,DBF,53.0,10.465067735849058,554.64859,4.472564396226415,237.045913,21.16941509433962,272.8444528301887,9.57088679245283,111.90000000000002,,,,,,,,,,,,,,,,,,,,,,,,,,,,,,,,,,
US-MOz,2016,EVI,fixed,121.8482664563463,173.0,321.7930259766933,269.2681422806256,215.124980138705,,,,38.7441,DBF,52.0,10.567425769230768,549.50614,4.575022288461539,237.901159,21.231173076923078,274.9168846153846,9.661846153846154,102.70000000000002,,,,,,,,,,,,,,,,,,,,,,,,,,,,,,,,,,
US-MOz,2016,NIRv,fixed,122.07568412815812,173.0,321.9160886654718,263.33361905594944,203.16447955998265,,,,38.7441,DBF,51.0,10.595711764705882,540.3813,4.6063974313725495,234.92626900000002,21.354843137254903,275.4977647058824,9.751705882352942,102.70000000000002,,,,,,,,,,,,,,,,,,,,,,,,,,,,,,,,,,
US-Me6,2017,NDVI,fixed,227.9267641185654,172.0,372.79162346551857,368.51362198583695,362.32336958936935,362.03522662762583,357.8848202595569,351.9908742592297,44.3232,ENF,,,,,,,,,,180.0,2.1509080639444447,387.16345151,-0.5558464329444444,-100.05235792999999,191.0,2.029236526492147,387.58417656000006,-0.548846062460733,-104.82959792999999,10.291157068062828,185.49896858638743,9.126010471204188,165.11999999999998,124.0,1.4352654154032256,177.97291151,-0.4682899768548388,-58.06795713000001,130.0,1.373048859,178.49635167,-0.4667340394615384,-60.675425129999994,135.0,1.3214343448888888,178.39363655999998,-0.46551997874074075,-62.84519713,6.0,0.08724002666666668,0.52344016,-0.43457799999999996,-2.607468
US-Me6,2017,EVI,fixed,103.12707076518949,172.0,,,,,,,44.3232,ENF,69.0,3.978988043478262,274.5501750000001,0.9733813173913045,67.16331090000001,10.442492753623187,282.20294202898555,6.903043478260869,28.369999999999997,,,,,,,,,,,,,,,,,,,,,,,,,,,,,,,,,,
US-Me6,2017,NIRv,fixed,103.67433340110529,172.0,,,,,,,44.3232,ENF,69.0,3.978988043478262,274.5501750000001,0.9733813173913045,67.16331090000001,10.442492753623187,282.20294202898555,6.903043478260869,28.369999999999997,,,,,,,,,,,,,,,,,,,,,,,,,,,,,,,,,,
US-Me6,2020,NDVI,fixed,257.0446240354747,173.0,348.458071684853,345.59901255530355,342.7234288935171,362.03522662762583,357.8848202595569,351.9908742592297,44.3232,ENF,,,,,,,,,,179.0,2.1395783290502792,382.9845209,-0.44327197206703917,-79.34568300000001,190.0,2.0278040994736846,385.28277890000004,-0.43899581052631576,-83.40920399999999,11.296005263157895,193.85842631578947,9.417515789473685,160.70000000000002,94.0,0.977266935106383,91.8630919,-0.41614809680851067,-39.117921100000004,100.0,0.9280501389999998,92.80501389999998,-0.4181004509999999,-41.81004509999999,105.0,0.8967747609523808,94.16134989999999,-0.4112518295238095,-43.1814421,6.0,0.15698700000000002,0.9419220000000001,-0.44868733333333327,-2.6921239999999997
US-Me6,2020,EVI,fixed,171.66009134767756,173.0,,,,,,,44.3232,ENF,,,,,,,,,,,,,,,,,,,,,,,,,,,,,,,,,,,,,,,,,,,
US-Me6,2020,NIRv,fixed,169.03525531785337,173.0,,,,,,,44.3232,ENF,,,,,,,,,,,,,,,,,,,,,,,,,,,,,,,,,,,,,,,,,,,
US-Me6,2023,NDVI,fixed,258.2008358877944,172.0,373.2744240677325,365.6853117372749,354.5828748028247,362.03522662762583,357.8848202595569,351.9908742592297,44.3232,ENF,,,,,,,,,,180.0,2.146721071888889,386.40979294,-0.6918533677777776,-124.53360619999997,191.0,2.033690859371728,388.43495414000006,-0.6711297963350785,-128.1857911,10.04707329842932,177.73942931937174,8.41166492146597,143.935,93.0,1.0439217627956987,97.08472393999998,-0.5985592064516129,-55.6660062,99.0,0.9887628903030303,97.88752614,-0.5881331222222222,-58.225179100000005,104.0,0.9529796648076925,99.10988514000002,-0.5703672221153846,-59.3181911,6.0,0.13380036666666667,0.8028022,-0.4265288166666667,-2.5591729
US-Me6,2023,NIRv,fixed,101.92592412671615,172.0,368.1344142071113,366.7103182544408,365.2892878430585,,,,44.3232,ENF,71.0,4.919658591549295,349.2957599999999,1.1807444661971829,83.83285709999998,11.290661971830987,282.1440704225352,7.92161971830986,32.987,,,,,,,,,,,,,,,,,,,,,,,,,,,,,,,,,,
US-Me6,2024,NDVI,fixed,235.96249306631648,173.0,353.6167872923993,351.74133475981216,348.3338237512077,362.03522662762583,357.8848202595569,351.9908742592297,44.3232,ENF,,,,,,,,,,179.0,2.813577002793296,503.63028349999996,-0.5818790150837988,-104.15634369999998,190.0,2.707148628947368,514.3582395,-0.5871789826315789,-111.56400669999998,10.757731578947368,185.78960526315785,8.940752631578947,171.079,116.0,1.7564487370689654,203.7480535,-0.4032788129310345,-46.7803423,122.0,1.7163887663934425,209.3994295,-0.42123510901639344,-51.3906833,127.0,1.6887874763779527,214.4760095,-0.4266772070866141,-54.18800529999999,6.0,0.941896,5.651376,-0.7683901666666667,-4.610341
US-Me6,2024,EVI,fixed,175.19057129903433,173.0,347.74651121457725,346.4704946256183,345.19452421352247,,,,44.3232,ENF,,,,,,,,,,,,,,,,,,,,,,,,,,,,,,,,,,,,,,,,,,,
US-Me6,2024,NIRv,fixed,174.31630426225692,173.0,,,,,,,44.3232,ENF,,,,,,,,,,,,,,,,,,,,,,,,,,,,,,,,,,,,,,,,,,,
US-Me6,2025,NDVI,fixed,251.56274081193143,172.0,,,,362.03522662762583,357.8848202595569,351.9908742592297,44.3232,ENF,,,,,,,,,,180.0,2.422439516388889,436.03911295000006,-0.2294453983888889,-41.30017171,191.0,2.3350952458115186,446.00319195000003,-0.22747003408376962,-43.44677651,11.66844502617801,180.14868062827225,9.015162303664923,240.654,100.0,1.4315615195,143.15615195,-0.042484271000000004,-4.248427100000001,106.0,1.4015007070754717,148.55907495,-0.05678075,-6.0187595,111.0,1.3794615400900903,153.12023095,-0.057612899999999995,-6.395031899999999,6.0,0.9004871666666667,5.402923,-0.29505539999999997,-1.7703323999999998
US-Mpj,2016,NDVI,fixed,132.83266284446398,173.0,301.54827656897623,291.2136457018393,276.122353071824,334.4854260740221,292.95384833693,261.133037134568,34.4382,WSA,41.0,2.884119512195122,118.2489,0.7014819999999999,28.760761999999996,17.312268292682926,326.2773170731707,14.525634146341462,41.601,89.0,1.9798225842696628,176.20421,-0.025269714044943815,-2.2490045499999995,162.0,1.5944233691358025,258.2965858,-0.03687841660493826,-5.974303489999999,15.897259259259258,240.35837654320989,10.954679012345679,207.41600000000003,129.0,2.262249379844961,291.83016999999995,0.2009178406976744,25.918401449999998,160.0,2.05147303125,328.235685,0.13353566562500002,21.3657065,202.0,1.8511017118811879,373.92254579999997,0.1098668441089109,22.193102510000003,31.0,1.1743714516129033,36.405515,-0.1468611274193548,-4.552694949999999
US-Mpj,2016,EVI,fixed,102.21956538361012,173.0,297.9512369416079,274.74264885084165,235.38825517820803,318.2350911327396,272.3100007954467,227.36699985263948,34.4382,WSA,71.0,2.8977330985915493,205.73905,1.1793165915492958,83.731478,14.07481690140845,313.6936619718309,11.63125352112676,58.084999999999994,55.0,1.874721090909091,103.10966,0.07077678563636364,3.89272321,146.0,1.6549244575342463,241.61897079999997,-0.05655013897260271,-8.256320289999996,17.115616438356167,250.09491780821918,11.625472602739725,203.24,125.0,2.4498061599999996,306.22576999999995,0.6962467616800001,87.03084521000001,170.0,2.2962513529411765,390.36273,0.46456433323529406,78.97593665,216.0,2.0589587074074074,444.7350808,0.34667500791666667,74.88180171,45.0,1.8697102222222222,84.13696,-0.17899796799999995,-8.054908559999998
US-Mpj,2016,NIRv,fixed,102.8770185576776,173.0,297.18427160927274,271.26451719930856,228.89442927778217,316.3021522654453,270.4952848335884,225.72337300261324,34.4382,WSA,71.0,2.8977330985915493,205.73905,1.1793165915492958,83.731478,14.07481690140845,313.6936619718309,11.63125352112676,58.084999999999994,53.0,1.8708075471698113,99.1528,0.08329294735849056,4.41452621,144.0,1.657670422222222,238.70454079999996,-0.06187205062499998,-8.909575289999998,17.257006944444445,251.12005555555555,11.725347222222222,203.13,123.0,2.45747081300813,302.26891,0.7118101480487806,87.55264821000002,168.0,2.311602642857143,388.349244,0.47196411517857145,79.28997135,214.0,2.0645824803738315,441.82065079999995,0.34686236780373836,74.22854671,45.0,1.9128963111111112,86.08033400000001,-0.1836150413333333,-8.26267686
US-Mpj,2017,NDVI,fixed,30.0,172.0,360.24549184136623,326.3311774689662,292.26436640614094,334.4854260740221,292.95384833693,261.133037134568,34.4382,WSA,143.0,2.004546951048951,286.650214,0.6184550477622377,88.43907182999999,11.371118881118882,275.8055174825175,10.28379020979021,90.88699999999999,90.0,2.1460303,193.142727,-0.12134358777777779,-10.9209229,163.0,2.17852881595092,355.100197,0.18594298282208588,30.3087062,16.09889570552147,244.58068098159507,10.967570552147238,218.152,232.0,2.062288323275862,478.450891,0.3362767626293103,78.01620892999999,263.0,2.063203920152091,542.622631,0.27207320163498094,71.55525202999999,305.0,2.099699544262295,640.408361,0.39096996075409834,119.24583803,31.0,2.070056129032258,64.17174,-0.20841796451612904,-6.4609569
US-Mpj,2017,EVI,fixed,61.38837012473079,172.0,354.86752855829866,305.49205894466,253.52432175226647,318.2350911327396,272.3100007954467,227.36699985263948,34.4382,WSA,111.0,2.314401927927928,256.898614,0.6893259594594594,76.5151815,13.24346846846847,300.88686486486483,11.738522522522521,81.326,56.0,1.9735799464285715,110.520477,-0.2646154267857143,-14.818463900000001,147.0,2.2036084149659865,323.930437,0.09268744353741495,13.625054199999997,16.87125850340136,253.6291904761905,11.2531768707483,218.152,166.0,2.205283379518072,366.077041,0.37466733493975907,62.1947776,211.0,2.192281047393365,462.57130100000006,0.2935621763033175,61.94161919999999,257.0,2.254813233463035,579.487001,0.352678193385214,90.6382957,45.0,2.1443168888888886,96.49425999999998,-0.005625742222222212,-0.25315839999999956
US-Mpj,2017,NIRv,fixed,61.29635314531295,172.0,354.10897866766464,302.73113070983567,249.30841087690823,316.3021522654453,270.4952848335884,225.72337300261324,34.4382,WSA,111.0,2.314401927927928,256.898614,0.6893259594594594,76.5151815,13.24346846846847,300.88686486486483,11.738522522522521,81.326,54.0,1.9637329074074077,106.04157700000002,-0.2673857388888889,-14.4388299,145.0,2.2007130137931035,319.103387,0.0765254772413793,11.0961942,16.931165517241382,254.72615172413794,11.2832,218.152,164.0,2.204866713414634,361.598141,0.38155129024390244,62.5744116,209.0,2.2016720622009567,460.149461,0.30768784306220087,64.30675919999999,255.0,2.253568435294118,574.6599510000001,0.34552719882352934,88.10943569999998,45.0,2.1900293333333334,98.55132,0.03849661333333334,1.7323476000000002
US-Mpj,2018,NDVI,fixed,33.0,172.0,345.4252273876885,304.88503966226875,268.0136484260356,334.4854260740221,292.95384833693,261.133037134568,34.4382,WSA,140.0,1.3617858714285715,190.650022,0.6358155971428571,89.0141836,11.957792857142858,279.6579214285715,11.881757142857142,55.715999999999994,90.0,1.6239752455555554,146.1577721,-0.5592756833333333,-50.3348115,163.0,1.5364410663803683,250.43989382000004,-0.0868089669325154,-14.149861610000011,15.401263803680981,235.6921901840491,10.68536809815951,256.93100000000004,229.0,1.4693454676855893,336.48011209999993,0.17349289126637552,39.729872099999994,260.0,1.492090308076923,387.9434801,0.19622166534615387,51.01763299000001,302.0,1.4594775954304635,440.76223382,0.2513735827483443,75.91482198999998,31.0,1.6601086451612903,51.463368,0.36412131903225814,11.287760890000003
US-Mpj,2018,EVI,fixed,151.00968793844294,172.0,312.39384797659886,283.6794504919687,262.48450451757725,318.2350911327396,272.3100007954467,227.36699985263948,34.4382,WSA,21.0,0.37364852380952385,7.8466190000000005,-0.7647723333333334,-16.060219,21.53509523809524,337.0295238095238,20.251428571428573,19.812,56.0,1.1761672160714285,65.8653641,-0.7739193732142857,-43.3394849,147.0,1.5839170123809525,232.83580082000003,-0.1738908476870748,-25.561954609999997,16.597877551020407,244.15298639455784,11.241510204081633,256.169,76.0,0.9655829092105265,73.38430110000002,-0.7677526828947369,-58.3492039,121.0,1.4442202404958677,174.7506491,-0.5290608744628099,-64.01636581,167.0,1.4392499270658683,240.35473782,-0.2429441533532934,-40.57167361,45.0,2.252585511111111,101.366348,-0.1259369313333333,-5.667161909999999
US-Mpj,2018,NIRv,fixed,127.93121980454968,172.0,310.4168193990193,285.1010042527765,264.2210248066272,316.3021522654453,270.4952848335884,225.72337300261324,34.4382,WSA,45.0,0.4703751333333334,21.166881000000004,-0.5019656866666666,-22.5884559,20.29424444444444,340.8002888888888,19.53686666666667,26.924,54.0,1.1365932240740741,61.376034100000005,-0.7915808685185185,-42.7453669,145.0,1.5931894746206898,231.01247382000003,-0.18415995593103446,-26.703193609999996,16.832682758620688,244.94852413793103,11.348903448275863,251.597,98.0,0.8389309500000001,82.2152331,-0.6559522734693877,-64.2833228,143.0,1.2922882594405594,184.7972211,-0.49253778118881125,-70.43290271000001,189.0,1.3325485334391534,251.85167281999998,-0.2552441773015873,-48.24114951000001,45.0,2.2795997333333338,102.58198800000002,-0.13665733133333333,-6.14957991
US-Mpj,2019,EVI,fixed,103.85109362558887,172.0,305.0026484363454,225.13114898587023,164.02856058328305,318.2350911327396,272.3100007954467,227.36699985263948,34.4382,WSA,69.0,1.595702420289855,110.103467,0.37389663623188407,25.7988679,14.52549275362319,309.10201449275365,11.862101449275361,57.15,56.0,0.6390915339285714,35.7891259,-0.51877773125,-29.05155295,147.0,0.7039728668435374,103.48401142600001,-0.23347359693877548,-34.320618749999994,17.168673469387755,257.5899795918367,13.205088435374153,123.69800000000001,124.0,1.171483531451613,145.2639579,-0.02152123427419356,-2.6686330500000013,169.0,1.0851541917159764,183.39105840000002,-0.09594543994082842,-16.214779350000004,215.0,0.9905062484930234,212.95884342600002,-0.03691952953488372,-7.937698849999999,45.0,0.8472689000000001,38.127100500000005,-0.3010254733333333,-13.546146299999998
US-Mpj,2019,NIRv,fixed,104.4145041141446,172.0,304.94977283360186,225.10019304741877,164.2861210929475,316.3021522654453,270.4952848335884,225.72337300261324,34.4382,WSA,68.0,1.5979231911764706,108.658777,0.37196730735294115,25.293776899999997,14.613764705882355,308.7165441176471,11.918014705882353,54.864000000000004,54.0,0.6415559981481481,34.6440239,-0.5322840435185187,-28.74333835000001,145.0,0.7087299408689656,102.76584142600001,-0.2395926672413793,-34.740936749999996,17.33534482758621,258.62952413793107,13.308537931034484,123.69800000000001,121.0,1.1791253380165292,142.67416590000002,-0.023681896280991734,-2.86550945,166.0,1.082956339759036,179.7707524,-0.10416668283132538,-17.291669350000014,212.0,0.9943206765377359,210.79598342600002,-0.041807112499999986,-8.863107849999997,45.0,0.8243685888888888,37.096586499999994,-0.3205813311111111,-14.426159899999998
US-Mpj,2020,NDVI,fixed,183.44809232686384,173.0,,,,334.4854260740221,292.95384833693,261.133037134568,34.4382,WSA,,,,,,,,,,89.0,0.8413875617977529,74.883493,-0.4281408393258426,-38.104534699999995,162.0,0.8528799753086419,138.16655599999999,-0.09753731475308643,-15.801044990000001,17.41714814814815,247.58156790123462,14.975901234567901,140.97,78.0,0.8844680384615384,68.988507,-0.45877087051282034,-35.78412789999999,109.0,0.9488516880733944,103.42483399999999,-0.2407413678899082,-26.240809099999993,151.0,0.8759706622516557,132.27157,-0.08927574960264895,-13.480638189999992,31.0,1.1108492580645162,34.436327,0.307848993548387,9.543318799999998
US-Mpj,2020,EVI,fixed,96.73353093813868,173.0,350.94757498715086,302.6457640770417,224.34512907127265,318.2350911327396,272.3100007954467,227.36699985263948,34.4382,WSA,77.0,1.2876734025974026,99.150852,0.31734516584415584,24.43557777,16.10938961038961,329.02524675324673,14.776051948051949,36.321999999999996,55.0,0.7068811454545455,38.878463,-0.6134506036363637,-33.739783200000005,146.0,0.8903237191780823,129.987263,-0.14191729041095888,-20.719924399999996,18.544294520547947,258.4437808219178,15.878486301369863,135.382,131.0,1.0505550076335877,137.622706,-0.06760863687022904,-8.856731430000005,176.0,1.0863356022727273,191.195066,-0.0510752888068182,-8.989250830000003,222.0,1.030322099099099,228.731506,0.01875282599099098,4.163127369999998,45.0,1.190496888888889,53.57236,-0.002944875555555552,-0.13251939999999984
US-Mpj,2020,NIRv,fixed,92.5402564902439,173.0,349.7390022646419,296.6176886308359,217.83431559093128,316.3021522654453,270.4952848335884,225.72337300261324,34.4382,WSA,81.0,1.3054861975308643,105.744382,0.35035281197530865,28.37857777,15.790938271604936,327.94519753086416,14.497604938271605,36.321999999999996,53.0,0.7167038113207547,37.985302,-0.6116686075471699,-32.4184362,144.0,0.8868689097222222,127.709123,-0.15503419027777776,-22.324923399999996,18.71783333333333,260.3415069444444,16.0068125,135.382,133.0,1.0776171052631578,143.323075,-0.027010409248120267,-3.5923844299999956,178.0,1.0967417191011237,195.22002600000002,-0.03372837713483147,-6.0036511300000015,224.0,1.0403879285714286,233.046896,0.029022894508928556,6.501128369999996,45.0,1.1532655777777778,51.896951,-0.053583704444444435,-2.4112666999999997
US-Mpj,2021,NDVI,fixed,25.0,172.0,319.9300475853939,266.45511815395474,235.31866650737905,334.4854260740221,292.95384833693,261.133037134568,34.4382,WSA,148.0,1.2684226418918918,187.72655099999997,0.6307806939189189,93.3555427,9.859736486486486,270.0756554054054,10.141695945945944,27.564,90.0,3.2498690333333338,292.48821300000003,-0.005488086666666655,-0.4939277999999989,163.0,2.3626467975460126,385.11142800000005,0.20254186871165644,33.0143246,15.943067484662578,240.3102760736196,10.643030674846624,267.514,237.0,2.0211595105485234,479.014804,0.3907490206751054,92.60751789999999,268.0,1.9883369664179107,532.874307,0.3936693369402985,105.5033823,310.0,1.8439936096774192,571.638019,0.406825065483871,126.11577030000001,31.0,1.7374033225806451,53.859503,0.4159956258064517,12.895864400000002
US-Mpj,2021,EVI,fixed,195.0969800838807,172.0,302.10176057729853,261.8606372101183,235.17851803136995,318.2350911327396,272.3100007954467,227.36699985263948,34.4382,WSA,,,,,,,,,,56.0,3.387216303571429,189.68411300000002,-0.18708446249999997,-10.476729899999999,147.0,2.550969258503401,374.992481,0.1792619768707483,26.3515106,16.92725170068027,249.04158503401365,11.043340136054422,267.11400000000003,32.0,4.2427878125,135.76921,0.039555599999999996,1.2657791999999999,77.0,3.334081948051948,256.72431,0.2205592116883117,16.9830593,123.0,2.6103868130081302,321.077578,0.3097074772357724,38.094019700000004,45.0,2.687891111111111,120.9551,0.3492728911111111,15.7172801
US-Mpj,2021,NIRv,fixed,196.70489085347003,172.0,297.3770149246069,258.77482517432986,233.88138734962448,316.3021522654453,270.4952848335884,225.72337300261324,34.4382,WSA,,,,,,,,,,54.0,3.374152092592592,182.20421299999995,-0.21040044259259258,-11.3616239,145.0,2.5756396,373.46774200000004,0.17504720413793104,25.3818446,17.012965517241376,249.9343931034483,11.0638,267.11400000000003,29.0,4.318906551724138,125.24829,0.017180282758620685,0.4982281999999999,74.0,3.3759914864864866,249.82337,0.21114742297297298,15.6249093,120.0,2.6375984916666666,316.511819,0.31034747250000005,37.241696700000006,45.0,2.768335111111111,124.57508,0.3361484688888889,15.126681099999999
US-Mpj,2022,NDVI,fixed,4.0,172.0,344.69087520341867,289.2928086240784,251.2418639348105,334.4854260740221,292.95384833693,261.133037134568,34.4382,WSA,169.0,0.4339604035502959,73.3393082,0.1271146650887574,21.4823784,9.55324852071006,268.7869822485207,10.661266272189351,75.2,90.0,1.5829974422222224,142.46976980000002,-0.5343157666666667,-48.088419,163.0,1.2633509466871167,205.92620431000003,-0.2188216877300613,-35.667935099999994,14.678595092024539,223.00733128834355,9.502926380368097,360.0,258.0,0.8349526240310078,215.417777,-0.09918996356589152,-25.59101060000001,289.0,0.8518129896193771,246.17395399999998,-0.08058089134948097,-23.2878776,331.0,0.8425202764652568,278.87421151,-0.03979011087613294,-13.170526700000003,31.0,0.9921347419354838,30.756176999999997,0.0742946129032258,2.303133
US-Mpj,2022,EVI,fixed,166.81572116240278,172.0,279.2348728134345,255.81806880726467,239.92699819191,318.2350911327396,272.3100007954467,227.36699985263948,34.4382,WSA,6.0,-0.14427183333333335,-0.865631,-1.1859080000000002,-7.115448000000001,18.093833333333333,247.25383333333332,10.216833333333332,23.9,56.0,1.4678123714285716,82.1974928,-0.8284846482142856,-46.395140299999994,147.0,1.3517299517687074,198.70430291,-0.2579812986394558,-37.9232509,16.232829931972788,231.1174149659864,10.14121768707483,351.8,61.0,1.326894439344262,80.94056079999999,-0.8605829229508195,-52.49555829999999,106.0,1.4126731679245281,149.7433558,-0.5002645245283018,-53.02803959999999,152.0,1.29899586125,197.44737091000002,-0.2896294006578948,-44.023668900000004,45.0,1.5289510000000002,68.802795,-0.011832917777777771,-0.5324812999999997
US-Mpj,2022,NIRv,fixed,149.38432972123098,172.0,277.1542268820625,258.22337514940693,242.9440201637574,316.3021522654453,270.4952848335884,225.72337300261324,34.4382,WSA,23.0,-0.3007090260869565,-6.9163076,-0.8473591739130434,-19.489261,20.433173913043476,316.9886086956521,18.15747826086956,30.299999999999997,54.0,1.4667909777777777,79.20671279999999,-0.8476084499999998,-45.77085629999999,145.0,1.3610273304137932,197.34896291,-0.26734102,-38.7644479,16.420958620689653,232.2305655172414,10.232572413793104,351.8,76.0,0.9460408447368419,71.89910419999998,-0.8453300960526315,-64.2450873,121.0,1.1756012661157025,142.2477532,-0.5453183190082644,-65.9835166,167.0,1.137972181497006,190.04135431,-0.3427465802395209,-57.2386789,45.0,1.563303311111111,70.348649,-0.03863176222222223,-1.7384293000000002
US-Mpj,2023,EVI,fixed,123.30465775235557,172.0,315.56729841184585,263.0979523277221,192.79750776294108,318.2350911327396,272.3100007954467,227.36699985263948,34.4382,WSA,49.0,1.4891213673469386,72.96694699999999,-0.028069600000000014,-1.3754104000000007,16.655183673469388,329.01242857142853,14.058469387755101,71.7,56.0,0.5199043214285715,29.114642000000003,-0.5984394928571428,-33.5126116,147.0,0.40105533775510205,58.95513465,-0.311447226462585,-45.782742289999995,18.804312925170066,262.7967755102041,15.847986394557823,90.79999999999998,104.0,0.9731409711538461,101.206661,-0.32751800000000003,-34.061872,149.0,0.8085589701342282,120.47528654999999,-0.3384608844295302,-50.43067178,195.0,0.6720366853846155,131.04715365,-0.2376000137948718,-46.33200269,45.0,0.4281916788888888,19.268625549999996,-0.36375110622222223,-16.36879978
US-Mpj,2023,NIRv,fixed,122.5981023460458,172.0,314.8579981451529,261.0224630307966,191.77605722047895,316.3021522654453,270.4952848335884,225.72337300261324,34.4382,WSA,50.0,1.5007317400000002,75.03658700000001,-0.006449807999999997,-0.32249039999999984,16.59468,328.28604,13.976900000000002,71.7,54.0,0.5270946296296297,28.463110000000004,-0.6041751037037038,-32.6254556,145.0,0.40160010103448274,58.232014649999996,-0.3191713606206896,-46.27984728999999,18.976179310344826,263.91365517241377,16.02306206896552,90.6,103.0,0.9963569805825244,102.62476900000001,-0.3118620970873786,-32.121795999999996,148.0,0.8244805645270271,122.02312355000001,-0.3303936877027026,-48.89826577999999,194.0,0.6824416167525774,132.39367365,-0.23595973036082474,-45.77618769,45.0,0.4310745455555556,19.39835455,-0.37281043955555554,-16.77646978
US-Mpj,2024,NDVI,fixed,136.78695855197267,173.0,,,,334.4854260740221,292.95384833693,261.133037134568,34.4382,WSA,37.0,0.9028907702702703,33.4069585,-0.20898720810810814,-7.732526700000001,19.99189189189189,334.0725405405405,18.791567567567565,29.3,89.0,1.4860304269662918,132.25670799999997,-0.10487049101123594,-9.333473699999999,162.0,1.11306342345679,180.31627459999999,0.07104623512345679,11.50949009,17.044524691358024,242.08420987654316,13.251271604938273,247.59999999999997,125.0,1.3174471079999996,164.68088849999995,-0.13839389119999998,-17.299236399999998,156.0,1.1706989006410258,182.62902850000003,-0.07454055102564101,-11.628325959999998,198.0,1.074446742929293,212.74045510000002,0.017897613080808086,3.543727390000001,31.0,0.5789722580645161,17.94814,0.1829325948387097,5.67091044
US-Mpj,2024,EVI,fixed,102.29900655621616,173.0,349.45339799220505,285.7719808474297,234.1290209185996,318.2350911327396,272.3100007954467,227.36699985263948,34.4382,WSA,71.0,1.3508882887323939,95.91306849999997,0.347688885915493,24.685910900000003,16.594577464788735,330.38376056338024,15.211070422535213,30.0,55.0,1.6252301636363635,89.387659,-0.23144622545454546,-12.7295424,146.0,1.148335216438356,167.65694159999998,0.033433342739726014,4.881268039999998,18.172150684931506,250.98059589041097,13.963534246575342,229.2,125.0,1.474543596,184.3179495,0.09378506,11.7231325,170.0,1.3844992088235297,235.36486550000006,0.10139776823529412,17.2376206,216.0,1.2156816300925926,262.5872321,0.1358052913888889,29.33394294,45.0,1.1343759111111111,51.046916,0.12254417999999999,5.5144880999999994
US-Mpj,2024,NIRv,fixed,101.48993488245053,173.0,349.58120814176254,285.4356548499701,233.26204145302816,316.3021522654453,270.4952848335884,225.72337300261324,34.4382,WSA,72.0,1.3550191458333332,97.56137849999999,0.35627751249999995,25.651980899999998,16.506055555555555,330.4921388888889,15.139902777777776,30.0,53.0,1.6326579056603774,86.530869,-0.24009868679245286,-12.725230400000001,144.0,1.1527485875,165.9957966,0.027541055833333328,3.965912039999999,18.336784722222223,251.76389583333335,14.068972222222222,229.2,124.0,1.4766892701612901,183.1094695,0.10236705241935483,12.6935145,169.0,1.397342399408284,236.1508655,0.10894281538461538,18.4113358,215.0,1.2212762655813953,262.5743971,0.13667282297674416,29.384656939999992,45.0,1.178697688888889,53.041396,0.12706269555555555,5.7178213
US-Mpj,2025,NDVI,fixed,-4.0,172.0,335.07263785728907,279.5453004104726,243.83732446121775,334.4854260740221,292.95384833693,261.133037134568,34.4382,WSA,177.0,0.8953064117093023,158.4692348725465,0.35014083127906975,61.974927136395344,9.488622093023254,258.17713953488374,9.99546511627907,88.29418604651163,90.0,1.9310846477777777,173.79761829999998,-0.12488723555555555,-11.239851199999999,163.0,1.6875909650306746,275.0773273,0.15015340938650304,24.475005729999996,16.569711656441715,243.45011656441721,11.337092024539876,338.9,266.0,1.2526732839616856,333.21109353380837,0.1902652788505747,50.61056417425287,297.0,1.2687120928561644,376.8074915782808,0.1866633675,55.4390201475,339.0,1.2821180721976049,434.63802647498807,0.25561106200598804,86.65215002002995,31.0,1.4037485161290324,43.516204,0.15633759774193554,4.8464655300000015
US-Mpj,2025,EVI,fixed,131.84442494702455,172.0,314.83074463261084,264.86029741154994,231.86718251896664,318.2350911327396,272.3100007954467,227.36699985263948,34.4382,WSA,41.0,0.9731626585365852,39.899668999999996,-0.24774583902439024,-10.1575794,18.996560975609754,336.0901463414634,17.14751219512195,41.8,56.0,2.0969913625000003,117.43151630000001,-0.32785273928571435,-18.359753400000002,147.0,1.7385613761904761,255.56852229999998,0.08438799136054422,12.405034729999999,17.69772789115646,252.9142108843537,12.092802721088436,313.7,96.0,1.6300894927083334,156.4885913,-0.2900256958333333,-27.842466799999997,141.0,1.6205485695035462,228.49734830000003,-0.12203258843971632,-17.20659497,187.0,1.5755379534759357,294.6255973,0.015627386791443865,2.9223213300000026,45.0,1.6001946,72.008757,0.23635270733333336,10.635871830000001
US-Mpj,2025,NIRv,fixed,124.11400725529546,172.0,307.6522297866675,260.6819962912051,230.8259221940469,316.3021522654453,270.4952848335884,225.72337300261324,34.4382,WSA,48.0,1.0442212291666666,50.122619,-0.12437361250000001,-5.9699334,17.73060416666667,331.288,15.638270833333332,62.7,54.0,2.0928223388888885,113.01240629999998,-0.3480305074074075,-18.793647400000005,145.0,1.7461681537931035,253.1943823,0.07506856365517242,10.884941730000001,17.756227586206894,253.86716551724138,12.093000000000002,313.7,101.0,1.6068557554455445,162.2924313,-0.23850212673267332,-24.088714800000005,146.0,1.616940330821918,236.0732883,-0.09362442445205482,-13.669165970000003,192.0,1.5753875380208333,302.4744073,0.029113928802083338,5.589874330000001,45.0,1.6395745999999995,73.78085699999998,0.23154552955555555,10.41954883
US-MtB,2014,NDVI,fixed,11.0,172.0,338.4435086698782,297.8554762439881,260.1774162570799,335.33530979757785,290.4831966828435,249.44333847029225,32.416,ENF,162.0,,,,,8.268981481481482,269.07414814814814,8.23532098765432,38.607000000000006,78.0,4.693761505128205,366.1133974,1.1011591551282052,85.8904141,164.0,3.8087648865853656,624.6374414,0.7124275920731706,116.83812509999998,13.276189024390245,230.18576219512192,7.258969512195122,432.056,239.0,,,,,280.0,,,,,325.0,,,,,41.0,3.264029243902439,133.825199,0.3182127951219512,13.0467246
US-MtB,2014,EVI,fixed,64.46541260253134,172.0,316.8872146092936,273.1354504424573,238.34869154637644,311.24967942087244,271.7312547316258,237.1976328339011,32.416,ENF,108.0,,,,,9.961046296296297,314.8121666666667,9.339324074074074,3.8099999999999996,66.0,4.961147424242424,327.43573,1.301326743939394,85.8875651,140.0,4.041097545714285,565.7536564,0.7826387078571427,109.56941909999998,14.536414285714285,238.1498214285714,7.40105,432.0559999999999,173.0,,,,,207.0,,,,,247.0,,,,,34.0,3.194169247058823,108.60175439999999,0.07835598823529412,2.6641036000000002
US-MtB,2014,NIRv,fixed,73.47769334327428,172.0,314.0349433379127,271.3702778681099,237.8277379864652,310.36268268687616,268.90698452183744,234.10181324947976,32.416,ENF,99.0,,,,,10.449838383838385,319.7612222222222,9.753686868686868,3.8099999999999996,63.0,4.989001428571429,314.30709,1.313295811111111,82.73763609999999,139.0,4.046071556834533,562.4039464,0.7858689647482014,109.2357861,14.569618705035971,238.3136474820144,7.390410071942447,432.0559999999999,161.0,,,,,195.0,,,,,237.0,,,,,34.0,3.256627776470588,110.7253444,0.18684405588235298,6.352697900000001
US-MtB,2021,NDVI,fixed,-2.0,172.0,305.79058428177825,259.98756227063154,228.2769581166912,335.33530979757785,290.4831966828435,249.44333847029225,32.416,ENF,175.0,2.3829356430232562,417.01373752906983,0.9250255103488372,161.87946431104652,7.3565,279.0037325581395,9.03772093023256,112.19433139534884,78.0,4.074174230769231,317.78558999999996,-0.9066007564102565,-70.714859,164.0,4.147056725609756,680.117303,0.4916318597560977,80.62762500000002,13.699914634146342,231.34882926829266,8.254006097560975,595.16,252.0,2.917482653012048,735.2056285590361,0.36072320795180723,90.90224840385542,293.0,3.238929346896551,949.0062986406895,0.5454661130344827,159.82157111910342,338.0,3.2501041600000002,1098.53520608,0.7198882471044775,243.3222275213134,41.0,5.19113,212.83633,1.6674413170731708,68.365094
US-MtB,2021,EVI,fixed,57.10051487485294,172.0,307.4799537129227,275.5614400206285,245.52378944757623,311.24967942087244,271.7312547316258,237.1976328339011,32.416,ENF,115.0,2.9216613999999996,335.99106099999995,1.1104733217391305,127.70443200000001,9.620956521739132,321.03501739130434,10.48473043478261,33.607,66.0,3.6450272727272726,240.5718,-1.3463969545454546,-88.862199,140.0,4.373340928571428,612.26773,0.27601250714285736,38.64175100000003,14.63550714285714,240.00385000000003,8.338142857142856,591.5600000000001,180.0,3.1964751166666665,575.365521,0.2237376833333332,40.272782999999976,214.0,3.65138864953271,781.397171,0.42929435046728975,91.86899100000001,254.0,3.7285883897637793,947.0614509999999,0.6605383188976378,167.776733,34.0,6.059754411764707,206.03165,1.5175355294117647,51.596208000000004
US-MtB,2021,NIRv,fixed,73.4652252548333,172.0,301.1858998049811,270.8309520868458,244.38769818389824,310.36268268687616,268.90698452183744,234.10181324947976,32.416,ENF,99.0,3.1435773939393936,311.214162,1.1156007878787877,110.44447799999998,10.95849494949495,335.2076262626263,11.287202020202022,18.627,63.0,3.457618253968254,217.82995,-1.5023350634920636,-94.647109,139.0,4.379543165467625,608.7565,0.26512475539568364,36.852341000000024,14.6576690647482,240.16327338129497,8.328769784172662,591.5600000000001,161.0,3.2785513788819873,527.846772,0.10700570807453416,17.227919,195.0,3.8177041641025635,744.4523119999999,0.3755980051282052,73.241611,237.0,3.8766806835443033,918.7733219999999,0.6275416413502111,148.727369,34.0,6.370751176470589,216.60554000000002,1.6474615294117647,56.013692
US-MtB,2022,NDVI,fixed,95.19675840657088,172.0,355.8688859514338,321.62926485981427,273.7424340832643,335.33530979757785,290.4831966828435,249.44333847029225,32.416,ENF,77.0,5.427487012987013,417.91650000000004,2.2682222597402593,174.65311399999996,13.125857142857145,358.6694545454546,12.15322077922078,4.32,78.0,2.974041628205128,231.975247,1.1361562435897437,88.620187,164.0,2.8550270548780485,468.22443699999997,0.9850309865853658,161.5450818,12.396408536585366,222.2512256097561,6.810768292682926,612.38,154.0,4.200961798701299,646.9481170000001,1.7072213441558441,262.912087,195.0,3.9167861897435907,763.7733070000002,1.4538223887179487,283.4953658,240.0,3.6799887791666666,883.197307,1.3993207575,335.8369818,41.0,2.8493948780487806,116.82519,0.5020311902439024,20.5832788
US-MtB,2022,EVI,fixed,91.73248982609276,172.0,320.981770114173,263.58711851441683,219.46507295891345,311.24967942087244,271.7312547316258,237.1976328339011,32.416,ENF,81.0,5.385827530864198,436.25203000000005,2.2996979506172837,186.27553399999996,12.882925925925926,357.1022839506173,11.911333333333333,4.32,66.0,2.5251810151515146,166.66194699999997,1.0624796818181819,70.123659,140.0,2.898838628571428,405.83740799999987,0.9457533557142856,132.4054698,14.028885714285716,225.49762142857142,7.130792857142857,612.38,146.0,4.109385938356164,599.970347,1.753684787671233,256.037979,180.0,4.165831872222222,749.849737,1.5700021555555557,282.600388,220.0,3.814299127272727,839.145808,1.4469081354545452,318.31978979999997,34.0,4.408217352941176,149.87939,0.7812473235294118,26.562409000000002
US-MtB,2022,NIRv,fixed,93.44093522111584,172.0,323.90185241982766,266.19912702580933,219.8785017339428,310.36268268687616,268.90698452183744,234.10181324947976,32.416,ENF,79.0,5.407746075949368,427.2119400000001,2.2792124556962023,180.057784,13.008354430379748,357.6108987341772,12.023860759493672,4.32,63.0,2.447578682539682,154.19745699999999,1.0582419047619045,66.66923999999999,139.0,2.910513294964028,404.5613479999999,0.9467382503597122,131.5966168,14.075237410071942,225.4633525179856,7.134237410071942,612.38,141.0,4.102594092198582,578.465767,1.7472752482269505,246.36581,175.0,4.1869942685714285,732.7239969999999,1.5755056857142855,275.71349499999997,217.0,3.819491511520738,828.8296580000001,1.4345308147465439,311.2931868,34.0,4.537006764705883,154.25823000000003,0.8631672058823529,29.347685
US-MtB,2023,EVI,fixed,125.15844243540349,172.0,310.26359233573146,280.3377521108767,248.50585323583888,311.24967942087244,271.7312547316258,237.1976328339011,32.416,ENF,47.0,5.546381063829789,260.67991000000006,2.4302845744680854,114.22337500000002,12.484446808510636,368.7128297872341,10.683382978723404,20.32,66.0,4.036120454545455,266.38395,1.4139772042424241,93.32249547999999,140.0,4.0955423642857145,573.375931,1.4190121005714287,198.66169408000002,16.793385714285712,274.9382,12.354192857142857,189.73799999999997,112.0,4.654254107142856,521.2764599999999,1.829288397142857,204.88030048,146.0,4.680548356164383,683.36006,1.7577614621917808,256.63317348,186.0,4.453056134408603,828.268441,1.6678467692473118,310.21949908,34.0,4.767164705882354,162.08360000000002,1.5221433235294117,51.752873
US-MtB,2024,NDVI,fixed,7.0,173.0,341.2382602872212,282.4604833569403,235.57654542413357,335.33530979757785,290.4831966828435,249.44333847029225,32.416,ENF,167.0,3.214193760958084,536.77035808,1.6848576748502997,281.37123170000007,6.439365269461078,267.23280838323353,7.740011976047904,268.478,77.0,4.947641948051947,380.96842999999996,1.0958341701298702,84.3792311,163.0,3.8081018036809815,620.720594,0.9049752503067485,147.5109658,15.012092024539877,247.26066871165645,10.054085889570553,207.26399999999998,243.0,3.7616147246090526,914.0723780799998,1.5031168427983541,365.25739280000005,284.0,3.6555260530985914,1038.16939908,1.3942944616197184,395.9796271,329.0,3.507065477446808,1153.82454208,1.302094612462006,428.38912750000003,41.0,3.026756609756098,124.09702100000001,0.7493227878048782,30.722234300000004
US-MtB,2024,EVI,fixed,123.77322662671294,173.0,300.6358663322412,266.03451256974984,234.14475698080045,311.24967942087244,271.7312547316258,237.1976328339011,32.416,ENF,50.0,5.709444199999999,285.47220999999996,2.19213988,109.606994,14.254319999999998,362.45851999999996,12.631080000000003,16.256,65.0,5.286314307692307,343.61042999999995,1.081436616923077,70.2933801,139.0,3.965645223021582,551.2246859999999,0.9982594769784172,138.7580673,16.528402877697843,257.3917050359712,10.728496402877697,173.736,114.0,5.486107280701754,625.4162299999999,1.5737482815789474,179.4073041,148.0,5.007036621621622,741.04142,1.468051703378378,217.27165209999995,188.0,4.431013223404255,833.030486,1.3184680388297871,247.8719913,34.0,3.400740882352941,115.62518999999999,1.1136572941176468,37.86434799999999
US-MtB,2024,NIRv,fixed,126.54993096362234,173.0,302.3280351847833,267.2275811065847,234.3133150936128,310.36268268687616,268.90698452183744,234.10181324947976,32.416,ENF,47.0,5.772384255319149,271.30206,2.1610283829787234,101.568334,14.548553191489365,362.73085106382985,12.896638297872341,16.256,62.0,5.396822096774193,334.60296999999997,1.1024996500000002,68.35497830000001,138.0,3.982012869565217,549.5177759999999,1.0099126253623187,139.36794229999998,16.642920289855073,257.9368913043478,10.768717391304346,173.736,108.0,5.576283518518519,602.2386200000001,1.5687985398148145,169.43024229999997,142.0,5.077222323943663,720.9655700000002,1.4877396767605635,211.2590341,184.0,4.44105122826087,817.153426,1.306756555978261,240.4432063,34.0,3.491969117647059,118.72695,1.230258582352941,41.8287918
US-NC2,2016,NDVI,fixed,92.1021887498248,173.0,340.049833068256,277.60763385524734,203.01704297489545,316.6866059525841,290.9769231593377,255.5261771210837,35.803,ENF,81.0,10.189114567901234,825.31828,4.033926067901234,326.74801149999996,18.560123456790123,223.1406790123457,6.3983086419753095,163.328,83.0,10.394701590361445,862.7602319999999,2.230777693975904,185.15454860000003,144.0,8.73568938888889,1257.939272,1.7400807116666668,250.57162248000003,22.772041666666667,193.545625,5.7507222222222225,837.158,163.0,10.262034429447853,1672.711612,3.093863252147239,504.2997100999999,198.0,9.734203191919192,1927.3722320000002,2.5941427010101017,513.6402548000001,224.0,9.231654696428572,2067.890652,2.543378499910714,569.71678398,35.0,7.2760177142857145,254.66062,0.2668727057142858,9.340544700000002
US-NC2,2016,EVI,fixed,89.57187751675536,173.0,323.4664545524883,249.8892318014068,184.99838479998343,298.08753173906496,264.6234715250929,230.14475098803402,35.803,ENF,84.0,10.035991904761904,843.0233199999999,3.9547661011904762,332.2003525,18.52927380952381,221.99561904761907,6.369166666666667,177.04399999999998,58.0,10.910996206896552,632.8377800000001,2.516095551724138,145.933542,126.0,9.240770174603176,1164.337042,1.7252694706349205,217.38395329999997,24.00755555555556,201.0617380952381,5.8772777777777785,825.474,141.0,10.358114893617019,1460.4941999999996,3.3370996063829788,470.5310445,175.0,10.068975497142857,1762.070712,2.9135485622857145,509.8709984,209.0,9.531069196172249,1991.993462,2.5932127071770332,541.9814557999999,34.0,8.869897411764704,301.5765119999999,1.1570574676470589,39.3399539
US-NC2,2016,NIRv,fixed,90.44177367297232,173.0,321.42533319031,247.0036902116352,183.81663787055547,305.9024305869343,268.60864662577603,232.52667723313587,35.803,ENF,83.0,10.083781084337348,836.9538299999999,3.969588222891566,329.4758225,18.596518072289157,221.3856987951807,6.364120481927711,177.04399999999998,60.0,10.828761000000002,649.7256600000001,2.4234749166666663,145.408495,133.0,9.030549939849625,1201.063142,1.7445124984962406,232.0201623,23.58256390977444,198.6037819548872,5.862067669172932,825.4739999999999,142.0,10.361356267605633,1471.3125899999998,3.290714559859155,467.2814675,178.0,10.023107202247191,1784.113082,2.8300711539325847,503.75266540000007,215.0,9.407674753488372,2022.6500720000001,2.5762471386046513,553.8931348,36.0,8.688902555555554,312.80049199999996,1.0130888305555554,36.47119789999999
US-NC2,2017,EVI,fixed,97.74806903801506,172.0,206.12329443325228,203.1642185662116,200.20395713017345,298.08753173906496,264.6234715250929,230.14475098803402,35.803,ENF,75.0,9.299922133333332,697.49416,3.88065268,291.048951,20.881333333333334,226.00589333333332,6.69884,382.0159999999999,59.0,10.400366779661017,613.62164,3.0397557442372887,179.34558891000003,127.0,8.887428267716531,1128.7033899999994,2.636269289055118,334.80619971,23.33236220472441,196.97475590551178,5.033724409448819,477.713,133.0,9.771283458646616,1299.5807,3.5090699241353387,466.70629991000004,167.0,9.564974670658684,1597.3507700000002,3.3483247659281434,559.17023591,201.0,9.028171393034825,1814.6624499999998,3.0953577647263684,622.16691071,34.0,8.757943235294118,297.77007,2.7195275294117645,92.46393599999999
US-NC2,2017,NIRv,fixed,97.90666077079594,172.0,214.1778109234871,212.1573647677292,210.13496320032075,305.9024305869343,268.60864662577603,232.52667723313587,35.803,ENF,75.0,9.299922133333332,697.49416,3.88065268,291.048951,20.881333333333334,226.00589333333332,6.69884,382.0159999999999,61.0,10.336586393442623,630.53177,2.9796323427868856,181.75757291000002,134.0,8.69207671641791,1164.73828,2.552623251567164,342.05151571,22.805410447761194,194.17150746268658,4.9915597014925375,512.003,135.0,9.751783925925928,1316.4908300000002,3.4749502511851857,469.11828391000006,171.0,9.5176667251462,1627.5210100000002,3.3306965842690057,569.54911591,208.0,8.897583365384616,1850.6973400000002,3.026020320721154,629.41222671,36.0,8.63972722222222,311.0301799999999,2.7897453333333333,100.430832
US-NC2,2019,NDVI,fixed,15.726639205454523,172.0,230.52516758509384,229.846232174658,229.16564055398277,316.6866059525841,290.9769231593377,255.5261771210837,35.803,ENF,157.0,7.126972745222931,1118.934721,2.8278518726114656,443.9727440000001,14.978687898089175,185.8380828025478,6.100726114649681,487.2589999999999,84.0,10.02767267857143,842.324505,0.5247587380952379,44.07973399999998,145.0,6.7654104344827575,980.9845129999999,-0.5782304827586209,-83.84342000000002,22.608924137931034,197.7686068965517,6.661289655172415,624.088,240.0,8.132501108333333,1951.800266,2.0259667416666667,486.232018,275.0,7.433558563636365,2044.2286050000002,1.4816517345454547,407.45422700000006,301.0,6.945050744186046,2090.460274,1.1903948970099671,358.3088640000001,35.0,2.6408096857142858,92.42833900000001,-2.2507940285714287,-78.77779100000001
US-NC2,2019,EVI,fixed,81.92788488518448,172.0,257.83052398416174,233.6180771100079,209.6219369252199,298.08753173906496,264.6234715250929,230.14475098803402,35.803,ENF,91.0,9.426924351648355,857.8501160000003,3.6953670978021984,336.27840590000005,20.047373626373627,233.17118681318684,7.8535054945054945,307.59599999999995,59.0,11.890894745762711,701.56279,3.564159169491525,210.28539099999998,127.0,7.508251921259844,953.5479940000001,-0.4344179291338584,-55.17107700000002,23.781511811023623,207.95921259842524,7.047275590551181,590.0519999999999,149.0,10.402375476510066,1549.9539459999999,3.65599554966443,544.7433369,183.0,9.30841644808743,1703.4402099999995,1.9649625677595626,359.58814989999996,217.0,8.303867050691244,1801.93915,1.2870362622119815,279.2868689,34.0,4.514301882352942,153.48626400000003,-5.445740794117647,-185.155187
US-NC2,2019,NIRv,fixed,38.96375923586995,172.0,272.01342922611934,229.4654984410126,197.1558890602048,305.9024305869343,268.60864662577603,232.52667723313587,35.803,ENF,134.0,7.756250671641792,1039.33759,3.1043864910447767,415.9877898000001,16.495776119402986,197.68340298507462,6.586029850746268,437.471,61.0,11.961460491803278,729.64909,3.4483938360655735,210.35202399999997,134.0,7.182765604477612,962.490591,-0.5696468432835821,-76.33267699999999,23.540619402985076,203.2445820895522,6.896022388059701,599.7040000000001,194.0,9.069730515463917,1759.5277199999998,3.2191719268041243,624.5193538000001,230.0,8.238833930434783,1894.931804,1.8696871904347827,430.0280538,267.0,7.462057007490636,1992.369221,1.2652983250936332,337.8346528000001,36.0,3.7612245555555552,135.40408399999998,-5.402536111111113,-194.49130000000005
US-NC2,2021,NDVI,fixed,125.37919097596524,172.0,356.8620048905201,324.63585816096725,291.2535435929122,316.6866059525841,290.9769231593377,255.5261771210837,35.803,ENF,47.0,2.008538659574468,94.401317,-2.387565829787234,-112.215594,21.42510638297873,236.97261702127656,7.251127659574466,235.01500000000001,84.0,3.9914832976190473,335.28459699999996,-2.5238750952380946,-212.00550799999994,145.0,3.6516975933103444,529.49615103,-1.58047636,-229.16907220000002,22.236420689655173,195.12744137931034,5.660848275862069,535.736,130.0,3.280025569230769,426.40332399999994,-2.4721692461538463,-321.382002,165.0,3.172494284848484,523.4615569999999,-2.080739543030303,-343.32202459999996,191.0,3.24929255513089,620.61487803,-1.7724898753926701,-338.5455662,35.0,2.7730923714285716,97.058233,-0.6268577885714285,-21.940022599999995
US-NC2,2021,EVI,fixed,121.14265521367624,172.0,352.21865881922974,317.47829241238964,285.1019855589232,298.08753173906496,264.6234715250929,230.14475098803402,35.803,ENF,51.0,2.128962294117647,108.577077,-2.402167725490196,-122.51055399999998,21.502294117647057,236.4241764705882,7.311921568627452,247.70700000000002,59.0,3.876611305084746,228.720067,-3.0380199830508476,-179.243179,127.0,3.8299895275590554,486.40867000000003,-1.839984526771653,-233.67803489999994,23.480708661417328,204.7134803149606,5.900803149606299,485.45799999999997,109.0,3.0643537064220174,334.0145539999999,-2.7423360825688077,-298.91463300000004,143.0,3.3070138741258743,472.902984,-2.3813914895104897,-340.53898300000003,177.0,3.342955689265537,591.703157,-1.996324796045198,-353.34948890000004,34.0,4.084953823529411,138.88843,-1.2242455882352943,-41.62435000000001
US-NC2,2021,NIRv,fixed,124.68356625240664,172.0,351.8581985282131,317.15544682589314,285.3713657290517,305.9024305869343,268.60864662577603,232.52667723313587,35.803,ENF,48.0,2.022384729166667,97.074467,-2.4292438333333335,-116.60370400000001,21.477208333333333,236.88939583333334,7.275354166666666,240.41299999999998,61.0,3.933226836065574,239.926837,-2.967979245901639,-181.046734,134.0,3.853787164179105,516.4074800000001,-1.7357152477611941,-232.5858432,23.05749253731343,201.77734328358207,5.8028805970149255,503.387,108.0,3.089988092592592,333.718714,-2.7297346111111107,-294.811338,144.0,3.2581553958333336,469.17437700000005,-2.3506996944444447,-338.500756,181.0,3.371267165745856,610.199357,-1.9135383823204417,-346.35044719999996,36.0,3.762657305555555,135.455663,-1.2135949444444445,-43.689418
US-NC2,2022,NDVI,fixed,117.6764352713494,172.0,269.9325916527331,267.6046255574297,265.2768173425876,316.6866059525841,290.9769231593377,255.5261771210837,35.803,ENF,55.0,6.001836436363634,330.1010039999999,0.972439236909091,53.48415803,21.440018181818186,230.7887090909091,7.310490909090909,42.138,84.0,8.526992857142858,716.2674000000001,-0.004841605952380946,-0.40669489999999947,145.0,6.434627931034483,933.0210500000001,-0.06453125586206897,-9.3570321,21.77535172413793,184.11543448275862,5.234372413793103,387.85600000000005,138.0,7.527054449275362,1038.733514,0.3781102545652174,52.17921513,173.0,6.858536265895953,1186.526774,0.3559866834104046,61.58569623,199.0,6.30898072361809,1255.487164,0.21723054236180894,43.22887792999998,35.0,4.222664571428571,147.79325999999998,0.26875660285714287,9.4064811
US-NC2,2022,EVI,fixed,102.71029658600256,172.0,337.0792035556904,294.31013421304453,253.8101103980675,298.08753173906496,264.6234715250929,230.14475098803402,35.803,ENF,70.0,5.368846057142856,375.81922399999996,0.7818073004285715,54.726511030000005,20.460057142857146,234.6903,7.307614285714286,42.13799999999999,59.0,9.234190677966103,544.8172500000001,-0.07387353728813562,-4.358538700000001,127.0,7.034149921259843,893.33704,0.13017950866141734,16.532797600000002,22.32725984251968,194.33733858267715,5.527448818897637,326.89400000000006,128.0,7.132824875000001,913.0015840000001,0.38648222132812504,49.469724330000005,162.0,6.982789407407408,1131.211884,0.3522796119135803,57.06929713000001,196.0,6.436333540816326,1261.521374,0.3589850032142857,70.36106063,34.0,6.41795,218.21030000000002,0.22351684705882355,7.599572800000001
US-NC2,2022,NIRv,fixed,116.0938256903698,172.0,268.20382461337607,266.116975216023,264.0339003006031,305.9024305869343,268.60864662577603,232.52667723313587,35.803,ENF,56.0,5.953694178571429,333.406874,0.95758891125,53.62497903,21.329857142857144,231.91817857142854,7.299696428571429,42.138000000000005,61.0,9.203851147540984,561.43492,-0.03879599508196724,-2.3665557000000015,134.0,6.792953955223881,910.2558300000001,0.07643617835820898,10.242447900000004,22.020529850746268,189.82988059701495,5.373507462686566,356.106,116.0,7.648335379310345,887.206904,0.4341394425,50.36017533,152.0,7.296440355263157,1109.058934,0.37369726401315784,56.801984129999994,189.0,6.5398297037037025,1236.0278139999998,0.3331702588888889,62.969178930000005,36.0,6.162556388888889,221.85202999999998,0.17893913333333336,6.441808800000001
US-NC2,2023,EVI,fixed,106.26236983875091,172.0,230.0886293758618,228.70212026308243,227.31678604738653,298.08753173906496,264.6234715250929,230.14475098803402,35.803,ENF,66.0,5.884170590909091,388.355259,1.6221908333333332,107.064595,18.92568181818182,222.65509090909092,5.93780303030303,260.358,59.0,10.072965254237285,594.3049499999998,1.4690833753220338,86.67591914399999,127.0,7.715241889763778,979.8357199999998,1.0857050869606302,137.88454604400002,22.71120472440945,204.8063228346457,5.119385826771655,659.384,124.0,7.888080798387096,978.1220189999999,1.5667310253548388,194.274647144,158.0,7.770194930379747,1227.690799,1.407040121164557,222.312339144,192.0,7.102358276041667,1363.652789,1.2785587189791667,245.483274044,34.0,7.340258235294119,249.56878000000003,0.824638,28.037692
US-NC2,2023,NIRv,fixed,90.50078525193476,172.0,344.60577823572595,294.4833193451899,247.6168032663533,305.9024305869343,268.60864662577603,232.52667723313587,35.803,ENF,82.0,5.321332365853658,436.349254,1.1501701868292682,94.31395531999999,18.442475609756098,218.39446341463412,5.969829268292682,338.84400000000005,61.0,10.05035901639344,613.0718999999998,1.468792117114754,89.59631914399999,134.0,7.486880574626866,1003.2419970000001,0.98904010480597,132.531374044,22.38190298507462,202.0525,5.080007462686567,660.146,142.0,7.358330732394364,1044.8829639999997,1.298904277915493,184.444407464,178.0,7.232821932584271,1287.4423040000001,1.1505108396853931,204.790929464,215.0,6.6746654,1435.053061,1.0575788947162792,227.37946236400003,36.0,6.737759444444444,242.55934,0.5651811666666666,20.346522
US-NC2,2024,NDVI,fixed,84.11534104435385,173.0,341.13177227923467,323.25650938036995,286.2905616775405,316.6866059525841,290.9769231593377,255.5261771210837,35.803,ENF,89.0,6.318839471910112,562.376713,2.276546842696629,202.61266899999998,19.131337078651686,231.57632584269663,6.343269662921349,222.16400000000002,83.0,9.35418951807229,776.3977300000001,-0.06940229638554216,-5.760390599999999,144.0,,,,,21.786881944444442,176.7947638888889,5.558381944444445,591.2149999999999,171.0,7.772791011695907,1329.147263,1.1348305754385966,194.0560284,206.0,7.926613165,1632.88231199,1.0191407620000001,209.94299697200003,232.0,7.926613165,1838.97425428,1.0191407620000001,236.44065678400003,35.0,8.833633448275863,309.1771706896552,0.33696979310344827,11.79394275862069
US-NC2,2024,EVI,fixed,82.47759470273651,173.0,334.85051274253067,299.19175245307235,244.36209037622467,298.08753173906496,264.6234715250929,230.14475098803402,35.803,ENF,91.0,6.226017395604394,566.5675829999999,2.226205868131868,202.58473399999997,18.948076923076925,230.312021978022,6.269417582417583,258.74,58.0,9.543280689655171,553.51028,-0.09919419999999998,-5.753263599999999,126.0,9.219402678571429,1161.6447375,0.03581904821428572,4.513200075,22.563738095238094,185.7643015873016,5.706253968253969,585.7900000000001,148.0,7.503045155405405,1110.450683,1.3110487864864866,194.03522040000001,182.0,7.727149741758242,1406.341253,1.0285518428571427,187.19643539999998,216.0,7.868878727722771,1699.6778051881186,1.0089119673267326,217.92498494257424,34.0,8.702663823529413,295.89057,-0.20114073529411763,-6.838785
US-NC2,2024,NIRv,fixed,83.64201191986442,173.0,333.5732777132731,294.7246646155562,238.0492687115014,305.9024305869343,268.60864662577603,232.52667723313587,35.803,ENF,90.0,6.2738087,564.642783,2.261712711111111,203.554144,18.98418888888889,232.0412888888889,6.317355555555555,222.16400000000002,60.0,9.581597999999998,574.8958799999999,-0.07972929333333331,-4.783757599999999,133.0,9.219402678571429,1226.18055625,0.03581904821428572,4.763933412500001,22.17018045112782,182.52293984962407,5.66684962406015,587.2739999999999,149.0,7.58329854362416,1129.9114829999999,1.3152626604026842,195.97413639999996,185.0,7.786112881081081,1440.430883,1.0351843535135137,191.50910540000004,222.0,7.8984512587064675,1753.4561794328358,1.0187543651741295,226.16346906865675,36.0,8.62553888888889,310.5194,-0.12402863888888886,-4.465030999999999
US-NC2,2025,NDVI,fixed,98.20578401016368,172.0,361.6182662396669,322.91067982735376,258.1534565845835,316.6866059525841,290.9769231593377,255.5261771210837,35.803,ENF,74.0,,,,,20.355472972972972,230.5109189189189,8.780905405405406,254.74900000000002,84.0,,,,,145.0,,,,,21.238917241379312,189.49407586206897,6.879468965517242,433.842,157.0,,,,,192.0,,,,,218.0,,,,,35.0,,,,
US-NC2,2025,EVI,fixed,88.68425295807523,172.0,343.04297644930483,290.6339453815281,235.74275666829345,298.08753173906496,264.6234715250929,230.14475098803402,35.803,ENF,84.0,,,,,20.296499999999998,224.40459523809525,8.807309523809522,278.117,59.0,,,,,127.0,,,,,22.54549606299213,197.0623385826772,7.245425196850393,369.326,142.0,,,,,176.0,,,,,210.0,,,,,34.0,,,,
US-NC2,2025,NIRv,fixed,87.90190001100034,172.0,341.36179226496995,287.7622135831689,234.0345897264964,305.9024305869343,268.60864662577603,232.52667723313587,35.803,ENF,85.0,,,,,20.290623529411764,224.2699294117647,8.821917647058822,278.117,61.0,,,,,134.0,,,,,22.026417910447766,192.7819776119403,7.051477611940298,408.94999999999993,145.0,,,,,181.0,,,,,218.0,,,,,36.0,,,,
US-Prr,2014,NDVI,fixed,113.0646240972122,172.0,279.77468671206094,257.2373012185629,226.55216980827132,,,,65.1237,ENF,59.0,2.424136101694915,143.02402999999998,0.7984974898305085,47.1113519,9.843983050847458,214.83164406779662,6.3267288135593205,60.1,,,,,,,,,,,,,,,,,,,,,,,,,,,,,,,,,,
US-Prr,2014,EVI,fixed,125.35939684791826,172.0,270.90826078653294,249.59117210524897,225.70519090514887,,,,65.1237,ENF,47.0,2.7292808510638307,128.27620000000005,0.936610404255319,44.020689,10.497553191489365,215.70929787234041,6.480851063829786,58.5,,,,,,,,,,,,,,,,,,,,,,,,,,,,,,,,,,
US-Prr,2014,NIRv,fixed,129.83246664567238,172.0,267.87549108314283,248.6495496936681,228.1891572711196,,,,65.1237,ENF,43.0,2.815383953488372,121.06151,0.9618862325581395,41.361108,10.97760465116279,220.15974418604654,6.7250930232558135,56.00000000000001,,,,,,,,,,,,,,,,,,,,,,,,,,,,,,,,,,
US-Rls,2014,NDVI,fixed,30.30282071304969,172.0,201.06189378411116,173.9057735254453,150.15796814696236,215.97679952264815,183.8440508049164,159.19746791247513,43.1439,CSH,142.0,,,,,7.402126760563381,210.1597535211268,6.804415492957747,535.837,,,,,,44.0,,,,,20.26861363636364,291.8232727272727,17.82659090909091,79.42699999999999,129.0,,,,,153.0,,,,,185.0,,,,,24.0,,,,
US-Rls,2014,EVI,fixed,56.64941125727753,172.0,217.66570909396785,174.82674766787727,148.04477382938765,240.47877476434806,192.0597553361686,161.29203043463787,43.1439,CSH,116.0,,,,,8.97268103448276,234.8524051724138,7.730655172413793,366.043,,,,,,69.0,,,,,19.425246376811593,274.5943623188406,16.057173913043474,159.312,105.0,,,,,136.0,,,,,184.0,,,,,31.0,,,,
US-Rls,2014,NIRv,fixed,65.33138481396722,172.0,222.2969844670476,177.03668938216703,149.61005581271013,240.92519128247855,192.78244614459533,161.96503676347285,43.1439,CSH,107.0,,,,,9.293906542056074,244.7495327102804,8.092644859813085,303.861,,,,,,69.0,,,,,19.425246376811593,274.5943623188406,16.057173913043474,159.312,96.0,,,,,127.0,,,,,175.0,,,,,31.0,,,,
US-Rls,2015,NDVI,fixed,47.38667231048974,172.0,244.58767985083225,188.93922392587749,146.6607032013768,215.97679952264815,183.8440508049164,159.19746791247513,43.1439,CSH,125.0,3.6086956480000003,451.08695600000004,0.9996272688000001,124.9534086,8.902296,230.044168,6.984319999999999,365.16499999999996,,,,,,44.0,2.208388522727273,97.169095,-0.3906930500000001,-17.190494200000003,21.132204545454552,285.48350000000005,18.320613636363635,61.634,112.0,3.353977196428571,375.645446,1.0253265321428573,114.83657160000001,136.0,3.5658953382352943,484.961766,0.9459925404411765,128.6549855,168.0,3.234318160714286,543.365451,0.6352492523809524,106.7218744,24.0,4.554846666666666,109.31631999999999,0.5757672458333334,13.818413900000001
US-Rls,2015,EVI,fixed,48.13861088199662,172.0,279.29319846232966,209.9083309259016,155.33221265311153,240.47877476434806,192.0597553361686,161.29203043463787,43.1439,CSH,124.0,3.6272115806451617,449.77423600000003,1.0059581177419357,124.73880660000002,8.962766129032259,230.55356451612906,7.013701612903225,365.16499999999996,,,,,,69.0,2.0514173188405804,141.54779500000004,-0.209992115942029,-14.489456,21.362782608695653,278.0702753623189,19.10201449275362,70.349,113.0,3.413991380530974,385.78102600000005,1.007802553982301,113.88168860000002,144.0,3.4484164097222223,496.571963,0.8469267173611111,121.9574473,192.0,3.0543303697916664,586.431431,0.568793284375,109.2083106,31.0,3.573901193548387,110.790937,0.2605083451612903,8.0757587
US-Rls,2015,NIRv,fixed,87.42020569561525,172.0,263.714411632854,212.157083868442,158.89342501676256,240.92519128247855,192.78244614459533,161.96503676347285,43.1439,CSH,85.0,4.392072235294118,373.32614000000007,1.3344443694117647,113.4277714,10.905894117647058,258.8472941176471,8.074717647058824,245.362,,,,,,69.0,2.0514173188405804,141.54779500000004,-0.209992115942029,-14.489456,21.362782608695653,278.0702753623189,19.10201449275362,70.349,74.0,4.18017472972973,309.33293000000003,1.386089910810811,102.57065340000001,105.0,4.001179685714286,420.123867,1.0537753533333332,110.64641209999998,153.0,3.333224411764706,509.983335,0.6398514732026145,97.89727540000001,31.0,3.573901193548387,110.790937,0.2605083451612903,8.0757587
US-Rls,2016,NDVI,fixed,62.82878740324094,173.0,212.5206143976945,170.75516462125333,143.52789404402287,215.97679952264815,183.8440508049164,159.19746791247513,43.1439,CSH,111.0,3.388009918918919,376.069101,1.1676666690090087,129.61100025999997,9.800621621621623,236.1192432432433,7.270207207207205,358.48099999999994,,,,,,43.0,2.0487906279069774,88.09799700000003,0.43347041860465113,18.639228,20.96413953488372,329.89734883720934,19.476488372093023,43.730000000000004,97.0,3.302974443298969,320.38852099999997,1.0953878274226805,106.25261926,121.0,3.3324946363636365,403.231851,1.119350283140496,135.44138426,153.0,3.012830836601307,460.96311799999995,0.9621537794771242,147.20952826,24.0,3.4518054166666663,82.84333,1.2161985416666665,29.188764999999997
US-Rls,2016,EVI,fixed,67.31341265749998,173.0,228.8827079581812,178.5778338246284,147.6854726973707,240.47877476434806,192.0597553361686,161.29203043463787,43.1439,CSH,106.0,3.4838574528301884,369.28889,1.2469054175471697,132.17197425999998,9.970283018867926,241.80387735849052,7.443830188679245,331.645,,,,,,68.0,1.662587088235294,113.055922,0.28208758867647055,19.18195603,20.827691176470587,314.93548529411765,19.30401470588235,44.554,94.0,3.4390295744680857,323.26878000000005,1.1908728006382978,111.94204325999999,125.0,3.3320091200000004,416.50114,1.13787778608,142.23472326,173.0,2.769600184971098,479.140832,0.8688626028323698,150.31323028999998,31.0,3.0074954838709673,93.23235999999999,0.9771832258064516,30.292679999999997
US-Rls,2016,NIRv,fixed,70.23518461505996,173.0,230.8248612438996,179.0861778880443,147.74256419720496,240.92519128247855,192.78244614459533,161.96503676347285,43.1439,CSH,103.0,3.5509181553398057,365.74457,1.2986215170873785,133.75801625999998,10.13197087378641,245.3493883495146,7.580747572815533,324.018,,,,,,68.0,1.662587088235294,113.055922,0.28208758867647055,19.18195603,20.827691176470587,314.93548529411765,19.30401470588235,44.554,91.0,3.5134556043956047,319.72446,1.2475613764835165,113.52808526,122.0,3.3848919672131146,412.95682,1.1788587316393442,143.82076526,170.0,2.7976265411764705,475.59651199999996,0.8935251311176471,151.89927229,31.0,3.0074954838709673,93.23235999999999,0.9771832258064516,30.292679999999997
US-Rls,2017,NDVI,fixed,125.7364844770726,172.0,216.6195415289745,184.69635610942467,155.11968774310722,215.97679952264815,183.8440508049164,159.19746791247513,43.1439,CSH,47.0,4.996618510638298,234.84107,1.616848770212766,75.99189220000001,12.840148936170213,272.8043829787234,8.863829787234042,210.52999999999997,,,,,,44.0,3.0108677272727267,132.47817999999998,0.4178663106818182,18.38611767,23.443136363636366,325.2991818181818,22.536181818181817,18.122,34.0,5.114748235294118,173.90144,1.9456735882352945,66.15290200000001,58.0,5.020760172413794,291.20409,1.5610369000000002,90.54014020000001,90.0,4.018757333333333,361.68816,1.0337289985555556,93.03560987,24.0,4.887610416666667,117.30265,1.016134925,24.3872382
US-Rls,2017,EVI,fixed,119.59306238930984,172.0,241.91018380524915,194.1431278687318,163.87554273442063,240.47877476434806,192.0597553361686,161.29203043463787,43.1439,CSH,53.0,4.929768867924529,261.27775,1.571543683018868,83.2918152,12.704811320754715,270.8086226415095,8.662547169811322,223.31,,,,,,69.0,2.391452724637682,165.01023800000004,0.21435914304347828,14.79078087,22.897347826086957,298.07392753623185,21.47368115942029,38.470000000000006,42.0,4.976340476190477,209.00630000000004,1.8205508095238094,76.463134,73.0,4.792894657534246,349.88131,1.385073089452055,101.11033553000003,121.0,3.4765032892561987,420.656898,0.7995057526446282,96.74019607000001,31.0,4.544355161290322,140.87500999999997,0.7950710170967741,24.647201529999997
US-Rls,2017,NIRv,fixed,119.76466730950116,172.0,244.39716681825263,195.8531576548139,165.59801363601676,240.92519128247855,192.78244614459533,161.96503676347285,43.1439,CSH,53.0,4.929768867924529,261.27775,1.571543683018868,83.2918152,12.704811320754715,270.8086226415095,8.662547169811322,223.31,,,,,,69.0,2.391452724637682,165.01023800000004,0.21435914304347828,14.79078087,22.897347826086957,298.07392753623185,21.47368115942029,38.470000000000006,42.0,4.976340476190477,209.00630000000004,1.8205508095238094,76.463134,73.0,4.792894657534246,349.88131,1.385073089452055,101.11033553000003,121.0,3.4765032892561987,420.656898,0.7995057526446282,96.74019607000001,31.0,4.544355161290322,140.87500999999997,0.7950710170967741,24.647201529999997
US-Rls,2018,NDVI,fixed,95.11988119590288,172.0,208.76067372066865,182.07939067167345,161.92610338684756,215.97679952264815,183.8440508049164,159.19746791247513,43.1439,CSH,77.0,4.146145116883117,319.253174,1.0896310705194805,83.90159243,10.859480519480519,250.30676623376618,6.9377012987013,319.32199999999995,,,,,,44.0,2.2130847045454547,97.37572700000001,0.34641085454545456,15.2420776,21.55854545454545,322.72643181818177,20.391909090909092,12.283999999999999,64.0,3.9162053749999997,250.63714399999998,0.9255420692187499,59.234692429999996,88.0,4.093171409090909,360.19908399999997,1.1283999594318184,99.29919643000002,120.0,3.422654258333333,410.718511,0.80861050025,97.03326003000001,24.0,4.565080833333333,109.56193999999999,1.6693543333333334,40.064504
US-Rls,2018,EVI,fixed,95.52571244018095,172.0,229.0446786039128,189.54675359574253,164.46432530569032,240.47877476434806,192.0597553361686,161.29203043463787,43.1439,CSH,77.0,4.146145116883117,319.253174,1.0896310705194805,83.90159243,10.859480519480519,250.30676623376618,6.9377012987013,319.32199999999995,,,,,,69.0,1.9080830579710142,131.65773099999998,0.32292598840579706,22.281893199999995,21.27520289855072,299.43673913043483,20.19194202898551,27.942,66.0,3.9793574848484847,262.637594,0.9957698853030302,65.72081243,97.0,3.930410350515464,381.249804,1.0390344168041237,100.78633843,145.0,3.068969068965517,445.00051499999995,0.7177453491724138,104.07307563,31.0,3.826200322580645,118.61220999999999,1.1311460000000002,35.065526000000006
US-Rls,2018,NIRv,fixed,96.39227474422232,172.0,228.90701954686944,188.79743041272212,164.00823675535935,240.92519128247855,192.78244614459533,161.96503676347285,43.1439,CSH,76.0,4.183461236842105,317.943054,1.1104455319736841,84.39386042999999,10.925894736842105,252.51628947368422,7.004868421052633,307.781,,,,,,69.0,1.9080830579710142,131.65773099999998,0.32292598840579706,22.281893199999995,21.27520289855072,299.43673913043483,20.19194202898551,27.942,65.0,4.020422676923077,261.327474,1.0186627758461537,66.21308042999999,96.0,3.957705041666666,379.93968399999994,1.0549854836458332,101.27860643,144.0,3.0811832986111107,443.69039499999997,0.7261482196527778,104.56534363,31.0,3.826200322580645,118.61220999999999,1.1311460000000002,35.065526000000006
US-Rls,2019,NDVI,fixed,103.2521387275772,172.0,244.7625960066333,198.60390820190716,169.23659854847438,215.97679952264815,183.8440508049164,159.19746791247513,43.1439,CSH,69.0,4.812884637681159,332.08903999999995,1.1646345753623186,80.35978569999999,10.620449275362319,267.0089710144927,6.983826086956521,421.03999999999996,,,,,,44.0,4.564881818181818,200.85479999999998,1.633438272727272,71.87128399999997,19.06370454545455,298.9101590909091,15.288454545454544,26.979,56.0,4.217497321428572,236.17985000000002,1.0042231196428573,56.23649470000001,80.0,5.007351249999999,400.58809999999994,1.32292187125,105.8337497,112.0,4.717274196428571,528.33471,1.3490202651785714,151.0902697,24.0,6.85034375,164.40825,2.0665522916666665,49.597255
US-Rls,2019,EVI,fixed,102.83841643298996,172.0,274.02357073314744,207.7948618365489,167.96768535654112,240.47877476434806,192.0597553361686,161.29203043463787,43.1439,CSH,70.0,4.785678428571428,334.99748999999997,1.1581433385714286,81.0700337,10.557385714285715,267.0746714285715,6.942671428571429,428.78200000000004,,,,,,69.0,3.9004082608695647,269.12816999999995,1.2968750188405798,89.48437630000001,19.560753623188408,291.3849710144928,16.135391304347827,53.305,59.0,4.305260169491525,254.01035,1.0382202152542375,61.25499270000001,90.0,4.9848292222222215,448.63462999999996,1.3555925300000002,122.00332770000003,138.0,4.34432268115942,599.51653,1.2276348550724638,169.41361,31.0,6.2782025806451625,194.62428000000003,1.9596237096774194,60.748335000000004
US-Rls,2019,NIRv,fixed,103.13677558778429,172.0,276.4563183124791,208.78052162573888,168.1438192404905,240.92519128247855,192.78244614459533,161.96503676347285,43.1439,CSH,69.0,4.812884637681159,332.08903999999995,1.1646345753623186,80.35978569999999,10.620449275362319,267.0089710144927,6.983826086956521,421.03999999999996,,,,,,69.0,3.9004082608695647,269.12816999999995,1.2968750188405798,89.48437630000001,19.560753623188408,291.3849710144928,16.135391304347827,53.305,58.0,4.329343103448275,251.10189999999997,1.0438749086206898,60.54474470000001,89.0,5.008159325842696,445.72617999999994,1.3628435921348314,121.29307969999999,137.0,4.354803503649634,596.60808,1.231411401459854,168.703362,31.0,6.2782025806451625,194.62428000000003,1.9596237096774194,60.748335000000004
US-Rls,2020,NDVI,fixed,82.71218189992209,173.0,218.29249637345268,185.48330210213675,162.40691175004144,215.97679952264815,183.8440508049164,159.19746791247513,43.1439,CSH,91.0,4.004504395604396,364.40990000000005,1.250379402197802,113.7845256,8.702186813186811,238.97903296703302,6.294725274725274,527.9609999999999,,,,,,43.0,4.099253255813954,176.26789000000002,1.350583534883721,58.075092,19.714930232558142,318.38162790697675,16.427279069767444,120.70400000000001,77.0,3.8097461038961042,293.35045,1.1408515012987013,87.8455656,101.0,4.034286930693069,407.46297999999996,1.2424372732673268,125.48616460000001,133.0,4.019207518796993,534.5546,1.2742436661654135,169.4744076,24.0,4.754688750000001,114.11253000000002,1.5683582916666665,37.640598999999995
US-Rls,2020,EVI,fixed,81.60425624439583,173.0,243.00142983697864,193.63386864193188,163.36290216494712,240.47877476434806,192.0597553361686,161.29203043463787,43.1439,CSH,92.0,3.983126847826088,366.4476700000001,1.240248854347826,114.1028946,8.663260869565217,239.0136521739131,6.2892717391304345,527.961,,,,,,68.0,3.6202677941176478,246.17821000000004,1.1199529426470587,76.1568001,20.539955882352942,296.83358823529414,17.59495588235294,154.76100000000002,80.0,3.81831775,305.46542,1.1507158075,92.0572646,111.0,4.073296666666667,452.13593000000003,1.2986180504504503,144.1466036,159.0,3.8144823270440247,606.5026899999999,1.1816005327044024,187.87448469999998,31.0,4.731306774193548,146.67051,1.6803012580645158,52.08933899999999
US-Rls,2020,NIRv,fixed,87.71568373298042,173.0,242.9648177823619,192.20552292339397,161.74469306112928,240.92519128247855,192.78244614459533,161.96503676347285,43.1439,CSH,86.0,4.147571511627907,356.69115000000005,1.3007898906976745,111.86793060000001,9.214279069767443,242.5664186046512,6.515023255813954,518.4910000000001,,,,,,68.0,3.6202677941176478,246.17821000000004,1.1199529426470587,76.1568001,20.539955882352942,296.83358823529414,17.59495588235294,154.76100000000002,74.0,3.996066216216216,295.70889999999997,1.213814872972973,89.8223006,105.0,4.213137238095238,442.37941,1.351539424761905,141.91163960000003,153.0,3.9003017647058824,596.74617,1.2133302006535946,185.6395207,31.0,4.731306774193548,146.67051,1.6803012580645158,52.08933899999999
US-Rls,2021,NDVI,fixed,87.72272404827349,172.0,199.59824928925835,177.92029841750949,162.59960678458128,215.97679952264815,183.8440508049164,159.19746791247513,43.1439,CSH,85.0,4.758663082352941,404.486362,1.3889344976470588,118.0594323,10.653529411764707,281.81616470588233,9.283341176470591,221.866,,,,,,44.0,2.839595727272727,124.94221199999998,0.9657213181818182,42.491738,24.445318181818177,299.10154545454543,23.728318181818178,70.73,72.0,4.599081000000001,331.13383200000004,1.2672666430555555,91.24319829999999,96.0,4.660725958333333,447.42969199999993,1.3540671072916666,129.99044229999998,128.0,4.096773703125001,524.3870340000001,1.24219883046875,159.0014503,24.0,4.8456608333333335,116.29586,1.6144684999999999,38.747243999999995
US-Rls,2021,EVI,fixed,93.17854328587076,172.0,225.39804100842588,185.5878753194457,162.27359937390435,240.47877476434806,192.0597553361686,161.29203043463787,43.1439,CSH,79.0,4.913737113924051,388.18523200000004,1.4617425924050635,115.47766480000001,11.00753164556962,283.71101265822784,9.40413924050633,221.281,,,,,,69.0,2.650683797101449,182.897182,0.8856878550724637,61.112461999999994,22.89472463768116,282.10801449275357,21.737246376811594,80.17500000000001,68.0,4.756817676470589,323.46360200000004,1.3463984529411765,91.5550948,99.0,4.625182343434344,457.893052,1.3880866242424241,137.4205758,147.0,3.8506181904761907,566.040874,1.1907510666666667,175.0404068,31.0,4.336433870967741,134.42944999999997,1.4795316451612899,45.86548099999999
US-Rls,2021,NIRv,fixed,97.12892003441978,172.0,228.70296001121687,186.3204088047802,162.05705162006487,240.92519128247855,192.78244614459533,161.96503676347285,43.1439,CSH,75.0,5.015725359999999,376.1794019999999,1.5106736533333334,113.300524,11.216853333333331,286.3384266666667,9.511093333333335,219.333,,,,,,69.0,2.650683797101449,182.897182,0.8856878550724637,61.112461999999994,22.89472463768116,282.10801449275357,21.737246376811594,80.17500000000001,64.0,4.8665276875,311.457772,1.3965305312499998,89.37795399999999,95.0,4.693549705263158,445.887222,1.423615105263158,135.243435,143.0,3.874370937062937,554.035044,1.208834027972028,172.863266,31.0,4.336433870967741,134.42944999999997,1.4795316451612899,45.86548099999999
US-Rls,2022,NDVI,fixed,130.0600819845269,172.0,206.8341217369176,188.91074244120728,171.06965338600733,215.97679952264815,183.8440508049164,159.19746791247513,43.1439,CSH,42.0,5.664735476190477,237.91889000000003,2.2741585238095237,95.514658,11.034119047619047,250.95654761904765,6.829714285714284,153.29799999999997,,,,,,44.0,4.327117954545455,190.39319,1.5716127500000001,69.15096100000001,22.65677272727273,324.67713636363635,21.490704545454545,19.665,29.0,5.562533103448278,161.31346000000005,2.4004146896551726,69.612026,53.0,5.848844528301888,309.98876000000007,2.2437637358490568,118.91947800000001,85.0,4.9578151764705884,421.41429,1.8985159882352942,161.373859,24.0,6.194804166666667,148.6753,2.0544771666666666,49.307452
US-Rls,2022,EVI,fixed,103.0029947665097,172.0,222.6515693762151,192.40530168801428,173.22138168406133,240.47877476434806,192.0597553361686,161.29203043463787,43.1439,CSH,69.0,4.729599420289856,326.34236000000004,1.7147840623333332,118.320100301,8.452376811594203,234.9760434782609,5.592130434782608,375.349,,,,,,69.0,3.7018052173913047,255.42456,0.9586809521739128,66.14898569999998,22.80663768115942,302.799231884058,20.96930434782609,65.46299999999998,58.0,4.514966034482759,261.86803000000003,1.680462212086207,97.466808301,89.0,4.959171685393258,441.36627999999996,1.8098893292247191,161.080150301,137.0,4.19612503649635,574.86913,1.3224622335839415,181.17732600099998,31.0,5.790266129032259,179.49825,2.052043290322581,63.61334200000001
US-Rls,2022,NIRv,fixed,139.40477202423472,172.0,226.48949427978556,193.83180341179468,176.21607034212246,240.92519128247855,192.78244614459533,161.96503676347285,43.1439,CSH,33.0,5.706987878787879,188.3306,2.385716909090909,78.728658,11.431393939393939,249.45921212121215,6.924878787878788,138.339,,,,,,69.0,3.7018052173913047,255.42456,0.9586809521739128,66.14898569999998,22.80663768115942,302.799231884058,20.96930434782609,65.46299999999998,22.0,5.629830454545454,123.85626999999998,2.6306984545454544,57.875366,53.0,5.723670188679246,303.35452000000004,2.2922397735849054,121.48870799999999,101.0,4.325320495049506,436.8573700000001,1.4018404326732672,141.58588369999998,31.0,5.790266129032259,179.49825,2.052043290322581,63.61334200000001
US-Rls,2023,NDVI,fixed,115.32823052428064,172.0,206.73012853793853,187.14634803272912,169.26955213332994,215.97679952264815,183.8440508049164,159.19746791247513,43.1439,CSH,57.0,6.286565438596491,358.33423,2.245452894736842,127.990815,12.800543859649125,266.9549298245614,7.350859649122809,223.91799999999998,,,,,,44.0,4.653504090909091,204.75418,1.6947274772727274,74.568009,21.278613636363634,309.5887272727273,18.974613636363635,27.708,44.0,6.326942954545453,278.38548999999995,2.3762578863636366,104.55534700000001,68.0,6.217976764705882,422.82241999999997,2.211593661764706,150.388369,100.0,5.5598988999999985,555.9898899999998,1.9838792399999996,198.38792399999997,24.0,6.018205416666667,144.43693000000002,1.90970925,45.833022
US-Rls,2023,EVI,fixed,114.51097188603458,172.0,242.9166587650726,194.1728519928636,166.69240854694394,240.47877476434806,192.0597553361686,161.29203043463787,43.1439,CSH,58.0,6.237651551724139,361.78379000000007,2.2310274999999997,129.39959499999998,12.669482758620692,267.55987931034485,7.298431034482759,223.91799999999998,,,,,,69.0,3.826116710144928,264.00205300000005,1.0857631159420291,74.91765500000001,21.06978260869565,288.13507246376815,17.67608695652174,130.23100000000002,47.0,6.197089787234041,291.26321999999993,2.2388605744680854,105.22644700000001,78.0,6.063797435897436,472.97619999999995,2.177498576923077,169.844889,126.0,4.910216849206348,618.6873229999999,1.5884630952380954,200.14635,31.0,5.861709032258063,181.71297999999996,2.084465870967742,64.618442
US-Rls,2023,NIRv,fixed,114.760638506279,172.0,244.4978787300187,193.7556654740561,165.63643795286774,240.92519128247855,192.78244614459533,161.96503676347285,43.1439,CSH,58.0,6.237651551724139,361.78379000000007,2.2310274999999997,129.39959499999998,12.669482758620692,267.55987931034485,7.298431034482759,223.91799999999998,,,,,,69.0,3.826116710144928,264.00205300000005,1.0857631159420291,74.91765500000001,21.06978260869565,288.13507246376815,17.67608695652174,130.23100000000002,47.0,6.197089787234041,291.26321999999993,2.2388605744680854,105.22644700000001,78.0,6.063797435897436,472.97619999999995,2.177498576923077,169.844889,126.0,4.910216849206348,618.6873229999999,1.5884630952380954,200.14635,31.0,5.861709032258063,181.71297999999996,2.084465870967742,64.618442
US-Rms,2016,NDVI,fixed,122.01675998357535,173.0,256.2401705916493,205.3697442253261,172.04787742242775,267.12141538837875,218.47317935182755,187.44260828728784,43.0645,CSH,51.0,5.46562411764706,278.74683000000005,1.8280170925490196,93.22887172,9.023901960784315,280.0641176470588,6.735490196078432,151.397,15.0,8.796354666666666,131.94531999999998,4.1543893333333335,62.31584,95.0,5.1291376842105265,487.26808,1.964718631578948,186.64827000000005,14.917115789473687,290.84981052631576,12.814905263157893,101.36900000000001,65.0,6.160993076923076,400.46455,2.318289411076923,150.68881172000002,96.0,6.3460075,609.21672,2.4883220908333334,238.87892072,145.0,5.212326275862068,755.7873099999999,1.896698218758621,275.02124172000003,31.0,6.733940967741936,208.75217,2.8448422258064516,88.190109
US-Rms,2016,EVI,fixed,121.98861174737009,173.0,256.3445396614072,207.27283163308903,173.7192863038239,270.9823511817517,220.44167627679352,184.39602100888476,43.0645,CSH,52.0,5.408038461538462,281.218,1.7997254176923079,93.58572172000001,8.959442307692308,280.6807692307693,6.682288461538462,151.39899999999997,12.0,8.590799166666667,103.08959,3.9155833333333336,46.987,98.0,5.024547857142857,492.40569,1.8953687448979595,185.74613700000003,14.79223469387755,289.18055102040813,12.680459183673468,101.37199999999999,63.0,5.937777619047619,374.07999,2.1542352653968257,135.71682172,99.0,6.28635909090909,622.3495499999999,2.461355865858586,243.67423072,149.0,5.123463691275168,763.39609,1.8421205283221476,274.47595872,36.0,6.896376666666667,248.26956,2.998816916666667,107.95740900000001
US-Rms,2016,NIRv,fixed,123.74786661868308,173.0,255.5988474435126,207.50996210966747,175.5024503999501,268.41155794698585,219.7085733859557,187.12179456003304,43.0645,CSH,50.0,5.530766,276.5383,1.8655833664,93.27916832000001,9.04378,279.0128,6.74194,151.397,15.0,8.796354666666666,131.94531999999998,4.1543893333333335,62.31584,96.0,5.092721458333333,488.90126,1.9422417812500001,186.45521100000002,14.825333333333333,290.34009375,12.72528125,101.37199999999999,64.0,6.2227503125000005,398.25602000000003,2.3552985675,150.73910832,96.0,6.376895,612.18192,2.509438930416667,240.90613732000003,145.0,5.208358344827586,755.2119599999999,1.8957136504827585,274.87847932,32.0,6.685184375,213.9259,2.8177196562500004,90.16702900000001
US-Rms,2017,NDVI,fixed,136.85849922624035,172.0,272.7366153668685,216.375906566787,185.21949083734367,267.12141538837875,218.47317935182755,187.44260828728784,43.0645,CSH,36.0,5.786882222222222,208.32776,1.613866277777778,58.099186,10.413305555555553,281.7466111111111,6.586444444444444,175.507,16.0,10.088851875,161.42163,3.9447,63.1152,96.0,5.296519947916667,508.465915,1.5368934125000002,147.54176760000001,17.37364583333333,277.18628125,14.351249999999999,127.71100000000001,51.0,7.056907647058824,359.90229000000005,2.3081452156862747,117.71540600000002,82.0,7.160885243902439,587.19259,2.359914304878049,193.51297300000002,131.0,5.3965387404580145,706.9465749999999,1.5430685007633587,202.14197359999997,31.0,7.3319451612903235,227.29030000000003,2.4450828064516124,75.79756699999999
US-Rms,2017,EVI,fixed,142.7954926480911,172.0,266.2128674552823,209.56472544549936,166.69809424882106,270.9823511817517,220.44167627679352,184.39602100888476,43.0645,CSH,30.0,6.292041333333333,188.76124,1.9771847666666664,59.31554299999999,11.344033333333332,286.7004,7.184733333333333,145.755,13.0,10.084034615384613,131.09244999999999,4.033876153846153,52.44038999999999,99.0,5.18319803030303,513.136605,1.48267578989899,146.7849032,17.054696969696966,275.65310101010095,14.060919191919188,127.711,42.0,7.381109285714286,310.00659,2.5775465,108.256953,78.0,7.335735,572.18733,2.481778601282052,193.57873090000004,128.0,5.4066464453125,692.050745,1.5828239546875,202.6014662,36.0,7.282798333333334,262.18074,2.3700493861111114,85.32177790000001
US-Rms,2017,NIRv,fixed,136.72459007486285,172.0,266.79229503116915,217.1570445033076,189.1358655027007,268.41155794698585,219.7085733859557,187.12179456003304,43.0645,CSH,36.0,5.786882222222222,208.32776,1.613866277777778,58.099186,10.413305555555553,281.7466111111111,6.586444444444444,175.507,16.0,10.088851875,161.42163,3.9447,63.1152,97.0,5.257193247422681,509.947745,1.5189432639175258,147.3374966,17.238742268041236,276.7969484536082,14.237731958762884,127.71100000000001,51.0,7.056907647058824,359.90229000000005,2.3081452156862747,117.71540600000002,83.0,7.095520963855421,588.92824,2.318194012048193,192.41010300000005,132.0,5.366881856060606,708.428405,1.52983108030303,201.93770259999997,32.0,7.157060937500001,229.02595000000002,2.3342092812499997,74.69469699999999
US-Rms,2018,NDVI,fixed,121.40789404378764,172.0,259.6249574147725,203.2264183552491,173.1777227813155,267.12141538837875,218.47317935182755,187.44260828728784,43.0645,CSH,51.0,6.386406274509803,325.70671999999996,1.9975246903529411,101.873759208,9.051490196078433,263.50198039215684,4.963941176470589,293.4080000000001,16.0,9.260905,148.17448,3.51341125,56.21458,96.0,5.360771458333333,514.63406,1.8222814677083334,174.9390209,15.904072916666669,289.89370833333334,13.607708333333333,43.322,66.0,7.012101515151516,462.79870000000005,2.3156296849696973,152.83155920800002,97.0,6.760723608247424,655.79019,2.215241466061856,214.87842220800005,146.0,5.679851232876713,829.25828,1.859972603479452,271.556000108,31.0,6.22553193548387,192.99148999999997,2.0015117096774193,62.046863
US-Rms,2018,EVI,fixed,120.51825077559826,172.0,258.0040967547956,207.9724785962011,179.78732099691285,270.9823511817517,220.44167627679352,184.39602100888476,43.0645,CSH,52.0,6.291408846153846,327.15326,1.9533866578461538,101.576106208,8.89348076923077,263.61675,4.9104230769230774,295.056,13.0,9.661064615384616,125.59384,3.9138538461538457,50.88009999999999,99.0,5.27691393939394,522.41448,1.7944238979797977,177.64796589999997,15.75146464646465,288.23161616161616,13.508424242424242,43.322,64.0,6.901009375,441.6646,2.2999910345000005,147.19942620800003,100.0,6.6733417,667.33417,2.17365609208,217.365609208,150.0,5.5899016,838.48524,1.8264486140533336,273.96729210800004,36.0,6.268599166666667,225.66957000000002,1.9490606388888887,70.16618299999999
US-Rms,2018,NIRv,fixed,125.37285614320923,172.0,254.366139755105,205.47474263776743,178.2860639805533,268.41155794698585,219.7085733859557,187.12179456003304,43.0645,CSH,47.0,6.738724042553192,316.72003,2.1861215319148934,102.74771199999999,9.043787234042552,261.8771063829787,4.783702127659574,292.85699999999997,16.0,9.260905,148.17448,3.51341125,56.21458,97.0,5.331183195876289,517.12477,1.8131500402061855,175.8755539,15.807422680412373,289.3575360824742,13.530835051546392,43.322,62.0,7.319548548387098,453.81201000000004,2.4791211612903226,153.705512,94.0,6.935338936170213,651.92186,2.311490585106383,217.280115,143.0,5.753582517482518,822.7623000000001,1.9116537475524475,273.3664859,32.0,6.1909328125,198.10985,1.98670634375,63.574603
US-Rms,2019,NDVI,fixed,152.38982178515442,172.0,265.7919747986489,234.05385625477217,205.28531406283585,267.12141538837875,218.47317935182755,187.44260828728784,43.0645,CSH,20.0,5.568817,111.37634,1.197622425,23.952448500000003,10.674600000000002,321.637,7.1318,48.406000000000006,16.0,7.707650625,123.32241,3.1741325,50.78612,96.0,6.115282499999999,587.0671199999999,2.4494063352083337,235.14300818000004,14.604854166666664,273.31497916666666,10.65615625,182.276,35.0,6.564923714285714,229.77233,2.1060231,73.7108085,66.0,7.168456666666668,473.11814000000004,2.7704271015151516,182.8481887,115.0,6.030582956521739,693.51704,2.244066927652174,258.06769668,31.0,7.849864838709675,243.34580999999994,3.520560651612903,109.1373802
US-Rms,2019,EVI,fixed,136.67001700999745,172.0,279.8333451271612,235.57455249869795,203.0673211649253,270.9823511817517,220.44167627679352,184.39602100888476,43.0645,CSH,36.0,4.363363611111112,157.08109000000002,0.8450164333333334,30.4205916,7.7734999999999985,265.39894444444445,4.503027777777778,347.12100000000004,13.0,7.679332307692308,99.83132,3.1155553846153845,40.50222,99.0,6.024464848484849,596.42202,2.3942071331313137,237.02650618000007,14.431494949494946,272.0352121212121,10.514676767676765,187.27200000000002,48.0,5.249708125,251.98599,1.4561469083333334,69.8950516,84.0,6.28958642857143,528.3252600000001,2.280532676190476,191.5647448,134.0,5.586393208955225,748.5766900000001,1.9882040132835819,266.41933778,36.0,7.676090833333333,276.33927,3.3797137,121.6696932
US-Rms,2019,NIRv,fixed,146.43230171306465,172.0,277.4410905361155,235.2952355325236,202.0006997565237,268.41155794698585,219.7085733859557,187.12179456003304,43.0645,CSH,26.0,5.028845769230769,130.74999,0.9754599038461538,25.3619575,10.018461538461537,300.247,5.992576923076924,139.915,16.0,7.707650625,123.32241,3.1741325,50.78612,97.0,6.084694226804124,590.21534,2.429371579175258,235.64904318000004,14.544515463917524,272.9194845360825,10.607103092783504,182.276,41.0,6.076731219512196,249.14598,1.8322028658536589,75.12031750000001,73.0,6.828465890410959,498.47801,2.5533503794520547,186.39457769999999,122.0,5.869171393442623,716.03891,2.1310101695081967,259.98324068,32.0,7.791625937499999,249.33202999999997,3.47732063125,111.2742602
US-Rms,2020,NDVI,fixed,,173.0,265.5407426974717,212.13848254263735,182.1620135682857,267.12141538837875,218.47317935182755,187.44260828728784,43.0645,CSH,,,,,,,,,,15.0,9.862720666666666,147.94081,4.060796333333333,60.911944999999996,95.0,6.344775789473685,602.7537000000001,1.9794911536842104,188.0516596,17.10868421052632,285.09172631578946,12.797431578947371,170.754,,,,,,,,,,,,,,,,31.0,7.637062903225805,236.74894999999995,2.290140064516129,70.994342
US-Rms,2020,EVI,fixed,,173.0,275.5965443696963,217.6992188968337,183.1875354612703,270.9823511817517,220.44167627679352,184.39602100888476,43.0645,CSH,,,,,,,,,,12.0,9.6411175,115.69341,3.96023625,47.522835,98.0,6.217282724489796,609.293707,1.9222206999999998,188.37762859999998,16.87412244897959,280.5328979591837,12.555142857142856,174.05,,,,,,,,,,,,,,,,36.0,7.855120000000003,282.7843200000001,2.5130408888888884,90.46947199999998
US-Rms,2020,NIRv,fixed,,173.0,268.7750007665558,213.64107975181096,182.39496709576463,268.41155794698585,219.7085733859557,187.12179456003304,43.0645,CSH,,,,,,,,,,15.0,9.862720666666666,147.94081,4.060796333333333,60.911944999999996,96.0,6.309580208333334,605.7197000000001,1.9676507458333334,188.8944716,17.045552083333334,283.77691666666664,12.73278125,170.812,,,,,,,,,,,,,,,,32.0,7.6206478125,243.86073,2.3138685,74.043792
US-Rms,2021,NDVI,fixed,155.79935181881714,172.0,256.7873350225254,221.33254304831812,194.2267263204784,267.12141538837875,218.47317935182755,187.44260828728784,43.0645,CSH,17.0,6.4155958823529415,109.06513000000001,1.6134951176470589,27.429417,13.399058823529414,344.6325294117647,10.18735294117647,48.989000000000004,16.0,8.2209325,131.53492,2.38168975,38.107036,96.0,6.009133333333334,576.8768,2.1145888427083332,203.0005289,17.550187500000003,275.74076041666666,14.448604166666664,161.96200000000002,32.0,7.2703640625,232.65165,1.97656103125,63.249953,63.0,7.3634458730158725,463.89709,2.3168862746031746,145.9638353,112.0,6.053513660714286,677.99353,2.0369950526785714,228.1434459,31.0,7.459530322580645,231.24544,2.6681897516129034,82.71388230000001
US-Rms,2021,EVI,fixed,149.69699316085362,172.0,268.1802325930063,233.28051767330683,200.09331140808337,270.9823511817517,220.44167627679352,184.39602100888476,43.0645,CSH,23.0,6.073752608695651,139.69630999999998,1.0951827173913042,25.189202499999997,14.402000000000001,347.05300000000005,11.136130434782608,49.64600000000001,13.0,8.133277692307693,105.73261000000002,2.3009635384615383,29.912526,99.0,5.904042020202021,584.50016,2.0587872454545453,203.8199373,17.47867676767677,274.44430303030305,14.433,161.96200000000002,35.0,6.785157714285714,237.48051999999998,1.5090065285714287,52.8152285,71.0,7.176420704225353,509.52587000000005,2.1233963492957746,150.7611408,121.0,5.919405537190083,716.24807,1.8737408247933884,226.7226398,36.0,7.556815277777779,272.04535000000004,2.720719786111111,97.9459123
US-Rms,2021,NIRv,fixed,150.95963379271134,172.0,264.478228934206,227.4241768800007,196.4710927100704,268.41155794698585,219.7085733859557,187.12179456003304,43.0645,CSH,22.0,6.160753181818181,135.53656999999998,1.1486015136363636,25.2692333,14.518045454545456,346.0388181818182,11.19690909090909,49.646,16.0,8.2209325,131.53492,2.38168975,38.107036,97.0,5.971412164948454,579.22698,2.0929437144329897,203.0155403,17.545278350515467,275.2988865979382,14.456278350515461,161.96200000000002,37.0,7.003326756756756,259.12309,1.651074845945946,61.0897693,69.0,7.208242028985507,497.3687,2.1259350956521743,146.68952160000003,118.0,5.989958898305086,706.8151500000001,1.915239606779661,225.9982736,32.0,7.4451753125,238.24561,2.674992259375,85.5997523
US-Rms,2022,NDVI,fixed,163.78474147769444,172.0,284.3720360362063,231.89519879817564,192.27195946999043,267.12141538837875,218.47317935182755,187.44260828728784,43.0645,CSH,9.0,8.558585555555556,77.02727,4.032385555555556,36.291470000000004,6.964666666666667,290.55955555555556,4.995333333333333,14.130999999999998,16.0,10.564874999999999,169.03799999999998,4.037400625,64.59841,96.0,7.3570247916666665,706.27438,2.4140358718750003,231.74744370000002,17.856677083333334,289.4235416666666,14.456822916666667,104.146,24.0,9.891371249999999,237.39290999999997,4.068660833333333,97.64786000000001,55.0,9.613750727272725,528.7562899999999,3.8011114545454543,209.06113,104.0,7.448358557692308,774.6292900000001,2.546123977884616,264.79689370000006,31.0,9.398818709677418,291.36337999999995,3.5939764516129027,111.41326999999998
US-Rms,2022,EVI,fixed,164.0696681797499,172.0,283.41795712980115,231.4473964656798,193.3523231419055,270.9823511817517,220.44167627679352,184.39602100888476,43.0645,CSH,8.0,8.82264,70.58112,4.18450125,33.47601,7.80025,298.71512500000006,5.438000000000001,13.741,13.0,10.531087692307693,136.90414,3.8838484615384608,50.49002999999999,99.0,7.222231818181818,715.00095,2.3479001181818187,232.44211170000005,17.838747474747475,287.2293232323232,14.491525252525253,104.146,20.0,9.940645,198.8129,4.036201,80.72402,56.0,9.565040357142857,535.64226,3.7566496428571434,210.37238000000002,106.0,7.329336886792454,776.9097100000001,2.478076431132076,262.67610170000006,36.0,9.356371111111109,336.82935999999995,3.6013433333333325,129.64835999999997
US-Rms,2022,NIRv,fixed,164.09476296910327,172.0,280.232714839856,228.83059491429077,194.17304890815788,268.41155794698585,219.7085733859557,187.12179456003304,43.0645,CSH,8.0,8.82264,70.58112,4.18450125,33.47601,7.80025,298.71512500000006,5.438000000000001,13.741,16.0,10.564874999999999,169.03799999999998,4.037400625,64.59841,97.0,7.3104685567010295,709.1154499999999,2.39200891443299,232.02486470000002,17.833463917525773,288.891206185567,14.444257731958764,104.146,23.0,10.04116347826087,230.94676,4.1231478260869565,94.8324,55.0,9.630473272727274,529.6760300000001,3.8023130909090908,209.12722,104.0,7.4136943269230775,771.02421,2.5217197567307696,262.25885470000003,32.0,9.3352896875,298.72927,3.5717131249999996,114.29481999999999
US-Rms,2023,NDVI,fixed,160.00103990860626,172.0,275.87749117888745,223.3932850233549,195.14976183562536,267.12141538837875,218.47317935182755,187.44260828728784,43.0645,CSH,12.0,7.670520000000001,92.04624000000001,2.634456666666667,31.613480000000003,8.084583333333335,269.6331666666667,3.5394166666666664,87.407,16.0,8.822189375,141.15503,2.6952906875,43.124651,96.0,6.388351635416666,613.281757,2.2914697416666665,219.98109519999997,16.12875,276.84848958333333,11.658375,241.106,27.0,8.384787777777778,226.38926999999998,2.6842289259259258,72.474181,58.0,8.437311724137931,489.36408,3.2047200172413794,185.873761,107.0,6.528186887850468,698.5159970000001,2.3301927588785047,249.33062520000001,31.0,8.483058387096774,262.97481,3.658050967741935,113.39957999999999
US-Rms,2023,EVI,fixed,141.35468660080457,172.0,280.26922636286355,220.72168900504028,175.2629753453358,270.9823511817517,220.44167627679352,184.39602100888476,43.0645,CSH,31.0,5.879990645161291,182.27971000000002,1.7647180967741933,54.70626099999999,9.422451612903226,252.3823225806452,4.176129032258064,194.216,13.0,8.568516923076924,111.39072000000002,2.4681346923076926,32.085751,99.0,6.293671787878788,623.073507,2.254725537373737,223.21782819999999,15.979636363636363,274.5445050505051,11.58921212121212,241.106,43.0,6.671126279069768,286.85843000000006,1.9657688837209304,84.528062,79.0,7.519714303797467,594.0574299999998,2.749257746835443,217.191362,129.0,6.190241992248063,798.5412170000001,2.136900303875969,275.6601392,36.0,8.533305555555556,307.199,3.6850916666666667,132.6633
US-Rms,2023,NIRv,fixed,141.36429488179053,172.0,279.60814626936684,222.3357507582771,179.01016812654356,268.41155794698585,219.7085733859557,187.12179456003304,43.0645,CSH,31.0,5.879990645161291,182.27971000000002,1.7647180967741933,54.70626099999999,9.422451612903226,252.3823225806452,4.176129032258064,194.216,16.0,8.822189375,141.15503,2.6952906875,43.124651,97.0,6.354172649484536,616.354747,2.273174311340206,220.49790819999998,16.119814432989692,276.05355670103097,11.687288659793813,241.106,46.0,6.883103043478263,316.6227400000001,2.0775426521739133,95.56696200000002,78.0,7.513680256410255,586.0670599999999,2.7226813076923078,212.369142,127.0,6.234822496062992,791.822457,2.149135584251969,272.94021920000006,32.0,8.420134999999998,269.44431999999995,3.650068125,116.80218
US-Ro4,2015,NDVI,fixed,118.80629988164247,172.0,307.1192157599317,273.29523320609627,237.55917294605908,316.73647253747095,278.58913106438314,239.42721799506424,44.6781,GRA,54.0,4.165118053703704,224.91637490000002,0.47868890740740744,25.849201,16.338425925925925,230.6474814814815,6.762203703703701,237.82000000000002,68.0,11.788755147058824,801.63535,5.083657470588235,345.68870799999996,145.0,6.6741622194482755,967.75352182,2.257453057034483,327.33069327000004,16.957041379310347,188.31199999999998,5.746193103448276,634.51,121.0,8.368516734710743,1012.5905249,3.013626107438016,364.648759,160.0,7.341404955625,1174.6247929,2.3751623516875,380.02597627,198.0,5.953074225858586,1178.70869672,1.748943152878788,346.29074427,39.0,4.154724820512821,162.03426800000003,0.3942876223076922,15.377217269999996
US-Ro4,2015,EVI,fixed,135.78381230790438,172.0,293.37399885099654,262.9260520025616,233.1024733047164,303.66922837296755,262.49470602723426,226.8977396149824,44.6781,GRA,37.0,5.8425994864864865,216.176181,1.3484311891891894,49.891954000000005,17.537567567567567,239.36289189189188,7.071675675675677,175.73999999999998,55.0,12.767255999999998,702.1990799999999,5.682715709090908,312.5493639999999,132.0,7.326219052272727,967.0609149,2.541327585378788,335.45524127,17.753401515151516,198.3524015151515,5.975257575757575,568.98,91.0,9.938616054945056,904.4140610000001,3.907166681318681,355.552168,127.0,8.900524023622047,1130.366551,3.289436645669292,417.7584540000001,168.0,6.9599755708333335,1169.2758959,2.2527264599404764,378.45804527,36.0,6.276458055555556,225.95249,1.727952388888889,62.206286000000006
US-Ro4,2015,NIRv,fixed,143.02159968098056,172.0,289.0218635645011,260.6537663493599,233.27673342638303,299.7593783811212,259.343537413442,225.2792858529504,44.6781,GRA,29.0,7.127576862068966,206.69972900000002,2.005297206896552,58.153619000000006,18.817827586206896,241.4150689655173,7.228137931034484,169.01,54.0,12.74471259259259,688.2144799999999,5.682331740740739,306.84591399999994,128.0,7.55367168359375,966.8699755,2.6447482599218755,338.52777727000006,18.0877109375,203.0773515625,6.1012421875000005,549.9200000000001,82.0,10.743329378048779,880.9530089999998,4.367199792682927,358.110383,116.0,9.604713525862069,1114.146769,3.6964614310344834,428.7895260000001,156.0,7.433387849358974,1159.6085045,2.498668245320513,389.79224627,34.0,6.85864,233.19376,2.078798323529412,70.67914300000001
US-Ro4,2017,NDVI,fixed,117.89589266049788,172.0,317.69098228650665,273.7426768982094,234.12821404189827,316.73647253747095,278.58913106438314,239.42721799506424,44.6781,GRA,55.0,2.760494305818182,151.82718682,-0.09508514727272731,-5.229683100000002,16.228890909090907,241.48247272727272,8.257818181818182,237.29999999999998,68.0,10.332884558823531,702.6361500000002,4.058998232352941,276.0118798,145.0,5.797657801310345,840.6603811900001,1.6480510429241377,238.96740122399996,15.225875862068966,176.1968965517241,5.260662068965518,435.80999999999995,122.0,6.914641285409837,843.5862368200001,2.168341940163934,264.5377167,161.0,6.052001368447205,974.37222032,1.5793735633540371,254.27914369999996,199.0,4.932715919648241,981.61046801,1.1431821011256282,227.49323812400002,39.0,3.353486756410256,130.7859835,-0.2630403333333334,-10.258573000000002
US-Ro4,2017,EVI,fixed,121.2219576823508,172.0,298.3208117964613,257.9848946708362,224.70020081057268,303.66922837296755,262.49470602723426,226.8977396149824,44.6781,GRA,51.0,2.971106215686275,151.526417,-0.05434419803921573,-2.771554100000002,17.075,249.29749019607843,8.648450980392155,207.85,55.0,11.20657109090909,616.36141,4.722473650909092,259.73605080000004,132.0,6.360075944393939,839.53002466,1.8341439833333335,242.10700580000002,16.88480303030303,186.6280303030303,5.641507575757575,433.25,105.0,7.209625971428572,757.0107270000001,2.3878096828571427,250.72001669999997,141.0,6.733151138297873,949.3743105000001,1.9628900971631202,276.76750369999996,182.0,5.385600778351649,980.1793416600001,1.2807196247252746,233.09097169999998,36.0,5.343432875,192.3635835,0.7235413055555555,26.047486999999997
US-Ro4,2017,NIRv,fixed,123.61951316521748,172.0,292.97469657942605,254.63752280017752,223.05128455308517,299.7593783811212,259.343537413442,225.2792858529504,44.6781,GRA,49.0,3.072047346938776,150.53032000000002,-0.03940041020408162,-1.9306200999999996,17.378061224489795,248.92942857142856,8.763877551020409,207.84999999999997,54.0,11.283331481481481,609.2999,4.786105940740741,258.4497208,128.0,6.557644556484375,839.37850323,1.9069366390625,244.0878898,17.390375,191.26121875,5.7766953125,426.44,102.0,7.3426776470588235,748.95312,2.4536727519607844,250.2746207,136.0,6.935156029411765,943.1812199999999,2.0698157404411766,281.49494070000003,176.0,5.562680245625,979.0317232299999,1.3404135778409092,235.91278970000002,34.0,5.712591176470588,194.22809999999998,0.918244705882353,31.22032
US-Ro4,2021,NDVI,fixed,141.40324679767292,172.0,317.345030690453,278.80655896826386,237.94914945508373,316.73647253747095,278.58913106438314,239.42721799506424,44.6781,GRA,31.0,5.1856485161290315,160.755104,0.8246014838709678,25.562646,21.378225806451614,279.14396774193546,12.78148387096774,49.71,68.0,9.257792794117645,629.5299099999999,3.5396168529411765,240.693946,145.0,5.248330457931035,761.0079164,1.4473347786206894,209.86354289999997,16.944296551724136,186.7800551724138,6.367482758620691,331.71000000000004,98.0,7.988525346938775,782.8754839999999,2.6906088979591836,263.679672,137.0,6.5344210948905115,895.2156900000001,1.8792114912408757,257.45197429999996,175.0,5.2248770879999995,914.3534903999999,1.330567250857143,232.8492689,39.0,2.8805181025641025,112.340206,-0.15968455641025645,-6.227697700000001
US-Ro4,2021,EVI,fixed,141.30034562340646,172.0,310.3552476863256,257.1639278090073,218.58620621181964,303.66922837296755,262.49470602723426,226.8977396149824,44.6781,GRA,31.0,5.1856485161290315,160.755104,0.8246014838709678,25.562646,21.378225806451614,279.14396774193546,12.78148387096774,49.71,55.0,10.021474363636365,551.18109,3.9835048363636365,219.092766,132.0,5.716643753030303,754.5969754,1.6187911159090909,213.6804273,18.13794696969697,195.88652272727273,6.722833333333333,306.58000000000004,85.0,8.288548988235293,704.5266639999999,2.8479822588235297,242.07849200000004,121.0,7.206772685950413,872.019495,2.2873151181818177,276.76512929999996,162.0,5.604583638271604,907.9425493999998,1.4609021808641975,236.6661533,36.0,4.652578638888889,167.492831,0.9635177027777776,34.686637299999994
US-Ro4,2021,NIRv,fixed,141.17520718267417,172.0,307.9689587139037,253.92081748791645,214.9196934699206,299.7593783811212,259.343537413442,225.2792858529504,44.6781,GRA,31.0,5.1856485161290315,160.755104,0.8246014838709678,25.562646,21.378225806451614,279.14396774193546,12.78148387096774,49.71,54.0,10.083892777777779,544.53021,4.0049586296296305,216.26776600000005,128.0,5.88563597109375,753.3614043,1.6923618148437503,216.62231230000003,18.45165625,199.548046875,6.8602968749999995,286.37,84.0,8.308045047619046,697.8757839999998,2.8482558571428576,239.25349200000002,118.0,7.321212076271186,863.903025,2.3545101754237288,277.8322007,158.0,5.738651761392405,906.7069783,1.5165065715189874,239.6080383,34.0,4.883154147058825,166.02724100000006,1.1346679029411764,38.57870869999999
US-Ro4,2022,NDVI,fixed,129.2624888578989,172.0,299.7977161613948,274.07450823364763,242.9724661753983,316.73647253747095,278.58913106438314,239.42721799506424,44.6781,GRA,43.0,2.629791976744186,113.08105499999999,-0.39283601860465106,-16.891948799999994,18.694976744186043,242.9237441860465,9.299162790697675,90.40400000000001,68.0,8.949845441176471,608.5894900000001,3.2836888970588243,223.29084500000005,145.0,5.344426069655172,774.9417801,1.4364739186206894,208.28871819999998,16.737710344827587,183.1835793103448,6.422834482758621,288.185,110.0,6.4838676818181815,713.2254449999999,1.8511211472727278,203.62332620000007,149.0,5.783642362416107,861.762712,1.3932825489932885,207.59909979999998,187.0,4.703624251871657,879.5777350999999,1.0086695155080214,188.6211994,39.0,3.808647871794872,148.537267,0.10194291282051278,3.9757735999999984
US-Ro4,2022,EVI,fixed,132.02379005553956,172.0,294.2028886773007,261.301910271748,227.8221586213467,303.66922837296755,262.49470602723426,226.8977396149824,44.6781,GRA,40.0,2.747410075,109.89640299999999,-0.33261166999999997,-13.304466799999998,18.455000000000002,245.11975,9.164325,48.513999999999996,55.0,9.119489636363635,501.57192999999995,3.5273668181818185,194.005175,132.0,5.839126025757576,770.7646354,1.645018493939394,217.1424412,17.697810606060607,195.22880303030303,6.702719696969697,259.981,94.0,6.415140776595745,603.023233,1.892820619148936,177.9251382,130.0,6.382399946153845,829.7119929999999,1.6971696323076924,220.6320522,171.0,5.100678002339182,872.2159384,1.175803534502924,201.06240440000002,36.0,6.2969100000000005,226.68876,1.1863031666666666,42.706914
US-Ro4,2022,NIRv,fixed,133.9512789681161,172.0,292.1544787440041,258.8494382096489,226.42920341776417,299.7593783811212,259.343537413442,225.2792858529504,44.6781,GRA,39.0,2.780318025641026,108.43240300000002,-0.3168521743589744,-12.3572348,18.404179487179483,244.34143589743587,9.12117948717949,48.513999999999996,54.0,9.18794962962963,496.14928000000003,3.5836812592592593,193.518788,128.0,6.0109298390625,769.3990194,1.711687540625,219.0960052,17.983953125,197.930625,6.771187500000001,259.981,92.0,6.479745467391304,596.136583,1.9389780782608699,178.38598320000003,126.0,6.493094706349206,818.1299329999999,1.7681926920634923,222.79227920000002,166.0,5.237267002409638,869.3863223999999,1.228693978313253,203.9632004,34.0,6.529216176470588,221.99335,1.3060675294117647,44.406296
US-Ro4,2023,NDVI,fixed,122.27953449295508,172.0,331.306615989934,285.33899705163327,240.668905702538,316.73647253747095,278.58913106438314,239.42721799506424,44.6781,GRA,50.0,3.6329994599999997,181.649973,0.5966406399999999,29.832031999999998,18.72532,251.47933999999998,9.63264,64.77000000000001,68.0,8.266465294117646,562.1196399999999,2.882232155882354,195.99178660000007,145.0,5.035230808958621,730.108467299,1.1569643696551726,167.75983360000004,16.90468275862069,182.43833103448273,5.924806896551724,425.686,117.0,6.265439427350427,733.0564129999999,1.889981868376069,221.12787860000006,156.0,5.683078775641026,886.5602890000001,1.4490790038461538,226.0563246,194.0,4.6445630943247425,901.045240299,0.9943088948453608,192.8959256,39.0,3.93599682051282,153.503876,0.12637041025641013,4.928445999999995
US-Ro4,2023,EVI,fixed,123.36951028139114,172.0,316.4917742161539,268.47414030709746,227.57476460472355,303.66922837296755,262.49470602723426,226.8977396149824,44.6781,GRA,49.0,3.6738878163265305,180.020503,0.6023755918367347,29.516404,18.890326530612246,250.29991836734695,9.636551020408163,64.77000000000001,55.0,8.367116,460.19138,3.050259429090909,167.7642686,132.0,5.508595412113636,727.134594399,1.324348928787879,174.8140586,18.181242424242424,193.3952196969697,6.2831287878787885,421.114,103.0,6.111637699029126,629.498683,1.8697546854368932,192.5847326,139.0,6.113524424460433,849.7798950000002,1.8105632129496403,251.6682866,180.0,4.980232763327778,896.441897399,1.1090806811111111,199.6345226,36.0,6.118922555555554,220.28121199999995,1.6412098333333334,59.083554
US-Ro4,2023,NIRv,fixed,127.47159697724813,172.0,313.50916622646923,265.2764322926697,226.1366217476161,299.7593783811212,259.343537413442,225.2792858529504,44.6781,GRA,45.0,3.9568411333333335,178.057851,0.7623027333333334,34.303623,19.200133333333333,258.01262222222215,9.9912,45.212,54.0,8.469947037037038,457.37714000000005,3.1490079370370374,170.0464286,128.0,5.671142018742188,725.906178399,1.3817061140625002,176.85838260000003,18.734421875,196.937484375,6.430914062499999,420.606,98.0,6.3747121530612265,624.7217910000002,2.0372868530612247,199.65411160000002,132.0,6.33479025,836.192313,1.9202533606060606,253.4734436,172.0,5.193318775575581,893.2508293989999,1.2003841023255817,206.46606560000004,34.0,6.219721235294117,211.470522,1.5829215294117647,53.819331999999996
US-Ro4,2024,NDVI,fixed,116.11748742282464,173.0,322.9485949454862,284.2267632112229,245.0225160717443,316.73647253747095,278.58913106438314,239.42721799506424,44.6781,GRA,57.0,3.5922927017543858,204.760684,0.06710642105263159,3.825066000000001,16.816614035087717,216.66089473684212,6.398543859649123,332.80699999999996,67.0,12.130018208955224,812.71122,5.089768343283582,341.014479,144.0,7.354411615972223,1059.0352727000002,2.7408269791666666,394.679085,17.231416666666668,187.7874375,5.5975,448.549,123.0,8.22823474796748,1012.0728740000001,2.792950284552845,343.53288499999996,162.0,7.486496598765433,1212.812449,2.422785651851852,392.4912756,200.0,6.2919846335,1258.3969267,1.985987455,397.197491,39.0,5.14716858974359,200.739575,1.2553433487179486,48.958390599999994
US-Ro4,2024,EVI,fixed,120.87764929299524,173.0,309.8256531774952,267.5111987726257,229.6957542486417,303.66922837296755,262.49470602723426,226.8977396149824,44.6781,GRA,53.0,3.854819490566038,204.30543300000002,0.16293533962264153,8.635573,17.32132075471698,228.21603773584906,6.733962264150942,314.36199999999997,54.0,12.732305555555554,687.5444999999999,5.317689796296296,287.15524899999997,131.0,8.050015885496183,1054.552081,3.0636180206106873,401.33396070000003,18.30090076335878,200.1730534351145,6.0181450381679396,384.04699999999997,106.0,8.362744367924527,886.4509029999999,2.778152471698113,294.48416199999997,142.0,8.192761992957745,1163.372203,2.750872598591549,390.62390899999997,183.0,6.849499912568306,1253.458484,2.233130457377049,408.6628737,36.0,7.692258333333334,276.92130000000003,2.6705485277777776,96.139747
US-Ro4,2024,NIRv,fixed,124.53197379134568,173.0,306.43807357100144,263.75962969855334,227.1490748221433,299.7593783811212,259.343537413442,225.2792858529504,44.6781,GRA,49.0,4.077964632653062,199.82026700000003,0.23443873469387752,11.487497999999999,17.7174693877551,229.0288571428571,6.924612244897959,283.174,53.0,12.747016981132074,675.5918999999999,5.292954132075471,280.526569,127.0,8.269839519685043,1050.2696190000004,3.1656573795275595,402.0384872000001,18.463976377952754,202.58331496062993,5.98796062992126,384.02,101.0,8.613991455445543,870.0131369999998,2.878291158415842,290.70740700000005,135.0,8.470329162962964,1143.494437,2.8880978074074073,389.89320399999997,175.0,7.112519177142857,1244.690856,2.355539001142857,412.2193252,34.0,8.043567647058822,273.4812999999999,2.917229323529412,99.18579700000001
US-Ro4,2025,NDVI,fixed,126.2095009940278,172.0,320.94715192859,280.6391798816084,237.69010157272797,316.73647253747095,278.58913106438314,239.42721799506424,44.6781,GRA,46.0,5.428193304347826,249.69689200000002,1.3094157978260867,60.23312669999999,16.426739130434786,219.9538043478261,7.025086956521739,159.511,68.0,11.002574705882353,748.17508,4.009523588235294,272.647604,145.0,6.285362712413793,911.3775933,1.9204024627586207,278.4583571,16.693910344827586,184.7482551724138,4.530441379310345,332.192,113.0,8.718767008849557,985.2206719999999,2.921969563716814,330.18256069999995,152.0,7.431853710526315,1129.641764,2.395673749342105,364.14240989999996,190.0,6.044332554210527,1148.4231853000001,1.7683858621052633,335.9933138,39.0,3.7031049230769226,144.421092,0.8707653641025639,33.959849199999994
US-Ro4,2025,EVI,fixed,126.17109533716,172.0,303.1142242060395,262.1008183567638,226.8026195030562,303.66922837296755,262.49470602723426,226.8977396149824,44.6781,GRA,46.0,5.428193304347826,249.69689200000002,1.3094157978260867,60.23312669999999,16.426739130434786,219.9538043478261,7.025086956521739,159.511,55.0,11.532943636363633,634.3118999999998,4.423859818181818,243.31228999999996,132.0,6.86240376060606,905.8372964,2.140301206060606,282.51975919999995,17.988818181818182,193.99805303030303,4.72528787878788,328.37800000000004,100.0,8.71357492,871.3574919999999,3.008472467,300.84724669999997,136.0,8.062416786764706,1096.488683,2.6422039257352936,359.33973389999994,177.0,6.45696547118644,1142.8828884,1.921213084180791,340.0547159,36.0,6.253644194444444,225.131191,1.6247913111111112,58.4924872
US-Ro4,2025,NIRv,fixed,128.81630451423143,172.0,296.24841126854307,258.307155055768,225.99238953374063,299.7593783811212,259.343537413442,225.2792858529504,44.6781,GRA,44.0,5.577944363636363,245.42955199999997,1.3800066977272725,60.72029469999999,16.49575,215.44799999999995,6.910522727272727,159.427,54.0,11.608948888888884,626.8832399999998,4.486692962962963,242.28142000000003,128.0,7.064525104687501,904.2592134000001,2.2233641109374997,284.59060619999997,18.3376640625,197.11234374999998,4.802390625,327.50300000000004,97.0,8.862489608247422,859.661492,3.0959128319587625,300.3035447,131.0,8.276916961832061,1084.276122,2.7280494038167937,357.3744719,171.0,6.649341902923976,1137.0374654,2.003583221637427,342.61273090000003,34.0,6.606312647058823,224.61463,1.678556682352941,57.07092719999999
US-Rpf,2016,NDVI,fixed,108.7184310410074,173.0,289.1321556652487,271.3820791965245,238.05973427397075,,,,65.1198,DBF,65.0,2.4873978,161.680857,0.938137063076923,60.978909099999996,10.006046153846153,205.56550769230768,6.061430769230769,100.49999999999999,,,,,,,,,,,,,,,,,,,,,,,,,,,,,,,,,,
US-Rpf,2016,EVI,fixed,114.89459358804989,173.0,273.39380778426874,253.73413532895984,233.27284833146524,,,,65.1198,DBF,59.0,2.6850271355932205,158.416601,1.0707194457627118,63.172447299999995,10.517186440677966,205.8111186440678,6.205474576271186,100.4,,,,,,,,,,,,,,,,,,,,,,,,,,,,,,,,,,
US-Rpf,2016,NIRv,fixed,115.04799515138052,173.0,275.1466905927745,254.14583955982144,231.86296640267025,,,,65.1198,DBF,58.0,2.712016568965517,157.29696099999998,1.0889645655172413,63.1599448,10.544620689655174,204.76956896551724,6.2028448275862065,100.4,,,,,,,,,,,,,,,,,,,,,,,,,,,,,,,,,,
US-Rpf,2024,NDVI,fixed,136.27257721277604,173.0,274.5929759357066,237.59392895912947,207.36660223080403,,,,65.1198,DBF,37.0,5.861658378378379,216.88136,3.862372872972973,142.9077963,13.698027027027027,232.07627027027027,7.747945945945949,31.8,,,,,,,,,,,,,,,,,,,,,,,,,,,,,,,,,,
US-Rpf,2024,EVI,fixed,123.08767171224292,173.0,282.78664654532656,257.4361162399492,221.1027105656884,,,,65.1198,DBF,50.0,4.75637034,237.818517,2.8167887659999997,140.83943829999998,11.932960000000001,218.17752000000002,7.079620000000001,44.800000000000004,,,,,,,,,,,,,,,,,,,,,,,,,,,,,,,,,,
US-Rpf,2024,NIRv,fixed,123.17915003776548,173.0,282.58721689684376,257.245985852222,220.96021509884275,,,,65.1198,DBF,50.0,4.75637034,237.818517,2.8167887659999997,140.83943829999998,11.932960000000001,218.17752000000002,7.079620000000001,44.800000000000004,,,,,,,,,,,,,,,,,,,,,,,,,,,,,,,,,,
US-Rwf,2014,NDVI,fixed,99.41905029438324,172.0,226.97564499530063,191.60526327913263,166.13608239256325,252.6858610421112,201.24265136214123,169.6635956295308,43.1207,CSH,73.0,,,,,9.265575342465754,272.93078082191784,7.661808219178081,180.631,,,,,,81.0,3.5456111604938276,287.19450400000005,1.4620521308641976,118.4262226,17.77737037037037,271.362049382716,13.69095061728395,168.07500000000002,70.0,,,,,102.0,,,,,153.0,,,,,32.0,6.08747125,194.79908,2.8485884375,91.15483
US-Rwf,2014,EVI,fixed,92.82135683615864,172.0,248.46681756847988,199.92377717291205,168.25091939305526,266.4597331427709,210.93389141756467,175.93167919694798,43.1207,CSH,80.0,,,,,8.949525,268.3094625,7.4229625,193.905,,,,,,95.0,3.1594777052631575,300.150382,1.2717018873684212,120.81167930000001,17.466399999999997,262.29331578947364,13.482157894736842,173.197,83.0,,,,,118.0,,,,,174.0,,,,,35.0,5.08805657142857,178.08197999999996,2.390885428571429,83.68099000000001
US-Rwf,2014,NIRv,fixed,98.36739601358865,172.0,249.23107241982223,200.6301494631834,169.23874898023956,267.20973465001515,211.3653144616063,177.50463095903086,43.1207,CSH,74.0,,,,,9.272121621621622,272.3593918918919,7.6536351351351355,182.058,6.0,6.972383333333333,41.8343,3.0947150000000003,18.56829,96.0,3.135929916666667,301.04927200000003,1.259064959375,120.8702361,17.504802083333335,261.87518750000004,13.5595,173.197,79.0,,,,,113.0,,,,,169.0,,,,,34.0,4.918325,167.22305,2.363922352941177,80.37336
US-Rwf,2015,NDVI,fixed,80.15724132877239,172.0,243.2245080960932,198.78749925571128,171.47540365571322,252.6858610421112,201.24265136214123,169.6635956295308,43.1207,CSH,92.0,3.7104924292391304,341.36530349,0.9357175869565217,86.086018,8.360184782608696,247.85650000000004,6.214815217391304,406.45400000000006,,,,,,81.0,4.387141728395061,355.35848,1.2394150061728393,100.39261549999998,17.984777777777776,267.59683950617284,14.678938271604936,97.478,89.0,3.5325009380898877,314.39258349,0.8255073932584271,73.47015800000001,121.0,4.4027895329752065,532.73753349,1.161242661157025,140.51036200000001,172.0,3.9976025202906973,687.5876334899999,1.0588918226744186,182.1293935,32.0,6.8232796874999995,218.34494999999998,2.095006375,67.040204
US-Rwf,2015,EVI,fixed,138.04575875064307,172.0,239.2074975617592,197.965245783716,163.6737884875581,266.4597331427709,210.93389141756467,175.93167919694798,43.1207,CSH,34.0,7.188530000000001,244.41002000000003,2.7721511470588234,94.25313899999999,13.978941176470588,275.63326470588237,9.045411764705884,156.426,,,,,,95.0,3.8704637557894737,367.6940568,0.9022853526315789,85.7171085,17.43983157894737,257.4566,14.235105263157894,183.91899999999998,37.0,7.305002432432433,270.28509,2.8588948378378376,105.77910899999999,72.0,6.716645000000001,483.59844000000004,2.2744170555555554,163.758028,128.0,4.710686928125,602.9679268,1.37203912109375,175.6210075,35.0,6.094667142857143,213.31335,1.656540542857143,57.978919000000005
US-Rwf,2015,NIRv,fixed,81.83960385547427,172.0,262.59309117269123,209.5270844459993,175.81184093993193,267.20973465001515,211.3653144616063,177.50463095903086,43.1207,CSH,91.0,3.7429438295604394,340.60788849,0.9509599010989009,86.53735099999999,8.378538461538461,248.78839560439562,6.220461538461539,404.679,6.0,8.570336666666668,51.42202,3.64579,21.87474,96.0,3.840424404166667,368.6807428,0.8822808177083333,84.6989585,17.447364583333336,256.3433645833333,14.264000000000001,183.91899999999998,96.0,3.9884766509375,382.89375849,1.0839880312499999,104.062851,130.0,4.496652603769231,584.56483849,1.2135831538461535,157.76580999999996,186.0,3.7642606520967745,700.1524812900001,0.897242309139785,166.8870695,34.0,5.931502352941176,201.67108,1.5794987941176473,53.70295900000001
US-Rwf,2016,NDVI,fixed,101.36986683101593,173.0,247.17112472043613,195.25704795726995,163.37563279984084,252.6858610421112,201.24265136214123,169.6635956295308,43.1207,CSH,72.0,4.53962505,326.85300359999997,1.7443780416666668,125.59521900000001,9.749666666666666,255.4654861111111,7.038319444444444,270.02,,,,,,80.0,3.6451565900000005,291.61252720000005,1.57245354875,125.79628389999999,17.699575000000003,294.56055,15.049612499999999,58.959999999999994,68.0,4.36426725882353,296.7701736,1.5804588088235296,107.47119900000001,100.0,4.9125651359999996,491.25651359999995,2.09755849,209.75584899999998,151.0,4.047689276821191,611.2010807999999,1.6371660456953643,247.2120729,32.0,6.077698125,194.48634,3.1963953125,102.28465
US-Rwf,2016,EVI,fixed,100.31783252304992,173.0,250.9105199968369,199.97439592579343,167.4553474132604,266.4597331427709,210.93389141756467,175.93167919694798,43.1207,CSH,73.0,4.4834165287671235,327.2894066,1.7041908082191781,124.405929,9.770493150684933,255.92932876712328,7.055191780821918,270.212,,,,,,94.0,3.1433851159574466,295.4782009,1.1668072542553192,109.6798819,16.84047872340426,277.72406382978716,14.022170212765959,97.44000000000001,75.0,4.553226621333334,341.49199660000005,1.7579835866666664,131.84876899999998,110.0,4.770678150909091,524.7745966,2.047187990909091,225.190679,166.0,3.7078503463855426,615.5031575,1.3849781981927711,229.90638090000002,35.0,5.236645714285715,183.28260000000003,2.6669117142857144,93.34191
US-Rwf,2016,NIRv,fixed,102.75971201994128,173.0,250.3776165402473,200.24632199910636,168.59594904263554,267.20973465001515,211.3653144616063,177.50463095903086,43.1207,CSH,71.0,4.59920321971831,326.5434286,1.7857050563380281,126.78505899999999,9.731070422535213,255.34280281690135,7.040366197183098,269.71399999999994,5.0,7.237864,36.18932,4.127572,20.63786,95.0,3.109359507368421,295.3891532,1.1393223357894737,108.2356219,16.73405263157895,276.90030526315786,13.909263157894738,101.36900000000001,75.0,4.739577314666666,355.4682985999999,1.9099131866666668,143.243489,109.0,4.831691822018349,526.6544086,2.1011936605504586,229.03010899999998,165.0,3.7252614048484847,614.6681318,1.3990378842424245,230.84125090000003,34.0,5.034885588235293,171.18610999999999,2.5231358823529413,85.78662
US-Rwf,2017,NDVI,fixed,123.50296927942192,172.0,241.65206122808624,200.5467714343693,176.0984230120553,252.6858610421112,201.24265136214123,169.6635956295308,43.1207,CSH,49.0,5.56711,272.78839,2.0774209102040815,101.79362459999999,10.618591836734693,265.8574489795918,7.032510204081633,280.001,,,,,,81.0,4.77343901234568,386.6485600000001,1.7899780074074072,144.98821859999998,20.372555555555554,285.7452716049383,17.781654320987656,63.462999999999994,46.0,5.31753152173913,244.60644999999997,1.9765642304347828,90.9219546,78.0,6.498276538461537,506.86556999999993,2.572408135897436,200.64783460000004,129.0,5.03754992248062,649.84394,1.879378241860465,242.4397932,32.0,8.1955975,262.25912,3.42893375,109.72588
US-Rwf,2017,EVI,fixed,122.77291706109878,172.0,256.325954714941,208.66138423554247,180.0930943139538,266.4597331427709,210.93389141756467,175.93167919694798,43.1207,CSH,50.0,5.493031199999999,274.65155999999996,2.027601972,101.3800986,10.61196,266.85865999999993,6.99032,280.001,,,,,,95.0,4.142757868421053,393.5619975,1.3638327852631578,129.56411459999998,18.716621052631584,268.1817473684211,16.095221052631576,127.71099999999998,53.0,5.692030943396225,301.67763999999994,2.1454182754716977,113.70716859999997,88.0,6.279624886363636,552.60699,2.3899929386363636,210.3193786,144.0,4.573753802083333,658.6205474999999,1.5736261333333335,226.6021632,35.0,7.169410000000001,250.92935000000003,2.760348857142857,96.61221
US-Rwf,2017,NIRv,fixed,123.82448498465293,172.0,253.8029469647265,207.81295892153815,180.6150407464815,267.20973465001515,211.3653144616063,177.50463095903086,43.1207,CSH,49.0,5.56711,272.78839,2.0774209102040815,101.79362459999999,10.618591836734693,265.8574489795918,7.032510204081633,280.001,6.0,8.918125,53.50875,3.824571666666667,22.94743,96.0,4.099905656250001,393.59094300000004,1.3378604645833334,128.4346046,18.557729166666665,267.75056250000006,15.960427083333334,127.71100000000001,54.0,5.864891296296296,316.70412999999996,2.2296111962962963,120.3990046,88.0,6.298717954545453,554.2871799999999,2.4137493704545454,212.4099446,144.0,4.561016131944444,656.7863229999999,1.5686540222222223,225.88617920000002,34.0,6.987736764705883,237.58305000000001,2.706204117647059,92.01094
US-Rwf,2018,NDVI,fixed,119.54242088365356,172.0,233.51566778534848,197.42537691958768,163.53302404077635,252.6858610421112,201.24265136214123,169.6635956295308,43.1207,CSH,53.0,6.091673660377357,322.85870399999993,1.6713709056603776,88.58265800000001,10.708075471698114,250.31311320754716,6.034396226415094,296.91700000000003,,,,,,81.0,5.262166456790124,426.235483,1.7644612543209879,142.9213616,18.78872839506173,289.41696296296294,16.471037037037036,35.868,50.0,5.916386279999999,295.81931399999996,1.6360801600000001,81.80400800000001,82.0,6.811403463414635,558.5350840000001,2.0779036829268294,170.388102,133.0,5.560904263157895,739.600267,1.7200731548872181,228.7697296,32.0,8.209867812499999,262.71576999999996,2.7682529375,88.584094
US-Rwf,2018,EVI,fixed,116.23131885232658,172.0,267.33297467689863,209.82007004867825,176.27896032261123,266.4597331427709,210.93389141756467,175.93167919694798,43.1207,CSH,56.0,5.884956857142858,329.557584,1.5749053553571426,88.19469989999999,10.494892857142856,248.7801428571429,6.014714285714286,306.40599999999995,,,,,,95.0,4.753446242105263,451.57739300000003,1.5440137536842105,146.6813066,17.767463157894735,277.2225894736842,15.477884210526318,43.322,59.0,6.079238881355932,358.675094,1.6615123711864406,98.02922989999999,94.0,6.548563127659573,615.5649339999999,1.9924022542553195,187.28581190000003,150.0,5.144273713333334,771.641057,1.5476114433333332,232.14171649999997,35.0,7.339709714285714,256.88984,2.550188057142857,89.256582
US-Rwf,2018,NIRv,fixed,116.64354012296256,172.0,265.24892713222,208.53303364315863,175.85624906164202,267.20973465001515,211.3653144616063,177.50463095903086,43.1207,CSH,56.0,5.884956857142858,329.557584,1.5749053553571426,88.19469989999999,10.494892857142856,248.7801428571429,6.014714285714286,306.40599999999995,6.0,9.508529999999999,57.05117999999999,3.09604,18.57624,96.0,4.715605760416667,452.698153,1.5296064645833332,146.8422206,17.648645833333333,276.8046145833334,15.380739583333332,43.322,61.0,6.182210557377049,377.114844,1.705518850819672,104.03664989999999,95.0,6.5318345684210515,620.5242839999999,1.9902940200000003,189.07793190000004,151.0,5.117627927152318,772.7618170000001,1.5384280165562914,232.3026305,34.0,7.159101176470588,243.40944,2.5012141764705875,85.04128199999998
US-Rwf,2019,NDVI,fixed,99.0,172.0,276.1745322436141,201.6817856612359,152.9487282656846,252.6858610421112,201.24265136214123,169.6635956295308,43.1207,CSH,74.0,3.393120959459459,251.09095099999996,0.5667811243243244,41.9418032,8.136797297297298,256.676972972973,5.501608108108108,576.5409999999999,,,,,,81.0,5.200278654320988,421.222571,1.8310475703703706,148.31485320000002,17.631851851851852,275.4509012345679,13.434259259259262,139.08999999999997,71.0,3.2241676197183096,228.915901,0.46479229859154925,33.000253199999996,103.0,4.526478650485437,466.227301,1.2982965359223297,133.72454319999997,154.0,4.328241376623376,666.549172,1.224608937662338,188.58977640000003,32.0,7.41598125,237.3114,3.1476340625,100.72429
US-Rwf,2019,EVI,fixed,108.03961361552628,172.0,291.0936686271445,224.3719223810164,182.51932115604012,266.4597331427709,210.93389141756467,175.93167919694798,43.1207,CSH,64.0,3.8560023593749997,246.78415099999998,0.782518753125,50.0812002,9.148703125,267.67240625,6.0974375,444.837,,,,,,95.0,4.633869505263157,440.21760299999994,1.4940279284210525,141.93265319999998,16.598936842105264,262.0611473684211,12.501547368421054,182.27600000000004,67.0,4.055704791044776,271.732221,0.9110938835820894,61.043290199999994,102.0,5.031786774509804,513.242251,1.605332354901961,163.7439002,158.0,4.311629139240506,681.237404,1.2047276797468351,190.34697339999994,35.0,6.9002865714285715,241.51003,2.934303142857143,102.70061
US-Rwf,2019,NIRv,fixed,109.45924975292412,172.0,289.3228448165422,223.9256494533484,183.667315798958,267.20973465001515,211.3653144616063,177.50463095903086,43.1207,CSH,63.0,3.905857603174603,246.06902899999997,0.8138893682539682,51.275030199999996,9.066126984126983,267.41598412698414,6.030507936507937,444.24100000000004,6.0,7.773443333333334,46.640660000000004,3.1326016666666665,18.79561,96.0,4.596448572916667,441.25906299999997,1.4716561270833335,141.27898820000001,16.557375,261.38579166666665,12.436302083333333,182.276,68.0,4.219784397058824,286.945339,1.00593765,68.4037602,102.0,5.081887147058824,518.352489,1.6431153941176473,167.5977702,158.0,4.313694569620253,681.563742,1.20814644556962,190.88713839999997,34.0,6.806092647058824,231.40715,2.9174708823529407,99.19400999999999
US-Rwf,2020,NDVI,fixed,102.0,173.0,251.0113872478117,210.87479865011568,190.49299258235573,252.6858610421112,201.24265136214123,169.6635956295308,43.1207,CSH,72.0,4.642366875,334.250415,1.1861442625,85.40238690000001,8.320236111111111,245.22386111111115,5.786763888888889,482.02700000000004,,,,,,80.0,5.715881749999999,457.27054,1.374195853275,109.93566826200001,18.255175,289.27846250000005,14.6638125,168.848,68.0,4.324156838235294,294.042665,1.0087859838235296,68.59744690000001,100.0,5.738632849999999,573.8632849999999,1.6867903689999997,168.67903689999997,151.0,5.167395728476822,780.2767550000001,1.259420100410596,190.172435162,32.0,8.744394374999999,279.82061999999996,3.1275496875,100.08159
US-Rwf,2020,EVI,fixed,115.88949838335468,173.0,265.0010672842725,207.77701887756209,172.72567094938418,266.4597331427709,210.93389141756467,175.93167919694798,43.1207,CSH,58.0,5.422581551724138,314.50973,1.6122342224137929,93.5095849,9.516344827586208,245.5236379310345,6.211258620689656,456.7510000000001,,,,,,94.0,5.162763914893617,485.299808,1.1472823304468085,107.844539062,18.111670212765958,275.93108510638297,14.877255319148933,170.754,60.0,5.588882166666666,335.33293,1.684139415,101.0483649,95.0,6.309678,599.41941,1.9055698094736844,181.0291319,151.0,5.222287006622516,788.565338,1.299261615642384,196.18850396199997,35.0,7.545327999999998,264.08647999999994,2.285164771428571,79.98076699999999
US-Rwf,2020,NIRv,fixed,117.82878879897248,173.0,262.91634717777873,205.80254398672847,171.26611288106696,267.20973465001515,211.3653144616063,177.50463095903086,43.1207,CSH,56.0,5.542509285714286,310.38052,1.6929731053571426,94.80649389999999,9.533785714285715,244.70673214285716,6.249142857142857,452.935,5.0,10.246128,51.23064,3.6078400000000004,18.0392,95.0,5.128508505263158,487.208308,1.1353975974947368,107.862771762,18.103294736842106,274.662147368421,14.885168421052628,170.754,60.0,5.8394493333333335,350.36696,1.7946678983333333,107.6800739,94.0,6.388972446808509,600.5634099999999,1.9483036265957452,183.14054090000005,150.0,5.24229752,786.3446280000001,1.3166909710799999,197.503645662,34.0,7.358719117647059,250.19645,2.2194255,75.460467
US-Rwf,2021,NDVI,fixed,113.86621627534376,172.0,278.2080046064965,213.45470890312143,178.6597980157919,252.6858610421112,201.24265136214123,169.6635956295308,43.1207,CSH,59.0,4.610140338983051,271.99828,0.7992825594915252,47.15767100999999,10.685440677966103,285.3294915254237,8.402898305084745,233.86700000000002,,,,,,81.0,4.731564691358025,383.25674,1.536847911111111,124.48468079999999,20.32881481481482,272.78338271604935,17.847,110.301,56.0,4.388999285714285,245.78395999999998,0.6554764466071428,36.70668101,88.0,5.5171672727272725,485.51072,1.3522990114772726,119.00231301,139.0,4.654070359712231,646.91578,1.2123705885611509,168.51951180999998,32.0,7.49146125,239.72676,2.5717385000000004,82.29563200000001
US-Rwf,2021,EVI,fixed,111.28950190518437,172.0,277.3150249365952,217.59129411092843,183.6155891861292,266.4597331427709,210.93389141756467,175.93167919694798,43.1207,CSH,61.0,4.540729016393443,276.98447,0.7729749788524589,47.15147370999999,10.545737704918032,285.4162131147541,8.34188524590164,234.983,,,,,,95.0,4.251867336842105,403.927397,1.2762907094736842,121.2476174,19.202052631578947,261.6286736842105,16.571378947368423,161.96200000000002,64.0,4.67976171875,299.50475,0.85152677671875,54.49771371,99.0,5.422549898989898,536.8324399999999,1.3082652899999998,129.51826370999999,155.0,4.339178238709677,672.572627,1.0662983942580644,165.27625110999998,35.0,6.780791142857143,237.32769,2.1434442857142857,75.02055
US-Rwf,2021,NIRv,fixed,115.32020829092907,172.0,272.68864103597485,215.34815935657664,183.2704940763298,267.20973465001515,211.3653144616063,177.50463095903086,43.1207,CSH,57.0,4.72398350877193,269.26706,0.8573513510526315,48.869027009999996,10.9640350877193,290.6550175438596,8.626894736842106,202.565,6.0,8.197276666666667,49.18366,3.0526283333333333,18.31577,96.0,4.228590385416666,405.94467699999996,1.2619353166666667,121.14579040000001,19.150625,261.241875,16.513385416666665,161.96200000000002,62.0,5.001798064516128,310.11148,1.0332573711290323,64.06195701,96.0,5.54653875,532.46772,1.3782467396874998,132.31168700999999,152.0,4.387319059210527,666.8724970000001,1.0979735355921052,166.89197740999998,34.0,6.539889411764706,222.35624,2.007345,68.24973
US-Rwf,2022,NDVI,fixed,83.0,172.0,276.4676531457951,212.5442615806708,175.99372259816616,252.6858610421112,201.24265136214123,169.6635956295308,43.1207,CSH,90.0,3.7543830555555555,337.894475,0.8885992765555555,79.97393489,5.257266666666666,225.2708666666667,4.678611111111111,501.86300000000006,,,,,,81.0,6.630237283950617,537.04922,2.2281577074074073,180.48077429999998,20.546444444444443,292.20774074074075,18.09893827160494,66.519,87.0,3.555163735632184,309.299245,0.7496170677011493,65.21668489,119.0,5.032358025210086,598.8506050000002,1.5364175200840335,182.83368489,170.0,5.087328205882352,864.845795,1.5019599952352938,255.33319918999993,32.0,9.048479999999998,289.55135999999993,3.6755312499999997,117.61699999999999
US-Rwf,2022,EVI,fixed,83.0,172.0,280.9386149192373,222.06157125850817,183.8547917439226,266.4597331427709,210.93389141756467,175.93167919694798,43.1207,CSH,90.0,3.7543830555555555,337.894475,0.8885992765555555,79.97393489,5.257266666666666,225.2708666666667,4.678611111111111,501.86300000000006,,,,,,95.0,6.025709157894736,572.44237,1.8740740873684212,178.0370383,19.48553684210526,276.867347368421,16.788473684210526,104.146,93.0,3.95478188172043,367.794715,1.0075930633333332,93.70615489,128.0,5.200826992187499,665.7058549999999,1.649788085078125,211.17287489,184.0,4.892602961956522,900.238945,1.374399256467391,252.88946318999996,35.0,8.511746857142859,297.91114000000005,3.3561919999999996,117.46671999999998
US-Rwf,2022,NIRv,fixed,83.0,172.0,279.631962248901,220.8141219446168,184.71281917109815,267.20973465001515,211.3653144616063,177.50463095903086,43.1207,CSH,90.0,3.7543830555555555,337.894475,0.8885992765555555,79.97393489,5.257266666666666,225.2708666666667,4.678611111111111,501.86300000000006,6.0,9.888048333333334,59.32829,4.527405,27.16443,96.0,5.9867184374999995,574.72497,1.8552687885416665,178.1058037,19.4415,276.35549999999995,16.750520833333336,104.146,95.0,4.074998578947368,387.124865,1.0738616304210524,102.01685488999998,129.0,5.202278333333334,671.0939050000001,1.6497717433333334,212.82055489,185.0,4.878494837837838,902.5215450000001,1.367341776162162,252.95822858999998,34.0,8.352030588235296,283.96904000000006,3.2589323529411764,110.80369999999999
US-Rwf,2023,NDVI,fixed,110.0,172.0,252.4580263521299,190.2489999801977,157.92214893236036,252.6858610421112,201.24265136214123,169.6635956295308,43.1207,CSH,63.0,5.635015241269842,355.00596020000006,1.5775162047619047,99.3835209,9.707873015873018,251.06633333333335,6.024730158730159,334.049,,,,,,81.0,5.201705444444444,421.338141,1.0523945439506175,85.24395806000001,18.08477777777778,274.02398765432105,13.95220987654321,234.43900000000002,60.0,5.492087836666668,329.5252702000001,1.4389131816666667,86.3347909,92.0,6.058682936956522,557.3988302,1.793952227173913,165.0436049,143.0,5.364129379020979,767.0705012000001,1.2561471955244754,179.62904895999998,32.0,7.12104875,227.87356,2.4596504375,78.708814
US-Rwf,2023,EVI,fixed,117.53908302795485,172.0,288.00519114154406,221.1922343809892,180.8493090035651,266.4597331427709,210.93389141756467,175.93167919694798,43.1207,CSH,55.0,6.409200363636364,352.50602000000003,2.0178233981818186,110.98028690000002,10.65609090909091,255.1506909090909,6.395527272727272,298.802,,,,,,95.0,4.811403589473685,457.0833410000001,0.9296421764210527,88.31600676000001,17.43524210526316,266.74696842105266,13.566589473684209,241.10600000000008,58.0,6.487629310344828,376.2825,2.0798273603448276,120.6299869,93.0,6.51712311827957,606.09245,1.973693332258065,183.55347990000004,149.0,5.371246718120806,800.3157610000001,1.304012507785235,194.29786366,35.0,6.565998571428571,229.80995,1.7978140857142857,62.923493
US-Rwf,2023,NIRv,fixed,118.39600494548937,172.0,286.2838969912478,221.0131214018068,182.0117388919252,267.20973465001515,211.3653144616063,177.50463095903086,43.1207,CSH,54.0,6.496535925925927,350.81294,2.0708980351851847,111.82849389999997,10.680592592592594,253.71859259259259,6.359925925925925,298.802,6.0,7.412643333333334,44.475860000000004,2.7929910000000002,16.757946,96.0,4.7835775104166665,459.223441,0.9203003120833334,88.34882996,17.399697916666668,265.44428124999996,13.554447916666666,241.106,59.0,6.542630508474576,386.0152,2.09471203220339,123.58800990000002,93.0,6.551386451612901,609.2789399999998,1.9899874505376347,185.06883290000002,149.0,5.374246852348994,800.7627810000001,1.3099254621476508,195.17889385999996,34.0,6.5665805882352934,223.26373999999998,1.8082595000000001,61.480823
US-Rws,2014,NDVI,fixed,,172.0,361.0,361.0,121.09507712155512,211.11096418239057,179.7552219889761,132.63034162311789,43.1675,OSH,,,,,,,,,,,,,,,40.0,,,,,21.5072,289.607375,19.62315,76.74199999999999,,,,,,,,,,,,,,,,47.0,,,,
US-Rws,2014,EVI,fixed,29.224608735050605,172.0,196.53196344807176,158.85288749510846,132.01479101254176,237.22964550661587,179.051990645518,139.7733498813707,43.1675,OSH,143.0,,,,,8.513146853146853,206.648972027972,7.606167832167831,535.9159999999999,,,,,,66.0,,,,,20.938863636363635,272.3243636363636,17.973484848484844,157.42700000000002,110.0,,,,,150.0,,,,,208.0,,,,,40.0,,,,
US-Rws,2014,NIRv,fixed,31.607392504326796,172.0,205.3873625533381,162.26686470548182,133.80335115884097,244.2639856043811,181.91978115698763,141.3474195335835,43.1675,OSH,141.0,,,,,8.62936170212766,208.12993617021274,7.673319148936169,533.1279999999999,,,,,,73.0,,,,,20.608876712328765,269.21578082191786,17.568986301369865,170.71900000000002,110.0,,,,,150.0,,,,,213.0,,,,,40.0,,,,
US-Rws,2015,NDVI,fixed,46.17334114413235,172.0,189.21153192807284,157.9877348184614,131.0996165929396,211.11096418239057,179.7552219889761,132.63034162311789,43.1675,OSH,126.0,1.7579423253968254,221.500733,0.2884462418888889,36.344226478,10.262880952380952,224.67416666666665,7.950499999999999,365.16499999999996,,,,,,40.0,0.7353353499999999,29.413413999999996,-0.8863944974999999,-35.455779899999996,22.263475,287.6153,19.5975,61.631,86.0,1.7332469767441863,149.05924000000002,0.43605336476744194,37.50058937000001,133.0,1.7009944736842104,226.23226499999998,0.25167459607518794,33.472721277999995,165.0,1.5136538000000002,249.752877,0.005857777442424285,0.9665332780000071,47.0,1.6419792553191486,77.17302499999998,-0.08569932110638298,-4.027868092
US-Rws,2015,EVI,fixed,56.01091850160138,172.0,206.91860253211144,157.10393641298168,128.4037760352447,237.22964550661587,179.051990645518,139.7733498813707,43.1675,OSH,116.0,1.848975094827586,214.48111099999997,0.3156238517931035,36.612366808000004,10.945431034482759,231.43282758620688,8.294577586206897,358.65100000000007,,,,,,66.0,0.7511720757575757,49.577357,-0.6452134257575758,-42.5840861,22.571954545454545,279.3705303030303,20.829439393939392,70.287,83.0,1.8933102168674698,157.144748,0.4856658590361445,40.310266299999995,123.0,1.7822166097560976,219.212643,0.27431594803252035,33.740861608,181.0,1.4524707071823204,262.897198,-0.03256150603314919,-5.893632592000003,40.0,1.5516973749999998,62.06789499999999,-0.1642351173,-6.569404692000001
US-Rws,2015,NIRv,fixed,59.111778751652494,172.0,209.7082278035748,158.34499447330015,129.56469200480785,244.2639856043811,181.91978115698763,141.3474195335835,43.1675,OSH,113.0,1.8816133982300884,212.622314,0.3288413239646018,37.159069608,11.21137168141593,234.8588938053097,8.477761061946902,326.19,,,,,,73.0,0.7452768219178082,54.405208,-0.5886607397260274,-42.972234,22.50078082191781,275.38841095890405,20.78556164383562,72.22999999999999,82.0,1.9365426951219513,158.796501,0.4915226719512195,40.3048591,122.0,1.7900561475409837,218.38685,0.2729975443278688,33.305700408,185.0,1.4371148756756758,265.86625200000003,-0.03100041995675674,-5.735077691999997,40.0,1.489758725,59.590348999999996,-0.1749789673,-6.999158692
US-Rws,2016,NDVI,fixed,47.61312754567869,173.0,185.24384613232488,148.6437801688459,120.88094222933732,211.11096418239057,179.7552219889761,132.63034162311789,43.1675,OSH,126.0,2.4014773333333332,302.586144,0.7018325206349207,88.43089760000001,10.313119047619047,220.45951587301585,7.832873015873016,368.628,,,,,,39.0,1.2690226923076926,49.49188500000001,0.27058548025641027,10.55283373,21.99471794871795,331.72566666666665,20.881999999999998,43.730000000000004,85.0,2.3341594588235295,198.403554,0.622382242352941,52.902490599999986,132.0,2.3660392727272725,312.317184,0.6914121196969696,91.26639979999999,164.0,2.134698652439025,350.09057900000005,0.5989325873780488,98.22494433,47.0,2.4236942553191496,113.91363000000003,0.8162533872340426,38.3639092
US-Rws,2016,EVI,fixed,49.39634743861714,173.0,209.82348786620832,158.9665050343241,127.1973298327058,237.22964550661587,179.051990645518,139.7733498813707,43.1675,OSH,124.0,2.430151080645161,301.338734,0.7229721177419355,89.6485426,10.378629032258065,222.38199999999995,7.891629032258065,364.359,,,,,,65.0,1.1091341076923076,72.093717,0.19299523000000002,12.54468995,22.212092307692306,316.4665846153846,21.329830769230767,44.554,90.0,2.4499857111111116,220.49871400000004,0.6842040177777778,61.57836160000001,130.0,2.3928444153846153,311.069774,0.7114157292307691,92.48404479999999,188.0,1.9757712819148938,371.44500100000005,0.5395449231382978,101.43444554999999,40.0,2.2642765000000002,90.57106000000002,0.77264208,30.9056832
US-Rws,2016,NIRv,fixed,50.132998700475135,173.0,215.54871557643804,160.3766089851777,127.02955162826434,244.2639856043811,181.91978115698763,141.3474195335835,43.1675,OSH,123.0,2.4433942520325203,300.537493,0.7314879235772358,89.9730146,10.425951219512196,223.28206504065037,7.921130081300813,363.76800000000003,,,,,,72.0,1.0715338055555554,77.15043399999999,0.16940106506944444,12.196876685,22.22888888888889,308.6298472222222,21.404819444444442,44.715,91.0,2.452609923076923,223.18750300000002,0.684271621978022,62.26871760000001,131.0,2.3896730763358773,313.04717299999993,0.7104182122137405,93.0647858,194.0,1.9366003969072163,375.700477,0.5227376509536082,101.411104285,40.0,2.2464917499999997,89.85967,0.769901705,30.7960682
US-Rws,2017,NDVI,fixed,,172.0,222.3431803556428,153.55998139183163,117.44801912277144,211.11096418239057,179.7552219889761,132.63034162311789,43.1675,OSH,,,,,,,,,,,,,,,40.0,1.580231265,63.209250600000004,-0.039220822749999995,-1.5688329099999998,24.53415,330.816075,24.320249999999998,17.786,,,,,,,,,,,,,,,,47.0,2.826885280851064,132.86360820000002,0.45035382191489365,21.166629630000003
US-Rws,2017,EVI,fixed,114.48506294005573,172.0,277.24572239612195,192.84029282352344,134.3919822788247,237.22964550661587,179.051990645518,139.7733498813707,43.1675,OSH,58.0,3.2747611758620687,189.9361482,0.8995461568965518,52.173677100000006,13.476051724137934,266.2835517241379,9.573810344827587,269.29699999999997,,,,,,66.0,1.2210211878787878,80.5873984,-0.10695984106060606,-7.05934951,24.12809090909091,301.4628333333333,23.48787878787879,38.446000000000005,25.0,4.0171596,100.42899000000001,1.6208271320000003,40.52067830000001,65.0,3.2241012030769234,209.5665782,0.8063674558461538,52.41388463,123.0,2.176739403252032,267.73894659999996,0.3698574438211382,45.49246559,40.0,2.7284397050000004,109.13758820000001,0.29733015825,11.893206329999998
US-Rws,2017,NIRv,fixed,114.55617329054476,172.0,281.8782443475449,199.993087779318,136.86193689235094,244.2639856043811,181.91978115698763,141.3474195335835,43.1675,OSH,58.0,3.2747611758620687,189.9361482,0.8995461568965518,52.173677100000006,13.476051724137934,266.2835517241379,9.573810344827587,269.29699999999997,,,,,,73.0,1.1591154027397261,84.61542440000001,-0.11871814397260275,-8.66642451,24.255150684931507,295.6584657534247,23.76009589041096,40.52000000000001,27.0,3.998051851851852,107.9474,1.581490344444445,42.700239300000014,67.0,3.203895495522388,214.6609982,0.7954791586567165,53.29710363,130.0,2.0905151738461543,271.76697260000003,0.33757992761538463,43.88539059,40.0,2.6678399550000003,106.7135982,0.26492160825,10.596864329999999
US-Rws,2018,NDVI,fixed,74.99974695346027,172.0,192.014799442038,157.6826836543135,128.29794835200508,211.11096418239057,179.7552219889761,132.63034162311789,43.1675,OSH,98.0,2.1010361836734694,205.901546,0.47558097244897957,46.606935299999996,11.05524489795918,232.74665306122446,7.63080612244898,400.163,,,,,,40.0,1.19940435,47.976174,-0.1746137075,-6.9845483,22.415950000000002,328.279925,22.001825,9.501999999999999,58.0,2.2141383103448278,128.42002200000002,0.8528081982758621,49.4628755,105.0,2.0898651047619046,219.43583599999997,0.41940646952380956,44.0376793,137.0,1.8417464233576646,252.31926000000004,0.2958010072992701,40.524738000000006,47.0,1.936506680851064,91.015814,-0.11542970638297873,-5.4251962
US-Rws,2018,EVI,fixed,74.89171499119902,172.0,256.3914563141434,176.11336288352598,129.80507317515082,237.22964550661587,179.051990645518,139.7733498813707,43.1675,OSH,98.0,2.1010361836734694,205.901546,0.47558097244897957,46.606935299999996,11.05524489795918,232.74665306122446,7.63080612244898,400.163,,,,,,66.0,0.9110286060606061,60.127888,-0.1902131712121212,-12.554069299999998,22.78748484848485,302.28357575757576,22.81969696969697,20.458,65.0,2.1910600307692314,142.41890200000003,0.7485497615384615,48.6557345,105.0,2.0898651047619046,219.43583599999997,0.41940646952380956,44.0376793,163.0,1.6225213128834357,264.470974,0.21444918404907973,34.955217,40.0,1.9254233500000002,77.016934,-0.11545138000000002,-4.618055200000001
US-Rws,2018,NIRv,fixed,74.90766356375669,172.0,262.9327092751227,179.1871880322773,130.43077062806546,244.2639856043811,181.91978115698763,141.3474195335835,43.1675,OSH,98.0,2.1010361836734694,205.901546,0.47558097244897957,46.606935299999996,11.05524489795918,232.74665306122446,7.63080612244898,400.163,,,,,,73.0,0.8707904109589042,63.56770000000001,-0.17974305616438357,-13.121243100000001,22.152082191780824,296.42432876712326,21.843986301369863,28.112,67.0,2.1940427164179113,147.00086200000004,0.7191958074626865,48.1861191,107.0,2.0826160373831772,222.83991599999996,0.415516685046729,44.4602853,170.0,1.5759458000000002,267.91078600000003,0.20228260705882353,34.3880432,40.0,1.8959763500000002,75.839054,-0.09314584500000002,-3.7258338000000006
US-Rws,2019,NDVI,fixed,34.862402758892244,172.0,222.26249860606555,167.88164114803484,134.4288049877034,211.11096418239057,179.7552219889761,132.63034162311789,43.1675,OSH,138.0,1.7143594920289855,236.5816099,0.35997464797101447,49.676501419999994,6.787021739130434,199.18989855072468,5.426963768115941,921.1009999999999,,,,,,40.0,1.186557525,47.462301,-0.06871836125,-2.7487344499999997,20.025425000000002,294.312975,17.05675,20.284,98.0,1.335756529591837,130.90413990000002,0.42815612071428577,41.959299830000006,145.0,1.7296868268965517,250.8045899,0.3591063753103449,52.07042442000001,177.0,1.5939206265536723,282.1239509,0.2631836043502825,46.58349797,47.0,2.5510734042553187,119.90044999999998,0.21513031042553185,10.111124589999998
US-Rws,2019,EVI,fixed,106.97806096212524,172.0,239.11074346365064,179.7259432466439,133.16579481874535,237.22964550661587,179.051990645518,139.7733498813707,43.1675,OSH,66.0,2.8225754545454547,186.28998,0.5641034634848484,37.230828589999994,12.355878787878789,269.0600303030304,8.46101515151515,378.992,,,,,,66.0,0.8414247136363637,55.53403110000001,-0.1935445068181818,-12.773937449999998,20.815863636363638,287.88034848484847,18.212060606060604,53.305,33.0,2.8579651515151516,94.31285,0.9637167806060606,31.80265376,73.0,2.746752876712329,200.51296,0.54280481630137,39.62475159000001,131.0,1.831328634351145,239.9040511,0.18406581786259538,24.112622139999996,40.0,2.65500275,106.20011,0.19555244575000003,7.822097830000001
US-Rws,2019,NIRv,fixed,107.15617730233798,172.0,243.65747501854904,180.85008849555692,132.71221042112333,244.2639856043811,181.91978115698763,141.3474195335835,43.1675,OSH,65.0,2.8259146153846157,183.68445000000003,0.5549870552307692,36.074158589999996,12.419246153846153,269.7189846153846,8.520184615384615,378.96500000000003,,,,,,73.0,0.7823507136986302,57.111602100000006,-0.2055060198630137,-15.00193945,20.95667123287671,286.83749315068496,18.491383561643833,53.305,34.0,2.798237941176471,95.14009000000001,0.9121276135294117,31.01233886,74.0,2.7222132432432433,201.44378,0.5259358728378378,38.91925459,137.0,1.7436211102189783,238.87609210000002,0.15129890613138683,20.727950139999997,40.0,2.65759225,106.30369,0.19767289324999998,7.90691573
US-Rws,2020,NDVI,fixed,45.34755817924204,173.0,131.73261384473346,129.8114093447922,127.9095885799798,211.11096418239057,179.7552219889761,132.63034162311789,43.1675,OSH,128.0,2.36955588203125,303.3031529,0.925292601453125,118.437452986,8.264546875,211.27040625,6.4181640625,619.37,,,,,,39.0,2.7734618974358978,108.16501400000001,0.6491088692307693,25.3152459,20.475153846153844,316.3954102564103,17.16425641025641,120.704,87.0,2.1173934816091955,184.2132329,0.9787239113333333,85.148980286,134.0,2.401318305223881,321.77665290000004,0.9216488804925371,123.50094998599998,166.0,2.4553456439759036,407.5873769,0.8565355956987952,142.18490888600002,47.0,2.926881276595745,137.56342,0.815999355319149,38.351969700000005
US-Rws,2020,EVI,fixed,47.21711581428095,173.0,261.47351756415884,192.5851738774592,146.99246726691618,237.22964550661587,179.051990645518,139.7733498813707,43.1675,OSH,126.0,2.40442965,302.9581359,0.9382992713174604,118.225708186,8.370309523809523,213.34222222222223,6.483357142857142,595.3580000000001,,,,,,65.0,2.4033174461538462,156.215634,0.5464074984615385,35.5164874,21.869123076923078,299.14550769230766,19.657,130.20700000000002,92.0,2.233487238043478,205.48082589999999,1.0211364618043477,93.94455448599999,132.0,2.435088150757576,321.43163590000006,0.9340091301969696,123.28920518599999,190.0,2.396278841578947,455.2929799,0.8009179241368422,152.174405586,40.0,2.89877025,115.95081,0.7336162675,29.3446507
US-Rws,2020,NIRv,fixed,49.56612648640358,173.0,266.63357763410494,194.40846507157707,147.40905874623266,244.2639856043811,181.91978115698763,141.3474195335835,43.1675,OSH,124.0,2.4432238967741937,302.9597632,0.953922505532258,118.28639068599999,8.565379032258065,214.66598387096775,6.559967741935483,593.306,,,,,,72.0,2.310897847222222,166.38464499999998,0.46832749166666665,33.7195794,21.674416666666666,293.2257638888889,19.262666666666668,154.89999999999998,92.0,2.2756347086956525,209.35839320000002,1.0253184237608695,94.329294986,132.0,2.4610489181818185,324.85845720000003,0.9343991188333332,123.34068368599998,195.0,2.386992913846154,465.46361820000004,0.7714778465948717,150.438180086,40.0,2.8875016,115.500064,0.7252847174999999,29.011388699999998
US-Rws,2021,NDVI,fixed,14.93077724007599,172.0,206.07289808481815,170.95740509445653,136.08306163872857,211.11096418239057,179.7552219889761,132.63034162311789,43.1675,OSH,158.0,1.9190608575949364,303.21161549999994,0.5276556032911393,83.36958532,7.361443037974683,209.8962658227848,7.1723670886075945,531.071,,,,,,40.0,1.5893057750000001,63.572231,0.38836529,15.534611599999998,26.20045,306.3433,27.461725,6.9319999999999995,118.0,1.6729187754237285,197.40441549999997,0.4512179527118643,53.24371841999999,165.0,1.9274103363636361,318.0227055,0.5368597898181818,88.58186532,197.0,1.8511042969543146,364.66754649999996,0.49857160873096446,98.21860692,47.0,2.5663465957446814,120.61829000000003,0.7518754659574466,35.33814689999999
US-Rws,2021,EVI,fixed,45.31722863246112,172.0,234.06165882285197,193.40630598990933,158.71299224856838,237.22964550661587,179.051990645518,139.7733498813707,43.1675,OSH,127.0,2.2476769842519695,285.4549770000001,0.7070469245669291,89.79495942,9.105937007874017,239.2304094488189,8.37435433070866,399.39,,,,,,66.0,1.4463624393939396,95.45992100000001,0.3545643121212121,23.4012446,24.505878787878785,280.0178636363637,24.26383333333333,80.16500000000002,94.0,2.1297861382978724,200.19989700000002,0.7186721863829788,67.55518552000001,134.0,2.240791544776119,300.26606699999996,0.709009249402985,95.00723941999999,192.0,1.972909364583333,378.79859799999997,0.5859927813541667,112.51061401999999,40.0,2.50165425,100.06617,0.6863013474999999,27.452053899999996
US-Rws,2021,NIRv,fixed,41.4978386672161,172.0,236.578647853902,194.73943277425596,163.4101153803763,244.2639856043811,181.91978115698763,141.3474195335835,43.1675,OSH,131.0,2.197012022900763,287.80857499999996,0.6766844299236641,88.64566031999999,8.817213740458016,233.86597709923663,8.158091603053435,471.71500000000003,,,,,,73.0,1.4274561780821917,104.204301,0.3584318534246575,26.1655253,23.969260273972605,277.7648904109589,23.563972602739728,80.175,100.0,2.05960885,205.96088500000002,0.6741385942000001,67.41385942000001,140.0,2.184921678571428,305.8890349999999,0.6722101437142857,94.10942012,203.0,1.9206727881773398,389.896576,0.5621950523152709,114.12559561999998,40.0,2.4982037499999996,99.92814999999999,0.6673890174999999,26.695560699999994
US-Rws,2022,NDVI,fixed,41.87551883168276,172.0,203.498874354012,169.75680457978405,145.58609264346632,211.11096418239057,179.7552219889761,132.63034162311789,43.1675,OSH,131.0,2.258190076335878,295.8229,0.7630534509160305,99.96000207,7.022984732824429,200.8529541984733,5.638465648854962,529.766,,,,,,40.0,2.33316125,93.32645,0.6293764325,25.1750573,23.758325000000003,335.32984999999996,23.65905,6.302999999999999,91.0,2.0138108791208786,183.25678999999997,0.708814894175824,64.50215536999998,138.0,2.305470797101449,318.15496999999993,0.7525181910869566,103.84751037000001,170.0,2.271787411764706,386.20386,0.7318706433529412,124.41800937,47.0,2.870174042553191,134.89818,0.8371352127659576,39.345355000000005
US-Rws,2022,EVI,fixed,61.236206153406,172.0,259.8912344591948,191.9167713304595,150.39934699541314,237.22964550661587,179.051990645518,139.7733498813707,43.1675,OSH,111.0,2.4977065495495503,277.24542700000006,0.9004328225225224,99.9480433,8.102945945945947,213.5796396396396,6.009531531531532,497.5849999999999,,,,,,66.0,1.9182954106060606,126.6074971,0.09056374242424238,5.977206999999997,24.136742424242424,307.12456060606064,23.510378787878786,64.84799999999998,78.0,2.4169422692307694,188.521497,0.9611836230769233,74.97232260000001,118.0,2.5387923474576275,299.57749700000005,0.8799623016949153,103.8355516,176.0,2.2778831482954547,400.90743410000005,0.597773865340909,105.20820029999999,40.0,2.7763999999999998,111.05599999999998,0.721580725,28.863229
US-Rws,2022,NIRv,fixed,62.69526576993354,172.0,268.9874599719353,200.62556645264104,156.4036351909548,244.2639856043811,181.91978115698763,141.3474195335835,43.1675,OSH,110.0,2.5091132454545457,276.00245700000005,0.910688811818182,100.17576930000001,8.098036363636366,214.23138181818183,6.011981818181817,497.355,,,,,,73.0,1.8937155767123288,138.2412371,0.10814421917808216,7.8945279999999975,24.046972602739725,303.1335205479451,23.46123287671233,65.463,79.0,2.456083759493671,194.030617,1.0062011215189874,79.48988860000001,119.0,2.560434428571429,304.69169700000003,0.8900574840336136,105.91684060000001,182.0,2.2598802423076925,411.2982041,0.5898530071428572,107.3532473,40.0,2.766527,110.66108,0.6606737999999999,26.426951999999993
US-Rws,2023,NDVI,fixed,111.51653660457606,172.0,197.7293990761983,180.270779689241,163.47426496269242,211.11096418239057,179.7552219889761,132.63034162311789,43.1675,OSH,61.0,4.070930819672132,248.32678000000004,1.5125014098360654,92.26258599999998,13.59244262295082,256.9000327868852,8.878655737704918,237.673,,,,,,40.0,3.030014,121.20056,1.0757494725,43.0299789,22.376025,314.2554,21.313025,25.064999999999998,21.0,3.422610476190476,71.87482,1.3956484285714286,29.308616999999998,68.0,4.051752794117648,275.51919000000004,1.5005644705882353,102.038384,100.0,3.6587256999999993,365.87256999999994,1.3374168490000002,133.74168490000002,47.0,4.332858936170213,203.64437,1.54744185106383,72.72976700000001
US-Rws,2023,EVI,fixed,112.48880065870536,172.0,230.8480681996456,189.00872736124435,156.64994514959608,237.22964550661587,179.051990645518,139.7733498813707,43.1675,OSH,60.0,4.102834333333334,246.17006000000003,1.5239093499999998,91.43456099999999,13.737016666666669,258.8439,8.962383333333332,237.53699999999998,,,,,,66.0,2.4926018484848482,164.511722,0.7704101499999999,50.847069899999994,22.234575757575758,288.9910303030303,20.129772727272723,129.002,27.0,3.7261333333333333,100.6056,1.409694962962963,38.061764,67.0,4.080036865671643,273.36247000000003,1.5106023731343283,101.210359,125.0,3.2562160959999997,407.02701199999996,1.1258460071999998,140.73075089999998,40.0,4.3189217499999994,172.75687,1.578714875,63.148595
US-Rws,2023,NIRv,fixed,30.0,172.0,251.32743600930135,188.40551480029023,155.84887328481818,244.2639856043811,181.91978115698763,141.3474195335835,43.1675,OSH,143.0,2.4151851258741255,345.3714729999999,0.7048192136993006,100.78914755899999,5.751909090909091,197.82011188811188,5.520979020979021,597.5590000000001,,,,,,73.0,2.4350283835616437,177.757072,0.7312026872602739,53.377796169999996,22.088301369863014,286.79410958904106,19.84249315068493,133.792,112.0,1.8565035089285715,207.928393,0.4388541478482143,49.151664559000004,152.0,2.510975480263158,381.668273,0.7530085234144737,114.457295559,215.0,2.416157093023256,519.473775,0.7098421568790696,152.61606372899996,40.0,4.343497,173.73988,1.632640775,65.305631
US-SRG,2013,NDVI,fixed,192.33588586864204,172.0,306.2798870547171,274.107715019395,254.71093123480875,337.81937493993973,297.7653605676324,259.898868252066,31.7894,GRA,,,,,,,,,,88.0,2.135460363636364,187.92051200000003,0.015242711318181819,1.341358596,166.0,1.1968762737349397,198.68146144,-0.12050061912048192,-20.003102774,22.318361445783133,225.36955421686744,17.667957831325303,226.56800000000004,67.0,2.69956476119403,180.87083900000002,0.4774871536716418,31.991639296,105.0,1.9144818266666668,201.0205918,0.28342856786666665,29.759999626,145.0,1.3215985409655173,191.63178844,0.07342881328275863,10.647177926000001,38.0,0.530256652631579,20.1497528,-0.0587273597368421,-2.23163967
US-SRG,2013,EVI,fixed,171.216310214145,172.0,299.3749379735465,271.8163955224176,253.459465880862,338.4426435757817,298.37632351106544,261.19404570442,31.7894,GRA,,,,,,,,,,90.0,2.1354023555555557,192.186212,0.02541367328888889,2.287230596,167.0,1.18485909245509,197.87146844000003,-0.12475641780838323,-20.834321774,22.268850299401198,224.87779041916167,17.61850898203593,226.568,90.0,2.1354023555555557,192.186212,0.02541367328888889,2.287230596,127.0,1.6392764236220472,208.1881058,-0.009421134440944884,-1.1964840740000002,167.0,1.18485909245509,197.87146844000003,-0.12475641780838323,-20.834321774,37.0,0.43248361621621617,16.001893799999998,-0.09415445054054054,-3.48371467
US-SRG,2013,NIRv,fixed,141.51822432062863,172.0,306.39075449462763,276.9025965423808,254.51137173347283,337.85948042981096,297.7635255754069,261.9431976750318,31.7894,GRA,31.0,0.2303360158064516,7.14041649,-0.2077938041935484,-6.44160793,27.354290322580646,364.0628064516129,32.104612903225814,0.0,90.0,2.1354023555555557,192.186212,0.02541367328888889,2.287230596,166.0,1.1968762737349397,198.68146144,-0.12050061912048192,-20.003102774,22.318361445783133,225.36955421686744,17.667957831325303,226.56800000000004,120.0,1.6585204624166667,199.02245549,-0.03354204445000001,-4.025045334000001,156.0,1.3776058223717949,214.90650829,-0.0461702372051282,-7.202557003999999,196.0,1.0485597190306122,205.51770492999998,-0.13426213624489794,-26.315378703999997,36.0,0.44122368888888885,15.8840528,-0.08826421305555555,-3.17751167
US-SRG,2014,NDVI,fixed,186.67634123194009,172.0,344.3389583439642,314.83937943403845,282.75089641504314,337.81937493993973,297.7653605676324,259.898868252066,31.7894,GRA,,,,,,,,,,88.0,2.9221727590909086,257.15120279999996,0.1471614179545455,12.950204780000004,166.0,2.1117530096385537,350.5509995999999,0.07114806078313256,11.810578090000005,22.025457831325298,225.17980120481928,16.245397590361446,283.712,73.0,3.5017577123287675,255.62831300000002,0.28156947671232874,20.554571799999998,111.0,2.925258468468469,324.70369000000005,0.1950892828828829,21.654910400000002,151.0,2.3114444357615898,349.02810980000004,0.12857579543046357,19.41494511,38.0,1.8177730789473678,69.07537699999997,0.028956278947368415,1.1003385999999997
US-SRG,2014,EVI,fixed,94.90710011999772,172.0,345.11559313961203,308.1290768489073,276.0076073739479,338.4426435757817,298.37632351106544,261.19404570442,31.7894,GRA,78.0,0.42771112705128206,33.36146791,-0.06390259538461537,-4.984402439999999,22.565564102564103,329.369282051282,24.9016282051282,2.5400000000000005,90.0,2.8695899155555558,258.2630924,0.10281549755555557,9.25339478,167.0,2.099364562275449,350.5938819,0.06892845562874253,11.511052090000003,21.961904191616767,224.1003532934132,16.1601377245509,292.348,167.0,1.74603461742515,291.58778111000004,0.02677271461077844,4.47104334,204.0,1.770155580931373,361.11173851000007,0.047378999705882364,9.665315940000003,244.0,1.5734367647950818,383.91857060999996,0.02757664200819671,6.728700649999997,37.0,1.8790258756756753,69.52395739999999,0.14038574594594594,5.1942726
US-SRG,2014,NIRv,fixed,74.31488870626482,172.0,347.0576113687756,308.50908811801776,273.0269164349004,337.85948042981096,297.7635255754069,261.9431976750318,31.7894,GRA,98.0,0.6649040603061224,65.16059790999999,0.11057160775510204,10.83601756,21.082316326530613,319.4455612244898,22.702530612244896,2.54,90.0,2.8695899155555558,258.2630924,0.10281549755555557,9.25339478,166.0,2.1117530096385537,350.5509995999999,0.07114806078313256,11.810578090000005,22.025457831325298,225.17980120481928,16.245397590361446,283.712,187.0,1.7293417706417114,323.38691111,0.10851049914438504,20.291463340000004,223.0,1.7549345224663682,391.3503985100001,0.11250498627802691,25.08861194,263.0,1.5805126171482888,415.67481831,0.08687698346007604,22.84864665,36.0,1.8878746499999997,67.96348739999999,0.1332541277777778,4.7971486
US-SRG,2015,NDVI,fixed,96.31469873182948,172.0,354.27756965935686,319.89575570265845,287.2109858002915,337.81937493993973,297.7653605676324,259.898868252066,31.7894,GRA,76.0,1.040734644736842,79.09583299999998,0.07829844108289473,5.950681522299999,20.711,320.0503552631579,20.234328947368418,45.72,88.0,3.695535203409091,325.2070979,0.5043241318181818,44.3805236,166.0,2.8115214632530123,466.7125629,0.40075544036144584,66.5254031,21.594168674698793,215.73635542168674,14.871216867469881,396.651,163.0,2.4789251159509207,404.0647939000001,0.3131889884803682,51.049805122300015,201.0,2.5019126363184077,502.88443989999996,0.3402475150363185,68.38975052230002,241.0,2.2637770078838173,545.5702589,0.3037123843248963,73.1946846223,38.0,2.600517,98.819646,0.456314352631579,17.3399454
US-SRG,2015,EVI,fixed,83.50030621258193,172.0,352.721701174534,314.40634533443455,278.2896162536815,338.4426435757817,298.37632351106544,261.19404570442,31.7894,GRA,89.0,1.0569822808988762,94.07142299999998,0.13161894968876403,11.714086522299999,20.565719101123598,314.5166629213483,20.192067415730335,45.72,90.0,3.6775685322222222,330.9811679,0.5168087066666668,46.51278360000001,167.0,2.7968245802395213,467.06970490000003,0.3979744011976048,66.461725,21.553910179640717,215.41652095808385,14.872137724550898,396.65100000000007,178.0,2.3865980556179776,424.8144539,0.33115432652977533,58.94547012230001,215.0,2.418006464651163,519.8713899,0.34552481638279076,74.28783552230001,255.0,2.199619572156863,560.9029909000001,0.30938984910705886,78.8944115223,37.0,2.569106378378378,95.056936,0.41465852432432426,15.342365399999998
US-SRG,2015,NIRv,fixed,91.34776625851858,172.0,350.26527207510424,310.5604759485849,275.2634418103676,337.85948042981096,297.7635255754069,261.9431976750318,31.7894,GRA,81.0,1.0523332469135802,85.238993,0.10481915459629629,8.4903515223,20.575493827160493,318.0775185185185,20.16317283950617,45.72,90.0,3.6775685322222222,330.9811679,0.5168087066666668,46.51278360000001,166.0,2.8115214632530123,466.7125629,0.40075544036144584,66.5254031,21.594168674698793,215.73635542168674,14.871216867469881,396.651,170.0,2.446953081764706,415.9820239,0.32777491248411766,55.721735122300004,206.0,2.4710077665048544,509.02759990000004,0.3443175753509709,70.9294205223,246.0,2.2427374752032523,551.7134189000001,0.3078632301719512,75.7343546223,36.0,2.5845993333333332,93.045576,0.42243570555555554,15.207685399999999
US-SRG,2016,NDVI,fixed,134.25883402071543,173.0,324.2587891750364,287.39167605856386,259.8165954100561,337.81937493993973,297.7653605676324,259.898868252066,31.7894,GRA,39.0,0.7341400666666668,28.631462600000003,0.05777626512820513,2.25327434,24.838179487179488,345.8121538461539,27.385205128205126,3.556,87.0,4.041479126436782,351.60868400000004,0.6895007758620689,59.9865675,165.0,2.8259456557575757,466.28103319999997,0.44153998628484853,72.854097737,22.39731515151515,230.8850787878788,17.161163636363636,342.6419999999999,125.0,3.0466250288000003,380.8281286,0.50736577472,63.42072184,163.0,2.874513752147239,468.5457416,0.499221261595092,81.37306564,203.0,2.4408890532019702,495.50047779999994,0.3758041974236453,76.288252077,38.0,2.3083582368421047,87.71761299999999,0.4724301,17.9523438
US-SRG,2016,EVI,fixed,89.11288044747485,173.0,331.028300523764,293.7639510781052,261.3199789405904,338.4426435757817,298.37632351106544,261.19404570442,31.7894,GRA,84.0,1.2228508761904764,102.71947360000001,0.3996144088095238,33.56761034,20.81083333333333,327.9314642857143,21.3570119047619,14.224,89.0,4.032348471910113,358.87901400000004,0.7135373876404494,63.5048275,166.0,2.8099947240963856,466.4591242,0.4374497514277108,72.616658737,22.30833734939759,230.45080120481927,17.086626506024096,342.642,172.0,2.6871306372093025,462.1864696,0.57124022,98.25331784,209.0,2.6028286727272727,543.9911926,0.5406434193301436,112.99447464,249.0,2.288219195983936,569.7665798,0.4311853376586345,107.36514907699998,37.0,2.2109384594594594,81.804723,0.3984096432432433,14.741156800000002
US-SRG,2016,NIRv,fixed,89.17642284583263,173.0,329.8327110382735,291.9255336441087,259.4871676779144,337.85948042981096,297.7635255754069,261.9431976750318,31.7894,GRA,84.0,1.2228508761904764,102.71947360000001,0.3996144088095238,33.56761034,20.81083333333333,327.9314642857143,21.3570119047619,14.224,89.0,4.032348471910113,358.87901400000004,0.7135373876404494,63.5048275,165.0,2.8259456557575757,466.28103319999997,0.44153998628484853,72.854097737,22.39731515151515,230.8850787878788,17.161163636363636,342.6419999999999,172.0,2.6871306372093025,462.1864696,0.57124022,98.25331784,208.0,2.608816118269231,542.6337526,0.5417663540384615,112.68740163999999,248.0,2.296727777419355,569.5884888,0.43388140353629034,107.60258807700001,36.0,2.23464675,80.447283,0.40094677222222225,14.434083800000002
US-SRG,2017,NDVI,fixed,19.0,172.0,329.89687361889645,268.6642153456413,220.29154439102555,337.81937493993973,297.7653605676324,259.898868252066,31.7894,GRA,154.0,0.488698575974026,75.2595807,-0.049815062987012985,-7.6715197,18.238525974025976,278.1299935064935,18.726162337662338,37.461999999999996,88.0,2.3196024579545456,204.1250163,0.03020053409090911,2.6576470000000016,166.0,1.5094672445783133,250.5715626,-0.0211416334939759,-3.5095111599999993,23.865855421686746,233.09112650602407,20.372367469879517,281.66200000000003,241.0,1.1587567219917014,279.26037,-0.018573513278008304,-4.476216700000001,279.0,1.1185673440860213,312.08028899999994,-0.007673844086021438,-2.1410024999999813,319.0,1.0210248159874609,325.7069163,-0.033364811473354225,-10.643374859999998,38.0,0.8636820789473686,32.819919000000006,0.0614530052631579,2.3352142000000002
US-SRG,2017,EVI,fixed,19.0,172.0,334.21375723894533,270.5421565282042,219.16994764266389,338.4426435757817,298.37632351106544,261.19404570442,31.7894,GRA,154.0,0.488698575974026,75.2595807,-0.049815062987012985,-7.6715197,18.238525974025976,278.1299935064935,18.726162337662338,37.461999999999996,90.0,2.2968796255555555,206.71916629999998,0.03664754444444446,3.2982790000000013,167.0,1.5040730035928145,251.18019160000003,-0.01870329437125748,-3.123450159999999,23.807946107784428,232.57161077844307,20.304766467065868,281.66200000000003,243.0,1.159895144032922,281.85452000000004,-0.015784299176954737,-3.835584700000001,280.0,1.1161329642857143,312.51723,-0.009401591071428569,-2.6324454999999993,320.0,1.0197360790625,326.31554530000005,-0.0320541058125,-10.25731386,37.0,0.828721891891892,30.662710000000004,0.03251727567567568,1.2031392
US-SRG,2017,NIRv,fixed,19.0,172.0,334.79831419358766,270.60988864472534,218.38065353181867,337.85948042981096,297.7635255754069,261.9431976750318,31.7894,GRA,154.0,0.488698575974026,75.2595807,-0.049815062987012985,-7.6715197,18.238525974025976,278.1299935064935,18.726162337662338,37.461999999999996,90.0,2.2968796255555555,206.71916629999998,0.03664754444444446,3.2982790000000013,166.0,1.5094672445783133,250.5715626,-0.0211416334939759,-3.5095111599999993,23.865855421686746,233.09112650602407,20.372367469879517,281.66200000000003,243.0,1.159895144032922,281.85452000000004,-0.015784299176954737,-3.835584700000001,279.0,1.1185673440860213,312.08028899999994,-0.007673844086021438,-2.1410024999999813,319.0,1.0210248159874609,325.7069163,-0.033364811473354225,-10.643374859999998,36.0,0.8396046944444445,30.225769000000003,0.04707172777777779,1.6945822000000004
US-SRG,2018,NDVI,fixed,168.37624302850205,172.0,345.39446469800896,297.87545813277274,243.8854838571174,337.81937493993973,297.7653605676324,259.898868252066,31.7894,GRA,,,,,,,,,,88.0,3.7698329659090914,331.74530100000004,1.0516435598863636,92.54463326999999,166.0,2.9388866325301204,487.85518099999996,0.7388240775301205,122.64479687,21.57912048192771,229.95205421686745,15.834253012048192,327.929,91.0,3.7091200989010993,337.52992900000004,0.9832793985714288,89.47842527000002,129.0,3.3481301395348835,431.90878799999996,0.7749130284496125,99.96378067000002,169.0,2.9209456153846154,493.639809,0.7075656146153846,119.57858886999999,38.0,2.483654184210526,94.37885899999999,0.2759304052631579,10.4853554
US-SRG,2018,EVI,fixed,159.8760380287146,172.0,334.3696993891021,283.3898293157199,241.74596853680225,338.4426435757817,298.37632351106544,261.19404570442,31.7894,GRA,13.0,0.92723,12.05399,-0.90239957,-11.73119441,26.579538461538462,311.7113076923077,28.73607692307692,86.102,90.0,3.707109911111112,333.6398920000001,1.0160035029999999,91.44031526999999,167.0,2.9262358263473054,488.681383,0.7348128429341317,122.71374477,21.516383233532935,229.49685029940122,15.795724550898203,327.929,102.0,3.3567193333333334,342.385372,0.7814387959803922,79.70675719,139.0,3.150247697841727,437.88443,0.6659399323021582,92.56565058999999,179.0,2.7789210223463687,497.426863,0.6200010429608939,110.98018669,37.0,2.5810556216216223,95.49905800000002,0.34753765945945947,12.8588934
US-SRG,2018,NIRv,fixed,145.2083948381632,172.0,326.6065342368569,277.3083174712531,244.01416165269225,337.85948042981096,297.7635255754069,261.9431976750318,31.7894,GRA,27.0,0.7496334074074075,20.240102,-0.4169466040740741,-11.25755831,26.589000000000002,330.27822222222215,30.33177777777778,86.102,90.0,3.707109911111112,333.6398920000001,1.0160035029999999,91.44031526999999,166.0,2.9388866325301204,487.85518099999996,0.7388240775301205,122.64479687,21.57912048192771,229.95205421686745,15.834253012048192,327.929,116.0,3.0221679655172413,350.571484,0.6912102869827585,80.18039329,152.0,2.9148404736842104,443.055752,0.60375043875,91.77006669000001,192.0,2.6290977760416667,504.78677300000004,0.58012955671875,111.38487488999999,36.0,2.569007444444445,92.48426800000001,0.3219353722222222,11.589673399999999
US-SRG,2019,NDVI,fixed,195.59585083452995,172.0,337.48046813919984,291.4024251486363,245.29976442513671,337.81937493993973,297.7653605676324,259.898868252066,31.7894,GRA,,,,,,,,,,88.0,2.8379439456818187,249.73906722000004,0.3515400214772727,30.935521889999997,166.0,2.3615654231325305,392.01986024000007,0.3415418283373494,56.695943504000006,22.833656626506023,235.2843795180723,18.559192771084337,333.50199999999995,64.0,3.5790950296874997,229.06208189999998,0.6705352546874999,42.91425629999999,102.0,3.2017576558823526,326.57928089999996,0.6686762344509802,68.20497591399999,142.0,2.615090668450704,371.34287492,0.4836244923521127,68.674677914,38.0,2.5662420789473686,97.517199,0.665545253,25.290719614
US-SRG,2019,EVI,fixed,29.75196615115757,172.0,344.50444388768824,324.8016331723282,291.7848490680683,338.4426435757817,298.37632351106544,261.19404570442,31.7894,GRA,143.0,1.748636418881119,250.05500790000002,0.667859094055944,95.50385044999999,16.65525874125874,277.94930769230774,15.530146853146851,101.19200000000001,90.0,2.8129867468888894,253.16880722000005,0.3448982744888889,31.040844703999998,167.0,2.351599971497006,392.71719524,0.33715554194011976,56.304975504,22.791377245508983,234.5416526946108,18.5087005988024,334.01000000000005,232.0,2.1644751513793103,502.15823512,0.5450444903189655,126.450321754,269.0,2.2212141788847584,597.50661412,0.5636638422081784,151.625573554,309.0,2.076720463236246,641.70662314,0.4909852833462784,151.71445255400002,37.0,2.576983216216216,95.34837899999998,0.6804122108108107,25.175251799999998
US-SRG,2019,NIRv,fixed,74.09365410474709,172.0,343.6447037568255,331.6244448178967,316.13673102326675,337.85948042981096,297.7635255754069,261.9431976750318,31.7894,GRA,98.0,2.3091143061224493,226.29320200000004,1.036208986020408,101.54848062999999,19.713918367346942,322.8571632653061,18.994142857142858,20.928,90.0,2.8129867468888894,253.16880722000005,0.3448982744888889,31.040844703999998,166.0,2.3615654231325305,392.01986024000007,0.3415418283373494,56.695943504000006,22.833656626506023,235.2843795180723,18.559192771084337,333.50199999999995,187.0,2.5582696749732623,478.3964292200001,0.7085291547272727,132.494951934,223.0,2.567192323856502,572.4838882199999,0.7070867656233183,157.68034873399998,263.0,2.3469486016730037,617.24748224,0.6013309913840303,158.150050734,36.0,2.6135405277777775,94.087459,0.6995943555555555,25.1853968
US-SRG,2020,NDVI,fixed,53.807670751651045,173.0,301.8542366288531,271.2171128639146,240.4254098722915,337.81937493993973,297.7653605676324,259.898868252066,31.7894,GRA,120.0,1.6373800983333335,196.48561180000002,0.4554505300833333,54.654063609999994,19.806208333333334,294.7883333333333,19.95853333333333,49.275999999999996,87.0,1.194170666666667,103.89284800000003,-0.3622326325287356,-31.51423903,165.0,0.7602430533333333,125.4401038,-0.29639569527272724,-48.90528971999999,25.14989090909091,243.46690303030297,25.846145454545457,86.62,206.0,1.4555318291262134,299.83955679999997,0.11334160475728153,23.348370579999994,244.0,1.272787468032787,310.56014220000003,0.06718522577868852,16.39319509,284.0,1.131643706338028,321.3868126,0.020976478485915495,5.957319890000001,38.0,0.2821206684210526,10.7205854,-0.18303093394736844,-6.955175490000001
US-SRG,2020,EVI,fixed,59.11682665694271,173.0,314.9407158345569,276.2146763156379,237.07348530139816,338.4426435757817,298.37632351106544,261.19404570442,31.7894,GRA,114.0,1.6673977087719296,190.08333879999998,0.4811524185087719,54.85137570999999,20.27511403508772,298.68931578947377,20.521815789473685,49.276,89.0,1.178532797752809,104.889419,-0.3585906857303371,-31.91457103,166.0,0.7560651463855422,125.50681430000002,-0.2964678477108434,-49.21366272,25.03482530120482,243.03789759036144,25.732361445783138,86.62,202.0,1.457593340594059,294.43385479999995,0.11458094396039605,23.14535068,239.0,1.274105071966527,304.51111219999996,0.06907064514644351,16.50788419,279.0,1.1292159501792114,315.0512501,0.020954333297491023,5.8462589899999955,37.0,0.2723583081081081,10.0772574,-0.17939098621621624,-6.637466490000001
US-SRG,2020,NIRv,fixed,65.94481253597908,173.0,317.0628980445908,275.92339059020526,234.55228026047843,337.85948042981096,297.7635255754069,261.9431976750318,31.7894,GRA,108.0,1.6948067759259258,183.03913179999998,0.5033849473148148,54.36557430999999,20.69978703703704,304.0268888888889,21.12846296296296,47.498,89.0,1.178532797752809,104.889419,-0.3585906857303371,-31.91457103,165.0,0.7602430533333333,125.4401038,-0.29639569527272724,-48.90528971999999,25.14989090909091,243.46690303030297,25.846145454545457,86.62,196.0,1.466273713265306,287.3896478,0.11560994530612238,22.659549279999986,232.0,1.2806623370689656,297.1136622,0.06941683530172413,16.104705789999997,272.0,1.132133575735294,307.9403326,0.020841288933823525,5.668830589999999,36.0,0.2701115111111111,9.7240144,-0.18207898583333335,-6.5548434900000005
US-SRG,2021,NDVI,fixed,184.57830404791608,172.0,337.90825102779905,288.8906052143297,252.21325010392857,337.81937493993973,297.7653605676324,259.898868252066,31.7894,GRA,,,,,,,,,,88.0,4.44237925,390.929374,0.795094296590909,69.9682981,166.0,3.013572909638554,500.253103,0.5140475902409639,85.33189998,22.517210843373494,229.08442771084336,16.576536144578316,409.7,75.0,5.14531372,385.898529,1.0547785560000003,79.10839170000001,113.0,4.087702592920355,461.9103930000001,0.8085507938053097,91.3662397,153.0,3.2367467843137256,495.222258,0.6174640103267974,94.47199358,38.0,2.000312210526315,76.01186399999997,0.322574947368421,12.257848
US-SRG,2021,EVI,fixed,184.2533017789372,172.0,334.5572605860056,286.4046962378608,251.481054305318,338.4426435757817,298.37632351106544,261.19404570442,31.7894,GRA,,,,,,,,,,90.0,4.406156377777778,396.554074,0.7894068677777778,71.0466181,167.0,2.9981283293413172,500.687431,0.5104387022754492,85.24326328000001,22.468203592814373,228.50634131736527,16.54470658682635,409.7,77.0,5.08471725974026,391.523229,1.0413858662337667,80.18671170000003,114.0,4.061911956140351,463.05796300000003,0.8028965412280702,91.5302057,154.0,3.21854925974026,495.656586,0.6128789407792208,94.38335688,37.0,1.9333711891891896,71.53473400000001,0.30658091891891887,11.343493999999998
US-SRG,2021,NIRv,fixed,187.8510236637488,172.0,330.78092352124355,283.46825209535467,250.6996731633917,337.85948042981096,297.7635255754069,261.9431976750318,31.7894,GRA,,,,,,,,,,90.0,4.406156377777778,396.554074,0.7894068677777778,71.0466181,166.0,3.013572909638554,500.253103,0.5140475902409639,85.33189998,22.517210843373494,229.08442771084336,16.576536144578316,409.7,74.0,5.282160540540541,390.87988000000007,1.1897084013513515,88.03842170000001,110.0,4.193336763636364,461.26704400000006,0.901981360909091,99.2179497,150.0,3.297192726666667,494.57890900000007,0.6821580238666668,102.32370358000001,36.0,1.9551990000000004,70.38716400000001,0.3105424444444444,11.179527999999998
US-SRG,2022,NDVI,fixed,200.1945620885768,172.0,342.60092216639026,301.29108576275684,256.8622653625663,337.81937493993973,297.7653605676324,259.898868252066,31.7894,GRA,,,,,,,,,,88.0,4.877029225,429.17857180000004,0.3075780784090909,27.066870899999998,166.0,3.8230918542168677,634.6332478,0.3024184945783132,50.201470099999995,21.277030120481925,222.18927710843377,14.47809638554217,533.898,59.0,5.784603220338983,341.29159,0.7851393355932202,46.323220799999994,97.0,5.041908659793814,489.06513999999993,0.6059728597938144,58.7793674,137.0,3.9908486569343067,546.746266,0.5069913868613138,69.45782,38.0,3.8887776315789475,147.77355,0.32779333157894736,12.4561466
US-SRG,2022,EVI,fixed,157.63365953540082,172.0,340.40293912477995,295.67261761893866,257.91290138868794,338.4426435757817,298.37632351106544,261.19404570442,31.7894,GRA,15.0,0.6651874,9.977810999999999,-0.3118471666666667,-4.6777075,28.9026,290.20873333333327,32.369266666666675,0.508,90.0,4.8973053533333335,440.7574818,0.3131681211111111,28.185130899999997,167.0,3.8014245377245515,634.8378978000001,0.29398934191616766,49.0962201,21.234287425149695,220.97472455089826,14.400640718562876,548.1220000000001,104.0,4.325740123076923,449.8769728,0.237276475,24.6767534,141.0,4.175617253900709,588.7620328,0.26133208510638295,36.847823999999996,181.0,3.557775628729282,643.9573888,0.25186653370165746,45.5878426,37.0,3.7536502702702697,138.88505999999998,0.3289478540540541,12.1710706
US-SRG,2022,NIRv,fixed,148.8720119248316,172.0,339.3231312347487,293.4115778822138,257.4435772783144,337.85948042981096,297.7635255754069,261.9431976750318,31.7894,GRA,24.0,0.71851075,17.244258,-0.14553363708333333,-3.49280729,27.76591666666667,321.13804166666665,31.419583333333335,0.508,90.0,4.8973053533333335,440.7574818,0.3131681211111111,28.185130899999997,166.0,3.8230918542168677,634.6332478,0.3024184945783132,50.201470099999995,21.277030120481925,222.18927710843377,14.47809638554217,533.898,113.0,4.045516989380531,457.14341980000006,0.22886419123893803,25.861653609999998,149.0,3.982134629530201,593.3380598,0.24966134369127518,37.19954021,189.0,3.444545956613757,651.0191858000001,0.25332271328042333,47.87799281000001,36.0,3.7831844444444442,136.19464,0.31494129444444446,11.337886600000001
US-SRG,2023,NDVI,fixed,43.78365993825428,172.0,359.58177425923344,327.9676870347063,286.8103625832497,337.81937493993973,297.7653605676324,259.898868252066,31.7894,GRA,129.0,1.653245285271318,213.2686418,0.4965915922480621,64.06031540000001,17.594232558139534,296.5957596899225,17.675868217054262,59.943999999999996,88.0,3.333954136363636,293.38796399999995,-0.6804155636363637,-59.8765696,166.0,2.0605403421686748,342.0496968,-0.43674629927710845,-72.49988568,24.33359638554217,242.2215963855422,23.118403614457836,160.274,216.0,2.3418892907407405,505.8480867999999,0.019393252777777797,4.188942600000004,254.0,2.0756359669291338,527.2115355999999,-0.03242331929133856,-8.235523099999995,294.0,1.8860878217687076,554.5098196,-0.02868834517006802,-8.434373479999998,38.0,0.5621960210526314,21.363448799999993,-0.32695962368421055,-12.4244657
US-SRG,2023,EVI,fixed,84.4798852959789,172.0,358.2694152206611,332.70794889497296,298.95827228958854,338.4426435757817,298.37632351106544,261.19404570442,31.7894,GRA,88.0,2.2082773749999998,194.32840899999997,0.8849214363636364,77.8730864,20.800852272727273,334.9080113636364,21.989636363636365,7.62,90.0,3.2847430444444443,295.626874,-0.6670472911111112,-60.0342562,167.0,2.049846154491018,342.3243078,-0.43535056095808383,-72.70354368,24.261502994011977,241.71225149700598,23.046203592814372,160.274,177.0,2.763541039548022,489.1467639999999,0.1008137118644068,17.844027000000004,214.0,2.3831091719626167,509.98536279999996,0.026277690186915847,5.623425699999991,254.0,2.109622825984252,535.8441978,0.02037299023622047,5.174739519999999,37.0,0.563205372972973,20.838598800000003,-0.3302865216216216,-12.220601299999998
US-SRG,2023,NIRv,fixed,88.52696739709026,172.0,357.2313368789804,330.5894456102418,296.18285811909686,337.85948042981096,297.7635255754069,261.9431976750318,31.7894,GRA,84.0,2.235388559523809,187.77263899999997,0.9029321714285716,75.84630240000001,21.139202380952383,335.9253214285715,22.366190476190475,7.62,90.0,3.2847430444444443,295.626874,-0.6670472911111112,-60.0342562,166.0,2.0605403421686748,342.0496968,-0.43674629927710845,-72.49988568,24.33359638554217,242.2215963855422,23.118403614457836,160.274,173.0,2.7895433179190747,482.5909939999999,0.09142915028901745,15.817243000000019,209.0,2.4005527885167464,501.7155328,0.016987865550239255,3.5504639000000044,249.0,2.1245534811244977,529.0138168,0.01346029526104419,3.3516135200000035,36.0,0.5312371888888889,19.124538800000003,-0.3407438638888889,-12.2667791
US-SRG,2024,NDVI,fixed,47.39345461530262,173.0,349.1780562757323,297.32260195924505,251.68669722187505,337.81937493993973,297.7653605676324,259.898868252066,31.7894,GRA,126.0,1.6421758968253968,206.914163,0.18160686253968258,22.882464680000005,18.894341269841274,301.30603174603175,19.45738888888889,82.80199999999999,87.0,2.814532402298851,244.86431900000002,-0.8100149781609195,-70.4713031,165.0,1.800315109090909,297.051993,-0.6725250938787879,-110.96664049,24.284424242424244,245.2638060606061,22.744369696969695,198.62399999999997,212.0,2.1195093018867923,449.33597199999997,-0.20908022839622642,-44.32500842,250.0,1.917724908,479.43122700000004,-0.22212043524000002,-55.53010881000001,290.0,1.7293918827586205,501.523646,-0.2924839510689655,-84.82034581,38.0,0.791980394736842,30.095254999999995,-0.2948710628947368,-11.205100389999998
US-SRG,2024,EVI,fixed,27.67240246492205,173.0,355.3372332181644,302.08239454785564,246.6172601433777,338.4426435757817,298.37632351106544,261.19404570442,31.7894,GRA,146.0,1.4061761020547945,205.3017109,0.01246066904109589,1.8192576799999998,17.7531095890411,284.95994520547947,17.92978767123288,127.75999999999999,89.0,2.770272011235955,246.55420900000001,-0.8200584617977529,-72.9852031,166.0,1.7940503493975906,297.812358,-0.668225945120482,-110.92550689000001,24.24139156626506,244.77806626506023,22.706355421686748,198.624,234.0,1.920570127777778,449.41340990000003,-0.29017998042735044,-67.90211542,271.0,1.7638334904059039,477.9988759,-0.28415768564575644,-77.00673281,311.0,1.6098763951768489,500.6715589,-0.3403293222186496,-105.84241921000002,37.0,0.7725801621621621,28.585465999999997,-0.24607074027027026,-9.10461739
US-SRG,2024,NIRv,fixed,33.72858703579556,173.0,354.85145955726426,300.3300294161866,244.78783082205865,337.85948042981096,297.7635255754069,261.9431976750318,31.7894,GRA,140.0,1.463930325,204.9502455,0.04609464057142859,6.4532496800000025,17.894642857142856,289.84815,18.228078571428572,113.02799999999998,89.0,2.770272011235955,246.55420900000001,-0.8200584617977529,-72.9852031,165.0,1.800315109090909,297.051993,-0.6725250938787879,-110.96664049,24.284424242424244,245.2638060606061,22.744369696969695,198.62399999999997,228.0,1.9695699320175437,449.0619445,-0.2774917693859649,-63.26812342,264.0,1.808588293560606,477.46730949999994,-0.27257319625,-71.95932381,304.0,1.6432885805921054,499.5597285,-0.33305776582236846,-101.24956081,36.0,0.7890379166666666,28.405364999999996,-0.24142223305555552,-8.691200389999999
US-SRG,2025,NDVI,fixed,1.0,172.0,358.60162317202827,330.08396970256274,296.7211005994673,337.81937493993973,297.7653605676324,259.898868252066,31.7894,GRA,172.0,0.42033508081395343,72.2976339,-0.15865868270348837,-27.289293425,17.368081395348838,274.42921511627907,18.77252325581395,36.57599999999999,88.0,0.9457651420454546,83.2273325,-0.6635815773863636,-58.39517881,166.0,1.2337258343373492,204.79848849999996,-0.2973758777710843,-49.36439571,24.02565662650602,237.4739759036145,21.35753012048193,184.547,259.0,0.5969434416988417,154.6083514,-0.33087744260617763,-85.697257635,297.0,0.7974585131313131,236.84517839999998,-0.26670636779461276,-79.21179123499999,337.0,0.8195237608308606,276.17950740000003,-0.2274969570771513,-76.66647453499999,38.0,2.1641270263157892,82.23682699999999,0.17067016842105262,6.4854664
US-SRG,2025,EVI,fixed,122.78383483476344,172.0,354.9183691738013,318.9604842284674,281.7021870324732,338.4426435757817,298.37632351106544,261.19404570442,31.7894,GRA,50.0,0.4969749580000001,24.848747900000003,-0.386136794,-19.3068397,24.91462,345.58099999999996,28.70308,24.892,90.0,0.930732761111111,83.7659485,-0.6658123312222222,-59.92310980999999,167.0,1.2296846736526943,205.35734049999994,-0.2959260395808383,-49.419648609999996,23.93644311377245,236.88052095808388,21.264580838323354,186.071,139.0,0.7748063410071941,107.69808139999999,-0.5700916180575539,-79.24273491,176.0,1.089965809090909,191.8339824,-0.39946842903409097,-70.30644351000001,216.0,1.061525339814815,229.28947340000005,-0.318237378287037,-68.73927370999999,37.0,2.27394327027027,84.135901,0.2415213891891892,8.9362914
US-SRG,2025,NIRv,fixed,101.63036060144934,172.0,354.3275951866636,319.7627916991204,280.7749062676408,337.85948042981096,297.7635255754069,261.9431976750318,31.7894,GRA,71.0,0.5133184633802816,36.4456109,-0.25490829014084504,-18.098488599999996,23.353056338028168,343.54580281690136,26.35778873239437,24.892,90.0,0.930732761111111,83.7659485,-0.6658123312222222,-59.92310980999999,166.0,1.2337258343373492,204.79848849999996,-0.2973758777710843,-49.36439571,24.02565662650602,237.4739759036145,21.35753012048193,184.547,160.0,0.7455934025,119.29494439999999,-0.48771489881249996,-78.03438381,196.0,1.0254752826530613,200.9931554,-0.35724993066326527,-70.02098640999999,236.0,1.0183367983050848,240.32748440000003,-0.2859138547033898,-67.47566970999999,36.0,2.26939475,81.698211,0.22259437222222223,8.0133974
US-SRM,2014,NDVI,fixed,86.03017636866566,172.0,358.8087203551992,331.090735050618,297.4022019901626,333.7154813582143,287.7205344689358,243.9876550342926,31.8214,WSA,86.0,0.5981879906976745,51.4441672,0.03785737581395349,3.2557343199999997,23.02144186046511,329.8869418604651,26.080325581395353,2.794,72.0,1.6350519468055558,117.72374017000001,-0.23517396541666663,-16.932525509999998,162.0,1.3900054800617285,225.18088777000003,-0.021502727901234572,-3.4834419200000006,23.4815987654321,233.94310493827163,18.53677777777778,252.73600000000002,157.0,1.0769592978980893,169.08260977000003,-0.08548702668789808,-13.421463189999999,201.0,1.2207985162686568,245.38050177000002,-0.016247362139303473,-3.265719789999998,247.0,1.1195941593927123,276.53975736999996,0.0001118234817813621,0.027620399999996437,44.0,1.734043,76.297892,0.23081235000000005,10.155743400000002
US-SRM,2014,EVI,fixed,63.8800493854984,172.0,357.5397947952814,325.41092361965264,284.4048410431114,334.0677712396473,294.56845432911587,258.4285215957957,31.8214,WSA,109.0,0.5695587504587156,62.081903800000006,-0.041689751192660544,-4.544182879999999,21.632376146788992,316.4901009174312,23.75732110091743,2.794,87.0,1.6628296571264367,144.66618017,-0.1746893288505747,-15.197971609999998,163.0,1.3835292992024542,225.51527577000002,-0.021187655337423308,-3.453587819999999,23.427196319018403,233.54361963190183,18.511098159509203,252.736,195.0,1.0598091608717948,206.66278637,-0.09993244353846155,-19.486826490000002,231.0,1.1438719583116883,264.23442237,-0.04792533848484848,-11.070753189999998,271.0,1.0609294537638376,287.51188197,-0.028569899261992618,-7.7424427,36.0,1.599212111111111,57.571636,0.23377981388888885,8.416073299999999
US-SRM,2014,NIRv,fixed,60.83235735677981,172.0,355.8304642245435,320.7468638932107,277.30261958862627,329.9209673465896,292.23174878507,258.5372596708491,31.8214,WSA,112.0,0.5504180964285714,61.6468268,-0.06235356142857144,-6.983598880000001,21.386910714285712,313.8550535714285,23.28366964285714,10.16,87.0,1.6628296571264367,144.66618017,-0.1746893288505747,-15.197971609999998,158.0,1.4179630833544303,224.03816716999998,-0.0209965887341772,-3.317461019999998,23.649050632911393,235.4208037974684,18.56042405063291,252.736,198.0,1.0415540877272724,206.22770936999993,-0.11073859843434343,-21.92624249,232.0,1.1285511265948274,261.82386137,-0.056869414612068965,-13.19370419,269.0,1.0617089084386617,285.59969637,-0.03734472825278812,-10.045731900000003,34.0,1.6351809411764704,55.596152,0.2568393617647059,8.7325383
US-SRM,2015,NDVI,fixed,37.10172031956619,172.0,366.2657708948579,348.7955681025284,317.5709973665164,333.7154813582143,287.7205344689358,243.9876550342926,31.8214,WSA,135.0,0.7027298048888888,94.86852366,-0.05391304185185184,-7.278260649999998,19.80545185185185,282.6073111111111,19.127414814814816,53.848,72.0,1.3666043472222222,98.395513,-0.10124817916666666,-7.289868899999999,162.0,1.6702952246913578,270.5878264,0.087214857345679,14.128806889999998,23.17662345679012,223.02533333333332,17.360475308641973,340.10400000000004,206.0,0.9359176536893205,192.79903666,-0.0689714395631068,-14.208116550000002,250.0,1.2451193142399999,311.27982856,0.0583482942,14.58707355,296.0,1.2330788853378378,364.99135006,0.024359997432432428,7.2105592399999985,44.0,2.6927452704545454,118.4807919,0.6544361386363635,28.795190099999996
US-SRM,2015,EVI,fixed,31.0415689639438,172.0,364.98399075955416,342.4734255200707,303.11783497731267,334.0677712396473,294.56845432911587,258.4285215957957,31.8214,WSA,141.0,0.6962026571631206,98.16457466,-0.07615041595744679,-10.737208649999998,19.585843971631206,278.8422695035461,18.769007092198585,54.102,87.0,1.6004502643678165,139.23917300000002,-0.0008416298850574509,-0.07322179999999823,163.0,1.660209079754601,270.61407999999994,0.08482339196319019,13.82621289,23.066981595092024,222.56354601226994,17.29250920245398,340.1040000000001,227.0,1.0437830293392072,236.93874766000002,-0.04603708127753305,-10.450417450000003,263.0,1.2463381732319392,327.78693956,0.028446099011406836,7.481324039999998,303.0,1.2155566160396039,368.31365465999994,0.011382895181518152,3.44901724,36.0,2.523560886111111,90.84819189999999,0.4981039302777779,17.931741490000004
US-SRM,2015,NIRv,fixed,33.489363771412926,172.0,364.0424317800933,338.44358433008506,296.98921955711427,329.9209673465896,292.23174878507,258.5372596708491,31.8214,WSA,139.0,0.6957374507913668,96.70750566,-0.06684444352517988,-9.291377650000003,19.70631654676259,280.3886618705036,18.972762589928056,53.848,87.0,1.6004502643678165,139.23917300000002,-0.0008416298850574509,-0.07322179999999823,158.0,1.7122476575949368,270.5351299,0.09738123981012657,15.386235889999998,23.539556962025316,224.53418354430377,17.641848101265822,340.104,225.0,1.046585238488889,235.48167866000003,-0.040020384222222226,-9.004586450000001,259.0,1.2438132067953669,322.14762056,0.03261326081081081,8.44683455,296.0,1.2391136336486486,366.77763555999996,0.021806997432432418,6.454871239999996,34.0,2.5489982911764706,86.6659419,0.5132770882352942,17.451421000000003
US-SRM,2016,NDVI,fixed,158.44092910147273,173.0,311.29202919794005,280.4369875999605,254.7805652014124,333.7154813582143,287.7205344689358,243.9876550342926,31.8214,WSA,15.0,0.15746304866666663,2.3619457299999995,-0.3939560266666667,-5.9093404000000005,28.831999999999997,338.3724666666667,34.18606666666666,0.254,71.0,3.367278746478873,239.076791,0.5718754225352113,40.603155,161.0,2.2104982093167704,355.89021170000007,0.2738218827329193,44.085323120000005,24.04757763975155,237.26578881987578,19.923540372670804,311.40599999999995,85.0,2.8380955615294114,241.23812273,0.4163773482352942,35.39207460000001,129.0,2.661735269224806,343.36384972999997,0.4155357713178295,53.6041145,175.0,2.0460088195999995,358.0515434299999,0.2221385298285714,38.87424272,44.0,2.32103925,102.12572700000001,0.41390999772727266,18.212039899999997
US-SRM,2016,EVI,fixed,131.24008436861976,173.0,311.7468458516996,283.3009835342938,258.35936040045,334.0677712396473,294.56845432911587,258.4285215957957,31.8214,WSA,42.0,0.6235211078571429,26.18788653,-0.06658029,-2.79637218,26.020642857142857,345.50669047619044,30.13035714285714,1.016,86.0,3.228545906976744,277.654948,0.5287414069767443,45.471761000000015,162.0,2.1968353148765436,355.88732101000005,0.2680115254320988,43.417867120000004,23.94104938271605,236.81883950617285,19.825888888888887,312.16799999999995,127.0,2.390883626220472,303.6422205299999,0.3415247938582678,43.37364882000001,163.0,2.2858251811656443,372.58950453,0.3465551424539877,56.48848822,203.0,1.8811556332019705,381.87459354000003,0.2035455908374384,41.319754939999996,36.0,1.9152023333333328,68.94728399999998,0.36430109444444436,13.114839399999997
US-SRM,2016,NIRv,fixed,127.22477548511613,173.0,311.1065578260101,282.9334777149331,258.3582660769021,329.9209673465896,292.23174878507,258.5372596708491,31.8214,WSA,46.0,0.7305144897826085,33.60366652999999,0.03784208304347827,1.7407358200000003,25.32065217391304,345.390195652174,28.914456521739133,1.016,86.0,3.228545906976744,277.654948,0.5287414069767443,45.471761000000015,157.0,2.2636075426751594,355.3863842,0.3000030517197452,47.10047911999999,24.306700636942676,239.69621019108286,20.139031847133758,309.12,131.0,2.374488553664122,311.05800052999996,0.3657309680916031,47.91075682,165.0,2.2956495789696976,378.7821805300001,0.3720137073939393,61.38226171999998,202.0,1.9247001818316831,388.78943673,0.24524492544554458,49.539474940000005,34.0,1.9918876470588232,67.72417999999999,0.3962207323529411,13.471504899999998
US-SRM,2017,NDVI,fixed,19.0,172.0,306.59486234475105,248.70314633825484,211.36427994352272,333.7154813582143,287.7205344689358,243.9876550342926,31.8214,WSA,154.0,0.011850143116883115,1.8249220399999997,-0.5268331131948052,-81.132299432,19.334915584415583,280.93844805194806,20.638759740259736,19.050000000000004,72.0,1.4731156166666668,106.0643244,-0.7892695083333332,-56.827404599999994,162.0,0.8619163462962964,139.63044810000002,-0.42914106179012346,-69.52085201,24.928981481481483,242.73066666666668,22.790746913580247,172.718,225.0,0.4817493619555556,108.39360644000001,-0.6088665868088888,-136.994982032,269.0,0.4979385146468401,133.94546043999998,-0.5252570410111523,-141.294144032,315.0,0.450665809968254,141.95973014,-0.4752013633079365,-149.688429442,44.0,0.5807239545454546,25.551854,-0.09770822727272727,-4.299162
US-SRM,2017,EVI,fixed,19.0,172.0,296.9893002743174,244.26105513447675,210.9201476937928,334.0677712396473,294.56845432911587,258.4285215957957,31.8214,WSA,154.0,0.011850143116883115,1.8249220399999997,-0.5268331131948052,-81.132299432,19.334915584415583,280.93844805194806,20.638759740259736,19.050000000000004,87.0,1.3720779931034486,119.37078540000003,-0.6512830494252874,-56.6616253,163.0,0.8580193257668712,139.8571501,-0.42575806141104294,-69.39856401,24.888380368098158,241.70187730061352,22.748877300613493,172.718,240.0,0.5070836143333334,121.70006744000001,-0.57012167805,-136.829202732,276.0,0.4917779182608696,135.73070544,-0.5179637827246376,-142.958004032,316.0,0.4499570637341772,142.18643214,-0.47331057418354433,-149.566141442,36.0,0.38973994444444443,14.030638,-0.17024448055555552,-6.128801299999999
US-SRM,2017,NIRv,fixed,19.0,172.0,291.0905707181219,241.2069726099436,210.1785967309452,329.9209673465896,292.23174878507,258.5372596708491,31.8214,WSA,154.0,0.011850143116883115,1.8249220399999997,-0.5268331131948052,-81.132299432,19.334915584415583,280.93844805194806,20.638759740259736,19.050000000000004,87.0,1.3720779931034486,119.37078540000003,-0.6512830494252874,-56.6616253,158.0,0.8822542246835442,139.3961675,-0.4382085404430379,-69.23694938999999,25.077506329113923,244.9418227848101,22.88592405063291,172.71800000000002,240.0,0.5070836143333334,121.70006744000001,-0.57012167805,-136.829202732,274.0,0.4932818410218978,135.15922444,-0.5202635256642335,-142.552206032,311.0,0.4557088409646302,141.72544954,-0.48040040778778126,-149.40452682199998,34.0,0.3958575588235294,13.459157,-0.1683236264705882,-5.723003299999999
US-SRM,2018,NDVI,fixed,205.6935358045118,172.0,351.35671083015745,311.5480124398598,252.24954408516905,333.7154813582143,287.7205344689358,243.9876550342926,31.8214,WSA,,,,,,,,,,72.0,3.4711253194444445,249.921023,0.7716300226388889,55.55736163,162.0,2.623032925308642,424.93133389999997,0.5986409066666666,96.97982687999999,22.93411111111111,236.655512345679,18.06277777777778,371.58500000000004,38.0,4.702331052631577,178.68857999999994,1.5189038868421054,57.71834770000001,82.0,3.5728541951219506,292.97404399999994,1.044161568292683,85.6212486,128.0,2.7632725851562503,353.69889090000004,0.774537601171875,99.14081295,44.0,2.597396909090909,114.28546399999999,0.6341568386363636,27.9029009
US-SRM,2018,EVI,fixed,205.72863992650733,172.0,345.5187249448253,304.4867623062195,254.03581848301087,334.0677712396473,294.56845432911587,258.4285215957957,31.8214,WSA,,,,,,,,,,87.0,3.4169267011494253,297.272623,0.827842317586207,72.02228163000001,163.0,2.6083610791411043,425.1628559,0.5916890115337423,96.44530888,22.85934355828221,235.98564417177911,17.97919018404908,378.18899999999996,53.0,4.2649090566037735,226.04018,1.399684296226415,74.1832677,89.0,3.4581146516853933,307.772204,0.9805008044943819,87.2645716,129.0,2.7436466116279066,353.93041289999996,0.7643898833333334,98.60629495,36.0,2.270334,81.732024,0.36336955277777777,13.0813039
US-SRM,2018,NIRv,fixed,150.47171688203574,172.0,343.08645746429613,300.5347124313743,265.4273366697197,329.9209673465896,292.23174878507,258.5372596708491,31.8214,WSA,22.0,0.1441814818181818,3.1719925999999994,-0.5385879545454547,-11.848935000000004,27.939136363636365,331.8832727272727,33.35586363636364,72.39,87.0,3.4169267011494253,297.272623,0.827842317586207,72.02228163000001,158.0,2.672913442405063,422.32032389999995,0.6148272805696202,97.14271033,23.157696202531646,238.66191139240502,18.20470253164557,371.58500000000004,108.0,2.7730343574074072,299.48771059999996,0.5660479687962964,61.133180630000005,142.0,2.654285384507042,376.90852459999996,0.5195688980985917,73.77878353000003,179.0,2.371706209497207,424.5354115,0.48186373927374293,86.25360932999999,34.0,2.2770827647058827,77.42081400000001,0.37192949705882355,12.6456029
US-SRM,2019,EVI,fixed,83.08720010676326,172.0,343.6630316505872,338.3555640987473,332.7874346785921,334.0677712396473,294.56845432911587,258.4285215957957,31.8214,WSA,89.0,2.08742802247191,185.781094,0.6299110495505618,56.06208341,20.886426966292134,323.59864044943816,21.214966292134832,16.764,87.0,1.4662763689655172,127.5660441,-0.5201550259770114,-45.253487259999986,163.0,1.4095726938650308,229.7603491,-0.21285450343558282,-34.69528406,23.69398773006135,234.6094846625767,20.562588957055215,265.424,175.0,1.7839534177142855,312.19184809999996,0.06171356325714287,10.799873570000003,211.0,1.836162175829384,387.43021910000004,0.13435093350710903,28.348046970000006,251.0,1.650940849003984,414.3861531,0.08509193932270916,21.358076769999997,36.0,2.0899547499999995,75.23837099999999,0.4874492611111111,17.5481734
US-SRM,2019,NIRv,fixed,83.17111216452626,172.0,343.24300667294415,337.82543532331186,332.1786012742045,329.9209673465896,292.23174878507,258.5372596708491,31.8214,WSA,89.0,2.08742802247191,185.781094,0.6299110495505618,56.06208341,20.886426966292134,323.59864044943816,21.214966292134832,16.764,87.0,1.4662763689655172,127.5660441,-0.5201550259770114,-45.253487259999986,158.0,1.441196329746835,227.70902009999995,-0.19932277886075947,-31.492999059999995,24.149582278481013,238.99786075949373,21.074765822784812,232.912,175.0,1.7839534177142855,312.19184809999996,0.06171356325714287,10.799873570000003,209.0,1.838555163157895,384.25802910000004,0.1302601529665072,27.224371970000004,246.0,1.6761578215447153,412.33482409999993,0.09983886898373984,24.56036177,34.0,2.119593558823529,72.06618099999999,0.48307348235294123,16.4244984
US-SRM,2020,NDVI,fixed,-2.6696788865332297,173.0,299.6336598136567,207.8956977238588,104.82613440402427,333.7154813582143,287.7205344689358,243.9876550342926,31.8214,WSA,176.0,0.8940046930635837,157.34482597919072,0.04337868000000001,7.634647680000001,17.406450867052023,254.02741618497106,17.24595953757225,81.91426589595376,71.0,0.37571731211267606,26.67592916,-0.5018696309859156,-35.63274380000001,161.0,0.1657346492546584,26.68327853,-0.4206911540372671,-67.7312758,25.97411801242236,245.58990062111803,27.85629813664596,58.926,246.0,0.7415140372839507,182.41245317185187,-0.11731356444444446,-28.85913685333334,290.0,0.6259478842160279,181.52488642264808,-0.15564515247386757,-45.13709421742159,336.0,0.5411269081981982,181.8186411545946,-0.18199918366366363,-61.15172571099098,44.0,-0.01229246113636364,-0.5408682900000001,-0.3673400590909091,-16.1629626
US-SRM,2020,EVI,fixed,18.06728289400049,173.0,304.9675933818702,251.88340878233123,205.6253165067028,334.0677712396473,294.56845432911587,258.4285215957957,31.8214,WSA,155.0,0.8987654890322582,139.3086508,0.03299753187096775,5.114617440000002,18.250006451612904,265.50790322580644,18.255593548387093,70.612,86.0,0.3261275612790698,28.04697027,-0.477778858139535,-41.08898180000001,162.0,0.16508671191358026,26.744047330000004,-0.419854350617284,-68.0164048,25.890438271604935,245.16378395061736,27.7646049382716,58.925999999999995,240.0,0.6925199627916666,166.20479107,-0.15147220150000001,-36.353328360000006,276.0,0.5918443314130435,163.34903547,-0.1778817643478261,-49.09536696000001,316.0,0.5218413548417721,164.90186812999997,-0.200255542278481,-63.28075136,36.0,-0.07932654444444445,-2.8557556,-0.3539455166666666,-12.742038599999999
US-SRM,2020,NIRv,fixed,54.27636538910275,173.0,290.55482194453367,253.45249796088208,215.9780269627904,329.9209673465896,292.23174878507,258.5372596708491,31.8214,WSA,119.0,0.8911353512605042,106.0451068,-0.01446760302521008,-1.7216447599999996,20.431764705882355,295.3954789915967,21.293647058823524,36.83,86.0,0.3261275612790698,28.04697027,-0.477778858139535,-41.08898180000001,157.0,0.1704548925477707,26.76141813,-0.423060196178344,-66.42045080000001,26.373974522292993,247.3971082802548,28.305184713375795,58.926,204.0,0.651672779754902,132.94124707,-0.21171367921568626,-43.18959056,238.0,0.5485669641596638,130.55893747,-0.23228082420168067,-55.28283616,275.0,0.4787479815636363,131.65569492999998,-0.2491674893090909,-68.52105956,34.0,-0.0700679294117647,-2.3823096,-0.35568369411764705,-12.0932456
US-SRM,2021,NDVI,fixed,-2.0,172.0,327.9537162260952,279.9527647593029,250.42270414732505,333.7154813582143,287.7205344689358,243.9876550342926,31.8214,WSA,175.0,-0.1394603990116279,-24.405569827034885,-0.40648849883720933,-71.13548729651163,17.90933139534884,268.4064360465116,19.726122093023253,59.18052325581396,72.0,3.0169212833333336,217.2183324,0.7323704305555556,52.730671,162.0,2.459083261728395,398.3714884,0.6887305588888889,111.57435054,23.304475308641972,234.4646790123456,18.17193209876543,379.99399999999997,246.0,0.7962096451440328,195.86757270543208,-0.06751303621399174,-16.608206908641968,290.0,1.1722847692334495,339.96258307770034,0.11771803205574913,34.138229296167246,336.0,1.1250213206306308,378.0071637318919,0.12744147669669673,42.8203361700901,44.0,3.249245113636364,142.96678500000002,1.1406987045454544,50.190743
US-SRM,2021,EVI,fixed,198.31479059723063,172.0,322.3956713025355,276.63029283771687,249.04205038711305,334.0677712396473,294.56845432911587,258.4285215957957,31.8214,WSA,,,,,,,,,,87.0,3.4403976137931034,299.3145924,0.9559141494252875,83.16453100000001,163.0,2.4459814257668713,398.69497240000004,0.6834767395092024,111.40670854,23.262865030674845,234.04253987730058,18.150361963190186,379.994,60.0,5.1611308,309.667848,2.055793383333333,123.34760299999998,96.0,3.94257753125,378.487443,1.5095350008333333,144.91536008,136.0,3.0077075588235296,409.048228,1.114630739264706,151.58978054,36.0,1.9116554166666664,68.81959499999999,0.5991043633333333,21.56775708
US-SRM,2021,NIRv,fixed,199.62260359825103,172.0,316.8825573137404,274.0091794270261,248.97586291010816,329.9209673465896,292.23174878507,258.5372596708491,31.8214,WSA,,,,,,,,,,87.0,3.4403976137931034,299.3145924,0.9559141494252875,83.16453100000001,158.0,2.50813100886076,396.2846994,0.7116518806329114,112.44099714000001,23.516246835443038,236.18672151898735,18.308386075949368,379.99399999999997,59.0,5.232304491525424,308.705965,2.108879372881356,124.423883,93.0,4.03489182795699,375.2449400000001,1.5618844847311828,145.25525708,130.0,3.1205851692307696,405.67607200000003,1.1823103780000002,153.70034914000001,34.0,1.957028676470588,66.538975,0.6126874729411764,20.83137408
US-SRM,2022,NDVI,fixed,173.29194052845912,172.0,334.4055518504975,283.91370279520834,250.01958273952383,333.7154813582143,287.7205344689358,243.9876550342926,31.8214,WSA,,,,,,,,,,72.0,3.7130781763888887,267.3416287,0.28948249166666656,20.842739399999992,162.0,2.8648201895061725,464.1008706999999,0.3708554731481481,60.07858664999999,22.235574074074073,226.33566666666664,16.146413580246914,353.318,70.0,3.7948325142857144,265.638276,0.3489941342857143,24.4295894,114.0,3.495802149122807,398.52144499999997,0.45327441842105265,51.6732837,160.0,2.8899844875,462.397518,0.3979089790625,63.665436650000004,44.0,3.020072022727273,132.883169,0.6191748704545454,27.2436943
US-SRM,2022,EVI,fixed,170.51709277112778,172.0,320.8138337832384,275.94137838172503,248.19663175731455,334.0677712396473,294.56845432911587,258.4285215957957,31.8214,WSA,,,,,,,,,,87.0,3.760617456321839,327.1737187,0.40395282068965516,35.1438954,163.0,2.8530633294478522,465.0493226999999,0.36905706349693246,60.15630134999999,22.17574233128834,225.81438650306745,16.113631901840492,353.318,88.0,3.727363746590909,328.0080097,0.3850522204545454,33.884595399999995,124.0,3.3660908766129034,417.39526870000003,0.38829598709677415,48.1487024,164.0,2.8407537420731708,465.8836137,0.3591280570121951,58.89700135,36.0,2.4829794166666677,89.38725900000003,0.3962251944444445,14.264107000000001
US-SRM,2022,NIRv,fixed,168.49012167735364,172.0,312.4080967456087,272.0724782235074,247.35473376224067,329.9209673465896,292.23174878507,258.5372596708491,31.8214,WSA,,,,,,,,,,87.0,3.760617456321839,327.1737187,0.40395282068965516,35.1438954,158.0,2.919446934810127,461.2726157,0.37903620854430375,59.887720949999995,22.506183544303795,227.71270886075945,16.268696202531643,353.318,90.0,3.654161796666666,328.87456169999996,0.3510883933333333,31.597955399999996,124.0,3.3316164572580647,413.1204407,0.36578556774193555,45.357410400000006,161.0,2.875611544720497,462.9734587,0.34994895,56.34178095,34.0,2.4778199705882358,84.24587900000002,0.4046898529411765,13.759455
US-SRM,2023,EVI,fixed,51.087170152620594,172.0,357.82618707677017,321.74885501590245,278.4102215774146,334.0677712396473,294.56845432911587,258.4285215957957,31.8214,WSA,121.0,0.5943027170247933,71.91062876,-0.16096844479338845,-19.477181820000002,18.957719008264466,303.0394297520661,19.466694214876036,47.752,87.0,1.7284321896091954,150.373600496,-0.43671090574712657,-37.99384880000001,163.0,1.0568073475828221,172.259597656,-0.3080088495092025,-50.20544247000001,25.01359509202454,252.49560736196318,24.357484662576685,177.04200000000003,207.0,1.0736810365024154,222.251974556,-0.2762917179710145,-57.192385619999996,243.0,0.9736692194074074,236.60162031599998,-0.24958388691358022,-60.648884519999996,283.0,0.862678345286219,244.13797171599998,-0.24524374307420493,-69.40397929,36.0,0.3986012711111111,14.34964576,-0.09601385833333333,-3.4564988999999997
US-SRM,2023,NIRv,fixed,53.98363180578522,172.0,357.4971049202766,320.54012391094346,277.12201432949604,329.9209673465896,292.23174878507,258.5372596708491,31.8214,WSA,119.0,0.6051309870588236,72.01058746000001,-0.15078988924369746,-17.94399682,19.108008403361346,306.1460840336135,19.72299159663866,36.957,87.0,1.7284321896091954,150.373600496,-0.43671090574712657,-37.99384880000001,158.0,1.086875526936709,171.726333256,-0.3163797814556962,-49.98800547,25.408822784810127,255.73143670886077,24.857759493670883,177.042,205.0,1.0846435768585365,222.351933256,-0.27150829570731705,-55.65920061999999,239.0,0.9894087147112969,236.46868281599995,-0.24516479715481174,-58.59438652000001,276.0,0.8829879203478261,243.704666016,-0.24512085974637682,-67.65335729,34.0,0.41519851647058825,14.11674956,-0.08632899705882352,-2.9351858999999996
US-SRM,2024,EVI,fixed,34.0295383197266,173.0,342.6648533206895,285.9327580625398,232.384473338102,334.0677712396473,294.56845432911587,258.4285215957957,31.8214,WSA,139.0,0.9621099690647481,133.73328569999998,0.2196405562589928,30.530037319999998,18.391697841726618,290.5541151079137,18.791575539568345,111.756,86.0,1.7644542558139535,151.743066,-0.3327434279651162,-28.61593480499999,162.0,1.0207775026543209,165.36595542999999,-0.2378228142962963,-38.527295916,24.75758024691358,252.147012345679,23.560956790123456,203.442,224.0,1.274918860267857,285.58182469999997,0.022923939799107167,5.134962515000005,260.0,1.1288063301153848,293.48964583000003,-0.012027741138461542,-3.127212696000001,300.0,0.9973490471,299.20471413,-0.01592132865333332,-4.776398595999996,36.0,0.21966169805555558,7.90782113,-0.2295048669722222,-8.262175210999999
US-SRM,2024,NIRv,fixed,42.4764166365451,173.0,341.8642549835027,284.3097799889674,231.74691030437853,329.9209673465896,292.23174878507,258.5372596708491,31.8214,WSA,131.0,1.0246629610687024,134.23084790000001,0.2557766512977099,33.506741319999996,18.99635114503817,299.1423282442748,19.590877862595416,86.102,86.0,1.7644542558139535,151.743066,-0.3327434279651162,-28.61593480499999,157.0,1.0451694231210191,164.09159943,-0.2513222415031847,-39.457591916,25.07410828025478,256.31703184713376,23.955649681528666,203.442,216.0,1.3244416060185187,286.07938690000003,0.037554011643518535,8.111666515000003,250.0,1.1742355721200002,293.55889303000004,-0.0014865139839999983,-0.3716284959999996,287.0,1.0398185377351916,298.42792033,-0.00951216235540071,-2.729990596000004,34.0,0.2199854744117647,7.47950613,-0.24950867679411762,-8.483295011
US-SRM,2025,NDVI,fixed,1.0,172.0,347.1283107107731,297.1481954108307,257.25288543097736,333.7154813582143,287.7205344689358,243.9876550342926,31.8214,WSA,172.0,-0.31320007433139535,-53.870412785,-0.456910675,-78.5886361,17.712052325581396,277.27448255813954,19.126767441860462,40.385999999999996,72.0,0.6114223916666667,44.0224122,-0.6963232093055556,-50.13527107,162.0,0.5932840555555556,96.11201700000001,-0.3036600451234568,-49.19292731,24.831462962962966,246.48579629629634,22.56415432098765,218.692,243.0,-0.04103552915637857,-9.971633584999992,-0.5280038031687242,-128.30492417,287.0,0.07330911956445992,21.039717314999997,-0.4673562493728222,-134.13124356999998,333.0,0.12648039403903905,42.117971215000004,-0.38247021144144144,-127.36258041,44.0,0.7048034295454545,31.011350899999996,-0.13241635,-5.826319399999999
US-SRM,2025,EVI,fixed,1.0,172.0,339.7034277343987,284.3960446557142,243.85812830663147,334.0677712396473,294.56845432911587,258.4285215957957,31.8214,WSA,172.0,-0.31320007433139535,-53.870412785,-0.456910675,-78.5886361,17.712052325581396,277.27448255813954,19.126767441860462,40.385999999999996,87.0,0.6640284045977011,57.770471199999996,-0.5977400916091955,-52.003387970000006,163.0,0.5911568650306749,96.358569,-0.30098265834355825,-49.060173309999996,24.766073619631907,245.9931165644172,22.497730061349692,218.69200000000004,258.0,0.014637307810077542,3.7764254150000056,-0.5045466708139535,-130.17304107,294.0,0.09350135821428572,27.489399315000004,-0.45012813629251697,-132.33767207,334.0,0.1268398898652695,42.36452321500001,-0.3809276239820359,-127.22982640999999,36.0,0.6586937194444444,23.7129739,-0.06012863888888886,-2.164630999999999
US-SRM,2025,NIRv,fixed,147.8985472759776,172.0,331.445283565404,280.70587960665523,240.8349278836636,329.9209673465896,292.23174878507,258.5372596708491,31.8214,WSA,25.0,-0.39234751959999997,-9.80868799,-0.97481908,-24.370476999999998,28.27772,349.33575999999994,34.11304,20.32,87.0,0.6640284045977011,57.770471199999996,-0.5977400916091955,-52.003387970000006,158.0,0.6021788734177215,95.144262,-0.313843480443038,-49.58726991,25.07284810126582,248.46593037974682,22.838430379746836,218.69199999999998,111.0,0.43097432621621623,47.83815021,-0.6842782159459458,-75.95488196999999,145.0,0.48188022144827586,69.87263211,-0.544874110137931,-79.00674597,182.0,0.4681974780769231,85.21194101,-0.40405914236263735,-73.53876391,34.0,0.6480729970588235,22.0344819,-0.08976070588235292,-3.0518639999999992
US-Seg,2013,NDVI,fixed,184.4276398653569,172.0,348.6479865504782,298.6675927224705,263.5707004485535,322.59289319025197,285.50235407289625,256.0957287608355,34.3603,GRA,,,,,,,,,,85.0,1.7916698788117649,152.291939699,0.5831020164705882,49.5636714,151.0,1.6014317112516556,241.816188399,0.5287381150331126,79.83945537000001,19.322880794701987,247.11517218543048,14.760741721854304,255.27299999999997,72.0,2.085488745833333,150.1551897,0.7063146597222222,50.8546555,101.0,2.1747909871287128,219.65388969999998,0.7866354603960397,79.45018150000001,138.0,1.736807524637681,239.67943839999998,0.587901735289855,81.13043946999998,29.0,2.3965068965517244,69.49870000000001,0.9860526206896552,28.595526
US-Seg,2013,EVI,fixed,209.71944276484209,172.0,327.84807810956266,297.13360748626746,266.43954367372703,325.8321448111727,289.5452086709114,258.3262098176573,34.3603,GRA,,,,,,,,,,87.0,1.798326088494253,156.454369699,0.5819822114942529,50.6324524,154.0,1.572399211681818,242.14947859899996,0.5125563400649351,78.93367637,19.113064935064937,244.11493506493505,14.556649350649348,259.893,49.0,2.7323197142857145,133.883666,1.0935501795918368,53.5839588,80.0,2.55969895,204.775916,1.0473400975,83.7872078,116.0,1.8929204732758622,219.5787749,0.7059067480172414,81.88518277,31.0,2.2868467741935485,70.89225,0.9742983548387096,30.203249
US-Seg,2013,NIRv,fixed,209.67989173788877,172.0,320.7957051322672,294.53891060907955,268.3536971714701,326.1735157376182,290.95149841849786,258.79064618260776,34.3603,GRA,,,,,,,,,,87.0,1.798326088494253,156.454369699,0.5819822114942529,50.6324524,155.0,1.5590784361225805,241.65715759899996,0.5044496798064516,78.18970037,18.984896774193547,242.68892903225807,14.47269677419355,259.893,49.0,2.7323197142857145,133.883666,1.0935501795918368,53.5839588,81.0,2.5396745679012347,205.71364,1.0401482814814815,84.25201080000001,117.0,1.872533794017094,219.0864539,0.6935145877777777,81.14120677,32.0,2.2446866875,71.829974,0.958376625,30.668052
US-Seg,2014,NDVI,fixed,216.04783987744565,172.0,316.13885850697983,300.6092506542069,276.57453433591587,322.59289319025197,285.50235407289625,256.0957287608355,34.3603,GRA,,,,,,,,,,85.0,1.2369242755294116,105.13856341999998,0.0816663294117647,6.941637999999999,151.0,1.2488916451655632,188.58263842000005,0.18285395761589407,27.610947600000003,18.725344370860928,240.91405960264902,14.02162251655629,205.532,40.0,2.4720776,98.883104,0.7110444875,28.441779500000003,69.0,2.234977246376812,154.21343000000005,0.6236745695652173,43.03354529999999,106.0,1.720067726415094,182.32717899999997,0.4633121613207547,49.1110891,29.0,1.9079422758620692,55.33032600000001,0.5031643379310344,14.5917658
US-Seg,2014,EVI,fixed,228.2307648924215,172.0,309.0559210049552,289.3952305329033,266.933297343904,325.8321448111727,289.5452086709114,258.3262098176573,34.3603,GRA,,,,,,,,,,87.0,1.2332382232183905,107.29172541999998,0.08370952298850574,7.2827285,154.0,1.230525113116883,189.50086742,0.18005150909090908,27.7279324,18.429415584415583,238.9424415584416,13.851720779220779,205.53199999999998,30.0,2.4685740666666667,74.057222,0.8102014833333333,24.3060445,61.0,2.1742486229508198,132.629166,0.6642520786885245,40.519376799999996,97.0,1.610993443298969,156.26636399999998,0.46135307628865974,44.751248399999994,31.0,1.8894175483870967,58.571944,0.5230107193548387,16.213332299999998
US-Seg,2014,NIRv,fixed,223.51340307153737,172.0,301.3695160416592,284.82077033920353,267.7983805780722,326.1735157376182,290.95149841849786,258.79064618260776,34.3603,GRA,,,,,,,,,,87.0,1.2332382232183905,107.29172541999998,0.08370952298850574,7.2827285,155.0,1.2248683381935483,189.85459242,0.17875498967741935,27.707023399999997,18.34530967741935,238.42516129032265,13.80365806451613,205.532,35.0,2.502663485714286,87.59322200000001,0.7843433,27.452015499999998,67.0,2.199769791044776,147.384576,0.6562704597014923,43.97012079999999,103.0,1.6520008640776693,170.15608899999995,0.4648185475728155,47.876310399999994,32.0,1.8684798125000002,59.791354000000005,0.516190790625,16.5181053
US-Seg,2015,NDVI,fixed,66.07767340028921,172.0,319.9457170628316,290.89360377255133,264.755638049655,322.59289319025197,285.50235407289625,256.0957287608355,34.3603,GRA,106.0,0.7749532396226415,82.1450434,0.20661187679245285,21.900858940000003,15.460839622641508,280.2690754716981,13.41206603773585,75.174,85.0,0.8314932776470588,70.6769286,-0.031966900823529404,-2.7171865699999995,151.0,0.5229575729139072,78.96659351,-0.10578741788079471,-15.973900100000002,19.17288741721854,234.8315894039735,14.235814569536425,156.93599999999998,190.0,0.798206747368421,151.659282,0.10052363510526316,19.09949067,219.0,0.7183383561643836,157.3161,0.078269657716895,17.141055040000005,256.0,0.6248005738671876,159.94894691000002,0.022823348203124982,5.8427771399999955,29.0,0.1950626896551724,5.6568179999999995,-0.06753226310344829,-1.9584356300000003
US-Seg,2015,EVI,fixed,33.856064430272546,172.0,332.1845915845876,296.2319719550133,263.10375260231973,325.8321448111727,289.5452086709114,258.3262098176573,34.3603,GRA,139.0,0.6131582179856117,85.22899230000002,0.14623787115107917,20.327064090000004,13.084446043165467,256.2806978417267,11.67956834532374,80.12,87.0,0.8162364551724138,71.0125716,-0.03189513413793102,-2.7748766699999985,154.0,0.515084176038961,79.32296310999999,-0.10975078636363639,-16.901621100000003,18.895435064935064,233.46904545454547,14.048337662337662,156.93599999999998,225.0,0.6892394395555557,155.07887390000002,0.07763558097777778,17.46800572,256.0,0.6279782957031249,160.76244369999998,0.0567347194921875,14.52408819,292.0,0.5595522788013698,163.38926540999998,0.011442675650684927,3.341261289999999,31.0,0.18334096129032254,5.683569799999999,-0.09496508161290325,-2.9439175300000007
US-Seg,2015,NIRv,fixed,34.55606305359667,172.0,327.5438178371734,294.42595435779367,263.2224359584666,326.1735157376182,290.95149841849786,258.79064618260776,34.3603,GRA,138.0,0.6187631253623188,85.3893113,0.1490201963043478,20.564787089999996,13.146246376811593,256.82570289855073,11.73076086956522,80.12,87.0,0.8162364551724138,71.0125716,-0.03189513413793102,-2.7748766699999985,155.0,0.5125186394193548,79.44038911,-0.10985339419354839,-17.0272761,18.78005161290323,233.0441419354839,13.983645161290324,156.93599999999998,224.0,0.6930321111607142,155.23919289999998,0.07904343178571428,17.70572872,256.0,0.629705358203125,161.2045717,0.057274190585937496,14.662192789999999,292.0,0.5605034603082193,163.66701041000005,0.011826470171232862,3.4533292899999957,32.0,0.1864180875,5.9653788,-0.0951104978125,-3.04353593
US-Seg,2016,NDVI,fixed,211.78124126799847,173.0,287.1101941257918,264.02438201652103,249.99004362659207,322.59289319025197,285.50235407289625,256.0957287608355,34.3603,GRA,,,,,,,,,,84.0,1.378863988095238,115.824575,0.23358688226190474,19.621298109999998,150.0,0.9338072983333334,140.07109475000001,0.05807455002,8.711182503,20.06628,245.33820666666668,15.750813333333332,133.75,45.0,1.9509099777777774,87.79094899999998,0.4025083424444444,18.112875409999997,74.0,1.4243884527027029,105.40474550000002,0.2329556392297297,17.238717302999998,111.0,1.0093465653153155,112.03746875000002,0.06488972795495496,7.202759803,29.0,0.6073722931034482,17.6137965,-0.030143383000000003,-0.8741581070000001
US-Seg,2016,EVI,fixed,53.66944309125351,173.0,325.4402301464752,295.41860541634804,268.69260257397315,325.8321448111727,289.5452086709114,258.3262098176573,34.3603,GRA,120.0,1.0337080975,124.04497169999999,0.34491394808333337,41.38967377,14.8125,282.2186416666666,14.239925,24.287,86.0,1.3765966860465115,118.38731499999999,0.2306259315116279,19.83383011,153.0,0.9172694950980391,140.34223275,0.054726248385620915,8.373116003,19.77202614379085,243.72201960784312,15.560254901960784,133.75,205.0,1.1764257887804876,241.16728669999998,0.2968284628292683,60.849834879999996,236.0,1.0903164415254236,257.3146802,0.25064657319067796,59.152591273,272.0,0.9673610457720587,263.12220444999997,0.1815776499007353,49.389120773,31.0,0.5208836612903226,16.1473935,-0.05474979377419355,-1.6972436069999999
US-Seg,2016,NIRv,fixed,50.15510109955288,173.0,327.69146335415064,296.59301946063954,268.12759122215886,326.1735157376182,290.95149841849786,258.79064618260776,34.3603,GRA,123.0,1.0128354447154473,124.57875970000002,0.33330183552845527,40.99612577,14.679333333333334,280.08437398373974,14.106390243902437,24.287,86.0,1.3765966860465115,118.38731499999999,0.2306259315116279,19.83383011,154.0,0.9115048704545454,140.37175005,0.053179415603896114,8.189630003000001,19.705694805194803,242.75236363636364,15.486662337662336,140.45399999999998,208.0,1.1620243975961537,241.70107469999996,0.2906552253846154,60.45628688000001,240.0,1.0761025758333334,258.26461820000003,0.24464943155416666,58.715863573,276.0,0.9553822817028985,263.68550975,0.17685538685869565,48.812086773,32.0,0.517610734375,16.5635435,-0.05438822834375001,-1.7404233070000004
US-Seg,2017,NDVI,fixed,193.37211846516396,172.0,349.2699452670085,302.5580108095169,259.2496967155612,322.59289319025197,285.50235407289625,256.0957287608355,34.3603,GRA,,,,,,,,,,85.0,1.3983680799999998,118.86128679999999,0.26537293482352947,22.556699460000004,151.0,1.0866322046357615,164.0814629,0.16217127766887415,24.487862928,19.740152317880796,247.23225827814568,15.562072847682119,193.20899999999997,63.0,1.7967683412698412,113.1964055,0.43089976412698416,27.146685140000002,92.0,1.425159060869565,131.1146336,0.2538037395652174,23.34994404,129.0,1.2280355162790695,158.41658159999997,0.22540967913178295,29.077848608,29.0,0.6178699344827586,17.9182281,-0.1309221068965517,-3.7967410999999993
US-Seg,2017,EVI,fixed,179.88109024035086,172.0,341.8516316497551,295.62878550934744,260.02305482770544,325.8321448111727,289.5452086709114,258.3262098176573,34.3603,GRA,,,,,,,,,,87.0,1.3711079172413791,119.28638879999998,0.25650318344827594,22.315776960000008,154.0,1.0687496032467532,164.5874389,0.15802519953246752,24.335880728,19.43554545454546,245.4655194805195,15.39501298701299,193.20899999999997,79.0,1.4779894278481012,116.76116479999999,0.2910374220253165,22.991956340000005,110.0,1.2585179081818176,138.43696989999995,0.1822692258181818,20.04961484,146.0,1.110015170547945,162.0622149,0.17131548019178083,25.012060108,31.0,0.6992195193548387,21.6758051,-0.09491424193548387,-2.9423415
US-Seg,2017,NIRv,fixed,60.98102659898263,172.0,358.9888223538427,323.1131960834253,282.9997764107197,326.1735157376182,290.95149841849786,258.79064618260776,34.3603,GRA,112.0,0.6442908339285714,72.1605734,0.20017058414642858,22.4191054244,16.14708035714286,295.04810714285713,15.567142857142857,35.646,87.0,1.3711079172413791,119.28638879999998,0.25650318344827594,22.315776960000008,155.0,1.063101973548387,164.7808059,0.1567776382451613,24.300533928000004,19.353445161290328,244.86401290322578,15.333993548387099,193.20899999999997,198.0,0.9646814909090908,191.0069352,0.22590138365858586,44.7284739644,230.0,0.9294727404347826,213.77873029999998,0.1827596411495652,42.034717464399996,266.0,0.8891028281954888,236.5013523,0.17561365012180452,46.7132309324,32.0,0.711618596875,22.7717951,-0.084179890625,-2.6937565
US-Seg,2018,NDVI,fixed,186.2962000420983,172.0,308.57596412838785,268.7663503230199,240.18612818038,322.59289319025197,285.50235407289625,256.0957287608355,34.3603,GRA,,,,,,,,,,85.0,1.4823474494117646,125.99953319999999,0.3535788,30.054198000000003,151.0,0.9653247333774835,145.76403474,0.2074732176821192,31.32845587,19.309370860927153,244.90656291390727,15.449754966887417,215.402,70.0,1.723168114285714,120.62176799999999,0.46057258857142863,32.240081200000006,99.0,1.3763207862626265,136.25575784000003,0.3620188382828282,35.839864989999995,136.0,1.0322519819117648,140.38626954,0.24642896374999998,33.51433907,29.0,0.5391030979310345,15.63398984,0.12413047551724138,3.59978379
US-Seg,2018,EVI,fixed,181.41992070664,172.0,290.2468753904696,264.79662983217304,242.4491804556841,325.8321448111727,289.5452086709114,258.3262098176573,34.3603,GRA,,,,,,,,,,87.0,1.4606265540229884,127.07451019999999,0.34717847126436785,30.204527000000002,154.0,0.9466253733116882,145.78030748999998,0.20288931603896104,31.244954670000002,18.993844155844158,243.3922532467532,15.249032467532468,215.402,77.0,1.6065719337662334,123.70603889999997,0.4088446792207793,31.481040300000004,108.0,1.2786994170370372,138.09953704,0.31328370453703697,33.83464008999999,144.0,0.9889710846527778,142.41183619,0.22584352756944448,32.52146797,31.0,0.4643063916129032,14.39349814,0.07592257387096775,2.35359979
US-Seg,2018,NIRv,fixed,175.6186351437344,172.0,286.31917701660626,260.2074077193973,239.01780505229425,326.1735157376182,290.95149841849786,258.79064618260776,34.3603,GRA,,,,,,,,,,87.0,1.4606265540229884,127.07451019999999,0.34717847126436785,30.204527000000002,155.0,0.9402297463870967,145.73561069,0.20092212045161292,31.142928670000003,18.893767741935484,242.14510967741936,15.178845161290322,215.40200000000002,83.0,1.5053611831325302,124.94497820000001,0.37255521686746995,30.922083000000008,115.0,1.2098490377391304,139.13263934,0.2853686242608695,32.817391789999995,151.0,0.9510336337086093,143.60607869,0.21099658721854306,31.86048467,32.0,0.443364410625,14.18766114,0.0592283996875,1.89530879
US-Seg,2019,NDVI,fixed,91.72609749020734,172.0,319.3734648580603,305.55150296636333,291.7219678583595,322.59289319025197,285.50235407289625,256.0957287608355,34.3603,GRA,81.0,1.0515939259259257,85.17910799999999,0.3907424654320988,31.6501397,16.94843209876543,294.82665432098764,15.339160493827164,42.08800000000001,85.0,0.4453050376470587,37.85092819999999,-0.14532750576470585,-12.352837989999998,151.0,0.39849260728476826,60.172383700000005,-0.0802766872781457,-12.121779779,19.55339735099338,253.5136291390729,17.285668874172185,111.76,165.0,0.7437851345454545,122.72454719999999,0.11659047703030305,19.237428710000003,194.0,0.7113629675257732,138.0044157,0.09170009695876291,17.789818810000003,231.0,0.6279047735930735,145.04600269999997,0.08427916416017316,19.468486921,29.0,0.5268920172413794,15.279868500000001,-0.04991758275862069,-1.4476099
US-Seg,2019,EVI,fixed,88.15784256888787,172.0,324.54462404626145,301.4210025731892,277.9874690015956,325.8321448111727,289.5452086709114,258.3262098176573,34.3603,GRA,84.0,1.0390138928571429,87.277167,0.391999305952381,32.927941700000005,16.560404761904763,292.60797619047617,14.978583333333333,48.184000000000005,87.0,0.4324851275862068,37.62620609999999,-0.1573029768965517,-13.685358989999997,154.0,0.3916997707792208,60.3217647,-0.0866856173961039,-13.349585079000002,19.35151948051948,250.37861038961037,17.040396103896104,138.938,170.0,0.73292873,124.5978841,0.11283946888235295,19.18270971,201.0,0.7051626900497513,141.7377007,0.09702281497512438,19.50158581,237.0,0.6214913194092827,147.2934427,0.08235647097468356,19.518483621,31.0,0.5528973096774193,17.1398166,0.01028632580645162,0.3188761000000002
US-Seg,2019,NIRv,fixed,70.47559544691435,172.0,332.9275961186109,297.7798985609468,259.3756714287514,326.1735157376182,290.95149841849786,258.79064618260776,34.3603,GRA,102.0,0.9389846892156861,95.77643829999998,0.3531408078431373,36.0203624,15.370754901960787,283.5665294117647,13.85479411764706,55.80400000000001,87.0,0.4324851275862068,37.62620609999999,-0.1573029768965517,-13.685358989999997,155.0,0.3899764690322581,60.4463527,-0.08797060050967742,-13.635443079,19.251967741935484,249.61192258064514,16.945277419354838,138.938,188.0,0.7079635925531913,133.09715539999996,0.11848473622340427,22.275130410000003,220.0,0.6843828681818183,150.564231,0.1030609855,22.67341681,256.0,0.6090519609375,155.917302,0.08720721219140626,22.325046321000002,32.0,0.5458461125,17.4670756,0.012446450000000005,0.39828640000000015
US-Seg,2020,NDVI,fixed,211.24173773435916,173.0,306.77521236734145,264.9231941755492,232.3430403301521,322.59289319025197,285.50235407289625,256.0957287608355,34.3603,GRA,,,,,,,,,,84.0,0.37553184333333334,31.54467484,-0.21542580476190473,-18.0957676,150.0,0.17223834457333334,25.835751686000002,-0.2039890760666667,-30.598361410000003,20.361186666666665,240.4999,19.140853333333332,101.28399999999999,45.0,0.6012578786666667,27.056604540000002,-0.09752172444444444,-4.3884776,74.0,0.36940824513513515,27.336210140000002,-0.13505844986486487,-9.99432529,111.0,0.1923214539279279,21.347681385999998,-0.1521718145045045,-16.891071410000002,29.0,0.009641572413793096,0.2796055999999998,-0.19330509275862065,-5.605847689999999
US-Seg,2020,EVI,fixed,64.1623074563761,173.0,347.3019665189688,291.9607786970444,244.18304083234196,325.8321448111727,289.5452086709114,258.3262098176573,34.3603,GRA,109.0,0.6514249122018348,71.00531543,0.20633209522935778,22.49019838,17.139816513761467,279.7727247706422,16.399091743119264,26.472,86.0,0.3726929865116279,32.05159684,-0.22053572790697676,-18.9660726,153.0,0.16541220971241835,25.30806808600001,-0.20349296215686274,-31.13442321,20.24673202614379,238.77167320261438,19.007470588235293,101.28399999999999,194.0,0.5303208879896907,102.88225227,0.01844973391752577,3.5792483799999992,225.0,0.4548706323111111,102.34589227,-0.006512631600000023,-1.4653421100000052,261.0,0.3683475996781609,96.13872351599998,-0.03290843766283526,-8.589102230000002,31.0,-0.01730193548387097,-0.5363600000000001,-0.1627287254838709,-5.044590489999998
US-Seg,2020,NIRv,fixed,54.9115266528123,173.0,349.24404860574253,293.37562167144057,242.60542634871348,326.1735157376182,290.95149841849786,258.79064618260776,34.3603,GRA,119.0,0.6027092131092435,71.72239635999998,0.1850147611764706,22.01675658,16.133159663865545,274.77505042016804,15.57600840336134,26.472,86.0,0.3726929865116279,32.05159684,-0.22053572790697676,-18.9660726,154.0,0.1637848641948052,25.222869086000003,-0.20292055980519483,-31.249766210000004,20.197480519480518,238.1497077922078,18.948506493506493,101.28399999999999,204.0,0.5078398686274511,103.59933320000003,0.01522454205882351,3.105806579999996,236.0,0.43708350127118645,103.1517063,-0.007839202584745762,-1.8500518099999999,272.0,0.3557742847279412,96.770605446,-0.03374223172794116,-9.177887029999997,32.0,-0.013988340625000003,-0.4476269000000001,-0.15487057468749998,-4.9558583899999995
US-Seg,2021,NDVI,fixed,-7.0,172.0,346.4599232495895,296.8561921946038,261.92661795879224,322.59289319025197,285.50235407289625,256.0957287608355,34.3603,GRA,180.0,-0.03432609702906975,-6.178697465232555,-0.13786959651162792,-24.816527372093024,11.737988372093024,244.6610465116279,12.820494186046512,7.3423255813953485,85.0,1.667025027858824,141.69712736800003,0.3499126294117647,29.7425735,151.0,1.1510391905165562,173.806917768,0.25308190794701985,38.2153681,19.142887417218542,245.97337748344373,14.506609271523178,184.14999999999998,264.0,0.5294158776523439,139.76579170021878,0.02304947226562501,6.085060678125003,293.0,0.5648429322070175,165.49897913665615,0.041241909824561405,12.083879578596491,330.0,0.5206219101832299,171.80523036046586,0.04463807298136647,14.730564083850934,29.0,0.8775783103448277,25.449771000000002,0.20183722068965518,5.8532794
US-Seg,2021,EVI,fixed,169.8309623521763,172.0,339.31287016777515,291.7584637452133,260.293897731445,325.8321448111727,289.5452086709114,258.3262098176573,34.3603,GRA,,,,,,,,,,87.0,1.6570380157241382,144.16230736800003,0.34774429310344823,30.253753499999995,154.0,1.1306577088831171,174.12128716800004,0.2501930896103896,38.5297358,18.915642857142856,243.8427922077922,14.37083116883117,184.15,89.0,1.6245621951460676,144.586035368,0.3420357269662921,30.441179699999996,120.0,1.4062998530666668,168.75598236800002,0.3001126425,36.0135171,156.0,1.1188783023589746,174.54501516800002,0.2481869358974359,38.717162,31.0,0.7796757096774196,24.169947000000008,0.1797528193548387,5.572337399999999
US-Seg,2021,NIRv,fixed,161.91913666299416,172.0,334.40591772249206,290.6664855080923,260.5252429505168,326.1735157376182,290.95149841849786,258.79064618260776,34.3603,GRA,11.0,0.3486872727272727,3.8355599999999996,0.17044985454545455,1.8749484,27.991,339.2307272727273,33.14536363636363,0.0,87.0,1.6570380157241382,144.16230736800003,0.34774429310344823,30.253753499999995,155.0,1.1241776075354841,174.24752916800003,0.24939339870967744,38.655976800000005,18.809612903225805,243.3394129032258,14.308451612903228,184.14999999999998,97.0,1.5230442615257733,147.73529336800001,0.32990065876288666,32.0003639,129.0,1.3347658788217056,172.18479836800003,0.29144507131782943,37.5964142,165.0,1.0777000919272726,177.820515168,0.24486416484848483,40.4025872,32.0,0.7640470312500001,24.449505000000002,0.174876571875,5.5960503
US-Seg,2022,NDVI,fixed,-5.0,172.0,319.2987641650532,267.638608335517,237.99177698664565,322.59289319025197,285.50235407289625,256.0957287608355,34.3603,GRA,178.0,-0.05193684877906976,-9.244759082674417,-0.12228969302790696,-21.76756535896744,11.485988372093022,254.3861976744186,13.171162790697675,36.27474418604651,85.0,1.2094730894117647,102.8052126,0.13186028352941176,11.2081241,151.0,0.6512649505960264,98.34100753999999,-0.05803114105960268,-8.762702300000004,18.684827814569537,233.18804635761592,13.454443708609272,215.24,262.0,0.36472620160156255,95.55826481960939,-0.036166066799999994,-9.475509501599998,291.0,0.3094468871929824,90.04904417315788,-0.0832162459677193,-24.215927576606315,328.0,0.2761046663043478,90.5623305478261,-0.09077434627577641,-29.773985578454663,29.0,-0.17853602620689657,-5.177544760000001,-0.4985557586206896,-14.458117
US-Seg,2022,EVI,fixed,166.5632189993554,172.0,286.6221955672209,258.7970154359044,241.0461461864646,325.8321448111727,289.5452086709114,258.3262098176573,34.3603,GRA,6.0,-0.2535776666666667,-1.5214660000000002,-0.9309098333333333,-5.585459,22.229333333333333,268.2103333333334,15.411666666666667,16.256,87.0,1.1717101908045977,101.9387866,0.11402420804597702,9.9201061,154.0,0.6335060814285713,97.55993653999998,-0.06257100194805196,-9.6359343,18.307155844155844,231.8553961038961,13.26144805194805,215.24000000000004,92.0,1.0860342782608696,99.91515360000001,0.05328083804347827,4.901837100000001,123.0,0.7872166978861788,96.82765383999998,-0.07133114552845529,-8.7737309,159.0,0.6008572549685534,95.53630353999998,-0.09216480062893083,-14.654203300000002,31.0,-0.09959676645161292,-3.0874997600000005,-0.44114735483870965,-13.675567999999998
US-Seg,2022,NIRv,fixed,143.2769033443791,172.0,283.9293106616249,263.4401933135942,246.2989904407896,326.1735157376182,290.95149841849786,258.79064618260776,34.3603,GRA,29.0,-0.17974053206896554,-5.2124754300000005,-0.3421316689655172,-9.9218184,23.55051724137931,315.4985862068966,24.214172413793104,16.51,87.0,1.1717101908045977,101.9387866,0.11402420804597702,9.9201061,155.0,0.6280372163870968,97.34576854,-0.06365055032258067,-9.865835300000004,18.184851612903227,231.1621870967742,13.201490322580643,215.24,115.0,0.8367316884347827,96.22414417000002,0.004917197391304363,0.5654777000000017,147.0,0.6350899959863946,93.35822941,-0.08975182176870747,-13.193517799999999,183.0,0.5007165361202185,91.63112610999998,-0.105029856284153,-19.2204637,32.0,-0.08955983625,-2.86591476,-0.42996860937500003,-13.758995500000001
US-Seg,2023,NDVI,fixed,216.011172540014,172.0,311.5389220555012,290.32993169186443,276.4677275911618,322.59289319025197,285.50235407289625,256.0957287608355,34.3603,GRA,,,,,,,,,,85.0,0.3486483294117647,29.635108,0.041033483764705884,3.4878461200000004,151.0,0.47583576490066226,71.8512005,0.10323855311258279,15.589021520000001,21.993894039735103,264.44966225165564,21.190986754966886,56.896,40.0,0.6273845225000001,25.095380900000002,0.09880881324999999,3.9523525299999998,69.0,0.8583379260869566,59.2253169,0.23437225985507246,16.17168593,106.0,0.6350139,67.3114734,0.15144837669811323,16.05352793,29.0,1.1768943448275861,34.129936,0.42135632413793106,12.2193334
US-Seg,2023,EVI,fixed,71.64198249313175,172.0,331.095254445579,308.6615440495027,287.8706150593774,325.8321448111727,289.5452086709114,258.3262098176573,34.3603,GRA,101.0,0.49170287277227726,49.66199015,0.21514092732673262,21.729233659999995,15.382475247524752,306.61179207920793,14.795683168316833,22.098,87.0,0.3478375172413793,30.261864,0.03128602436781609,2.72188412,154.0,0.4664065285714286,71.8266054,0.09765339298701299,15.03862252,21.716435064935066,261.97900000000004,20.843954545454547,58.166000000000004,187.0,0.42664474946524067,79.78256815,0.1309261362566845,24.48318748,218.0,0.5249679685779817,114.44301715,0.1741975205504587,37.97505948,254.0,0.4777453131889764,121.34730955,0.14488159795275593,36.79992588,31.0,1.118079,34.660449,0.43522167741935486,13.491872
US-Seg,2023,NIRv,fixed,40.65735832538616,172.0,345.2310320797891,316.290935333439,289.23095206237025,326.1735157376182,290.95149841849786,258.79064618260776,34.3603,GRA,132.0,0.3228024387121212,42.609921910000004,0.09363290954545453,12.359544059999998,13.217386363636363,279.5513409090909,12.84331818181818,35.05199999999999,87.0,0.3478375172413793,30.261864,0.03128602436781609,2.72188412,155.0,0.46513656387096775,72.0961674,0.09722295948387097,15.06955872,21.611632258064514,261.3870387096774,20.734858064516132,58.166000000000004,218.0,0.33362614637614674,72.73049990999999,0.0693279719266055,15.113497879999999,250.0,0.43075908764,107.68977190999999,0.11468288312,28.67072078,286.0,0.40057623534965037,114.56480331,0.09601808559440558,27.46117248,32.0,1.09247725,34.959272,0.423663215625,13.5572229
US-Seg,2024,NDVI,fixed,132.95511977497114,173.0,307.6723617665959,262.87300932316634,235.5314104268056,322.59289319025197,285.50235407289625,256.0957287608355,34.3603,GRA,41.0,-0.1358929243902439,-5.5716098999999994,-0.38683431707317073,-15.860206999999999,23.926365853658538,342.9978048780488,25.636780487804877,9.398,84.0,1.1797687098809524,99.10057163,0.1346605161904762,11.31148336,150.0,0.7868383935333332,118.02575902999997,0.02960191106666666,4.440286659999999,21.569213333333337,264.25498000000005,18.73163333333333,148.58999999999997,124.0,0.7488456671774194,92.85686273,-0.03884615032258064,-4.81692264,153.0,0.6698059283006537,102.48030703,-0.03476887215686275,-5.319637440000001,190.0,0.5883265796315791,111.78205013000003,-0.061516417578947366,-11.68811934,29.0,0.3318429068965518,9.623444300000003,-0.017334993103448274,-0.5027147999999999
US-Seg,2024,EVI,fixed,44.42495993809686,173.0,345.8694222551351,287.918483135982,240.2415513432889,325.8321448111727,289.5452086709114,258.3262098176573,34.3603,GRA,129.0,-0.06965489457364339,-8.985481399999998,-0.2329894496124031,-30.055639,16.270511627906973,294.0850697674419,15.993263565891471,42.926,86.0,1.168976728255814,100.53199862999999,0.14021500418604652,12.05849036,153.0,0.7729126790196077,118.25563988999998,0.02660073307189542,4.0699121599999994,21.25394117647059,262.5034705882353,18.465156862745097,149.09799999999998,214.0,0.4246468141588785,90.87441823,-0.08535209177570094,-18.26534764,245.0,0.4093692507346938,100.29546642999999,-0.08235378424489795,-20.17667714,281.0,0.3864699625978648,108.59805949000001,-0.09343034106761566,-26.25392584,31.0,0.30390478064516135,9.421048200000001,-0.061655790322580645,-1.9113295
US-Seg,2024,NIRv,fixed,38.98444638272319,173.0,346.6795207813033,288.91642327696155,239.83494460164087,326.1735157376182,290.95149841849786,258.79064618260776,34.3603,GRA,135.0,-0.07518032814814814,-10.1493443,-0.23292191851851848,-31.444458999999995,15.708192592592594,289.3097481481481,15.452059259259258,49.53,86.0,1.168976728255814,100.53199862999999,0.14021500418604652,12.05849036,154.0,0.7681386577272726,118.29335328999998,0.02571756597402597,3.9605051599999994,21.14238311688312,261.9315324675325,18.378006493506494,149.09799999999998,220.0,0.40777525150000005,89.71055533,-0.08933712563636365,-19.65416764,252.0,0.394987331468254,99.53680753,-0.08605775849206349,-21.68655514,288.0,0.3731663541319445,107.47190999000001,-0.09636164180555555,-27.752152839999997,32.0,0.30707038124999997,9.826252199999999,-0.063512109375,-2.0323875
US-Seg,2025,NDVI,fixed,156.29560028900156,172.0,352.9002973696557,297.83897396230026,238.93519138228748,322.59289319025197,285.50235407289625,256.0957287608355,34.3603,GRA,16.0,1.4687925625,23.500681,0.14146153125000002,2.2633845000000004,27.099625000000003,352.50325,29.8125625,1.016,85.0,1.276845717647059,108.531886,0.23759059011764705,20.19520016,151.0,0.9772223695364238,147.5605778,0.2027714036423841,30.61848195,21.992980132450327,256.8336357615894,17.97555629139073,166.659,100.0,1.30171807,130.171807,0.2187985966,21.87985966,129.0,1.1648384263565892,150.264157,0.20101954077519382,25.93152076,166.0,1.019280113253012,169.2004988,0.1945972376506024,32.30314145,29.0,0.6928396551724137,20.09235,0.1397124517241379,4.0516611
US-Seg,2025,EVI,fixed,150.1268541377218,172.0,334.44422165849926,284.96559435295967,238.9765759977175,325.8321448111727,289.5452086709114,258.3262098176573,34.3603,GRA,22.0,1.1200050772727272,24.6401117,-0.03564137272727266,-0.7841101999999986,25.836181818181817,339.2783636363636,26.266545454545454,45.466,87.0,1.2652426321839083,110.07610900000002,0.23665352252873562,20.58885646,154.0,0.9583728935064935,147.5894256,0.19673909837662334,30.297821149999994,21.802935064935067,254.79785714285717,17.784136363636364,173.79299999999998,108.0,1.2301431546296298,132.8554607,0.17801871537037037,19.22602126,139.0,1.1152504151079137,155.0198077,0.16612779395683455,23.09176336,175.0,0.9735358702857143,170.3687773,0.16534277685714285,28.934985949999998,31.0,0.7149789354838708,22.164346999999996,0.12470135806451613,3.8657421
US-Seg,2025,NIRv,fixed,145.0701940503008,172.0,325.1297768837741,278.2006632064587,236.88748614793724,326.1735157376182,290.95149841849786,258.79064618260776,34.3603,GRA,27.0,0.9624258407407406,25.985497699999996,-0.017753233333333316,-0.4793372999999995,25.323888888888888,337.8398518518518,25.617074074074075,45.466,87.0,1.2652426321839083,110.07610900000002,0.23665352252873562,20.58885646,155.0,0.9517309335483872,147.5182947,0.19419098806451612,30.09960315,21.73963870967742,254.22773548387096,17.718109677419353,173.79299999999998,113.0,1.1876181123893803,134.20084669999997,0.1728388863716814,19.53079416,145.0,1.0844905634482758,157.25113169999997,0.16315910524137933,23.658070260000002,181.0,0.9483040464088398,171.6430324,0.16045050193370164,29.041540849999997,32.0,0.72032140625,23.050285,0.128977378125,4.1272761
US-Ses,2013,NDVI,fixed,180.8144605142429,172.0,355.2070733594457,307.66824594437713,270.76810128128244,315.0526375183291,265.8872333896477,233.46708722896926,34.335,OSH,,,,,,,,,,62.0,0.9349398593548386,57.966271279999994,0.13684299967741936,8.48426598,144.0,1.0372546616666665,149.36467127999998,0.3290254262500001,47.379661380000016,20.024493055555556,256.0739513888889,15.628270833333334,238.99999999999997,53.0,1.0755837599999998,57.005939279999986,0.155876279245283,8.2614428,85.0,1.1761749327058824,99.97486928000001,0.2739803988235295,23.288333900000005,135.0,1.099291402074074,148.40433928,0.3493099125925926,47.156838199999996,32.0,1.3427790625,42.96893,0.469590346875,15.0268911
US-Ses,2013,EVI,fixed,182.4265274727292,172.0,343.9201857967845,297.8524474154748,266.7976242072025,322.38102061833064,278.08465261673695,237.9176893544537,34.335,OSH,,,,,,,,,,66.0,0.9670444133333332,63.824931279999994,0.16653910575757577,10.99158098,151.0,1.0038052270198676,151.57458928,0.3192564210596027,48.20771958000001,19.508543046357616,250.61429139072848,15.155576158940399,240.35499999999996,55.0,1.1542270269090908,63.48248648,0.22521232363636362,12.3866778,96.0,1.2902449633333333,123.86351647999999,0.37300005104166667,35.8080049,140.0,1.0802296034285714,151.23214448,0.3543058314285714,49.602816399999995,41.0,1.4727080487804878,60.381029999999996,0.5712518804878048,23.4213271
US-Ses,2013,NIRv,fixed,186.18981392366643,172.0,322.82089981319893,296.34706933423246,273.1819973453424,315.710857298476,280.4017874527477,250.00303434069716,34.335,OSH,,,,,,,,,,79.0,0.9831922060759491,77.67218427999998,0.20585516683544303,16.26255818,144.0,1.0372546616666665,149.36467127999998,0.3290254262500001,47.379661380000016,20.024493055555556,256.0739513888889,15.628270833333334,238.99999999999997,64.0,1.214178998125,77.70745588,0.317069140625,20.292425,94.0,1.3497742859574466,126.87878287999999,0.423814764893617,39.8385879,129.0,1.1581390920930232,149.39994288,0.39852347441860464,51.4095282,30.0,1.6390442333333335,49.171327000000005,0.6515387633333334,19.546162900000002
US-Ses,2014,NDVI,fixed,212.30672718803177,172.0,314.3265547855797,311.93541736650377,309.5571218663988,315.0526375183291,265.8872333896477,233.46708722896926,34.335,OSH,,,,,,,,,,62.0,0.312762385967742,19.39126793,-0.25524107064516127,-15.824946379999998,144.0,0.5372334814583333,77.36162132999999,-0.006135189305555566,-0.8834672600000015,20.482263888888887,249.10715277777777,15.647409722222221,171.132,21.0,0.587091149047619,12.32891413,-0.1791000180952381,-3.76110038,53.0,0.5843677194339623,30.97148913,-0.009346834339622637,-0.49538221999999976,103.0,0.6825171604854369,70.29926753,0.108547366407767,11.18037874,32.0,0.58258046875,18.642575,0.1020536925,3.26571816
US-Ses,2014,EVI,fixed,168.53235831059868,172.0,317.24223459706303,304.4650743763972,288.9239860968696,322.38102061833064,278.08465261673695,237.9176893544537,34.335,OSH,,,,,,,,,,66.0,0.32985707469696973,21.77056693,-0.240446983030303,-15.869500879999999,151.0,0.5272655915894039,79.61710432999999,0.0012593466225165413,0.19016133999999774,19.709086092715232,244.96679470198677,15.145721854304636,174.655,69.0,0.3127043917391305,21.576603030000005,-0.24554828231884052,-16.942831479999995,110.0,0.4769640729999999,52.46604802999999,-0.08220396745454543,-9.042436419999998,154.0,0.515734678116883,79.42314042999999,-0.005734865324675341,-0.8831692600000025,41.0,0.7534010975609756,30.889445000000002,0.19269256243902438,7.90039506
US-Ses,2014,NIRv,fixed,69.33696129177619,172.0,318.6243306298443,308.6702169269753,292.65382170439204,315.710857298476,280.4017874527477,250.00303434069716,34.335,OSH,103.0,0.28842441067961166,29.707714300000003,0.18469664156310683,19.023754081000003,17.06181553398058,302.16502912621354,17.66544660194175,28.466,79.0,0.38081653075949373,30.084505930000006,-0.1776726787341772,-14.036141619999999,144.0,0.5372334814583333,77.36162132999999,-0.006135189305555566,-0.8834672600000015,20.482263888888887,249.10715277777777,15.647409722222221,171.132,181.0,0.3286648520994475,59.48833823,0.028193997022099463,5.103113461000003,211.0,0.3971597878199052,83.80071523,0.055190186071090046,11.645129261,246.0,0.4340059090650406,106.76545363,0.07421051959756099,18.255787821000002,30.0,0.8104125666666667,24.312377,0.21806719333333333,6.5420158
US-Ses,2015,NDVI,fixed,156.35931889611578,172.0,336.78303973919884,276.32339270482703,228.2099877635208,315.0526375183291,265.8872333896477,233.46708722896926,34.335,OSH,16.0,0.4428943125,7.086309,-0.18674395,-2.9879032,23.954562499999998,327.84018749999996,21.105562499999998,14.905000000000001,62.0,0.6038196451612903,37.436817999999995,-0.04806675209677419,-2.98013863,144.0,0.4338210091666667,62.470225320000004,-0.056758013555555556,-8.173153952,20.595402777777778,249.33872916666667,15.323131944444444,160.89999999999998,77.0,0.5721817402597401,44.05799399999999,-0.07645462636363637,-5.887006230000001,109.0,0.5385711634862385,58.70425681999999,-0.04474615699082569,-4.877331112,159.0,0.4345371152201257,69.09140131999999,-0.06968567013836477,-11.080021551999998,32.0,0.45769571312499996,14.646262819999999,0.0315523474375,1.009675118
US-Ses,2015,EVI,fixed,64.2565404429426,172.0,336.84902018135256,281.7176106177751,237.5565930451771,322.38102061833064,278.08465261673695,237.9176893544537,34.335,OSH,108.0,0.5941590462962962,64.16917699999999,0.25738858888888894,27.797967600000007,16.161601851851852,283.13219444444445,14.186259259259257,57.452999999999996,66.0,0.5871865454545455,38.754312000000006,-0.042396418636363634,-2.79816363,151.0,0.4176252986092715,63.06142009,-0.058341732794702,-8.809601652000001,19.915245033112583,244.55917218543044,14.835443708609272,168.488,173.0,0.5922448323699422,102.458356,0.14497595127167628,25.08083957,214.0,0.5549894837383178,118.76774952000001,0.12054553078504675,25.796743588000005,258.0,0.4913390081007752,126.76546409,0.0739124091007752,19.069401548000002,41.0,0.39779008585365855,16.30939352,0.017461073609756097,0.7159040179999999
US-Ses,2015,NIRv,fixed,51.46062428510208,172.0,338.52561682130346,282.3791238694605,235.26638170887296,315.710857298476,280.4017874527477,250.00303434069716,34.335,OSH,121.0,0.5681152801652892,68.7419489,0.2502819520661157,30.2841162,14.832793388429753,270.36643801652895,13.163487603305786,59.620999999999995,79.0,0.592289569620253,46.79087599999999,-0.03652329382278482,-2.8853402120000005,144.0,0.4338210091666667,62.470225320000004,-0.056758013555555556,-8.173153952,20.595402777777778,249.33872916666667,15.323131944444444,160.89999999999998,199.0,0.5782296075376884,115.06769189999999,0.1380895054673367,27.479811588000004,229.0,0.5403543249781659,123.74114042,0.12438511042794761,28.484190288000004,264.0,0.4952539440151515,130.74704122,0.08406059790909091,22.191997848,30.0,0.2891149506666667,8.67344852,0.03347929,1.0043787
US-Ses,2016,EVI,fixed,74.19534098079782,173.0,320.13476792285337,286.80745999251445,252.99273202608447,322.38102061833064,278.08465261673695,237.9176893544537,34.335,OSH,99.0,1.1922735353535354,118.03508000000001,0.6106337616161616,60.4527424,16.929444444444446,307.72213131313134,16.140141414141414,27.915000000000003,65.0,0.7141441692307693,46.419371000000005,0.1732008446153846,11.2580549,150.0,0.674264637,101.13969554999998,0.16469523535333333,24.704285303,20.98232666666667,252.81718666666671,17.0285,135.77700000000002,163.0,1.0021994539877301,163.35851100000002,0.4356425110429448,71.0097293,204.0,1.0023555588235296,204.48053400000003,0.424802112745098,86.65963099999999,248.0,0.8793501433467742,218.07883555,0.3405482246088709,84.45595970299999,41.0,1.0029761707317073,41.122023,0.38170491951219515,15.649901700000001
US-Ses,2016,NIRv,fixed,67.79516475872593,173.0,323.15608880560654,286.9717958367692,250.0206039163444,315.710857298476,280.4017874527477,250.00303434069716,34.335,OSH,106.0,1.1511715754716982,122.02418700000001,0.5838329613207548,61.886293900000005,16.50421698113208,304.35600000000005,15.745264150943399,27.914999999999996,78.0,0.804355564102564,62.73973399999999,0.2140757,16.6979046,143.0,0.6892896402097901,98.56841854999999,0.1751019789300699,25.039582986999996,21.4873986013986,256.89451748251753,17.46397902097902,135.77700000000002,183.0,1.003650169398907,183.667981,0.4255908770491803,77.8831305,213.0,0.9840548215962442,209.60367700000003,0.41551601643192493,88.5049115,248.0,0.8850671997983871,219.49666555,0.3476806809959677,86.224808887,30.0,0.8645232,25.935696,0.35405936666666654,10.621780999999997
US-Ses,2017,NIRv,fixed,42.654663756730834,172.0,334.1020359528416,330.38293824173024,326.66388432189194,315.710857298476,280.4017874527477,250.00303434069716,34.335,OSH,130.0,0.5205280445846153,67.66864579599999,0.1511482553230769,19.649273192,15.481184615384617,286.1159230769231,15.161307692307695,33.604,79.0,0.6680661012658228,52.777222,0.11186318088607597,8.837191290000002,144.0,0.6184413736111112,89.0555578,0.12226870173611111,17.60669305,20.865145833333333,262.17952777777776,16.73327777777778,171.825,208.0,0.5780029990192308,120.224623796,0.13684783645192306,28.464349981999995,238.0,0.5510378470420167,131.14700759599998,0.120082096394958,28.579538942000003,273.0,0.5732709142710622,156.50295959599998,0.1363877353186813,37.233851742,30.0,0.36407946,10.9223838,0.0038396319999999986,0.11518895999999997
US-Ses,2018,NDVI,fixed,-8.0,172.0,,,,315.0526375183291,265.8872333896477,233.46708722896926,34.335,OSH,181.0,0.1938458790116279,35.086104101104645,0.0710371824244186,12.857730018819767,13.451116279069767,255.76494767441858,14.422331395348834,45.86876744186046,62.0,0.2096985630645161,13.001310909999997,-0.24121811774193552,-14.955523300000003,144.0,0.4051099160416667,58.335827910000006,-0.061975432152777774,-8.92446223,20.643388888888886,255.17884027777777,16.469569444444446,177.22899999999998,242.0,0.19834885879828323,48.00042382918454,-0.011361774776824032,-2.749549495991416,274.0,0.24404135509433963,66.86733129584906,-0.002495631294339625,-0.6838029746490573,324.0,0.2906342892063492,94.16550970285714,0.010742119196825396,3.480446619771428,32.0,0.57673984375,18.455675,0.0620609759375,1.98595123
US-Ses,2018,EVI,fixed,163.37516845228072,172.0,327.4934991873696,295.8098699171865,271.77691567430054,322.38102061833064,278.08465261673695,237.9176893544537,34.335,OSH,9.0,0.14741755555555558,1.3267580000000003,0.013938335555555558,0.12544502000000002,24.332444444444445,315.12944444444446,23.24722222222222,19.5,66.0,0.2207671046969697,14.57062891,-0.23183575863636363,-15.30116007,151.0,0.3858636878145696,58.26541686000001,-0.06325390178807948,-9.55133917,19.84643046357616,251.57113907284767,15.964860927152317,177.22899999999998,74.0,0.21310633662162165,15.769868910000001,-0.20386325202702701,-15.085880649999998,115.0,0.36883305139130435,42.41580091,-0.10052241869565216,-11.560078149999999,159.0,0.37399155257861644,59.46465686000001,-0.05871735691823898,-9.336059749999999,41.0,0.649900780487805,26.645932000000006,0.08599518292682927,3.5258025
US-Ses,2018,NIRv,fixed,133.6576908524286,172.0,303.5622244778102,287.76737861415404,273.0269552643062,315.710857298476,280.4017874527477,250.00303434069716,34.335,OSH,39.0,0.18591098461538463,7.2505284,0.06595428435897437,2.57221709,24.202358974358972,332.7582820512821,26.31628205128205,20.199999999999996,79.0,0.2757819608860759,21.78677491,-0.18755218949367086,-14.816622969999997,144.0,0.4051099160416667,58.335827910000006,-0.061975432152777774,-8.92446223,20.643388888888886,255.17884027777777,16.469569444444446,177.22899999999998,117.0,0.24709218213675213,28.90978531,-0.1038852263247863,-12.154571479999998,147.0,0.33399527421768704,49.097305309999996,-0.06272776285714285,-9.22098114,182.0,0.3596639467582417,65.45883830999999,-0.03440885021978021,-6.262410739999999,30.0,0.6729173333333333,20.18752,0.09778634466666669,2.9335903400000007
US-Ses,2019,NDVI,fixed,11.0,172.0,198.45523165435333,150.36869980001876,122.46937220112164,315.0526375183291,265.8872333896477,233.46708722896926,34.335,OSH,162.0,0.47529582672839504,76.99792393,0.02594174983950616,4.202563473999998,11.92254938271605,245.8422160493827,11.187265432098766,77.5,62.0,0.3097054514516129,19.201737989999998,-0.005623771129032258,-0.34867381,144.0,0.2856382826458333,41.131912701,0.01112614069444444,1.6021642599999995,20.68498611111111,266.2125486111111,18.301770833333332,77.69999999999999,223.0,0.42985427318385655,95.85750292000002,0.016966984143497767,3.783637464000002,255.0,0.4249365392941176,108.35881751999999,0.025599003192156865,6.527745814000001,305.0,0.3861891069868852,117.78767763099998,0.018801559127868867,5.734475534000005,32.0,0.39066608125,12.5013146,0.0857533859375,2.74410835
US-Ses,2019,EVI,fixed,89.4449503337976,172.0,280.7977677871333,198.7028407045738,135.8332021584596,322.38102061833064,278.08465261673695,237.9176893544537,34.335,OSH,83.0,0.8398454216867469,69.70716999999999,0.28729960481927713,23.8458672,17.22478313253012,300.04914457831325,15.785963855421686,50.10000000000001,66.0,0.3209863786363636,21.185100989999995,-0.0003931243939393916,-0.025946209999999845,151.0,0.27662018199337746,41.76964748099999,0.012329936026490063,1.8618203399999995,20.07407947019868,261.78372847682124,17.79130463576159,77.69999999999999,148.0,0.6118250810135135,90.55011199,0.16047073506756757,23.74966879,189.0,0.556879538042328,105.25023269,0.14163724888888887,26.769440039999996,233.0,0.47697278318025754,111.134658481,0.1100319113304721,25.63743534,41.0,0.3585395292682927,14.7001207,0.07365295731707318,3.0197712500000002
US-Ses,2019,NIRv,fixed,72.43259146578424,172.0,302.42057043834785,218.5091413940488,150.64599417565202,315.710857298476,280.4017874527477,250.00303434069716,34.335,OSH,100.0,0.7694532500000001,76.94532500000001,0.25254186774,25.254186773999997,16.056720000000002,294.25553,14.707199999999998,50.1,79.0,0.35172888594936713,27.786581990000002,0.03396050050632912,2.6828795400000005,144.0,0.2856382826458333,41.131912701,0.01112614069444444,1.6021642599999995,20.68498611111111,266.2125486111111,18.301770833333332,77.69999999999999,178.0,0.5864592583707865,104.38974798999999,0.1565551354719101,27.866814114,208.0,0.5429653432211539,112.93679139,0.1355578827596154,28.196039614,243.0,0.4845064967119342,117.735078701,0.11023085939917696,26.786098834,30.0,0.2849014466666666,8.547043399999998,0.010974183333333335,0.32922550000000006
US-Ses,2020,EVI,fixed,78.98244069927743,173.0,358.9439900433754,309.2402218419036,213.78050689265396,322.38102061833064,278.08465261673695,237.9176893544537,34.335,OSH,95.0,0.648152394736842,61.57447749999999,0.16276844989473685,15.46300274,18.600221052631582,319.09201052631573,18.680652631578944,12.37,65.0,0.571631616923077,37.1560551,-0.15159299999999998,-9.853544999999999,150.0,0.36898980626666666,55.34847094,-0.10986077626666665,-16.47911644,20.25644,258.87547333333333,19.5324,84.98,159.0,0.6192609471698113,98.4624906,0.034676344276729554,5.513538739999999,200.0,0.5743524975000001,114.87049950000001,0.027140702700000005,5.428140540000001,244.0,0.47809387885245896,116.65490643999999,-0.0045575110655737714,-1.1120327000000003,41.0,0.4001953390243902,16.4080089,-0.0020828829268292664,-0.08539819999999992
US-Ses,2021,NDVI,fixed,-7.0,172.0,322.18423750031326,262.50099472149486,228.1548635055944,315.0526375183291,265.8872333896477,233.46708722896926,34.335,OSH,180.0,-0.2520206101511628,-45.3637098272093,-0.3224409593023255,-58.039372674418594,11.459430232558141,251.56647674418602,12.601476744186044,18.12558139534884,62.0,0.7308146129032258,45.310506,-0.10554140709677419,-6.54356724,144.0,0.36579463006944446,52.67442673,-0.22409493194444444,-32.2696702,19.439680555555558,255.26558333333332,14.628819444444446,199.78700000000003,241.0,0.011572300660944203,2.788924459287553,-0.26255187227467813,-63.27500121819743,273.0,0.058044339826415124,15.846104772611328,-0.2707015141132076,-73.90151335290567,323.0,0.03193735486984127,10.31576562295873,-0.2758752038095238,-89.10769083047619,32.0,0.396418875,12.685404,-0.33004109375,-10.561315
US-Ses,2021,EVI,fixed,173.16697621446102,172.0,313.9908261129049,262.5233555346896,222.1472211147656,322.38102061833064,278.08465261673695,237.9176893544537,34.335,OSH,,,,,,,,,,66.0,0.6860720106060606,45.2807527,-0.11523920060606062,-7.605787240000001,151.0,0.35212788496688746,53.17131063000001,-0.21230150066225167,-32.0575266,18.987556291390728,251.49283443708603,14.400523178807946,199.787,64.0,0.7263342765625,46.4853937,-0.09680903500000002,-6.195778240000001,105.0,0.5628643434285715,59.10075606000001,-0.1765832965714286,-18.541246140000002,149.0,0.3649392726845638,54.37595163,-0.20568803758389262,-30.6475176,41.0,0.3076917648780488,12.61536236,-0.3011089731707317,-12.3454679
US-Ses,2021,NIRv,fixed,169.61737537237104,172.0,301.2703305728499,261.73784244865897,226.4774829156021,315.710857298476,280.4017874527477,250.00303434069716,34.335,OSH,,,,,,,,,,79.0,0.6788866607594938,53.632046200000005,-0.14192940810126586,-11.212423240000003,144.0,0.36579463006944446,52.67442673,-0.22409493194444444,-32.2696702,19.439680555555558,255.26558333333332,14.628819444444446,199.78700000000003,81.0,0.651620162962963,52.7812332,-0.15086949679012346,-12.22042924,111.0,0.5121899843243243,56.85308825999999,-0.19496704630630632,-21.641342140000003,146.0,0.35495625842465756,51.823613730000005,-0.2279292890410959,-33.2776762,30.0,0.135728502,4.07185506,-0.3140304299999999,-9.420912899999998
US-Ses,2022,NDVI,fixed,-5.0,172.0,345.23555113145926,294.3105939658919,256.91195027465443,315.0526375183291,265.8872333896477,233.46708722896926,34.335,OSH,178.0,,,,,11.755424418604651,262.121,13.297912790697675,30.410058139534886,62.0,,,,,144.0,,,,,19.144111111111112,242.70506944444443,13.508201388888889,241.3,239.0,,,,,271.0,,,,,321.0,,,,,32.0,,,,
US-Ses,2022,EVI,fixed,169.68379280093896,172.0,324.364260452775,280.8267461508472,253.73353409983977,322.38102061833064,278.08465261673695,237.9176893544537,34.335,OSH,,,,,,,,,,66.0,,,,,151.0,,,,,18.361635761589405,239.7012980132451,13.08996688741722,241.401,68.0,,,,,109.0,,,,,153.0,,,,,41.0,,,,
US-Ses,2022,NIRv,fixed,163.07968386764009,172.0,306.01212088772,273.74183971491874,252.7994160943936,315.710857298476,280.4017874527477,250.00303434069716,34.335,OSH,9.0,,,,,23.607777777777777,303.2246666666667,21.057,5.588,79.0,,,,,144.0,,,,,19.144111111111112,242.70506944444443,13.508201388888889,241.3,87.0,,,,,117.0,,,,,152.0,,,,,30.0,,,,
US-Ses,2023,NDVI,fixed,-2.0,172.0,340.3341154118089,291.9905815195341,260.1136804723976,315.0526375183291,265.8872333896477,233.46708722896926,34.335,OSH,175.0,-0.04175976588953489,-7.307959030668606,-0.2746666727674419,-48.06666773430233,10.609046511627907,246.8935755813954,10.89,43.67470930232558,62.0,-0.05795572193548389,-3.5932547600000015,-0.565342727419355,-35.05124910000001,144.0,0.2037698377777778,29.34285664,-0.2560474870555555,-36.870838135999996,21.737381944444444,264.8401527777778,20.6063125,128.148,236.0,-0.044638512845493576,-10.534689031536484,-0.35148700350214596,-82.95093282650645,268.0,0.05362894153584905,14.372556331607546,-0.30957274170566035,-82.96549477711697,318.0,0.07154075526031745,22.74996017278095,-0.2657652725460317,-84.51335666963809,32.0,0.76913884375,24.612443,-0.004384522999999996,-0.14030473599999987
US-Ses,2023,EVI,fixed,230.54503194180825,172.0,317.4435339512692,285.90945151018576,257.142337660422,322.38102061833064,278.08465261673695,237.9176893544537,34.335,OSH,,,,,,,,,,66.0,-0.01813466303030302,-1.1968877599999992,-0.5498472590909089,-36.28991909999999,151.0,0.202976401589404,30.649436640000005,-0.24249962474172185,-36.617443336,21.164231788079473,259.8532384105961,19.903913907284768,129.418,7.0,0.6194022857142858,4.335816,-0.2574981571428571,-1.8024870999999998,48.0,0.61842305,29.684306399999997,-0.084078682,-4.035776736,92.0,0.39328413478260865,36.182140399999994,-0.023152297130434787,-2.1300113360000004,41.0,0.6182558634146342,25.348490400000003,-0.054470478926829276,-2.2332896360000003
US-Ses,2023,NIRv,fixed,230.3966193010264,172.0,310.00234769158936,283.23419540793856,258.130683624214,315.710857298476,280.4017874527477,250.00303434069716,34.335,OSH,,,,,,,,,,79.0,0.16153597772151898,12.76134224,-0.4325672227848102,-34.172810600000005,144.0,0.2037698377777778,29.34285664,-0.2560474870555555,-36.870838135999996,21.737381944444444,264.8401527777778,20.6063125,128.148,20.0,0.9147022999999999,18.294045999999998,0.015731070000000003,0.31462140000000005,50.0,0.5827927079999999,29.139635399999996,-0.10093765471999999,-5.046882736,85.0,0.41030071058823525,34.8755604,-0.02804007218823529,-2.3834061359999996,30.0,0.36151964666666664,10.8455894,-0.17871680453333333,-5.361504136
US-Ses,2024,NDVI,fixed,-7.0,173.0,288.05286559519527,244.5199336979412,221.8343666648806,315.0526375183291,265.8872333896477,233.46708722896926,34.335,OSH,181.0,0.2519575882601156,45.604323475080925,0.025464123930635824,4.609006431445084,11.759994219653178,251.48863005780345,11.924138728323701,61.50965895953758,61.0,1.4889058032786884,90.82325399999999,0.2396482081803278,14.618540698999997,143.0,0.8677471405594405,124.08784109999999,0.1545796390839161,22.104888389,20.913433566433568,264.4174545454546,18.197188811188813,187.87900000000005,241.0,0.5746462136008584,138.48973747780687,0.08012048986695278,19.30903805793562,273.0,0.5785158704490566,157.93483263259245,0.10174848580754715,27.77733662546037,323.0,0.5306576345047619,171.4024159450381,0.08302991056825397,26.81866111354603,32.0,0.606691809375,19.4141379,0.25922733124999997,8.295274599999999
US-Ses,2024,EVI,fixed,169.79261198535423,173.0,291.3850553037627,251.04392189883623,227.09902074331504,322.38102061833064,278.08465261673695,237.9176893544537,34.335,OSH,,,,,,,,,,65.0,1.4481966307692309,94.13278100000001,0.2460543646,15.993533699,150.0,0.8367202153333333,125.5080323,0.14213208259333332,21.319812389,20.27029333333333,259.8328666666667,17.672240000000002,205.65900000000002,68.0,1.4011319117647059,95.27697,0.24756111322058824,16.834155699,109.0,1.0600764394495414,115.54833190000002,0.2244190478807339,24.461676218999997,153.0,0.8277922960784313,126.6522213,0.14483944045098038,22.160434389,41.0,0.49442346097560963,20.271361899999995,0.18603708585365852,7.627520519999999
US-Ses,2024,NIRv,fixed,132.50883198101278,173.0,306.27828772977387,261.84332072505697,234.447010594769,315.710857298476,280.4017874527477,250.00303434069716,34.335,OSH,41.0,0.3882367731707317,15.9177077,0.1601130607317073,6.56463549,22.44268292682927,334.41760975609753,23.529780487804878,8.89,78.0,1.324888653846154,103.34131500000001,0.2623784576794872,20.465519699,143.0,0.8677471405594405,124.08784109999999,0.1545796390839161,22.104888389,20.913433566433568,264.4174545454546,18.197188811188813,187.87900000000005,118.0,1.0062684211864408,118.73967370000001,0.22605419651694914,26.674395189,148.0,0.8800361256756757,130.2453466,0.20239246492567567,29.954084808999998,183.0,0.7622196710382514,139.4861998,0.15472002119672132,28.313763879,30.0,0.38352243,11.5056729,0.10932298733333336,3.2796896200000005
US-Ses,2025,NDVI,fixed,-5.0,172.0,334.89506848760755,253.3672407862409,203.18434103087293,315.0526375183291,265.8872333896477,233.46708722896926,34.335,OSH,178.0,-0.3244036298081395,-57.74384610584884,-0.45974760348837207,-81.83507342093023,11.688976744186048,255.23643023255812,12.629779069767439,73.07520930232559,62.0,0.5989364351612904,37.13405898,-0.03488829354838711,-2.1630742000000005,144.0,0.3987135102777778,57.41474548,-0.061199140486111116,-8.812676230000001,20.556145833333332,255.91281944444447,16.59058333333333,156.162,239.0,-0.08222036200429182,-19.650666519025744,-0.347632339055794,-83.08412903433477,271.0,-0.031198254139622617,-8.45472687183773,-0.3088253566037736,-83.69167163962264,321.0,0.003566165565079352,1.144739146390472,-0.2782474191428571,-89.31742154485713,32.0,0.34030646875000004,10.889807000000001,-0.026262015625000003,-0.8403845000000001
US-Ses,2025,EVI,fixed,146.96407362428803,172.0,336.00710608332446,282.1168314404593,227.228598534354,322.38102061833064,278.08465261673695,237.9176893544537,34.335,OSH,26.0,0.2703109615384615,7.028084999999999,-0.4354120423076923,-11.3207131,23.456269230769234,329.2096923076923,22.852230769230776,52.07,66.0,0.5895697118181817,38.911600979999996,-0.03476914545454546,-2.2947636000000005,151.0,0.3843120529271523,58.031119992,-0.061406181390728475,-9.27233339,20.12828476821192,251.86195364238415,16.255337748344367,156.162,91.0,0.49940337340659346,45.445706980000004,-0.146968678021978,-13.374149699999997,132.0,0.4317145566666667,56.98632148,-0.11160042499999999,-14.731256099999998,176.0,0.3668478749545454,64.565225992,-0.11563476982954546,-20.35171949,41.0,0.2814784024390244,11.5406145,-0.03310015609756097,-1.3571064
US-Ses,2025,NIRv,fixed,142.12995966206998,172.0,321.7554337608264,273.236586919029,226.72218042258547,315.710857298476,280.4017874527477,250.00303434069716,34.335,OSH,30.0,0.18294046666666666,5.488214,-0.4277094366666667,-12.831283100000002,23.26613333333334,331.6401333333333,23.159300000000005,52.07,79.0,0.5497828225316456,43.43284298,-0.023774086075949375,-1.8781528000000007,144.0,0.3987135102777778,57.41474548,-0.061199140486111116,-8.812676230000001,20.556145833333332,255.91281944444447,16.59058333333333,156.162,108.0,0.44839887018518526,48.42707798000001,-0.1339639712962963,-14.4681089,138.0,0.4018851752173913,55.46015418,-0.1200522760869565,-16.567214099999998,173.0,0.36074555190751445,62.40898048,-0.12371463774566471,-21.402632329999996,30.0,0.2344358733333333,7.033076199999999,-0.06997017333333333,-2.0991052
US-Slt,2014,NDVI,fixed,128.9472336666553,172.0,241.0258072282024,233.975489014234,226.92486583085403,310.94753804635815,281.1009875091612,251.3299266787746,39.9138,DBF,44.0,7.578447727272726,333.45169999999996,1.7107419272727276,75.27264480000001,18.75795454545455,221.18472727272726,6.7420681818181825,86.62,80.0,9.811273,784.90184,2.60219787,208.1758296,139.0,7.627599072661871,1060.2362711,1.2115985920863308,168.41220429999998,18.808446043165468,186.97802158273382,6.148812949640288,468.88399999999996,123.0,8.989211707317073,1105.6730400000001,2.2523833691056914,277.04315440000005,153.0,8.585132091503269,1313.52521,1.9985908633986926,305.78440209999997,182.0,7.587953137912088,1381.0074711,1.3037336763736262,237.2795291,30.0,6.9284056666666665,207.85217,0.9580415899999999,28.741247699999995
US-Slt,2014,EVI,fixed,122.70780536282784,172.0,284.43550202540627,230.85704265473663,190.9690822859922,311.87605704909544,274.542659513822,236.08402708390847,39.9138,DBF,50.0,6.914476,345.7238,1.3554947560000001,67.77473780000001,18.125400000000003,219.31184000000002,6.819480000000001,92.97000000000001,65.0,9.861748615384615,641.01366,2.9379898399999997,190.96933959999998,140.0,7.573838593571428,1060.3374030999998,1.1828956021428572,165.6053843,18.72792857142857,186.3408,6.128721428571429,468.88399999999996,114.0,8.544359298245615,974.0569600000001,2.2134978719298246,252.33875740000002,152.0,8.501068881578949,1292.1624700000002,1.9621179874999999,298.2419341,189.0,7.372384672486773,1393.3807031000001,1.2009248788359788,226.97480209999998,38.0,8.371197631578946,318.1055099999999,1.2079783342105266,45.90317670000001
US-Slt,2014,NIRv,fixed,123.57654015771276,172.0,280.708265386359,226.4618778303113,189.41744662082115,312.38120373308345,272.66152386826394,232.00636812586063,39.9138,DBF,49.0,7.01103224489796,343.54058000000003,1.406543424489796,68.9206278,18.194183673469386,219.7138163265306,6.7904081632653055,92.462,61.0,9.816862950819672,598.8286400000001,3.124455337704918,190.5917756,141.0,7.52846555390071,1061.5136431,1.163326839007092,164.0290843,18.62178723404255,185.93678723404255,6.108198581560283,468.88399999999996,109.0,8.529254311926605,929.68872,2.322083333944954,253.1070834,149.0,8.590852751677852,1280.03706,2.008552410067114,299.2743091,189.0,7.367056735978836,1392.3737231,1.198647577248677,226.54439209999998,40.0,8.758708500000001,350.34834,1.1541806425,46.1672257
US-Slt,2015,NDVI,fixed,126.23191621148987,172.0,324.3967899448181,304.2098480906615,281.0139536203802,310.94753804635815,281.1009875091612,251.3299266787746,39.9138,DBF,46.0,8.96331152173913,412.31233,3.381515760869565,155.549725,19.62213043478261,219.1304782608695,7.3754347826086954,142.508,80.0,9.520735225,761.6588179999999,2.9712627875,237.70102300000002,139.0,6.999203216618706,972.88924711,1.8729946273381293,260.3462532,19.768827338129494,193.48570503597125,7.634323741007193,313.66200000000003,125.0,9.338525264,1167.315658,3.1436505999999995,392.95632499999994,155.0,8.656923890322581,1341.8232030000001,2.998276027096774,464.73278419999997,184.0,7.492098299510869,1378.54608711,2.258704104347826,415.6015552,30.0,5.8169181666666665,174.507545,2.3925486400000002,71.7764592
US-Slt,2015,EVI,fixed,120.6595121880582,172.0,314.37764550876665,294.30676527622046,273.5149414831727,311.87605704909544,274.542659513822,236.08402708390847,39.9138,DBF,52.0,8.200547692307692,426.42848,2.786891307692308,144.918348,19.211423076923076,220.6408846153846,7.61626923076923,146.567,65.0,10.364019507692307,673.661268,3.365077153846154,218.730015,140.0,6.9496067822142855,972.94494951,1.8375728799999997,257.2602032,19.743028571428567,192.47287142857147,7.627799999999999,313.786,116.0,9.426157396551725,1093.434258,3.1323615517241388,363.3539400000001,154.0,8.618865376623377,1327.305268,2.9065242857142857,447.60474,191.0,7.29171696078534,1392.71793951,2.104105383246073,401.88412819999996,38.0,6.154500263157894,233.87100999999998,2.2171263157894736,84.2508
US-Slt,2015,NIRv,fixed,120.69876118912866,172.0,316.9003975720772,294.4569623050614,270.52967460761823,312.38120373308345,272.66152386826394,232.00636812586063,39.9138,DBF,52.0,8.200547692307692,426.42848,2.786891307692308,144.918348,19.211423076923076,220.6408846153846,7.61626923076923,146.567,61.0,10.412083901639345,635.1371180000001,3.409485983606557,207.978645,141.0,6.89535486177305,972.24503551,1.8034130014184397,254.2812332,19.66883687943262,192.0128936170213,7.613553191489362,313.786,112.0,9.41884025,1054.910108,3.1482372321428573,352.60257,152.0,8.688595315789472,1320.6664879999998,2.939206868421053,446.75944400000003,192.0,7.250093882864583,1392.01802551,2.0776310322916665,398.90515819999996,40.0,6.6439094999999995,265.75638,2.35392185,94.15687399999999
US-Slt,2016,NDVI,fixed,136.98752607143203,173.0,328.89810267595846,307.3225875762866,284.07763062441023,310.94753804635815,281.1009875091612,251.3299266787746,39.9138,DBF,37.0,9.44502972972973,349.46610000000004,3.2127068883783783,118.87015487,19.418216216216216,250.59467567567563,9.71127027027027,74.12799999999999,79.0,10.65161329113924,841.47745,4.085223129113924,322.7326272,138.0,8.227323594202899,1135.370656,2.47000934057971,340.86128899999994,20.341985507246378,196.40797101449277,8.326304347826087,389.33399999999995,115.0,10.274703304347826,1181.59088,3.789964018,435.84586207,145.0,9.388838937931034,1361.3816459999998,3.275429116344828,474.93722187000003,174.0,8.47979359770115,1475.4840860000002,2.6090489877586207,453.97452387,30.0,5.9930255333333315,179.79076599999993,1.3030453266666666,39.0913598
US-Slt,2016,EVI,fixed,109.93447236409727,173.0,320.9409954370457,295.58117193573315,269.04998350184,311.87605704909544,274.542659513822,236.08402708390847,39.9138,DBF,64.0,6.16674134375,394.671446,1.1178598729687501,71.54303187000001,16.554640625,212.8005625,7.952171875,170.791,64.0,11.33453171875,725.41003,4.6029771749999995,294.59053919999997,139.0,8.185231122302158,1137.747126,2.4346486258992805,338.416159,20.272158273381294,195.92099280575542,8.31694964028777,389.33399999999995,127.0,8.745896110236217,1110.7288059999996,2.837611425748031,360.3766510699999,165.0,8.228974739393939,1357.780832,2.524376126484848,416.52206086999996,202.0,7.539930207920793,1523.065902,2.001001340940594,404.20227087,38.0,6.501369105263157,247.05202599999996,1.4775107842105264,56.1454098
US-Slt,2016,NIRv,fixed,110.44895955080317,173.0,323.9823660726765,296.7010127450109,267.345838170491,312.38120373308345,272.66152386826394,232.00636812586063,39.9138,DBF,63.0,6.230372634920635,392.513476,1.1495143947619046,72.41940686999999,16.550888888888892,212.03066666666672,7.85884126984127,170.79100000000003,60.0,11.421041500000001,685.2624900000001,4.767317066666666,286.039024,140.0,8.1332855,1138.65997,2.394691207142857,335.25676899999996,20.165992857142857,195.5914142857143,8.289435714285714,389.33399999999995,122.0,8.757567999999997,1068.4232959999997,2.890995990737705,352.70151087,162.0,8.333419456790121,1350.0139519999996,2.5953659004320984,420.44927586999995,202.0,7.533766217821782,1521.820776,1.9896992864851486,401.91925587000003,40.0,7.0397664,281.590656,1.6936941250000004,67.74776500000002
US-Slt,2017,NDVI,fixed,138.0974564199519,172.0,353.13671578612605,321.3232625806849,277.07717567620136,310.94753804635815,281.1009875091612,251.3299266787746,39.9138,DBF,34.0,9.200526029411764,312.817885,5.1358318823529405,174.618284,19.164235294117645,214.31417647058822,7.43229411764706,122.636,80.0,10.7920228375,863.361827,4.4478022333750005,355.82417867000004,139.0,8.759653798561152,1217.5918780000002,2.801966090431655,389.47328657,19.898244604316545,187.13238848920858,6.512460431654676,462.84000000000003,113.0,10.297765592920356,1163.6475120000002,4.647123474955752,525.12495267,143.0,9.92638406993007,1419.472922,4.13337824944056,591.0730896700001,172.0,8.824869552325582,1517.8775630000002,3.248686398662791,558.7740605700001,30.0,8.527513666666668,255.82541000000003,2.1982712333333327,65.94813699999999
US-Slt,2017,EVI,fixed,137.4048062979864,172.0,337.07524095299783,291.97751373551813,240.47722368505168,311.87605704909544,274.542659513822,236.08402708390847,39.9138,DBF,35.0,9.142556714285712,319.98948499999995,4.988493625714285,174.59727689999997,19.3858,216.9474,7.7244857142857155,122.636,65.0,10.986015692307694,714.0910200000001,4.842243784615385,314.74584600000003,140.0,8.710372700000002,1219.4521780000002,2.7682300469285717,387.55220657,19.793850000000003,186.0903714285714,6.476707142857143,477.56100000000004,99.0,10.318669747474749,1021.5483050000001,4.889147605050505,484.0256129,137.0,10.083790890510947,1381.4793519999998,4.212713011459854,577.1416825700001,174.0,8.775341741379311,1526.9094630000002,3.2001837555747126,556.83197347,38.0,9.471869657894738,359.93104700000004,2.450422886052632,93.11606967
US-Slt,2017,NIRv,fixed,111.50782326893196,172.0,337.9200248395862,290.258985003034,236.0923821764827,312.38120373308345,272.66152386826394,232.00636812586063,39.9138,DBF,61.0,6.5311803934426225,398.402004,2.2650212655737705,138.1662972,17.23252459016393,210.2609836065574,7.035786885245901,210.403,61.0,10.842038032786885,661.36432,4.946846163934427,301.75761600000004,141.0,8.663078709219858,1221.4940980000001,2.7371275643262414,385.93498657000004,19.69339716312057,185.12174468085104,6.440510638297873,478.35600000000005,121.0,8.654827471074379,1047.2341239999998,3.591788456198347,434.6064032,161.0,8.981773173913044,1446.065481,3.3242629991925465,535.20634287,201.0,7.996835333333333,1607.363902,2.5810137998507465,518.78377377,40.0,9.970783925000001,398.831357,2.51499849175,100.59993967
US-Slt,2019,NDVI,fixed,-1.0,172.0,295.84684972860725,206.4759442552725,140.08974291737076,310.94753804635815,281.1009875091612,251.3299266787746,39.9138,DBF,174.0,2.280894822383721,396.87569909476747,0.33184905930232556,57.741736318604644,9.062162790697675,153.49588953488373,5.556587209302326,597.3470581395349,80.0,6.3235067874999995,505.880543,2.437600975,195.008078,139.0,4.672185748201438,649.433819,1.4261729417266187,198.2380389,20.597467625899277,180.99757553956834,8.041359712230216,425.45899999999995,253.0,3.5541130376494032,899.190598525299,0.9876238095617529,249.8688238191235,283.0,3.508380496263346,992.8716804425269,0.945567103558719,267.5954903071175,312.0,3.3407601562903224,1042.3171687625806,0.8100759261290321,252.74368895225803,30.0,3.125751566666667,93.77254700000002,0.5936926633333333,17.810779899999996
US-Slt,2019,EVI,fixed,113.6237723876918,172.0,306.02683690131954,258.0601548670037,206.27619331606812,311.87605704909544,274.542659513822,236.08402708390847,39.9138,DBF,59.0,5.7526485886440675,339.40626672999997,2.130154393220339,125.6791092,17.818406779661018,206.85657627118647,8.035322033898305,270.673,65.0,6.858541276923076,445.80518299999994,2.4929409538461536,162.04116199999999,140.0,4.6486912785714285,650.816779,1.4073804921428572,197.0332689,20.516735714285712,180.0638642857143,8.005135714285714,428.366,123.0,6.334141217317074,779.0993697300001,2.3051035056910565,283.52773119999995,161.0,5.730557079068323,922.61968973,2.0969798391304346,337.6137541,198.0,4.9702574026767685,984.1109657300002,1.6086860510101009,318.51983809999996,38.0,3.77685052631579,143.52032000000003,1.4233163921052632,54.0860229
US-Slt,2019,NIRv,fixed,114.27592095550322,172.0,305.62980945675497,254.9524037273144,200.5653984192439,312.38120373308345,272.66152386826394,232.00636812586063,39.9138,DBF,58.0,5.813668909137931,337.19279673,2.184488779310345,126.70034920000002,17.81939655172414,205.4361206896552,7.955724137931035,270.67299999999994,61.0,6.950894639344262,424.004573,2.597122229508197,158.42445600000002,141.0,4.620761517730497,651.527374,1.391016495744681,196.13332590000002,20.38403546099291,179.70885815602838,7.971929078014184,428.46799999999996,118.0,6.399027879067797,755.08528973,2.3807819084745763,280.9322652,158.0,5.785953226139241,914.18060973,2.136006962658228,337.48910010000003,198.0,4.9626671248989895,982.60809073,1.609298662121212,318.6411351,40.0,3.9773830000000006,159.09532000000002,1.4139208724999999,56.5568349
US-Slt,2021,NDVI,fixed,116.33474922459146,172.0,315.247979294776,297.48503375427464,274.4057368342843,310.94753804635815,281.1009875091612,251.3299266787746,39.9138,DBF,56.0,5.289973214285715,296.23850000000004,1.0993973214285717,61.56625000000002,18.135714285714286,223.61873214285714,8.041660714285715,156.849,80.0,8.171176375,653.69411,3.5556382999999996,284.451064,139.0,6.227572330935251,865.6325539999999,2.139415715827338,297.3787845,20.38847482014388,179.29825899280576,6.011647482014388,560.814,135.0,6.964623555555555,940.2241799999999,2.5426232888888887,343.254144,165.0,6.654174424242424,1097.93878,2.2647052793939393,373.6763711,194.0,5.9389825979381445,1152.162624,1.8359889922680412,356.1818645,30.0,5.257153333333334,157.71460000000002,1.0140742366666666,30.4222271
US-Slt,2021,EVI,fixed,108.99305618852038,172.0,307.194638732114,268.40923317436176,220.25244078259652,311.87605704909544,274.542659513822,236.08402708390847,39.9138,DBF,64.0,4.8565249999999995,310.81759999999997,0.896161365625,57.3543274,17.294,223.0610625,7.941187500000001,175.998,65.0,8.519584153846154,553.77297,3.8856924153846153,252.570007,140.0,6.185214057142857,865.9299679999999,2.117148482142857,296.4007875,20.287085714285713,178.72577857142855,5.995335714285714,560.814,128.0,6.6787667187499995,854.8821399999999,2.3996965968749997,307.16116439999996,166.0,6.5048484337349395,1079.80484,2.1903683698795176,363.60114939999994,203.0,5.748961270935961,1167.039138,1.7290243591133005,350.9919449,38.0,5.919018421052632,224.92270000000002,1.4852627631578945,56.43998499999999
US-Slt,2021,NIRv,fixed,108.9740352436078,172.0,307.1918262843497,266.51144255435935,215.9663297622027,312.38120373308345,272.66152386826394,232.00636812586063,39.9138,DBF,64.0,4.8565249999999995,310.81759999999997,0.896161365625,57.3543274,17.294,223.0610625,7.941187500000001,175.998,61.0,8.566714918032787,522.56961,3.8179748688524593,232.89646700000003,141.0,6.14175304397163,865.9871791999999,2.091005939716312,294.83183749999995,20.216617021276594,178.41651773049645,5.993177304964539,560.814,124.0,6.642570806451611,823.6787799999998,2.318448583870968,287.4876244,164.0,6.526186341463415,1070.29456,2.1992522524390243,360.6773694,204.0,5.721060535294118,1167.0963492,1.712857818137255,349.4229949,40.0,6.1653945,246.61577999999997,1.8297436249999997,73.18974499999999
US-Slt,2022,NDVI,fixed,136.27250971485924,172.0,318.0805216660187,296.91474729271414,275.72038124792124,310.94753804635815,281.1009875091612,251.3299266787746,39.9138,DBF,36.0,8.495157777777777,305.82568,1.909629086111111,68.74664709999999,20.47147222222222,262.0254444444444,9.079,70.386,80.0,,,,,139.0,,,,,20.383848920863308,200.5239064748201,8.256539568345325,364.98300000000006,115.0,,,,,145.0,,,,,174.0,,,,,30.0,,,,
US-Slt,2022,EVI,fixed,127.63681090302528,172.0,313.081539786018,282.6067349531803,252.04832453263796,311.87605704909544,274.542659513822,236.08402708390847,39.9138,DBF,45.0,7.317068888888889,329.2681,1.147865402222222,51.65394309999999,19.535688888888888,244.96384444444448,8.473644444444444,91.309,65.0,,,,,140.0,,,,,20.385607142857143,200.07650714285714,8.277692857142856,365.45900000000006,109.0,,,,,147.0,,,,,184.0,,,,,38.0,,,,
US-Slt,2022,NIRv,fixed,127.71008041803005,172.0,314.3357365197807,279.287982912756,244.12750712416468,312.38120373308345,272.66152386826394,232.00636812586063,39.9138,DBF,45.0,7.317068888888889,329.2681,1.147865402222222,51.65394309999999,19.535688888888888,244.96384444444448,8.473644444444444,91.309,61.0,,,,,141.0,,,,,20.311567375886526,199.70014184397164,8.271347517730497,365.45900000000006,105.0,,,,,145.0,,,,,185.0,,,,,40.0,,,,
US-Ton,2013,NDVI,fixed,,172.0,167.56385271836717,123.99158669286058,101.38523578235676,230.99067420572055,162.38687869389005,142.62850195370768,38.4309,WSA,,,,,,,,,,,,,,,59.0,2.029296440677966,119.72849,0.2748644450847458,16.21700226,24.404118644067797,320.2215254237288,20.857118644067796,11.398,,,,,,,,,,,,,,,,20.0,3.2361630000000003,64.72326000000001,1.19492995,23.898598999999997
US-Ton,2013,EVI,fixed,,172.0,193.08187803130545,133.82464670507838,103.23934402093911,179.27863002171637,143.08497757652708,119.48299428542369,38.4309,WSA,,,,,,,,,,,,,,,8.0,2.75315625,22.02525,0.522810875,4.182487,22.85425,282.012875,15.236249999999998,11.395,,,,,,,,,,,,,,,,24.0,4.830970833333333,115.9433,1.080878575,25.941085800000003
US-Ton,2013,NIRv,fixed,,172.0,192.32586435081583,132.95061357653947,102.949138774541,188.86029528352415,144.864485331567,118.73903673501485,38.4309,WSA,,,,,,,,,,,,,,,17.0,2.3961582352941178,40.73469,0.3525726588235294,5.9937352,26.187823529411766,313.1151764705882,22.83058823529412,11.395,,,,,,,,,,,,,,,,26.0,4.833593846153845,125.67343999999997,1.0641919615384614,27.668991
US-Ton,2014,NDVI,fixed,52.57983230597314,172.0,163.610708760494,143.07957110739713,124.44823302467164,230.99067420572055,162.38687869389005,142.62850195370768,38.4309,WSA,120.0,5.387928591666667,646.5514310000001,1.403725965,168.4471158,17.552174999999995,267.859075,12.05625,162.88400000000001,,,,,,59.0,1.5243162372881354,89.93465799999998,0.11626136733898308,6.859420673000002,24.727118644067797,315.1417796610169,20.936796610169495,1.1580000000000001,90.0,5.954417122222223,535.897541,1.4039364655555555,126.35428189999999,110.0,5.634285281818181,619.7713809999999,1.4482532072727274,159.3078528,178.0,4.124106792134832,734.0910090000001,0.9808954520955057,174.599390473,20.0,4.193692,83.87384,1.6476785449999998,32.953570899999995
US-Ton,2014,EVI,fixed,59.4323518593928,172.0,190.42526599429,142.51084077773498,116.3526747630752,179.27863002171637,143.08497757652708,119.48299428542369,38.4309,WSA,113.0,5.583115407079647,630.8920410000001,1.578964768141593,178.42301880000002,17.77604424778761,275.3015840707965,12.385690265486724,117.72399999999999,,,,,,8.0,2.3982225,19.18578,0.8909601250000001,7.127681000000001,22.178125,351.278125,16.516625,0.052,60.0,5.858995516666667,351.539731,1.0391205816666669,62.34723490000001,84.0,6.25225775,525.189651,1.6503174392857143,138.6266649,120.0,5.3973561750000005,647.6827410000001,1.5403629483333334,184.84355380000002,24.0,7.235413333333334,173.64992,3.178309583333333,76.27942999999999
US-Ton,2014,NIRv,fixed,3.0,172.0,211.37772807127584,146.69703862520947,114.07044006623768,188.86029528352415,144.864485331567,118.73903673501485,38.4309,WSA,170.0,4.115963058823529,699.71372,0.723959928235294,123.07318779999997,15.885741176470589,222.1589823529412,10.451817647058823,302.135,,,,,,17.0,2.3005152941176474,39.108760000000004,0.5074344,8.626384799999999,24.657647058823528,345.22735294117643,22.318058823529412,0.052,116.0,3.5379803448275866,410.40572000000003,0.02996356810344831,3.4757739000000036,142.0,4.2187583098591555,599.0636800000001,0.6029012246478875,85.61197390000002,186.0,3.9592870967741938,736.4274,0.7042603580645163,130.99242660000002,26.0,7.256075384615385,188.65796,3.1590846153846153,82.1362
US-Ton,2015,NDVI,fixed,21.37144113484449,172.0,362.0,145.48869469483157,115.1578035221037,230.99067420572055,162.38687869389005,142.62850195370768,38.4309,WSA,151.0,4.135860011258278,624.5148617,1.355215021589404,204.63746826000002,15.916867549668876,236.10697350993382,9.2148940397351,152.95299999999997,,,,,,59.0,1.4224385966101696,83.9238772,-0.02871052542372882,-1.6939210000000005,24.313864406779665,314.68693220338986,20.234491525423724,5.3309999999999995,121.0,4.294998278512396,519.6947916999999,1.510911732231405,182.8203196,141.0,4.223516607801418,595.5158417,1.4198210042553192,200.19476160000002,209.0,3.3769374588516743,705.7799289,0.9677565084210527,202.26111026,20.0,3.7910525,75.82105,0.8687221,17.374442000000002
US-Ton,2015,EVI,fixed,41.0993555115824,172.0,164.73751862183005,141.56376265757763,124.42746614139546,179.27863002171637,143.08497757652708,119.48299428542369,38.4309,WSA,131.0,4.46501818091603,584.9173817,1.5247825134351143,199.74650925999998,16.52629007633588,255.6946488549618,10.01381679389313,68.338,,,,,,8.0,2.2034475000000002,17.627580000000002,0.362749525,2.9019962,25.197125,339.962375,23.443875,0.004,78.0,4.694232457692307,366.1501316999999,1.6731231615384614,130.50360659999998,102.0,4.755628546078433,485.0741117000002,1.7588136333333333,179.3989906,138.0,4.347001099275363,599.8861517,1.463522235217391,201.96606845999997,24.0,4.955165833333333,118.92398,2.037307666666667,48.89538400000001
US-Ton,2015,NIRv,fixed,49.08962374549216,172.0,168.11334874307084,138.92383427470264,120.64189507310974,188.86029528352415,144.864485331567,118.73903673501485,38.4309,WSA,123.0,4.596321395934959,565.3475317,1.6629741891056913,204.54582526000002,16.674268292682925,262.3456829268292,10.309617886178861,68.307,,,,,,17.0,2.04007,34.68119,0.5117960470588235,8.7005328,25.57494117647059,329.27158823529413,23.163411764705884,0.051000000000000004,69.0,4.949748720289854,341.53266169999995,1.9248009072463772,132.81126260000002,95.0,4.948239807368423,470.08278170000017,1.950906385263158,185.33610660000002,139.0,4.2976252640287775,597.3699117000001,1.5292368421582732,212.56392105999996,26.0,4.944235384615384,128.55012,2.020186307692308,52.524844
US-Ton,2016,NDVI,fixed,,173.0,374.0,374.0,374.0,230.99067420572055,162.38687869389005,142.62850195370768,38.4309,WSA,,,,,,,,,,,,,,,58.0,2.049896931034483,118.894022,0.014323985827586205,0.8307911779999999,25.2616724137931,342.007275862069,24.004672413793102,0.007,,,,,,,,,,,,,,,,20.0,3.8080355000000004,76.16071000000001,0.9918276399999998,19.836552799999996
US-Ton,2016,EVI,fixed,28.139788735229885,173.0,163.02725134436446,141.13728435872355,123.23327844526816,179.27863002171637,143.08497757652708,119.48299428542369,38.4309,WSA,145.0,4.372482269655173,634.0099291,0.48338839241379306,70.0913169,16.145662068965517,233.8899793103448,9.218103448275862,295.486,,,,,,7.0,2.0778957142857144,14.54527,0.19963134285714287,1.3974194000000002,26.522142857142857,365.14399999999995,27.494714285714288,0.0,91.0,4.083549880219781,371.6030391000001,-0.10919586263736268,-9.936823500000004,115.0,4.607357122608696,529.8460691,0.3610403747826087,41.5196431,151.0,4.28159827218543,646.5213391,0.4725754258278145,71.35888929999999,24.0,6.593459583333334,158.24303,2.1440194416666665,51.4564666
US-Ton,2016,NIRv,fixed,51.70292909551953,173.0,162.5661997155945,141.96346021716496,124.45618566537756,188.86029528352415,144.864485331567,118.73903673501485,38.4309,WSA,122.0,4.872493181147542,594.4441681000001,0.7376407737704918,89.9921744,16.8687131147541,253.0812213114754,9.850426229508194,243.914,,,,,,16.0,2.3326525,37.32244,0.06154744375000001,0.9847591000000001,25.7863125,360.891875,24.782249999999998,0.0,67.0,4.850289374626867,324.9693881000001,0.11952349253731341,8.008073999999999,93.0,5.332629764516129,495.93456810000004,0.6897737698924731,64.1489606,137.0,4.596589402189782,629.7327481000001,0.6631174197080292,90.8470865,26.0,6.5755838461538465,170.96518,2.159264869230769,56.140886599999995
US-Ton,2017,NDVI,fixed,65.01870226492173,172.0,163.09765770859755,142.67255295838316,122.26974101604064,230.99067420572055,162.38687869389005,142.62850195370768,38.4309,WSA,107.0,5.773458691588784,617.7600799999999,1.2759524252336447,136.5269095,17.180224299065422,260.1794112149533,10.295439252336449,193.746,,,,,,59.0,2.4732191525423723,145.91992999999997,0.466258872881356,27.509273500000003,25.965796610169487,331.7929322033899,23.61189830508475,0.124,77.0,6.5777990909090915,506.49053000000004,1.256455422077922,96.7470675,97.0,6.108834536082474,592.55695,1.3654432628865978,132.4479965,165.0,4.613081878787878,761.1585099999999,0.9929469878787879,163.836253,20.0,4.303320999999999,86.06641999999997,1.7850464499999998,35.700928999999995
US-Ton,2017,EVI,fixed,13.716703554230714,172.0,169.49839210707424,141.9231753091832,119.26619480948996,179.27863002171637,143.08497757652708,119.48299428542369,38.4309,WSA,159.0,4.817759889937106,766.0238224999998,0.7046976484276731,112.04692610000002,14.744433962264152,217.56721383647803,8.091509433962266,555.313,,,,,,8.0,2.7924612499999997,22.339689999999997,0.5535752125,4.4286017,25.270249999999997,351.90074999999996,20.577375,0.001,106.0,4.4509342688679245,471.7990325,0.1376688783018868,14.592901099999999,130.0,5.0714679423076925,659.2908325000001,0.557981146923077,72.5375491,166.0,4.733988027108434,785.8420125,0.7004554084337351,116.27559780000003,24.0,7.8121583333333335,187.4918,2.414360333333333,57.944648
US-Ton,2017,NIRv,fixed,90.19512423279032,172.0,167.70297138521238,137.5433802015487,112.85412030845536,188.86029528352415,144.864485331567,118.73903673501485,38.4309,WSA,82.0,6.2224435365853665,510.24037000000004,1.5864250060975609,130.0868505,18.024048780487803,281.94467073170733,11.549012195121952,121.33700000000002,,,,,,17.0,2.9008276470588235,49.31407,0.5485634529411765,9.3255787,25.32088235294118,352.0965882352942,21.948823529411765,0.001,28.0,7.372135357142858,206.41979,1.0640501964285716,29.793405500000006,54.0,7.577519074074075,409.1860300000001,1.7203717314814815,92.9000735,98.0,5.684009591836735,557.03294,1.4205357061224488,139.2124992,26.0,7.798701538461539,202.76624,2.4271795384615387,63.106668000000006
US-Ton,2018,NDVI,fixed,33.00962250458055,172.0,168.4724856208588,146.27903013153664,127.171242194432,230.99067420572055,162.38687869389005,142.62850195370768,38.4309,WSA,139.0,4.814058575539568,669.154142,1.0264240460431655,142.6729424,14.600467625899281,249.6470287769784,8.415863309352519,308.668,,,,,,59.0,2.2593211864406775,133.29994999999997,0.45985763050847456,27.131600199999998,25.802271186440677,327.9931186440678,23.812745762711863,0.319,109.0,5.1872430458715595,565.409492,0.9466686247706422,103.1868801,129.0,4.955269007751938,639.229702,1.0133134372093024,130.7174334,197.0,4.0549892994923855,798.8328919999999,0.8542307746192894,168.2834626,20.0,3.691010500000001,73.82021000000002,1.3765276649999998,27.530553299999994
US-Ton,2018,EVI,fixed,44.07595172937909,172.0,172.97795843991014,144.9236724606709,125.5798078054944,179.27863002171637,143.08497757652708,119.48299428542369,38.4309,WSA,128.0,4.92675696875,630.624892,1.16695394765625,149.3701053,14.6769921875,258.032640625,8.5159140625,308.565,,,,,,8.0,2.82830375,22.62643,0.992647625,7.941181,24.167,368.214375,21.322875,0.0,75.0,4.8164034933333335,361.23026200000004,0.5188488400000001,38.91366300000001,99.0,5.365659212121211,531.200262,1.1327511414141413,112.14236299999999,135.0,4.812074977777778,649.630122,1.1540015281481484,155.79020630000002,24.0,7.082083333333333,169.97,3.0511958333333333,73.2287
US-Ton,2018,NIRv,fixed,49.02518467416613,172.0,181.6241608227064,145.769285857198,123.95551764981197,188.86029528352415,144.864485331567,118.73903673501485,38.4309,WSA,123.0,5.000249447154473,615.0306820000002,1.2131625975609759,149.21899950000002,14.843536585365854,261.8707398373984,8.575146341463414,307.7,,,,,,17.0,2.717725882352941,46.20134,0.8704638294117647,14.7978851,24.178058823529412,359.38664705882354,20.928823529411765,0.005,69.0,4.886009304347826,337.134642,0.5084469159420291,35.08283720000001,95.0,5.474539494736842,520.081252,1.2044710231578946,114.42474719999998,139.0,4.73101310791367,657.6108220000001,1.1690345654676262,162.49580460000004,26.0,7.036408076923077,182.94661,3.051611923076923,79.34191
US-Ton,2019,NDVI,fixed,27.10494137212394,172.0,182.1605084969324,147.94610469218364,121.78442266048344,230.99067420572055,162.38687869389005,142.62850195370768,38.4309,WSA,145.0,4.639081972413793,672.666886,0.5422913013793103,78.63223869999999,14.46308275862069,222.4051655172414,7.741586206896551,497.571,,,,,,59.0,3.270375423728814,192.95215000000002,0.7726156627118644,45.5843241,24.711491525423728,338.40228813559327,21.185118644067792,0.09400000000000001,115.0,4.386969617391304,504.50150599999995,0.415550727826087,47.7883337,135.0,4.611503674074074,622.552996,0.4899077977777775,66.13755269999996,203.0,4.243551211822661,861.4408960000002,0.604914151724138,122.79757280000001,20.0,5.9025745,118.05149,0.91746095,18.349219
US-Ton,2019,EVI,fixed,17.0,172.0,172.85694211712945,139.0653071944562,117.30503076171924,179.27863002171637,143.08497757652708,119.48299428542369,38.4309,WSA,156.0,4.449300102564103,694.090816,0.41958217115384616,65.4548187,14.204839743589742,214.3374935897436,7.466410256410256,540.752,,,,,,8.0,4.1301825,33.04146,1.2839530625,10.2716245,22.490499999999997,343.4925,18.317,0.0,103.0,3.8093114563106796,392.35908,-0.1431384300970874,-14.743258300000003,127.0,4.181739574803149,531.080926,0.2775393992125984,35.247503699999996,163.0,4.435301447852761,722.9541360000001,0.45587394601227,74.30745320000001,24.0,5.780076916666666,138.721846,2.0829484166666665,49.990762
US-Ton,2019,NIRv,fixed,17.0,172.0,173.10854199356248,140.18187811043106,117.67834884261472,188.86029528352415,144.864485331567,118.73903673501485,38.4309,WSA,156.0,4.449300102564103,694.090816,0.41958217115384616,65.4548187,14.204839743589742,214.3374935897436,7.466410256410256,540.752,,,,,,17.0,4.118366470588236,70.01223000000002,1.1923746764705883,20.2703695,22.757,347.6754705882353,18.419588235294114,0.0,102.0,3.7695797058823532,384.49713,-0.18333841470588239,-18.700518300000002,128.0,4.1922654375,536.609976,0.28530581015625,36.5191437,172.0,4.4181680581395355,759.9249060000001,0.49015231511627905,84.3061982,26.0,5.850494076923078,152.11284600000002,2.123833153846154,55.219662
US-Ton,2020,NDVI,fixed,28.03505681327437,173.0,170.8022645403637,147.4862545548944,127.38590180822575,230.99067420572055,162.38687869389005,142.62850195370768,38.4309,WSA,145.0,4.515184296551723,654.7017229999999,0.7045351867931036,102.15760208500002,15.586448275862072,242.19628965517242,10.114406896551724,193.611,,,,,,58.0,2.0779258103448273,120.51969699999998,0.24099432655172415,13.977670940000001,25.52029310344827,339.81493103448275,23.119172413793102,0.083,114.0,4.623782745614035,527.111233,0.6434431147807017,73.352515085,134.0,4.58858517164179,614.8704129999999,0.6717752543656715,90.01788408499999,202.0,3.822957871287129,772.23749,0.5703714852722771,115.21504002499998,20.0,4.387959,87.75918000000001,0.8332684499999999,16.665369
US-Ton,2020,EVI,fixed,32.11808482256841,173.0,156.06770243188905,138.11311013402445,122.93932901045844,179.27863002171637,143.08497757652708,119.48299428542369,38.4309,WSA,141.0,4.5497285319148935,641.511723,0.7540406885460994,106.31973708500001,15.687468085106383,245.09989361702122,10.272581560283689,193.59500000000003,,,,,,7.0,2.778605714285714,19.450239999999997,0.7807715714285715,5.465401,26.31357142857143,354.35042857142855,21.96242857142857,0.0,87.0,4.261343942528736,370.73692300000005,0.3251762906321839,28.290337285,111.0,4.683379216216215,519.8550929999999,0.7138129737387389,79.23324008500002,147.0,4.476041040816327,657.978033,0.7541830277891157,110.86490508500002,24.0,6.213257083333333,149.11817,2.12262095,50.9429028
US-Ton,2020,NIRv,fixed,41.51190885431468,173.0,153.03204426716093,135.6583043763345,121.8028148587106,188.86029528352415,144.864485331567,118.73903673501485,38.4309,WSA,132.0,4.684141916666666,618.3067329999999,0.8121421089772727,107.202758385,16.11172727272727,251.37313636363638,10.482295454545454,193.03300000000002,,,,,,16.0,2.7034037500000005,43.25446000000001,0.7722695625,12.356313,24.7398125,358.6545,21.190937499999997,0.0,77.0,4.3925918571428575,338.229573,0.34960491668831173,26.919578585000004,103.0,4.8734236213592235,501.96263300000004,0.7881074891747573,81.175071385,147.0,4.480117435374149,658.5772629999999,0.8070669277891157,118.63883838500001,26.0,6.297425384615385,163.73306000000002,2.086749723076923,54.2554928
US-Ton,2021,NIRv,fixed,-1.0,172.0,189.8798327466508,139.11055249853692,114.39896906411698,188.86029528352415,144.864485331567,118.73903673501485,38.4309,WSA,174.0,2.689554134883721,467.9824194697674,0.4215409558139534,73.3481263116279,14.625220930232558,236.44837209302324,10.27604069767442,260.20991860465125,,,,,,17.0,2.3589017647058825,40.101330000000004,1.350534,22.959077999999998,23.209529411764702,355.9164117647059,17.45264705882353,0.0,120.0,2.3490334847457626,281.8840181694915,-0.22145803898305083,-26.5749646779661,146.0,2.651712369444444,387.15000593888885,0.21382966249999993,31.21913072499999,190.0,2.6583888893617025,505.0938889787235,0.4988134702127659,94.77455934042553,26.0,4.025408846153846,104.66063,2.1893661538461537,56.923519999999996
US-Ton,2022,NDVI,fixed,5.489707038681518,172.0,168.80545450836988,140.35598459931063,111.90159910374608,230.99067420572055,162.38687869389005,142.62850195370768,38.4309,WSA,167.0,3.8124814371257485,636.6844,0.9236421293413171,154.24823559999996,14.970233532934131,237.3766886227545,10.247556886227548,102.023,,,,,,59.0,1.7762542711864406,104.799002,0.2331939118644068,13.7584408,25.462101694915255,327.7457288135593,23.812118644067798,0.254,137.0,4.065486861313869,556.9717,0.9568092656934306,131.0828694,157.0,3.8959955414012737,611.6713,0.9347736089171976,146.75945660000002,225.0,3.2860708533333334,739.365942,0.7479212151111111,168.2822734,20.0,2.73498,54.699600000000004,0.78382936,15.6765872
US-Ton,2022,EVI,fixed,6.48557100931517,172.0,232.22191325971755,156.5799230192615,107.5991153170384,179.27863002171637,143.08497757652708,119.48299428542369,38.4309,WSA,166.0,3.825376445783133,635.0124900000001,0.9344586361445784,155.1201336,15.001897590361443,238.49786144578312,10.304795180722893,102.023,,,,,,8.0,2.0648524999999998,16.518819999999998,-0.477107875,-3.816863,28.606749999999998,352.5935,32.495125,0.0,113.0,3.8748503539823007,437.85809,0.7431230654867257,83.9729064,137.0,4.075115547445256,558.29083,0.9681349664233575,132.63449039999998,173.0,3.753837283236994,649.41385,0.8761784254335256,151.57886759999994,24.0,5.0180308333333326,120.43273999999998,2.027566,48.661584000000005
US-Ton,2022,NIRv,fixed,6.280792292117779,172.0,260.80656419520085,169.38726729566693,111.67320020312744,188.86029528352415,144.864485331567,118.73903673501485,38.4309,WSA,166.0,3.825376445783133,635.0124900000001,0.9344586361445784,155.1201336,15.001897590361443,238.49786144578312,10.304795180722893,102.023,,,,,,17.0,2.251698823529412,38.27888,0.36917248235294114,6.2759322,24.272529411764705,350.84364705882354,22.20458823529412,0.0,112.0,3.8397936607142857,430.05689,0.7257158607142857,81.2801764,138.0,4.065883550724638,561.09193,0.9653135826086956,133.2132744,182.0,3.6877687362637364,671.17391,0.8883058395604394,161.67166279999998,26.0,5.039809230769231,131.03504,1.9974268461538462,51.933098
US-Ton,2023,NDVI,fixed,40.21323012834813,172.0,369.0,149.2896296911459,133.63087535801552,230.99067420572055,162.38687869389005,142.62850195370768,38.4309,WSA,132.0,4.571222757575758,603.4014040000001,1.5458536371212122,204.0526801,13.698530303030305,245.21428030303034,7.652128787878787,258.06600000000003,,,,,,59.0,2.3671429661016954,139.66143500000004,0.9779867152542372,57.7012162,25.229084745762712,341.15133898305083,22.927881355932204,0.0,102.0,4.529186509803922,461.97702400000003,1.128962255882353,115.15415010000001,122.0,4.624722081967213,564.216094,1.4760347549180326,180.07624009999998,190.0,3.8926137842105266,739.596619,1.3674866647368422,259.82246630000003,20.0,5.1119535,102.23907,3.2461045,64.92209
US-Ton,2023,EVI,fixed,79.03012929000928,172.0,188.07912326233844,149.10162984962204,127.90302851129404,179.27863002171637,143.08497757652708,119.48299428542369,38.4309,WSA,93.0,5.804192258064517,539.78988,2.317304421505376,215.50931119999996,15.706322580645164,289.1366989247312,9.062408602150537,78.402,,,,,,8.0,3.8234974999999998,30.587979999999998,2.185435,17.48348,18.41675,356.69525,11.15025,0.0,40.0,5.501391750000001,220.05567000000002,1.0424637799999998,41.6985512,64.0,6.33622515625,405.51841,2.03956205,130.5319712,100.0,5.6691164,566.91164,2.310613612,231.0613612,24.0,7.727614166666666,185.46274,3.7013924999999994,88.83341999999999
US-Ton,2023,NIRv,fixed,12.0,172.0,202.36364431262004,154.8225482538662,130.15450328880354,188.86029528352415,144.864485331567,118.73903673501485,38.4309,WSA,161.0,3.988238055900621,642.106327,1.1131757335403727,179.2212931,12.832155279503105,221.8930062111801,7.0122795031055905,393.448,,,,,,17.0,3.4402170588235297,58.48369,1.399615588235294,23.793464999999998,22.284117647058824,357.62429411764714,18.303823529411765,0.0,107.0,2.929888850467289,313.49810699999995,0.024082271962616832,2.576803100000001,133.0,3.86982862406015,514.687207,0.7409014518796992,98.5398931,177.0,3.9385525254237286,697.123797,1.1360640005649718,201.08332810000002,26.0,7.738042307692307,201.1891,3.6908880769230765,95.96309
US-Ton,2024,NDVI,fixed,23.874996152071795,173.0,165.37515811466287,145.70139236683357,127.85398989199167,230.99067420572055,162.38687869389005,142.62850195370768,38.4309,WSA,150.0,4.684379933333333,702.65699,0.8746466397333332,131.19699595999998,15.375073333333333,236.80825333333337,9.002246666666666,349.842,,,,,,58.0,1.9067532758620687,110.59168999999999,0.41622466741379316,24.141030710000003,27.34541379310345,332.68820689655166,27.802500000000002,0.0,119.0,4.8870156302521,581.55486,0.6707144584873947,79.81502055999998,139.0,4.805518776978418,667.96711,0.8334799925179857,115.85371896000001,207.0,3.91412768115942,810.22443,0.7439347182125604,153.99448667000001,20.0,4.3206125,86.41225,1.8019349199999997,36.038698399999994
US-Ton,2024,EVI,fixed,31.77118785384217,173.0,169.09098462903123,145.19140087546512,126.46766755348808,179.27863002171637,143.08497757652708,119.48299428542369,38.4309,WSA,142.0,4.818935,684.28877,0.9907742391549293,140.68994195999997,15.474105633802816,244.98725352112677,9.254323943661971,333.67099999999994,,,,,,7.0,2.8977514285714285,20.28426,1.088104142857143,7.616729000000001,26.812285714285714,353.4937142857143,27.77557142857143,0.0,88.0,4.714985568181818,414.9187299999999,0.2892151881818182,25.45093656,112.0,5.077438750000001,568.6731400000001,0.8179844335714286,91.61425656,148.0,4.74019445945946,701.5487800000001,0.9929941281081082,146.96313096,24.0,6.406433750000001,153.75441,2.756805,66.16332
US-Ton,2024,NIRv,fixed,47.61947217202752,173.0,168.3243670484033,144.41380709239417,127.3959818530111,188.86029528352415,144.864485331567,118.73903673501485,38.4309,WSA,126.0,5.100026666666667,642.6033600000001,1.1483423965079365,144.69114195999998,16.18765873015873,263.3395317460318,10.02142857142857,247.94600000000003,,,,,,16.0,2.7853125,44.565,0.9438635625,15.101817,28.53425,357.77656249999995,30.8239375,0.0,71.0,5.140295633802816,364.9609899999999,0.37314586704225355,26.493356560000002,97.0,5.4915579381443305,532.6811200000001,1.014231717113402,98.38047656,141.0,4.852085886524822,684.14411,1.1237547443971634,158.44941896000003,26.0,6.45077423076923,167.72012999999998,2.764889230769231,71.88712000000001
US-Ton,2025,NDVI,fixed,22.78039579737336,172.0,317.0,142.3517428373033,124.55297908242494,230.99067420572055,162.38687869389005,142.62850195370768,38.4309,WSA,150.0,4.199425720000001,629.9138580000001,1.2602006587333334,189.03009881000003,15.016720000000001,240.68061999999995,8.990559999999999,290.998,,,,,,59.0,2.5306445084745763,149.308026,1.3961424288135593,82.3724033,23.42391525423729,344.3425423728814,18.94323728813559,0.0,120.0,4.196625316666667,503.59503800000005,0.98761198175,118.51343781,140.0,4.196327057142857,587.485788,1.1762081343571429,164.66913881,208.0,3.7232670384615383,774.439544,1.2888611159134615,268.08311211,20.0,4.1945375,83.89075,2.30778505,46.155701
US-Ton,2025,NIRv,fixed,1.0,172.0,223.9585710335397,155.81633893077824,121.57636190727531,188.86029528352415,144.864485331567,118.73903673501485,38.4309,WSA,172.0,3.8184551046511626,656.774278,0.9295313651744187,159.87939481,14.355866279069767,225.05572674418605,8.51953488372093,311.23400000000004,,,,,,17.0,3.384945882352941,57.544079999999994,1.9515658823529412,33.17662,23.56364705882353,361.2179411764705,20.770470588235295,0.0,118.0,3.230248457627118,381.1693179999999,0.11072571025423728,13.065633809999998,144.0,3.7557897777777773,540.833728,0.6609412764583334,95.17554381000002,188.0,3.774127755319149,709.536018,1.0092373660106382,189.73662480999997,26.0,6.140938846153846,159.66441,3.1580734615384616,82.10991
US-UMd,2021,NDVI,fixed,129.12779792644747,172.0,312.4290528120165,294.9079525983664,272.03604906442393,304.569777570559,274.0766040090474,239.12525790054443,45.5625,DBF,43.0,8.421269302325582,362.11458000000005,3.4509240209302328,148.3897329,16.88248837209302,284.82093023255817,8.404046511627906,166.974,68.0,11.397097647058823,775.0026399999999,5.675365014705882,385.92482099999995,133.0,8.77205324661654,1166.6830817999999,3.982432878947368,529.6635729,17.383691729323306,183.67435338345865,5.114345864661654,1603.873,110.0,10.266465727272728,1129.31123,4.829547671818181,531.2502439,145.0,9.813977448275862,1423.02673,4.630913288965518,671.4824269000001,175.0,8.691380981714286,1520.9916718,3.8570799760000005,674.9889958000001,35.0,8.391871428571427,293.71549999999996,4.0066337999999995,140.232183
US-UMd,2021,EVI,fixed,115.1421029727013,172.0,305.8629768833666,281.06100213323543,251.97274822596697,306.5396226760968,284.18249053667887,253.6192407546129,45.5625,DBF,57.0,6.660730403508772,379.661633,2.4836189059649123,141.56627764,14.262526315789474,258.19554385964915,7.030614035087719,404.423,82.0,11.040531707317072,905.3235999999999,5.406883134146342,443.364417,135.0,8.655294724444444,1168.4647877999998,3.909638725185185,527.8012279,17.16722962962963,181.95140740740743,5.059014814814816,1636.3690000000001,138.0,9.254922050724637,1277.179243,4.2164230771014495,581.86638464,169.0,8.810085520710059,1488.9044529999999,3.9840702937278105,673.30787964,191.0,8.06450487329843,1540.3204308000002,3.488498405968586,666.3031955399999,31.0,6.829845483870967,211.72520999999998,2.9497256451612905,91.441495
US-UMd,2021,NIRv,fixed,113.5910803047832,172.0,307.1300994854677,281.0029257457577,248.83282668423485,306.3601054174117,282.5000285216426,250.17946938632195,45.5625,DBF,59.0,6.4635587118644064,381.349964,2.3786058752542374,140.33774664,13.937457627118645,255.53094915254238,6.910711864406779,419.772,79.0,11.073305443037972,874.7911299999998,5.41068882278481,427.44441699999993,135.0,8.655294724444444,1168.4647877999998,3.909638725185185,527.8012279,17.16722962962963,181.95140740740743,5.059014814814816,1636.3690000000001,137.0,9.11193506569343,1248.335104,4.122028128759124,564.7178536399999,169.0,8.767669313609467,1481.7361139999998,3.967524631005917,670.5116626399999,193.0,7.989682703626943,1542.0087618,3.445982717823834,665.07466454,32.0,7.2937815624999995,233.40100999999999,3.30605653125,105.793809
US-UMd,2022,NDVI,fixed,139.2905823625067,172.0,315.30713536988145,296.7107360653537,273.2135035839246,304.569777570559,274.0766040090474,239.12525790054443,45.5625,DBF,33.0,9.427851515151515,311.1191,4.554844848484848,150.30987999999996,15.529545454545453,257.8637272727273,6.240545454545455,311.87100000000004,68.0,12.148340294117645,826.0871399999999,6.733877205882354,457.9036500000001,133.0,9.182408323308271,1221.260307,4.775203948872181,635.1021252,16.52966917293233,205.9379323308271,5.8457443609022555,1185.885,100.0,11.238076400000002,1123.8076400000002,6.005784199999999,600.5784199999999,135.0,10.57014637037037,1426.96976,5.6398393259259265,761.3783090000001,165.0,9.205944284848485,1518.980807,4.7137993648484855,777.7768952000001,35.0,8.661774857142856,303.16211999999996,4.594282542857143,160.799889
US-UMd,2022,EVI,fixed,131.07632035042977,172.0,308.3963637254927,288.9829400928124,267.9065800890895,306.5396226760968,284.18249053667887,253.6192407546129,45.5625,DBF,41.0,8.41799487804878,345.13779,3.671738024390244,150.541259,15.701804878048778,262.7481463414635,6.946219512195122,325.465,82.0,11.797828536585365,967.42194,6.55707,537.67974,135.0,9.070264422222223,1224.485697,4.687042638518519,632.7507562000001,16.469533333333334,204.74197777777778,5.864333333333333,1185.885,122.0,10.648861721311475,1299.16113,5.578572860655737,680.585889,153.0,9.929858627450981,1519.2683700000002,5.155296301960784,788.7603342,175.0,8.892713639999998,1556.2248869999996,4.432325172571429,775.6569052,31.0,7.100233548387097,220.10724,3.489498232258064,108.1744452
US-UMd,2022,NIRv,fixed,129.65720705670844,172.0,309.7669521202951,289.7242118548744,267.4108047252656,306.3601054174117,282.5000285216426,250.17946938632195,45.5625,DBF,43.0,8.129334418604651,349.56138,3.412330674418605,146.730219,15.897651162790698,262.5312093023257,7.1928604651162775,348.69399999999996,79.0,11.824746582278479,934.1549799999998,6.588031265822785,520.45447,135.0,9.070264422222223,1224.485697,4.687042638518519,632.7507562000001,16.469533333333334,204.74197777777778,5.864333333333333,1185.885,121.0,10.49849388429752,1270.31776,5.450822966942149,659.549579,153.0,9.889315163398692,1513.06522,5.096894929411765,779.8249242,177.0,8.817223033898305,1560.648477,4.360711102824858,771.8458651999999,32.0,7.585858125,242.74746,3.7586045375,120.2753452
US-UMd,2023,NDVI,fixed,139.86330881379268,172.0,306.93030295106536,293.96762311540203,280.80388430822967,304.569777570559,274.0766040090474,239.12525790054443,45.5625,DBF,33.0,10.115832727272727,333.82248,5.5716683636363635,183.865056,17.03709090909091,271.99966666666666,9.854939393939393,72.95000000000002,68.0,9.904560147058826,673.5100900000001,5.482462022058823,372.8074175,133.0,7.57245844481203,1007.13697316,3.83022306518797,509.41966766999997,16.73366917293233,184.8257669172932,5.743045112781955,1158.745,100.0,9.9787665,997.87665,5.512523335,551.2523335,135.0,9.236544444444446,1246.9335000000003,5.051609047407407,681.9672214,165.0,8.069718382787878,1331.5035331599997,4.168876264666666,687.86458367,35.0,7.1159099999999995,249.05685,3.7347110828571433,130.7148879
US-UMd,2023,EVI,fixed,136.90485566360394,172.0,319.51454528647304,295.2995016254636,257.86810829976685,306.5396226760968,284.18249053667887,253.6192407546129,45.5625,DBF,36.0,9.671796944444445,348.18469000000005,5.207447861111111,187.468123,16.412805555555554,267.3974444444445,9.493194444444445,92.531,82.0,9.441083780487807,774.1688700000002,5.172896798780488,424.17753749999997,135.0,7.474201497481482,1009.01720216,3.7622215975555555,507.89991567,16.519674074074075,183.18515555555555,5.6950518518518525,1159.649,117.0,9.511945641025642,1112.8976400000001,5.181414705128205,606.2255205,148.0,8.85431560810811,1310.4387100000001,4.761414482432432,704.6893434,170.0,7.927917483294118,1347.74597216,4.058517051000001,689.9478986700001,31.0,6.372292580645162,197.54107000000002,3.176252351612903,98.4638229
US-UMd,2023,NIRv,fixed,134.66398502530114,172.0,316.5108224540961,293.4322331257115,262.83317885858423,306.3601054174117,282.5000285216426,250.17946938632195,45.5625,DBF,38.0,9.411356315789474,357.63154000000003,4.971013526315789,188.898514,16.277552631578946,268.26307894736846,9.532421052631578,92.531,79.0,9.517240379746834,751.8619899999999,5.214639715189874,411.9565375,135.0,7.474201497481482,1009.01720216,3.7622215975555555,507.89991567,16.519674074074075,183.18515555555555,5.6950518518518525,1159.649,116.0,9.483082844827589,1100.0376100000003,5.133059581896551,595.4349114999999,148.0,8.853604864864867,1310.3335200000004,4.743219556756757,701.9964944000001,172.0,7.890655942790699,1357.19282216,4.0196412190116275,691.37828967,32.0,6.5717471875,210.29591,3.3300494656250006,106.56158290000002
US-UMd,2024,NDVI,fixed,123.8494340555064,173.0,292.9509619117412,241.74287208597832,181.64495386202765,304.569777570559,274.0766040090474,239.12525790054443,45.5625,DBF,50.0,6.8718446,343.59223000000003,3.777841028,188.8920514,15.50892,258.11014,6.211500000000001,602.316,67.0,6.069880298507464,406.68198000000007,3.7808907910447758,253.31968299999997,132.0,3.8980573833333336,514.5435746,2.3214973219696966,306.43764649999997,17.944946969696968,219.91211363636367,6.987583333333334,1223.9350000000002,116.0,6.399785603448276,742.37513,3.7663558999999998,436.8972844,151.0,5.498942516556292,830.3403200000001,3.2144674132450333,485.3845794,181.0,4.697440467403315,850.2367245999999,2.7072665629834254,490.0152479,35.0,2.5132911428571436,87.96519000000002,1.3853512857142858,48.487295
US-UMd,2024,EVI,fixed,126.60433438879976,173.0,296.6951217324193,268.6001729056519,224.59654661896155,306.5396226760968,284.18249053667887,253.6192407546129,45.5625,DBF,47.0,7.170941914893617,337.03427,4.033694791489362,189.5836552,15.705510638297872,259.2385744680851,6.364723404255319,546.115,81.0,5.570818641975309,451.23631000000006,3.4772340123456793,281.655955,134.0,3.845563817910448,515.3055516000001,2.2814578917910446,305.7153575,17.790313432835816,217.42488059701495,6.903276119402985,1319.0730000000003,127.0,6.144657480314962,780.3715000000001,3.668702048818898,465.92516020000005,158.0,5.284716974683545,834.9852820000001,3.116996893670886,492.4855092,180.0,4.691337453333333,844.4407416,2.722136459444444,489.98456269999997,31.0,1.7617349032258065,54.613782,0.8567854516129031,26.560348999999995
US-UMd,2024,NIRv,fixed,127.23532939891462,173.0,295.5246684511101,260.8579159751209,207.2733174227814,306.3601054174117,282.5000285216426,250.17946938632195,45.5625,DBF,46.0,7.267523043478261,334.30606,4.119751782608695,189.508582,15.78523913043478,258.38528260869566,6.345173913043479,546.115,78.0,5.645442179487179,440.34448999999995,3.525187371794873,274.9646150000001,134.0,3.845563817910448,515.3055516000001,2.2814578917910446,305.7153575,17.790313432835816,217.42488059701495,6.903276119402985,1319.0730000000003,123.0,6.233751788617886,766.75147,3.7329979430894316,459.15874700000006,155.0,5.357239638709678,830.372144,3.1708970258064517,491.489039,179.0,4.702304645810056,841.7125316,2.736924522346369,489.90948950000006,32.0,1.9881460625000003,63.62067400000001,1.010321625,32.330292
US-UMd,2025,NDVI,fixed,132.1930043779729,172.0,295.23143480809034,243.0538361801367,187.92789868411623,304.569777570559,274.0766040090474,239.12525790054443,45.5625,DBF,40.0,1.8663993750000003,74.65597500000001,1.2409176524999999,49.6367061,15.492899999999997,250.35847499999994,7.107249999999999,263.82500000000005,68.0,2.339865852941177,159.110878,1.9497784999999999,132.584938,133.0,1.99581396969697,265.443257969697,1.6426918636363637,218.47801786363635,17.57809022556391,210.3511503759398,6.132097744360903,1289.416,107.0,2.160756289719626,231.200923,1.68655106635514,180.46096409999998,142.0,2.144245056338028,304.482798,1.6855670985915492,239.350528,172.0,1.962207538011696,337.4996965380117,1.5480196029239766,266.25937170292394,35.0,2.093767857142857,73.28187499999999,1.6825589685714288,58.889563900000006
US-UMd,2025,EVI,fixed,132.53388488814355,172.0,302.2291057527325,286.9688359262311,265.7522205392796,306.5396226760968,284.18249053667887,253.6192407546129,45.5625,DBF,40.0,1.8663993750000003,74.65597500000001,1.2409176524999999,49.6367061,15.492899999999997,250.35847499999994,7.107249999999999,263.82500000000005,82.0,2.2629545121951216,185.56226999999996,1.895935437804878,155.4667059,135.0,1.99581396969697,269.43488590909095,1.6426918636363637,221.7634015909091,17.387540740740743,208.33905925925922,6.081311111111112,1293.902,121.0,2.1293579752066116,257.652315,1.680518446280992,203.342732,152.0,2.082136375,316.484729,1.6379263888157896,248.96481110000002,174.0,1.962207538011696,341.4241116140351,1.5480196029239766,269.35541090877194,31.0,1.897819806451613,58.832414,1.471679970967742,45.6220791
US-UMd,2025,NIRv,fixed,131.75881983751844,172.0,302.86798457608955,287.4828559067487,264.54721924074346,306.3601054174117,282.5000285216426,250.17946938632195,45.5625,DBF,41.0,1.8265871219512193,74.89007199999999,1.202021904878049,49.282898100000004,15.57229268292683,252.31219512195125,7.30309756097561,263.825,79.0,2.2657589873417723,178.99496000000002,1.8879004544303795,149.14413589999998,135.0,1.99581396969697,269.43488590909095,1.6426918636363637,221.7634015909091,17.387540740740743,208.33905925925922,6.081311111111112,1293.902,119.0,2.1119252268907562,251.319102,1.6526584369747899,196.66635399999998,151.0,2.0888233642384106,315.412328,1.640445517218543,247.7072731,175.0,1.9521603837209303,341.6280671511628,1.5369624656976746,268.96843149709304,32.0,2.0029133125,64.093226,1.5950287218749999,51.040919099999996
US-Var,2013,NDVI,fixed,,172.0,154.1066685378567,119.20173998617176,100.57360013959313,198.874959052514,158.36167321838187,137.0220183782259,38.4133,GRA,,,,,,,,,,,,,,,27.0,-0.2363215925925926,-6.380683,-0.4385521851851852,-11.840909,25.725888888888885,344.5547777777778,24.144814814814815,6.096,,,,,,,,,,,,,,,,21.0,-0.28915015714285713,-6.0721533,-0.6557609999999999,-13.770980999999999
US-Var,2013,EVI,fixed,103.0327128403832,172.0,158.68955253194744,126.24780034775672,110.55718052480624,179.191415213915,136.25427342005165,114.65092383858905,38.4133,GRA,69.0,0.9314051623188407,64.26695620000001,-0.027734523768115922,-1.9136821399999986,19.390434782608693,334.89513043478263,15.015710144927537,4.8260000000000005,,,,,,8.0,-0.20859849999999994,-1.6687879999999995,-0.491111125,-3.928889,23.423125,296.02837500000004,16.638,6.096,11.0,4.906235454545455,53.968590000000006,2.121959636363636,23.341555999999997,33.0,2.266374754545455,74.79036690000001,0.5686113290909092,18.764173860000003,76.0,0.8273255947368422,62.87674520000001,-0.0712810939473684,-5.417363139999998,22.0,0.9464444045454545,20.8217769,-0.20806282454545455,-4.57738214
US-Var,2013,NIRv,fixed,,172.0,152.2787934892856,118.6395774940121,100.50312374316948,160.21843900586813,134.57554585226734,113.51226732025646,38.4133,GRA,,,,,,,,,,,,,,,,,,,,,,,,,,,,,,,,,,,,,,,21.0,1.1617371,24.3964791,-0.10952262571428571,-2.29997514
US-Var,2014,NDVI,fixed,41.74571780124924,172.0,160.36195732147382,136.3555938607513,115.95144190624636,198.874959052514,158.36167321838187,137.0220183782259,38.4133,GRA,131.0,4.449274419847328,582.854949,0.824178296946565,107.96735690000001,16.64696183206107,272.97343511450384,10.92432061068702,206.50199999999998,,,,,,27.0,-0.3961242222222222,-10.695354,-0.4587994074074074,-12.387583999999999,24.438148148148144,354.7128148148148,21.59588888888889,0.0,96.0,6.166546614583335,591.9884750000001,1.4071156031249998,135.08309789999998,117.0,5.043323358974359,590.0688329999999,0.9948166059829061,116.39354290000001,157.0,3.6484432292993634,572.8055870000001,0.6129586426751592,96.2345069,21.0,-0.09141152380952382,-1.919642,-0.8899788095238096,-18.689555000000002
US-Var,2014,EVI,fixed,47.111274252266,172.0,153.50857810335134,132.78700570065394,115.351560735901,179.191415213915,136.25427342005165,114.65092383858905,38.4133,GRA,125.0,4.591298159999999,573.9122699999999,0.9616866952,120.2108369,16.80584,279.6729679999999,11.279192000000002,202.18399999999997,,,,,,8.0,-0.6479278749999999,-5.1834229999999994,-0.6659431250000001,-5.327545000000001,22.324374999999996,369.44624999999996,17.582875,0.0,67.0,7.045192970149254,472.02792900000003,1.52117522238806,101.91873990000002,89.0,6.543473359550562,582.369129,1.663627920224719,148.0628849,132.0,4.3134457500000005,569.3748390000001,0.875288075,115.53802590000001,22.0,5.015509090909091,110.3412,2.0974611363636364,46.144145
US-Var,2014,NIRv,fixed,58.40949362472446,172.0,150.94092446369976,131.31104286661142,113.88129760240275,160.21843900586813,134.57554585226734,113.51226732025646,38.4133,GRA,114.0,4.8079734210526315,548.10897,1.1633366921052632,132.6203829,17.23321052631579,289.57395614035084,11.796640350877192,176.784,,,,,,,,,,,,,,,55.0,7.954732345454546,437.510279,2.0026930163636365,110.14811590000001,76.0,7.308295052631582,555.4304240000002,2.139034617105263,162.56663089999998,102.0,5.4344696568627455,554.315905,1.369449342156862,139.68383289999994,21.0,5.615245,117.92014499999999,2.4961197619047617,52.418515
US-Var,2015,NDVI,fixed,18.186391650449167,172.0,362.0,136.29949552560646,98.2271092448537,198.874959052514,158.36167321838187,137.0220183782259,38.4133,GRA,154.0,3.3728323025974025,519.4161746,0.32742958636363634,50.42415629999999,15.29348051948052,246.21366233766236,8.755902597402597,222.758,,,,,,27.0,-0.3677302962962963,-9.928718,-0.5263014814814815,-14.210139999999999,24.283888888888892,341.0817777777778,20.38862962962963,0.0,119.0,4.07986738907563,485.50421929999993,0.656188725210084,78.08645829999999,140.0,3.739181205,523.4853687,0.4715794378571429,66.0211213,180.0,2.8332430477777777,509.9837486,0.20609055166666665,37.0962993,21.0,1.8086261619047619,37.9811494,-0.5745398571428572,-12.065337
US-Var,2015,EVI,fixed,20.352563068055137,172.0,164.0621697898216,136.2898473974561,108.5707328193142,179.191415213915,136.25427342005165,114.65092383858905,38.4133,GRA,152.0,3.4189840874999997,519.6855813,0.35532477828947373,54.00936630000001,15.373065789473685,249.15392105263157,8.853690789473683,222.25,,,,,,8.0,-0.427598875,-3.420791,-0.763092875,-6.104743,25.009625,359.87037499999997,23.840875,0.0,94.0,4.36945585106383,410.7288500000001,0.5745570499999999,54.00836269999999,116.0,4.147191431034482,481.07420599999995,0.6853021405172414,79.4950483,159.0,3.2500697,516.7610823,0.3068358886792453,48.786906300000005,22.0,3.197516181818182,70.34535600000001,1.158485709090909,25.4866856
US-Var,2015,NIRv,fixed,21.501064688193,172.0,160.64511284457205,133.68659266050017,106.76914155877104,160.21843900586813,134.57554585226734,113.51226732025646,38.4133,GRA,151.0,3.4348633860927142,518.6643712999999,0.3596044721854305,54.30027530000001,15.416900662251658,250.2233509933775,8.901688741721854,222.25,,,,,,,,,,,,,,,92.0,4.411028369565218,405.8146100000001,0.562152627173913,51.7180417,113.0,4.191875628318584,473.68194600000004,0.6936336221238938,78.3805993,139.0,3.7645570100719428,523.2734244000001,0.4853219446043166,67.45975030000001,21.0,3.2317779047619046,67.867336,1.2696456,26.6625576
US-Var,2016,NDVI,fixed,,173.0,374.0,374.0,374.0,198.874959052514,158.36167321838187,137.0220183782259,38.4133,GRA,,,,,,,,,,,,,,,26.0,-0.2842071769230769,-7.389386599999999,-0.4701229615384615,-12.223196999999999,24.737769230769228,371.9825384615384,23.625692307692304,0.0,,,,,,,,,,,,,,,,21.0,1.0047022380952382,21.098747000000003,-0.2215918238095238,-4.6534283
US-Var,2016,EVI,fixed,11.590717344464144,173.0,374.0,144.06259164070534,117.11014626317004,179.191415213915,136.25427342005165,114.65092383858905,38.4133,GRA,162.0,4.705980711728396,762.3688753000001,0.8590096271604938,139.1595596,15.567234567901233,229.9374012345679,8.248283950617283,377.19000000000005,,,,,,7.0,-0.34018871428571434,-2.3813210000000002,-0.5711747142857143,-3.9982230000000003,26.107142857142858,381.4208571428572,27.734714285714286,0.0,103.0,5.884933815533981,606.148183,1.034860882524272,106.59067090000002,125.0,5.9428628560000005,742.8578570000001,1.2149246072000002,151.8655759,168.0,4.525136454166666,760.2229242999998,0.8078493011904762,135.7186826,22.0,6.2140760909090895,136.70967399999998,2.0579502272727277,45.27490500000001
US-Var,2016,NIRv,fixed,18.251660906132415,173.0,161.2146451573421,138.21372121256957,118.40743847601898,160.21843900586813,134.57554585226734,113.51226732025646,38.4133,GRA,155.0,4.807428679354839,745.1514453,0.9299276296774195,144.1387826,15.746438709677422,236.59189032258067,8.47663870967742,334.01000000000005,,,,,,,,,,,,,,,95.0,6.082344768421053,577.822753,1.117550777894737,106.1673239,116.0,6.178143939655174,716.6646970000002,1.3223096456896555,153.38791890000005,142.0,5.28065135915493,749.852493,1.0714781873239436,152.1499026,21.0,6.611521142857144,138.841944,2.248599761904762,47.220595
US-Var,2017,NDVI,fixed,87.36268801153007,172.0,163.69247617461286,139.16037669268445,116.75036267196135,198.874959052514,158.36167321838187,137.0220183782259,38.4133,GRA,85.0,3.6178736588235303,307.5192610000001,0.5320444235294117,45.223775999999994,17.686764705882354,296.2940117647059,10.936035294117646,98.04400000000001,,,,,,27.0,-0.5714325925925926,-15.42868,-0.9471140740740741,-25.57208,26.294740740740743,367.4465555555557,25.427814814814813,0.0,50.0,5.709925200000002,285.49626000000006,1.7109126299999997,85.54563149999998,71.0,4.426014563380282,314.24703400000004,0.9077730563380282,64.451887,111.0,2.633655990990991,292.335815,0.18797266666666665,20.864966,21.0,1.3690844761904761,28.750774,-1.0044640238095237,-21.0937445
US-Var,2017,EVI,fixed,7.726139906408008,172.0,160.67034385651849,135.1288028218476,109.65772321875312,179.191415213915,136.25427342005165,114.65092383858905,38.4133,GRA,165.0,3.0900118975757582,509.8519631000001,0.16786762230303032,27.69815768,14.528230303030302,217.7470121212121,7.272636363636364,694.4359999999999,,,,,,8.0,-0.398557,-3.188456,-1.1529075,-9.22326,25.34975,369.017875,21.306375,0.0,107.0,3.214224131775701,343.92198210000004,0.1966925157009346,21.046099180000002,129.0,3.748576450387597,483.5663621,0.5223752339534885,67.38640518000001,172.0,2.9471438436046515,506.90874110000004,0.11446609116279069,19.68816768,22.0,6.347471818181819,139.64438,2.1063775454545457,46.340306000000005
US-Var,2017,NIRv,fixed,7.854522671152085,172.0,159.44062009141152,136.4374817163777,113.48392823770652,160.21843900586813,134.57554585226734,113.51226732025646,38.4133,GRA,165.0,3.0900118975757582,509.8519631000001,0.16786762230303032,27.69815768,14.528230303030302,217.7470121212121,7.272636363636364,694.4359999999999,,,,,,,,,,,,,,,106.0,3.1887746424528305,338.0101121,0.18889499226415096,20.02286918,127.0,3.7496112763779528,476.2006321,0.5240853636220472,66.55884117999999,153.0,3.36952524248366,515.5373621,0.2857147560784314,43.71435768,21.0,6.580500952380951,138.19051999999996,2.2159986666666667,46.535972
US-Var,2018,NDVI,fixed,29.264226009274317,172.0,169.58535810804787,148.2310282384458,128.97358879253883,198.874959052514,158.36167321838187,137.0220183782259,38.4133,GRA,143.0,4.305582135915492,615.6982454359154,0.2992412160839161,42.7914939,14.27534965034965,254.62330069930067,7.907951048951049,322.322,,,,,,27.0,-0.6896049259259261,-18.619333000000005,-0.905441925925926,-24.446932,24.959814814814813,359.31055555555554,23.357666666666674,0.0,108.0,5.572538925233646,601.8342039252337,0.6347696935185184,68.55512689999999,129.0,4.85427314296875,626.2012354429687,0.4655509139534884,60.0560679,169.0,3.5323837458333327,596.9728530458332,0.11438157337278106,19.3304859,21.0,1.1945379666666667,25.0852973,-0.4047170952380953,-8.499059
US-Var,2018,EVI,fixed,30.866605924433166,172.0,162.43578760650448,145.30977321157172,129.96298142581617,179.191415213915,136.25427342005165,114.65092383858905,38.4133,GRA,142.0,4.305677966666667,611.4062712666667,0.30510537957746475,43.32496389999999,14.297084507042255,255.3664929577465,7.933760563380282,322.322,,,,,,8.0,-0.740418,-5.923344,-1.00246325,-8.019706,23.84225,374.915125,21.707250000000002,0.0,84.0,5.283067168674699,443.77764216867473,0.23179811785714288,19.471041900000003,106.0,5.599339666666667,593.5300046666667,0.6419382726415095,68.0454569,149.0,4.0665161371621625,605.9109044371622,0.2435649791946309,36.291181900000005,22.0,6.792549545454545,149.43608999999998,2.2079279545454544,48.574414999999995
US-Var,2018,NIRv,fixed,32.64543270621256,172.0,160.30363039007364,144.9565019893291,131.2201365563203,160.21843900586813,134.57554585226734,113.51226732025646,38.4133,GRA,140.0,4.310036930215827,603.4051702302158,0.316552485,44.3173479,14.329992857142857,256.88102142857144,7.984221428571428,322.32200000000006,,,,,,,,,,,,,,,81.0,5.2733708125,427.1430358125,0.22053389999999998,17.8632459,102.0,5.6750581683168315,578.8559331683168,0.6600374107843139,67.32381590000001,128.0,4.789020868503936,612.9946711685038,0.4633665773437501,59.31092190000001,21.0,7.205295714285714,151.31121,2.355265238095238,49.46057
US-Var,2019,NDVI,fixed,23.84880265361166,172.0,183.0937515573133,144.96920445759045,116.18661990324703,198.874959052514,158.36167321838187,137.0220183782259,38.4133,GRA,149.0,5.02076977181208,748.0946959999999,0.8575604389261743,127.77650539999996,14.144704697986574,228.31488590604025,7.228865771812082,517.652,,,,,,27.0,-0.03650899259259259,-0.9857427999999999,-0.8142731851851853,-21.985376000000002,23.051,360.13337037037024,18.843185185185185,0.0,114.0,5.7914085,660.2205690000001,1.5025561570175436,171.29140189999998,135.0,5.468597474074073,738.2606589999999,1.0661718844444443,143.9332044,175.0,4.269277633142857,747.1235858,0.6098682251428572,106.7269394,21.0,3.716194761904762,78.04009,-1.3027713095238096,-27.358197500000003
US-Var,2019,EVI,fixed,17.0,172.0,165.68386193766625,135.54171299505492,116.15932699779744,179.191415213915,136.25427342005165,114.65092383858905,38.4133,GRA,156.0,4.864139839743589,758.8058149999999,0.7748471499999998,120.87615539999997,13.970666666666663,222.47666025641024,7.00873717948718,540.258,,,,,,8.0,0.037365699999999995,0.29892559999999996,-0.900288125,-7.202305,22.353250000000003,354.96875,18.581375,0.0,98.0,5.399558265306122,529.15671,1.0577123775510204,103.65581300000001,120.0,5.572301066666667,668.6761280000001,1.3721176574999998,164.6541189,163.0,4.657174068711656,759.1193731999999,0.7031267509202453,114.6096604,22.0,6.341791727272729,139.51941800000003,2.772650268181818,60.9983059
US-Var,2019,NIRv,fixed,27.880495481458727,172.0,165.88405000468745,137.5020090312686,116.10973404350489,160.21843900586813,134.57554585226734,113.51226732025646,38.4133,GRA,145.0,5.075458662068965,735.941506,0.9025512027586207,130.8699244,14.260337931034481,230.6209172413793,7.319724137931034,517.652,,,,,,,,,,,,,,,86.0,5.774534895348838,496.61000100000007,1.285908976744186,110.588172,107.0,6.041529242990654,646.443629,1.6507540925233644,176.6306879,133.0,5.490271872180451,730.2061590000001,1.0912704616541353,145.1389714,21.0,7.134934666666668,149.83362800000003,3.14488170952381,66.04251590000001
US-Var,2020,NDVI,fixed,25.70746159562385,173.0,164.49016828809704,142.32358874619473,122.3755297913158,198.874959052514,158.36167321838187,137.0220183782259,38.4133,GRA,148.0,4.118813094141891,609.5843379329999,1.0607431486486487,156.98998600000002,15.051533783783784,245.85581756756756,9.491297297297297,238.25199999999998,,,,,,26.0,0.13072092692307694,3.3987441000000005,-0.46148657692307693,-11.998651,25.15369230769231,369.4854615384615,23.213,0.0,112.0,5.2304435089285715,585.809673,1.5731433482142858,176.192055,133.0,4.549736482706767,605.1149522000001,1.2794094661654134,170.16145899999998,173.0,3.5416549712890175,612.706310033,0.8416638208092486,145.607841,21.0,0.9192990095238094,19.305279199999998,-0.28717123809523804,-6.030595999999999
US-Var,2020,EVI,fixed,26.018938747655227,173.0,156.4360682532971,135.44413552331395,117.1108229142455,179.191415213915,136.25427342005165,114.65092383858905,38.4133,GRA,147.0,4.1283556321972785,606.868277933,1.0638937278911564,156.392378,15.0707074829932,246.9223605442177,9.540224489795918,223.266,,,,,,7.0,0.056588799999999995,0.39612159999999996,-0.5503478571428572,-3.8524350000000003,26.60928571428571,369.3,23.074142857142856,0.0,88.0,5.363404886363636,471.97962999999993,1.5251824772727274,134.216058,110.0,5.289837572727273,581.8821330000001,1.5870012454545457,174.57013700000002,153.0,3.967239395640523,606.987627533,1.0010225424836603,153.15644900000004,22.0,4.995568318181818,109.902503,1.8342763181818178,40.35407899999999
US-Var,2020,NIRv,fixed,27.93424394323344,173.0,153.91484066202014,134.5751941044682,117.87425066661336,160.21843900586813,134.57554585226734,113.51226732025646,38.4133,GRA,146.0,4.134217862554795,603.5958079330001,1.067122904109589,155.799944,15.100410958904108,247.69273287671228,9.585671232876711,223.266,,,,,,,,,,,,,,,86.0,5.33495534883721,458.80616000000003,1.5262446976744186,131.257044,107.0,5.385205401869159,576.216978,1.5928489158878507,170.43483400000002,133.0,4.503154439097745,598.9195404000001,1.2562994887218044,167.087832,21.0,5.590991333333333,117.41081799999999,1.8656090476190474,39.177789999999995
US-Var,2022,NDVI,fixed,,172.0,161.54878396967544,131.61109159928304,101.67988838323409,198.874959052514,158.36167321838187,137.0220183782259,38.4133,GRA,,,,,,,,,,,,,,,27.0,0.2208983333333333,5.964255,-0.11062486296296298,-2.9868713000000002,25.01611111111111,357.7331111111111,24.17274074074074,0.0,,,,,,,,,,,,,,,,21.0,0.4118870952380953,8.649629000000001,-0.449349380952381,-9.436337
US-Var,2022,EVI,fixed,3.989139031802707,172.0,166.0289145974684,121.01861533846514,84.41656484170599,179.191415213915,136.25427342005165,114.65092383858905,38.4133,GRA,169.0,4.431828279881657,748.9789793,0.8829854207100591,149.2245361,14.346325443786982,237.79707100591716,9.515621301775147,103.42,,,,,,8.0,0.1476815,1.181452,-0.20379287499999998,-1.6303429999999999,28.144000000000002,356.87649999999996,32.5015,0.0,111.0,5.977182432432433,663.46725,1.326977399099099,147.29449129999998,133.0,5.541641248120301,737.038286,1.220010862406015,162.2614447,176.0,4.261427984659091,750.0113253,0.8399562903409091,147.8323071,22.0,3.3441380000000005,73.571036,0.6803160636363637,14.966953400000001
US-Var,2022,NIRv,fixed,3.926122817903039,172.0,163.01530833592224,118.41944068014496,82.55514499993747,160.21843900586813,134.57554585226734,113.51226732025646,38.4133,GRA,169.0,4.431828279881657,748.9789793,0.8829854207100591,149.2245361,14.346325443786982,237.79707100591716,9.515621301775147,103.42,,,,,,,,,,,,,,,110.0,5.967664454545455,656.44309,1.326455739090909,145.9101313,131.0,5.6108874045801524,735.02625,1.246146944274809,163.2452497,157.0,4.756906707006369,746.834353,0.9646588006369426,151.4514317,21.0,3.7420552380952383,78.58316,0.8254818285714284,17.335118399999995
US-Var,2023,NDVI,fixed,20.38929575642232,172.0,169.71208231065893,146.01358996030325,124.30680337238536,198.874959052514,158.36167321838187,137.0220183782259,38.4133,GRA,152.0,4.142015322368421,629.586329,0.6823603864473684,103.71877874,12.72846052631579,233.46267763157894,6.773157894736842,273.05,,,,,,27.0,-0.07043281851851853,-1.9016861000000003,-0.5118258148148148,-13.819297,23.69533333333333,360.6666666666666,21.32159259259259,0.0,117.0,5.163008752136752,604.0720239999999,0.9777485213675214,114.39657700000001,138.0,4.559645630434782,629.231097,0.7912644039130434,109.19448774,178.0,3.528380903932584,628.0518009,0.5085037288764045,90.51366374,21.0,1.198051095238095,25.159072999999992,-0.2477185361904762,-5.20208926
US-Var,2023,EVI,fixed,20.48657015806296,172.0,171.0830433876372,144.6371565491151,122.5375630288989,179.191415213915,136.25427342005165,114.65092383858905,38.4133,GRA,152.0,4.142015322368421,629.586329,0.6823603864473684,103.71877874,12.72846052631579,233.46267763157894,6.773157894736842,273.05,,,,,,8.0,-0.13697627499999998,-1.0958101999999998,-0.449692875,-3.597543,18.631499999999996,359.984125,11.975125,0.0,94.0,4.9158839787234045,462.093094,0.7612016382978722,71.55295399999999,116.0,5.183223827586207,601.253964,0.9940164827586208,115.305912,159.0,3.955079728301887,628.8576768,0.6335560864150943,100.73541773999999,22.0,6.32549409090909,139.16087,1.9887708181818184,43.75295800000001
US-Var,2023,NIRv,fixed,21.850612966488764,172.0,179.4203650521534,145.69770950721335,120.11035584016406,160.21843900586813,134.57554585226734,113.51226732025646,38.4133,GRA,151.0,4.156668139072847,627.656889,0.6897242764238409,104.14836573999997,12.7732119205298,234.05014569536425,6.799324503311257,273.05,,,,,,,,,,,,,,,92.0,4.894022869565218,450.250104,0.7379183804347825,67.88849099999999,113.0,5.235266053097346,591.5850640000001,1.0288089999999999,116.25541699999998,139.0,4.519061791366907,628.1495890000001,0.7849009837410073,109.10123674,21.0,6.73023619047619,141.33496,2.3031869523809525,48.366926
US-Var,2024,NDVI,fixed,20.81893839025212,173.0,164.50356270870057,144.87215348830603,126.84908089834276,198.874959052514,158.36167321838187,137.0220183782259,38.4133,GRA,153.0,5.330791379300653,815.6110810329999,0.6597521346405228,100.9420766,14.66881699346405,236.24379738562092,7.496660130718954,343.115,,,,,,26.0,0.020055328846153846,0.52143855,-0.4886568476923077,-12.70507804,27.912730769230766,346.4333846153846,28.16930769230769,0.0,117.0,6.629616581196581,775.66514,0.9601490051282052,112.33743360000001,138.0,5.931920742702898,818.605062493,0.8158014608695653,112.58060160000001,178.0,4.584994680297753,816.129053093,0.49882668853932577,88.79115055999999,21.0,2.0447582139523806,42.93992249299999,0.011579428571428626,0.24316800000000113
US-Var,2024,EVI,fixed,20.87245125143098,173.0,160.4557498804446,144.36746457826249,128.27940466820343,179.191415213915,136.25427342005165,114.65092383858905,38.4133,GRA,153.0,5.330791379300653,815.6110810329999,0.6597521346405228,100.9420766,14.66881699346405,236.24379738562092,7.496660130718954,343.115,,,,,,7.0,-0.010335872857142856,-0.07235111,-0.6074445714285714,-4.252112,26.32928571428571,354.37842857142857,25.991285714285713,0.0,94.0,6.404764680851064,602.04788,0.6056568468085106,56.9317436,116.0,6.64355448275862,770.6523199999999,0.9538105482758622,110.64202360000002,159.0,5.129152600207547,815.535263433,0.6115982176100628,97.24411659999998,22.0,7.663838181818181,168.60443999999998,2.4413763636363637,53.71028
US-Var,2024,NIRv,fixed,24.161087150816883,173.0,159.00108506034175,140.93329045627576,124.6502102295197,160.21843900586813,134.57554585226734,113.51226732025646,38.4133,GRA,149.0,5.416301886127517,807.028981033,0.7010835208053691,104.4614446,14.738785234899327,240.88677181208055,7.652429530201342,314.413,,,,,,,,,,,,,,,89.0,6.556674943820225,583.54407,0.6540685573033708,58.2121016,110.0,6.827958999999998,751.0754899999998,1.0021681054545457,110.23849160000003,136.0,5.9538093050955885,809.718065493,0.8382236661764706,113.99841860000001,21.0,7.977686666666666,167.53142,2.4774471428571427,52.02639
US-Var,2025,NDVI,fixed,15.209654868836948,172.0,159.40469965373137,137.30221606524512,118.39019543499252,198.874959052514,158.36167321838187,137.0220183782259,38.4133,GRA,157.0,4.522940968152866,710.1017319999999,0.656326658535032,103.04328539000002,14.118108280254775,238.36292993630576,7.504299363057324,294.198,,,,,,27.0,0.44725233333333325,12.075812999999998,-0.0026378314814814803,-0.07122144999999996,23.53862962962963,361.5732592592592,19.513851851851854,0.0,122.0,5.59618786885246,682.7349200000001,0.8232397236885247,100.43524629000001,143.0,4.937065041958041,706.0003009999999,0.7087178901398601,101.34665829,183.0,3.94411193442623,721.7724840000001,0.561715655409836,102.79396494,21.0,1.1078752857142857,23.265381,0.04340057142857144,0.9114120000000002
US-Var,2025,EVI,fixed,24.414118855810447,172.0,157.24291262232316,134.2163749364168,116.0970786244565,179.191415213915,136.25427342005165,114.65092383858905,38.4133,GRA,148.0,4.666879540540541,690.6981720000001,0.7230943269594595,107.01796039000001,14.485222972972974,244.18922297297294,7.686493243243244,294.197,,,,,,8.0,0.534766875,4.278135,0.044452348749999995,0.35561878999999996,22.127000000000002,366.76725,17.955375,0.0,90.0,6.057005666666666,545.13051,0.6407939921111111,57.67145929,112.0,5.902640535714285,661.09574,0.9264481186607144,103.76218929000001,155.0,4.481104812903226,694.571246,0.6915837430967742,107.19548017999999,22.0,5.271146818181818,115.96523,2.095033181818182,46.09073000000001
US-Var,2025,NIRv,fixed,38.93099769733662,172.0,156.5618925189081,134.53398850843715,116.58244588894898,160.21843900586813,134.57554585226734,113.51226732025646,38.4133,GRA,134.0,4.914221208955222,658.5056419999999,0.9024746066417911,120.93159729000001,15.071865671641792,259.19745522388064,8.198604477611939,192.63600000000005,,,,,,,,,,,,,,,75.0,6.7244528,504.33396,0.9033008825333333,67.74756619,96.0,6.499074479166666,623.9111499999999,1.2126543353125,116.41481619000001,122.0,5.369566983606558,655.087172,0.9776555835245903,119.27398119000001,21.0,5.694151904761904,119.57718999999999,2.317488095238095,48.667249999999996
US-Vcm,2014,NDVI,fixed,100.99186989048088,172.0,306.1436558949404,281.3314446444249,253.96258135392756,312.1903826255316,281.75406130912506,246.18477030123657,35.8885,ENF,72.0,1.1253550277777777,81.025562,-0.03490311902777776,-2.513024569999999,7.022819444444444,311.9602638888889,7.524291666666667,56.82299999999999,75.0,1.939188186666667,145.43911400000002,-0.48602496120000005,-36.45187209,141.0,1.6587872695035462,233.889005,-0.34356330070921987,-48.4424254,10.93878014184397,245.07045390070917,7.060113475177306,271.36699999999996,146.0,1.5392528493150683,224.73091599999998,-0.26808451821917806,-39.140339659999995,181.0,1.6058976685082873,290.667478,-0.22545292580110496,-40.806979569999996,212.0,1.4772679575471697,313.18080699999996,-0.2411834574056604,-51.130892970000005,35.0,1.8839017714285717,65.93656200000001,-0.04761828314285714,-1.66663991
US-Vcm,2014,EVI,fixed,76.31757900936182,172.0,308.600642158694,287.91093844423216,259.97254053964264,309.2806912542516,273.66658052577117,236.80420209657188,35.8885,ENF,96.0,1.0017597083333334,96.16893200000001,0.0025135679166666627,0.24130251999999963,5.214260416666666,307.941375,6.70071875,66.24199999999999,65.0,1.8427469846153846,119.778554,-0.5782769552307692,-37.588002089999996,138.0,1.6816492753623191,232.06760000000003,-0.34221413333333334,-47.2255504,11.050492753623187,245.74513043478262,7.074789855072464,271.36699999999996,160.0,1.3388357874999999,214.21372599999998,-0.2345133910625,-37.52214257,197.0,1.498157086294416,295.13694599999997,-0.19703316741116747,-38.81553397999999,233.0,1.401299450643777,326.50277200000005,-0.20240210678111586,-47.15969088,37.0,2.1871140540540543,80.92322000000001,-0.03495652459459459,-1.29339141
US-Vcm,2014,NIRv,fixed,78.87046839744953,172.0,308.5979002346173,288.9984496334568,263.16354218432144,309.31911110207375,272.6194238452009,236.027387509363,35.8885,ENF,94.0,1.0102785212765957,94.96618099999999,-0.004271739148936171,-0.40154348000000006,5.437180851063831,307.8308191489362,6.778372340425531,66.24199999999999,65.0,1.8427469846153846,119.778554,-0.5782769552307692,-37.588002089999996,138.0,1.6816492753623191,232.06760000000003,-0.34221413333333334,-47.2255504,11.050492753623187,245.74513043478262,7.074789855072464,271.36699999999996,158.0,1.3481707278481014,213.01097500000003,-0.24155056056962024,-38.16498857,194.0,1.506965386597938,292.35128499999996,-0.20487362876288653,-39.74548397999999,231.0,1.408225199134199,325.30002099999996,-0.20693738909090909,-47.80253688,36.0,2.2038975000000005,79.34031000000002,-0.043902650277777774,-1.58049541
US-Vcm,2016,NDVI,fixed,143.6123607527956,173.0,301.28931867111334,286.0307851371096,270.6302121270236,312.1903826255316,281.75406130912506,246.18477030123657,35.8885,ENF,30.0,2.9653556666666674,88.96067000000002,1.2594446333333331,37.78333899999999,12.136866666666664,326.48586666666665,9.741433333333335,22.046999999999997,74.0,2.7147600000000005,200.89224000000004,0.3179152702702703,23.52573,140.0,2.262458557142857,316.744198,0.43236296214285713,60.5308147,11.134807142857145,235.41244285714285,7.4112928571428585,261.692,103.0,2.7881538834951454,287.17985,0.5853148446601942,60.287429,138.0,2.6624757971014494,367.42166000000003,0.6043506449275362,83.40038899999999,169.0,2.384803597633136,403.031808,0.5756953473372781,97.2925137,35.0,2.292623142857143,80.24181,0.6603702857142857,23.112959999999998
US-Vcm,2016,EVI,fixed,136.5087696817764,173.0,300.5906405485011,281.6372561405027,262.3542038762342,309.2806912542516,273.66658052577117,236.80420209657188,35.8885,ENF,37.0,2.712085675675676,100.34717,1.145502116216216,42.38357829999999,11.040297297297295,316.2948918918919,8.936945945945947,27.283,64.0,2.67443609375,171.16391,0.211524859375,13.537591,137.0,2.2897818978102187,313.70011999999997,0.42991510729927007,58.898369699999996,11.280372262773723,238.17788321167885,7.496145985401459,249.248,100.0,2.6883801999999997,268.83802,0.548995293,54.899529300000005,137.0,2.655472116788321,363.79967999999997,0.5911004912408759,80.9807673,173.0,2.3778857225433527,411.37423,0.5795393526011561,100.260308,37.0,2.566531351351351,94.96166,0.7048983243243244,26.081238000000003
US-Vcm,2016,NIRv,fixed,141.60456480020517,173.0,299.4640357532131,279.7538587475749,259.6941153580905,309.31911110207375,272.6194238452009,236.027387509363,35.8885,ENF,32.0,2.89372875,92.59932,1.22897583125,39.3272266,11.955,330.73693749999995,9.6773125,22.046999999999997,64.0,2.67443609375,171.16391,0.211524859375,13.537591,137.0,2.2897818978102187,313.70011999999997,0.42991510729927007,58.898369699999996,11.280372262773723,238.17788321167885,7.496145985401459,249.248,95.0,2.7483175789473684,261.09017,0.5457176589473685,51.843177600000004,131.0,2.705097175572519,354.36773,0.5920124244274809,77.5536276,168.0,2.4025379761904766,403.62638000000004,0.5785949779761905,97.20395630000002,36.0,2.591043333333333,93.27755999999998,0.7141791666666667,25.71045
US-Vcm,2019,NDVI,fixed,134.27635085378287,172.0,306.9130329354258,279.5625377488196,250.06238176871065,312.1903826255316,281.75406130912506,246.18477030123657,35.8885,ENF,38.0,2.484481921052631,94.41031299999999,0.9837603815789475,37.382894500000006,8.182421052631579,306.9498421052632,7.013315789473685,15.103999999999997,75.0,2.7108590666666665,203.31443,0.6762695578666666,50.72021684,141.0,1.9577810929078014,276.0471341,0.4681102208510639,66.00354114000001,11.273375886524821,254.80075886524816,8.571432624113475,192.95799999999997,112.0,2.6213550267857144,293.591763,0.7654405476785714,85.72934133999999,147.0,2.3743841428571426,349.03446899999994,0.6361221063945578,93.50994964,178.0,2.0580026241573033,366.3244671,0.5674868856179776,101.01266564000001,35.0,1.5840773142857143,55.442706,0.22230309428571426,7.780608299999999
US-Vcm,2019,EVI,fixed,126.7135652066414,172.0,302.6371766293969,271.51770105207936,237.85902297497816,309.2806912542516,273.66658052577117,236.80420209657188,35.8885,ENF,46.0,2.2529496739130437,103.63568500000001,0.8235037500000001,37.881172500000005,7.439826086956521,291.3220434782609,6.470521739130435,45.77799999999999,65.0,2.805238615384615,182.34050999999997,0.7101346852307693,46.158754540000004,138.0,1.9946856239130433,275.26661609999996,0.47694286550724635,65.81811544,11.450065217391304,257.51739855072464,8.673775362318842,192.718,110.0,2.562211045454546,281.84321500000004,0.7424196094545453,81.66615703999999,147.0,2.375304387755102,349.16974500000003,0.6359601866666666,93.48614744,183.0,2.047919787431694,374.76932109999996,0.5536913548633879,101.32551794,37.0,1.8196359459459461,67.32653,0.31945919999999994,11.819990399999998
US-Vcm,2019,NIRv,fixed,121.26060607954888,172.0,316.36929511403883,273.5581664865601,225.5650627327364,309.31911110207375,272.6194238452009,236.027387509363,35.8885,ENF,51.0,2.1494632352941174,109.62262499999999,0.7483638803921568,38.1665579,7.362980392156862,296.1454509803921,6.574960784313725,46.11,65.0,2.805238615384615,182.34050999999997,0.7101346852307693,46.158754540000004,138.0,1.9946856239130433,275.26661609999996,0.47694286550724635,65.81811544,11.450065217391304,257.51739855072464,8.673775362318842,192.718,115.0,2.5028709130434788,287.83015500000005,0.712622108173913,81.95154244,151.0,2.3434253311258275,353.85722499999997,0.6222080055629139,93.95340884,188.0,2.0252992611702125,380.75626109999996,0.5404835284042554,101.61090334000002,36.0,1.834085277777778,66.02707000000001,0.33338517777777776,12.001866399999999
US-Vcm,2020,NDVI,fixed,125.33823087769638,173.0,315.4210612940491,279.52012741823063,233.2275509493067,312.1903826255316,281.75406130912506,246.18477030123657,35.8885,ENF,48.0,1.8830285624999998,90.38537099999999,0.49651454375000004,23.8326981,10.881541666666669,332.8766041666667,9.352979166666666,46.059,74.0,1.5842617567567567,117.23537,0.035415990540540544,2.6207833000000003,140.0,1.2097459014285714,169.3644262,-0.11913833150000003,-16.679366410000004,12.857421428571428,242.2930714285714,10.757935714285713,129.431,121.0,1.6974682727272725,205.39366099999998,0.21169304462809913,25.614858399999996,156.0,1.549125185897436,241.663529,0.130853836474359,20.413198490000003,187.0,1.377126829946524,257.5227172,0.03376849566844918,6.314708689999997,35.0,1.036281942857143,36.26986800000001,-0.14861885457142854,-5.201659909999999
US-Vcm,2020,EVI,fixed,116.0857104709953,173.0,314.51298074244784,260.3067042547088,201.06098892984133,309.2806912542516,273.66658052577117,236.80420209657188,35.8885,ENF,57.0,1.7381129298245612,99.072437,0.39174277368421057,22.3293381,10.80859649122807,334.8069298245614,9.420017543859649,46.059,64.0,1.59186984375,101.87967,0.05135998906249999,3.2870392999999996,137.0,1.23080001459854,168.619602,-0.10461713437956208,-14.332547410000004,12.997175182481753,244.5282627737226,10.865963503649635,125.13600000000002,120.0,1.6560418916666668,198.725027,0.20648128666666665,24.7777544,157.0,1.532239280254777,240.561567,0.1235553317834395,19.39818709,193.0,1.37546610880829,265.46495899999996,0.037088951761658044,7.158167690000003,37.0,1.1307172972972974,41.83654000000001,-0.1453937110810811,-5.3795673100000005
US-Vcm,2020,NIRv,fixed,118.06952677062904,173.0,310.7039138061312,252.6705162159612,197.7080840003605,309.31911110207375,272.6194238452009,236.027387509363,35.8885,ENF,55.0,1.7751721090909092,97.634466,0.41674920181818176,22.921206099999996,10.842436363636365,336.1158363636363,9.409436363636361,46.059,64.0,1.59186984375,101.87967,0.05135998906249999,3.2870392999999996,137.0,1.23080001459854,168.619602,-0.10461713437956208,-14.332547410000004,12.997175182481753,244.5282627737226,10.865963503649635,125.13600000000002,118.0,1.6719242033898303,197.28705599999998,0.21499680000000002,25.3696224,154.0,1.5447852987012989,237.89693600000004,0.13027426876623377,20.06223739,191.0,1.3823402513089007,264.026988,0.04057610308900522,7.750035689999997,36.0,1.1280522222222222,40.609880000000004,-0.1474273613888889,-5.307385010000001
US-Vcm,2021,NDVI,fixed,140.0623647883072,172.0,319.7755100358096,275.81137694480174,244.4698702067702,312.1903826255316,281.75406130912506,246.18477030123657,35.8885,ENF,32.0,2.1916662593750003,70.13332030000001,0.95674471875,30.615831,13.4185625,307.50175,11.32153125,21.957,75.0,3.9504121333333333,296.28091,0.5088676544,38.165074080000004,141.0,2.923560868085106,412.2220824,0.4207336235460993,59.323440919999996,11.067971631205673,232.95219148936175,7.2400851063829785,272.249,106.0,3.430275474528302,363.6092003,0.6435226422641511,68.21340008000001,141.0,3.154665895744681,444.80789130000005,0.5876194182978725,82.85433798000001,172.0,2.788083562209302,479.55037269999997,0.5196032960465117,89.37176692000001,35.0,2.3199625999999998,81.198691,0.4183125114285714,14.640937899999999
US-Vcm,2021,EVI,fixed,131.88925432650277,172.0,315.8649998846302,270.3232105798716,238.686871361358,309.2806912542516,273.66658052577117,236.80420209657188,35.8885,ENF,41.0,2.1238478121951223,87.07776030000001,0.9234014390243901,37.859458999999994,12.203170731707317,303.51170731707316,10.307341463414636,27.792999999999996,65.0,4.0843335384615385,265.48168,0.5408606104615385,35.15593968,138.0,2.9696018652173914,409.8050574,0.4282918928985507,59.10428122,11.143420289855072,233.91922463768114,7.227695652173912,272.249,105.0,3.3309943838095233,349.75441029999996,0.6899799398095239,72.44789368,142.0,3.1707032485915496,450.23986130000003,0.6356393885915493,90.26079318000001,178.0,2.7757179084269668,494.0777877000001,0.541551883258427,96.39623522,37.0,2.715823,100.485451,0.4814297162162162,17.8128995
US-Vcm,2021,NIRv,fixed,140.8789448084683,172.0,310.8681751763032,268.7984366353087,240.7907307495936,309.31911110207375,272.6194238452009,236.027387509363,35.8885,ENF,32.0,2.1916662593750003,70.13332030000001,0.95674471875,30.615831,13.4185625,307.50175,11.32153125,21.957,65.0,4.0843335384615385,265.48168,0.5408606104615385,35.15593968,138.0,2.9696018652173914,409.8050574,0.4282918928985507,59.10428122,11.143420289855072,233.91922463768114,7.227695652173912,272.249,96.0,3.4667705239583335,332.80997030000003,0.6792111008333334,65.20426568,132.0,3.2791571234848482,432.8487403,0.6346827665151514,83.77812517999999,169.0,2.8232742467455623,477.1333477,0.5275302202366864,89.15260722,36.0,2.7788547222222224,100.03877,0.5159405416666667,18.5738595
US-Vcm,2022,NDVI,fixed,150.57846453048447,172.0,317.3952364227738,293.1091617784941,265.1265376439729,312.1903826255316,281.75406130912506,246.18477030123657,35.8885,ENF,22.0,2.615706227272727,57.545536999999996,1.006559172727273,22.144301800000004,13.704272727272725,315.8122727272728,10.946181818181818,45.745000000000005,75.0,2.9381759599999997,220.36319699999999,-0.17377930293333332,-13.03344772,141.0,2.4023493028368788,338.7312516999999,-0.049411168936170216,-6.966974820000001,10.698354609929076,216.30321985815604,6.165943262411347,595.694,96.0,2.8828368125000003,276.752334,0.10187683416666667,9.78017608,131.0,2.83801965648855,371.780575,0.16554816091603053,21.68680908,162.0,2.439014745061728,395.1203887,0.0978188208641975,15.846648979999996,35.0,2.7150925999999997,95.028241,0.34018951428571426,11.906633
US-Vcm,2022,EVI,fixed,140.741285216149,172.0,313.2965296506808,285.18464325428977,257.3372728482899,309.2806912542516,273.66658052577117,236.80420209657188,35.8885,ENF,32.0,2.6914214687499998,86.12548699999999,1.2051386812499998,38.56443779999999,11.78240625,319.88853125,10.033999999999999,45.745000000000005,65.0,2.7772291846153845,180.519897,-0.3265738110769231,-21.227297720000003,138.0,2.44949817173913,338.03074769999995,-0.036062694347826094,-4.976651820000001,10.837152173913044,216.96324637681158,6.189623188405796,595.694,96.0,2.76551025,265.488984,0.18756731333333332,18.00646208,133.0,2.931137172932331,389.841244,0.3117546622556391,41.46337008,169.0,2.502957601775148,422.9998347,0.20270478094674557,34.25710798,37.0,3.3608718918918923,124.35226000000002,0.6339704864864865,23.456908
US-Vcm,2022,NIRv,fixed,139.85246166119282,172.0,312.68605858357506,285.3452538505316,259.20807216550685,309.31911110207375,272.6194238452009,236.027387509363,35.8885,ENF,33.0,2.707884454545455,89.36018700000001,1.2238166000000001,40.385947800000004,11.702727272727273,320.8697575757576,9.999575757575757,45.745,65.0,2.7772291846153845,180.519897,-0.3265738110769231,-21.227297720000003,138.0,2.44949817173913,338.03074769999995,-0.036062694347826094,-4.976651820000001,10.837152173913044,216.96324637681158,6.189623188405796,595.694,97.0,2.7703472577319586,268.723684,0.204412083298969,19.827972079999995,133.0,2.929806120300752,389.664214,0.3164256396992481,42.08461008,170.0,2.5072619688235296,426.23453470000004,0.21222716458823532,36.078617980000004,36.0,3.359459166666667,120.94053000000001,0.6182399444444444,22.256638
US-Vcm,2023,NDVI,fixed,120.9786366969722,172.0,322.23365216091446,283.0044925959512,214.59475222581275,312.1903826255316,281.75406130912506,246.18477030123657,35.8885,ENF,52.0,2.057889046153846,107.01023039999998,-0.23247042115384617,-12.0884619,9.012673076923077,301.79415384615385,6.980019230769231,64.16399999999999,75.0,2.0997197733333333,157.478983,-0.4257795053333333,-31.9334629,141.0,1.6245394191489364,229.06005810000002,-0.5568011907801419,-78.5089679,12.946567375886527,254.89385106382977,9.880829787234044,129.728,126.0,2.0688593920634926,260.67628340000005,-0.3596559111111111,-45.3166448,161.0,1.9534401329192543,314.50386139999995,-0.42860894285714285,-69.0060398,192.0,1.7305070755208334,332.2573585,-0.478604946875,-91.8921498,35.0,1.5379308,53.827578,-0.6768398571428571,-23.689394999999998
US-Vcm,2023,EVI,fixed,158.0573906938697,172.0,306.0681233563093,251.7694091642451,194.45142494805123,309.2806912542516,273.66658052577117,236.80420209657188,35.8885,ENF,14.0,3.796551428571429,53.151720000000005,1.218721285714286,17.062098000000002,11.746285714285714,358.0513571428572,10.462071428571429,1.103,65.0,2.1139688153846157,137.40797300000003,-0.36580669076923084,-23.777434900000003,138.0,1.656017036956522,228.53035110000002,-0.547390897826087,-75.5399439,13.100724637681163,256.113384057971,9.952724637681161,129.728,78.0,2.3941892692307696,186.74676300000002,-0.1026930371794872,-8.010056900000002,115.0,2.1626392,248.703508,-0.302399207826087,-34.775908900000005,151.0,1.8401929874172185,277.8691411,-0.3958448072847683,-59.77256590000001,37.0,1.6745066216216216,61.956745,-0.7234014054054054,-26.765852000000002
US-Vcm,2023,NIRv,fixed,158.25990485933372,172.0,305.8934839697069,251.3224738953059,194.0394601043376,309.31911110207375,272.6194238452009,236.027387509363,35.8885,ENF,14.0,3.796551428571429,53.151720000000005,1.218721285714286,17.062098000000002,11.746285714285714,358.0513571428572,10.462071428571429,1.103,65.0,2.1139688153846157,137.40797300000003,-0.36580669076923084,-23.777434900000003,138.0,1.656017036956522,228.53035110000002,-0.547390897826087,-75.5399439,13.100724637681163,256.113384057971,9.952724637681161,129.728,78.0,2.3941892692307696,186.74676300000002,-0.1026930371794872,-8.010056900000002,114.0,2.171018315789474,247.49608800000001,-0.29872616578947375,-34.054782900000006,151.0,1.8401929874172185,277.8691411,-0.3958448072847683,-59.77256590000001,36.0,1.68748125,60.749325,-0.723464611111111,-26.044725999999997
US-Vcm,2024,NDVI,fixed,115.85507367585532,173.0,308.35159358922624,275.6625642051689,237.4042761343682,312.1903826255316,281.75406130912506,246.18477030123657,35.8885,ENF,58.0,1.4147066241379311,82.05298420000001,-0.6289810517241379,-36.480900999999996,9.629896551724137,311.5282931034483,8.407620689655174,77.165,74.0,3.0780090675675678,227.772671,-0.5157618135135135,-38.1663742,140.0,2.242772709285714,313.98817929999996,-0.615698045,-86.1977263,12.742099999999999,232.67290714285716,8.540142857142856,312.023,131.0,2.347389658015267,307.50804519999997,-0.5644470702290076,-73.9425662,166.0,2.270859537349397,376.9626831999999,-0.5668519807228914,-94.09742879999997,197.0,1.9985967182741116,393.7235535,-0.6191569456852791,-121.9739183,35.0,1.9844182285714291,69.45463800000002,-0.5758532171428571,-20.154862599999998
US-Vcm,2024,EVI,fixed,121.52872206957102,173.0,304.61546550840177,266.91036921948177,230.6950786767494,309.2806912542516,273.66658052577117,236.80420209657188,35.8885,ENF,52.0,1.5570827961538463,80.9683054,-0.5644752115384615,-29.352710999999996,10.43821153846154,314.47344230769227,8.952788461538463,70.442,64.0,3.071214546875,196.557731,-0.5651848906250001,-36.17183300000001,137.0,2.2865639678832115,313.2592636,-0.5890566883211679,-80.7007663,13.099861313868614,235.42503649635037,8.690138686131387,284.395,115.0,2.393116751304348,275.2084264,-0.5636507391304348,-64.81983500000001,152.0,2.404305660526316,365.4544604,-0.5493378671052632,-83.4993558,188.0,2.0846274414893617,391.909959,-0.581642384574468,-109.34876829999999,37.0,2.439082,90.246034,-0.5048519135135134,-18.6795208
US-Vcm,2024,NIRv,fixed,126.32500324382244,173.0,303.0005630537364,264.705137989075,230.486273589626,309.31911110207375,272.6194238452009,236.027387509363,35.8885,ENF,47.0,1.6709046893617023,78.53252040000001,-0.4902006595744682,-23.039431000000004,10.801361702127661,310.3257234042553,9.163617021276595,70.442,64.0,3.071214546875,196.557731,-0.5651848906250001,-36.17183300000001,137.0,2.2865639678832115,313.2592636,-0.5890566883211679,-80.7007663,13.099861313868614,235.42503649635037,8.690138686131387,284.395,110.0,2.4797512854545456,272.7726414,-0.5318777727272728,-58.506555000000006,146.0,2.483498461643836,362.59077540000004,-0.5173633273972603,-75.5350458,183.0,2.1282741748633884,389.47417400000006,-0.5630354551912569,-103.03548830000001,36.0,2.4949481666666666,89.818134,-0.47301363333333335,-17.0284908
US-Vcm,2025,EVI,fixed,111.40537128313944,172.0,317.3396628092024,287.4389926225295,248.8204147140022,309.2806912542516,273.66658052577117,236.80420209657188,35.8885,ENF,61.0,2.1255846229508197,129.660662,-0.49205155573770504,-30.015144900000006,9.772491803278687,312.4356393442623,8.579885245901638,85.513,65.0,3.0875378461538463,200.68996,0.04109883907692307,2.6714245399999994,138.0,2.3340241159420287,322.095328,-0.4449289163768116,-61.40019046,12.323855072463768,242.0643333333333,8.14313043478261,247.834,125.0,2.620668335999999,327.5835419999999,-0.22157473888,-27.69684236,162.0,2.5294543333333337,409.77160200000003,-0.35131319358024693,-56.91273736,198.0,2.2676207575757577,448.98891000000003,-0.46347705737373734,-91.76845736,37.0,2.2212989189189187,82.18806,-0.7896187837837839,-29.215895000000003
US-Vcm,2025,NIRv,fixed,116.44859053014666,172.0,316.2885742273416,288.4225211530338,253.5911466996942,309.31911110207375,272.6194238452009,236.027387509363,35.8885,ENF,56.0,2.229141928571429,124.83194800000001,-0.4536594803571429,-25.4049309,9.92082142857143,308.55769642857143,8.639446428571429,84.856,65.0,3.0875378461538463,200.68996,0.04109883907692307,2.6714245399999994,138.0,2.3340241159420287,322.095328,-0.4449289163768116,-61.40019046,12.323855072463768,242.0643333333333,8.14313043478261,247.834,120.0,2.689623566666667,322.75482800000003,-0.19238856966666665,-23.08662836,156.0,2.582396141025641,402.853798,-0.3287307907692308,-51.282003360000004,193.0,2.301348165803109,444.16019600000004,-0.4515971158549223,-87.15824336,36.0,2.2249713888888887,80.09897,-0.7832048611111112,-28.195375000000002
US-Vcp,2013,NDVI,fixed,99.0,172.0,352.5831443509656,302.5058116851286,269.7922511630482,337.42852428459196,287.4423736578241,247.62117081198488,35.8641,ENF,74.0,4.698995362318842,347.72565681159426,1.926262672463768,142.54343776231883,10.62877027027027,274.1439324324324,10.254175675675675,29.968000000000004,76.0,,,,,166.0,3.855551176470589,640.0214952941178,0.3990775536764706,66.24687391029411,10.699487951807228,203.8487409638554,6.846885542168674,402.95899999999995,149.0,,,,,189.0,4.485926322580644,847.8400749677418,1.0127629658064519,191.4122005374194,239.0,4.139442146341463,989.3266729756098,0.9131057156097562,218.23226603073172,40.0,3.901792999999999,156.07171999999997,0.40460498750000007,16.184199500000002
US-Vcp,2014,NDVI,fixed,6.0,172.0,312.36105489906464,281.2710131836404,248.98514304289043,337.42852428459196,287.4423736578241,247.62117081198488,35.8641,ENF,167.0,2.8162826526946105,470.31920299999996,0.9208824562275452,153.78737019000005,5.304520958083834,224.13068263473053,6.820209580838324,86.99000000000001,76.0,4.044148986842106,307.35532300000006,-0.4408102118421053,-33.5015761,166.0,3.7585774277108426,623.9238529999999,-0.07888659548192772,-13.095174850000003,11.605626506024096,206.08645180722888,7.708819277108434,232.28000000000006,242.0,3.2058601900826447,775.818166,0.49970350450413226,120.92824809000001,282.0,3.298560695035461,930.194116,0.4084625474113476,115.18643837000002,332.0,3.290321373493976,1092.386696,0.425706775120482,141.33464934000003,40.0,3.8593987500000004,154.37595000000002,-0.14354524300000002,-5.741809720000001
US-Vcp,2014,EVI,fixed,90.41557309402133,172.0,311.13470298362284,280.09113694285804,244.9493530946879,306.2229546297117,273.3644056163317,240.9102208945034,35.8641,ENF,82.0,3.5613791463414635,292.03309,1.1218730317073171,91.99358860000001,9.954170731707318,274.83248780487804,9.610024390243902,46.49399999999999,69.0,4.102019028985508,283.03931300000005,-0.44704210434782604,-30.845905199999997,135.0,3.9996437259259268,539.9519030000001,-0.18796552977777775,-25.375346519999997,13.855548148148149,221.30069629629628,8.439096296296297,221.556,150.0,3.821440286666667,573.216043,0.41193424933333345,61.79013740000002,183.0,3.752402147540984,686.6895930000001,0.23674660535519132,43.32462878000001,216.0,3.843188115740741,830.128633,0.31139211148148155,67.26069608000002,33.0,3.4385924242424246,113.47355000000002,-0.5595608672727272,-18.465508619999998
US-Vcp,2014,NIRv,fixed,93.99742028512732,172.0,311.8182083575842,281.7854272791313,246.4974380353996,314.1377902375053,278.60128674053993,244.21660137384256,35.8641,ENF,79.0,3.604599367088606,284.7633499999999,1.123559070886076,88.76116660000001,10.215544303797468,276.12151898734174,9.762594936708862,40.263999999999996,73.0,4.109680178082192,300.006653,-0.4029174808219178,-29.4129761,143.0,3.967392398601399,567.337113,-0.09949052111888114,-14.227144520000003,13.325902097902098,218.65093706293706,8.279531468531468,221.556,151.0,3.860355251655628,582.9136429999999,0.3972890364238411,59.99064450000001,185.0,3.8139563405405403,705.581923,0.22706567070270275,42.00714908000001,221.0,3.8472583846153845,850.244103,0.34016505013574666,75.17647608000001,34.0,3.6078905882352945,122.66828000000001,-0.5289263358823528,-17.983495419999997
US-Vcp,2016,NDVI,fixed,122.0757027534202,173.0,319.10855888842934,293.01560082689065,264.60349728952013,337.42852428459196,287.4423736578241,247.62117081198488,35.8641,ENF,51.0,4.6879076470588235,239.08329,1.568416011764706,79.9892166,12.689745098039216,292.53772549019607,10.940588235294117,14.523,75.0,4.005739466666666,300.43046,-0.2010845933333333,-15.081344499999998,165.0,3.535277193939394,583.320737,0.20404343212121212,33.6671663,11.7026,206.18476969696965,8.698472727272728,226.29300000000003,125.0,4.298133680000001,537.2667100000001,0.5344147368000002,66.80184210000002,165.0,4.177898181818182,689.3532,0.5304086581818183,87.51742860000002,215.0,3.8146836604651155,820.1569869999998,0.5374435018604652,115.55035290000002,40.0,3.8021622499999994,152.08648999999997,0.5178896625,20.7155865
US-Vcp,2016,EVI,fixed,103.81711633988743,173.0,313.198107287329,281.23550512785584,247.89019561200223,306.2229546297117,273.3644056163317,240.9102208945034,35.8641,ENF,70.0,4.677990428571428,327.45932999999997,1.88890178,132.2231246,10.60617142857143,273.26627142857143,9.292371428571428,62.028,68.0,3.786223676470588,257.46321,-0.27782843088235293,-18.8923333,134.0,3.744053358208955,501.70315,0.14494670970149257,19.422859100000004,13.999149253731343,225.522276119403,9.840201492537313,180.414,137.0,4.253105839416059,582.6755,0.8410566518248175,115.2247613,170.0,4.301086647058824,731.1847300000001,0.6937006329411766,117.92910760000001,203.0,4.073475073891625,826.91544,0.756354451724138,153.5399537,33.0,4.500279696969697,148.50923,0.08194988787878787,2.7043463
US-Vcp,2016,NIRv,fixed,112.09871983526644,173.0,313.79575058913304,283.0014686919047,248.38943869862237,314.1377902375053,278.60128674053993,244.21660137384256,35.8641,ENF,61.0,4.708471967213115,287.21679,1.7715845344262295,108.0666566,11.504590163934427,283.59967213114754,10.011344262295081,22.830000000000002,72.0,3.9800247222222223,286.56178,-0.1998614097222222,-14.390021499999998,142.0,3.678770845070423,522.3854600000001,0.16190804084507038,22.990941799999995,13.560169014084508,219.41567605633804,9.510281690140843,203.34500000000003,132.0,4.329784318181818,571.53153,0.7240197356060606,95.5706051,166.0,4.260156626506025,707.1860000000001,0.6066119493975903,100.6975836,202.0,3.9968079702970294,807.3552099999999,0.6581760811881189,132.9515684,34.0,3.9898373529411764,135.65447,0.15079348529411762,5.126978499999999
US-Vcp,2017,NDVI,fixed,115.3384139265399,172.0,341.41220683775845,297.39455909901466,252.35813436800967,337.42852428459196,287.4423736578241,247.62117081198488,35.8641,ENF,57.0,4.9434429824561406,281.77625,2.198794150877193,125.33126659999999,11.821543859649124,295.3725087719298,10.768842105263158,56.073,76.0,3.9205829605263154,297.96430499999997,-0.3370887894736842,-25.618748,166.0,3.8922012349397592,646.105405,0.7571252253012047,125.68278739999998,11.919102409638555,203.1276144578313,8.569939759036146,259.818,132.0,4.36834178030303,576.621115,0.7750715803030304,102.30944860000001,172.0,4.276989215116279,735.642145,0.9113473639534884,156.7517466,222.0,4.165595563063063,924.7622149999999,1.1423918198198197,253.61098399999997,40.0,3.97552575,159.02103,1.3610574500000001,54.44229800000001
US-Vcp,2017,NIRv,fixed,126.57424323140384,172.0,296.8869249485244,278.32946598921046,259.7641607788289,314.1377902375053,278.60128674053993,244.21660137384256,35.8641,ENF,46.0,4.952764130434784,227.82715000000007,1.8987621000000003,87.34305660000001,13.118434782608695,303.1969130434782,11.751369565217392,48.80499999999999,73.0,3.9037569178082188,284.97425499999997,-0.3253397534246576,-23.749802000000006,143.0,4.084396951048951,584.068764,0.7087954307692307,101.35774659999998,13.38967132867133,213.92866433566434,9.208069930069929,259.818,118.0,4.319338686440678,509.681965,0.5609337677966102,66.19018460000001,152.0,4.192963453947368,637.3304449999999,0.6338284644736841,96.3419266,188.0,4.302002521276596,808.776474,1.017541134042553,191.29773319999998,34.0,3.7543670588235294,127.64848,0.8868159411764707,30.151742000000002
US-Vcp,2018,EVI,fixed,126.10661453386231,172.0,260.78568364438974,259.383065794792,257.98141663755564,306.2229546297117,273.3644056163317,240.9102208945034,35.8641,ENF,46.0,2.0112392173913047,92.51700400000001,-0.3105673236956522,-14.286096890000001,16.215652173913046,306.3760434782608,15.131869565217391,25.238000000000003,69.0,3.841731536231885,265.07947600000006,-0.315524695652174,-21.771204000000004,135.0,4.412252592592593,595.6541000000001,0.34906334807407396,47.12355198999999,14.173496296296296,221.32761481481484,9.662392592592592,286.9,114.0,3.112924912280702,354.87344,-0.31489117447368425,-35.89759389,147.0,3.7260112244897963,547.72365,-0.06772991292517005,-9.956297199999998,180.0,3.8080448,685.4480639999999,0.1833175672222221,32.997162099999976,33.0,5.843945757575757,192.85021,0.7860998996969697,25.94129669
US-Vcp,2018,NIRv,fixed,120.01887518594108,172.0,321.7052109530908,306.8905487103827,292.0806544603632,314.1377902375053,278.60128674053993,244.21660137384256,35.8641,ENF,52.0,2.0429091153846155,106.23127400000001,-0.1856054401923077,-9.65148289,15.206173076923076,298.28394230769226,14.237076923076925,27.238000000000007,73.0,4.028301863013699,294.066036,-0.25520856164383565,-18.630225000000003,143.0,4.416335454545455,631.53597,0.4583064474825175,65.53782199,13.50123076923077,218.96647552447553,9.376146853146853,286.9,124.0,3.2062441129032258,397.57427,-0.2267903297580645,-28.12200089,158.0,3.6998210126582274,584.5717199999999,-0.025838689240506314,-4.082512899999998,194.0,3.7888876494845363,735.044204,0.28889714484536083,56.0460461,34.0,5.499924999999999,186.99745,0.7070437644117648,24.03948799
US-Vcp,2020,NDVI,fixed,55.0,173.0,329.77339104088253,268.56883102381977,223.7558450244682,337.42852428459196,287.4423736578241,247.62117081198488,35.8641,ENF,119.0,4.027803352941176,479.30859899999996,2.1320054841176472,253.70865261000003,8.812420168067227,266.52950420168065,8.44968907563025,103.0,75.0,2.2241547600000002,166.811607,-0.14880369200000002,-11.160276900000001,165.0,2.3454069878787878,386.992153,0.06883326633333334,11.357488945,13.004957575757578,208.96325454545453,11.30930909090909,134.918,193.0,3.3339766113989637,643.457486,1.2587365010880829,242.93614471,233.0,3.267379682403434,761.299466,1.073227888025751,250.06209791,283.0,3.0517244946996467,863.6380320000001,0.9379996839399293,265.453910555,40.0,2.9460495,117.84198,0.17814883,7.1259532000000005
US-Vcp,2020,EVI,fixed,128.40270654516806,173.0,299.1330144704937,265.69244539777713,231.92896793753724,306.2229546297117,273.3644056163317,240.9102208945034,35.8641,ENF,45.0,4.130198444444445,185.85893000000002,1.6920101646666663,76.14045740999998,14.441555555555558,314.23622222222224,12.185755555555554,50.60000000000001,68.0,2.117833044117647,144.012647,-0.22236025735294118,-15.1204975,134.0,2.387628343283582,319.94219799999996,-0.07973033623134329,-10.683865055000002,15.668559701492537,227.36944776119404,12.94807462686567,124.21799999999999,112.0,2.921507651785714,327.20885699999997,0.5482832938392858,61.40772891,145.0,3.053172324137931,442.709987,0.5625894117931035,81.57546471,178.0,2.826620269662921,503.1384079999999,0.36991214244382026,65.844361355,33.0,3.500034242424242,115.50112999999999,0.6111435090909091,20.1677358
US-Vcp,2020,NIRv,fixed,128.4965057146823,173.0,304.184200513556,263.775502524186,222.41352926199204,314.1377902375053,278.60128674053993,244.21660137384256,35.8641,ENF,45.0,4.130198444444445,185.85893000000002,1.6920101646666663,76.14045740999998,14.441555555555558,314.23622222222224,12.185755555555554,50.60000000000001,72.0,2.1967781527777777,158.168027,-0.1769298125,-12.7389465,142.0,2.398226605633803,340.548178,-0.02578126799295774,-3.6609400549999993,14.974873239436619,223.3206971830986,12.535415492957746,124.21799999999999,116.0,2.9427951465517235,341.36423699999995,0.5499075854310346,63.78927991000001,150.0,3.0123070466666664,451.846057,0.5091097247333334,76.36645871,186.0,2.8158300430107523,523.744388,0.3917596040591398,72.867286355,34.0,3.249465294117647,110.48182,0.36991702352941186,12.577178800000004
US-Vcp,2021,NDVI,fixed,32.0,172.0,342.0242262557256,284.4541633194052,240.86562999204256,337.42852428459196,287.4423736578241,247.62117081198488,35.8641,ENF,141.0,2.4919099645390075,351.35930500000006,0.865272760992908,122.00345930000002,7.006468085106383,245.813390070922,8.074531914893617,65.00999999999999,76.0,3.7181944736842105,282.58278,0.7361381157894735,55.94649679999999,166.0,2.994320156626506,497.057146,0.5994288825301205,99.5051945,12.531668674698796,203.6518072289157,8.630867469879519,269.0,216.0,2.9294134027777776,632.753295,0.8302372967592592,179.3312561,256.0,2.8297675703125003,724.4204980000001,0.766688591015625,196.2722793,306.0,2.7687178464052287,847.227661,0.7283985418300654,222.8899538,40.0,2.291680075,91.667203,0.42352558,16.9410232
US-Vcp,2021,EVI,fixed,124.78657995415908,172.0,317.3761748225181,278.1625411018472,240.7212873360752,306.2229546297117,273.3644056163317,240.9102208945034,35.8641,ENF,48.0,2.068828604166667,99.303773,0.09413868958333331,4.518657099999999,15.093854166666665,285.887375,13.340333333333334,24.0,69.0,3.6538557971014494,252.11605,0.5202620260869564,35.89807979999999,135.0,3.2449401703703704,438.06692300000003,0.7365644148148148,99.436196,14.180155555555555,215.7750814814815,9.181414814814815,264.5,116.0,3.0192330431034486,350.231033,0.3603279043103447,41.798036899999985,149.0,2.837462523489933,422.781916,0.38356516174496647,57.1512091,182.0,2.9460544285714287,536.181906,0.578770071978022,105.3361531,33.0,2.198511606060606,72.550883,0.46524764242424244,15.3531722
US-Vcp,2021,NIRv,fixed,115.23468070404888,172.0,331.0273955403298,270.60043203926364,228.38902157751443,314.1377902375053,278.60128674053993,244.21660137384256,35.8641,ENF,57.0,2.348240228070176,133.84969300000003,0.5230287210526317,29.812637100000003,14.013561403508772,282.0525964912281,12.459403508771931,27.799999999999997,73.0,3.636818493150685,265.48775,0.6098413260273973,44.5184168,143.0,3.202580300699301,457.9689830000001,0.7254954454545455,103.7458487,13.808314685314683,213.21432167832168,9.079874125874126,264.8,129.0,3.0864236666666662,398.14865299999997,0.5869174720930233,75.7123539,163.0,2.8966539631901846,472.1545960000001,0.5426621969325154,88.4539381,199.0,2.9679893768844217,590.6298859999999,0.6780893758793969,134.93978579999998,34.0,2.1766453823529415,74.00594300000002,0.37475247647058824,12.7415842
US-Vcp,2022,NDVI,fixed,149.3612827629151,172.0,351.09286457484416,304.1918837037762,263.42293798368325,337.42852428459196,287.4423736578241,247.62117081198488,35.8641,ENF,23.0,2.7255969565217395,62.68873000000001,0.006385478260869577,0.14686600000000027,17.211130434782607,298.99652173913046,14.529173913043477,50.400000000000006,76.0,5.919358815789474,449.87127000000004,1.1203105934210527,85.1436051,166.0,5.223677930722892,867.1305365000001,1.5902003048192772,263.97325060000003,10.951307228915661,190.4469156626506,6.677144578313253,543.4,98.0,5.172761020408164,506.93058000000013,0.8622963683673469,84.50504409999999,138.0,5.605515507246377,773.56114,1.5838423195652176,218.57024010000003,188.0,4.915903438829788,924.1898465,1.400716434042553,263.3346896,40.0,6.665764,266.63056,3.3516299,134.065196
US-Vcp,2022,EVI,fixed,119.60177727933856,172.0,327.7030974885206,276.96166717377605,242.76319404113767,306.2229546297117,273.3644056163317,240.9102208945034,35.8641,ENF,53.0,2.9467083018867926,156.17554,0.9253639264150942,49.044288099999996,14.786830188679243,315.3735660377359,13.544226415094341,50.8,69.0,5.935524492753624,409.55119,1.159397575362319,79.99843270000001,135.0,5.974623185185185,806.57413,1.9075758548148147,257.5227404,13.523925925925928,203.16337037037036,7.363362962962962,529.1,121.0,4.628903388429753,560.0973100000001,1.059977634710744,128.2572938,154.0,4.934813116883117,759.9612199999999,1.2354439103896104,190.2583622,187.0,5.118290106951871,957.1202499999999,1.6351957299465243,305.7816015,33.0,6.05648212121212,199.86390999999998,1.8788202545454549,62.00106840000001
US-Vcp,2022,NIRv,fixed,116.553255156399,172.0,331.4900454722498,280.325195534844,244.9036857616605,314.1377902375053,278.60128674053993,244.21660137384256,35.8641,ENF,56.0,3.0376010714285715,170.10566,1.0600799660714286,59.3644781,14.586535714285715,314.81955357142857,13.389196428571427,50.8,73.0,5.946195068493151,434.07224,1.1240660095890411,82.05681870000001,143.0,5.843485804195804,835.61847,1.8587755972027975,265.80491040000004,12.978769230769233,199.69204195804195,7.225055944055944,536.3,128.0,4.676159999999999,598.5484799999999,1.0987177328125002,140.63586980000002,162.0,5.020549135802469,813.3289599999999,1.4414245814814814,233.5107822,198.0,5.050983383838383,1000.0947099999998,1.6383028358585858,324.3839615,34.0,6.317072941176471,214.78048,2.7316150705882354,92.8749124
US-Vcp,2023,EVI,fixed,125.65131154511587,172.0,317.09151628714824,280.32631166600646,232.62832732377137,306.2229546297117,273.3644056163317,240.9102208945034,35.8641,ENF,47.0,5.5251217021276595,259.68072,3.2454808510638298,152.5376,11.930446808510641,292.40917021276596,9.062468085106383,65.184,69.0,4.320027391304347,298.08188999999993,0.8646820072463768,59.6630585,135.0,4.321991629629629,583.4688699999999,1.3212950051851853,178.3748257,15.385274074074072,251.54489629629632,11.970125925925927,152.875,115.0,4.80606095652174,552.6970100000001,1.8300943347826089,210.46084850000003,148.0,4.820654256756757,713.4568300000001,1.921706360810811,284.4125414,181.0,4.630298287292818,838.08399,1.818633235911602,329.17261569999994,33.0,4.871509696969698,160.75982000000002,2.240960390909091,73.95169290000001
US-Vcp,2023,NIRv,fixed,124.36931626929886,172.0,319.44255890903,283.31605731491413,233.1413911860053,314.1377902375053,278.60128674053993,244.21660137384256,35.8641,ENF,48.0,5.544073125,266.11551,3.285729791666667,157.71503,11.862354166666668,293.43047916666666,9.057562500000001,65.184,73.0,4.404153698630136,321.50321999999994,0.924312895890411,67.4748414,143.0,4.234724125874126,605.56555,1.3275486342657343,189.8394547,14.941076923076924,246.63538461538462,11.723636363636365,152.87499999999997,120.0,4.8546094166666665,582.55313,1.862083845,223.45006139999998,154.0,4.82115487012987,742.45785,1.9412438727272725,298.95155639999996,190.0,4.561134,866.61546,1.820077235263158,345.8146747,34.0,4.70308,159.90472,2.220632205882353,75.501495
US-Vcp,2024,NDVI,fixed,134.41178307673843,173.0,347.30712313510463,282.75498537567364,235.2943553159732,337.42852428459196,287.4423736578241,247.62117081198488,35.8641,ENF,39.0,6.946958717948717,270.93138999999996,2.751771897435898,107.31910400000001,15.244717948717945,316.54117948717953,12.615051282051283,51.70000000000001,75.0,6.227823466666667,467.08676,1.0750147964,80.62610973000001,165.0,4.747350309090909,783.312801,1.1091445898787877,183.00885732999998,12.578939393939391,217.27556969696968,9.182660606060606,273.60799999999995,113.0,6.483771681415929,732.6662,1.6679195285840707,188.47490673,153.0,5.924197647058824,906.40224,1.5014429825490199,229.72077633000004,203.0,5.166956852216749,1048.892241,1.4327963267487687,290.85765433000006,40.0,4.343401,173.73604,1.03114674,41.245869600000006
US-Vcp,2024,EVI,fixed,135.58662312731968,173.0,294.1207792502671,265.9023534164553,239.05682749479328,306.2229546297117,273.3644056163317,240.9102208945034,35.8641,ENF,38.0,6.995053157894736,265.81201999999996,2.713875631578947,103.127274,15.344394736842105,318.592052631579,12.707973684210529,51.699999999999996,68.0,6.4008255882352945,435.25614,1.108186780882353,75.3567011,134.0,5.3132097014925375,711.9701,1.0970324651492538,147.00235033,15.17068656716418,235.32583582089552,10.360880597014926,236.208,105.0,6.625868666666666,695.7162099999999,1.7048920771428573,179.01366810000002,138.0,6.232505507246378,860.0857600000002,1.6000206763043479,220.80285333,171.0,5.686726140350878,972.4301700000001,1.4658439609941523,250.65931733000005,33.0,4.980895454545455,164.36955,1.2663389463636363,41.78918523
US-Vcp,2024,NIRv,fixed,138.2988506401282,173.0,296.8986737677626,265.64317784964743,235.606711307427,314.1377902375053,278.60128674053993,244.21660137384256,35.8641,ENF,35.0,7.051562,246.80467,2.4890575428571426,87.117014,15.813571428571427,325.07682857142856,13.240828571428573,47.5,72.0,6.319353055555556,454.99342,1.1062387097222224,79.6491871,142.0,5.11595211971831,726.465201,1.083250262887324,153.82153733,14.310676056338028,227.7942957746479,9.901154929577464,271.608,106.0,6.570246603773585,696.44614,1.5782631518867924,167.2958941,140.0,6.110125,855.4175,1.4660936952142858,205.25311733,176.0,5.499533642045455,967.917921,1.371978660965909,241.46824433,34.0,4.675628235294118,158.97136,1.1163889185294116,37.95722323
US-Vcp,2025,NDVI,fixed,-5.0,172.0,341.1941485785525,272.8245147030678,229.5127431282285,337.42852428459196,287.4423736578241,247.62117081198488,35.8641,ENF,178.0,2.7489734744186047,489.31727844651164,1.4638660387209301,260.56815489232554,5.4060930232558135,235.0434069767442,6.997936046511629,96.06204651162788,76.0,3.3426116710526315,254.038487,-0.3027658013157895,-23.0102009,166.0,4.091416891566265,679.175204,0.4216506265060242,69.99400400000002,12.849138554216866,214.23051204819276,9.046421686746987,98.568,253.0,2.9376456866396765,743.2243587198382,0.932309100242915,235.8742023614575,293.0,3.3079037442508707,969.2157970655052,0.9635809012543554,282.3292040675261,343.0,3.414644515133531,1171.223068690801,0.9593013432047479,329.04036071922854,40.0,5.59424725,223.76988999999998,1.1566842725000002,46.2673709
US-Vcp,2025,EVI,fixed,140.98072363285164,172.0,315.4635154331158,272.5246239256172,230.27241857297017,306.2229546297117,273.3644056163317,240.9102208945034,35.8641,ENF,32.0,3.9125565625,125.20181,0.8617383750000001,27.575628000000002,15.784875,312.70259375,13.08590625,0.0,69.0,3.1081702463768113,214.46374699999998,-0.42988938985507247,-29.6623679,135.0,4.163986570370371,562.138187,0.2782223629629629,37.56001899999999,14.763807407407405,230.7113703703704,10.00037037037037,98.568,100.0,3.3840211700000005,338.40211700000003,-0.005811498999999993,-0.5811498999999993,133.0,4.09913862406015,545.185437,0.32571385714285717,43.319943,166.0,4.132991307228915,686.0765569999999,0.401453234939759,66.64123699999999,33.0,6.2661612121212125,206.78332,1.3303361484848486,43.9010929
US-Vcp,2025,NIRv,fixed,142.08830489358837,172.0,314.128933323793,272.3455914719151,230.9799826706124,314.1377902375053,278.60128674053993,244.21660137384256,35.8641,ENF,30.0,3.885152,116.55456000000001,0.7920899333333333,23.762698,15.877,307.9883,13.00416666666667,0.0,73.0,3.2537685890410954,237.52510699999996,-0.30392695753424664,-22.186667900000003,143.0,4.178561097902097,597.534237,0.31535858741258754,45.09627800000002,14.364594405594403,227.56377622377624,9.857433566433567,98.568,102.0,3.4589826176470595,352.8162270000001,0.030211961764705874,3.081620099999999,136.0,4.113611007352941,559.451097,0.3579492867647059,48.681103,172.0,4.144333470930232,712.8253569999999,0.40909631395348833,70.364566,34.0,6.077496176470588,206.63487,1.3411612617647057,45.5994829
US-Wjs,2014,NDVI,fixed,184.54926926223365,172.0,307.1995887595414,286.2982023475615,265.5955664229553,327.23356851671304,284.63742047866145,248.78626204290651,34.4258,SAV,,,,,,,,,,77.0,2.689909922077922,207.123064,0.17201002857142855,13.244772199999998,156.0,2.5031819423076924,390.49638300000004,0.3217706044871795,50.1962143,17.09909615384615,235.21973076923072,9.434967948717949,345.132,64.0,3.03364690625,194.153402,0.3072787375,19.6658392,100.0,3.04525285,304.525285,0.354275354,35.4275354,143.0,2.640047,377.526721,0.3959250440559441,56.6172813,36.0,3.0658856388888887,110.371883,0.4378248944444445,15.761696200000003
US-Wjs,2014,EVI,fixed,147.40714574998353,172.0,305.42436710231857,284.3946403374261,264.21642847163844,319.8784437980671,285.9713516779191,254.20293667981187,34.4258,SAV,25.0,1.5464060800000001,38.660152000000004,-0.047527358400000004,-1.1881839600000002,22.571199999999994,330.98944000000006,19.33304,0.552,83.0,2.7437247469879518,227.729154,0.2097686048192771,17.410794199999998,148.0,2.593316344594595,383.81081900000004,0.32686252972972973,48.3756544,17.90497972972973,238.9502162162162,9.713986486486487,337.286,107.0,2.476289401869159,264.962966,0.15190836766355142,16.254195340000003,138.0,2.5843439057971014,356.639459,0.20106469231884058,27.74692754,172.0,2.4479339011627914,421.0446310000001,0.2745293926744186,47.21905554,31.0,2.9573062258064517,91.67649300000001,0.3707332967741935,11.492732199999997
US-Wjs,2014,NIRv,fixed,121.07105443229388,172.0,304.8972441578029,284.5071534511688,264.3680948498997,322.78393244872274,288.56959731208343,255.63593436182933,34.4258,SAV,51.0,1.3433690784313723,68.51182299999999,0.0955782929411765,4.874492940000001,18.765137254901965,330.94758823529406,15.98386274509804,32.266000000000005,84.0,2.7228255595238093,228.717347,0.196947419047619,16.543583199999997,151.0,2.5517055298013247,385.30753500000003,0.3234132344370861,48.835398399999995,17.487880794701987,237.60102649006615,9.564516556291393,345.13200000000006,134.0,2.207483805970149,295.80283,0.16007209880597012,21.449661239999998,167.0,2.358470119760479,393.86451,0.2166574697005988,36.18179744,201.0,2.2507115323383085,452.393018,0.2673705295522388,53.74147643999999,33.0,2.9715660606060603,98.06168,0.4464283696969697,14.7321362
US-Wjs,2015,NDVI,fixed,133.36740251336664,172.0,336.9506497638297,284.8092082393118,246.1494231511347,327.23356851671304,284.63742047866145,248.78626204290651,34.4258,SAV,39.0,2.6731776923076924,104.25393000000001,0.4187648384615385,16.331828700000003,18.394076923076923,304.8092051282052,11.916128205128206,44.535,77.0,3.64458012987013,280.63267,0.38803653402597404,29.87881312,156.0,2.896638076923077,451.87554,0.4923320103846153,76.80379362,16.754128205128204,232.49896794871796,9.015903846153845,357.758,115.0,3.331118173913043,383.07858999999996,0.40748767669565217,46.86108282,151.0,3.162108410596027,477.47837000000004,0.443216358410596,66.92567011999999,194.0,2.8573271134020612,554.3214599999999,0.4834333160824742,93.78606332,36.0,2.6222161111111113,94.39978,0.5573496472222224,20.064587300000007
US-Wjs,2015,EVI,fixed,85.05971353577284,172.0,260.92846938248937,260.0104823607543,259.0935700272561,319.8784437980671,285.9713516779191,254.20293667981187,34.4258,SAV,87.0,2.5178351724137933,219.05166000000003,0.7859402218390803,68.37679929999999,15.30971264367816,293.8387931034483,10.553517241379307,83.65400000000001,83.0,3.590706024096386,298.02860000000004,0.3991744628915662,33.131480419999995,148.0,2.9886477162162164,442.319862,0.49284042310810805,72.94038262,17.442743243243243,236.0202364864865,9.28906756756757,354.664,169.0,3.048948224852071,515.27225,0.6044894717159763,102.15872072,200.0,2.9725365999999998,594.5073199999999,0.5961334386,119.22668772,234.0,2.818647487179487,659.563512,0.6066992432478633,141.96762292,31.0,2.55597,79.23507,0.5505795806451613,17.067967
US-Wjs,2015,NIRv,fixed,75.67550262514459,172.0,274.24584809936295,273.3585715997395,272.4710086472374,322.78393244872274,288.56959731208343,255.63593436182933,34.4258,SAV,97.0,2.417293804123711,234.47749899999997,0.7737991474226805,75.0585173,14.739309278350515,285.74496907216496,10.082917525773196,97.136,84.0,3.584200357142858,301.07283000000007,0.3999838502380952,33.598643419999995,151.0,2.9511150993377484,445.61838,0.491059798807947,74.15002962,17.160635761589408,234.11375496688743,9.14998675496689,357.75800000000004,180.0,2.965235105555556,533.7423190000001,0.607264454,109.30760172,213.0,2.897815816901408,617.2347689999999,0.5939665198122066,126.51486872000001,247.0,2.746104732793522,678.287869,0.6067165502834009,149.85898792,33.0,2.530074242424242,83.49244999999999,0.5214323333333333,17.207266999999998
US-Wjs,2016,NDVI,fixed,193.0364702186897,173.0,311.6268687519168,283.4909534730536,265.2656051692353,327.23356851671304,284.63742047866145,248.78626204290651,34.4258,SAV,,,,,,,,,,76.0,1.924393289473684,146.25388999999998,0.1963595711842105,14.923327409999997,155.0,2.0189144967741934,312.931747,0.374669197483871,58.073725610000004,17.71569677419355,240.56554838709678,10.785432258064517,216.079,55.0,2.0678603636363637,113.73232,0.2747528963636363,15.111409299999996,91.0,2.3737234065934065,216.00883,0.4287912769230769,39.0200062,134.0,2.0926132611940296,280.410177,0.4347896082089553,58.26180750000001,36.0,2.8410141666666666,102.27651,0.6641276916666667,23.908596900000003
US-Wjs,2016,EVI,fixed,48.36252337219262,173.0,341.03181629606013,309.3227113996604,273.12090391412295,319.8784437980671,285.9713516779191,254.20293667981187,34.4258,SAV,125.0,2.005775656,250.721957,0.7942833112,99.2854139,12.335288,285.65228800000006,9.750256,81.17599999999999,82.0,2.0193424390243906,165.58608000000004,0.19185432207317074,15.73205441,147.0,2.052099639455782,301.658647,0.36185430346938774,53.192582609999995,18.26904081632653,245.5068299319728,11.059551020408163,216.07899999999998,206.0,2.012832849514563,414.643567,0.5586497510194175,115.08184871,237.0,2.1085001983122362,499.714547,0.5843609097468355,138.49353561,271.0,2.032162856088561,550.716134,0.5628869996678967,152.54237691,31.0,2.7442251612903226,85.07098,0.7552157064516131,23.411686900000007
US-Wjs,2016,NIRv,fixed,44.70923980894374,173.0,341.9138167462908,311.1231056883285,274.21721388530165,322.78393244872274,288.56959731208343,255.63593436182933,34.4258,SAV,129.0,1.9834633100775192,255.86676699999998,0.788470603875969,101.7127079,12.229317829457365,283.18239534883725,9.680062015503877,81.176,83.0,2.042456746987952,169.52391,0.19778990855421688,16.41656241,150.0,2.041380913333333,306.207137,0.3646959907333333,54.70439861,18.124366666666663,243.90453333333335,11.008413333333335,216.07899999999998,211.0,2.008181075829384,423.72620700000004,0.5601594820379147,118.19365070999999,244.0,2.094092077868853,510.95846700000016,0.584371289385246,142.58659461000002,278.0,2.0158612733812946,560.4094339999999,0.5628830464388489,156.48148691,33.0,2.643401818181818,87.23226,0.7391801181818182,24.3929439
US-Wjs,2017,NDVI,fixed,121.3522878705631,172.0,351.6285660914644,313.42315620921624,280.8051483702322,327.23356851671304,284.63742047866145,248.78626204290651,34.4258,SAV,51.0,1.7420854509803922,88.84635800000001,0.5213873450980392,26.5907546,17.600411764705882,325.739843137255,13.81762745098039,31.936000000000003,77.0,2.352544974025974,181.145963,0.3025227255844156,23.29424987,156.0,1.9047186346153846,297.136107,0.42719283980769246,66.64208301000002,17.396685897435898,247.91734615384615,10.536493589743591,246.57499999999996,127.0,2.120161275590551,269.26048199999997,0.39658946826771657,50.36686247000001,163.0,1.972337251533742,321.49097199999994,0.3684217951533742,60.05275260999999,206.0,1.8701486699029126,385.250626,0.4549257068446602,93.71469561,36.0,1.4508469444444443,52.230489999999996,0.2690525038888889,9.685890140000001
US-Wjs,2017,EVI,fixed,25.941443977740303,172.0,360.6753383101071,326.2825707379521,280.35057556129664,319.8784437980671,285.9713516779191,254.20293667981187,34.4258,SAV,147.0,1.726887587755102,253.8524754,0.743933931292517,109.3582879,11.857394557823127,267.5748979591837,9.68604081632653,77.463,83.0,2.2720379879518076,188.57915300000002,0.291133383253012,24.16407081,148.0,1.9518046689189186,288.86709099999996,0.41623738520270265,61.60313300999999,17.926547297297297,251.68770945945948,10.726391891891893,246.575,229.0,1.928820041048035,441.6997894,0.5851712520087337,134.00421671,260.0,1.87984269,488.7590994,0.5526532227307692,143.68983791,294.0,1.8434956714285715,541.9877274,0.5831404044557822,171.44327890999998,31.0,1.518042258064516,47.059309999999996,0.31243939354838707,9.6856212
US-Wjs,2017,NIRv,fixed,29.420671124323743,172.0,357.6268525434241,317.9722954618697,271.3646812843146,322.78393244872274,288.56959731208343,255.63593436182933,34.4258,SAV,143.0,1.7668697552447552,252.662375,0.7674517594405594,109.7456016,12.272125874125873,270.57097902097905,9.887832167832167,77.46300000000001,84.0,2.2578889642857143,189.662673,0.2889834144047619,24.274606809999998,151.0,1.9327770397350994,291.849333,0.41879417225165555,63.23792000999999,17.752470198675493,250.2879536423841,10.667715231788081,246.575,226.0,1.9539522522123893,441.593209,0.5951418867699115,134.50206641,259.0,1.9063452471042472,493.743419,0.5644498556370656,146.19251261,293.0,1.855903989761092,543.779869,0.5920320123208191,173.46537961,33.0,1.580309393939394,52.15021,0.3542559454545455,11.6904462
US-Wjs,2018,NDVI,fixed,217.39169744372373,172.0,321.8810624991938,285.31885806406564,255.35174665681845,327.23356851671304,284.63742047866145,248.78626204290651,34.4258,SAV,,,,,,,,,,77.0,1.7119318441558444,131.81875200000002,-0.14903935909090907,-11.476030649999998,156.0,1.8620080064102564,290.473249,0.20945852147435895,32.67552935,16.656474358974357,236.86871794871797,10.055487179487178,277.85900000000004,31.0,2.3547961290322577,72.99868,-0.1813895774193549,-5.623076900000002,67.0,2.7118070149253737,181.69107000000002,0.3106664641791045,20.8146531,110.0,2.105937972727273,231.65317700000003,0.3502589372727272,38.528483099999995,36.0,3.0192330555555555,108.69239,0.7343813888888888,26.43773
US-Wjs,2018,EVI,fixed,205.81953412534557,172.0,312.73340125650907,284.73639537536894,266.6607391703326,319.8784437980671,285.9713516779191,254.20293667981187,34.4258,SAV,,,,,,,,,,83.0,1.8690007469879522,155.12706200000002,-0.09526191144578314,-7.90673865,148.0,1.906382554054054,282.144618,0.1959148131756757,28.995392350000003,17.321594594594597,241.57612837837837,10.351054054054055,277.85900000000004,49.0,2.3834707346938773,116.79006599999998,-0.14331630612244897,-7.022499,80.0,2.552641575,204.21132599999999,0.21179173750000002,16.943339,114.0,2.1386633508771933,243.80762200000004,0.2621020350877193,29.879631999999997,31.0,2.8200406451612903,87.42126,0.7730915483870968,23.965838
US-Wjs,2018,NIRv,fixed,196.70670764049797,172.0,306.8027703052672,284.7694877912071,269.4483855368911,322.78393244872274,288.56959731208343,255.63593436182933,34.4258,SAV,,,,,,,,,,84.0,1.899990142857143,159.599172,-0.08503846011904763,-7.1432306500000005,151.0,1.8917146622516559,285.64891400000005,0.2008896645695364,30.334339349999997,17.0687880794702,239.98346357615893,10.24758940397351,277.85900000000004,59.0,2.1781735593220337,128.51224,-0.14820226440677964,-8.743933599999998,92.0,2.340847413043478,215.357962,0.17248379782608697,15.8685094,126.0,2.0203331904761908,254.56198200000003,0.22804473333333328,28.733636399999995,33.0,2.631688545454545,86.845722,0.7458316060606062,24.612443000000003
US-Wjs,2019,NDVI,fixed,20.0,172.0,276.89546338104054,206.8361399074296,161.27773983021163,327.23356851671304,284.63742047866145,248.78626204290651,34.4258,SAV,153.0,1.6813053529411768,257.23971900000004,0.5954721894117648,91.10724498000002,9.712267973856209,249.10276470588235,7.8492026143790845,118.61800000000001,77.0,1.3344399220779222,102.751874,-0.05246829025974026,-4.04005835,156.0,0.9913293012820512,154.647371,0.032213896987179476,5.025367929999998,17.32232692307692,246.21552564102566,11.86778205128205,139.44600000000003,229.0,1.5648327205240173,358.34669299999996,0.3816833957641922,87.40549763000001,265.0,1.479274928301887,392.007856,0.3455252850188679,91.56420053,308.0,1.3319551623376624,410.24219000000005,0.31321728542207794,96.47092391000001,36.0,0.9350323055555556,33.661163,0.11551952500000001,4.158702900000001
US-Wjs,2019,EVI,fixed,78.07010894785638,172.0,327.83241376985507,258.23538361110354,187.8456001075376,319.8784437980671,285.9713516779191,254.20293667981187,34.4258,SAV,94.0,2.171620425531915,204.13232,0.6743330040425531,63.387302379999994,13.69955319148936,291.39021276595736,10.21586170212766,83.566,83.0,1.3128840602409637,108.969377,-0.055542127108433724,-4.609996549999999,148.0,1.0260365337837838,151.853407,0.03136650885135136,4.642243310000001,17.88254054054054,252.11038513513512,12.285270270270269,111.76,176.0,1.7696408920454545,311.456797,0.3358841865340909,59.11561683,207.0,1.6424851062801933,339.994417,0.3110145503864734,64.38001193,241.0,1.470293887966805,354.340827,0.28368405265560165,68.36785669,31.0,0.9205683870967741,28.537619999999997,0.16981919677419358,5.264395100000001
US-Wjs,2019,NIRv,fixed,72.12153791461378,172.0,330.64973477442936,263.60354654639224,195.48577146402485,322.78393244872274,288.56959731208343,255.63593436182933,34.4258,SAV,100.0,2.1220706600000003,212.20706600000003,0.6877010438,68.77010437999999,13.039349999999999,287.9400499999999,9.7996,84.32799999999999,84.0,1.3103624642857143,110.070447,-0.05615267321428571,-4.716824549999999,151.0,1.0138674635761589,153.093987,0.034178730529801325,5.1609883100000005,17.68047682119205,250.22116556291397,12.16496026490066,111.76,183.0,1.752090781420765,320.632613,0.35186661655737705,64.39159083,216.0,1.6224804120370369,350.455769,0.3258721663425926,70.38838793,250.0,1.4546246120000002,363.656153,0.29707761475999994,74.26940368999999,33.0,0.9037319999999999,29.823155999999997,0.18172112424242426,5.9967971
US-Wjs,2020,NDVI,fixed,128.63560289689804,173.0,347.7339516592523,301.83632936814337,259.39597921176846,327.23356851671304,284.63742047866145,248.78626204290651,34.4258,SAV,45.0,2.230637111111111,100.37867,0.8422762999999999,37.902433499999994,19.304622222222225,335.0977777777777,16.156466666666667,14.224000000000002,76.0,2.277346460526316,173.078331,0.32506166710526313,24.704686699999996,155.0,1.8775552258064518,291.02106000000003,0.4282706870967742,66.3819565,18.170374193548387,249.4280451612903,13.910703225806449,144.018,120.0,2.2590986749999997,271.091841,0.519013085,62.2815702,156.0,2.183267326923077,340.589703,0.5341991294871795,83.3350642,199.0,1.9549475879396987,389.03457000000003,0.5224062311557789,103.95884,36.0,1.930496166666667,69.49786200000001,0.5848192777777778,21.053494
US-Wjs,2020,EVI,fixed,50.64284436269221,173.0,348.8507175876619,304.079616644211,257.57541461931714,319.8784437980671,285.9713516779191,254.20293667981187,34.4258,SAV,123.0,1.877258811382114,230.90283380000002,0.7984920455284554,98.21452160000001,13.319894308943088,291.0822926829268,11.0119918699187,46.745999999999995,82.0,2.2084590609756094,181.09364299999996,0.31853513048780485,26.1198807,147.0,1.9299304013605443,283.699769,0.43202505102040817,63.5076825,18.63710204081633,254.92346258503397,14.248102040816326,144.018,204.0,2.0079966509803917,409.6313167999999,0.6078865308823529,124.00885229999999,235.0,2.0105043268085105,472.4685168,0.6129048523404257,144.03264030000003,269.0,1.904228411895911,512.2374428,0.5999875617100372,161.3966541,31.0,2.0270064516129027,62.83719999999998,0.6459286451612903,20.023788
US-Wjs,2020,NIRv,fixed,39.43735096386271,173.0,349.7690568482912,303.747474756518,252.87241919967855,322.78393244872274,288.56959731208343,255.63593436182933,34.4258,SAV,134.0,1.7574181619402989,235.49403370000005,0.7330503985074626,98.22875339999999,12.501664179104477,281.85379850746267,10.344328358208957,64.78,83.0,2.202689313253012,182.82321299999998,0.3178530686746988,26.3818047,150.0,1.9127477266666666,286.912159,0.43292794999999995,64.93919249999999,18.43512,253.33288666666664,14.135666666666665,144.018,216.0,1.9257041050925925,415.9520867,0.5753935560185185,124.2850081,249.0,1.931788099196787,481.0152367,0.5842188477911646,145.4704931,283.0,1.837600822261484,520.0410327,0.5754148265017668,162.8423959,33.0,1.9716106060606062,65.06315000000001,0.6419843939393939,21.185485
US-Wjs,2021,NDVI,fixed,25.0,172.0,312.219293263787,260.73286790820293,225.8898291380104,327.23356851671304,284.63742047866145,248.78626204290651,34.4258,SAV,148.0,0.9176487297297298,135.812012,0.5671478230405406,83.93787781,10.737087837837837,271.8746689189189,9.823533783783782,34.036,77.0,3.658754623376624,281.72410600000006,0.4722985753246753,36.3669903,156.0,2.574242833333334,401.58188200000006,0.45981205576923073,71.7306807,17.130307692307696,243.41367948717948,9.835128205128207,277.12700000000007,224.0,1.8620508125,417.099382,0.5372309161160714,120.33972521,260.0,1.892440096153846,492.03442499999994,0.5159520638846153,134.14753660999997,303.0,1.7721358349834981,536.9571579999999,0.5138726587788778,155.70341560999998,36.0,2.081528972222222,74.935043,0.3835503166666666,13.807811399999999
US-Wjs,2021,EVI,fixed,174.99593485962217,172.0,288.5509070112755,252.85684768346104,231.8427885038308,319.8784437980671,285.9713516779191,254.20293667981187,34.4258,SAV,,,,,,,,,,83.0,3.6692077831325305,304.54424600000004,0.47503133373493983,39.427600700000006,148.0,2.675637371621622,395.99433100000005,0.45707109932432427,67.64652269999999,17.686871621621624,247.91301351351353,10.01122972972973,277.12700000000007,80.0,3.782828575000001,302.62628600000005,0.4953884275,39.6310742,111.0,3.2186235045045057,357.26720900000015,0.4667060828828829,51.8043752,145.0,2.717768075862069,394.076371,0.4679310082758621,67.8499962,31.0,1.7626104193548386,54.640923,0.39268712903225805,12.173301
US-Wjs,2021,NIRv,fixed,168.8249788897323,172.0,278.8700817655315,249.3362739379314,231.13831267429836,322.78393244872274,288.56959731208343,255.63593436182933,34.4258,SAV,,,,,,,,,,84.0,3.6574465000000007,307.22550600000005,0.4715208416666667,39.607750700000004,151.0,2.637748649006623,398.30004600000007,0.45905831589403967,69.3178057,17.482271523178806,246.475582781457,9.963403973509935,277.12700000000007,87.0,3.5540084712643676,309.198737,0.45138946666666674,39.270883600000005,120.0,3.0469287499999997,365.63145,0.44628583833333335,53.554300600000005,154.0,2.599177123376623,400.27327699999995,0.44792817272727276,68.9809386,33.0,1.710082212121212,56.432713,0.4328308181818181,14.283416999999998
US-Wjs,2022,NDVI,fixed,177.30955887106012,172.0,341.7867457712942,305.73084903671923,266.03093363203817,327.23356851671304,284.63742047866145,248.78626204290651,34.4258,SAV,,,,,,,,,,77.0,1.8426510779220777,141.884133,-0.13819315064935064,-10.6408726,156.0,1.406993441025641,219.4909768,-0.016779506730769216,-2.617603049999998,16.14751282051282,225.48721153846157,9.280820512820513,285.75,71.0,1.9292072253521126,136.973713,-0.09986819436619718,-7.090641799999999,107.0,1.6637232990654205,178.018393,-0.047664430934579435,-5.10009411,150.0,1.4305370453333335,214.5805568,0.006217518333333327,0.9326277499999991,36.0,1.14013,41.04468,0.055292991388888886,1.9905476899999999
US-Wjs,2022,EVI,fixed,174.48547057190535,172.0,281.13800790582826,262.7353791283592,248.84815763691984,319.8784437980671,285.9713516779191,254.20293667981187,34.4258,SAV,,,,,,,,,,83.0,1.8267925662650604,151.623783,-0.13193686144578312,-10.950759499999998,148.0,1.474355641891892,218.204635,-0.012584941959459455,-1.8625714099999993,17.06473648648649,230.1110810810811,9.618500000000001,285.75,80.0,1.8788191625,150.305533,-0.10992653499999998,-8.794122799999998,111.0,1.6474784054054055,182.870103,-0.05991196585585585,-6.650228209999999,145.0,1.4957681724137932,216.88638500000002,0.0020280364827586135,0.2940652899999989,31.0,1.0504699999999998,32.564569999999996,0.06915789,2.14389459
US-Wjs,2022,NIRv,fixed,78.44308655943532,172.0,312.74202766501065,283.1157912280361,255.5292150444363,322.78393244872274,288.56959731208343,255.63593436182933,34.4258,SAV,94.0,0.1053160925531915,9.899712700000002,-0.3119102624468085,-29.319564669999995,16.263893617021278,316.4716276595745,15.111148936170208,48.768,84.0,1.8251899166666667,153.315953,-0.13027158285714283,-10.942812959999998,151.0,1.4445113165562913,218.12120879999998,-0.016481797417218547,-2.4887514100000008,16.65998675496689,227.9874900662252,9.454953642384105,285.75,177.0,0.9174310491525424,162.3852957,-0.22729984141242937,-40.23207193,210.0,0.942421027142857,197.90841569999998,-0.18131812085714288,-38.07680538,244.0,0.931108817622951,227.19055150000003,-0.1302377474590164,-31.77801038,33.0,1.0764581818181818,35.52312,0.06531110757575757,2.15526655
US-Wjs,2023,NDVI,fixed,114.21637935286265,172.0,349.60806421858587,306.5904481289509,271.77489501165667,327.23356851671304,284.63742047866145,248.78626204290651,34.4258,SAV,58.0,2.1772639655172417,126.28131000000002,0.549835994137931,31.89048766,16.73060344827586,319.6541724137931,13.005275862068965,53.086,77.0,1.3966289740259739,107.54043099999998,-0.0025133502857142926,-0.19352797200000052,156.0,1.2701017371794872,198.135871,0.2184097418461539,34.071919728000005,18.767064102564103,247.11641025641023,14.508653846153846,133.16400000000002,134.0,1.7298930671641788,231.80567099999996,0.23443097528358214,31.413750688000007,170.0,1.6848901235294118,286.431321,0.26902794875294117,45.734751288,213.0,1.5136202394366198,322.401111,0.3083530440751174,65.679198388,36.0,1.5173791666666667,54.62565,0.3978055722222223,14.321000600000003
US-Wjs,2023,EVI,fixed,79.3918304758932,172.0,345.3563444556993,312.2669438032668,277.23219264490825,319.8784437980671,285.9713516779191,254.20293667981187,34.4258,SAV,93.0,2.0618798924731188,191.75483000000006,0.7599047920430109,70.67114566000001,13.67498924731183,313.24677419354833,11.375247311827955,59.181999999999995,83.0,1.4429316987951808,119.76333100000001,0.010379622024096377,0.8615086279999993,148.0,1.3017834121621623,192.663945,0.21139323464864862,31.286198727999995,19.39131756756757,252.8279054054054,15.08268243243243,121.73400000000001,175.0,1.768583377142857,309.50209099999995,0.40713968736,71.249445288,206.0,1.7183507815533983,353.98026100000004,0.4176195596504855,86.02962928800001,240.0,1.5933446041666668,382.402705,0.42364223078333335,101.67413538800001,31.0,1.4347796774193549,44.47817,0.47678012903225825,14.780184000000006
US-Wjs,2023,NIRv,fixed,76.24410660176544,172.0,347.3870139201157,313.45462675391315,276.7608065846701,322.78393244872274,288.56959731208343,255.63593436182933,34.4258,SAV,96.0,2.0288367291666667,194.768326,0.7542081110416667,72.40397866,13.290739583333334,309.2857604166667,11.092135416666666,62.230000000000004,84.0,1.4392169166666666,120.894221,0.012809543190476183,1.0760016279999993,151.0,1.2916814370860927,195.04389700000002,0.21490617700662243,32.45083272799999,19.233562913907285,250.49176821192052,14.897152317880794,131.64,179.0,1.7522149553072623,313.64647699999995,0.4089205099888268,73.196771288,212.0,1.700017938679245,360.403803,0.42403807683018874,89.89607228800001,246.0,1.57640712601626,387.79615299999995,0.4250878145853658,104.57160238799999,33.0,1.4168886666666667,46.757326,0.5060394242424243,16.699301000000002
US-Wjs,2024,NDVI,fixed,195.92628355049405,173.0,330.2143788322604,283.22208277412847,239.9391163262687,327.23356851671304,284.63742047866145,248.78626204290651,34.4258,SAV,,,,,,,,,,76.0,2.2652555394736837,172.15942099999995,0.1956625465394737,14.870353537000002,155.0,1.707287212903226,264.629518,0.2560702589483871,39.690890137,18.075348387096774,245.8089548387096,12.979283870967743,186.44799999999998,53.0,2.690276226415094,142.58463999999998,0.23416551484905665,12.410772287000002,89.0,2.2784641460674155,202.78330899999997,0.3167565403033708,28.191332087000003,132.0,1.7807177045454547,235.05473700000002,0.2820553703560606,37.231308887,36.0,1.67218525,60.198669,0.43834888333333333,15.780559799999999
US-Wjs,2024,EVI,fixed,82.21814741376478,173.0,350.6519864625366,299.61917507243766,257.0468012248058,319.8784437980671,285.9713516779191,254.20293667981187,34.4258,SAV,91.0,1.8646316923076924,169.681484,0.9580140692307693,87.1792803,15.466142857142858,307.68823076923076,13.366153846153846,44.099,82.0,2.2579394024390242,185.151031,0.21733026752439027,17.821081937000002,147.0,1.7673370408163265,259.798545,0.25288300773469385,37.173802136999996,18.715455782312922,250.33344897959182,13.350333333333332,170.192,172.0,2.050958168604651,352.764805,0.604248966494186,103.930822237,203.0,1.9725213793103447,400.42184,0.5752532755517241,116.776414937,237.0,1.803427506329114,427.412319,0.5201837233628692,123.28354243700001,31.0,1.537323709677419,47.65703499999999,0.4143739580645161,12.8455927
US-Wjs,2024,NIRv,fixed,77.07710969010823,173.0,350.3325931667701,298.86498406997106,255.7348853618222,322.78393244872274,288.56959731208343,255.63593436182933,34.4258,SAV,96.0,1.8391332708333332,176.556794,0.9495912739583332,91.16076229999999,15.045145833333335,304.5353958333333,12.941208333333334,44.355999999999995,83.0,2.268130253012048,188.254811,0.22704556550602414,18.844781937000004,150.0,1.7470851066666668,262.062766,0.2554781209133334,38.321718137000005,18.522653333333334,248.2471533333333,13.230939999999999,182.384,178.0,2.037887050561798,362.743895,0.6120000238033707,108.93600423699999,211.0,1.939343535545024,409.20148600000005,0.5750818532559241,121.34227103699999,245.0,1.7818442857142858,436.55185,0.5241344507632654,128.412940437,33.0,1.407805787878788,46.457591,0.37594747878787876,12.4062668
US-Wjs,2025,NDVI,fixed,183.88687683917792,172.0,339.05818920839,297.359950287154,247.95916159454825,327.23356851671304,284.63742047866145,248.78626204290651,34.4258,SAV,,,,,,,,,,77.0,2.5235445194805193,194.31292799999997,0.33724394896103893,25.967784069999997,156.0,,,,,17.938685897435896,235.83908333333335,11.094416666666666,250.844,65.0,2.5997150153846156,168.98147600000001,0.4158667656923077,27.03133977,101.0,2.679988871287129,270.678876,0.5465645026732674,55.20301477000001,144.0,,,,,36.0,2.824927777777778,101.6974,0.7825465277777778,28.171675
US-Wjs,2025,EVI,fixed,123.03084599906762,172.0,315.3675560364645,277.11607398102774,246.6020682757764,319.8784437980671,285.9713516779191,254.20293667981187,34.4258,SAV,49.0,1.4805681020408163,72.547837,0.457941081632653,22.439113,18.219183673469384,321.948693877551,14.655673469387756,29.972,83.0,2.5567880481927707,212.21340799999996,0.36762196469879516,30.512623069999997,148.0,2.616485529411764,387.2398583529411,0.5012450173949581,74.1842625744538,18.486716216216212,241.64972297297297,11.47133108108108,235.226,131.0,2.162827748091603,283.33043499999997,0.4025612448091603,52.73552307,162.0,2.282616882716049,369.783935,0.4775824633950617,77.36835907,196.0,2.290292245508982,448.89728011976047,0.4902458507185629,96.08818674083832,31.0,2.7888225806451614,86.4535,0.7946076129032259,24.632836000000005
US-Wjs,2025,NIRv,fixed,81.19825771344964,172.0,318.1701493923764,278.9818564599253,248.24041780937716,322.78393244872274,288.56959731208343,255.63593436182933,34.4258,SAV,91.0,1.558680318681319,141.83990900000003,0.6723944395604398,61.18789400000002,15.271175824175824,306.7603846153846,12.800373626373625,44.196000000000005,84.0,2.5635440238095235,215.337698,0.3735674889285714,31.37966907,151.0,,,,,18.316721854304635,239.57073509933778,11.364668874172185,235.23000000000002,174.0,2.0445218218390804,355.74679699999996,0.5307548854597701,92.35135007,207.0,2.158648198067633,446.840177,0.5742584013043479,118.87148907000002,241.0,2.1615831435406703,520.9415375933015,0.5771284118181819,139.08794724818182,33.0,2.7604054545454546,91.09338,0.8036405757575756,26.520138999999997
US-Wkg,2013,NDVI,fixed,186.8091549370935,172.0,308.6368135898624,254.22633753302355,218.77098372804653,326.55975924737663,286.424506454845,254.03594605896717,31.7365,GRA,,,,,,,,,,83.0,1.4132533045783136,117.30002428000003,-0.20587946144578312,-17.0879953,155.0,1.0181499079612903,157.81323573400002,-0.16723838903225804,-25.921950299999995,21.47737419354839,247.26970322580647,16.08801935483871,215.77300000000002,68.0,1.7914511423529416,121.81867768000002,-0.082942725,-5.6401053,100.0,1.6119727938,161.19727938,-0.05518553860000001,-5.518553860000001,140.0,1.1595134938142857,162.331889134,-0.10338614499999998,-14.474060299999998,32.0,1.2305813031250001,39.378601700000004,0.0037984824999999925,0.12155143999999976
US-Wkg,2013,EVI,fixed,187.20375571452635,172.0,298.29819737105447,250.28207585332197,217.9973841694681,325.54384763467783,284.4263969258125,250.98958005897455,31.7365,GRA,,,,,,,,,,79.0,1.4595123035443038,115.30147198,-0.18940940886075952,-14.963343300000002,154.0,1.0282872904805196,158.356242734,-0.16328516428571427,-25.1459153,21.53655844155844,248.2972662337662,16.16322077922078,208.78799999999998,63.0,1.9051034028571427,120.02151438,-0.032789734920634916,-2.0657533,97.0,1.6593129760824743,160.95335868,-0.034203761443298966,-3.3177648599999996,138.0,1.181712211115942,163.076285134,-0.08875598043478261,-12.248325300000001,34.0,1.2038777735294117,40.9318443,-0.03682386941176471,-1.2520115600000001
US-Wkg,2013,NIRv,fixed,187.27848797050623,172.0,291.3951770878907,247.1006704668141,217.5161333633408,323.3443917413258,282.97444210928154,250.95694210831613,31.7365,GRA,,,,,,,,,,79.0,1.4595123035443038,115.30147198,-0.18940940886075952,-14.963343300000002,152.0,1.0435832877236841,158.62465973399998,-0.1604645282894737,-24.3906083,21.631032894736844,249.59233552631582,16.25232236842105,208.788,63.0,1.9051034028571427,120.02151438,-0.032789734920634916,-2.0657533,95.0,1.6858191229473685,160.15281668,-0.030005185894736844,-2.85049266,136.0,1.2010639862794117,163.344702134,-0.0845074875,-11.493018300000001,32.0,1.254103196875,40.1313023,-0.024523105000000007,-0.7847393600000002
US-Wkg,2014,NDVI,fixed,200.550210395913,172.0,322.5050149341465,300.6717031699214,274.43501258276746,326.55975924737663,286.424506454845,254.03594605896717,31.7365,GRA,,,,,,,,,,83.0,2.0035419722891565,166.29398369999998,0.10424077228915662,8.6519841,155.0,1.9749815787096776,306.12214470000004,0.38583718903225805,59.804764299999995,21.203012903225805,245.1203161290323,14.468929032258066,370.84,54.0,3.116567537037037,168.294647,0.693216335185185,37.43368209999999,86.0,2.8988478139534886,249.300912,0.7199909453488371,61.91922129999999,126.0,2.4454191111111103,308.1228079999999,0.7030671611111109,88.58646229999998,32.0,2.5314457812500004,81.00626500000001,0.7651730999999999,24.485539199999998
US-Wkg,2014,EVI,fixed,198.3736758649508,172.0,322.2972428104163,299.6044072146988,270.0502534737052,325.54384763467783,284.4263969258125,250.98958005897455,31.7365,GRA,,,,,,,,,,79.0,1.9473494139240506,153.8406037,0.07668869746835444,6.058407100000001,154.0,1.9843028811688312,305.5826437,0.3864812811688312,59.5181173,21.27801948051948,245.51505844155847,14.511285714285716,370.84,52.0,3.0305167884615383,157.586873,0.6372532519230768,33.137169099999994,86.0,2.870540558139535,246.86648800000003,0.6725829686046512,57.8421353,127.0,2.4356607322834645,309.328913,0.6818651913385826,86.59687929999998,34.0,2.625871029411765,89.279615,0.7266166529411765,24.7049662
US-Wkg,2014,NIRv,fixed,198.9648876998224,172.0,322.04369897116646,298.6480317714724,268.3766402920916,323.3443917413258,282.97444210928154,250.95694210831613,31.7365,GRA,,,,,,,,,,79.0,1.9473494139240506,153.8406037,0.07668869746835444,6.058407100000001,152.0,2.0034804717105263,304.5290317,0.3890799690789474,59.1401553,21.401434210526315,246.82694078947372,14.55553289473684,370.84000000000003,52.0,3.0305167884615383,157.586873,0.6372532519230768,33.137169099999994,84.0,2.892866404761905,243.00077800000003,0.6651039678571429,55.8687333,125.0,2.466202408,308.275301,0.6897513383999999,86.21891729999999,32.0,2.66918453125,85.413905,0.71036138125,22.7315642
US-Wkg,2015,NDVI,fixed,178.2571915113105,172.0,316.46872407032527,300.1347490201467,283.7009130128829,326.55975924737663,286.424506454845,254.03594605896717,31.7365,GRA,,,,,,,,,,83.0,2.321337325301205,192.670998,0.20026577590361444,16.622059399999998,155.0,1.9149921354838706,296.82378099999994,0.18956675561290323,29.38284712,21.170741935483868,237.73550322580647,14.410348387096773,280.543,76.0,2.4805638947368425,188.52285600000002,0.33273274210526316,25.2876884,108.0,2.4157161666666673,260.8973460000001,0.3534562037037036,38.17326999999999,148.0,1.9775381013513518,292.67563900000005,0.2570842981081081,38.048476120000004,32.0,2.2617028125000003,72.37449000000001,0.402674425,12.8855816
US-Wkg,2015,EVI,fixed,40.00265178156747,172.0,330.6228767427449,299.0496658242405,267.8673290183649,325.54384763467783,284.4263969258125,250.98958005897455,31.7365,GRA,132.0,1.2157888257575757,160.484125,0.42778788515151517,56.46800084,17.325674242424242,291.02437878787873,15.720651515151516,38.1,79.0,2.297149594936709,181.474818,0.18927352658227847,14.9526086,154.0,1.924563331168831,296.382753,0.1906562890909091,29.36106852,21.228701298701296,238.0871948051948,14.4373961038961,280.543,210.0,1.6258955523809526,341.43806600000005,0.3427751925714286,71.98279044,244.0,1.732217442622951,422.6610560000001,0.3559353968852459,86.84823684,285.0,1.6012140385964915,456.34600100000006,0.303127194245614,86.39125036,34.0,2.3889114705882357,81.22299000000001,0.4372190117647059,14.8654464
US-Wkg,2015,NIRv,fixed,40.07886975813884,172.0,328.8928168524193,295.82247780742745,263.9421266944386,323.3443917413258,282.97444210928154,250.95694210831613,31.7365,GRA,132.0,1.2157888257575757,160.484125,0.42778788515151517,56.46800084,17.325674242424242,291.02437878787873,15.720651515151516,38.1,79.0,2.297149594936709,181.474818,0.18927352658227847,14.9526086,152.0,1.945162855263158,295.664754,0.19442212842105264,29.55216352,21.317006578947368,238.73024999999998,14.460394736842103,280.543,210.0,1.6258955523809526,341.43806600000005,0.3427751925714286,71.98279044,242.0,1.737133578512397,420.38632600000005,0.35990223033057855,87.09633974,283.0,1.6099929399293287,455.62800200000004,0.3059446832508834,86.58234536,32.0,2.467133125,78.94826,0.47229841562499997,15.113549299999999
US-Wkg,2016,NDVI,fixed,180.23098406718827,173.0,324.65770247915367,284.72443639705193,250.3572236716836,326.55975924737663,286.424506454845,254.03594605896717,31.7365,GRA,,,,,,,,,,82.0,2.3820229397804877,195.325881062,0.4789480804878048,39.27374259999999,154.0,1.898761812090909,292.409319062,0.354154611038961,54.5398101,22.055071428571427,248.2533116883117,16.589675324675323,297.94199999999995,74.0,2.642811803540541,195.56807346200003,0.5801277108108107,42.929450599999996,106.0,2.5379181647358493,269.01932546200004,0.5559894849056605,58.93488540000001,146.0,2.004462407273973,292.65151146200003,0.3985994390410959,58.1955181,32.0,2.295351625,73.451252,0.5001698375,16.0054348
US-Wkg,2016,EVI,fixed,164.7480264020307,173.0,318.7690628079113,277.5504518016946,249.240458400348,325.54384763467783,284.4263969258125,250.98958005897455,31.7365,GRA,9.0,-0.13500746666666666,-1.2150672,-0.3519348666666666,-3.1674137999999994,27.673111111111112,374.9631111111111,33.39644444444444,0.0,78.0,2.3776555264358974,185.457131062,0.4759215333333333,37.1218796,153.0,1.9127142553071894,292.645281062,0.35959598104575163,55.0181851,22.108039215686272,249.00890196078433,16.6337385620915,297.94199999999995,86.0,2.144982044906977,184.468455862,0.4010264395348838,34.48827380000001,120.0,2.205211565516667,264.625387862,0.43334203833333335,52.0010446,161.0,1.8115317134285713,291.656605862,0.32537005776397515,52.3845793,34.0,2.357556823529411,80.15693199999998,0.5150814941176471,17.512770800000002
US-Wkg,2016,NIRv,fixed,157.25063923886032,173.0,317.337064431992,276.89854159618784,249.80038735605612,323.3443917413258,282.97444210928154,250.95694210831613,31.7365,GRA,16.0,-0.17197304375,-2.7515687,-0.33318960625,-5.3310337,26.847625,360.57581250000004,29.7956875,4.064,78.0,2.3776555264358974,185.457131062,0.4759215333333333,37.1218796,151.0,1.9363045778940395,292.381991262,0.3659955927152317,55.26533449999999,22.19864238410596,250.28980132450332,16.674708609271523,297.94199999999995,93.0,1.9670102619569891,182.931954362,0.3475769236559141,32.32465390000001,125.0,2.079535490896,259.94193636200004,0.3949773096,49.3721637,166.0,1.7461253889277106,289.85681456199995,0.3040247518072289,50.468108799999996,32.0,2.4065619375,77.009982,0.53273468125,17.0475098
US-Wkg,2017,NDVI,fixed,181.5604190574772,172.0,317.5725333713075,265.077979841376,229.449755179595,326.55975924737663,286.424506454845,254.03594605896717,31.7365,GRA,,,,,,,,,,83.0,3.321633096385542,275.695547,1.0602530268674701,88.00100123000003,155.0,2.034442734193549,315.3386238000001,0.5952298235612903,92.260622652,22.578432258064513,255.05379354838712,18.032516129032256,313.182,73.0,3.737033767123287,272.80346499999996,1.3540604963013698,98.84641623,105.0,2.8901931333333333,303.470279,0.9764263061904762,102.52476215,145.0,2.154803736551724,312.4465418,0.711076121737931,103.106037652,32.0,0.9583379375,30.666814,0.11494831,3.67834592
US-Wkg,2017,EVI,fixed,180.42254215755185,172.0,319.99685206970605,267.1566206085238,227.7570160244696,325.54384763467783,284.4263969258125,250.98958005897455,31.7365,GRA,,,,,,,,,,79.0,3.385512620253165,267.45549700000004,1.099599770886076,86.86838190000002,154.0,2.046386232467533,315.1434798000001,0.5985258042337662,92.172973852,22.617694805194805,255.53011688311693,18.04453246753247,313.182,70.0,3.795821785714286,265.70752500000003,1.3891761271428573,97.24232890000002,104.0,2.918363269230769,303.50978,0.9820098541346154,102.12902483,145.0,2.1613483296551723,313.39550779999996,0.7072201438068966,102.546920852,34.0,1.1118310294117648,37.802255,0.14372635088235292,4.886695929999999
US-Wkg,2017,NIRv,fixed,180.07806224439256,172.0,321.7320299050317,268.0216140710812,227.7685214280509,323.3443917413258,282.97444210928154,250.95694210831613,31.7365,GRA,,,,,,,,,,79.0,3.385512620253165,267.45549700000004,1.099599770886076,86.86838190000002,152.0,2.071604992105263,314.88395879999996,0.6059410707368421,92.10304275200001,22.708098684210526,256.7012171052632,18.08628947368421,313.182,70.0,3.795821785714286,265.70752500000003,1.3891761271428573,97.24232890000002,102.0,2.9633025784313722,302.25686299999995,0.9980031238235294,101.79631863,143.0,2.1897621454545457,313.1359868,0.716622305958042,102.47698975200001,32.0,1.1421668125,36.549338,0.1423121790625,4.55398973
US-Wkg,2018,NDVI,fixed,176.41627909174105,172.0,347.20694563520544,305.0606452817632,274.3988426229242,326.55975924737663,286.424506454845,254.03594605896717,31.7365,GRA,,,,,,,,,,83.0,2.1296068674698794,176.75736999999998,0.03206376024096386,2.6612921000000003,155.0,1.6991992154838709,263.3758784,0.021796456903225802,3.3784508199999994,21.12484516129032,248.14141290322576,15.836135483870965,287.78200000000004,78.0,2.218607782051282,173.05140699999998,0.0681238858974359,5.3136631,110.0,2.134446718181818,234.78913899999998,0.09389491554545455,10.32844071,150.0,1.7311327693333336,259.66991540000004,0.04020547880000001,6.030821820000001,32.0,1.9293041250000003,61.73773200000001,0.15671180031249998,5.014777609999999
US-Wkg,2018,EVI,fixed,163.13930261026317,172.0,334.622252144653,294.6800671632997,267.8662161700666,325.54384763467783,284.4263969258125,250.98958005897455,31.7365,GRA,9.0,-0.18245563999999995,-1.6421007599999995,-0.9666485555555556,-8.699837,24.697333333333333,318.5918888888889,24.279333333333334,30.226,79.0,2.068215316455696,163.38900999999996,-0.013938656962025326,-1.1011539000000008,154.0,1.709844344155844,263.31602899999996,0.0219248085064935,3.376420509999999,21.189350649350647,249.34572727272726,15.895863636363634,287.78200000000004,87.0,1.852285313103448,161.14882224,-0.10464064252873566,-9.103735900000002,121.0,1.9501278284297519,235.96546723999998,0.008542642231404954,1.0336597099999993,162.0,1.6115792669135804,261.07584124000005,-0.028556552407407416,-4.626161490000001,34.0,2.20048955882353,74.81664500000001,0.2981586944117647,10.137395609999999
US-Wkg,2018,NIRv,fixed,160.6977577369603,172.0,326.41901085257007,290.12038759220786,265.81949623603845,323.3443917413258,282.97444210928154,250.95694210831613,31.7365,GRA,12.0,-0.18251066333333335,-2.1901279600000003,-0.8254738333333335,-9.905686000000001,25.386583333333334,330.58825,26.595250000000004,30.226,79.0,2.068215316455696,163.38900999999996,-0.013938656962025326,-1.1011539000000008,152.0,1.7305271710526313,263.04013,0.021849467171052635,3.3211190100000003,21.293894736842105,250.36834868421053,15.960125,287.78200000000004,90.0,1.784453278222222,160.60079503999998,-0.11455094333333336,-10.309584900000003,122.0,1.914927352786885,233.62113703999998,-0.0006018261475409823,-0.07342278999999985,163.0,1.5966375155828219,260.25191504,-0.03611847846625765,-5.887311989999997,32.0,2.2818856875,73.020342,0.31988006593749996,10.236162109999999
US-Wkg,2019,NDVI,fixed,162.9370388702626,172.0,318.06141187794327,299.31049382866576,283.24528949851435,326.55975924737663,286.424506454845,254.03594605896717,31.7365,GRA,10.0,0.6695046,6.695046,-0.16220446,-1.6220446,26.431400000000004,351.70050000000003,30.451900000000002,0.0,83.0,1.8248154602409643,151.45968320000003,0.03937965421686748,3.268511300000001,155.0,1.545654057419355,239.5763789,0.08840464774193547,13.702720399999999,22.171193548387095,237.65132258064517,17.57767741935484,227.457,92.0,1.7154815239130436,157.8243002,0.022928877173913044,2.1094567,124.0,1.8011213169354838,223.3390433,0.1153634306451613,14.305065400000002,164.0,1.4996402189024391,245.94099590000002,0.07648576707317073,12.5436658,32.0,2.047335721875,65.5147431,0.381112771875,12.1956087
US-Wkg,2019,EVI,fixed,58.66033981174908,172.0,346.50996921245786,315.7949984425736,281.9671838132127,325.54384763467783,284.4263969258125,250.98958005897455,31.7365,GRA,114.0,1.0610734719298245,120.96237579999999,0.27728668508771925,31.610682099999995,17.603377192982457,301.15565789473686,16.77471052631579,41.529,79.0,1.8362567493670887,145.0642832,0.026666889873417733,2.106684300000001,154.0,1.5539338694805196,239.30581590000003,0.09136044415584414,14.069508399999998,22.24448051948052,238.31022727272727,17.64892207792208,227.457,192.0,1.38383453125,265.69623,0.1780226895833333,34.180356399999994,226.0,1.475696739380531,333.5074631,0.20520849159292032,46.377119099999994,267.0,1.3480815082397004,359.9377627,0.17282090074906367,46.1431805,34.0,1.9944480323529414,67.81123310000001,0.3587283147058824,12.1967627
US-Wkg,2019,NIRv,fixed,55.91486448536459,172.0,347.7188178305208,317.5102727145124,282.6315439458336,323.3443917413258,282.97444210928154,250.95694210831613,31.7365,GRA,117.0,1.0348133333333331,121.07315999999997,0.26835837205128205,31.39792953,17.4607094017094,298.9184786324787,16.62437606837607,41.529,79.0,1.8362567493670887,145.0642832,0.026666889873417733,2.106684300000001,152.0,1.5733753796052632,239.1530577,0.09789151578947368,14.8795104,22.414848684210526,240.37997368421054,17.847486842105265,209.042,195.0,1.3631128933333334,265.8070142,0.17419284015384612,33.967603829999995,227.0,1.4491669925110133,328.96090730000003,0.19657906841409695,44.623448530000005,268.0,1.3428947339552237,359.89578869999997,0.17440458929104477,46.74042993,32.0,1.9735591593750001,63.153893100000005,0.332995146875,10.6558447
US-Wkg,2020,NDVI,fixed,78.68229689804302,173.0,328.0903874240522,240.8463755666456,169.24370874837714,326.55975924737663,286.424506454845,254.03594605896717,31.7365,GRA,95.0,1.477449831578947,140.35773399999997,0.49493484389473685,47.01881017,20.32936842105263,325.14393684210523,20.65723157894737,5.587999999999999,82.0,0.627366743902439,51.444072999999996,-0.5889145509756097,-48.29099318,154.0,0.32942251896103897,50.73106792,-0.45048338363636364,-69.37444108,23.96096103896104,245.43062987012985,22.834779220779218,73.914,176.0,1.084985090909091,190.957376,-0.006795108011363657,-1.1959390100000036,208.0,0.9244210891826922,192.27958654999998,-0.05787762985576924,-12.038547010000002,248.0,0.7671143988709679,190.24437092000002,-0.08983623754032258,-22.27938691,32.0,0.04131907968750001,1.3222105500000003,-0.33883149999999995,-10.842607999999998
US-Wkg,2020,EVI,fixed,76.2292203310012,173.0,327.0210214454931,240.66878978195308,173.7259017787177,325.54384763467783,284.4263969258125,250.98958005897455,31.7365,GRA,97.0,1.453882649484536,141.026617,0.4801157543298969,46.57122817,20.140917525773197,321.19761855670106,20.39418556701031,21.717000000000002,78.0,0.6361052564102564,49.616209999999995,-0.605718374102564,-47.24603317999999,153.0,0.33279208444444447,50.91718892,-0.45170392862745096,-69.11070108,23.9908954248366,246.0205751633987,22.876032679738557,73.914,174.0,1.0907953793103449,189.798396,-0.0034400058045976453,-0.5985610099999903,208.0,0.9284235295673078,193.11209415000002,-0.057571927932692314,-11.974961010000001,249.0,0.7674673691566265,191.09937492,-0.09021377072289156,-22.463228909999998,34.0,0.09746171029411765,3.3136981500000005,-0.3346,-11.3764
US-Wkg,2020,NIRv,fixed,76.3846547436248,173.0,318.51208502559786,232.54722379960907,175.475884005931,323.3443917413258,282.97444210928154,250.95694210831613,31.7365,GRA,97.0,1.453882649484536,141.026617,0.4801157543298969,46.57122817,20.140917525773197,321.19761855670106,20.39418556701031,21.717000000000002,78.0,0.6361052564102564,49.616209999999995,-0.605718374102564,-47.24603317999999,151.0,0.3385799577483444,51.12557362,-0.4544053647682119,-68.61521008,24.029834437086095,247.25606622516554,22.92868874172185,73.914,174.0,1.0907953793103449,189.798396,-0.0034400058045976453,-0.5985610099999903,206.0,0.9379447735436894,193.21662335000002,-0.05600710684466023,-11.537464010000008,247.0,0.7745253425910932,191.30775962,-0.08893821016194334,-21.967737910000004,32.0,0.10681960468750001,3.4182273500000004,-0.34184071875,-10.938903
US-Wkg,2021,NDVI,fixed,192.60595140645844,172.0,322.0109857689428,276.63538294805534,247.6524741167339,326.55975924737663,286.424506454845,254.03594605896717,31.7365,GRA,,,,,,,,,,83.0,2.1189423719277105,175.87221686999996,0.23316068554216868,19.3523369,155.0,1.3917542802967742,215.721913446,0.10754333023225807,16.669216186,21.771238709677423,237.58275483870966,15.738916129032258,244.34799999999998,62.0,2.8365694016129033,175.8673029,0.5291745629032258,32.8088229,94.0,2.218979009574469,208.58402690000005,0.2913763463829787,27.38937656,134.0,1.6098283542985075,215.716999476,0.2248186730298507,30.125702185999994,32.0,1.022397625,32.716724,-0.169357698125,-5.41944634
US-Wkg,2021,EVI,fixed,193.99985087763864,172.0,311.0139452754618,270.5464756903598,246.050874447474,325.54384763467783,284.4263969258125,250.98958005897455,31.7365,GRA,,,,,,,,,,79.0,2.133734137594937,168.56499687000002,0.24895491139240508,19.667438,154.0,1.4003700282207792,215.656984346,0.10807342523376622,16.643307485999998,21.82523376623377,238.34165584415584,15.769077922077923,244.348,57.0,2.9633656473684216,168.91184190000004,0.606941298245614,34.595654,91.0,2.2811205923076923,207.5819739,0.3115415556043956,28.350281560000003,132.0,1.636392646787879,216.00382937600006,0.23917820822727273,31.571523486,34.0,1.1373568235294118,38.670132,-0.18368742470588234,-6.24537244
US-Wkg,2021,NIRv,fixed,197.6640241098694,172.0,305.0171636460454,266.99999294400595,244.3506270977511,323.3443917413258,282.97444210928154,250.95694210831613,31.7365,GRA,,,,,,,,,,79.0,2.133734137594937,168.56499687000002,0.24895491139240508,19.667438,152.0,1.418606788131579,215.628231796,0.10977419085526315,16.68567701,21.89725657894737,239.65671710526314,15.784651315789473,244.34799999999998,53.0,3.1866815679245284,168.8941231,0.7346732641509434,38.937683,85.0,2.4257837658823536,206.19162010000005,0.38061412776470593,32.35220086,126.0,1.7139472859206348,215.95735802599998,0.28536446039682545,35.95592201000001,32.0,1.16554678125,37.297497,-0.205796316875,-6.58548214
US-Wkg,2022,NDVI,fixed,173.18912517956633,172.0,326.6909273072123,273.9159170642411,241.04313631458783,326.55975924737663,286.424506454845,254.03594605896717,31.7365,GRA,,,,,,,,,,83.0,3.4190918846397587,283.7846264251,0.9096921204819279,75.50444600000002,155.0,2.3701984362909676,367.3807576251,0.5914513531612903,91.67495973999999,20.119245161290323,239.6510258064516,12.21754193548387,443.10300000000007,81.0,3.520537313890124,285.16352242510004,0.9880935308641976,80.035576,113.0,3.036521888717699,343.1269734251,0.7534565584070797,85.14059110000001,153.0,2.410193814543137,368.75965362509993,0.6287979721568627,96.20608974,32.0,1.81135784375,57.963451,0.159531721875,5.1050151
US-Wkg,2022,EVI,fixed,171.3982755173809,172.0,312.4363188968747,266.2174258244299,238.9242621068388,325.54384763467783,284.4263969258125,250.98958005897455,31.7365,GRA,,,,,,,,,,79.0,3.416127043355696,269.8740364251,0.9414416582278481,74.373891,154.0,2.384548731331818,367.2205046251,0.5948403561038961,91.60541484,20.177415584415584,240.1588311688311,12.242012987012988,443.10300000000007,79.0,3.416127043355696,269.8740364251,0.9414416582278481,74.373891,113.0,2.994642809071681,338.3946374251,0.6993015938053098,79.0210801,154.0,2.384548731331818,367.2205046251,0.5948403561038961,91.60541484,34.0,2.015311794117647,68.520601,0.13668203235294119,4.6471891
US-Wkg,2022,NIRv,fixed,173.6609937366278,172.0,304.6724140250444,262.95125092244257,238.4620201659624,323.3443917413258,282.97444210928154,250.95694210831613,31.7365,GRA,,,,,,,,,,79.0,3.416127043355696,269.8740364251,0.9414416582278481,74.373891,152.0,2.4140466343756577,366.9350884251,0.6020585289473684,91.5128964,20.343809210526317,240.97431578947368,12.325098684210525,443.10300000000007,77.0,3.5227653561701295,271.25293242509997,1.0247405324675325,78.905021,109.0,3.0960159029825682,337.4657334250999,0.7594010834862384,82.77471809999999,150.0,2.455426562834,368.3139844251,0.6402935093333333,96.04402639999999,32.0,2.06915003125,66.212801,0.120928034375,3.8696971
US-Wkg,2023,NDVI,fixed,79.0311423896934,172.0,359.1332628837702,333.08482050597206,296.9177553121624,326.55975924737663,286.424506454845,254.03594605896717,31.7365,GRA,93.0,1.2586652795698925,117.055871,0.5506869999999999,51.21389099999999,19.058225806451613,325.73238709677423,19.239634408602154,1.651,83.0,1.3290716337349398,110.3129456,-0.27517378542168675,-22.83942419,155.0,0.9192599761290322,142.4852963,-0.13387266574193551,-20.750263190000005,23.707587096774194,251.474935483871,21.67652258064516,149.352,175.0,1.2944426605714288,226.52746560000003,0.1623664714857143,28.41413251,207.0,1.220194258937198,252.58021159999996,0.15493491647342994,32.07152771,247.0,1.047367677327935,258.69981629999995,0.1234951154251012,30.50329351,32.0,0.8141483125,26.052746,0.11429360000000001,3.6573952000000003
US-Wkg,2023,EVI,fixed,74.1206038680355,172.0,359.5906051680944,332.5492473087146,293.29962387443845,325.54384763467783,284.4263969258125,250.98958005897455,31.7365,GRA,98.0,1.2114294387755102,118.720085,0.5255067724489796,51.4996637,18.594836734693875,320.70438775510206,18.58465306122449,1.651,79.0,1.3372186531645567,105.64027359999997,-0.2842048137974684,-22.452180290000005,154.0,0.9245018201298699,142.37328029999998,-0.1351388791558442,-20.811387390000004,23.798980519480516,251.94945454545456,21.759753246753245,149.352,176.0,1.2699943613636364,223.5190076,0.16526789267045452,29.087149109999995,210.0,1.2084988885714287,253.78476660000004,0.15480039957142855,32.508083909999996,251.0,1.0368606147410357,260.2520143,0.12242207972111553,30.72794201,34.0,0.8901693823529413,30.265759000000003,0.1006157294117647,3.4209348
US-Wkg,2023,NIRv,fixed,71.93909860917181,172.0,360.7403463135824,335.3862405755156,297.2011435232431,323.3443917413258,282.97444210928154,250.95694210831613,31.7365,GRA,101.0,1.1833338712871289,119.51672100000002,0.5095402431386137,51.463564556999984,18.45216831683168,317.4631485148515,18.35415841584159,1.651,79.0,1.3372186531645567,105.64027359999997,-0.2842048137974684,-22.452180290000005,152.0,0.9356599388157895,142.2203107,-0.13680698348684212,-20.794661490000003,23.984434210526317,252.94911842105265,21.952519736842106,149.352,179.0,1.2531600201117317,224.31564359999996,0.1622963685307262,29.05104996699999,211.0,1.2039523772511849,254.0339516,0.15454395387203793,32.608774267,252.0,1.035300320238095,260.89568069999996,0.12185939986904762,30.708568767,32.0,0.928697125,29.718308,0.111178884375,3.5577243
US-Wkg,2024,NDVI,fixed,180.12952250009312,173.0,300.8316324661824,267.0528896879024,247.0652870079724,326.55975924737663,286.424506454845,254.03594605896717,31.7365,GRA,,,,,,,,,,82.0,1.102403637804878,90.3970983,-0.1912983402439024,-15.686463899999998,154.0,0.5700543533116882,87.78837040999998,-0.22346140779220774,-34.41305679999999,23.010116883116883,252.44013636363633,19.88448051948052,178.689,74.0,1.1955829743243245,88.47314010000001,-0.11677083648648648,-8.6410419,106.0,0.8721838152830187,92.45148441999999,-0.16896566235849053,-17.910360209999997,146.0,0.5881124123972603,85.86441221000001,-0.18744955342465755,-27.3676348,32.0,0.12432325999999999,3.9783443199999997,-0.2896661971875,-9.26931831
US-Wkg,2024,EVI,fixed,164.45920312480385,173.0,304.60952543593817,270.8318188624393,249.74488913310708,325.54384763467783,284.4263969258125,250.98958005897455,31.7365,GRA,9.0,0.18500586666666666,1.6650528,-0.25154744444444443,-2.263927,27.898111111111113,344.22988888888887,31.60655555555555,0.0,78.0,1.1424492089743588,89.11103829999999,-0.18190681923076918,-14.188731899999995,153.0,0.5745453752287581,87.90544240999999,-0.22411795947712415,-34.290047799999996,23.05769934640523,252.85888888888886,19.91174509803922,178.689,86.0,1.0508664895348834,90.37451809999997,-0.1881117081395349,-16.1776069,120.0,0.8001872368333333,96.02246842,-0.22008504341666668,-26.41020521,161.0,0.5538442373291925,89.16892220999999,-0.22533492422360252,-36.278922800000004,34.0,0.16611618588235297,5.6479503200000005,-0.3009587738235294,-10.23259831
US-Wkg,2024,NIRv,fixed,154.28973632077307,173.0,317.931209914125,277.9354554136088,252.6406748888785,323.3443917413258,282.97444210928154,250.95694210831613,31.7365,GRA,19.0,0.15235322105263158,2.8947112,-0.24183773684210524,-4.594917,27.57078947368421,341.20863157894735,32.24768421052632,0.0,78.0,1.1424492089743588,89.11103829999999,-0.18190681923076918,-14.188731899999995,151.0,0.5824013007947019,87.94259641999999,-0.2267292510596026,-34.23611690999999,23.2072119205298,253.72949668874168,20.02803973509934,178.689,96.0,0.9542101718749999,91.6041765,-0.192797884375,-18.5085969,128.0,0.76204495171875,97.54175382,-0.22109697039062504,-28.300412210000005,169.0,0.5351226900591716,90.43573461999999,-0.22814190479289942,-38.55598191,32.0,0.18554929125,5.93757732,-0.3059942284375,-9.79181531
US-Wkg,2025,NDVI,fixed,187.10120608000545,172.0,353.41052840779275,322.7768530682204,286.18691697032534,326.55975924737663,286.424506454845,254.03594605896717,31.7365,GRA,,,,,,,,,,83.0,0.7611243568674698,63.173321619999996,-0.27122087349397594,-22.5113325,155.0,0.8523062214193547,132.10746432,-0.045010387419354814,-6.976610049999996,22.728406451612905,246.027535483871,17.969980645161293,260.60400000000004,67.0,1.0057509389552237,67.38531290999998,-0.1795207686567164,-12.027891499999999,99.0,1.1181606354545455,110.69790291,-0.042385284848484854,-4.196143200000001,139.0,0.9807155079856114,136.31945560999998,0.02522899964028779,3.506830950000003,32.0,1.3535184375,43.31259,0.24474213437499998,7.831748299999999
US-Wkg,2025,EVI,fixed,180.082347250867,172.0,346.28214987000644,312.61111565931293,278.3731483564579,325.54384763467783,284.4263969258125,250.98958005897455,31.7365,GRA,,,,,,,,,,79.0,0.7384724002531647,58.33931962000001,-0.2747845240506329,-21.7079774,154.0,0.8585063462337663,132.20997732,-0.04414899383116881,-6.798945049999997,22.796584415584416,246.6617142857143,18.042967532467532,260.60400000000004,70.0,0.8595379272857144,60.16765491000001,-0.25862763428571434,-18.103934400000004,104.0,1.02343750875,106.43750091000001,-0.11082597307692307,-11.5259012,145.0,0.9244021559310345,134.03831261,-0.022033807241379294,-3.194902049999998,34.0,1.3608778235294117,46.269845999999994,0.19347156470588237,6.5780332
US-Wkg,2025,NIRv,fixed,172.80081031587144,172.0,341.06525778124933,308.7255877457747,278.45504841049353,323.3443917413258,282.97444210928154,250.95694210831613,31.7365,GRA,,,,,,,,,,79.0,0.7384724002531647,58.33931962000001,-0.2747845240506329,-21.7079774,152.0,0.8721834165789474,132.57187932,-0.042162210855263144,-6.408656049999998,22.993592105263158,248.27812500000005,18.234072368421053,258.826,78.0,0.7478206480769232,58.330010550000004,-0.2758464923076923,-21.5160264,110.0,0.9302976049999999,102.33273654999999,-0.13886638363636364,-15.2753022,151.0,0.8778978162251657,132.56257025000002,-0.041170232119205306,-6.216705050000002,32.0,1.3750851874999999,44.002725999999996,0.19502263125,6.2407242
