site_id,year,vi_index,anchor_mode,SOS,SOL,EOS10,EOS50,EOS90,EOS10_anchor,EOS50_anchor,EOS90_anchor,lat,igbp,len__SOS_to_SOL,GPP_mean__SOS_to_SOL,GPP_cum__SOS_to_SOL,NEP_mean__SOS_to_SOL,NEP_cum__SOS_to_SOL,TA_mean__SOS_to_SOL,SW_mean__SOS_to_SOL,VPD_mean__SOS_to_SOL,P_sum__SOS_to_SOL,len__SOL_to_EOS90,GPP_mean__SOL_to_EOS90,GPP_cum__SOL_to_EOS90,NEP_mean__SOL_to_EOS90,NEP_cum__SOL_to_EOS90,len__SOL_to_EOS10,GPP_mean__SOL_to_EOS10,GPP_cum__SOL_to_EOS10,NEP_mean__SOL_to_EOS10,NEP_cum__SOL_to_EOS10,TA_mean__SOL_to_EOS10,SW_mean__SOL_to_EOS10,VPD_mean__SOL_to_EOS10,P_sum__SOL_to_EOS10,len__SOS_to_EOS90,GPP_mean__SOS_to_EOS90,GPP_cum__SOS_to_EOS90,NEP_mean__SOS_to_EOS90,NEP_cum__SOS_to_EOS90,len__SOS_to_EOS50,GPP_mean__SOS_to_EOS50,GPP_cum__SOS_to_EOS50,NEP_mean__SOS_to_EOS50,NEP_cum__SOS_to_EOS50,len__SOS_to_EOS10,GPP_mean__SOS_to_EOS10,GPP_cum__SOS_to_EOS10,NEP_mean__SOS_to_EOS10,NEP_cum__SOS_to_EOS10,len__EOS90_to_EOS50,GPP_mean__EOS90_to_EOS50,GPP_cum__EOS90_to_EOS50,NEP_mean__EOS90_to_EOS50,NEP_cum__EOS90_to_EOS50
BE-Dor,2020,NDVI,year,169.05090208177023,173.0,303.0,303.0,303.0,303.0,303.0,303.0,50.311874,GRA,,,,,,,,,,131.0,5.9361440458015275,777.6348700000001,-1.3864930045801527,-181.6305836,131.0,5.9361440458015275,777.6348700000001,-1.3864930045801527,-181.6305836,15.721969465648854,160.98048091603053,5.440641221374046,202.986,134.0,6.083528880597015,815.1928700000001,-1.324816011119403,-177.52534549,134.0,6.083528880597015,815.1928700000001,-1.324816011119403,-177.52534549,134.0,6.083528880597015,815.1928700000001,-1.324816011119403,-177.52534549,,,,,
BE-Dor,2020,EVI,year,72.58565988505757,173.0,192.53650227269597,170.95135108721547,149.4154000053575,192.53650227269597,170.95135108721547,149.4154000053575,50.311874,GRA,101.0,11.578378514851488,1169.4162300000003,2.5845860406930696,261.04319011,11.023168316831686,217.3131485148515,4.794326732673268,44.3,,,,,,20.0,10.218342,204.36684,-0.19837518999999998,-3.9675037999999994,17.01915,213.72935,5.473599999999999,17.0,77.0,12.00558909090909,924.43036,3.197045363636364,246.172493,98.0,11.530941122448983,1130.0322300000003,2.614708693877551,256.241452,120.0,11.318365583333332,1358.2038699999998,2.1157783025833328,253.89339630999993,21.0,9.790565238095239,205.60187000000002,0.47947423809523815,10.068959000000001
BE-Dor,2020,NIRv,year,60.86850803824935,173.0,193.7832738565112,172.06667191294943,150.98991337930346,193.7832738565112,172.06667191294943,150.98991337930346,50.311874,GRA,113.0,10.822713982300883,1222.9666799999998,2.4640772222123895,278.44072611,10.514991150442478,201.10225663716815,4.413672566371682,107.1,,,,,,21.0,10.040637142857141,210.85337999999996,-0.2206526095238095,-4.633704799999999,16.83833333333333,215.17800000000003,5.445714285714286,17.0,90.0,10.982536777777778,988.42831,2.9541818777777773,265.87636899999995,112.0,10.780245357142856,1207.3874799999999,2.457664608125,275.25843611,133.0,10.663465112781955,1418.2408599999999,2.0347724158646616,270.62473131,22.0,9.952689545454547,218.95917000000003,0.4264575959090909,9.38206711
BE-Dor,2022,EVI,year,52.39347151617617,172.0,197.79388333174956,165.2044264998694,142.79621277658535,197.79388333174956,165.2044264998694,142.79621277658535,50.311874,GRA,120.0,9.410125916666667,1129.21511,1.6041133274999997,192.49359929999997,10.340108333333335,199.38231666666664,4.2992,145.209,,,,,,26.0,12.027680000000002,312.71968000000004,0.998884698076923,25.97100215,16.596923076923076,255.29476923076922,6.288269230769231,26.548000000000002,90.0,8.482938666666666,763.4644799999999,1.955098201111111,175.9588381,113.0,9.096171769911503,1027.8674099999998,1.6194369141592921,182.99637130000002,145.0,9.866946827586208,1430.70729,1.5103638168965516,219.00275345,23.0,11.495779565217392,264.40293,0.305979704347826,7.037533199999999
BE-Dor,2022,NIRv,year,60.624013473686496,172.0,193.9982766856636,160.00700366471784,138.76220920701053,193.9982766856636,160.00700366471784,138.76220920701053,50.311874,GRA,112.0,9.824880714285714,1100.38664,1.6112525651785712,180.46028729999998,10.762312499999998,206.00367857142854,4.428910714285714,140.5,,,,,,22.0,12.602067727272727,277.24549,1.155227181818182,25.414998000000004,16.212863636363636,249.5732272727273,5.639500000000001,25.169,78.0,8.701848846153846,678.74421,2.0232841551282057,157.81616410000004,100.0,9.3325034,933.25034,1.6651746079999998,166.51746079999998,133.0,10.27371902255639,1366.40463,1.5519807315789476,206.41343730000003,22.0,11.568460454545455,254.50613,0.3955134863636362,8.701296699999997
BE-Dor,2023,EVI,year,54.13853397593999,172.0,264.0,165.73529423875846,151.05731891794684,264.0,165.73529423875846,151.05731891794684,50.311874,GRA,118.0,9.348399491525424,1103.11114,1.9538473847457627,230.5539914,10.113533898305086,184.84229661016948,3.9518813559322035,220.75700000000003,,,,,,93.0,8.575253010752688,797.49853,-1.2927684096774197,-120.22746210000003,17.44637634408602,195.51321505376345,5.174956989247312,262.74899999999997,97.0,9.32967350515464,904.97833,2.2812201793814433,221.2783574,111.0,9.429267657657658,1046.64871,2.1681686252252255,240.66671740000004,210.0,9.01533580952381,1893.22052,0.5372283300000001,112.81794930000002,14.0,10.119312857142859,141.67038000000002,1.384882857142857,19.38836
BE-Dor,2023,NIRv,year,80.57300449292754,172.0,175.54775962044968,166.97164153218893,158.42656590707182,175.54775962044968,166.97164153218893,158.42656590707182,50.311874,GRA,92.0,10.742000108695652,988.26401,2.1956078173913043,201.9959192,11.717054347826087,211.3779347826087,4.582456521739131,139.887,,,,,,,,,,,,,,,78.0,11.026061153846152,860.0327699999999,2.6150392974358976,203.9730652,86.0,10.948189999999999,941.5443399999999,2.4741466883720933,212.7766152,95.0,10.590401157894737,1006.08811,2.003021991578948,190.28708920000003,8.0,10.18894625,81.51157,1.10044375,8.80355
BE-Maa,2018,NDVI,year,37.0,172.0,240.4856571808061,171.84577506580976,140.47475549623056,240.4856571808061,171.84577506580976,140.47475549623056,50.97987,CSH,136.0,2.02124444875,274.88924503,-0.037986142720588256,-5.166115410000003,10.067580882352942,160.18148529411766,4.348183823529412,208.072,,,,,,69.0,2.5529019101449277,176.1502318,-0.14991552057971017,-10.344170920000002,19.984797101449278,241.68950724637682,10.801159420289858,55.934999999999995,104.0,1.1159872502884616,116.06267403000001,-0.43604319346153847,-45.34849212,135.0,2.0047572965185183,270.64223503,-0.05160670674074071,-6.966905409999995,204.0,2.190159151127451,446.79246683,-0.0848582173039216,-17.311076330000006,31.0,4.986437451612903,154.57956099999998,1.2381157003225807,38.38158671
BE-Maa,2018,EVI,year,119.80056591334224,172.0,308.3163210706808,236.26496963429005,184.38360586508705,308.3163210706808,236.26496963429005,184.38360586508705,50.97987,CSH,53.0,4.049130962264151,214.603941,0.8503553794339622,45.068835109999995,16.47388679245283,224.37754716981132,6.169622641509435,76.84599999999998,13.0,3.7576500000000004,48.849450000000004,1.3709735384615382,17.822656,137.0,2.4263799766423357,332.41405679999997,-0.23119599350364964,-31.67385111,16.334306569343067,179.2136058394161,7.623386861313868,150.213,65.0,3.9877904769230765,259.20638099999996,0.9398569401538461,61.09070111,117.0,3.193267716239316,373.61232279999996,0.2942994409401709,34.43303459,189.0,2.8718041682539686,542.7709878000001,0.06134494179894173,11.594193999999987,52.0,2.2001142653846153,114.4059418,-0.5126474330769231,-26.65766652
BE-Maa,2018,NIRv,year,149.26988083930294,172.0,321.70123615471414,262.82486159071715,199.75853649575097,321.70123615471414,262.82486159071715,199.75853649575097,50.97987,CSH,23.0,5.336139173913042,122.73120099999997,1.5896926086956522,36.56293,17.786304347826086,202.43360869565217,5.417695652173914,31.455000000000002,28.0,3.1886946428571434,89.28345000000002,1.0727326857142858,30.036515200000004,150.0,2.3117704653333333,346.7655698,-0.26709078140000003,-40.063617210000004,15.643000000000002,168.457,7.120666666666668,167.691,50.0,4.15535282,207.767641,1.295973104,64.7986552,113.0,3.276075157522124,370.1964928,0.19546011672566374,22.08699319,172.0,2.704940469767442,465.2497608,-0.030822541918604618,-5.3014772099999945,63.0,2.5782357428571423,162.42885179999996,-0.677962889047619,-42.71166201
BE-Maa,2022,NDVI,year,1.0,172.0,296.0697533540056,227.13793302576207,192.9862575230232,296.0697533540056,227.13793302576207,192.9862575230232,50.97987,CSH,172.0,2.3768376744186046,408.81608,0.08987922202325582,15.459226188000002,9.273930232558138,136.21995348837206,4.225837209302324,286.468,21.0,6.374785714285714,133.8705,2.0844621904761906,43.773706000000004,125.0,3.492409312,436.55116399999997,-0.017317932000000036,-2.1647415000000043,16.962528,183.670776,7.217920000000001,229.908,192.0,2.7904765625,535.7715,0.29411714681250006,56.47049218800001,227.0,2.796167885462555,634.73011,0.2859413417973568,64.908684588,296.0,2.8326086621621624,838.452164,0.03558123205405403,10.532044687999992,35.0,2.827388857142857,98.95861,0.24109121142857148,8.438192400000002
BE-Maa,2022,EVI,year,1.0,172.0,311.0110044211006,242.49816242406692,199.66021074376857,311.0110044211006,242.49816242406692,199.66021074376857,50.97987,CSH,172.0,2.3768376744186046,408.81608,0.08987922202325582,15.459226188000002,9.273930232558138,136.21995348837206,4.225837209302324,286.468,28.0,5.727013928571429,160.35639,1.8142060357142857,50.797769,140.0,3.3416041,467.824574,-0.08745943928571427,-12.244321499999998,16.596042857142855,171.00995000000003,6.836592857142858,246.838,199.0,2.8254140201005025,562.25739,0.3190681165226132,63.49455518800002,242.0,2.7978992148760327,677.09161,0.20108575862809913,48.66275358799999,311.0,2.7965452540192928,869.725574,0.0014548703794211963,0.45246468799999207,43.0,2.6705632558139536,114.83422,-0.3449256186046512,-14.831801600000002
BE-Maa,2022,NIRv,year,1.0,172.0,314.176077665612,243.92909334401264,199.83076798524053,314.176077665612,243.92909334401264,199.83076798524053,50.97987,CSH,172.0,2.3768376744186046,408.81608,0.08987922202325582,15.459226188000002,9.273930232558138,136.21995348837206,4.225837209302324,286.468,28.0,5.727013928571429,160.35639,1.8142060357142857,50.797769,143.0,3.3139689090909092,473.897554,-0.09391010139860134,-13.429144499999992,16.498461538461537,168.63918881118883,6.7599230769230765,247.218,199.0,2.8254140201005025,562.25739,0.3190681165226132,63.49455518800002,243.0,2.7994686831275715,680.2708899999999,0.19581030283127568,47.58190358799999,314.0,2.7891673694267514,875.798554,-0.002332351312101941,-0.7323583120000094,44.0,2.682125,118.01350000000001,-0.36165117272727276,-15.912651600000002
BE-Maa,2023,NDVI,year,117.54878422017217,172.0,,,,,,,50.97987,CSH,55.0,4.355316181818181,239.54238999999995,1.0683522709090907,58.75937489999999,16.11189090909091,255.16009090909094,7.989363636363637,47.339999999999996,,,,,,,,,,,,,,,,,,,,,,,,,,,,,,,,,,
BE-Maa,2023,EVI,year,28.0,172.0,268.67016801740965,233.77552481549907,202.07271903723995,268.67016801740965,233.77552481549907,202.07271903723995,50.97987,CSH,145.0,2.530956372413793,366.98867399999995,0.237286166137931,34.406494089999995,10.162013793103448,159.16737931034484,4.492296551724138,242.728,31.0,6.102763548387096,189.18567,1.5718146064516128,48.7262528,97.0,5.387557319587629,522.59306,0.43740747422680404,42.42852499999999,18.052494845360826,191.69718556701028,5.753371134020617,344.693,175.0,3.147102422857143,550.742924,0.4716503422285715,82.53880989000001,206.0,3.4826692912621358,717.4298739999999,0.38733730043689324,79.79148389000001,241.0,3.6686735020746886,884.150314,0.3163530377178423,76.24108208999999,31.0,5.376998387096773,166.68694999999997,-0.08862341935483871,-2.747326
BE-Maa,2023,NIRv,year,140.86156678571962,172.0,278.8777475979676,278.19528060841344,276.33092901435685,278.8777475979676,278.19528060841344,276.33092901435685,50.97987,CSH,32.0,4.9309534374999995,157.79050999999998,1.6601193125,53.123818,18.234625,293.57090625,10.36971875,2.95,105.0,5.256250095238095,551.90626,0.3959228495238095,41.5718992,107.0,5.22109523364486,558.65719,0.3953083570093458,42.2979942,17.83727102803738,185.05709345794392,5.58733644859813,347.19300000000004,136.0,5.17842169117647,704.2653499999999,0.6919248544117647,94.1017802,138.0,5.152291884057971,711.0162799999999,0.6871585159420289,94.8278752,138.0,5.152291884057971,711.0162799999999,0.6871585159420289,94.8278752,,,,,
BE-Maa,2024,NDVI,year,153.98672505935184,173.0,304.2979567413938,263.189553229843,201.820011361507,304.2979567413938,263.189553229843,201.820011361507,50.97987,CSH,20.0,6.356904999999999,127.13809999999998,1.6723191735,33.44638347,14.2219,200.56164999999996,4.43815,54.900000000000006,29.0,8.012852068965518,232.37271000000004,2.2256361379310348,64.54344800000001,132.0,5.4945847121212115,725.285182,0.6599992136363636,87.1198962,16.38298484848485,164.03362878787877,4.639469696969697,308.571,48.0,7.4134625000000005,355.8462,2.078813155625,99.78303147,110.0,6.684834454545454,735.33179,1.3913097269999999,153.04406996999998,151.0,5.620918357615894,848.7586719999999,0.8103276799337749,122.35947967,62.0,6.120735322580646,379.48559,0.8590490080645161,53.2610385
BE-Maa,2024,EVI,year,152.29479031589528,173.0,301.0836767326466,256.961643085235,215.5007219395703,301.0836767326466,256.961643085235,215.5007219395703,50.97987,CSH,21.0,6.212640952380953,130.46546,1.5152344509523812,31.819923470000006,14.254333333333333,194.21904761904764,4.280904761904763,56.42000000000001,43.0,7.7952065116279075,335.19388000000004,1.9836343953488371,85.296279,129.0,5.576888697674418,719.418642,0.7005868697674418,90.3757062,16.465294573643412,166.75387596899225,4.712108527131782,308.571,63.0,7.333249682539684,461.99473000000006,1.8874508328571427,118.90940246999999,104.0,6.8093749038461535,708.17499,1.4394822083653847,149.70614967,149.0,5.679325449664429,846.2194919999998,0.8321397964429529,123.98882966999997,41.0,6.004396585365853,246.18025999999998,0.7511401756097561,30.7967472
BE-Maa,2024,NIRv,year,153.15857239268618,173.0,297.680448960107,254.81701061064095,218.9469884006552,297.680448960107,254.81701061064095,218.9469884006552,50.97987,CSH,20.0,6.356904999999999,127.13809999999998,1.6723191735,33.44638347,14.2219,200.56164999999996,4.43815,54.900000000000006,46.0,7.775994130434783,357.69573,1.9891062826086958,91.498889,125.0,5.685707936,710.713492,0.7499256576000001,93.7407072,16.611624,169.676336,4.814880000000001,308.5709999999999,65.0,7.402603384615384,481.16921999999994,1.9498226533846152,126.73847246999999,101.0,6.898979306930695,696.7969100000001,1.4942979155445544,150.92408946999998,144.0,5.792965152777778,834.186982,0.895696462986111,128.98029067,36.0,5.989658055555555,215.62768999999997,0.6718226944444444,24.185617
BE-Maa,2025,NDVI,year,-7.0,172.0,334.8308824074643,256.32943285952075,206.430503397824,334.8308824074643,256.32943285952075,206.430503397824,50.97987,CSH,180.0,2.152584943023256,387.46528974418607,0.05382183494186045,9.687930289534881,9.000877906976744,151.81822674418606,4.40631976744186,351.2961627906977,35.0,5.615386285714286,196.53852,1.7875701,62.5649535,163.0,3.318201668711656,540.866872,0.055969879165644096,9.123090303999987,14.696435582822085,143.37912883435584,5.403276073619631,311.77500000000003,214.0,2.720243641747573,582.1321393339806,0.33946145199029126,72.64475072592234,264.0,2.94445316484375,777.33563551875,0.28768121216406245,75.9478400113125,342.0,2.70867827005988,926.367968360479,0.049362862017964,16.882098810143688,50.0,3.8681964000000004,193.40982000000002,0.07434662407999999,3.7173312039999997
BE-Maa,2025,EVI,year,107.68822292203149,172.0,329.4521649783628,259.2183742534233,212.60828824959023,329.4521649783628,259.2183742534233,212.60828824959023,50.97987,CSH,65.0,4.362517538461538,283.56363999999996,0.8780298600000002,57.07194090000001,14.857107692307691,240.33472307692307,6.961353846153847,109.32300000000001,41.0,5.496350975609756,225.35039,1.6297014292682928,66.8177586,158.0,3.4007784746835443,537.322999,0.08372540698734175,13.228614303999997,14.98636075949367,147.06796202531646,5.55609493670886,303.96500000000003,105.0,4.785724666666667,502.50109000000003,1.1618709476190476,121.9964495,152.0,4.462058092105263,678.2328299999999,0.7909532888421054,120.22489990400001,222.0,3.6688004459459465,814.4736990000001,0.30814101443243247,68.40730520400001,47.0,3.7389731914893622,175.73174000000003,-0.0376925445957447,-1.7715495960000007
BE-Maa,2025,NIRv,year,107.79332029529432,172.0,333.7854659082954,262.26364051416294,213.27465767161095,333.7854659082954,262.26364051416294,213.27465767161095,50.97987,CSH,65.0,4.362517538461538,283.56363999999996,0.8780298600000002,57.07194090000001,14.857107692307691,240.33472307692307,6.961353846153847,109.32300000000001,42.0,5.485356190476191,230.38496,1.5966658,67.0599636,162.0,3.333601111111111,540.04338,0.06071132286419747,9.83523430399999,14.75167901234568,144.10702469135805,5.433049382716049,311.675,106.0,4.788072264150943,507.5356599999999,1.153194853773585,122.23865450000001,155.0,4.446414451612903,689.19424,0.7687193819612904,119.15150420400002,226.0,3.6159030088495574,817.19408,0.28767223541592923,65.013925204,49.0,3.7073179591836736,181.65858,-0.06300306726530613,-3.087150296000001
CA-TP3,2023,NDVI,year,130.2243748625887,172.0,303.90701246322897,294.6774650963263,276.0066821237841,303.90701246322897,294.6774650963263,276.0066821237841,42.7068,ENF,42.0,8.07814857142857,339.28224,4.1878700238095234,175.89054099999998,16.76002380952381,311.1072619047619,8.573738095238095,97.80600000000003,105.0,9.296200285714285,976.1010299999999,4.035054485714285,423.68072099999995,132.0,8.41514590909091,1110.7992600000002,3.5273138704545453,465.6054309,17.925636363636364,218.0010075757576,3.922833333333333,528.79,146.0,8.943846164383562,1305.80154,4.07408097260274,594.815822,164.0,8.520726768292683,1397.3991899999999,3.831255907926829,628.3259688999999,173.0,8.326588265895953,1440.49977,3.6805811092485547,636.7405319,18.0,5.088758333333334,91.59765,1.861674827777778,33.5101469
CA-TP3,2023,EVI,year,125.2438954546555,172.0,299.98502388677207,278.61776517625293,243.54847361763788,299.98502388677207,278.61776517625293,243.54847361763788,42.7068,ENF,47.0,7.897260851063829,371.17125999999996,4.177639170212766,196.349041,16.352382978723405,309.6446170212767,8.361021276595745,101.14600000000002,72.0,9.87271611111111,710.83556,4.035725152777778,290.57221100000004,128.0,8.552746874999999,1094.7515999999998,3.6235938820312494,463.8200168999999,18.166328125,222.4097109375,3.980046875,509.16999999999996,118.0,9.088348220338982,1072.42509,4.086150949152542,482.165812,153.0,8.823175098039215,1349.94579,4.033663522222222,617.1505189,174.0,8.369776609195402,1456.3411299999998,3.7667449304597698,655.4136179,35.0,7.929162857142856,277.5207,3.856705911428572,134.98470690000002
CA-TP3,2023,NIRv,year,125.35172366213236,172.0,300.3704183835025,279.9795932455282,245.83768452544595,300.3704183835025,279.9795932455282,245.83768452544595,42.7068,ENF,47.0,7.897260851063829,371.17125999999996,4.177639170212766,196.349041,16.352382978723405,309.6446170212767,8.361021276595745,101.14600000000002,74.0,9.850248783783783,728.91841,4.037647175675676,298.78589100000005,129.0,8.522336899224806,1099.38146,3.5876171852713177,462.8026169,18.170108527131788,221.49649612403104,3.9806046511627913,511.91999999999996,120.0,9.087566166666667,1090.50794,4.086495766666667,490.3794920000001,154.0,8.804667662337662,1355.91882,4.0188001227272725,618.8952188999999,175.0,8.348405657142857,1460.97099,3.7394069594285715,654.3962179,34.0,7.8062023529411775,265.41088,3.7798743205882355,128.5157269
CN-HaM,2013,NDVI,year,128.3555072163242,172.0,302.0605074321237,269.76118127013245,237.0711641550006,302.0605074321237,269.76118127013245,237.0711641550006,37.607433,GRA,44.0,4.855138706818182,213.6261031,0.12592592500000002,5.540740700000001,7.143704545454546,249.05906818181813,4.0174318181818185,560.9030000000001,66.0,9.166623939393938,604.99718,2.121062227272727,139.990107,131.0,6.883407519083969,901.7263849999999,1.4706768946564885,192.6586732,7.416610687022901,216.50990839694657,3.3248091603053433,1933.058,109.0,7.419232505504588,808.6963431,1.3260980889908256,144.5446917,141.0,7.130390092907801,1005.3850031,1.2730249134751774,179.4965128,174.0,6.35302039137931,1105.4255481,1.1334095281609196,197.2132579,32.0,6.146520625,196.68866,1.0922444093750001,34.951821100000004
CN-HaM,2013,EVI,year,131.33305154358524,172.0,292.5668335952568,261.33428051392406,234.0373015511046,292.5668335952568,261.33428051392406,234.0373015511046,37.607433,GRA,41.0,5.172091782926829,212.0557631,0.1665365780487805,6.8279997,7.5025609756097555,242.83319512195123,3.9648780487804878,560.8760000000001,63.0,9.08902523809524,572.6085900000002,2.113748301587301,133.16614299999998,121.0,7.257007892561983,878.097955,1.5331882743801653,185.5157812,8.32197520661157,218.7165867768595,3.3746528925619836,1920.5300000000002,103.0,7.521722457281554,774.7374131000001,1.3495921038834948,139.00798669999998,130.0,7.468437793076923,970.8969131,1.355720321538462,176.24364180000003,161.0,6.70948309378882,1080.2267781,1.1885566763975155,191.3576249,27.0,7.2651666666666666,196.1595,1.379098337037037,37.2356551
CN-HaM,2013,NIRv,year,134.1232113457438,172.0,290.0112268850831,260.21358971431624,234.5767083173443,290.0112268850831,260.21358971431624,234.5767083173443,37.607433,GRA,38.0,5.542195894736842,210.60344400000002,0.24363567631578947,9.2581557,7.698421052631578,243.5905263157894,3.9541578947368423,538.67,63.0,9.08902523809524,572.6085900000002,2.113748301587301,133.16614299999998,119.0,7.363324537815126,876.23562,1.5757288756302525,187.51173620000006,8.459747899159664,220.95730252100842,3.417764705882353,1899.52,100.0,7.7328509400000005,773.2850940000001,1.4143814269999995,141.43814269999996,126.0,7.649152015873015,963.7931539999998,1.4127739507936508,178.0095178,156.0,6.903282846153847,1076.9121240000002,1.2550239480769232,195.7837359,26.0,7.327233076923077,190.50806,1.4065913500000002,36.571375100000004
CN-HaM,2014,NDVI,year,127.4822335613418,172.0,295.1148794418389,271.2670041967744,240.74338413514263,295.1148794418389,271.2670041967744,240.74338413514263,37.607433,GRA,45.0,4.105559644444445,184.75018400000002,0.4228698093333333,19.02914142,6.2606666666666655,250.19308888888887,3.9179333333333335,635.8059999999999,69.0,10.66662927536232,735.99742,1.3703112357971015,94.55147527,124.0,7.284535266129033,903.282373,0.4824962691129033,59.829537370000004,7.199274193548386,215.9694193548387,3.2160161290322584,2105.9570000000003,113.0,8.0685483539823,911.7459639999998,0.9823374043362834,111.00412669000002,144.0,7.216661486111112,1039.199254,0.7478504152083334,107.69045979,168.0,6.422803077380952,1079.030917,0.45406064755952374,76.28218878999999,31.0,4.111396451612904,127.45329000000001,-0.10689248064516128,-3.3136669
CN-HaM,2014,EVI,year,131.88737530354916,172.0,287.5994249129196,261.87019098180565,235.8076595914828,287.5994249129196,261.87019098180565,235.8076595914828,37.607433,GRA,41.0,4.452471121951221,182.55131600000004,0.5248167419512194,21.517486419999997,6.718756097560975,251.2273902439024,3.951853658536585,614.105,64.0,11.15677859375,714.03383,1.28832850421875,82.45302427,116.0,7.705691163793103,893.860175,0.6097756238793104,70.73397237,7.638275862068964,219.75943965517237,3.2743879310344832,2096.9500000000003,104.0,8.534456788461538,887.5835059999999,0.9749425066346156,101.39402069000002,130.0,7.676208738461539,997.907136,0.9141806560769231,118.84348529,156.0,6.84237083974359,1067.4098510000001,0.574839543525641,89.67496879000001,26.0,4.243216538461538,110.32362999999998,0.6711332538461539,17.4494646
CN-HaM,2014,NIRv,year,133.04816793676798,172.0,285.77553907061593,259.95323321401884,234.93187208499705,285.77553907061593,259.95323321401884,234.93187208499705,37.607433,GRA,39.0,4.635838692307693,180.79770900000003,0.5855661902564102,22.837081419999997,6.826282051282051,250.2795641025641,3.924564102564103,593.529,63.0,11.234596666666668,707.7795900000001,1.2876721312698411,81.12334426999999,114.0,7.830518070175439,892.67906,0.6457437839473684,73.61479137,7.795061403508771,220.34189473684205,3.2919736842105265,2095.9700000000003,101.0,8.70866989108911,879.5756590000002,1.0038013434653463,101.38393568999997,126.0,7.825055944444443,985.9570489999999,0.9524509626190477,120.00882129000001,152.0,7.00312584868421,1064.475129,0.6176012025657895,93.87538279,25.0,4.255255600000001,106.38139000000002,0.744995424,18.6248856
DE-Gri,2015,NDVI,year,105.64668219571789,172.0,328.56110951003865,308.63184245730906,288.6593290394628,328.56110951003865,308.63184245730906,288.6593290394628,50.950005,GRA,67.0,8.958185970149257,600.1984600000002,2.9719074955223883,199.11780220000003,11.990477611940296,221.44743283582088,5.07289552238806,143.76999999999998,117.0,5.681209059829058,664.7014599999998,-0.22241852820512817,-26.022967799999996,157.0,4.691746687898089,736.6042299999999,-0.3891083611464968,-61.090012699999996,13.283904458598725,154.27663694267517,5.012617834394905,439.697,183.0,6.855850382513661,1254.62062,0.9307357617486341,170.32464440000004,203.0,6.39095842364532,1297.36456,0.8127840024630543,164.99515250000002,223.0,5.948535381165919,1326.5233899999998,0.6065363206278027,135.2575995,20.0,2.137197,42.74394,-0.266474595,-5.3294919
DE-Gri,2015,EVI,year,106.72997537872996,172.0,323.5219476326617,304.6576949576019,285.77640280999395,323.5219476326617,304.6576949576019,285.77640280999395,50.950005,GRA,66.0,9.036161666666667,596.38667,2.995579275757576,197.70823220000003,12.03421212121212,221.9422575757576,5.113651515151516,142.4,114.0,5.778024649122806,658.6948099999998,-0.21324455701754383,-24.309879499999997,152.0,4.81786159868421,732.314963,-0.37476900460526313,-56.964888699999996,13.68854605263158,158.17963157894738,5.152960526315789,429.88699999999994,179.0,6.954202122905029,1244.8021800000001,0.9532299592178772,170.62816270000002,198.0,6.4941053030303015,1285.8328499999998,0.8331000575757576,164.9538114,217.0,6.075678953917051,1318.422333,0.6358209838709677,137.9731535,19.0,2.159508947368421,41.03066999999999,-0.29865006842105263,-5.6743513
DE-Gri,2015,NIRv,year,106.96077695052776,172.0,318.3793739367196,302.35295059339927,286.3239654139288,318.3793739367196,302.35295059339927,286.3239654139288,50.950005,GRA,66.0,9.036161666666667,596.38667,2.995579275757576,197.70823220000003,12.03421212121212,221.9422575757576,5.113651515151516,142.4,115.0,5.749324434782607,661.1723099999998,-0.21055185043478258,-24.2134628,147.0,4.933691496598639,725.2526499999999,-0.32635475306122447,-47.97414869999999,13.811761904761905,162.47777551020408,5.254408163265306,379.077,180.0,6.929331555555556,1247.27968,0.9484698855555556,170.7245794,196.0,6.546009591836734,1283.0178799999999,0.8498116806122449,166.5630894,212.0,6.185660471698112,1311.3600199999998,0.6932259127358491,146.9638935,16.0,2.2336375,35.7382,-0.26009312500000004,-4.161490000000001
DE-Gri,2018,EVI,year,118.10432386842652,172.0,180.8115667346176,179.5924614290633,178.37483073085667,180.8115667346176,179.5924614290633,178.37483073085667,50.950005,GRA,54.0,8.941372222222222,482.8341,2.2017597925925925,118.89502879999999,15.936166666666665,230.93251851851852,6.768000000000001,39.795,7.0,2.936687142857143,20.556810000000002,-0.5478921428571428,-3.8352449999999996,9.0,2.9810911111111107,26.829819999999998,-0.5212424444444445,-4.691182,14.460888888888888,200.67866666666666,5.214444444444444,24.881,60.0,8.334811333333333,500.08867999999995,1.9279364133333334,115.6761848,61.0,8.233870655737705,502.26611,1.8758851606557376,114.4289948,62.0,8.167124032258064,506.36168999999995,1.8519394806451615,114.8202478,,,,,
DE-Gri,2018,NIRv,year,111.08837026990594,172.0,185.1846435767548,166.43060806962276,150.48050280369395,185.1846435767548,166.43060806962276,150.48050280369395,50.950005,GRA,61.0,9.263022950819673,565.0444000000001,2.1215753409836067,129.4160958,15.539655737704916,229.07926229508195,6.584147540983607,55.112,,,,,,14.0,3.311285714285714,46.358,0.12767057142857138,1.7873879999999993,14.770428571428573,248.53721428571433,7.239571428571429,24.881,39.0,12.767705897435897,497.94053,4.297152687179488,167.58895480000004,55.0,9.94412381818182,546.9268100000002,2.4401599054545446,134.20879479999996,74.0,8.217569864864863,608.1001699999999,1.781349794594594,131.81988479999995,16.0,3.0616425,48.98628,-2.0862600000000002,-33.380160000000004
DE-Gri,2019,NDVI,year,37.0,172.0,219.936552919456,130.3648356108171,87.60286055103896,219.936552919456,130.3648356108171,87.60286055103896,50.950005,GRA,136.0,6.474800772058824,880.5729050000001,1.4466912904411766,196.75001550000002,8.91202205882353,174.6324044117647,4.247639705882353,300.841,,,,,,48.0,6.00501625,288.24078,-0.020968054166666656,-1.0064665999999995,18.260333333333335,246.24277083333334,8.989395833333333,57.714,51.0,1.9130514117647057,97.56562199999999,-0.05498473725490196,-2.8042216,94.0,4.697031191489362,441.520932,1.352255420212766,127.1120095,183.0,6.368963524590164,1165.520325,1.093080649726776,200.0337589,43.0,7.998960697674419,343.95531,3.0213077,129.9162311
DE-Gri,2019,EVI,year,37.0,172.0,258.8419682680518,191.1328113805251,154.43123030724524,258.8419682680518,191.1328113805251,154.43123030724524,50.950005,GRA,136.0,6.474800772058824,880.5729050000001,1.4466912904411766,196.75001550000002,8.91202205882353,174.6324044117647,4.247639705882353,300.841,,,,,,87.0,6.31794,549.66078,-0.09279538505747129,-8.073198500000002,17.57964367816092,219.53639080459774,8.004517241379311,143.611,118.0,6.087438576271188,718.3177520000002,1.788704809322034,211.0671675,155.0,6.41368970967742,994.1219050000001,1.204479463870968,186.69431690000002,222.0,6.4276591216216215,1426.940325,0.8692208423423423,192.967027,37.0,7.454166297297297,275.804153,-0.658725691891892,-24.372850600000003
DE-Gri,2019,NIRv,year,37.0,172.0,256.81924739442576,190.6355419891621,154.7839620842282,256.81924739442576,190.6355419891621,154.7839620842282,50.950005,GRA,136.0,6.474800772058824,880.5729050000001,1.4466912904411766,196.75001550000002,8.91202205882353,174.6324044117647,4.247639705882353,300.841,,,,,,85.0,6.316812470588236,536.92906,-0.09880761764705885,-8.398647500000003,17.67634117647059,219.93780000000004,8.062176470588236,143.611,118.0,6.087438576271188,718.3177520000002,1.788704809322034,211.0671675,154.0,6.409388733766234,987.045865,1.1978384214285716,184.4671169,220.0,6.428220931818182,1414.208605,0.8756435363636365,192.641578,36.0,7.464669805555555,268.728113,-0.7388902944444445,-26.600050600000003
DE-Gri,2022,EVI,year,61.0,172.0,221.9042816247465,164.52370925407564,138.4262562662021,221.9042816247465,164.52370925407564,138.4262562662021,50.950005,GRA,112.0,7.487452364017857,838.59466477,2.016798106875,225.88138797,9.224874999999999,201.68111607142856,4.765035714285714,129.981,,,,,,50.0,5.1934403674,259.67201837,-0.4479230400000001,-22.396152000000004,18.26034,246.65401999999997,9.35892,74.0,78.0,5.963986423076923,465.190941,1.6243579355128206,126.69991897000001,104.0,7.874500875,818.948091,2.4112128650961537,250.76613797,161.0,6.8215387252795034,1098.26773477,1.2896559998136645,207.63461597,26.0,13.606044230769232,353.75715,4.771777653846154,124.06621900000002
DE-Gri,2022,NIRv,year,61.0,172.0,207.21296769093615,151.902490362789,125.63930538636237,207.21296769093615,151.902490362789,125.63930538636237,50.950005,GRA,112.0,7.487452364017857,838.59466477,2.016798106875,225.88138797,9.224874999999999,201.68111607142856,4.765035714285714,129.981,,,,,,36.0,5.661622176944444,203.81839837,-0.671912638888889,-24.188855000000004,18.104555555555557,243.05713888888891,8.78663888888889,59.300000000000004,65.0,4.294605707692308,279.14937100000003,0.9385259964615384,61.004189769999996,91.0,7.239016934065935,658.7505410000001,2.2183193293406593,201.86705897,147.0,7.091252481428572,1042.41411477,1.400285122244898,205.84191297,26.0,14.600044999999998,379.60116999999997,5.4178026615384605,140.86286919999998
DE-Gri,2024,NDVI,year,51.87292562644696,173.0,339.997442171033,257.3082837666438,193.6861585752389,339.997442171033,257.3082837666438,193.6861585752389,50.950005,GRA,122.0,7.576644647540983,924.350647,1.6653185540983606,203.16886359999998,10.47965573770492,170.0137868852459,4.299918032786885,148.2,21.0,5.071369047619047,106.49874999999999,-3.194093142857143,-67.075956,167.0,4.9114949341317375,820.2196540000002,-0.8612912359281437,-143.8356364,13.287790419161677,149.28831137724552,5.237766467065868,435.6,142.0,7.236229415492959,1027.5445770000001,1.0003070957746478,142.0436076,206.0,7.348022752427186,1513.6926870000002,0.6753081320388349,139.11347519999998,288.0,6.046060697916667,1741.2654810000001,0.22668030277777784,65.28392720000002,64.0,7.59606421875,486.14811,-0.04578331875000001,-2.9301324000000006
DE-GsB,2015,EVI,year,84.57300974914551,172.0,326.77255936459784,273.04837681941984,197.9948724804028,326.77255936459784,273.04837681941984,197.9948724804028,52.029648,GRA,88.0,8.401928295454546,739.36969,2.221118794659091,195.45845393000002,10.798477272727274,210.12376136363636,4.2764999999999995,100.703,26.0,6.73774653846154,175.18141000000003,-1.558415423076923,-40.518800999999996,155.0,4.345253916129033,673.514357,-1.0536589652903225,-163.31713962,14.134535483870968,148.21024516129032,4.556116129032258,326.19999999999993,113.0,8.034571681415928,907.9065999999998,1.3732252471681416,155.17445293,189.0,6.931518068783069,1310.056915,0.5673148013756615,107.22249746000001,242.0,5.810907219008264,1406.239547,0.13378559632231407,32.376114310000006,76.0,5.291451513157895,402.15031500000003,-0.6309467825,-47.95195547
DE-GsB,2015,NIRv,year,89.41104001998313,172.0,318.5318221037712,248.19169917364252,179.2516882490012,318.5318221037712,248.19169917364252,179.2516882490012,52.029648,GRA,83.0,8.733232168674698,724.85827,2.4479812642168675,203.18244493,11.021626506024097,217.26166265060237,4.393722891566266,89.30300000000003,8.0,6.669197499999999,53.353579999999994,-0.8106418750000001,-6.4851350000000005,147.0,4.49641861904762,660.9735370000001,-1.000015691292517,-147.00230662,14.416768707482992,154.62264625850338,4.680965986394558,299.79999999999995,90.0,8.572970555555555,771.5673499999999,2.1881345547777777,196.93210993,159.0,7.357703987421384,1169.874934,0.881223405408805,140.11452146,229.0,6.022651995633187,1379.187307,0.2463534424017467,56.41493831,69.0,5.77257368115942,398.30758399999996,-0.8234433111594203,-56.81758847
DE-GsB,2022,NIRv,year,-5.0,172.0,200.69217501145644,156.8391594131937,134.73176166136966,200.69217501145644,156.8391594131937,134.73176166136966,52.029648,GRA,178.0,4.722992987441859,840.6927517646508,0.41732743808139544,74.28428397848839,8.126470930232557,149.00489534883724,3.96046511627907,171.7969069767442,,,,,,29.0,5.145439655172414,149.21775,-1.8419127379310345,-53.4154694,18.737827586206894,255.801,9.947965517241379,35.7,140.0,3.869083834626866,541.6717368477613,0.44840658694029845,62.776922171641786,162.0,4.574499575897436,741.0689312953846,0.6748092669871795,109.31910125192307,206.0,4.7855006192000005,985.8131275552001,0.10469504974999996,21.56718024849999,22.0,8.871122727272727,195.16469999999998,2.053807409090909,45.183763
DE-GsB,2023,NDVI,year,95.49353177290487,172.0,165.69489115752228,160.00122027037855,154.59293848424076,165.69489115752228,160.00122027037855,154.59293848424076,52.029648,GRA,77.0,7.844604155844157,604.03452,-0.14585867571428573,-11.231118030000001,12.452454545454545,219.94145454545452,5.67687012987013,64.5,,,,,,,,,,,,,,,59.0,8.356201016949152,493.01586,0.3888161859322034,22.940154970000002,65.0,8.320288,540.81872,0.26189772261538463,17.02335197,70.0,8.21538357142857,575.0768499999998,0.12380802814285714,8.66656197,6.0,7.9671433333333335,47.80286,-0.9861338333333335,-5.916803000000001
DE-GsB,2023,EVI,year,108.32135519667256,172.0,165.3868329188512,159.98685270464244,154.78594353750347,165.3868329188512,159.98685270464244,154.78594353750347,52.029648,GRA,64.0,8.164760625,522.54468,-0.48965926609375,-31.33819303,13.479484374999998,234.94457812500002,6.261640625,46.10000000000001,,,,,,,,,,,,,,,46.0,8.946217826086956,411.52601999999996,0.06158869500000006,2.8330799700000027,51.0,8.840098823529413,450.84504000000004,-0.04123627509803916,-2.1030500299999972,57.0,8.659421228070174,493.58700999999996,-0.20071075491228066,-11.440513029999998,5.0,7.863804,39.31902,-0.987226,-4.93613
DE-GsB,2023,NIRv,year,109.08776459385362,172.0,167.3016320208572,160.64057967730324,154.3723935201983,167.3016320208572,160.64057967730324,154.3723935201983,52.029648,GRA,63.0,8.157742063492064,513.93775,-0.5362840163492063,-33.78589303,13.568746031746034,234.79325396825396,6.285174603174603,44.6,,,,,,,,,,,,,,,45.0,8.953757555555555,402.91909,0.008563999333333348,0.3853799700000007,51.0,8.837685294117646,450.72194999999994,-0.10845927509803925,-5.531423030000002,58.0,8.528188448275863,494.63493000000005,-0.3086538453448275,-17.901923029999995,6.0,7.9671433333333335,47.80286,-0.9861338333333335,-5.916803000000001
DE-GsB,2024,NDVI,year,84.47137972669834,173.0,255.6597186503307,186.82629022001024,151.19463306945897,255.6597186503307,186.82629022001024,151.19463306945897,52.029648,GRA,89.0,7.260644561797752,646.197366,1.5287407438202247,136.0579262,13.436179775280898,200.58344943820225,5.2780000000000005,158.9,,,,,,83.0,7.6263116867469884,632.98387,-1.0789126168674699,-89.5497472,19.60797590361446,219.88677108433743,8.219759036144577,182.10000000000002,67.0,6.628687253731344,444.122046,2.0110412373134325,134.7397629,102.0,7.3628876078431365,751.0145359999999,1.0660309039215687,108.73515220000002,171.0,7.437391555555555,1271.793956,0.2930677719298245,50.114588999999995,35.0,8.768356857142857,306.89249,-0.742988877142857,-26.004610699999994
DE-GsB,2024,EVI,year,75.65688419281531,173.0,290.18495855739747,210.35519377384853,160.01879347852403,290.18495855739747,210.35519377384853,160.01879347852403,52.029648,GRA,98.0,6.890302102040817,675.2496060000001,1.5137986765306122,148.3522703,12.884826530612242,192.4795918367347,5.061734693877551,181.9,,,,,,118.0,6.436516610169492,759.50896,-1.0028073872881356,-118.3312717,17.420152542372882,187.16811016949154,6.822822033898304,233.6,85.0,6.543777952941175,556.2211259999999,1.9408036470588232,164.96830999999997,135.0,7.390619081481481,997.733576,0.8025335755555556,108.3420327,215.0,6.638936213953489,1427.371286,0.1564065516279069,33.62740859999998,50.0,8.830249,441.51245,-1.1325255459999999,-56.62627729999999
DE-GsB,2024,NIRv,year,76.05680133670631,173.0,285.74254782338846,208.2082010041235,160.9996492878454,285.74254782338846,208.2082010041235,160.9996492878454,52.029648,GRA,97.0,6.9284075876288655,672.055536,1.5149358793814431,146.94878029999998,12.927876288659792,193.60259793814433,5.085670103092784,181.8,,,,,,113.0,6.597329469026549,745.49823,-1.0473367008849557,-118.34904719999999,17.832902654867254,190.64219469026554,7.007752212389381,229.89999999999998,84.0,6.583655428571428,553.027056,1.947200238095238,163.56482,132.0,7.37587103030303,973.614976,0.8220004598484849,108.50406070000001,209.0,6.747208066985646,1410.166486,0.15409637846889948,32.20614309999999,48.0,8.762248333333334,420.58792000000005,-1.1470991520833334,-55.0607593
DE-Hai,2022,NDVI,year,103.6044594579908,172.0,317.54132253098004,296.5529716252498,269.651723507806,317.54132253098004,296.5529716252498,269.651723507806,51.079212,DBF,69.0,7.9183731884057975,546.36775,2.5406459855072465,175.304573,13.508985507246377,227.13913043478263,6.775144927536231,96.8,98.0,8.091470102040818,792.9640700000001,4.269105102040816,418.3723,146.0,6.1352750157534235,895.7501522999999,2.4703063472602738,360.66472669999996,15.646568493150685,166.42174657534244,7.362006849315069,255.28900000000002,166.0,7.994600120481927,1327.1036199999999,3.534729837349398,586.765153,193.0,7.365427823834198,1421.5275700000002,3.095721708290156,597.4742897000001,214.0,6.681727580841122,1429.8897023000002,2.472231680841122,529.0575797000001,27.0,3.497183333333333,94.42394999999999,0.39663469259259254,10.709136699999998
DE-Hai,2022,EVI,year,104.67035769488608,172.0,302.89895820271187,255.1706659460067,203.4334954023416,302.89895820271187,255.1706659460067,203.4334954023416,51.079212,DBF,68.0,8.003790588235296,544.2577600000001,2.595488132352941,176.493193,13.532279411764705,229.3573823529412,6.828176470588235,95.8,32.0,10.438105937500001,334.01939000000004,6.8841765625,220.29365,131.0,6.807627320610686,891.7991789999999,3.1203669213740457,408.76806669999996,16.286816793893127,178.02625190839697,7.809603053435114,251.789,99.0,8.747969191919191,866.0489499999999,3.9381325555555557,389.87512300000003,151.0,8.230308344370862,1242.77656,3.6263510132450336,547.5790030000001,198.0,7.191054237373738,1423.828739,2.9209572712121212,578.3495397,52.0,7.244761730769231,376.72761,3.0327669230769234,157.70388000000003
DE-Hai,2022,NIRv,year,123.57533520725632,172.0,298.59115755577085,246.9138842317061,188.8099464775536,298.59115755577085,246.9138842317061,188.8099464775536,51.079212,DBF,49.0,9.900205714285715,485.11008000000004,4.07474992244898,199.66274620000002,15.438795918367349,245.0504285714286,7.731959183673469,85.3,17.0,11.635751764705883,197.80778,7.0823776470588236,120.40042,127.0,6.998867244094488,888.85614,3.330673989763779,422.9955966999999,16.298118110236224,181.21956692913383,7.875007874015747,250.389,65.0,10.318302461538462,670.68966,4.817714556923077,313.1514462,123.0,9.23342463414634,1135.71123,4.4873572130081305,551.9449372,175.0,7.781360114285715,1361.7380200000002,3.5185521308571426,615.7466228999999,58.0,8.017613275862068,465.02156999999994,4.117129155172414,238.79349100000002
DE-Hai,2023,NDVI,year,111.84177967690928,172.0,250.6883944181204,217.44112035897885,183.7565153930723,250.6883944181204,217.44112035897885,183.7565153930723,51.079212,DBF,61.0,9.472660816326531,577.8323097959184,5.032747748979592,306.9976126877551,13.154196721311475,238.86839344262296,6.230459016393443,59.233,12.0,8.903149166666667,106.83779000000001,4.986824583333333,59.841894999999994,79.0,10.02936075949367,792.3195,5.906470189873418,466.611145,17.705670886075957,204.82284810126583,7.075544303797471,228.3,72.0,9.318266166666666,670.9151639999999,5.015118911666666,361.08856163999997,106.0,9.560415851063828,1013.4040802127657,5.585125156382978,592.0232665765957,139.0,9.7998242519685,1362.1755710236216,5.572254997637794,774.5434446716533,34.0,9.98773882352941,339.58311999999995,6.591018529411764,224.09463
DE-Hai,2023,EVI,year,117.02304120164234,172.0,252.6507783835293,223.33605074700472,178.11696284552988,252.6507783835293,223.33605074700472,178.11696284552988,51.079212,DBF,55.0,9.472660816326531,520.9963448979593,5.032747748979592,276.80112619387756,13.649527272727273,245.56703636363636,6.434727272727273,53.833,7.0,9.896315714285715,69.27421,5.277234714285713,36.940642999999994,81.0,10.033492592592593,812.7129,5.87687537037037,476.02690499999994,17.820765432098767,205.46156790123456,7.23779012345679,228.29999999999998,61.0,9.482407090909092,578.4268325454547,5.054652412727274,308.3337971763637,106.0,9.653205100000001,1023.2397406000001,5.6458151469999995,598.456405582,135.0,9.805977364341087,1323.8069441860468,5.55885383488372,750.4452677093022,45.0,9.861958222222224,443.7881200000001,6.368347377777777,286.575632
DE-Hai,2023,NIRv,year,117.3759871576738,172.0,251.48620656507643,218.4376143313628,174.0620004327838,251.48620656507643,218.4376143313628,174.0620004327838,51.079212,DBF,55.0,9.472660816326531,520.9963448979593,5.032747748979592,276.80112619387756,13.649527272727273,245.56703636363636,6.434727272727273,53.833,,,,,,80.0,10.035532499999999,802.8426,5.8944539375,471.556315,17.7507875,205.1870625,7.1361875,228.29999999999998,57.0,9.398675098039217,535.7244805882353,4.940958876470588,281.6346559588235,101.0,9.583218842105262,967.9051030526315,5.604375417894737,566.0419172073684,134.0,9.80547484375,1313.9336290625,5.5673558960937495,746.0256900765625,44.0,9.797121818181818,431.07336,6.373335500000001,280.42676200000005
DE-Hai,2024,NDVI,year,103.09285054537337,173.0,306.40366079683264,296.4489234203123,286.1686286525389,306.40366079683264,296.4489234203123,286.1686286525389,51.079212,DBF,70.0,7.250975271428571,507.56826899999993,3.145742348571428,220.20196439999995,12.411042857142858,204.47407142857136,4.136842857142857,204.6,114.0,6.565323482456141,748.4468770000001,4.633713052631579,528.243288,134.0,5.620963555223881,753.2091164000001,3.9291200537313435,526.5020872,15.382835820895524,175.4140671641791,5.342723880597015,272.8,183.0,6.816264459016394,1247.376396,4.061569849180328,743.2672824000001,193.0,6.483823870984456,1251.3780071,3.849214863212435,742.8984685999999,203.0,6.168170617733989,1252.1386353999999,3.652837840394089,741.5260816,10.0,0.40016111,4.0016111,-0.036881379999999984,-0.36881379999999986
DE-Hai,2024,EVI,year,90.19071350898874,173.0,300.057586979911,260.5638540874889,214.7384273489463,300.057586979911,260.5638540874889,214.7384273489463,51.079212,DBF,83.0,6.512554530120483,540.5420260000001,2.3476457036144573,194.85459339999997,12.347686746987954,195.2619156626506,4.28466265060241,224.50000000000003,42.0,9.329428095238095,391.83598,6.358307619047619,267.04892,128.0,5.883711664062501,753.1150930000001,4.1176314234374995,527.0568221999999,15.7608828125,181.5562421875,5.54225,267.6,124.0,7.44951012903226,923.7392560000002,3.6832705112903223,456.7255434,170.0,7.057580976470589,1199.7887660000001,3.818499414117647,649.1449004,210.0,6.119135090476191,1285.0183690000001,3.413016407619047,716.7334455999999,46.0,6.001076304347826,276.04951,4.1830295,192.419357
DE-Hai,2024,NIRv,year,92.04376159680852,173.0,300.1391589411959,259.4044169791304,211.9559261716634,300.1391589411959,259.4044169791304,211.9559261716634,51.079212,DBF,81.0,6.602656987654321,534.815216,2.4361364740740736,197.32705439999995,12.403814814814814,197.5239012345679,4.3139876543209885,216.10000000000002,39.0,9.409604615384618,366.9745800000001,6.413378717948718,250.12177,128.0,5.883711664062501,753.1150930000001,4.1176314234374995,527.0568221999999,15.7608828125,181.5562421875,5.54225,267.6,119.0,7.505470974789916,893.1510460000001,3.716561801680672,442.27085439999996,167.0,7.137088658682635,1191.893806,3.8965485592814386,650.7236094000002,208.0,6.150440187500001,1279.2915590000002,3.457720704807692,719.2059065999999,48.0,6.2238074999999995,298.74276,4.342765729166667,208.452755
DE-HoH,2015,NDVI,year,112.05899856323492,172.0,313.4418100209981,298.2400903639361,282.9314321487914,313.4418100209981,298.2400903639361,282.9314321487914,52.08656,DBF,60.0,10.848631666666666,650.9178999999999,3.686914560166666,221.21487360999998,12.7289,241.96793333333335,5.920150000000001,68.8,111.0,9.642523153153153,1070.32007,3.2560973693693693,361.426808,142.0,7.920443654929578,1124.702999,2.1964126267605635,311.890593,14.783000000000001,166.35616901408451,5.924739436619719,282.7,170.0,10.042732176470587,1707.2644699999996,3.38558189182353,575.5489216100001,186.0,9.331947854838711,1735.7423010000002,3.02907300327957,563.40757861,201.0,8.764414920398009,1761.6473989999997,2.616978639850746,526.01270661,16.0,1.7798644374999997,28.477830999999995,-0.7588339375,-12.141343
DE-HoH,2015,EVI,year,112.0518176140204,172.0,320.1931275126183,270.3307099660647,206.1418858236864,320.1931275126183,270.3307099660647,206.1418858236864,52.08656,DBF,60.0,10.848631666666666,650.9178999999999,3.686914560166666,221.21487360999998,12.7289,241.96793333333335,5.920150000000001,68.8,35.0,12.684399714285716,443.95399000000003,4.636642942857143,162.282503,149.0,7.572733993288591,1128.337365,1.9334636442953022,288.08608300000003,14.57728187919463,159.86281879194635,5.755006711409397,304.9,94.0,11.49891904255319,1080.8983899999998,4.004304432021277,376.40461661,158.0,10.400154177215189,1643.22436,3.5430586874050634,559.80327261,208.0,8.4869315625,1765.2817650000002,2.4144624837019233,502.2081966100001,64.0,8.786343281250002,562.3259700000001,2.8656040000000003,183.39865600000002
DE-HoH,2015,NIRv,year,112.18625372573898,172.0,319.9967561815186,268.92680449300946,203.2033590052966,319.9967561815186,268.92680449300946,203.2033590052966,52.08656,DBF,60.0,10.848631666666666,650.9178999999999,3.686914560166666,221.21487360999998,12.7289,241.96793333333335,5.920150000000001,68.8,32.0,12.6555684375,404.97819,4.53447634375,145.103243,148.0,7.6209672635135135,1127.903155,1.9699565743243246,291.55357300000003,14.603567567567564,160.76291891891896,5.779885135135135,304.1,91.0,11.44969879120879,1041.92259,3.947531391318682,359.22535661000006,156.0,10.450966602564103,1630.35079,3.5601153372435905,555.3779926100001,207.0,8.525833599033815,1764.8475549999996,2.442877713091787,505.67568660999996,65.0,9.05274153846154,588.4282000000001,3.0177328615384615,196.152636
DE-HoH,2022,NDVI,year,-5.0,172.0,295.1161149384956,218.17074608360315,157.09645705902443,295.1161149384956,218.17074608360315,157.09645705902443,52.08656,DBF,178.0,4.5686405275,813.218013895,0.5887569920930232,104.79874459255814,8.282203488372094,148.80145930232558,4.193645348837209,186.16730232558137,,,,,,124.0,8.30580120967742,1029.91935,1.7292894322580645,214.4318896,17.10417741935484,191.69375000000005,8.191685483870968,147.93400000000003,163.0,3.4916835078343946,569.1444117770063,0.16512280025477705,26.91501644152866,224.0,6.093480691422017,1364.9396748785318,1.1983214997247706,268.42401593834865,301.0,6.102557697389831,1836.8698669143391,1.0463820414915255,314.96099448894915,61.0,12.789909508196722,780.18448,3.8575378245901644,235.30980730000002
DE-HoH,2022,EVI,year,96.91149562683964,172.0,309.3506710056089,270.1854937235954,212.80281254473377,309.3506710056089,270.1854937235954,212.80281254473377,52.08656,DBF,76.0,9.736384460526317,739.965219,2.452402014473684,186.3825531,13.363078947368418,238.35228947368424,6.4589342105263166,77.14099999999999,41.0,12.195577804878049,500.01869,3.859202251219512,158.2272923,138.0,7.687615144927536,1060.89089,1.354269852173913,186.8892396,16.773891304347828,179.65154347826086,7.81131884057971,154.324,116.0,10.556145767241379,1224.512909,2.910297029310345,337.5944554,174.0,9.493189247126438,1651.8149290000001,2.3329069310344828,405.925806,213.0,8.382089713615022,1785.3851089999996,1.7195136276995306,366.2564027,58.0,7.367276206896551,427.30201999999997,1.1781267344827588,68.33135060000001
DE-HoH,2022,NIRv,year,99.2946365185821,172.0,308.6214523333094,266.7933091439279,206.68676708141749,308.6214523333094,266.7933091439279,206.68676708141749,52.08656,DBF,73.0,10.057307534246576,734.18345,2.5828870575342466,188.5507552,13.67504109589041,242.25812328767125,6.615260273972603,66.971,35.0,12.618174857142858,441.63612,3.9326883799999997,137.64409329999998,137.0,7.735648905109488,1059.7839,1.3772408,188.6819896,16.841255474452556,180.3011313868613,7.85397810218978,154.324,107.0,10.844379158878501,1160.3485699999997,2.982985593457944,319.1794585,167.0,9.728999520958082,1624.7429199999997,2.4496072389221557,409.0844089,209.0,8.509551913875598,1778.49635,1.771374903349282,370.21735479999995,60.0,7.739905833333333,464.39435,1.49841584,89.9049504
DE-HoH,2023,NDVI,year,106.3859415266782,172.0,260.28654315783047,258.58657077531177,256.88480687074184,260.28654315783047,258.58657077531177,256.88480687074184,52.08656,DBF,66.0,8.816011954545454,581.8567889999999,2.2125252571212126,146.02666697000004,13.673727272727275,241.8474393939394,6.8513939393939385,51.327000000000005,85.0,12.546142588235293,1066.42212,2.53835525882353,215.76019700000003,89.0,12.32818168539326,1097.20817,2.410789258426966,214.56024399999995,18.588449438202247,208.62856179775284,7.5608089887640455,202.247,150.0,10.892108726666665,1633.8163089999998,2.3740851598000003,356.11277397000003,152.0,10.852280388157894,1649.5466189999997,2.354507934013158,357.88520597,154.0,10.809106227272727,1664.602359,2.304628707597403,354.91282097000004,,,,,
DE-HoH,2023,EVI,year,90.49366965306176,172.0,260.6479117838592,232.98750190196927,195.98398379324465,260.6479117838592,232.98750190196927,195.98398379324465,52.08656,DBF,82.0,7.475168000000001,612.963776,1.5395969996341463,126.24695396999999,12.150695121951221,222.55367073170734,6.044243902439024,75.307,24.0,14.438664583333335,346.52795000000003,3.59414025,86.259366,89.0,12.32818168539326,1097.20817,2.410789258426966,214.56024399999995,18.588449438202247,208.62856179775284,7.5608089887640455,202.247,105.0,9.00027739047619,945.029126,1.9698307616190476,206.83222997,142.0,9.863133915492957,1400.565016,2.137507035,303.52599897,170.0,9.97476085882353,1695.709346,1.971371223352941,335.13310796999997,37.0,12.311780810810811,455.53589,2.6133451081081076,96.69376899999997
DE-HoH,2023,NIRv,year,98.21315951371147,172.0,260.4825121571397,231.8894713137477,193.1086056040809,260.4825121571397,231.8894713137477,193.1086056040809,52.08656,DBF,74.0,8.110761067567566,600.1963189999999,1.8341281482432437,135.72548297000003,13.036743243243244,229.95514864864865,6.3941351351351345,68.71699999999998,22.0,14.572361363636363,320.59195,3.471368454545455,76.370106,89.0,12.32818168539326,1097.20817,2.410789258426966,214.56024399999995,18.588449438202247,208.62856179775284,7.5608089887640455,202.247,95.0,9.5402702,906.3256690000001,2.1728578838947366,206.42149896999996,133.0,10.326613977443609,1373.439659,2.3418356238345868,311.46413797,162.0,10.388530179012346,1682.941889,2.127232326975309,344.61163697,38.0,12.29247342105263,467.11398999999994,2.7642799736842103,105.042639
DE-HoH,2024,NDVI,year,113.1380179398356,173.0,312.3402137882013,289.7039059772316,248.0745038766875,312.3402137882013,289.7039059772316,248.0745038766875,52.08656,DBF,60.0,11.190956166666666,671.45737,3.5697969315,214.18781589,14.676749999999998,226.70575000000005,5.96445,118.33000000000001,76.0,13.942924736842105,1059.66228,2.719094764473684,206.65120209999998,140.0,9.84816742857143,1378.7434400000002,1.3195708428571429,184.739918,16.357192857142856,169.99329999999998,6.442585714285714,203.841,135.0,12.727193703703705,1718.1711500000001,3.111454985111111,420.04642299,176.0,11.188843352272727,1969.23643,2.459729232329545,432.91234489,199.0,10.237448793969849,2037.2523099999999,2.000679089899497,398.1351388899999,41.0,6.123543414634147,251.06528000000003,0.3138029731707317,12.8659219
DE-HoH,2024,EVI,year,76.540485418711,173.0,302.6607816897355,251.66620142678005,194.75646962884207,302.6607816897355,251.66620142678005,194.75646962884207,52.08656,DBF,97.0,7.8846916494845365,764.81509,1.813909784845361,175.94924913,12.744164948453609,193.69026804123715,5.260020618556701,176.985,22.0,16.526386363636366,363.58050000000003,4.210554818181818,92.63220600000001,130.0,10.470992384615386,1361.22901,1.5615875,203.006375,17.019523076923075,179.9172923076923,6.856069230769231,203.115,118.0,9.452941440677968,1115.4470900000001,2.2693971197457627,267.78886013,175.0,10.454494971428574,1829.5366200000003,2.194181138457143,383.98169923,226.0,9.349980530973452,2113.0956,1.6732877395132746,378.16302913000004,57.0,12.527886491228072,714.0895300000001,2.0384708614035087,116.1928391
DE-HoH,2024,NIRv,year,121.35717861685268,173.0,301.13794597568057,244.8343367983196,169.49176219399206,301.13794597568057,244.8343367983196,169.49176219399206,52.08656,DBF,52.0,12.055374615384615,626.87948,4.16170725,216.40877700000001,15.376865384615384,229.63476923076922,6.047615384615384,110.88000000000001,,,,,,129.0,10.51970953488372,1357.04253,1.594664534883721,205.711725,17.050651162790697,180.99809302325582,6.891558139534883,203.115,48.0,11.966064166666667,574.37108,4.25441525,204.211932,123.0,13.318315853658538,1638.1528500000002,3.418260471544715,420.44603799999993,180.0,10.949852833333333,1970.97351,2.340710594444445,421.3279070000001,75.0,14.183756933333335,1063.78177,2.883121413333333,216.23410599999997
DE-HoH,2025,NDVI,year,91.66038437843828,172.0,310.6805675594006,285.24450414064046,249.41423561988253,310.6805675594006,285.24450414064046,249.41423561988253,52.08656,DBF,81.0,10.815264938271605,876.03646,3.2264516691358023,261.3425852,13.253246913580245,238.15916049382716,6.036086419753087,89.92800000000001,78.0,13.774786282051277,1074.4333299999996,3.1978743730769232,249.43420110000002,139.0,10.234478021582733,1422.592445,1.381021560503597,191.96199690999998,15.626805755395685,162.35089208633096,6.451978417266187,176.007,158.0,12.233453734177214,1932.8856899999998,3.196970609493671,505.1213563,194.0,11.436219381443298,2218.6265599999997,2.6443946861340204,513.01256911,219.0,10.415729703196346,2281.044805,2.0440600552968036,447.64915211,36.0,7.93724638888889,285.74087000000003,0.21920035583333342,7.8912128100000025
DE-HoH,2025,EVI,year,94.8347373913022,172.0,305.7348475646657,274.11466624907234,234.07506895651625,305.7348475646657,274.11466624907234,234.07506895651625,52.08656,DBF,78.0,11.147332564102568,869.4919400000003,3.463355066666667,270.1416952,13.327589743589742,237.6832564102565,6.0117051282051275,89.928,63.0,14.53685238095238,915.8217,3.2467601746031742,204.54589099999998,134.0,10.591508955223881,1419.2622000000001,1.560690947089552,209.13258690999996,15.821425373134328,165.75149253731342,6.555791044776119,175.59699999999998,140.0,12.626639571428571,1767.72954,3.350229687142857,469.0321562,180.0,11.992959833333336,2158.7327700000005,3.0924207172777782,556.63572911,211.0,10.7638390521327,2271.17004,2.2446391095260663,473.61885211,40.0,9.77508075,391.00323000000003,2.19008932275,87.60357291
DE-HoH,2025,NIRv,year,97.76200737916824,172.0,305.0299468447046,269.04940639521004,222.53291509547807,305.0299468447046,269.04940639521004,222.53291509547807,52.08656,DBF,75.0,11.513643466666668,863.52326,3.679175402666667,275.93815520000004,13.63748,238.25885333333335,6.063720000000001,89.928,51.0,15.059670588235294,768.0432,3.4082533725490203,173.82092200000002,134.0,10.591508955223881,1419.2622000000001,1.560690947089552,209.13258690999996,15.821425373134328,165.75149253731342,6.555791044776119,175.59699999999998,125.0,12.91185888,1613.98236,3.5528291776,444.1036472,172.0,12.307840813953488,2116.94862,3.2777285587790703,563.7693121100001,208.0,10.890391153846155,2265.20136,2.304881308221154,479.41531211,47.0,10.701409787234041,502.9662599999999,2.5460779768085104,119.66566490999999
DE-RuW,2022,NDVI,year,49.0,172.0,288.83030213807285,231.75646023317748,189.6610988231384,288.83030213807285,231.75646023317748,189.6610988231384,50.50493,ENF,124.0,8.241794112903225,1021.9824699999999,1.5073694145161294,186.91380740000005,8.810572580645161,189.97359677419354,4.36367741935484,278.7209999999999,18.0,9.551745,171.93141,1.932621777777778,34.787192000000005,117.0,8.728450333333331,1021.2286889999998,-0.4064912556410257,-47.55947691,15.11311111111111,192.226452991453,6.572923076923076,296.728,141.0,8.386475035460993,1182.49298,1.5396534,217.0911294,183.0,9.602801530054647,1757.3126800000005,0.6810124338797815,124.62527540000002,240.0,8.465792745833333,2031.7902589999999,0.5614352520416669,134.74446049000005,42.0,13.686183333333334,574.8197,-2.2015679523809526,-92.46585400000001
DE-RuW,2022,EVI,year,106.55415437269087,172.0,288.3817244268313,243.4282379933541,199.00433941791852,288.3817244268313,243.4282379933541,199.00433941791852,50.50493,ENF,66.0,10.73125393939394,708.26276,1.1261989303030302,74.3291294,12.523575757575754,237.33963636363637,5.540378787878789,109.904,28.0,10.545226428571429,295.26634,1.4802306785714288,41.446459000000004,117.0,8.728450333333331,1021.2286889999998,-0.4064912556410257,-47.55947691,15.11311111111111,192.226452991453,6.572923076923076,296.728,93.0,10.667830107526882,992.1082,1.1953303053763438,111.16571839999997,137.0,11.130803700729926,1524.920107,0.11894910423357662,16.296027279999997,182.0,9.43994807142857,1718.0705489999998,0.12175704664835141,22.159782489999955,44.0,12.109361522727271,532.8119069999999,-2.1561293436363638,-94.86969112
DE-RuW,2022,NIRv,year,108.2267869756138,172.0,288.2024575975954,242.34389077451797,197.17818804728148,288.2024575975954,242.34389077451797,197.17818804728148,50.50493,ENF,64.0,10.86888546875,695.60867,1.022258428125,65.4245394,12.62378125,235.98965625,5.472671875,108.76400000000001,26.0,10.156601538461539,264.07164,1.7102026538461539,44.465269,117.0,8.728450333333331,1021.2286889999998,-0.4064912556410257,-47.55947691,15.11311111111111,192.226452991453,6.572923076923076,296.728,89.0,10.654600112359551,948.2594100000001,1.1829206561797752,105.27993839999999,134.0,11.261858634328355,1509.0890569999997,0.05271936776119397,7.064395279999992,180.0,9.474535883333333,1705.416459,0.0736399582777777,13.255192489999985,45.0,12.462881044444442,560.8296469999999,-2.1825676248888892,-98.21554312000002
DE-RuW,2023,NDVI,year,28.0,172.0,,,,,,,50.50493,ENF,145.0,5.996609675862069,869.5084029999999,1.413040945310345,204.89093707,7.176786206896552,161.08234482758618,3.0872482758620685,414.765,,,,,,,,,,,,,,,,,,,,,,,,,,,,,,,,,,
DE-RuW,2023,EVI,year,100.4188460002857,172.0,256.6937165592601,227.33603610265055,196.0274217452963,256.6937165592601,227.33603610265055,196.0274217452963,50.50493,ENF,72.0,8.878734722222223,639.2689,1.3666523663888888,98.39897038,11.263680555555556,232.9436111111111,4.956097222222222,141.67,25.0,12.88322,322.0805,1.13906304,28.476575999999998,85.0,13.628682117647058,1158.43798,-2.227800115294118,-189.36300980000004,16.15716470588235,200.42190588235295,5.512882352941178,332.75,96.0,9.857046875,946.2764999999999,1.3277894102083334,127.46778338000001,127.0,11.829746614173228,1502.37782,-0.4132492647244094,-52.48265662,156.0,11.427140897435896,1782.6339799999998,-0.5793064257692309,-90.37180242000001,31.0,17.938752258064515,556.10132,-5.8048529032258065,-179.95044000000001
DE-RuW,2023,NIRv,year,104.29297358421412,172.0,256.15188311611,225.75565386636936,194.3036205589061,256.15188311611,225.75565386636936,194.3036205589061,50.50493,ENF,68.0,9.07724132352941,617.2524099999999,1.1467498585294118,77.97899038,11.628235294117648,236.4336470588235,5.125205882352939,120.61999999999999,23.0,13.105847826086954,301.43449999999996,0.967477652173913,22.251986,85.0,13.628682117647058,1158.43798,-2.227800115294118,-189.36300980000004,16.15716470588235,200.42190588235295,5.512882352941178,332.75,90.0,10.040155666666667,903.61401,1.1202579264444443,100.82321337999998,121.0,12.037748842975207,1456.56761,-0.5560716414876034,-67.28466862,152.0,11.583009802631581,1760.6174900000003,-0.7288933053947368,-110.79178242,31.0,17.837212903225808,552.9536,-5.422834903225807,-168.10788200000002
DE-RuW,2024,NDVI,year,113.22431020415624,173.0,295.0108235050791,245.33849778834323,190.5706790458807,295.0108235050791,245.33849778834323,190.5706790458807,50.50493,ENF,60.0,8.057036779999999,483.4222067999999,0.9717612883333333,58.3056773,11.042316666666665,185.26888333333335,2.911833333333334,283.69,18.0,14.457458333333335,260.23425000000003,-2.0589781666666664,-37.061606999999995,123.0,10.765932829268293,1324.209738,-0.5302405910569106,-65.2195927,14.492910569105693,176.97186991869916,4.149991869918699,404.02599999999995,77.0,9.525931906493508,733.4967568000001,0.3206614324675324,24.690930299999998,132.0,11.145720203030303,1471.2350668,-0.5712611734848484,-75.40647489999999,182.0,9.876221125274723,1797.4722447999995,-0.019049754945054943,-3.4670553999999996,55.0,13.413423818181816,737.7383099999998,-1.8199528218181817,-100.0974052
DE-RuW,2024,EVI,year,96.77728094997792,173.0,294.2435358077442,256.76626907559944,217.79076815320295,294.2435358077442,256.76626907559944,217.79076815320295,50.50493,ENF,77.0,8.72628723116883,671.9241168,0.7316581337662338,56.3376763,10.127545454545452,178.24740259740264,2.8374805194805197,351.22,45.0,16.268895999999998,732.1003199999999,-2.0386384933333335,-91.7387322,122.0,10.81831113114754,1319.833958,-0.5472814155737705,-66.7683327,14.499819672131148,177.99297540983605,4.173590163934426,403.626,121.0,11.519543279338842,1393.8647368,-0.2640842636363636,-31.9541959,160.0,11.0544582925,1768.7133268,-0.41956032062499987,-67.12965129999998,198.0,10.0080726,1981.5983748,-0.035271698989898966,-6.983796399999995,39.0,9.611502307692307,374.84858999999994,-0.901934753846154,-35.175455400000004
DE-RuW,2024,NIRv,year,97.39503833386928,173.0,292.59142787496097,253.32614230981437,214.9753533033576,292.59142787496097,253.32614230981437,214.9753533033576,50.50493,ENF,76.0,8.707125221052632,661.7415168,0.7023566618421053,53.379106300000004,10.059249999999997,177.76730263157899,2.7683289473684214,351.21999999999997,42.0,16.288631428571428,684.12252,-2.180913980952381,-91.5983872,120.0,10.940297733333333,1312.835728,-0.5712630141666666,-68.5515617,14.5584,179.71522499999998,4.224666666666666,383.676,117.0,11.416276382905984,1335.7043368000002,-0.2972001786324786,-34.7724209,156.0,11.070413376923076,1726.9844867999998,-0.5377307134615386,-83.88599130000001,195.0,10.073936127179486,1964.4175447999999,-0.060131258461538425,-11.725595399999992,39.0,10.03282435897436,391.28015,-1.2593223179487179,-49.11357039999999
DE-Tha,2015,NDVI,year,96.88402963124902,172.0,370.1573929079417,354.9245659016793,331.5143875395676,370.1573929079417,354.9245659016793,331.5143875395676,50.962597,ENF,76.0,8.000941315789474,608.07154,3.367175552631579,255.90534200000002,12.60132894736842,219.7528947368421,6.495223684210526,114.44099999999999,160.0,5.2911922,846.5907520000001,1.4371701861250001,229.94722978000001,199.0,4.582218221649485,911.8614261082474,1.1350494364948454,225.87483786247424,13.070036082474227,131.17727835051545,6.093902061855671,452.90348453608243,235.0,6.151185668085106,1445.528632,2.0493031565106383,481.58624178,258.0,5.718725887596899,1475.431279,1.8426196107751938,475.39585958,274.0,5.531182955390334,1515.5441297769516,1.7540468501115243,480.60883693055763,23.0,1.3001150869565217,29.902646999999998,-0.269147052173913,-6.190382199999998
DE-Tha,2015,EVI,year,131.8286718154097,172.0,333.4093853458434,265.82691153507494,194.34976238886733,333.4093853458434,265.82691153507494,194.34976238886733,50.962597,ENF,41.0,9.313373170731708,381.84830000000005,3.7350679024390248,153.137784,14.08631707317073,228.44839024390245,6.884512195121951,55.441,23.0,8.050991304347827,185.17280000000002,2.557636260869565,58.825633999999994,162.0,5.236258037037038,848.2738020000002,1.4117032455555556,228.69592578,14.297635802469134,150.415487654321,6.809481481481481,392.624,63.0,8.85535619047619,557.88744,3.296779174603175,207.697088,134.0,7.635730298507463,1023.18786,2.6158665977611943,350.52612410000006,202.0,6.044497237623761,1220.9884419999998,1.8691454444554454,377.56737977999995,71.0,6.553527042253521,465.30042,2.0116765647887327,142.82903610000002
DE-Tha,2015,NIRv,year,125.28710280628,172.0,334.1608209569409,262.49336079765897,186.57048490052944,334.1608209569409,262.49336079765897,186.57048490052944,50.962597,ENF,47.0,9.226719787234043,433.65583,3.749368170212766,176.220304,14.034106382978726,230.96023404255322,6.979595744680852,59.940999999999995,15.0,8.120534,121.80801,2.4015573333333324,36.02335999999999,163.0,5.209661975460122,849.1749019999999,1.3977292440490798,227.82986678,14.243938650306747,149.6004662576687,6.776312883435582,411.124,61.0,8.956232459016395,546.33018,3.4094644918032784,207.97733399999998,137.0,7.727756058394162,1058.7025800000001,2.682567110218978,367.5116941,209.0,6.0942443636363635,1273.697072,1.912841343444976,399.78384078,76.0,6.741742105263158,512.3724,2.099136317105263,159.5343601
DE-Tha,2018,NDVI,year,114.17009166230186,172.0,216.9274942153266,214.09431658971448,211.26088916542295,216.9274942153266,214.09431658971448,211.26088916542295,50.962597,ENF,58.0,8.591800172413793,498.32441,3.2148609137931032,186.461933,17.040689655172415,237.5093448275862,8.620931034482759,48.300000000000004,40.0,7.31531375,292.61255,1.789293346225,71.571733849,45.0,6.889025111111111,310.00613,1.5931837966444442,71.69327084899999,19.882466666666666,257.13657777777775,12.314133333333334,61.4,97.0,8.078822886597939,783.6458200000001,2.635065019061856,255.60130684900005,100.0,7.936830600000002,793.6830600000002,2.54913142849,254.913142849,102.0,7.853327450980394,801.0394000000001,2.507086704401961,255.72284384900001,,,,,
DE-Tha,2018,EVI,year,103.60297405046916,172.0,306.6943885557242,259.13675456036265,201.09625930382333,306.6943885557242,259.13675456036265,201.09625930382333,50.962597,ENF,69.0,8.197525652173914,565.62927,2.8576278550724634,197.17632199999997,16.863666666666663,232.94834782608697,8.620898550724638,96.50000000000001,30.0,7.769124000000001,233.07372,2.299281466666667,68.97844400000001,135.0,4.833600451851852,652.536061,1.1145171639925926,150.459817139,17.069133333333333,179.31482222222223,9.908792592592592,195.7,98.0,8.07563112244898,791.4118500000001,2.691044959183674,263.72240600000003,156.0,6.757230641025641,1054.12798,1.9547015265961538,304.933438149,203.0,5.964897492610838,1210.874191,1.7005112272857144,345.203779139,58.0,4.529588448275862,262.71613,0.710535037051724,41.211032149
DE-Tha,2018,NIRv,year,103.69620630723746,172.0,305.77476072717945,255.18113259982852,195.6740421700106,305.77476072717945,255.18113259982852,195.6740421700106,50.962597,ENF,69.0,8.197525652173914,565.62927,2.8576278550724634,197.17632199999997,16.863666666666663,232.94834782608697,8.620898550724638,96.50000000000001,24.0,7.258890833333333,174.21338,2.33798725,56.111694,134.0,4.847824111940299,649.6084310000001,1.1186246129776118,149.895698139,17.120067164179105,180.1862686567164,9.94847014925373,195.7,92.0,7.962516413043477,732.5515099999999,2.7266919130434784,250.855656,152.0,6.838802236842105,1039.49794,1.9785735976907894,300.743186849,202.0,5.979933470297031,1207.9465610000002,1.706136931381188,344.639660139,60.0,5.115773833333334,306.94643,0.8314588474833333,49.887530849
DE-Tha,2019,NDVI,year,95.4110803120196,172.0,307.9931763469346,286.986980096151,247.55024288035813,307.9931763469346,286.986980096151,247.55024288035813,50.962597,ENF,77.0,6.64689064935065,511.81058,2.6086131948051947,200.863216,13.241467532467531,226.43210389610385,7.021285714285715,198.6,76.0,7.2003705263157896,547.22816,2.2423504105263157,170.4186312,136.0,5.805916367647059,789.604626,1.7187175198529412,233.7455827,16.614220588235295,177.4385294117647,8.524264705882352,184.2,152.0,6.899455526315789,1048.71724,2.415577415789474,367.1677672,191.0,6.393103434554974,1221.082756,2.1850045858638745,417.3358759,212.0,6.090064650943396,1291.0937059999999,2.030635465566038,430.4947187,39.0,4.419628615384616,172.365516,1.2863617615384615,50.1681087
DE-Tha,2019,EVI,year,100.3450165035135,172.0,302.6457182506987,263.9759707172914,203.78133037266343,302.6457182506987,263.9759707172914,203.78133037266343,50.962597,ENF,72.0,6.7700684722222215,487.44492999999994,2.6191752222222227,188.58061600000002,13.466847222222222,227.81424999999996,7.118722222222222,198.6,32.0,8.47742,271.27744,3.31274825,106.007944,131.0,5.917218824427481,775.155666,1.7483595320610685,229.0350987,17.00607633587786,180.99596183206106,8.74951145038168,181.7,103.0,7.266027864077669,748.4008699999999,2.8201405825242722,290.47448,163.0,6.771327239263803,1103.72634,2.359159240490798,384.54295620000005,202.0,6.199401465346535,1252.279096,2.0470377955445547,413.50163470000007,60.0,5.922091166666666,355.32547,1.5678079366666664,94.06847619999998
DE-Tha,2019,NIRv,year,97.59309179118222,172.0,300.8208657649049,256.7287646837675,197.6554544049002,300.8208657649049,256.7287646837675,197.6554544049002,50.962597,ENF,75.0,6.700096133333334,502.50721000000004,2.6269162133333332,197.01871599999998,13.256400000000001,227.05973333333333,7.028026666666668,198.60000000000002,26.0,8.654533846153846,225.01788,3.315928615384615,86.21414399999999,129.0,5.970150046511628,770.149356,1.7659800441860463,227.81142569999997,17.189713178294575,182.7666976744186,8.863162790697674,181.7,100.0,7.1720359,717.20359,2.7911878000000003,279.11878,159.0,6.805326477987421,1082.04691,2.377935605031446,378.09176119999995,203.0,6.218399339901478,1262.335066,2.072492914778325,420.7160617,59.0,6.183785084745762,364.84331999999995,1.6775081559322038,98.97298120000002
DE-Tha,2022,NDVI,year,110.70687299769936,172.0,315.7841951430275,294.11477513330885,269.0654091791617,315.7841951430275,294.11477513330885,269.0654091791617,50.962597,ENF,62.0,8.483250322580645,525.96152,3.2995814677419353,204.574051,15.272048387096776,246.71066129032258,7.158096774193548,71.61599999999999,98.0,6.6376656122448985,650.4912300000001,1.6999386336734694,166.5939861,144.0,5.758617090277777,829.240861,1.485612854861111,213.92825109999998,16.413013888888887,164.88413194444445,6.785798611111111,316.27200000000005,159.0,7.3294613207547155,1165.3843499999998,2.3010650761006293,365.8693471,184.0,6.961880054347825,1280.9859299999998,2.20467331576087,405.6598901000001,205.0,6.556751126829268,1344.133981,2.015627376097561,413.2036121,25.0,4.6240632,115.60158,1.59162172,39.790543
DE-Tha,2022,EVI,year,107.91750171079624,172.0,305.62162943867924,260.3583385817104,208.99242843352653,305.62162943867924,260.3583385817104,208.99242843352653,50.962597,ENF,65.0,8.34020446153846,542.1132899999999,3.2316747692307692,210.05886,14.861876923076924,243.13349230769234,7.007092307692307,72.616,37.0,8.370167837837839,309.69621,2.908075216216217,107.59878300000004,134.0,5.991276194029851,802.83101,1.5685989335820896,210.1922571,16.92296268656716,172.15017910447764,7.06863432835821,280.272,101.0,8.324169306930692,840.7410999999998,3.092662900990099,312.35895300000004,153.0,7.337736928104575,1122.67375,2.307386863398693,353.0301901,198.0,6.73674696969697,1333.8759,2.095719328787879,414.9524271,52.0,5.421781730769231,281.93265,0.782139175,40.6712371
DE-Tha,2022,NIRv,year,109.17456427499688,172.0,305.5615888903333,258.1188177591642,204.1994158741708,305.5615888903333,258.1188177591642,204.1994158741708,50.962597,ENF,63.0,8.408046825396825,529.70695,3.2560999999999996,205.13429999999997,15.102666666666666,243.86012698412702,7.072968253968253,72.61599999999999,33.0,8.666117575757575,285.98188,3.0686082121212124,101.264071,134.0,5.991276194029851,802.83101,1.5685989335820896,210.1922571,16.92296268656716,172.15017910447764,7.06863432835821,280.272,95.0,8.469688736842105,804.6204299999999,3.16947032631579,301.09968100000003,149.0,7.365950402684563,1097.52661,2.2967949,342.22244010000003,196.0,6.7421916326530615,1321.46956,2.0919789137755105,410.02786710000004,54.0,5.424188518518518,292.90617999999995,0.7615325759259262,41.12275910000001
DE-Tha,2023,NDVI,year,113.78131973715932,172.0,276.9437733109586,248.6732410109518,218.8196951357261,276.9437733109586,248.6732410109518,218.8196951357261,50.962597,ENF,59.0,8.321253898305086,490.95398000000006,3.449220947457627,203.5040359,14.057881355932203,241.54816949152547,7.126508474576271,44.109,47.0,9.806248510638298,460.89368,4.620506170212765,217.16378999999998,105.0,8.205242,861.55041,3.2764141799999997,344.02348889999996,19.25625714285714,208.0172380952381,9.364799999999999,232.39999999999995,105.0,8.952938666666666,940.0585599999999,3.979705770476191,417.8691059,135.0,8.882496666666665,1199.1370499999998,3.6368798207407407,490.9787758,163.0,8.22524717791411,1340.7152899999999,3.3418945079754603,544.7288048,30.0,8.635949666666669,259.07849000000004,2.4369889966666665,73.1096699
DE-Tha,2023,EVI,year,99.92019958220592,172.0,274.7675919778782,239.40069634915872,198.4878712924672,274.7675919778782,239.40069634915872,198.4878712924672,50.962597,ENF,73.0,7.528115205479452,549.55241,3.14000757630137,229.22055307,12.93917808219178,221.98957534246574,6.363191780821919,94.50899999999999,27.0,9.966249259259259,269.08873,4.533018888888889,122.39151,103.0,8.288924563106796,853.75923,3.3295968825242723,342.94847890000005,19.24623300970874,209.31938834951458,9.316339805825242,217.20000000000002,99.0,8.150020606060606,806.85204,3.5233671017171724,348.8133430700001,140.0,8.577929214285714,1200.9100899999999,3.4825137433571425,487.5519240699999,175.0,7.951557371428571,1391.52254,3.253544639828572,569.3703119700001,41.0,9.611171951219513,394.05805000000004,3.383867829268293,138.738581
DE-Tha,2023,NIRv,year,104.96942350079196,172.0,274.59343170231006,238.57690547447444,196.64156186621935,274.59343170231006,238.57690547447444,196.64156186621935,50.962597,ENF,68.0,7.776154558823529,528.77851,3.215312498529412,218.64124990000002,13.331720588235296,227.60670588235297,6.578470588235295,68.009,25.0,10.1032784,252.58196,4.5651424,114.12856000000001,103.0,8.288924563106796,853.75923,3.3295968825242723,342.94847890000005,19.24623300970874,209.31938834951458,9.316339805825242,217.20000000000002,92.0,8.364906195652173,769.5713699999999,3.586642281521739,329.9710899,134.0,8.772607164179105,1175.52936,3.555058073880597,476.3777819,170.0,8.063227294117647,1370.74864,3.287005934117648,558.7910088000001,42.0,9.665666428571429,405.95799,3.4858736190476187,146.406692
DE-Tha,2024,NDVI,year,99.92819065147869,173.0,356.2395340439691,282.74508518158245,175.83533961080138,356.2395340439691,282.74508518158245,175.83533961080138,50.962597,ENF,74.0,8.319416216216217,615.6368,4.133635566216216,305.88903189999996,13.846081081081083,210.16601351351352,6.200121621621621,100.123,,,,,,184.0,5.079869060326087,934.6959071,1.5881561956521737,292.22074,13.677195652173914,140.55695652173912,5.989641304347827,461.768,76.0,8.356107236842107,635.0641500000002,4.158373577631579,316.0363919,183.0,7.548773989071038,1381.42564,3.1773339098360656,581.4521055,257.0,5.997789949805448,1541.4320171,2.3162982175097278,595.2886419,107.0,6.975341028037383,746.36149,2.4805206878504666,265.41571359999995
DE-Tha,2024,EVI,year,79.88144994029649,173.0,334.291125631007,268.3362108854627,205.84484821384828,334.291125631007,268.3362108854627,205.84484821384828,50.962597,ENF,94.0,7.539064893617021,708.6721,3.6805629138297875,345.97291390000004,13.384797872340423,195.2785957446809,6.248521276595745,116.02300000000001,33.0,8.516654545454545,281.0496,3.6729490303030303,121.207318,162.0,5.659352444444445,916.815096,1.8609698839506172,301.4771212,15.144049382716052,156.33904320987656,6.660524691358026,416.567,126.0,7.784293730158731,980.8210100000001,3.685389697619048,464.35910190000004,189.0,7.464941851851852,1410.87401,3.1828665597883603,601.5617798000001,255.0,6.339554925490196,1616.586506,2.5279564905882355,644.6289051,63.0,6.826238095238095,430.053,2.1778202841269847,137.20267790000003
DE-Tha,2024,NIRv,year,85.75357837140226,173.0,331.5794087535316,266.8235965712867,204.01840290261032,331.5794087535316,266.8235965712867,204.01840290261032,50.962597,ENF,88.0,7.776814659090909,684.35969,3.7865531125000005,333.21667390000005,13.81068181818182,201.89127272727274,6.477943181818182,104.023,32.0,8.545773125,273.46474,3.698939,118.366048,159.0,5.73400186163522,911.7062960000001,1.8906436981132075,300.612348,15.340075471698114,158.69083018867923,6.761918238993711,398.867,119.0,7.974149075630253,948.9237400000001,3.7711058142857143,448.7615919,181.0,7.5885565745856365,1373.5287400000002,3.2372526011049727,585.9427208000001,246.0,6.4518914471544715,1587.165296,2.565072731300813,631.0078919,62.0,6.848467741935485,424.6050000000001,2.2125988532258067,137.1811289
DK-Sor,2022,NDVI,year,12.0,172.0,278.88390267997863,209.27120754931815,164.3266097802164,278.88390267997863,209.27120754931815,164.3266097802164,55.48587,DBF,161.0,6.528432329813665,1051.0776051,1.008898358136646,162.43263566,7.332590062111802,152.04495652173912,2.8364906832298136,255.539,,,,,,107.0,12.198943644859812,1305.2869699999999,3.926733925233645,420.16053,16.37778504672897,194.05883177570092,5.420009345794392,155.83499999999998,153.0,5.93115101372549,907.4661050999999,0.6790316056209148,103.89183565999997,198.0,8.588740783333334,1700.5706751,1.8485257205050503,366.00809265999993,267.0,8.754377809363294,2337.4188750999997,2.1510165380524344,574.32141566,45.0,17.624546000000002,793.1045700000001,5.824805711111112,262.116257
DK-Sor,2022,EVI,year,109.12936835116608,172.0,291.1272495947142,240.89299974817956,187.70572393727036,291.1272495947142,240.89299974817956,187.70572393727036,55.48587,DBF,63.0,14.176740158730155,893.1346299999998,4.52553853968254,285.108928,12.136777777777777,232.7523968253969,4.113126984126985,88.49300000000001,16.0,19.71558125,315.4493,6.2479673125,99.967477,120.0,11.437428083333334,1372.49137,3.440094930833333,412.81139169999994,15.846908333333333,182.64686666666665,5.060108333333333,170.035,78.0,15.25177217948718,1189.63823,4.83082891025641,376.80465499999997,131.0,14.296405114503816,1872.82907,4.661541427480915,610.6619269999999,182.0,12.344397252747253,2246.6803,3.7892778554945057,689.6485697,53.0,12.89039320754717,683.19084,4.412401358490566,233.857272
DK-Sor,2022,NIRv,year,110.17289461876736,172.0,291.1453099053586,239.018256898555,185.09602162051576,291.1453099053586,239.018256898555,185.09602162051576,55.48587,DBF,62.0,14.321831290322578,887.9535399999999,4.625759483870969,286.79708800000003,12.159532258064518,232.38112903225812,4.080516129032257,88.49300000000001,14.0,19.95848571428571,279.4188,6.198488357142858,86.77883700000001,120.0,11.437428083333334,1372.49137,3.440094930833333,412.81139169999994,15.846908333333333,182.64686666666665,5.060108333333333,170.035,75.0,15.312355199999999,1148.42664,4.870722333333333,365.304175,129.0,14.422629612403101,1860.5192200000001,4.746101992248061,612.2471569999999,181.0,12.383973535911602,2241.49921,3.8195399430939228,691.3367297,54.0,13.186899629629627,712.0925799999999,4.573018185185186,246.94298200000003
DK-Sor,2023,NDVI,year,120.80332309498756,172.0,273.94164864938443,273.6390424111947,272.8030183518448,273.94164864938443,273.6390424111947,272.8030183518448,55.48587,DBF,52.0,14.200397499999998,738.4206699999999,6.7695448538461545,352.0163324,13.536576923076924,281.2025192307692,6.299769230769231,30.8,101.0,13.080271980198017,1321.1074699999997,4.235604356435644,427.79604000000006,102.0,13.026429607843134,1328.6958199999997,4.204548725490196,428.86397,16.636480392156866,187.84806862745106,4.5028823529411754,236.20000000000002,152.0,13.420827236842106,2039.96574,5.077255410526316,771.7428224,153.0,13.382706470588236,2047.55409,5.051050669281046,772.8107524,153.0,13.382706470588236,2047.55409,5.051050669281046,772.8107524,,,,,
DK-Sor,2023,EVI,year,110.3212885721904,172.0,268.9576131954159,246.6310045477134,206.94979437312745,268.9576131954159,246.6310045477134,206.94979437312745,55.48587,DBF,62.0,12.49295193548387,774.5630199999999,5.659755366129032,350.9048327,12.663161290322583,270.3938387096774,5.965693548387097,38.6,35.0,16.862584857142856,590.19047,6.240416914285714,218.414592,97.0,13.273256185567009,1287.5058499999998,4.345639484536082,421.5270299999999,16.683886597938148,191.6287422680413,4.564154639175258,234.80000000000004,96.0,14.012407187499997,1345.1910899999998,5.846352861458334,561.2498747000001,136.0,13.503024411764706,1836.41132,5.0972736889705885,693.2292217,158.0,12.927256139240509,2042.5064700000005,4.837736156329114,764.3623127,40.0,12.28050575,491.22023,3.299483675,131.979347
DK-Sor,2023,NIRv,year,111.7681320492245,172.0,268.4242205415404,244.07099904853123,202.6662185444896,268.4242205415404,244.07099904853123,202.6662185444896,55.48587,DBF,61.0,12.649382786885246,771.61235,5.7648021918032795,351.65293370000006,12.696475409836065,270.34018032786884,5.933803278688527,38.6,31.0,17.26824838709678,535.3157000000001,6.596309096774194,204.485582,97.0,13.273256185567009,1287.5058499999998,4.345639484536082,421.5270299999999,16.683886597938148,191.6287422680413,4.564154639175258,234.80000000000004,91.0,14.146875274725277,1287.3656500000002,6.022735886813186,548.0689656999999,133.0,13.603011654135338,1809.20055,5.182324907518797,689.2492127,157.0,12.990801273885351,2039.5558,4.8733147369426755,765.1104137000001,42.0,12.424640476190477,521.8349000000001,3.361434452380952,141.18024699999998
DK-Sor,2024,NDVI,year,105.49503072159372,173.0,296.4995835567583,275.5525838672522,232.13442269228065,296.4995835567583,275.5525838672522,232.13442269228065,55.48587,DBF,68.0,12.925375588235294,878.92554,4.781887914705883,325.1683782,12.170147058823531,224.26729411764705,4.133176470588234,126.781,60.0,15.958479333333333,957.5087599999999,5.314097083833333,318.84582502999996,124.0,11.28880798387097,1399.8121900000003,3.4927939115322584,433.10644503000003,15.42232258064516,172.61714516129032,4.324790322580644,364.30299999999994,127.0,14.300751181102363,1816.1954,5.002051049055118,635.26048323,170.0,12.802372352941177,2176.4033,4.404168624882352,748.70866623,191.0,11.824601204188484,2258.4988300000005,3.9241942577486917,749.5211032300001,43.0,8.376927906976745,360.2079,2.6383298372093025,113.448183
DK-Sor,2024,EVI,year,109.20458195903232,173.0,289.74987597967794,249.1950166128556,195.19377817990716,289.74987597967794,249.1950166128556,195.19377817990716,55.48587,DBF,64.0,13.44362078125,860.39173,5.120595171875,327.718091,12.522921875,226.05578124999997,4.199453125,118.88300000000001,23.0,16.70346434782609,384.17968,6.252435826086957,143.806024,117.0,11.780922991452991,1378.36799,3.7716006412820517,441.27727503000006,15.647999999999994,178.78088034188036,4.47057264957265,354.72900000000004,86.0,14.236424534883723,1224.3325100000002,5.381051104651163,462.770395,140.0,14.020434500000002,1962.8608300000003,4.955051078785715,693.7071510300001,180.0,12.325115666666667,2218.52082,4.223564700166667,760.2416460300001,54.0,13.676450370370368,738.5283199999999,4.276606593148148,230.93675602999997
DK-Sor,2024,NIRv,year,109.4061698793701,173.0,288.7816801437995,245.91728075567124,192.46732274366207,288.7816801437995,245.91728075567124,192.46732274366207,55.48587,DBF,64.0,13.44362078125,860.39173,5.120595171875,327.718091,12.522921875,226.05578124999997,4.199453125,118.88300000000001,20.0,16.97111,339.4222,6.34012665,126.80253300000001,116.0,11.854229224137931,1375.09059,3.8038454399137938,441.24607103000005,15.71200862068965,179.7970603448276,4.493370689655173,354.72900000000004,83.0,14.211747349397593,1179.5750300000002,5.370685590361446,445.766904,136.0,14.185368529411766,1929.2101200000002,5.00651162522059,680.8855810300001,179.0,12.375661564245812,2215.2434200000002,4.246985709664806,760.2104420300002,53.0,14.144058301886792,749.63509,4.436201453396226,235.11867703
FI-Hyy,2025,NDVI,year,81.0,172.0,277.59472731973483,222.33057214545585,186.27450391851792,277.59472731973483,222.33057214545585,186.27450391851792,61.84741,ENF,92.0,4.533810076086957,417.11052700000005,2.0047163760869564,184.4339066,7.7653043478260875,178.2549891304348,3.7655108695652184,131.50300000000001,15.0,7.786312666666668,116.79469000000002,3.1996699999999993,47.99504999999999,106.0,7.080104433962266,750.4910700000001,2.0981513783018872,222.40404610000004,14.95629245283019,163.61024528301888,4.140896226415094,246.461,106.0,5.022836009433961,532.4206169999999,2.206660911320755,233.90605660000006,142.0,5.986432795774648,850.073457,2.49255653943662,353.9430286,197.0,5.91937561928934,1166.116997,2.07266524213198,408.3150527000001,36.0,8.823690000000001,317.65284,3.3343603333333327,120.03697199999998
FI-Hyy,2025,EVI,year,123.86101040448354,172.0,284.512253010551,271.4240609304834,258.0064124535156,284.512253010551,271.4240609304834,258.0064124535156,61.84741,ENF,49.0,6.27306693877551,307.38027999999997,2.984122326530612,146.221994,10.783755102040816,203.48716326530615,4.758,93.443,87.0,7.791208965517243,677.8351800000002,2.62200081724138,228.11407110000005,113.0,6.766204867256638,764.5811500000001,1.914288996460177,216.3146566,14.575557522123894,155.8224336283186,3.913079646017699,276.681,135.0,7.28689525925926,983.7308600000001,2.783801222962963,375.81316510000005,148.0,7.007057837837838,1037.04456,2.49865126418919,369.8003871000001,161.0,6.648924409937889,1070.47683,2.2609549726708074,364.0137506,13.0,4.101053846153846,53.3137,-0.4625213846153847,-6.012778000000002
FI-Hyy,2025,NIRv,year,126.1957397998636,172.0,280.20610124260514,236.83992967515312,202.22456461226412,280.20610124260514,236.83992967515312,202.22456461226412,61.84741,ENF,46.0,6.459929347826088,297.15675000000005,3.0679946521739128,141.12775399999998,11.36991304347826,204.3967173913043,4.914456521739129,88.93299999999999,31.0,8.546234838709678,264.93328,3.708109677419355,114.9514,109.0,6.934678440366974,755.8799500000001,2.006249588073395,218.68120510000003,14.787256880733946,159.77861467889912,4.0301100917431185,254.97099999999998,76.0,7.376387236842106,560.6054300000001,3.388898078947369,257.556254,110.0,7.751723181818184,852.6895500000002,3.2091349645454543,353.00484609999995,154.0,6.828260389610389,1051.5520999999999,2.3460133707792212,361.28605910000005,34.0,8.590709411764706,292.08412,2.807311532352941,95.4485921
FI-Let,2023,NDVI,year,128.14033823617507,172.0,299.24801281690185,284.6544332833825,259.2581529861829,299.24801281690185,284.6544332833825,259.2581529861829,60.64183,ENF,44.0,6.927992499999999,304.83167,2.380722518181818,104.75179079999998,13.57234090909091,268.5826818181818,8.80009090909091,22.16,88.0,8.457237613636364,744.2369100000001,0.8784406795454545,77.3027798,128.0,6.55594259140625,839.1606517,0.023365786718750045,2.9908207000000058,13.565070312500001,134.9363515625,3.53753125,326.964,131.0,7.94128824427481,1040.3087600000001,1.3760342030534352,180.2604806,156.0,7.121809865384614,1111.0023389999997,0.7510722564102564,117.167272,171.0,6.638786559649122,1135.2325016999998,0.6195819970760233,105.9485215,25.0,2.82774316,70.693579,-2.523728344,-63.0932086
FI-Let,2023,EVI,year,139.38154670887195,172.0,268.5874311702554,259.35466147724867,250.12100712847385,268.5874311702554,259.35466147724867,250.12100712847385,60.64183,ENF,33.0,7.589939696969696,250.46801,2.9791781454545454,98.3128788,14.037090909090908,276.83099999999996,9.141242424242423,11.940000000000001,79.0,8.79073594936709,694.4681400000001,1.1694962506329114,92.3902038,97.0,8.031531443298968,779.05855,0.5584199051546392,54.1667308,15.985546391752576,162.60864948453604,4.223443298969072,260.674,111.0,8.434020990990991,936.17633,1.7018828162162163,188.9089926,120.0,8.216209166666667,985.9451,1.4485130716666665,173.82156859999998,129.0,7.912920465116279,1020.7667399999999,1.1681048031007752,150.68551960000002,9.0,5.529863333333333,49.768769999999996,-1.6763804444444446,-15.087424
FI-Let,2023,NIRv,year,140.06716106815642,172.0,268.33575344928647,260.0061875274492,251.6764638187916,268.33575344928647,260.0061875274492,251.6764638187916,60.64183,ENF,32.0,7.6269459374999995,244.06226999999998,3.0227359000000003,96.72754880000001,14.071499999999999,275.354125,9.133156249999999,11.940000000000001,80.0,8.757938375,700.63507,1.1386006725,91.0880538,97.0,8.031531443298968,779.05855,0.5584199051546392,54.1667308,15.985546391752576,162.60864948453604,4.223443298969072,260.674,111.0,8.43186954954955,935.9375200000001,1.6758694828828826,186.02151259999997,120.0,8.192616333333334,983.11396,1.4119096549999999,169.4291586,128.0,7.924695312500001,1014.3610000000001,1.16484523125,149.1001896,9.0,5.241826666666666,47.17644,-1.843594888888889,-16.592354
FI-Let,2024,NDVI,year,111.46554196520148,173.0,314.0,314.0,314.0,314.0,314.0,314.0,60.64183,ENF,62.0,4.6034935,285.41659699999997,0.8228671966666669,51.017766193333344,12.191806451612901,227.50750000000002,6.222354838709678,87.09900000000002,142.0,,,,,142.0,,,,,13.192394366197185,125.63437323943661,3.4470352112676057,369.272,203.0,,,,,203.0,,,,,203.0,,,,,,,,,
FI-Let,2024,EVI,year,134.62359634249134,173.0,283.2864021864117,253.10680423921195,221.85117296071837,283.2864021864117,253.10680423921195,221.85117296071837,60.64183,ENF,39.0,5.4278145945945955,211.6847691891892,0.8955112702702702,34.924939540540535,15.854641025641026,254.71328205128208,7.502230769230769,67.79400000000001,49.0,,,,,111.0,,,,,15.18409009009009,151.54637837837836,4.153729729729729,318.08200000000005,87.0,,,,,119.0,,,,,149.0,,,,,32.0,6.1180084374999995,195.77626999999998,-0.9708770500000001,-31.068065600000004
FI-Let,2024,NIRv,year,135.35826422699722,173.0,283.525865730439,251.7792050505006,218.792681888674,283.525865730439,251.7792050505006,218.792681888674,60.64183,ENF,38.0,5.4466680555555556,206.9733861111111,0.8991983333333332,34.16953666666666,15.866947368421052,254.72318421052637,7.486315789473685,67.79400000000001,46.0,,,,,111.0,,,,,15.18409009009009,151.54637837837836,4.153729729729729,318.08200000000005,83.0,,,,,116.0,,,,,148.0,,,,,33.0,6.243986363636363,206.05155,-0.7784032303030304,-25.687306600000003
FR-Bil,2022,NDVI,year,107.76703543934237,172.0,354.0,354.0,354.0,354.0,354.0,354.0,44.493652,ENF,65.0,8.01085076923077,520.7053,2.2608694138461534,146.95651189999998,18.01587692307692,244.87190769230767,7.2125076923076925,70.371,183.0,2.809095081967213,514.0644,-0.7408506965409836,-135.575677467,183.0,2.809095081967213,514.0644,-0.7408506965409836,-135.575677467,17.49703278688525,170.01849726775959,7.743092896174863,412.818,247.0,4.164332388663968,1028.5901,0.04197054426315796,10.366724433000016,247.0,4.164332388663968,1028.5901,0.04197054426315796,10.366724433000016,247.0,4.164332388663968,1028.5901,0.04197054426315796,10.366724433000016,,,,,
FR-Bil,2022,EVI,year,100.4158012574792,172.0,177.47955579291997,152.87017902838753,130.13569172276965,177.47955579291997,152.87017902838753,130.13569172276965,44.493652,ENF,72.0,7.967945972222221,573.69211,2.309038068055555,166.25074089999998,17.658097222222224,242.74554166666667,6.944444444444445,73.321,,,,,,6.0,5.9073400000000005,35.44404,0.7938350388333334,4.763010233,18.3475,210.89066666666668,4.816833333333333,23.909999999999997,30.0,8.920783333333333,267.6235,2.9839007,89.517021,52.0,8.781031538461539,456.61364000000003,3.0021124019230774,156.1098449,77.0,7.830604545454544,602.9565499999999,2.207787547181818,169.99964113299998,22.0,8.59046090909091,188.99014,3.0269465409090914,66.59282390000001
FR-Bil,2022,NIRv,year,31.460839757946733,172.0,187.25160447683632,160.43444738173,138.7324712747107,187.25160447683632,160.43444738173,138.7324712747107,44.493652,ENF,141.0,6.583813262411348,928.31767,2.1058085028368794,296.9189989,13.659801418439717,187.00963120567374,5.099460992907802,204.68200000000002,,,,,,16.0,6.2152674999999995,99.44427999999999,0.6977511395625,11.164018233,18.698,250.1295625,7.091687500000001,31.57,107.0,6.521443644859812,697.7944699999999,2.275085878504673,243.434189,129.0,6.674144263565892,860.96461,2.3220751077519384,299.5476889,156.0,6.548604807692309,1021.5823500000001,1.9683904303397435,307.068907133,22.0,7.416824545454545,163.17013999999998,2.550613631818182,56.11349990000001
FR-Bil,2023,NDVI,year,49.0,172.0,247.68438052618583,179.60066053656163,143.9584032682862,247.68438052618583,179.60066053656163,143.9584032682862,44.493652,ENF,124.0,5.944953467741935,737.17423,1.6865110217741937,209.1273667,14.335403225806449,194.04086290322581,5.154516129032259,389.34899999999993,,,,,,76.0,8.580098289473685,652.08747,2.0955291842105264,159.260218,21.152,243.40263157894734,8.029986842105263,171.24699999999999,95.0,5.177562947368421,491.86848,1.5671737810526314,148.88150919999998,131.0,6.224390305343511,815.39513,1.7701469977099233,231.88925669999995,199.0,6.946487035175879,1382.35092,1.850320284924623,368.21373669999997,36.0,8.986851388888887,323.5266499999999,2.305770763888889,83.0077475
FR-Bil,2023,EVI,year,126.91434869346892,172.0,284.60161246140177,254.393295920948,222.9414546868044,284.60161246140177,254.393295920948,222.9414546868044,44.493652,ENF,46.0,7.966486739130435,366.45839,2.194134793478261,100.9302005,18.478434782608694,240.40806521739128,6.179543478260869,190.752,51.0,9.067529607843136,462.44400999999993,2.5375718627450987,129.41616500000003,113.0,8.232141504424778,930.2319899999999,2.095793,236.824609,20.80117699115044,222.3896017699115,8.080141592920354,251.097,96.0,8.562412708333333,821.99162,2.3976303906250003,230.17251750000003,128.0,8.263775234375,1057.76323,2.0854689882812503,266.94003050000003,158.0,8.163162025316456,1289.7796,2.1365883639240506,337.5809615,32.0,7.3678628125,235.77161,1.14898478125,36.767513
FR-Bil,2023,NIRv,year,122.0411847135843,172.0,288.37101561070807,267.475391144525,233.0016663312729,288.37101561070807,267.475391144525,233.0016663312729,44.493652,ENF,50.0,7.9062446,395.31223,2.21283301,110.64165050000001,18.5017,242.93562000000003,6.4608799999999995,190.75199999999998,62.0,8.912585806451611,552.5803199999999,2.216458645161291,137.42043600000002,117.0,8.164465299145299,955.24244,2.0955467435897437,245.17896900000002,20.684666666666665,218.94739316239315,8.042205128205127,251.547,111.0,8.477313243243245,940.9817700000002,2.233227373873874,247.8882385,145.0,8.10115944827586,1174.6681199999996,2.0628939413793104,299.1196215,166.0,8.09424030120482,1343.6438900000003,2.1424504307228918,355.64677150000006,34.0,6.873127941176471,233.68635000000003,1.5068053823529415,51.23138300000001
FR-Bil,2025,EVI,year,94.9477577442926,172.0,193.44139470538985,180.10907668203953,168.15382685587176,193.44139470538985,180.10907668203953,168.15382685587176,44.493652,ENF,78.0,11.109603589743589,866.5490799999999,3.5001233628205126,273.0096223,16.24855128205128,234.06449999999998,5.434217948717949,183.262,,,,,,22.0,9.982961363636361,219.62514999999996,-0.15338527272727276,-3.3744760000000005,22.8375,291.5807272727273,10.383227272727272,10.510000000000002,74.0,10.954333513513513,810.62068,3.5572982472972967,263.24007029999996,86.0,11.213059302325581,964.3231,3.2998387476744186,283.7861323,99.0,10.818268989898991,1071.00863,2.6740669323232322,264.7326263,12.0,12.808535000000001,153.70242000000002,1.7121718333333333,20.546062
FR-Bil,2025,NIRv,year,69.96314096068416,172.0,245.0500432319358,201.83140843663543,174.24489763327475,245.0500432319358,201.83140843663543,174.24489763327475,44.493652,ENF,103.0,9.999751067961164,1029.97436,3.3317992165048547,343.1753193,14.784825242718444,215.10912621359222,4.926883495145631,229.01799999999997,,,,,,74.0,6.7866832432432425,502.21455999999995,-0.9622938378378378,-71.209744,21.707824324324324,246.3172702702702,9.184972972972972,92.069,105.0,10.031166285714285,1053.27246,3.3084751361904763,347.3898893,132.0,9.63497659090909,1271.81691,2.4624985704545455,325.0498113,176.0,8.619450681818181,1517.0233199999998,1.5174037232954547,267.06305530000003,27.0,8.094238888888889,218.54444999999998,-0.8274102962962964,-22.340078000000002
FR-FBn,2013,NDVI,year,257.6859698897554,172.0,373.8812577559166,373.2237670268873,371.4262236933587,373.8812577559166,373.2237670268873,371.4262236933587,43.24079,ENF,,,,,,,,,,200.0,4.006687082474227,801.3374164948453,1.1196496046391753,223.92992092783507,202.0,4.006687082474227,809.3507906597938,1.1196496046391753,226.1692201371134,16.528618556701034,215.0381082474227,7.880020618556702,422.34243298969074,114.0,3.579432537037037,408.0553092222222,0.4938930212962964,56.30380442777779,116.0,3.579432537037037,415.2141742962963,0.4938930212962964,57.29159047037039,116.0,3.579432537037037,415.2141742962963,0.4938930212962964,57.29159047037039,,,,,
FR-FBn,2014,EVI,year,158.09119808493185,172.0,305.0215017766893,270.8708011706769,227.51456590986564,305.0215017766893,270.8708011706769,227.51456590986564,43.24079,ENF,14.0,5.900822857142858,82.61152000000001,1.3339070714285715,18.674699,22.024571428571427,298.23857142857145,13.746357142857144,24.400000000000002,56.0,4.651005357142857,260.4563,2.0296143035714285,113.658401,134.0,4.625420618656717,619.8063629000001,1.201939804477612,161.0599338,19.576164179104474,234.8429925373134,8.551261194029852,258.4,69.0,4.848464492753623,334.54404999999997,1.8790330434782607,129.65328,112.0,4.778934107142858,535.24062,1.6164297776785717,181.04013510000001,147.0,4.720368114965987,693.8941129,1.2044545088435374,177.0548128,43.0,4.667362093023256,200.69657000000004,1.195043141860465,51.3868551
FR-FBn,2014,NIRv,year,157.87302568035028,172.0,302.8279403240934,268.99659337426647,228.2290295674449,302.8279403240934,268.99659337426647,228.2290295674449,43.24079,ENF,15.0,5.894528,88.41792000000001,1.3595599333333332,20.393399,22.051266666666667,300.8804,13.939733333333333,24.400000000000002,57.0,4.666206842105264,265.97379,2.031714228070175,115.80771099999998,131.0,4.609466510687023,603.8401129,1.2016063190839694,157.4104278,19.710145038167937,237.1350992366412,8.678251908396948,258.4,71.0,4.871379436619717,345.8679399999999,1.880581549295775,133.52129000000002,111.0,4.771014144144145,529.58257,1.6281928567567567,180.7294071,145.0,4.715408709655172,683.7342629,1.207751771034483,175.12400680000002,40.0,4.59286575,183.71463,1.1802029274999999,47.208117099999996
FR-FBn,2015,NDVI,year,-8.0,172.0,265.2667400507244,257.33266633316657,257.33266633316657,265.2667400507244,257.33266633316657,257.33266633316657,43.24079,ENF,181.0,5.692547377906977,1030.351075401163,1.9451034429651162,352.06372317668604,11.76643023255814,198.4445465116279,5.897290697674419,349.1616279069767,86.0,3.7495453139534876,322.46089699999993,1.0310690755813954,88.6719405,94.0,3.789448585106383,356.208167,0.9887262074468085,92.9402635,22.48007446808511,294.4437765957447,13.151234042553194,54.800000000000004,266.0,5.036336754863813,1339.665576793774,1.6401202050194552,436.2719745351751,266.0,5.036336754863813,1339.665576793774,1.6401202050194552,436.2719745351751,274.0,5.011644588679245,1373.1906172981132,1.6067140214716982,440.2396418832453,,,,,
FR-FBn,2015,EVI,year,104.51943751812304,172.0,317.90752131908994,272.25514785833,208.93587679939696,317.90752131908994,272.25514785833,208.93587679939696,43.24079,ENF,68.0,7.711548529411765,524.3853,2.5336602617647057,172.2888978,17.464044117647056,288.2014117647059,8.97,113.80000000000001,37.0,5.348707027027027,197.90216,1.8286218918918922,67.65901000000001,146.0,4.211003198630138,614.8064670000001,0.930098147260274,135.7943295,19.520280821917808,234.94201369863015,10.12358904109589,170.79999999999998,104.0,6.8754515384615384,715.04696,2.2906641134615384,238.2290678,168.0,5.422275696428572,910.942317,1.6379451029761907,275.1747773,213.0,5.3143251971830985,1131.951267,1.4383304568075117,306.3643873,64.0,3.060864953125,195.895357,0.5772767109375,36.9457095
FR-FBn,2015,NIRv,year,109.3004221760943,172.0,318.54111779375205,279.8284960670616,225.31303257224548,318.54111779375205,279.8284960670616,225.31303257224548,43.24079,ENF,63.0,7.821469047619049,492.75255000000004,2.516098219047619,158.5141878,17.741888888888887,296.12674603174605,9.191761904761906,105.4,54.0,4.58434537037037,247.55464999999998,1.6067240925925925,86.76310099999999,147.0,4.214481,619.528707,0.9316112891156464,136.94685950000002,19.475510204081637,234.18752380952375,10.091755102040816,170.79999999999998,116.0,6.31954051724138,733.0667000000001,2.0996418,243.5584488,170.0,5.3885421000000004,916.0521570000001,1.5772694488235295,268.1358063,209.0,5.287276349282297,1105.040757,1.4054651066985646,293.7422073,54.0,3.3886195740740743,182.98545700000003,0.45513624999999996,24.577357499999998
FR-FBn,2017,NDVI,year,218.3438381616685,172.0,352.70696355519806,351.6192659398582,350.52896660209484,352.70696355519806,351.6192659398582,350.52896660209484,43.24079,ENF,,,,,,,,,,179.0,2.790595440782123,499.5165839,0.6224026556983241,111.41007537000002,181.0,2.782607038121547,503.6518739,0.6185042506629835,111.94926937000002,16.785193370165747,199.2548453038674,9.43725414364641,125.619,132.0,2.1814414689393935,287.95027389999996,0.25101407174242424,33.13385747,133.0,2.1843085255639094,290.5130338999999,0.2546239208270677,33.864981470000004,134.0,2.1797430141791048,292.0855639,0.251291428880597,33.673051470000004,,,,,
FR-FBn,2017,EVI,year,92.85546370394266,172.0,324.4704732205976,251.59350816329524,201.2603895903694,324.4704732205976,251.59350816329524,201.2603895903694,43.24079,ENF,80.0,6.802620124999999,544.2096099999999,2.56282755,205.026204,16.651587499999998,294.0871375,9.082362499999999,59.278000000000006,30.0,5.374959999999999,161.24879999999996,2.0572336000000004,61.717008000000014,153.0,2.8070257908496727,429.47494599999993,0.7079275514379085,108.31291537,18.762915032679743,223.40758823529416,10.678797385620916,91.664,109.0,6.410424587155964,698.7362800000001,2.421764788990826,263.97236200000003,159.0,5.110189786163522,812.520176,1.8987107968553458,301.8950167,232.0,4.1679414913793105,966.962426,1.3386563334913795,310.56826937000005,50.0,2.27567792,113.78389600000001,0.7584530939999999,37.922654699999995
FR-FBn,2017,NIRv,year,4.0,172.0,323.99636474721365,250.50140173717247,200.74426202998535,323.99636474721365,250.50140173717247,200.74426202998535,43.24079,ENF,169.0,4.671473938666666,789.4790956346666,1.3930320446666664,235.42241554866663,12.3825325443787,201.01783431952666,6.173662721893491,229.478,29.0,5.449952413793103,158.04861999999997,2.0959335517241384,60.78207300000001,152.0,2.807159842105263,426.6882959999999,0.7084016208552633,107.67704637000001,18.826032894736844,224.14622368421055,10.716684210526317,91.664,197.0,4.786784161797752,942.9964798741571,1.4998091556179778,295.4624036567416,247.0,4.2393745473684215,1047.1255132000001,1.338795957894737,330.68260160000005,320.0,3.723213477740864,1191.4283128770765,1.042727584950166,333.6728271840531,50.0,2.29059632,114.52981600000001,0.7655889739999999,38.279448699999996
FR-FBn,2020,EVI,year,22.0,173.0,301.0695136710642,229.88094549337737,183.0919829587184,301.0695136710642,229.88094549337737,183.0919829587184,43.24079,ENF,152.0,7.283559078947368,1107.10098,3.144271684868421,477.9292961,12.772118421052632,209.8741907894737,5.635105263157894,234.2,11.0,8.233662727272728,90.57029000000001,3.0767818181818183,33.8446,129.0,4.274867937984496,551.457964,1.1826494233333333,152.56177561,20.18706976744186,247.98503875968993,11.173953488372094,93.404,162.0,7.3302529012345685,1187.50097,3.1320960253086416,507.3995560999999,208.0,6.7494450480769235,1403.8845700000002,2.8042089168750004,583.2754547100001,280.0,5.8871023000000005,1648.388644,2.2361311846785714,626.11673171,46.0,4.703991304347826,216.3836,1.6494760567391307,75.87589861000001
FR-FBn,2020,NIRv,year,125.61453936152122,173.0,312.05664209580914,240.24198792856728,166.01855076520573,312.05664209580914,240.24198792856728,166.01855076520573,43.24079,ENF,48.0,9.762166666666667,468.58400000000006,3.3742955854166667,161.9661881,17.209666666666667,283.87989583333336,7.5128958333333316,124.4,,,,,,140.0,4.3090924571428575,603.272944,1.2067438400714288,168.94413761000004,19.661864285714284,236.79679285714292,10.568542857142857,94.404,41.0,9.681470975609756,396.94030999999995,3.1667516609756103,129.83681810000002,115.0,6.869434695652174,789.98499,2.3641347279130436,271.87549371,187.0,5.677468684491978,1061.686644,1.746181741764706,326.53598571000003,74.0,5.311414594594595,393.04468,1.9194415622972971,142.03867560999998
FR-FBn,2023,NIRv,year,82.72171027196546,172.0,334.94493804686675,262.5771428047424,212.565744414622,334.94493804686675,262.5771428047424,212.565744414622,43.24079,ENF,90.0,7.063733766666668,635.7360390000001,3.3397742222222218,300.57967999999994,15.3858,258.03396666666674,6.746455555555556,124.39999999999998,41.0,4.7903,196.4023,0.7001778948780488,28.70729369,163.0,3.9514099110429446,644.0798155,0.3595004876687116,58.59857948999999,19.786453987730063,218.27361349693248,10.894963190184049,191.59999999999997,130.0,6.335804223076924,823.6545490000001,2.5221359514615385,327.87767369,180.0,5.2645271083333345,947.6148795000003,1.7212648460555553,309.82767228999995,252.0,5.0449685099206345,1271.3320645,1.4197180932142854,357.76895948999993,50.0,2.4792066100000003,123.96033050000001,-0.3610000280000001,-18.050001400000003
FR-Pue,2015,NDVI,year,181.3945318446707,172.0,,,,,,,43.7413,EBF,,,,,,,,,,,,,,,,,,,,,,,,,,,,,,,,,,,,,,,,,,,
FR-Pue,2015,EVI,year,87.91662537704447,172.0,326.3479738861776,272.13938854577805,214.63611032547817,326.3479738861776,272.13938854577805,214.63611032547817,43.7413,EBF,85.0,6.209759658823528,527.8295709999999,1.0530659647058822,89.510607,16.744741176470587,265.85336470588237,8.799141176470588,171.89999999999998,43.0,5.034302093023256,216.47499000000002,0.8151710000000001,35.052353000000004,155.0,5.420239058064516,840.137054,1.0821601529032259,167.73482370000002,18.901064516129033,216.37445161290324,9.753232258064518,344.80500000000006,127.0,5.780946937007873,734.1802609999999,0.9512118110236222,120.80390000000001,185.0,5.936142308108107,1098.186327,1.0837219805405407,200.48856640000002,239.0,5.681348640167363,1357.8423249999998,1.060612429707113,253.48637069999998,58.0,6.275966655172414,364.006066,1.3738735586206898,79.68466640000001
FR-Pue,2015,NIRv,year,95.80627388139597,172.0,325.96418243381834,271.5160994140902,212.4599493758311,325.96418243381834,271.5160994140902,212.4599493758311,43.7413,EBF,77.0,6.290078714285714,484.33606100000003,0.9041989220779221,69.623317,17.225194805194803,271.96136363636367,9.071376623376624,171.1,41.0,5.125734146341464,210.1551,0.8470953658536585,34.73091,154.0,5.44264164935065,838.166814,1.089409653896104,167.7690867,18.994233766233766,217.06840259740258,9.790227272727273,344.80500000000006,117.0,5.849289410256408,684.3668609999997,0.8597877521367521,100.59516699999999,176.0,5.966124755681818,1050.037957,1.0210988659090907,179.71340039999995,230.0,5.705993804347826,1312.378575,1.0157971465217392,233.63334370000004,59.0,6.197815186440678,365.67109600000003,1.3409870067796612,79.11823340000001
FR-Pue,2017,NDVI,year,-5.0,172.0,331.399442859557,305.44541860806305,295.5052301452246,331.399442859557,305.44541860806305,295.5052301452246,43.7413,EBF,178.0,4.983754593023256,887.1083175581394,1.3299791023255814,236.73628021395348,12.52536627906977,194.7703139534884,6.200587209302325,430.43504651162795,124.0,2.0522539112903226,254.479485,-0.45472395161290324,-56.38577,160.0,2.2802599875,364.841598,-0.461779348125,-73.8846957,18.43809375,207.68423749999997,9.78926875,159.615,301.0,3.7449470000000002,1127.229047,0.5785434088135594,174.14156605288136,311.0,3.736518049180328,1162.057113295082,0.5335321396721312,165.9284954380328,337.0,3.6710618670694863,1237.1478492024169,0.4627534135951661,155.94790038157097,10.0,3.4878639999999996,34.87864,-0.7943003,-7.943002999999999
FR-Pue,2017,NIRv,year,69.42765357617976,172.0,274.5410468179258,238.31453856155343,202.07228898623285,274.5410468179258,238.31453856155343,202.07228898623285,43.7413,EBF,103.0,6.4478198834951455,664.125448,1.8550215145631068,191.067216,16.03327184466019,260.3888446601942,8.22404854368932,195.60000000000002,31.0,5.075505483870967,157.34067,1.1098630677419354,34.4057551,103.0,2.3281031067961164,239.79461999999998,-0.16446535922330097,-16.939932,21.45793203883495,256.89024271844664,12.291718446601939,39.51500000000001,133.0,6.124362466165414,814.5402080000001,1.6825010609022555,223.7726411,169.0,5.18915698224852,876.9675299999999,1.1980977278106508,202.47851599999998,205.0,4.375581258536585,896.994158,0.8411070926829268,172.426954,36.0,1.7340922777777779,62.427322000000004,-0.5915034750000001,-21.294125100000002
FR-Pue,2018,EVI,year,133.15445656435577,172.0,307.4296905896212,267.10336048523914,226.4481750746413,307.4296905896212,267.10336048523914,226.4481750746413,43.7413,EBF,39.0,9.042904615384613,352.6732799999999,1.9506583487179487,76.0756756,18.43205128205128,255.9715384615385,6.273461538461539,138.83999999999997,55.0,5.800030909090908,319.0016999999999,1.3858979254545454,76.2243859,136.0,4.029925595588234,548.0698809999999,0.448526864632353,60.99965359,21.193250000000003,231.83505147058824,11.89720588235294,369.66700000000003,93.0,7.124308172043012,662.5606600000001,1.6021656075268815,149.0014015,134.0,5.878145492537315,787.6714960000002,1.2885943163432836,172.67163839,174.0,5.124303683908046,891.628841,0.7688314321264368,133.77666919,41.0,3.051483804878049,125.110836,0.5773228509756098,23.67023689
FR-Pue,2018,NIRv,year,133.37577196936488,172.0,306.187594958292,266.5425345043316,226.62073812568437,306.187594958292,266.5425345043316,226.62073812568437,43.7413,EBF,39.0,9.042904615384613,352.6732799999999,1.9506583487179487,76.0756756,18.43205128205128,255.9715384615385,6.273461538461539,138.83999999999997,55.0,5.800030909090908,319.0016999999999,1.3858979254545454,76.2243859,135.0,4.025983414814815,543.507761,0.4446830636296297,60.03221359000001,21.26097037037037,232.80182962962965,11.94834074074074,369.667,93.0,7.124308172043012,662.5606600000001,1.6021656075268815,149.0014015,133.0,5.913017037593986,786.431266,1.3001500104511279,172.91995139,173.0,5.127553300578035,887.066721,0.7676834057225433,132.80922919,40.0,3.0967651500000004,123.87060600000001,0.59796374725,23.91854989
FR-Pue,2019,EVI,year,1.0,172.0,260.4532478817801,161.9515037379177,97.62160655279727,260.4532478817801,161.9515037379177,97.62160655279727,43.7413,EBF,172.0,4.991139058139535,858.4759180000001,2.317936394767442,398.6850599,11.316930232558137,194.26675000000006,5.971686046511628,207.05500000000004,,,,,,89.0,2.745263662921348,244.32846599999996,-0.19611617977528092,-17.454340000000002,23.933966292134834,281.8449550561798,16.005528089887637,72.465,97.0,3.8994516288659797,378.24680800000004,2.269790669072165,220.16969490000002,161.0,4.935665453416149,794.642138,2.341523850310559,376.9853399,260.0,4.217009092307692,1096.422364,1.4565981919230768,378.7155299,64.0,6.50617703125,416.39533,2.4502444531250003,156.81564500000002
FR-Pue,2019,NIRv,year,1.0,172.0,263.1676102351286,165.15158269314253,99.03995157879164,263.1676102351286,165.15158269314253,99.03995157879164,43.7413,EBF,172.0,4.991139058139535,858.4759180000001,2.317936394767442,398.6850599,11.316930232558137,194.26675000000006,5.971686046511628,207.05500000000004,,,,,,92.0,2.7059653913043475,248.94881599999997,-0.21371895652173914,-19.662144,23.81945652173913,278.20815217391305,15.778499999999996,76.931,99.0,3.952204828282829,391.26827800000007,2.2997041909090914,227.67071490000004,165.0,4.949273927272728,816.6301980000001,2.3356784781818183,385.3869489,263.0,4.186474197718632,1101.0427140000002,1.431588311406844,376.50772589999997,66.0,6.444877575757576,425.36192,2.389639909090909,157.716234
FR-Pue,2021,NDVI,year,6.0,172.0,357.40060196605697,343.90144684664847,334.58098668928847,357.40060196605697,343.90144684664847,334.58098668928847,43.7413,EBF,167.0,4.885571407185629,815.890425,1.4721290658682635,245.84555400000002,11.778526946107787,178.5345149700599,5.781239520958083,364.381,163.0,4.201183944785276,684.792983,-0.16776430496932518,-27.345581710000005,186.0,3.904336145161291,726.2065230000001,-0.16853778231182795,-31.348027509999998,16.48405376344086,179.03766666666667,8.168833333333335,373.11999999999995,329.0,4.536142729483283,1492.390958,0.6629738762613981,218.11840529,338.0,4.477129846153846,1513.269888,0.6390637644674556,216.00355238999998,352.0,4.3573991420454545,1533.804498,0.6082839758238636,214.11595949,9.0,2.319881111111111,20.87893,-0.2349836555555556,-2.1148529000000003
FR-Pue,2021,NIRv,year,72.26314745971047,172.0,311.06833367514326,243.95000725238864,200.51996111133928,311.06833367514326,243.95000725238864,200.51996111133928,43.7413,EBF,100.0,6.032198629999999,603.2198629999999,1.989768766,198.9768766,14.375490000000003,236.18952000000004,7.63949,225.935,29.0,7.448881379310346,216.01756000000003,0.9959419758620689,28.882317299999997,140.0,4.527750335714287,633.8850470000001,-0.14831973792857145,-20.764763310000003,19.497935714285717,215.23910714285714,9.850814285714286,276.695,128.0,6.335507601562499,810.9449729999999,1.7771689601562501,227.47762690000002,171.0,5.839347093567251,998.5283529999999,1.3200316385380118,225.72541019000002,239.0,5.141474728033473,1228.81246,0.7440608631380753,177.83054629,43.0,4.362404186046511,187.58337999999998,-0.04074922581395351,-1.7522167100000008
FR-Pue,2022,EVI,year,75.18015386868528,172.0,312.38776276613174,259.1986251396684,213.62355384405183,312.38776276613174,259.1986251396684,213.62355384405183,43.7413,EBF,97.0,6.100254824742269,591.724718,1.2976695010309278,125.8739416,16.88818556701031,243.9011340206186,9.19238144329897,95.51099999999998,42.0,2.3580955952380953,99.040015,-0.697023038095238,-29.274967599999997,141.0,3.1665516737588653,446.483786,-1.05593954964539,-148.8874765,21.95731914893617,213.73168794326241,11.990617021276597,191.98999999999998,138.0,4.972945021739131,686.2664130000001,0.6974852246376813,96.25296100000001,184.0,4.600720418478261,846.532557,0.046655604891304416,8.584631300000012,237.0,4.361646345991561,1033.710184,-0.09856349324894526,-23.359547900000024,46.0,3.4840466086956527,160.26614400000003,-1.9058332543478258,-87.66832969999999
FR-Pue,2022,NIRv,year,99.09792165251991,172.0,307.25881693790484,256.550721425605,210.54992398774425,307.25881693790484,256.550721425605,210.54992398774425,43.7413,EBF,73.0,6.341719698630137,462.945538,1.0584063232876713,77.2636616,19.233150684931505,267.61531506849315,10.823479452054794,63.361000000000004,39.0,2.5089752820512823,97.850036,-0.5954722461538462,-23.2234176,136.0,3.1649786470588235,430.437096,-1.079159393382353,-146.76567749999998,22.330360294117646,218.18283823529413,12.264198529411765,183.80999999999997,111.0,5.011686972972972,556.2972539999998,0.4837318108108109,53.69423100000001,157.0,4.510561127388535,708.158097,-0.24495167388535022,-38.457412799999986,208.0,4.273482278846154,888.884314,-0.3358078312500001,-69.84802890000002,46.0,3.301322673913044,151.86084300000002,-2.0032966043478257,-92.15164379999999
FR-Pue,2023,EVI,year,80.8830037134114,172.0,331.67284524884,269.0339715384795,223.8900653212777,331.67284524884,269.0339715384795,223.8900653212777,43.7413,EBF,92.0,5.300686739130435,487.66318,1.1515323499999999,105.9409762,16.212717391304345,229.16480434782608,7.277326086956523,143.09699999999998,52.0,2.913606519230769,151.507539,-0.8339923888461538,-43.36760422,160.0,2.49367259375,398.987615,-1.5397716413749998,-246.36346261999995,20.13265,206.03115625,11.05303125,287.662,143.0,4.429298594405595,633.3896990000001,0.4508615523076923,64.47320198,189.0,3.5892532380952384,678.368862,-0.32838480433862444,-62.06472802000002,251.0,3.509441334661355,880.8697750000001,-0.5518830933067729,-138.52265642,46.0,0.9778078913043479,44.979163,-2.750824565217391,-126.53792999999997
FR-Pue,2023,NIRv,year,91.69796629844416,172.0,334.4926083800683,273.13085315257126,228.2008895542513,334.4926083800683,273.13085315257126,228.2008895542513,43.7413,EBF,81.0,5.3191037037037034,430.8474,1.1682654962962962,94.62950519999998,16.83839506172839,236.7155925925926,7.678753086419753,131.037,57.0,2.751467263157895,156.83363400000002,-0.9065356880701755,-51.67253422,163.0,2.485084754601227,405.068815,-1.510000100736196,-246.13001641999995,19.91812883435583,203.31396932515335,10.915552147239264,288.402,137.0,4.247445357664234,581.900014,0.3274219049635035,44.856800979999974,182.0,3.49936078021978,636.883662,-0.4598021374725275,-83.68398902000001,243.0,3.416194218106996,830.1351950000001,-0.6156406634567901,-149.60068122,45.0,1.2218588444444443,54.98364799999999,-2.8564619999999996,-128.54079
FR-Pue,2024,EVI,year,164.24693755414447,173.0,290.79715910226446,265.67787732273695,240.56050484212005,290.79715910226446,265.67787732273695,240.56050484212005,43.7413,EBF,9.0,7.832106666666667,70.48896,2.444391888888889,21.999527,19.220666666666666,225.9931111111111,7.088111111111111,13.629999999999999,68.0,4.6944486764705875,319.22250999999994,0.6269599220588236,42.6332747,118.0,4.487789283050847,529.5591354,0.13240146949152545,15.623373400000004,21.497322033898307,230.96078813559325,11.515720338983051,231.74099999999999,76.0,5.009562105263158,380.72672,0.8026302855263159,60.99990170000001,101.0,4.866353069306931,491.50166,0.47435849207920794,47.9102077,126.0,4.690978931746032,591.0633454,0.26976190793650795,33.9900004,25.0,4.4309976,110.77494000000002,-0.52358776,-13.089694
FR-Pue,2024,NIRv,year,112.62028038497075,173.0,292.41755051046044,268.10432552521445,243.77632766123733,292.41755051046044,268.10432552521445,243.77632766123733,43.7413,EBF,61.0,6.673499344262295,407.08346,1.827920580327869,111.50315540000001,16.427360655737704,234.0899180327869,6.764245901639343,332.2,71.0,4.668790563380281,331.48412999999994,0.5538527422535211,39.3235447,120.0,4.447705961666667,533.7247154,0.08023929499999997,9.628715399999997,21.40363333333333,228.24493333333334,11.3651,244.15099999999998,131.0,5.56933465648855,729.58284,1.1236167946564883,147.19380009999998,156.0,5.394115064102564,841.4819500000001,0.8779320583333333,136.9574011,180.0,5.1767968077777775,931.8234253999999,0.6527720600000001,117.49897080000002,25.0,4.4759644,111.89911,-0.40945595999999995,-10.236398999999999
FR-Pue,2025,EVI,year,64.55342106300697,172.0,337.08357470322085,290.4362588188312,242.9831057310526,337.08357470322085,290.4362588188312,242.9831057310526,43.7413,EBF,108.0,5.907774592592591,638.0396559999998,1.5078195092592594,162.84450700000002,15.548666666666668,219.45622222222227,7.630425925925926,317.706,71.0,4.662518295774648,331.038799,0.383934509859155,27.259350200000004,166.0,3.962525804819277,657.7792836,-0.007580189156626485,-1.2583113999999966,19.044746987951807,195.47370481927712,11.058933734939759,291.111,178.0,5.415196376404494,963.904955,1.06565244494382,189.68613519999997,226.0,5.285607499999999,1194.5472949999998,1.0237785402654866,231.37395009999997,273.0,4.727638972893773,1290.6454396000001,0.590360709157509,161.16847359999997,48.0,4.80504875,230.64234,0.8684961437500002,41.687814900000006
FR-Pue,2025,NIRv,year,83.47182135841491,172.0,335.48887961455125,289.36939540712683,242.29765646689447,335.48887961455125,289.36939540712683,242.29765646689447,43.7413,EBF,89.0,6.426252370786516,571.9364609999999,1.6697457078651683,148.60736799999998,17.001359550561798,246.5390224719101,8.781887640449439,184.99599999999998,71.0,4.662518295774648,331.038799,0.383934509859155,27.259350200000004,164.0,4.023762442682926,659.8970406,0.040829320731707336,6.696008600000003,19.187926829268292,197.34927439024392,11.165835365853658,274.89099999999996,159.0,5.646551949685535,897.8017600000001,1.1034528062893083,175.4489962,206.0,5.456555339805826,1124.0504,1.0496614033980582,216.2302491,252.0,4.867698419047619,1226.6600016,0.6146256134920636,154.8856546,47.0,4.81380085106383,226.24864,0.8676862319148936,40.7812529
IT-Cp2,2017,NDVI,year,273.65113874973434,172.0,,,,,,,41.704266,MF,,,,,,,,,,,,,,,,,,,,,,,,,,,,,,,,,,,,,,,,,,,
IT-Cp2,2017,EVI,year,1.0,172.0,196.1481490762823,149.13979498437757,130.77345244652366,196.1481490762823,149.13979498437757,130.77345244652366,41.704266,MF,172.0,6.2443551395348855,1074.0290840000002,3.634574030232558,625.1467332,13.762622093023257,188.44946511627904,4.953453488372093,108.64099999999999,,,,,,25.0,,,,,24.784799999999997,284.75856,9.021080000000001,4.6,130.0,5.569793261538462,724.073124,3.476300947692308,451.9191232,149.0,5.819049154362417,867.0383240000001,3.5115142496644296,523.2156232,196.0,6.5150730160427806,1276.954311144385,3.718554295187165,728.8366418566843,19.0,7.5244842105263166,142.9652,3.7524473684210533,71.29650000000001
IT-Cp2,2017,NIRv,year,1.0,172.0,199.30611417730157,150.20191927732307,130.91928379846487,199.30611417730157,150.20191927732307,130.91928379846487,41.704266,MF,172.0,6.2443551395348855,1074.0290840000002,3.634574030232558,625.1467332,13.762622093023257,188.44946511627904,4.953453488372093,108.64099999999999,,,,,,28.0,,,,,24.810499999999994,286.1564285714286,9.774428571428572,4.6,130.0,5.569793261538462,724.073124,3.476300947692308,451.9191232,150.0,5.838913226666667,875.836984,3.5189918880000004,527.8487832000001,199.0,6.5150730160427806,1296.4995301925132,3.718554295187165,739.9923047422459,20.0,7.588193000000001,151.76386000000002,3.7964830000000007,75.92966000000001
IT-Cp2,2020,NDVI,year,,173.0,142.31213377899255,92.46299301072894,44.65504989265273,142.31213377899255,92.46299301072894,44.65504989265273,41.704266,MF,,,,,,,,,,,,,,,,,,,,,,,,,,,,,,,,,,,,,,,48.0,9.217797291666665,442.45426999999995,5.040072166666666,241.92346399999997
IT-Cp2,2020,EVI,year,9.245195947447552,173.0,229.57826696470235,209.8588372599911,190.19050995566573,229.57826696470235,209.8588372599911,190.19050995566573,41.704266,MF,164.0,8.983013597560976,1473.21423,3.7631906585365855,617.163268,19.736823170731707,209.41357317073172,6.2055,112.8,18.0,10.40571111111111,187.3028,2.679075111111111,48.223352,57.0,7.7560289473684225,442.0936500000001,2.03344820877193,115.9065479,28.95078947368421,318.84052631578953,12.680105263157897,3.0,181.0,9.108106243093923,1648.56723,3.6528115469613254,661.1588899999999,200.0,8.9549618,1790.99236,3.541219635,708.243927,220.0,8.651627636363637,1903.3580800000002,3.3129185722727272,728.8420859,19.0,7.49605947368421,142.42513,2.4781598421052635,47.08503700000001
IT-Cp2,2020,NIRv,year,8.822961829855876,173.0,231.473431676814,210.12787029491108,188.81539187746907,231.473431676814,210.12787029491108,188.81539187746907,41.704266,MF,165.0,8.967401696969697,1479.62128,3.7571532000000003,619.930278,19.702406060606062,208.78253333333333,6.193975757575757,112.8,16.0,10.674618124999999,170.79388999999998,2.6142607499999997,41.828171999999995,59.0,7.690262881355934,453.7255100000001,1.9934651338983052,117.6144429,28.83979661016949,316.8083050847458,12.500525423728815,3.0,180.0,9.102585388888889,1638.46537,3.652948444444444,657.53072,202.0,8.927374554455445,1803.3296599999999,3.5266641930693066,712.3861669999999,223.0,8.61613,1921.39699,3.2884169995515697,733.3169909000001,22.0,7.493831363636361,164.86428999999995,2.4934294090909095,54.85544700000001
IT-Cp2,2022,NDVI,year,-7.858668657559995,172.0,118.92471255298685,80.59478837125944,47.20173113166201,118.92471255298685,80.59478837125944,47.20173113166201,41.704266,MF,180.0,6.777953895348838,1220.0317011627908,3.2051939348837206,576.9349082790698,13.699197674418606,180.04723837209303,5.095447674418605,170.19941860465116,,,,,,,,,,,,,,,55.0,5.062869574468086,278.45782659574473,2.6372912595744684,145.05101927659575,88.0,5.89300975,518.584858,3.5339272399999997,310.98559711999997,126.0,6.7989183050847455,856.663706440678,3.913043222033898,493.04344597627113,33.0,7.075330606060605,233.48591,4.810954242424243,158.76149
IT-Cp2,2022,EVI,year,7.00809631476094,172.0,271.8449115951083,179.632277479394,77.18229097209404,271.8449115951083,179.632277479394,77.18229097209404,41.704266,MF,165.0,6.8970839999999995,1138.01886,3.2918288866666665,543.1517663,13.828151515151514,185.3055393939394,5.200103030303029,162.445,,,,,,100.0,5.25023674,525.023674,-0.022687272700000004,-2.2687272700000003,25.228880000000004,240.65421000000003,8.196480000000001,118.92399999999998,70.0,6.026076285714285,421.8253399999999,3.716385981428571,260.1470187,172.0,6.819343662790698,1172.92711,3.2065924494186047,551.5339013,264.0,6.2761664545454545,1656.907944,2.040200185719697,538.61284903,102.0,7.3637428431372545,751.10177,2.856734143137255,291.3868826
IT-Cp2,2022,NIRv,year,8.038703674983894,172.0,169.65511008955028,168.26441358887615,166.87530785182,169.65511008955028,168.26441358887615,166.87530785182,41.704266,MF,164.0,6.917015060975609,1134.3904699999998,3.302532355487805,541.6153063,13.881646341463412,185.91836585365854,5.211835365853658,162.445,,,,,,,,,,,,,,,158.0,6.949017784810127,1097.94481,3.3493459575949363,529.1966613,160.0,6.953261562500001,1112.52185,3.3491821331250002,535.8691413,161.0,6.943470745341615,1117.89879,3.3356759086956522,537.0438213,,,,,
IT-Cp2,2023,EVI,year,84.22221332154639,172.0,313.38013939604446,238.6101733529525,191.9708752305106,313.38013939604446,238.6101733529525,191.9708752305106,41.704266,MF,88.0,8.457773295454546,744.28405,3.0466757159090903,268.10746299999994,17.078295454545454,227.9287840909091,3.618079545454545,329.682,20.0,11.841717499999998,236.83434999999997,4.47443,89.48859999999999,142.0,7.20379678943662,1022.9391441,1.11182625,157.8793275,23.468154929577466,206.5310633802817,6.272746478873239,206.929,107.0,9.05969906542056,969.3877999999999,3.30551114953271,353.689693,154.0,9.183004220779223,1414.1826500000004,2.5130397597402596,387.00812299999996,229.0,7.665906524454148,1755.4925941,1.8431459410480346,422.08042049999995,47.0,9.463720212765956,444.79484999999994,0.7089027659574466,33.31842999999999
IT-Cp2,2023,NIRv,year,92.24307238524356,172.0,304.1689805460798,231.5441612244809,188.41430790587927,304.1689805460798,231.5441612244809,188.41430790587927,41.704266,MF,80.0,8.527020875,682.16167,2.8892102875,231.136823,17.4381875,231.73035,3.6859750000000004,302.062,17.0,12.255309999999998,208.34026999999998,4.924407647058822,83.71492999999998,133.0,7.652276923308271,1017.7528308000001,1.2171317646616542,161.8785247,23.896947368421053,215.12063157894738,6.395398496240602,139.00000000000003,96.0,9.153868125,878.77134,3.23901440625,310.945383,139.0,9.41664928057554,1308.91425,2.6073458848920863,362.421078,212.0,7.9631316075471705,1688.1839008000002,1.8354197061320756,389.1089777,43.0,10.003323488372093,430.14291,1.1971091860465117,51.475695
IT-Cp2,2025,EVI,year,103.8652645003036,172.0,319.7753807323102,252.34139338297655,189.1517616650386,319.7753807323102,252.34139338297655,189.1517616650386,41.704266,MF,69.0,8.535415217391304,588.9436499999999,2.944829608695652,203.193243,19.056405797101448,254.89066666666676,5.614188405797103,71.859,18.0,6.675229444444445,120.15413000000001,1.851121388888889,33.320185,148.0,12.242676811594203,1811.9161681159421,0.571940865942029,84.64724815942029,22.348581081081083,198.0306756756757,7.672506756756756,306.438,86.0,8.174068372093025,702.9698800000001,2.731676255813954,234.92415800000003,149.0,10.587822080536913,1577.5854900000002,1.7793228389261744,265.119103,216.0,11.030607524271845,2382.611225242719,1.3618049150485436,294.14986165048543,63.0,13.88278746031746,874.61561,0.4792848412698412,30.194944999999997
IT-Cp2,2025,NIRv,year,105.9287910144112,172.0,317.164423231391,248.02406237369576,184.3824853227977,317.164423231391,248.02406237369576,184.3824853227977,41.704266,MF,67.0,8.655215671641793,579.8994500000001,3.0303412388059705,203.03286300000002,19.14937313432836,259.0964477611941,5.683223880597015,62.789,13.0,6.30786,82.00218,1.5390403846153844,20.007524999999998,146.0,12.259141176470587,1789.8346117647056,0.5754935367647059,84.02205636764707,22.4271095890411,199.482801369863,7.7172328767123295,301.988,79.0,8.300933291139241,655.7737300000001,2.8031787088607594,221.45111799999998,143.0,10.583156573426573,1513.39139,1.8579665797202798,265.6892209,212.0,11.094132425742574,2351.956074257426,1.384706504950495,293.5577790495049,64.0,13.4002759375,857.61766,0.6912203578125,44.2381029
IT-MBo,2022,NDVI,year,169.875040401078,172.0,314.96259123545286,290.5232760378139,245.7290151374184,314.96259123545286,290.5232760378139,245.7290151374184,46.01468,GRA,,,,,,,,,,74.0,,,,,143.0,,,,,11.437405594405595,186.65527272727272,3.0752447552447553,6422.115170370369,76.0,,,,,121.0,,,,,145.0,,,,,45.0,,,,
IT-MBo,2022,EVI,year,97.56469536835137,172.0,306.22187147889656,243.53864389129424,159.35356753705403,306.22187147889656,243.53864389129424,159.35356753705403,46.01468,GRA,75.0,,,,,9.24536,229.05408,2.738,3948.4062499999995,,,,,,135.0,,,,,11.87351851851852,192.38381481481483,3.1641407407407405,5988.2973046874995,62.0,,,,,146.0,,,,,209.0,,,,,84.0,,,,
IT-MBo,2022,NIRv,year,131.3837765533887,172.0,299.3135653392674,238.75091081418515,170.12657831647553,299.3135653392674,238.75091081418515,170.12657831647553,46.01468,GRA,41.0,,,,,12.189536585365852,247.9293658536585,3.1280243902439024,2369.438358974359,,,,,,128.0,,,,,12.05859375,196.78021875,3.1745546875000006,6000.441123966942,39.0,,,,,107.0,,,,,168.0,,,,,68.0,,,,
IT-MBo,2023,NDVI,year,,172.0,199.06736508122327,186.4062929873622,178.42133658337124,199.06736508122327,186.4062929873622,178.42133658337124,46.01468,GRA,,,,,,,,,,7.0,13.112014285714285,91.7841,3.95905,27.71335,28.0,11.37344,318.45632,2.163188417857143,60.569275700000006,15.421571428571427,332.0257857142857,2.8868928571428567,296.873,,,,,,,,,,,,,,,,8.0,11.14663375,89.17307,2.82395775,22.591662
IT-MBo,2023,EVI,year,,172.0,225.37458831924545,195.90348170716527,179.95669145903491,225.37458831924545,195.90348170716527,179.95669145903491,46.01468,GRA,,,,,,,,,,8.0,12.7932125,102.3457,3.8108000000000004,30.486400000000003,54.0,9.173788333333334,495.38457000000005,0.23543484629629638,12.713481700000004,14.568444444444445,313.33809259259266,2.5059814814814816,403.941,,,,,,,,,,,,,,,,16.0,10.762698125,172.20317,1.8029155625,28.846649
IT-MBo,2023,NIRv,year,,172.0,234.4075406153534,199.3456915818256,180.55828991241304,234.4075406153534,199.3456915818256,180.55828991241304,46.01468,GRA,,,,,,,,,,9.0,12.791388888888887,115.12249999999999,3.9135155555555556,35.22164,63.0,8.972769682539683,565.28449,0.004447519047619127,0.280193700000005,15.00711111111111,318.8295873015873,2.8147460317460316,448.67100000000005,,,,,,,,,,,,,,,,19.0,10.70178,203.33382,1.3340860894736841,25.347635699999998
IT-MBo,2024,NDVI,year,137.48702061692842,173.0,327.3290196027436,254.6656325322959,173.43123708744702,327.3290196027436,254.6656325322959,173.43123708744702,46.01468,GRA,36.0,10.536216666666668,379.3038,3.8025472777777773,136.89170199999998,10.180361111111113,213.83988888888885,1.3554166666666665,330.1,,,,,,155.0,6.576032425806452,1019.285026,-0.4117878238709677,-63.827112699999994,11.167870967741935,175.08570967741932,2.005625806451613,926.0620000000002,36.0,10.536216666666668,379.3038,3.8025472777777773,136.89170199999998,117.0,9.949385982905982,1164.0781599999998,0.8121766974358976,95.02467360000001,190.0,7.293218031578948,1385.711426,0.36750325947368423,69.8256193,81.0,9.688572345679013,784.7743600000001,-0.5168768938271604,-41.867028399999995
IT-MBo,2024,EVI,year,96.14821293154084,173.0,320.14576998303903,233.2911840566405,163.28377087744084,320.14576998303903,233.2911840566405,163.28377087744084,46.01468,GRA,77.0,6.257847409090908,481.8542504999999,1.4940968545454547,115.04545780000001,7.874909090909093,199.93028571428573,1.8852207792207794,560.05,,,,,,148.0,6.863760027027028,1015.8364840000002,-0.4014055385135135,-59.4080197,11.706540540540539,179.09252027027026,1.9656824324324325,918.6120000000001,67.0,5.308940902985074,355.69904049999997,1.0380368925373133,69.54847179999999,137.0,7.809363726277374,1069.8828305000002,0.5570036671532845,76.30950239999999,224.0,6.628630957589285,1484.8133344999999,0.23392173258928559,52.398468099999974,70.0,10.202625571428573,714.1837900000002,0.09658615142857142,6.7610306
IT-MBo,2024,NIRv,year,92.0,173.0,294.4708351715367,224.42650641553556,180.272829456059,294.4708351715367,224.42650641553556,180.272829456059,46.01468,GRA,82.0,5.891819897560976,483.1292316,1.3432942414634146,110.15012779999999,7.609731707317075,199.09139024390242,1.8148414634146346,639.67,8.0,11.612380000000002,92.89904000000001,3.3842655000000006,27.074124000000005,122.0,7.873033377049181,960.510072,-0.3291934762295082,-40.1616041,12.904221311475412,192.77817213114753,1.8568934426229506,886.35,89.0,6.327537883146067,563.1508716,1.505452604494382,133.9852818,133.0,7.468921139849624,993.3665116000001,0.6629940781954886,88.17821239999998,203.0,7.048088195073892,1430.7619036,0.3288155354679803,66.7495537,44.0,9.77762818181818,430.2156399999999,-1.0410697590909093,-45.80706940000001
IT-Ren,2017,NDVI,year,-8.0,172.0,296.56172235921343,257.975885068131,217.86387590874523,296.56172235921343,257.975885068131,217.86387590874523,46.58686,ENF,181.0,3.1889177957558137,577.1941210318023,1.3934835990697676,252.22053143162793,3.061261627906977,173.8807790697674,2.0739534883720934,311.0674418604651,46.0,9.296071956521741,427.6193100000001,4.23764195652174,194.93153000000004,125.0,7.49552064,936.94008,3.2302435279999995,403.78044099999994,11.023112,209.66785600000006,2.1812160000000005,572.4000000000001,226.0,4.460222584654378,1008.0103041318895,1.989349442580645,449.5929740232258,266.0,4.871360431400778,1295.781874752607,2.0398367316731516,542.5965706250583,305.0,4.9905036178040545,1522.1036034302367,2.1639788514864864,660.0135497033783,40.0,7.1017832499999995,284.07133,2.313730275,92.54921100000001
IT-Ren,2022,NDVI,year,108.26915434448864,172.0,315.592123944394,293.92804758270137,255.07048542844265,315.592123944394,293.92804758270137,255.07048542844265,46.58686,ENF,64.0,8.413098281249999,538.4382899999999,3.7675513171875,241.1232843,8.272375,242.41373437500002,3.79590625,174.60000000000002,84.0,8.611146547619049,723.33631,4.175217523809525,350.71827200000007,144.0,7.2144455625,1038.880161,3.161364334027778,455.23646410000003,10.59534027777778,200.95564583333334,4.814159722222222,413.0,147.0,8.516739115646258,1251.96065,4.018864668707483,590.7731063,185.0,7.993026124324324,1478.709833,3.673662942162162,679.6276442999999,207.0,7.572485512077294,1567.504501,3.358895161352657,695.2912984,38.0,5.967083763157895,226.74918300000002,2.338277315789474,88.854538
IT-Ren,2022,EVI,year,101.72552172235376,172.0,300.99108844721155,249.97664178958877,207.9891318592084,300.99108844721155,249.97664178958877,207.9891318592084,46.58686,ENF,71.0,8.126394647887325,576.9740200000001,3.8029387929577454,270.00865429999993,7.830112676056338,244.90367605633807,3.87612676056338,174.6,36.0,9.070588055555554,326.54116999999997,3.3994558611111114,122.38041100000001,129.0,7.569486984496124,976.463821,3.429231913953488,442.3709169,11.1844496124031,213.576984496124,4.885317829457365,381.2,106.0,8.431143773584907,893.7012400000001,3.6917039179245283,391.3206153,148.0,8.37670614864865,1239.75251,4.055178887162162,600.1664753,199.0,7.756903974874372,1543.623891,3.574427744723619,711.3111212000001,42.0,8.239315952380952,346.05127,4.972520476190476,208.84586
IT-Ren,2022,NIRv,year,104.6136196577057,172.0,300.27100681593123,248.6216460151363,207.11671923007876,300.27100681593123,248.6216460151363,207.11671923007876,46.58686,ENF,68.0,8.230566911764706,559.67855,3.7767860926470584,256.82145429999997,7.971058823529411,243.82858823529412,3.867779411764706,174.60000000000002,36.0,9.070588055555554,326.54116999999997,3.3994558611111114,122.38041100000001,129.0,7.569486984496124,976.463821,3.429231913953488,442.3709169,11.1844496124031,213.576984496124,4.885317829457365,381.2,103.0,8.508793883495146,876.4057700000001,3.671198206796117,378.1334153000001,144.0,8.416852361111111,1212.02674,4.050972120138889,583.3399853,196.0,7.787389903061224,1526.328421,3.5618567408163266,698.1239212,41.0,8.185877317073171,335.62097,5.005038292682927,205.20657
IT-Ren,2023,NDVI,year,170.18932027057866,172.0,251.77578154281795,251.34129781112716,250.90883562332297,251.77578154281795,251.34129781112716,250.90883562332297,46.58686,ENF,,,,,,,,,,79.0,6.664266455696202,526.47705,2.958873940506329,233.7510413,80.0,6.701728,536.13824,2.9639692662500003,237.11754130000003,13.304950000000002,245.5040625,4.945812500000001,150.8,80.0,6.684338875,534.74711,2.97808039125,238.24643129999998,81.0,6.721090123456791,544.4083,2.982875695061728,241.61293129999999,81.0,6.721090123456791,544.4083,2.982875695061728,241.61293129999999,,,,,
IT-Ren,2023,EVI,year,161.49127391029756,172.0,294.02452750134665,269.4638368860548,230.5575195273179,294.02452750134665,269.4638368860548,230.5575195273179,46.58686,ENF,11.0,10.2142,112.3562,6.4732281818181825,71.20551,11.733181818181817,284.11227272727274,4.887545454545454,4.800000000000001,59.0,6.105291016949152,360.21216999999996,2.835839813559322,167.314549,123.0,7.1106678130081304,874.6121410000001,2.7166344170731707,334.1460333,12.159073170731705,212.05178861788616,4.461869918699189,251.0,69.0,6.771161449275362,467.21013999999997,3.4361269420289857,237.092759,108.0,7.341180092592593,792.84745,3.157549734259259,341.01537129999997,133.0,7.380527150375941,981.6101110000002,3.0370243857142856,403.9242433,39.0,8.349674615384613,325.6373099999999,2.664682366666667,103.92261230000001
IT-Ren,2023,NIRv,year,161.55433280513367,172.0,294.6086799503741,272.6414314635411,236.29714636917117,294.6086799503741,272.6414314635411,236.29714636917117,46.58686,ENF,11.0,10.2142,112.3562,6.4732281818181825,71.20551,11.733181818181817,284.11227272727274,4.887545454545454,4.800000000000001,65.0,6.152452923076923,399.90943999999996,2.7332299846153845,177.65994899999998,123.0,7.1106678130081304,874.6121410000001,2.7166344170731707,334.1460333,12.159073170731705,212.05178861788616,4.461869918699189,251.0,75.0,6.7587654666666666,506.90740999999997,3.299175453333333,247.43815899999998,111.0,7.371207747747748,818.20406,3.1485373090090087,349.48764129999995,133.0,7.380527150375941,981.6101110000002,3.0370243857142856,403.9242433,36.0,8.647129166666666,311.29665,2.8347078416666665,102.0494823
IT-Ren,2024,NDVI,year,98.35735480093342,173.0,311.62639300972245,280.15005191228414,238.7715886781792,311.62639300972245,280.15005191228414,238.7715886781792,46.58686,ENF,75.0,7.110622960000001,533.296722,4.47008848,335.256636,7.395333333333333,191.7574666666667,2.6281333333333334,216.99999999999997,66.0,8.90441484848485,587.6913800000001,3.954189742424242,260.976523,139.0,7.717177625899282,1072.6876900000002,3.189046456834533,443.2774575000001,10.71784892086331,183.0918345323741,3.632323741007194,7.000000000000001,140.0,7.955754014285715,1113.805562,4.235437064285715,592.9611890000001,182.0,8.017101164835164,1459.112412,4.051115582417583,737.3030360000001,213.0,7.506112075117371,1598.801872,3.6397282793427226,775.2621234999999,42.0,8.221591666666667,345.30685,3.436710642857143,144.341847
IT-Ren,2024,EVI,year,98.15592294948486,173.0,311.8255231533312,280.7066773127161,233.39398773869675,311.8255231533312,280.7066773127161,233.39398773869675,46.58686,ENF,75.0,7.110622960000001,533.296722,4.47008848,335.256636,7.395333333333333,191.7574666666667,2.6281333333333334,216.99999999999997,61.0,8.860476885245902,540.48909,3.876286114754099,236.45345300000005,139.0,7.717177625899282,1072.6876900000002,3.189046456834533,443.2774575000001,10.71784892086331,183.0918345323741,3.632323741007194,7.000000000000001,135.0,7.900764977777778,1066.603272,4.210652733333332,568.4381189999999,182.0,8.017101164835164,1459.112412,4.051115582417583,737.3030360000001,213.0,7.506112075117371,1598.801872,3.6397282793427226,775.2621234999999,47.0,8.35125829787234,392.50913999999995,3.592870574468085,168.864917
IT-Ren,2024,NIRv,year,140.46811845398906,173.0,308.10520759570346,275.9100851812584,230.81283332126748,308.10520759570346,275.9100851812584,230.81283332126748,46.58686,ENF,33.0,7.7867515757575765,256.962802,4.572546606060607,150.89403800000002,9.013333333333335,204.48793939393943,2.75430303030303,101.4,58.0,8.829685862068965,512.12178,3.864378500000001,224.13395300000005,136.0,7.7917579411764715,1059.67908,3.224647334558824,438.55203750000004,10.798610294117646,184.6800882352941,3.565022058823529,7.000000000000001,90.0,8.465578244444444,761.9020419999999,4.130622455555555,371.7560209999999,135.0,8.59088305185185,1159.769212,4.018197222222223,542.456625,168.0,7.794400845238096,1309.459342,3.4891315803571428,586.1741055,45.0,8.841492666666666,397.86716999999993,3.7933467555555556,170.700604
IT-Ren,2025,NDVI,year,141.0,172.0,350.76532058744044,340.4123845892347,332.00821855789974,350.76532058744044,340.4123845892347,332.00821855789974,46.58686,ENF,32.0,8.5506178125,273.61977,4.494068625,143.810196,10.043531250000001,253.60174999999998,4.18984375,100.0,161.0,6.910155218633539,1112.5349901999998,2.910746148447205,468.6301299,179.0,6.394576151955307,1144.6291311999998,2.616253639273743,468.30940143000004,8.217547486033519,163.9413351955307,3.4808212290502794,499.79999999999995,192.0,7.156381042708333,1374.0251602,3.1620081036458334,607.1055559,200.0,6.9400000010000005,1388.0000002000002,3.0346630575,606.9326115,210.0,6.695806196190476,1406.1193011999999,2.8894515591904764,606.7848274300001,8.0,1.746855,13.97484,-0.021618050000000028,-0.17294440000000022
IT-Ren,2025,EVI,year,143.1866539681878,172.0,309.85178590388176,263.13541119609715,221.51657717151696,309.85178590388176,263.13541119609715,221.51657717151696,46.58686,ENF,29.0,8.726951724137932,253.0816,4.448680482758621,129.01173400000002,10.895655172413791,264.13793103448273,4.4530344827586195,61.60000000000001,50.0,9.416876400000001,470.84382000000005,5.15399202,257.699601,138.0,7.746510507246377,1069.01845,3.542287481884058,488.8356725,10.529978260869566,192.299615942029,3.8229782608695646,468.0,78.0,9.125587435897435,711.7958199999999,4.889443141025642,381.3765650000001,120.0,8.868819833333335,1064.2583800000002,4.3338540000000005,520.06248,166.0,7.891388253012047,1309.9704499999998,3.689835159638554,612.5126365,42.0,8.391965714285714,352.46256,3.3020455952380945,138.68591499999997
IT-Ren,2025,NIRv,year,144.02911214675535,172.0,308.37336702898966,257.3623723622247,217.7449558465319,308.37336702898966,257.3623723622247,217.7449558465319,46.58686,ENF,28.0,8.761026428571428,245.30874,4.386635857142857,122.825804,11.25667857142857,266.9611428571429,4.4977857142857145,61.2,46.0,9.335869999999998,429.45001999999994,5.053156760869565,232.445211,137.0,7.762077445255475,1063.40461,3.5634537992700728,488.19317049999995,10.546912408759125,192.8054890510949,3.785350364963503,452.8,73.0,9.07711178082192,662.6291600000001,4.793647191780822,349.93624500000004,113.0,8.76769831858407,990.74991,4.399904247787611,497.1891800000001,164.0,7.905998475609756,1296.58375,3.6931963689024396,605.6842045000001,40.0,8.203018750000002,328.12075000000004,3.6813233749999994,147.25293499999998
IT-SR2,2014,NDVI,year,195.23575914483777,172.0,,,,,,,43.73202,ENF,,,,,,,,,,,,,,,,,,,,,,,,,,,,,,,,,,,,,,,,,,,
IT-SR2,2014,EVI,year,115.3652871404987,172.0,307.05214257709844,305.73348589531616,304.4141368510722,307.05214257709844,305.73348589531616,304.4141368510722,43.73202,ENF,57.0,9.460862280701754,539.26915,1.7017155087719298,96.997784,18.095947368421054,271.8868947368421,5.146052631578947,28.078000000000003,133.0,10.03825218045113,1335.0875400000002,-0.4107311894736842,-54.6272482,136.0,9.947610000000001,1352.87496,-0.381687075,-51.9094422,20.581911764705886,213.16879411764705,4.965779411764706,447.628,189.0,9.85421,1862.44569,0.21639320529100534,40.898315800000006,190.0,9.833755315789473,1868.4135099999999,0.22164834631578953,42.11318580000001,192.0,9.79288078125,1880.2331100000001,0.2271673010416666,43.61612179999999,,,,,
IT-SR2,2014,NIRv,year,121.58250292277744,172.0,309.8244592950204,307.05763451222055,304.290680213523,309.8244592950204,307.05763451222055,304.290680213523,43.73202,ENF,51.0,9.563840784313726,487.75588000000005,1.6592979607843135,84.62419599999998,18.530176470588234,280.22976470588236,5.504941176470587,27.876000000000005,133.0,10.03825218045113,1335.0875400000002,-0.4107311894736842,-54.6272482,138.0,9.844510869565218,1358.5425,-0.41426832028985505,-57.1690282,20.542152173913042,210.85884782608693,4.94694927536232,463.182,183.0,9.895805573770492,1810.93242,0.1558728295081967,28.524727799999997,186.0,9.831827096774193,1828.7198399999997,0.16797061182795694,31.242533799999993,188.0,9.757379680851063,1834.38738,0.13820716914893605,25.982947799999977,,,,,
IT-SR2,2015,NIRv,year,5.703868855986161,172.0,,,,,,,43.73202,ENF,167.0,7.605296251497006,1270.084474,1.8516327754491018,309.2226735,13.184958083832335,180.68750299401202,3.6761017964071856,387.634,,,,,,,,,,,,,,,,,,,,,,,,,,,,,,,,,,
IT-SR2,2016,NDVI,year,6.0,173.0,,,,,,,43.73202,ENF,168.0,7.5452241678571434,1267.5976602,0.7021630922619048,117.9633995,13.369011904761903,180.97043452380953,3.4636071428571427,601.752,,,,,,,,,,,,,,,,,,,,,,,,,,,,,,,,,,
IT-SR2,2018,EVI,year,107.77762191060468,172.0,342.9792159208775,310.6397290633126,274.8155542713168,342.9792159208775,310.6397290633126,274.8155542713168,43.73202,ENF,65.0,10.163257692307694,660.61175,1.804304415384615,117.27978699999998,19.112676923076926,261.2511538461538,5.504600000000001,110.292,103.0,9.269184563106794,954.7260099999997,0.7234148900388351,74.51173367400001,171.0,7.329802292397661,1253.396192,0.1838650845438598,31.440929457000028,19.997461988304092,194.30530994152045,6.637538011695905,322.68899999999996,167.0,9.610842874251498,1605.0107600000001,1.1337993453532935,189.344490674,203.0,8.691617093596058,1764.3982699999997,0.8456075693300493,171.658336574,235.0,8.100769965957447,1903.680942,0.6224412189659574,146.273686457,36.0,4.427430833333333,159.38751,-0.49128205833333344,-17.686154100000003
IT-SR2,2018,NIRv,year,116.84655488402534,172.0,,,,,,,43.73202,ENF,56.0,9.947516785714287,557.0609400000001,1.618791339285714,90.65231499999999,19.275214285714288,257.1046964285714,5.22892857142857,110.09,,,,,,,,,,,,,,,,,,,,,,,,,,,,,,,,,,
IT-SR2,2020,NIRv,year,-8.0,173.0,293.20345781752184,188.27375194137792,130.95115063886223,293.20345781752184,188.27375194137792,130.95115063886223,43.73202,ENF,182.0,8.057717872254335,1466.5046527502889,2.5243715997109826,459.43563114739885,13.094075144508672,183.96689017341038,4.030202312138727,384.7753526011561,,,,,,121.0,9.262463966942148,1120.75814,0.6473652983471074,78.3312011,21.6643305785124,240.6695950413223,6.544132231404959,302.70500000000004,139.0,6.523235091538462,906.7296777238462,2.196525467307693,305.3170399557693,197.0,8.50409251010638,1675.306224490957,2.582304078457447,508.71390345611707,302.0,8.539070757337884,2578.799368716041,1.746954224744027,527.5801758726961,58.0,12.943945344827586,750.74883,3.446980275862069,199.924856
IT-SR2,2022,NDVI,year,-3.0,172.0,,,,,,,43.73202,ENF,176.0,8.020609913953487,1411.6273448558138,1.941275349476744,341.66446150790694,13.15476162790698,192.05372093023254,4.611686046511628,223.16902325581393,,,,,,,,,,,,,,,,,,,,,,,,,,,,,,,,,,
JP-Fhk,2022,NDVI,year,120.55072425416424,172.0,313.6581091992881,305.64099078638,297.62415043488005,313.6581091992881,305.64099078638,297.62415043488005,35.443554,DNF,52.0,10.504500384615385,546.23402,3.801518623076923,197.6789684,13.221173076923074,212.37173076923077,3.1255769230769226,317.76699999999994,126.0,9.231356587301587,1163.15093,1.0546368192063489,132.88423921999996,142.0,8.502909443661972,1207.413141,0.8014233254929578,113.80211222000001,17.20956338028169,171.0380281690141,2.574732394366197,838.746,177.0,9.584426836158192,1696.44355,1.8494508340112994,327.35279762,185.0,9.286343464864864,1717.9735409999998,1.7418678411891892,322.24555062,193.0,9.019200834196893,1740.7057610000002,1.5972573607253888,308.27067062000003,8.0,2.691248875,21.529991,-0.6384058749999999,-5.107246999999999
JP-Fhk,2022,EVI,year,120.59259807856992,172.0,258.8005216080561,257.41052490207124,256.0157663377008,258.8005216080561,257.41052490207124,256.0157663377008,35.443554,DNF,52.0,10.504500384615385,546.23402,3.801518623076923,197.6789684,13.221173076923074,212.37173076923077,3.1255769230769226,317.76699999999994,85.0,11.09237894117647,942.85221,1.4301630031764707,121.56385527,87.0,11.01032,957.89784,1.4262025318390805,124.07962027,20.704620689655172,194.93340229885055,3.0786551724137934,453.70000000000005,136.0,10.854006102941177,1476.1448300000002,2.3237677475735294,316.03241367,137.0,10.839287372262776,1484.9823700000004,2.3185584939416057,317.64251366999997,138.0,10.805727971014493,1491.19046,2.308320135289855,318.54817866999997,,,,,
JP-Fhk,2022,NIRv,year,121.39435699098478,172.0,316.841483771903,296.23452203830544,275.610692899972,316.841483771903,296.23452203830544,275.610692899972,35.443554,DNF,51.0,10.614573333333334,541.34324,3.8481134980392153,196.2537884,13.349862745098036,214.50186274509804,3.172705882352941,313.267,104.0,10.205717115384617,1061.3945800000001,1.2505156357692306,130.05362612,145.0,8.365103937931034,1212.940071,0.745820911862069,108.14403222,17.028131034482758,170.98262758620692,2.5905241379310344,838.7460000000001,154.0,10.323353376623377,1589.7964200000001,2.0980324968831168,323.09700452,175.0,9.660276571428572,1690.5484000000001,1.8733105006857145,327.82933762000005,195.0,8.929958517948718,1741.341911,1.5445508236923078,301.18741062000004,21.0,4.797713333333332,100.75197999999997,0.22534919523809524,4.7323331
JP-Fhk,2023,NDVI,year,100.2415224400077,172.0,345.98014343889275,310.6761487716882,270.6553538016025,345.98014343889275,310.6761487716882,270.6553538016025,35.443554,DNF,72.0,8.799621805555555,633.57277,3.1463843879166666,226.53967593,13.296208333333333,216.43283333333335,3.876847222222222,632.8000000000001,99.0,11.162449696969693,1105.0825199999997,2.0429522717171715,202.25227489999997,174.0,7.382192854597702,1284.5015567,0.9923445649425287,172.6679543,15.86044252873563,181.0363620689655,3.568643678160919,718.6049999999999,170.0,10.129459941176469,1722.0081899999998,2.4724253578235293,420.31231083,210.0,9.028230761904762,1895.92846,2.1324302106190474,447.81034422999994,245.0,7.760927455918366,1901.4272266999997,1.5948081233877551,390.72799023,40.0,4.348006750000001,173.92027000000002,0.6874508349999999,27.498033399999997
JP-Fhk,2023,EVI,year,87.62059197421839,172.0,329.18890010855523,284.4092221934844,238.9728667133536,329.18890010855523,284.4092221934844,238.9728667133536,35.443554,DNF,85.0,7.59288988235294,645.3956399999998,2.3597290815294114,200.57697192999996,12.445364705882355,216.7944823529412,3.8418470588235287,653.4,67.0,11.630927761194028,779.2721599999999,2.420759313432836,162.190874,158.0,8.131778294936709,1284.8209706,1.2563480018987343,198.5029843,16.954962025316455,186.1911582278481,3.569822784810126,717.505,151.0,9.324640397350993,1408.0207,2.346279509470199,354.28820593000006,197.0,9.220346294416244,1816.40822,2.083966166649746,410.54133483,242.0,7.907312027272728,1913.5695106000003,1.6140508935123972,390.6003162300001,46.0,8.877989565217392,408.38752000000005,1.2228941065217391,56.2531289
JP-Fhk,2023,NIRv,year,92.47523509992246,172.0,328.59690886732926,281.8029298354936,234.2465501122442,328.59690886732926,281.8029298354936,234.2465501122442,35.443554,DNF,80.0,8.033859575,642.708766,2.6463185241250002,211.70548193000002,12.794987500000001,219.09044999999998,3.8942124999999996,653.4000000000001,63.0,11.893626984126985,749.2985000000001,2.579655047619048,162.51826800000003,157.0,8.183630135350318,1284.82993125,1.2733829573248407,199.9211243,17.043210191082807,186.60458598726115,3.5739363057324836,717.5050000000001,142.0,9.685634971830986,1375.360166,2.5756627459859156,365.74410993000004,189.0,9.510872095238092,1797.5548259999994,2.205461327142857,416.83219082999994,236.0,8.096998293432202,1910.8915972499997,1.7082498569067799,403.14696623000003,47.0,8.98286510638298,422.19466,1.0869804446808509,51.088080899999994
JP-Fmt,2014,EVI,year,88.60397430028358,172.0,342.622205736282,286.5723002359659,218.63355483387824,342.622205736282,286.5723002359659,218.63355483387824,35.638744,MF,84.0,,,0.6459636107142857,54.260943299999994,16.69395238095238,222.35426190476196,7.9772619047619076,1375.136674698795,47.0,,,0.5778004021276597,27.156618900000005,171.0,,,-1.205673445614035,-206.17015919999997,19.273023391812863,157.86845029239765,7.494976608187135,2437.674405882353,130.0,,,0.5992247092307693,77.89921220000001,198.0,,,-0.2539051858585858,-50.27322679999999,254.0,,,-0.6119195507874016,-155.4275659,68.0,,,-1.8848888088235294,-128.172439
JP-Fmt,2014,NIRv,year,88.68683140030372,172.0,340.6455244107813,283.5710877928256,214.6612628258275,340.6455244107813,283.5710877928256,214.6612628258275,35.638744,MF,84.0,,,0.6459636107142857,54.260943299999994,16.69395238095238,222.35426190476196,7.9772619047619076,1375.136674698795,43.0,,,0.448122834883721,19.269281900000003,169.0,,,-1.1968169775147928,-202.26206919999998,19.443130177514792,158.32758579881659,7.528189349112427,2437.7213869047623,126.0,,,0.5556498031746032,70.0118752,195.0,,,-0.24971500923076909,-48.694426799999974,252.0,,,-0.6012677615079364,-151.51947589999997,69.0,,,-1.720381188405797,-118.70630199999998
JP-Fmt,2015,NDVI,year,159.76721329498858,172.0,340.83237990205873,304.7129953346396,266.0521032421648,340.83237990205873,304.7129953346396,266.0521032421648,35.638744,MF,13.0,,,1.5408752692307695,20.031378500000002,20.476615384615382,179.59415384615386,5.918692307692307,266.02500000000003,95.0,,,-0.023302705263157943,-2.2137570000000046,169.0,,,-1.1051622923076925,-186.77242740000003,19.874727810650885,156.3815325443787,6.810639053254438,3776.9419999999996,107.0,,,0.1723793130841121,18.444586499999996,145.0,,,-0.48180670482758636,-69.86197220000003,181.0,,,-0.9177573696132598,-166.11408390000003,38.0,,,-2.323856807894736,-88.30655869999997
JP-Fmt,2015,EVI,year,96.92833318063197,172.0,331.78763475823433,278.5411111521243,221.9813841700928,331.78763475823433,278.5411111521243,221.9813841700928,35.638744,MF,76.0,,,0.8087459223684211,61.464690100000006,17.708421052631582,213.29114473684209,7.76571052631579,1084.318,50.0,,,2.6503806799999996,132.51903399999998,160.0,,,-1.03747233375,-165.9955734,20.467025,159.43586875,6.8765375,3739.6529999999993,125.0,,,1.5568855128000003,194.61068910000003,182.0,,,0.17937195659340657,32.645696099999995,235.0,,,-0.4421443331914893,-103.90391829999999,57.0,,,-2.8414911052631577,-161.964993
JP-Fmt,2015,NIRv,year,185.6735107964657,172.0,321.9029144884904,274.6869716030128,229.74556102340176,321.9029144884904,274.6869716030128,229.74556102340176,35.638744,MF,,,,,,,,,,58.0,,,2.445745672413793,141.853249,150.0,,,-0.8634096093333331,-129.51144139999997,21.066426666666665,165.10152666666667,7.091913333333333,3540.6980000000003,44.0,,,2.16158775,95.109861,89.0,,,-0.8253281685393258,-73.454207,136.0,,,-1.2959913926470588,-176.2548294,45.0,,,-3.745868177777778,-168.56406800000002
JP-Fmt,2016,NDVI,year,87.21412260997664,173.0,354.66950771237344,329.49106641542824,302.1807860578283,354.66950771237344,329.49106641542824,302.1807860578283,35.638744,MF,86.0,,,,,17.1815,208.73486046511627,7.559372093023257,1095.057,130.0,,,-1.829476396153846,-237.8319315,182.0,,,-1.9226767510989007,-349.9271686999999,18.929554945054946,145.5994065934066,6.521972527472526,3391.4513480662986,215.0,,,-1.6051733071428569,-345.11226103571425,242.0,,,-1.5498522444976075,-375.064243168421,267.0,,,-1.727507602991453,-461.24452999871795,27.0,,,-1.176947303703704,-31.777577200000007
JP-Fmt,2016,EVI,year,75.25594615427423,173.0,347.41708081952385,289.2318227983309,223.41316419161308,347.41708081952385,289.2318227983309,223.41316419161308,35.638744,MF,98.0,,,,,16.21848979591837,204.23320408163264,7.356499999999999,1188.2040000000002,51.0,,,-0.40787423529411765,-20.801586,175.0,,,-1.8668978211428573,-326.7071187,19.410388571428573,147.35626285714284,6.564468571428571,3236.489224137931,148.0,,,,,214.0,,,-2.167172618232044,-463.77494030165747,272.0,,,-2.0122736364016736,-547.3384291012552,66.0,,,-3.291369356060606,-217.23037749999997
JP-Fmt,2017,EVI,year,98.6396711319142,172.0,335.9608797244231,281.28479780353774,215.2045416019363,335.9608797244231,281.28479780353774,215.2045416019363,35.638744,MF,74.0,,,,,17.53486486486487,227.72062162162163,8.947310810810812,991.753,44.0,,,1.8959107545454543,83.42007319999999,164.0,,,1.7707132459756096,290.39697234,19.86617682926829,158.76172560975613,6.999353658536584,3668.9144294478524,117.0,,,,,183.0,,,2.2495817175675676,411.6734543148649,237.0,,,1.8961593086138615,449.3897561414852,66.0,,,2.3771335303030305,156.890813
JP-Fmt,2017,NIRv,year,99.11856026362638,172.0,334.8570570784454,274.9489135694579,203.96687717931036,334.8570570784454,274.9489135694579,203.96687717931036,35.638744,MF,73.0,,,,,17.59778082191781,230.20497260273976,9.038534246575344,948.9319999999999,32.0,,,1.93244156875,61.8381302,163.0,,,1.794473327239264,292.49915234,19.946042944785276,159.54597546012272,7.034650306748466,3655.861598765432,104.0,,,,,175.0,,,2.2556358312056735,394.73627046099284,235.0,,,1.9160515439800996,450.2721128353234,71.0,,,2.303934,163.57931399999998
JP-Fmt,2018,NDVI,year,91.84044955471045,172.0,352.0941361298985,328.79432207007454,300.3133226240764,352.0941361298985,328.79432207007454,300.3133226240764,35.638744,MF,81.0,,,3.53190072962963,286.0839591,17.322543209876546,205.8291975308642,7.784962962962961,1514.0889999999997,129.0,,,2.2528571930232557,290.6185779,181.0,,,1.0968201571823202,198.52444844999997,19.58481215469613,168.70506077348068,7.8966132596685075,2978.304,209.0,,,2.755666933014354,575.934389,237.0,,,2.354434943248945,558.00108155,261.0,,,1.8537940978927203,483.84025955,28.0,,,-0.6404752660714285,-17.933307449999997
JP-Fmt,2018,NIRv,year,87.2025798846099,172.0,339.6047369757306,295.8343323525038,244.1017581836078,339.6047369757306,295.8343323525038,244.1017581836078,35.638744,MF,85.0,,,3.3945690482352937,288.53836909999995,17.138364705882356,207.66896470588233,7.831729411764706,1514.358,73.0,,,4.592058342465753,335.220259,168.0,,,1.4975661812499999,251.59111844999998,20.654267857142855,175.59556547619047,8.206386904761903,2857.557,157.0,,,3.968092229936305,622.9904800999999,208.0,,,2.803430424038461,583.1135281999999,252.0,,,2.1403227759920638,539.36133955,51.0,,,-0.7819010176470589,-39.8769519
JP-Fmt,2019,NDVI,year,207.6274850641049,172.0,342.8231507885648,329.2257534306665,315.12646281201006,342.8231507885648,329.2257534306665,315.12646281201006,35.638744,MF,,,,,,,,,,144.0,,,,,171.0,,,,,19.78184210526316,155.24516959064326,6.988380116959064,3341.738662721894,108.0,,,,,122.0,,,,,135.0,,,,,14.0,,,-0.1972580000000001,-2.7616120000000013
JP-Fmt,2019,EVI,year,208.01564571902327,172.0,338.06819089055875,292.52975343130805,243.9055985078252,338.06819089055875,292.52975343130805,243.9055985078252,35.638744,MF,,,,,,,,,,72.0,,,,,167.0,,,,,20.111431137724555,156.79997005988025,7.037994011976048,3340.0334,35.0,,,,,84.0,,,,,130.0,,,,,49.0,,,,
JP-Fmt,2019,NIRv,year,207.3105386825583,172.0,337.6470197279753,291.686930459928,243.01968330539543,337.6470197279753,291.686930459928,243.01968330539543,35.638744,MF,,,,,,,,,,72.0,,,,,166.0,,,,,20.180674698795183,156.93198192771084,7.04505421686747,3339.476658536586,36.0,,,,,84.0,,,,,130.0,,,,,48.0,,,,
JP-Fmt,2020,NDVI,year,94.09616052003216,173.0,350.1590914921832,318.6780440572752,282.65088496259415,350.1590914921832,318.6780440572752,282.65088496259415,35.638744,MF,79.0,,,3.985308874683544,314.8394011,16.496835443037973,217.06787341772153,6.8889999999999985,1505.8029999999999,110.0,,,1.602910539090909,176.3201593,178.0,,,0.7176147488764045,127.7354253,19.16755617977528,146.96404494382023,6.799730337078651,3217.3379999999997,188.0,,,2.5963713319148938,488.11781040000005,224.0,,,2.1029598901785715,471.06301540000004,256.0,,,1.7169260796875,439.5330764,36.0,,,-0.47374430555555563,-17.054795000000002
JP-Fmt,2020,EVI,year,86.38356164213528,173.0,333.52906972934335,273.09954500102606,211.95553155667932,333.52906972934335,273.09954500102606,211.95553155667932,35.638744,MF,87.0,,,3.523416334482759,306.5372211,15.860333333333333,208.95812643678164,6.671482758620688,1790.292,39.0,,,2.757605512820513,107.546615,161.0,,,0.9242099397515526,148.79780029999998,20.38092546583851,152.82091304347827,7.056298136645963,3161.8940000000002,125.0,,,3.2883366888,411.0420861,187.0,,,2.4465698026737965,457.5085531,247.0,,,1.8311468477732795,452.29327140000004,62.0,,,0.7494591451612902,46.466466999999994
JP-Fmt,2020,NIRv,year,88.74253554293486,173.0,331.2496174130068,268.9658653671879,207.65477010145423,331.2496174130068,268.9658653671879,207.65477010145423,35.638744,MF,85.0,,,3.6091464011764702,306.77744409999997,15.885341176470588,210.2323764705883,6.670082352941175,1733.7359999999999,35.0,,,3.041186628571429,106.44153200000001,159.0,,,0.9541795679245284,151.7145513,20.507327044025157,153.61319496855344,7.083251572327044,3159.627,119.0,,,3.4468674462184876,410.17722610000004,180.0,,,2.5431197450000003,457.76155410000007,243.0,,,1.8742808452674897,455.45024540000003,61.0,,,0.7800709508196723,47.584328000000006
JP-Fmt,2021,EVI,year,84.98508462144544,172.0,335.84269033144363,302.60759349394914,268.06495915573095,335.84269033144363,302.60759349394914,268.06495915573095,35.638744,MF,88.0,,,3.4685261829545455,305.2303041,17.021977272727273,210.45640909090906,7.712318181818182,1282.527,97.0,,,0.7385179684210524,71.63624293684208,164.0,,,,,20.351469512195123,163.98595121951217,7.352939024390245,3895.632,184.0,,,2.020934676373626,371.85198045274717,218.0,,,2.020934676373626,440.56375944945046,251.0,,,,,34.0,,,,
JP-Fmt,2021,NIRv,year,84.86999450191712,172.0,335.32135802371016,299.0196520063563,260.99330839801814,335.32135802371016,299.0196520063563,260.99330839801814,35.638744,MF,88.0,,,3.4685261829545455,305.2303041,17.021977272727273,210.45640909090906,7.712318181818182,1282.527,89.0,,,1.0962488426966293,97.566147,164.0,,,,,20.351469512195123,163.98595121951217,7.352939024390245,3895.632,176.0,,,2.2455514267045453,395.2170511,215.0,,,2.020934676373626,434.5009554203296,251.0,,,,,39.0,,,,
JP-Fmt,2022,NDVI,year,97.54052832700988,172.0,354.128514759934,323.67160671503626,283.56958429382854,354.128514759934,323.67160671503626,283.56958429382854,35.638744,MF,75.0,,,,,16.908813333333338,201.87419999999997,6.582453333333333,1262.083,112.0,,,0.6731844339285714,75.3966566,183.0,,,,,19.40643169398907,159.21331147540982,7.698732240437158,3308.691,186.0,,,1.7147410824242426,318.94184133090914,226.0,,,1.5007105882978722,339.1605929553191,257.0,,,,,40.0,,,,
JP-Fmt,2022,EVI,year,89.97333659316689,172.0,337.20769419625447,281.32517077494015,218.6748447039783,337.20769419625447,281.32517077494015,218.6748447039783,35.638744,MF,83.0,,,,,16.200518072289157,198.26146987951805,6.349204819277108,1549.3010000000002,47.0,,,0.08300873617021269,3.9014105999999966,166.0,,,0.5525775451851852,91.72787250074074,20.722500000000004,165.31407228915663,8.006144578313252,3179.558,129.0,,,,,192.0,,,1.7734242245398775,340.49745111165646,248.0,,,,,63.0,,,1.2322399365079366,77.631116
JP-Fmt,2022,NIRv,year,90.9395782758219,172.0,336.3427475422772,277.1055224750823,212.02316969890052,336.3427475422772,277.1055224750823,212.02316969890052,35.638744,MF,82.0,,,,,16.23239024390244,198.53773170731705,6.368634146341464,1515.7120000000002,41.0,,,0.7159575756097561,29.354260600000003,165.0,,,0.5525775451851852,91.17529495555556,20.802230303030306,165.83130303030305,8.027163636363635,3179.558,122.0,,,,,187.0,,,1.7819804314465408,333.23034068050316,246.0,,,,,65.0,,,0.714538553846154,46.44500600000001
JP-Fmt,2023,NDVI,year,83.64942706207898,172.0,352.93721613813926,324.56209197346305,291.6529491933661,352.93721613813926,324.56209197346305,291.6529491933661,35.638744,MF,89.0,,,,,17.00270786516854,200.47400000000002,7.510471910112361,1846.1239659090909,120.0,,,0.7488974933333332,89.86769919999999,181.0,,,0.2248030287845303,40.689348209999984,20.911149171270715,186.35398342541438,8.92443093922652,1686.157788888889,208.0,,,,,241.0,,,,,269.0,,,0.11610830232876714,31.23313332643836,33.0,,,-0.3158639693939394,-10.42351099
JP-Fmt,2023,EVI,year,75.4327173098548,172.0,343.6239385661888,293.5629229315169,235.8618923777549,343.6239385661888,293.5629229315169,235.8618923777549,35.638744,MF,97.0,,,,,16.61344329896907,195.97484536082473,7.271835051546392,2027.0898333333334,64.0,,,1.1046082468750003,70.69492780000002,172.0,,,0.32306400122093015,55.56700820999998,21.461668604651162,191.19478488372096,9.117703488372092,1566.5448187134502,160.0,,,,,218.0,,,,,268.0,,,,,58.0,,,0.4045931275862069,23.466401400000002
JP-Fmt,2023,NIRv,year,79.12703273763192,172.0,342.6881786892386,290.63191142539495,230.9448614166578,342.6881786892386,290.63191142539495,230.9448614166578,35.638744,MF,93.0,,,,,16.915268817204304,197.98995698924733,7.39415053763441,1915.293554347826,59.0,,,1.1609917084745762,68.49851079999999,171.0,,,0.33521431701754384,57.32164821,21.529929824561407,191.56769590643276,9.137210526315789,1566.598394117647,151.0,,,,,211.0,,,,,263.0,,,,,60.0,,,0.32279630666666664,19.3677784
NL-Loo,2022,NDVI,year,132.12486897191314,172.0,,,,,,,52.166447,ENF,40.0,8.029135,321.1654,2.60265883,104.1063532,15.429849999999998,234.033875,6.613849999999999,114.059,,,,,,,,,,,,,,,,,,,,,,,,,,,,,,,,,,
NL-Loo,2022,EVI,year,104.8423308112858,172.0,331.31611324008946,275.67468319284376,232.56606358617773,331.31611324008946,275.67468319284376,232.56606358617773,52.166447,ENF,68.0,6.9496383823529415,472.57541000000003,2.557857797058824,173.93433020000003,13.863661764705881,231.8343382352941,6.572058823529411,130.69899999999998,61.0,8.469161311475409,516.61884,2.8684122868852464,174.97314950000003,160.0,5.78085295,924.936472,1.521423125625,243.42770009999998,15.40440625,150.31024374999998,6.1940625,398.89200000000005,128.0,7.657813750000001,980.2001600000001,2.6955164039062502,345.02609970000003,171.0,7.089371146198831,1212.282466,2.3941493953216373,409.39954659999995,227.0,6.1168184669603525,1388.517792,1.8215006621145373,413.4806503,43.0,5.397262930232558,232.082306,1.4970569046511626,64.37344689999999
NL-Loo,2022,NIRv,year,109.71928535187236,172.0,331.5249640009781,275.24832535737033,231.81710040586296,331.5249640009781,275.24832535737033,231.81710040586296,52.166447,ENF,63.0,7.167243809523809,451.53635999999995,2.614199717460318,164.69458220000004,14.068936507936508,232.03296825396825,6.475126984126984,130.693,60.0,8.506121166666667,510.36726999999996,2.878102491666667,172.68614950000003,160.0,5.78085295,924.936472,1.521423125625,243.42770009999998,15.40440625,150.31024374999998,6.1940625,398.89200000000005,122.0,7.81073393442623,952.90954,2.7336012434426227,333.4993517,166.0,7.176165156626507,1191.243416,2.4106011963855423,400.15979860000004,222.0,6.159814153153152,1367.4787419999998,1.8209049653153153,404.2409023,44.0,5.416679,238.333876,1.5150101568181817,66.6604469
NL-Loo,2023,EVI,year,118.70890066971153,172.0,260.27013440252824,246.5180851149096,229.55095159025592,260.27013440252824,246.5180851149096,229.55095159025592,52.166447,ENF,54.0,7.4113224074074076,400.21141,1.7887816222222221,96.59420759999999,15.317148148148148,252.60274074074073,7.277777777777778,83.18299999999999,58.0,9.551854137931036,554.0075400000001,2.1431592172413794,124.3032346,89.0,9.115178651685392,811.2508999999999,1.7487794258426967,155.6413689,18.216044943820222,189.00462921348316,6.151022471910113,269.06,111.0,8.515494054054054,945.21984,1.9698158756756756,218.6495622,128.0,8.561632578125,1095.88897,1.929955071875,247.0342492,142.0,8.468050704225353,1202.4632000000001,1.7604767359154927,249.98769649999997,17.0,8.86289,150.66913,1.6696874705882352,28.384687
NL-Loo,2023,NIRv,year,28.0,172.0,259.6802103062722,242.35676830214103,220.97470370001088,259.6802103062722,242.35676830214103,220.97470370001088,52.166447,ENF,145.0,4.72403955862069,684.985736,1.1578820758620691,167.89290100000002,9.903896551724138,156.53413793103448,4.140862068965517,364.137,49.0,9.16074081632653,448.8763,2.1030869918367348,103.0512626,88.0,9.181958636363635,808.01236,1.7962529420454545,158.0702589,18.23003409090909,190.6077840909091,6.200295454545454,245.22,193.0,5.828305316062176,1124.862926,1.3922087233160623,268.6962836,215.0,6.249023748837209,1343.540106,1.473958291162791,316.90103260000006,232.0,6.396547353448275,1483.9989859999998,1.3953244823275863,323.71527990000004,22.0,9.939871818181818,218.67718,2.191124954545454,48.20474899999999
NL-Loo,2024,NDVI,year,166.295128972661,173.0,290.97551009574545,288.1383860876778,285.33624990907254,290.97551009574545,288.1383860876778,285.33624990907254,52.166447,ENF,7.0,8.099957142857143,56.6997,1.5120437142857142,10.584306,15.236142857142855,176.11457142857142,4.081,22.34,113.0,7.829018495575221,884.67909,1.6323551823008848,184.45613559999998,118.0,7.651566610169492,902.88486,1.5577842472881354,183.81854117999998,16.887415254237286,175.05344915254233,5.51621186440678,356.30999999999995,119.0,7.863326974789917,935.7359100000001,1.6471859294117648,196.0151256,122.0,7.754229836065575,946.0160400000001,1.6061873621311475,195.95485818,124.0,7.69307806451613,953.9416800000001,1.575625251451613,195.37753118,,,,,
NL-Loo,2024,EVI,year,74.88476062753975,173.0,296.08188039958503,283.71945737438404,259.6794819194381,296.08188039958503,283.71945737438404,259.6794819194381,52.166447,ENF,99.0,6.352373434343435,628.8849700000001,1.3694205323232325,135.5726327,12.423484848484849,160.4260808080808,3.9438585858585857,396.09499999999997,87.0,8.589747586206897,747.3080400000001,2.0339395448275868,176.95274040000004,124.0,7.4100081451612905,918.84101,1.3841539772580644,171.63509317999998,16.76007258064516,168.87431451612903,5.342822580645161,386.18999999999994,185.0,7.4083790810810815,1370.55013,1.6945949032432432,313.5000571,209.0,7.176084306220097,1499.8016200000002,1.534534944019139,320.7178033,222.0,6.946320270270269,1542.0830999999998,1.3882090535135134,308.18240987999997,24.0,5.38547875,129.25149,0.300739425,7.217746200000001
NL-Loo,2025,NDVI,year,0.1263033930986553,172.0,260.0,260.0,28.448745221888046,260.0,260.0,28.448745221888046,52.166447,ENF,172.0,4.040240546511628,694.921374,0.6291160412790698,108.20795910000001,8.970011627906976,145.96091860465114,4.115168604651163,213.54999999999998,,,,,,89.0,8.365430674157304,744.5233300000001,2.5333629629213483,225.4693037,18.086303370786514,194.3064494382022,6.464348314606743,234.44000000000003,28.0,0.929617,26.029276,-1.5907190000000002,-44.54013200000001,260.0,5.497485015384616,1429.3461040000002,1.2680392799999998,329.6902127999999,260.0,5.497485015384616,1429.3461040000002,1.2680392799999998,329.6902127999999,232.0,6.0487794310344825,1403.316828,1.6130618310344829,374.2303448
NL-Loo,2025,EVI,year,0.0,172.0,253.7939071664865,229.92215966695105,203.19111688827437,253.7939071664865,229.92215966695105,203.19111688827437,52.166447,ENF,173.0,4.040240546511628,698.9616145465116,0.6291160412790698,108.83707514127909,8.970011627906976,145.96091860465114,4.115168604651163,214.79156976744184,32.0,8.89172125,284.53508,3.012346959375,96.3951027,82.0,8.544041707317072,700.61142,2.6672962524390247,218.71829270000003,18.4190243902439,200.093,6.758121951219511,184.24,204.0,4.775161842364533,974.1330158423647,0.9882562157635468,201.60426801576355,230.0,5.279793991266376,1214.3526179912665,1.1517872305676857,264.91106303056773,254.0,5.476024482213439,1390.9102184822134,1.2764395328063243,324.21564133280634,26.0,9.219806538461539,239.71497,2.4285870769230766,63.143263999999995
NL-Loo,2025,NIRv,year,0.0,172.0,253.78032348032767,230.38379110255997,204.9904259537045,253.78032348032767,230.38379110255997,204.9904259537045,52.166447,ENF,173.0,4.040240546511628,698.9616145465116,0.6291160412790698,108.83707514127909,8.970011627906976,145.96091860465114,4.115168604651163,214.79156976744184,33.0,8.843208181818182,291.82587,2.9367125666666665,96.9115147,82.0,8.544041707317072,700.61142,2.6672962524390247,218.71829270000003,18.4190243902439,200.093,6.758121951219511,184.24,205.0,4.787493352941177,981.4361373529413,0.9859432539215686,202.11836705392156,231.0,5.291898713043478,1222.4286027130436,1.1577701556521738,267.44490595565213,254.0,5.476024482213439,1390.9102184822134,1.2764395328063243,324.21564133280634,26.0,9.24954076923077,240.48806000000002,2.5059504615384616,65.154712
NL-Vkp,2022,EVI,year,105.07879417096473,172.0,331.6267455315143,234.13842183274332,136.6541340651282,331.6267455315143,234.13842183274332,136.6541340651282,51.980934,GRA,67.0,6.4903653731343285,434.85448,0.7390400552238804,49.51568369999998,14.07220895522388,241.7207910447761,5.984388059701493,118.22,,,,,,160.0,5.264629187500001,842.34067,-0.386872170625,-61.8995473,15.24908125,155.35613125,5.4997625,324.404,31.0,6.010196451612903,186.31609,1.5711215387096775,48.704767700000005,129.0,6.892818449612403,889.17358,0.47260509922480615,60.966057799999994,226.0,5.622355353982302,1270.6523100000002,-0.05805833893805307,-13.121184599999992,98.0,7.172015204081633,702.8574900000001,0.1251152051020408,12.261290099999998
NL-Vkp,2022,NIRv,year,105.13160288748658,172.0,331.6303382816513,234.15811954317448,136.6927124167032,331.6303382816513,234.15811954317448,136.6927124167032,51.980934,GRA,67.0,6.4903653731343285,434.85448,0.7390400552238804,49.51568369999998,14.07220895522388,241.7207910447761,5.984388059701493,118.22,,,,,,160.0,5.264629187500001,842.34067,-0.386872170625,-61.8995473,15.24908125,155.35613125,5.4997625,324.404,31.0,6.010196451612903,186.31609,1.5711215387096775,48.704767700000005,129.0,6.892818449612403,889.17358,0.47260509922480615,60.966057799999994,226.0,5.622355353982302,1270.6523100000002,-0.05805833893805307,-13.121184599999992,98.0,7.172015204081633,702.8574900000001,0.1251152051020408,12.261290099999998
NL-Vkp,2023,EVI,year,58.89278350713671,172.0,254.376245336542,215.9307654514629,175.21403767412642,254.376245336542,215.9307654514629,175.21403767412642,51.980934,GRA,114.0,6.484566754385965,739.2406100000001,1.658596357017544,189.0799847,11.39038596491228,194.1788157894737,4.6643684210526315,238.51999999999998,,,,,,83.0,7.992040361445783,663.33935,-0.18951440240963857,-15.7296954,18.33659036144578,201.18919277108432,5.604481927710844,226.75000000000003,117.0,6.538453247863249,764.9990300000001,1.6139879205128207,188.83658670000003,157.0,7.367809299363057,1156.74606,1.3624709280254779,213.90793570000002,196.0,7.106662908163265,1392.90593,0.8839142770408164,173.2471983,40.0,9.79367575,391.74703,0.626783725,25.071349
NL-Vkp,2023,NIRv,year,66.2204301071068,172.0,262.9038548040036,258.56537373033615,250.64293899764385,262.9038548040036,258.56537373033615,250.64293899764385,51.980934,GRA,106.0,6.801562924528302,720.9656699999999,1.6948894028301889,179.65827670000002,12.012811320754716,200.87760377358492,4.881764150943396,230.4,79.0,8.14600151898734,643.5341199999999,-0.19295028860759497,-15.243072800000002,91.0,7.593983846153846,691.05253,-0.24430359780219785,-22.231627400000004,18.233956043956045,196.03810989010987,5.463824175824176,262.95,184.0,7.363183478260869,1354.82576,0.8930006135869566,164.31211290000002,192.0,7.22223640625,1386.66939,0.8446954130208334,162.18151930000002,196.0,7.154817193877552,1402.34417,0.8026712158163267,157.32355830000003,8.0,3.98045375,31.84363,-0.2663242,-2.1305936
RU-Fy2,2024,NDVI,year,135.77682545306536,173.0,261.74604142679664,234.5850109494319,204.08627828883985,261.74604142679664,234.5850109494319,204.08627828883985,56.4476,ENF,38.0,11.755319473684212,446.70214000000004,0.9815715078947368,37.2997173,17.77007894736842,243.1394473684211,7.5624210526315805,100.5,32.0,11.521389687500001,368.68447000000003,0.31699047499999994,10.143695199999998,89.0,9.232827752808989,821.72167,0.09692156179775274,8.626018999999994,19.272528089887643,218.98384269662927,6.997707865168539,216.29999999999998,69.0,11.627261014492753,802.2810099999999,0.6572397463768116,45.3495425,99.0,10.642065858585857,1053.56452,0.3766335343434343,37.286719899999994,126.0,9.962842936507935,1255.3182099999997,0.3478719547619048,43.8318663,30.0,8.376116999999999,251.28350999999998,-0.2687607533333333,-8.0628226
RU-Fy2,2024,EVI,year,137.87365305890236,173.0,260.293892341902,226.31096181543225,186.2590532248172,260.293892341902,226.31096181543225,186.2590532248172,56.4476,ENF,36.0,12.009083055555557,432.32699,1.086120813888889,39.100349300000005,17.951027777777778,245.00594444444445,7.544444444444445,99.70000000000002,14.0,12.74281357142857,178.39938999999998,0.9284733571428573,12.998627000000003,88.0,9.271206477272727,815.86617,0.10478827272727266,9.221367999999995,19.267954545454547,219.52921590909094,6.950727272727272,216.3,49.0,12.196342448979593,597.6207800000001,1.0205123734693877,50.0051063,89.0,10.897260786516854,969.85621,0.39529590898876416,35.18133590000001,123.0,10.041362276422763,1235.08756,0.3758361569105691,46.2278473,40.0,9.30588575,372.23543,-0.37059425999999995,-14.823770399999997
RU-Fy2,2024,NIRv,year,136.3238962549809,173.0,258.98156689564945,224.3538621282864,191.3606729327899,258.98156689564945,224.3538621282864,191.3606729327899,56.4476,ENF,37.0,11.883104324324325,439.67486,1.0270099810810813,37.99936930000001,17.88827027027027,244.21924324324323,7.559702702702705,100.5,19.0,12.071398947368422,229.35658,0.5410153684210526,10.279291999999998,86.0,9.362893372093025,805.2088300000001,0.1351383488372093,11.621898,19.260476744186047,220.6587441860465,6.825197674418606,216.3,55.0,11.925924363636366,655.9258400000001,0.839723478181818,46.18479129999999,88.0,10.965857840909091,964.99549,0.41592233977272725,36.6011659,122.0,10.096541721311475,1231.77809,0.3895688303278689,47.527397300000004,33.0,9.36574696969697,309.06964999999997,-0.2904128909090909,-9.583625399999999
US-Aud,2013,NDVI,year,187.9057406840781,172.0,314.9814346616729,283.35133800771735,252.7894624990816,314.9814346616729,283.35133800771735,252.7894624990816,31.5907,GRA,,,,,,,,,,81.0,2.212646898765432,179.22439880000002,-0.13209960543209878,-10.700068040000001,143.0,1.3919823016783217,199.05346914,-0.19471190013986014,-27.843801720000002,20.247790209790203,249.043979020979,13.469447552447553,254.9,65.0,3.093052366153846,201.0484038,0.30292244553846154,19.68995896,96.0,2.504464918125,240.42863214,0.27071495083333336,25.988635280000004,127.0,1.7391927097637794,220.87747413999998,0.020049017952755904,2.54622528,31.0,1.2703299464516127,39.380228339999995,0.20318310709677415,6.298676319999998
US-Aud,2013,EVI,year,187.2146310113412,172.0,307.17616276989736,270.90760658482026,237.96725602328,307.17616276989736,270.90760658482026,237.96725602328,31.5907,GRA,,,,,,,,,,66.0,1.917900284848485,126.58141880000001,-0.2613520460606061,-17.249235040000002,136.0,1.495173853970588,203.34364413999998,-0.1733983361764706,-23.58217372,20.658294117647056,251.63079411764707,13.696735294117648,254.9,50.0,2.968108476,148.4054238,0.26281583919999996,13.140791959999998,83.0,2.9385251542168676,243.8975878,0.43203564795180716,35.858958779999995,120.0,1.8763970761666668,225.16764914,0.05673211066666666,6.80785328,33.0,2.8937019393939396,95.492164,0.6884292975757574,22.718166819999997
US-Aud,2013,NIRv,year,188.4097547141673,172.0,305.15199333110314,268.32014333308234,236.18151822651384,305.15199333110314,268.32014333308234,236.18151822651384,31.5907,GRA,,,,,,,,,,65.0,1.9059229046153847,123.8849888,-0.2542160313846154,-16.52404204,134.0,1.529970515970149,205.01604913999998,-0.1636721471641791,-21.93206772,20.755947761194026,252.62170895522382,13.738716417910448,253.10000000000002,48.0,3.0553557458333334,146.6570758,0.3411215616666667,16.37383496,80.0,3.0475719475,243.8057558,0.48951874725,39.16149978,117.0,1.9469071464957268,227.78813614000003,0.09372486564102563,10.965809279999998,32.0,3.03589625,97.14868,0.712114525625,22.78766482
US-Aud,2014,NDVI,year,187.69561961010797,172.0,344.81887858519207,302.992040352719,256.86468146985067,344.81887858519207,302.992040352719,256.86468146985067,31.5907,GRA,,,,,,,,,,85.0,,,,,173.0,,,,,18.639381502890174,230.87687283236994,11.189248554913297,420.6999999999999,69.0,,,,,115.0,,,,,157.0,,,,,46.0,,,,
US-Aud,2014,EVI,year,188.022948204562,172.0,331.9818197323431,290.74837479994807,250.57272327283584,331.9818197323431,290.74837479994807,250.57272327283584,31.5907,GRA,,,,,,,,,,79.0,,,,,160.0,,,,,19.292324999999998,238.7011125,11.527674999999999,415.09999999999997,62.0,,,,,102.0,,,,,143.0,,,,,40.0,,,,
US-Aud,2014,NIRv,year,189.38351159316835,172.0,328.7316175452813,288.2629550231905,249.4014677093928,328.7316175452813,288.2629550231905,249.4014677093928,31.5907,GRA,,,,,,,,,,78.0,,,,,157.0,,,,,19.486547770700636,239.67579617834397,11.552496815286625,415.1,60.0,,,,,99.0,,,,,139.0,,,,,39.0,,,,
US-Aud,2015,NDVI,year,108.12848875384395,172.0,346.1191595478393,310.6692893525745,280.9348085027691,346.1191595478393,310.6692893525745,280.9348085027691,31.5907,GRA,64.0,-0.7420942531249999,-47.49403219999999,-1.1658454843750001,-74.61411100000001,19.069296875,336.5941875,17.450531249999997,9.799999999999999,109.0,0.3983023630275229,43.41495757,-1.183051855412844,-128.95265224,175.0,0.13861801754285716,24.258153070000002,-0.9993167499428571,-174.88043124,18.682788571428567,222.5184457142857,11.369737142857142,295.7,172.0,-0.016915608313953497,-2.9094846300000015,-1.1734500769767444,-201.83341324000003,202.0,-0.0006497159900989528,-0.13124262999998848,-1.1062470011881187,-223.46189423999996,238.0,-0.09271550054621845,-22.06628912999999,-1.0410134127731092,-247.76119223999999,30.0,0.09260806666666664,2.778241999999999,-0.7209493666666668,-21.628481000000004
US-Aud,2015,EVI,year,72.56412611359077,172.0,339.88224405484203,303.0538704725473,271.89752650836675,339.88224405484203,303.0538704725473,271.89752650836675,31.5907,GRA,100.0,-0.742908634,-74.29086339999999,-1.0587916119999998,-105.87916119999998,17.351789999999998,316.74012999999997,15.50513,10.999999999999998,100.0,0.362509606,36.2509606,-1.2544965639999999,-125.44965639999998,168.0,0.1692370004166667,28.431816070000007,-1.016598543095238,-170.78855524,19.04320238095238,225.6836488095238,11.447571428571429,295.7,199.0,-0.18527795376884418,-36.870312799999994,-1.1537460683417087,-229.59546760000003,231.0,-0.10880719406926406,-25.13446183,-1.0870456166233766,-251.10753744,267.0,-0.16737624468164788,-44.68945732999998,-1.0297167282397002,-274.93436643999996,32.0,0.36674534281250004,11.735850970000001,-0.6722521825000001,-21.512069840000002
US-Aud,2015,NIRv,year,75.30613740584782,172.0,338.73312425309655,302.4550704674893,271.944817741784,338.73312425309655,302.4550704674893,271.944817741784,31.5907,GRA,97.0,-0.7487108082474226,-72.6249484,-1.0743633319587629,-104.2132432,17.47601030927835,317.6588453608248,15.653618556701032,10.999999999999998,100.0,0.362509606,36.2509606,-1.2544965639999999,-125.44965639999998,167.0,0.17280674293413176,28.858726070000003,-1.020211217005988,-170.37527324,19.085712574850298,226.0073532934132,11.453461077844311,287.1,196.0,-0.1796142744897959,-35.204397799999995,-1.1629058653061224,-227.9295496,227.0,-0.10683338691629952,-24.251178829999994,-1.1006643279295154,-249.85080244,263.0,-0.16196438148288972,-42.59663233,-1.037472115741445,-272.85516644000006,31.0,0.35332964419354845,10.953218970000002,-0.7071371883870968,-21.92125284
US-Aud,2016,NDVI,year,169.57534817643258,173.0,323.8595749258482,284.6461362743318,257.0972286379383,323.8595749258482,284.6461362743318,257.0972286379383,31.5907,GRA,,,,,,,,,,85.0,3.4279853404705887,291.37875394,0.4782377458823529,40.6502084,151.0,2.6897371917218544,406.15031595,0.48159266960264907,72.72049311,20.40705960264901,243.3076953642384,13.274139072847682,328.1,88.0,3.2776341470454544,288.43180494,0.4146848681818182,36.4922684,115.0,3.250209347304348,373.77407494,0.5616813026086956,64.5933498,154.0,2.618203681493507,403.20336695000003,0.4452113838311688,68.56255311,27.0,3.160824814814814,85.34226999999998,1.0407807925925927,28.1010814
US-Aud,2016,EVI,year,151.84341698519194,173.0,322.35052354398147,283.7348726691852,256.5005435161331,322.35052354398147,283.7348726691852,256.5005435161331,31.5907,GRA,22.0,-0.9852276818181818,-21.675009,-1.4880191818181816,-32.736422,25.013363636363636,355.12309090909093,26.89172727272727,10.100000000000001,84.0,3.406280880238095,286.12759394,0.45736307619047617,38.4184984,150.0,2.708132111666666,406.2198167499999,0.48619443406666674,72.92916511000001,20.469993333333335,243.64544000000004,13.291080000000001,328.1,105.0,2.526017532761905,265.23184094000004,0.06640034666666664,6.972036399999997,132.0,2.679408870757576,353.68197094,0.2769496878787877,36.557358799999975,171.0,2.2533570979532165,385.32406375,0.24258890707602337,41.482703109999996,27.0,3.275930740740741,88.45013,1.0957526814814815,29.585322400000003
US-Aud,2016,NIRv,year,154.48857614218875,173.0,321.30174615194227,282.8448534538689,256.1645661281184,321.30174615194227,282.8448534538689,256.1645661281184,31.5907,GRA,19.0,-1.0488454736842105,-19.928064,-1.5975157368421051,-30.352798999999997,25.455736842105264,355.5876842105263,27.474526315789472,10.100000000000001,84.0,3.406280880238095,286.12759394,0.45736307619047617,38.4184984,149.0,2.724916689597315,406.01258674999997,0.4896368759060403,72.95589451000001,20.514590604026846,243.87111409395973,13.30585234899329,328.1,102.0,2.6174390778431373,266.97878594,0.09172215098039214,9.355659399999999,128.0,2.76326824953125,353.69833594,0.302355553125,38.7015108,167.0,2.316549573353293,386.86377874999994,0.26283266772455094,43.89305551,26.0,3.335367307692308,86.71955,1.1286865923076923,29.3458514
US-Aud,2017,NDVI,year,188.81117617358012,172.0,309.1644992757446,262.3948520028373,230.63595199559225,309.1644992757446,262.3948520028373,230.63595199559225,31.5907,GRA,,,,,,,,,,59.0,3.530901288983051,208.32317605,0.23550511694915255,13.894801900000001,138.0,2.176208616304348,300.31678905,0.13826421231884056,19.080461299999996,21.80688405797102,256.44294927536225,15.679369565217392,211.5,42.0,5.0798652380952385,213.35434,0.9499441166666668,39.897652900000004,74.0,4.208310391891891,311.414969,0.8818670310810811,65.2581603,121.0,2.5235368016528925,305.347953,0.37258935785123964,45.083312299999996,32.0,3.0643946562499997,98.06062899999999,0.79251585625,25.3605074
US-Aud,2017,EVI,year,188.3389101081024,172.0,302.17453736314377,257.747188110941,225.9415707759714,302.17453736314377,257.747188110941,225.9415707759714,31.5907,GRA,,,,,,,,,,54.0,3.158886963888889,170.57989605,-0.13312218703703702,-7.188598099999999,131.0,2.3027044599236643,301.65428425000005,0.16576216259541984,21.7148433,22.111557251908398,260.0510763358779,15.92597709923664,211.20000000000002,37.0,4.746244864864865,175.61106,0.5084933216216216,18.8142529,69.0,4.45878,307.65582,0.9691843231884057,66.8737183,114.0,2.690223229824561,306.6854482,0.4185762657894737,47.717694300000005,32.0,4.12639875,132.04476,1.50185829375,48.0594654
US-Aud,2017,NIRv,year,187.8157918933574,172.0,303.3629257858203,258.8834652427688,228.02651817252536,303.3629257858203,258.8834652427688,228.02651817252536,31.5907,GRA,,,,,,,,,,57.0,3.4070051938596495,194.19929605000002,0.10518196315789476,5.995371900000001,132.0,2.283339130681818,301.40076525,0.16142044166666666,21.3074983,22.07025757575758,259.34439393939397,15.901689393939392,211.5,41.0,4.857629756097562,199.16282000000004,0.7395298268292684,30.320722900000003,71.0,4.3485332394366205,308.74586000000005,0.9145852577464788,64.9355533,116.0,2.64107145862069,306.36428920000003,0.3933866318965518,45.63284930000001,30.0,3.652768,109.58304,1.1538276799999998,34.614830399999995
US-Aud,2018,NDVI,year,176.20887557787466,172.0,334.5732467686751,285.4664048371585,250.913353104623,334.5732467686751,285.4664048371585,250.913353104623,31.5907,GRA,,,,,,,,,,79.0,2.8333429164556962,223.8340904,0.2988786835443038,23.611416000000002,163.0,1.8962572841104293,309.08993731,0.11558245306748466,18.83993985,19.319245398773006,237.98765644171777,12.833711656441718,292.79999999999995,74.0,3.0106189743243243,222.7858041,0.3912581216216216,28.953101,109.0,2.672619621100918,291.31553870000005,0.3608733770642201,39.33519809999999,158.0,1.9496307025949369,308.04165101,0.15304825854430376,24.181624849999995,35.0,1.9579924171428575,68.52973460000001,0.2966313457142857,10.3820971
US-Aud,2018,EVI,year,157.60309836859432,172.0,311.66938963031794,271.70310233996986,246.87232655232543,311.66938963031794,271.70310233996986,246.87232655232543,31.5907,GRA,15.0,-0.19493879999999994,-2.924081999999999,-2.0645253333333335,-30.967880000000005,24.181799999999996,301.18753333333336,23.562133333333332,32.800000000000004,75.0,2.8317276053333336,212.3795704,0.2665989733333333,19.994923,140.0,2.1889021285714283,306.44629799999996,0.18597619892857142,26.03666785,20.9859,247.97786428571428,13.617864285714287,289.19999999999993,89.0,2.3519325325842697,209.3219954,-0.10738951685393257,-9.557666999999999,114.0,2.411979187719298,274.96562739999996,0.042973162280701756,4.8989405,154.0,1.970056642857143,303.388723,-0.022830663311688322,-3.5159221500000015,25.0,2.62574528,65.643632,0.5782643,14.456607499999999
US-Aud,2018,NIRv,year,155.53319747015527,172.0,306.7323822716846,270.32610553104104,247.32538313457675,306.7323822716846,270.32610553104104,247.32538313457675,31.5907,GRA,17.0,-0.3293271764705883,-5.598562000000001,-2.0149688235294114,-34.25447,24.393411764705885,306.1801764705882,23.835999999999995,32.8,76.0,2.8256847421052633,214.7520404,0.2685325394736842,20.408473,135.0,2.2488238666666667,303.591222,0.18998866814814813,25.6484702,21.22161481481482,249.36469629629627,13.688229629629632,289.19999999999993,92.0,2.2719563630434783,209.0199854,-0.1351163804347826,-12.430707,115.0,2.346406412173913,269.8367374,0.009398639130434776,1.0808434999999992,151.0,1.9725772649006619,297.85916699999996,-0.047620594701986735,-7.190709799999997,23.0,2.644206608695652,60.816752,0.5874587173913044,13.511550500000002
US-Aud,2019,NDVI,year,188.76545178302436,172.0,333.5150183963135,293.5697082413835,268.0503426806519,333.5150183963135,293.5697082413835,268.0503426806519,31.5907,GRA,,,,,,,,,,97.0,2.191768961134021,212.60158923000003,0.13965747422680416,13.546775000000004,162.0,1.947896403271605,315.55921733,0.24093253166666664,39.031070129999996,20.185604938271606,233.96817901234567,14.38061111111111,380.20000000000005,80.0,2.608644680375,208.69157443,0.27334585499999997,21.8676684,105.0,2.6374030898095238,276.92732443,0.45374030857142855,47.6427324,145.0,2.1493048450344827,311.64920252999997,0.3265652657241379,47.35196353,25.0,2.7294300000000002,68.23575000000001,1.0310025600000001,25.775064000000004
US-Aud,2019,EVI,year,102.39045120913453,172.0,349.6938046123872,309.2090307403502,275.8994539152186,349.6938046123872,309.2090307403502,275.8994539152186,31.5907,GRA,70.0,1.3366244571428574,93.56371200000001,0.47941989857142864,33.559392900000006,18.55024285714286,345.54641428571426,17.623214285714287,12.4,104.0,2.2309572041346155,232.01954923000002,0.1844195576923077,19.179634,178.0,1.7954195853370787,319.58468619,0.20704878443820232,36.85468363000001,19.214314606741574,226.26848314606738,13.593196629213482,388.69999999999993,173.0,1.8799042614450865,325.22343722999994,0.3066888606936416,53.0571729,207.0,1.8756426146376817,388.2580212300001,0.3698701903381642,76.5631294,247.0,1.6712088023886638,412.78857418999996,0.28636527340080964,70.73222252999999,34.0,1.8539583529411763,63.034583999999995,0.6913516617647059,23.5059565
US-Aud,2019,NIRv,year,101.59027937720988,172.0,350.3643128995862,310.1133471457558,276.7097613837409,350.3643128995862,310.1133471457558,276.7097613837409,31.5907,GRA,71.0,1.3292292253521132,94.37527500000003,0.47609091408450704,33.8024549,18.413140845070426,342.97767605633805,17.476507042253516,12.4,105.0,2.239081230761905,235.10352923,0.19034379047619046,19.986098,179.0,1.7861911351396649,319.72821319,0.20458054541899443,36.61991763,19.12278212290503,225.979469273743,13.538111731843577,388.7,175.0,1.8806798870285713,329.11898023,0.30918113657142854,54.1066989,209.0,1.863975536985646,389.57088723000004,0.367047671291866,76.7129633,249.0,1.6616211413253013,413.74366419,0.28409846799196786,70.74051853,34.0,1.7779972647058822,60.45190699999999,0.6648901294117647,22.6062644
US-Aud,2020,EVI,year,206.40086808714472,173.0,306.84525455748724,275.2787885682577,251.92708624499767,306.84525455748724,275.2787885682577,251.92708624499767,31.5907,GRA,,,,,,,,,,79.0,1.750389493670886,138.28077,-0.35076786075949373,-27.710661000000005,134.0,1.5704039359701492,210.43412741999998,-0.05143310970149255,-6.892036700000002,23.22723880597015,264.1588656716418,20.16557462686567,198.1,45.0,2.774162266666667,124.83730200000001,0.12227360000000001,5.502312000000001,69.0,2.7541627101449278,190.037227,0.4511641463768116,31.1303261,100.0,1.9699065941999996,196.99065941999996,0.263209363,26.320936299999996,24.0,2.7166635416666662,65.199925,1.0678339208333334,25.6280141
US-Aud,2020,NIRv,year,41.19299432870542,173.0,352.5079136732854,320.71953642501745,280.2345915027714,352.5079136732854,320.71953642501745,280.2345915027714,31.5907,GRA,132.0,0.9751566848484847,128.7206824,0.12055333424242425,15.91304012,16.297462121212117,297.4238106060606,15.245734848484847,75.80000000000001,108.0,1.9173955277777779,207.078717,-0.022055781481481462,-2.382024399999998,180.0,1.1748502506666667,211.47304512,-0.08123209016666666,-14.621776229999998,19.890194444444443,241.4019666666667,17.438727777777775,215.2,239.0,1.4042889263598326,335.6250534,0.058762023933054415,14.044123720000005,279.0,1.2137202921863801,338.62796152000004,0.015239004014336898,4.251682119999995,311.0,1.0933099084244373,340.01938152,0.005801838874598072,1.8043718900000003,40.0,0.07507270299999999,3.00290812,-0.24481104,-9.7924416
US-Aud,2021,NDVI,year,186.8789631534881,172.0,323.188967858383,276.9768384702002,248.98890103632945,323.188967858383,276.9768384702002,248.98890103632945,31.5907,GRA,,,,,,,,,,77.0,3.96585774,305.37104598,0.7049655844155844,54.28235,152.0,3.058325849868421,464.86552917999995,0.6623623236184211,100.67907319,20.13216447368421,244.719875,12.917914473684212,347.78299999999996,62.0,5.017611700967743,311.0919254600001,1.1761101129032256,72.918827,90.0,4.802230693999999,432.20076245999985,1.211910953777778,109.07198584000001,137.0,3.434937289489051,470.58640866,0.8709164247445256,119.31555019000001,28.0,4.325315607142857,121.108837,1.2911842442857142,36.153158839999996
US-Aud,2021,EVI,year,190.5368113721757,172.0,310.52279863904,270.5113986197031,246.87958827126343,310.52279863904,270.5113986197031,246.87958827126343,31.5907,GRA,,,,,,,,,,75.0,3.8815716797333333,291.11787598,0.6674721333333333,50.06041,139.0,3.313144201294964,460.52704398000003,0.7161416481294963,99.54368908999999,20.749143884892085,250.14745323741008,12.923352517985611,347.783,56.0,5.327715597500001,298.35207346000004,1.4220545892857144,79.635057,80.0,5.21912700575,417.53016046,1.421962398,113.75699184,120.0,3.8980103455,467.76124146,1.0759861340833334,129.11833609,24.0,4.965753625,119.17808699999999,1.4217472849999997,34.121934839999994
US-Aud,2021,NIRv,year,194.39887315104124,172.0,303.45516138086634,267.1667432610428,245.31833463205857,303.45516138086634,267.1667432610428,245.31833463205857,31.5907,GRA,,,,,,,,,,74.0,3.859722378108108,285.61945598,0.6619908108108108,48.98732,132.0,3.4630989771212124,457.12906498,0.7497268135606061,98.96393939000001,21.055068181818182,252.30676515151518,12.866772727272728,347.783,51.0,5.754635941176471,293.48643300000003,1.7885303333333333,91.215047,73.0,5.633726712328767,411.26205,1.7126228493150684,125.02146799999998,109.0,4.2660187339449545,464.99604200000005,1.2953363888990825,141.19166639,22.0,5.353437136363636,117.775617,1.5366555000000004,33.80642100000001
US-Aud,2022,NDVI,year,198.47151251713944,172.0,337.8840343641907,292.0247746281676,255.4858388458908,337.8840343641907,292.0247746281676,255.4858388458908,31.5907,GRA,,,,,,,,,,84.0,3.331143270238095,279.8160347,0.4764637642857144,40.02295620000001,166.0,2.4806710927710847,411.79140140000004,0.44028320186746994,73.08701151000001,18.268873493975903,223.13577710843376,10.467951807228918,388.95400000000006,57.0,4.863501684210526,277.21959599999997,1.4735979333333333,83.9950822,94.0,4.062380489361702,381.863766,1.2659087595744682,118.99542340000002,139.0,2.943848652517986,409.1949627,0.8421520684172662,117.05913751,37.0,2.8282208108108113,104.64417000000002,0.9459551675675676,35.0003412
US-Aud,2022,EVI,year,198.51281925428128,172.0,325.7086540381027,282.44729148709706,252.7530890874509,325.7086540381027,282.44729148709706,252.7530890874509,31.5907,GRA,,,,,,,,,,81.0,3.2542967246913586,263.5980347,0.39413217530864203,31.924706200000003,154.0,2.64411193961039,407.19323870000005,0.48198556045454544,74.22577631,19.006701298701298,227.3821168831169,10.696649350649352,383.754,54.0,4.833362888888889,261.001596,1.4054968925925924,75.89683219999999,84.0,4.296548761904763,360.91009600000007,1.400353347619048,117.62968120000002,127.0,3.185801574803149,404.5968,0.9306921441732283,118.19790231,30.0,3.3302833333333335,99.9085,1.3910949666666668,41.732849
US-Aud,2022,NIRv,year,200.53917746810936,172.0,317.6114266859844,277.7437912222329,252.17960390107268,317.6114266859844,277.7437912222329,252.17960390107268,31.5907,GRA,,,,,,,,,,81.0,3.2542967246913586,263.5980347,0.39413217530864203,31.924706200000003,146.0,2.7649914842465755,403.6887567,0.5060638534246575,73.8853226,19.67291780821918,229.56732191780824,10.936150684931508,383.754,52.0,4.999815557692307,259.990409,1.5062474076923076,78.32486519999999,77.0,4.544500116883117,349.926509,1.565859612987013,120.5711902,117.0,3.4194968461538457,400.08113099999997,1.0280810393162394,120.28548160000001,25.0,3.5974440000000003,89.93610000000001,1.689853,42.246325
US-Aud,2023,NDVI,year,39.16933814418042,172.0,359.9326040641274,325.9283259408095,282.04246018448225,359.9326040641274,325.9283259408095,282.04246018448225,31.5907,GRA,133.0,,,,,14.612796992481202,298.7603684210527,13.834842105263158,46.099999999999994,111.0,,,,,188.0,,,,,19.83134574468085,238.37094680851064,16.875787234042555,151.7,243.0,,,,,286.0,,,,,320.0,,,,,43.0,,,-0.27472230716279067,-11.813059207999999
US-Aud,2023,EVI,year,80.02847685522748,172.0,358.15147471709093,324.215591063738,272.78253193666933,358.15147471709093,324.215591063738,272.78253193666933,31.5907,GRA,92.0,,,,,17.323967391304347,335.04859782608696,16.89071739130435,4.3,101.0,,,,,187.0,,,,,19.91722459893048,238.71496256684495,16.945508021390374,151.7,192.0,,,,,244.0,,,,,278.0,,,,,52.0,,,-0.2928903116923077,-15.230296208000002
US-Aud,2023,NIRv,year,82.92332548840133,172.0,357.7099511684856,322.82944283171486,270.46737499773946,357.7099511684856,322.82944283171486,270.46737499773946,31.5907,GRA,90.0,,,,,17.48958888888889,337.3663,17.130011111111113,4.3,99.0,,,,,186.0,,,,,20.00029569892473,239.0875698924731,17.022548387096773,151.7,188.0,,,,,240.0,,,,,275.0,,,,,52.0,,,-0.30002165784615387,-15.601126208
US-Aud,2024,NDVI,year,174.43057630456673,173.0,307.4014775427636,259.88228902135586,226.97394066598,307.4014775427636,259.88228902135586,226.97394066598,31.5907,GRA,,,,,,,,,,54.0,2.162873672222222,116.7951783,-0.4110361814814816,-22.195953800000005,135.0,0.9564007504444444,129.11410131,-0.5387663607407407,-72.7334587,23.03522962962963,263.0812888888889,17.905111111111108,185.3,52.0,2.248595525,116.92696729999999,-0.36878661153846165,-19.176903800000005,85.0,1.5334005295294117,130.33904501,-0.5027542235294117,-42.73410899999999,133.0,0.9717736113533834,129.24589031,-0.5241684864661654,-69.7144087,33.0,0.4064265972727273,13.41207771,-0.7138547030303031,-23.557205200000002
US-Aud,2024,EVI,year,151.49614164233586,173.0,290.78905237774,252.4067113079134,229.4440547527588,290.78905237774,252.4067113079134,229.4440547527588,31.5907,GRA,22.0,-0.34307459090909087,-7.547640999999999,-0.8189709545454544,-18.017360999999998,25.847090909090912,344.4225909090909,29.565954545454545,0.20000000000000004,57.0,2.108540163157895,120.1867893,-0.41501541754385973,-23.655878800000004,118.0,1.1330647136440681,133.70163621000003,-0.5661787966101696,-66.809098,23.965983050847452,268.33277966101696,18.164610169491528,185.0,78.0,1.442389132051282,112.5063523,-0.5187599974358974,-40.463279799999995,101.0,1.2365322812871287,124.88976041,-0.545672118811881,-55.11288399999999,139.0,0.9066273324460431,126.02119920999999,-0.60155754676259,-83.616499,23.0,0.5384090482608695,12.38340811,-0.6369393130434782,-14.649604199999999
US-Aud,2024,NIRv,year,148.51747025381303,173.0,291.7687679391728,253.6314598339621,230.65243729462887,291.7687679391728,253.6314598339621,230.65243729462887,31.5907,GRA,25.0,-0.312891492,-7.8222873,-0.78083788,-19.520947,25.48184,348.61771999999996,29.23148,0.2,58.0,2.0885548500000004,121.13618130000002,-0.41886175517241386,-24.293981800000005,119.0,1.1200080017647063,133.28095221000004,-0.5658302016806723,-67.33379400000001,23.929016806722686,267.9834957983193,18.147789915966392,185.0,82.0,1.3802572926829269,113.181098,-0.5195727902439023,-42.604968799999995,105.0,1.1853717915238096,124.46403811,-0.5468016285714286,-57.414170999999996,143.0,0.8764046776923077,125.32586891,-0.5989145524475524,-85.644781,23.0,0.49056261347826086,11.28294011,-0.6438783565217391,-14.8092022
US-Bar,2015,NDVI,year,140.35724899617648,172.0,287.8974081682979,282.4778714482515,277.05864882117606,287.8974081682979,282.4778714482515,277.05864882117606,44.0646,DBF,32.0,7.292835312499999,233.37072999999998,1.7622162187500001,56.390919000000004,16.24909375,246.49224999999998,6.58853125,132.84199999999998,106.0,7.446752169811321,789.35573,2.5540552650943398,270.7298581,116.0,7.042426939655173,816.9215250000001,2.2736642853448275,263.7450571,17.65775,210.98164655172417,5.866655172413793,396.24,137.0,7.411963868613138,1015.43905,2.3750682270072994,325.3843471,142.0,7.251211443661973,1029.672025,2.278036902112676,323.4812401,147.0,7.095271054421768,1043.004845,2.1659833068027208,318.39954609999995,5.0,2.846595,14.232975000000001,-0.3806214,-1.9031069999999999
US-Bar,2015,EVI,year,127.21642214782165,172.0,295.39330297855054,281.85761405615926,268.3161322000424,295.39330297855054,281.85761405615926,268.3161322000424,44.0646,DBF,45.0,6.599761999999998,296.9892899999999,1.2169906755555553,54.764580399999986,15.689399999999997,240.91384444444444,6.524311111111111,149.09799999999998,97.0,7.761137422680411,752.8303299999999,2.7603108979381448,267.7501571,124.0,6.673194516129033,827.4761200000002,2.0140700572580643,249.74468709999996,16.94231451612903,205.20808870967738,5.705137096774195,399.288,141.0,7.393845460992907,1042.5322099999998,2.2750234574468085,320.7783075,154.0,7.096697857142857,1092.89147,2.1076826071428574,324.58312150000006,168.0,6.649869047619047,1117.1779999999999,1.802219270833333,302.7728375,13.0,3.8737892307692308,50.35926,0.29267799999999994,3.804813999999999
US-Bar,2015,NIRv,year,127.1764546463872,172.0,305.2959319800818,282.80338795355624,259.9069683322272,305.2959319800818,282.80338795355624,259.9069683322272,44.0646,DBF,45.0,6.599761999999998,296.9892899999999,1.2169906755555553,54.764580399999986,15.689399999999997,240.91384444444444,6.524311111111111,149.09799999999998,88.0,7.979604318181817,702.2051799999999,2.9758352965909087,261.8735061,134.0,6.239610753731343,836.107841,1.7255257992537314,231.2204571,16.101858208955225,198.04605223880594,5.515007462686567,467.61400000000003,132.0,7.514447424242424,991.90706,2.385618609848485,314.9016565,155.0,7.053487645161291,1093.2905850000002,2.0764832354838707,321.8549015,178.0,6.324773713483147,1125.809721,1.5969022893258427,284.2486075,23.0,4.407979347826086,101.38352499999998,0.3023150000000001,6.953245000000003
US-Bar,2016,NDVI,year,133.95790931906834,173.0,298.96146075485046,284.0209657612683,269.043648417146,298.96146075485046,284.0209657612683,269.043648417146,44.0646,DBF,40.0,9.20755525,368.30221,3.5482042500000004,141.92817000000002,16.189774999999997,261.661675,7.496475000000001,70.104,97.0,9.208901340206186,893.2634300000001,3.409906948453608,330.760974,126.0,7.696507143650793,969.7599000999999,2.4543983000000003,309.2541858,17.380714285714284,209.8070714285714,6.403547619047619,287.528,136.0,9.195662794117649,1250.6101400000002,3.4472844411764707,468.830684,151.0,8.659580370860926,1307.5966359999998,3.160221058278146,477.1933798,165.0,8.043070364242425,1327.1066101000001,2.711053913939394,447.3238958,15.0,3.7990997333333336,56.986496,0.5575130533333331,8.362695799999997
US-Bar,2016,EVI,year,133.82779029603913,173.0,296.16701249434146,274.41964074450914,252.47705994063756,296.16701249434146,274.41964074450914,252.47705994063756,44.0646,DBF,40.0,9.20755525,368.30221,3.5482042500000004,141.92817000000002,16.189774999999997,261.661675,7.496475000000001,70.104,80.0,9.747816499999999,779.8253199999999,3.7946009125000004,303.568073,124.0,7.805559307258063,967.8893540999999,2.5369360951612907,314.58007580000003,17.566459677419356,211.26263709677417,6.440830645161291,287.274,119.0,9.556067478991595,1137.17203,3.71124187394958,441.637783,141.0,9.050779858156028,1276.15996,3.3807083829787237,476.679882,163.0,8.130282601840491,1325.2360641,2.7769925509202453,452.64978579999996,22.0,6.317633181818181,138.98792999999998,1.5928226818181819,35.042099
US-Bar,2016,NIRv,year,134.52859895999384,173.0,298.25736285401547,274.49739771197187,250.37189440659364,298.25736285401547,274.49739771197187,250.37189440659364,44.0646,DBF,39.0,9.385279743589745,366.02591000000007,3.6888964102564104,143.86696,16.22328205128205,265.0062051282051,7.570948717948718,65.78599999999999,78.0,9.822908205128202,766.1868399999997,3.839414653846154,299.47434300000003,126.0,7.696507143650793,969.7599000999999,2.4543983000000003,309.2541858,17.380714285714284,209.8070714285714,6.403547619047619,287.528,116.0,9.66601077586207,1121.25725,3.788645198275862,439.482843,140.0,9.099169,1273.88366,3.4187048,478.618672,164.0,8.078233598170733,1324.8303101000004,2.739406620731707,449.2626858,24.0,6.35943375,152.62641,1.6306595416666667,39.135829
US-Bar,2017,NDVI,year,134.47725631367385,172.0,292.7248871110483,281.36812604570537,269.85445971360724,292.7248871110483,281.36812604570537,269.85445971360724,44.0646,DBF,38.0,9.040475278947369,343.5380606,1.8331398421052634,69.65931400000001,15.960210526315787,225.1432894736842,6.998868421052633,118.36399999999999,98.0,9.701244285714285,950.7219399999999,3.1478971744897954,308.49392309999996,121.0,8.547578867768596,1034.257043,2.3097654454545453,279.4816189,17.338462809917356,207.84030578512395,5.955388429752066,354.584,135.0,9.51028667111111,1283.8887006,2.7773740525925925,374.9454971,147.0,9.090186330612244,1336.2573906,2.5337478088435375,372.4609279,158.0,8.654581035443037,1367.4238036,2.1894505879746835,345.9331929,12.0,4.3640575,52.36869,-0.20704743333333334,-2.4845692
US-Bar,2017,EVI,year,38.25741487500432,172.0,304.067495244755,280.1131253932295,242.2176102533504,304.067495244755,280.1131253932295,242.2176102533504,44.0646,DBF,134.0,3.149455795074627,422.02707654000005,-0.1315055447761193,-17.621742999999988,6.060425373134327,168.7045074626866,4.0560820895522385,432.562,71.0,10.74536028169014,762.9205799999999,3.8213540563380284,271.316138,133.0,7.9073340902255635,1051.675434,1.7903248037593984,238.1131989,16.88772180451128,197.13612781954888,5.741699248120301,594.36,204.0,5.757727237941179,1174.5763565400005,1.2278757598039216,250.486655,242.0,5.837031845206612,1412.5617065400002,1.1931837227272728,288.7504609,266.0,5.501245152406014,1463.3312105399998,0.8168560748120299,217.28371589999995,38.0,6.262772368421053,237.98535,1.0069422605263156,38.263805899999994
US-Bar,2017,NIRv,year,41.73886496777766,172.0,303.3737851279726,276.3860488213222,236.891355932754,303.3737851279726,276.3860488213222,236.891355932754,44.0646,DBF,131.0,3.226563317099237,422.67979454000005,-0.10818254198473286,-14.171913000000004,6.385587786259542,171.0671145038168,4.122519083969466,419.1000000000001,65.0,10.830847538461539,704.00509,3.7847545846153845,246.00904799999998,132.0,7.951806924242424,1049.638514,1.8191991583333333,240.1342889,16.95673484848485,198.0731590909091,5.7479696969696965,594.36,195.0,5.724685048923077,1116.31358454,1.172458435897436,228.62939500000002,235.0,5.955035253361703,1399.4332845400002,1.256271105957447,295.2237099,262.0,5.579950414274808,1461.9470085399998,0.8502085339694656,222.75463589999998,40.0,7.077992499999999,283.11969999999997,1.6648578725,66.5943149
US-Bar,2022,NDVI,year,136.6374556069688,172.0,284.8542714712495,277.3916705110251,269.9286653753154,284.8542714712495,277.3916705110251,269.9286653753154,44.0646,DBF,36.0,8.824578055555556,317.68480999999997,3.306835111111111,119.046064,15.963361111111116,246.3680555555556,6.483416666666667,71.628,98.0,8.287414040816326,812.166576,2.160637310204082,211.74245640000004,113.0,7.78800828318584,880.0449359999999,1.9224830530973451,217.240585,17.70669911504425,215.67885840707967,6.2460707964601765,349.504,133.0,8.40693222556391,1118.121986,2.448024664661654,325.5872804,141.0,8.207498624113475,1157.257306,2.3489449148936172,331.201233,148.0,8.013515851351352,1186.000346,2.2370635743243246,331.085409,8.0,4.891914999999999,39.13531999999999,0.701744075,5.6139526
US-Bar,2022,EVI,year,128.54113926507256,172.0,302.47641036554813,273.9555001365362,245.30995303717395,302.47641036554813,273.9555001365362,245.30995303717395,44.0646,DBF,44.0,7.566630704545455,332.931751,2.413496818181818,106.19386,16.137590909090914,251.91227272727275,7.000795454545455,91.948,74.0,9.14999810810811,677.09986,2.6864637081081084,198.7983144,131.0,7.242533022900764,948.771826,1.5764900839694655,206.520201,16.672625954198473,200.99049618320612,5.778145038167939,500.888,117.0,8.53249752991453,998.3022109999999,2.5623156786324786,299.79093439999997,145.0,7.966256737931034,1155.107227,2.185173106206897,316.85010040000003,174.0,7.298702166666667,1269.974177,1.767315063218391,307.51282100000003,28.0,5.600179142857143,156.805016,0.6092559285714286,17.059166
US-Bar,2022,NIRv,year,128.8295514603298,172.0,307.5492055107665,274.35614140950935,240.77315636556747,307.5492055107665,274.35614140950935,240.77315636556747,44.0646,DBF,44.0,7.566630704545455,332.931751,2.413496818181818,106.19386,16.137590909090914,251.91227272727275,7.000795454545455,91.948,69.0,9.215508985507247,635.87012,2.747619353623188,189.58573539999998,136.0,7.134818500000001,970.335316,1.5120130580882352,205.6337759,16.44719117647059,197.93198529411765,5.795764705882353,500.888,112.0,8.545289919642856,957.072471,2.5944496017857146,290.5783554,146.0,7.948172856164383,1160.433237,2.1763157150684935,317.74209440000004,179.0,7.215294229050279,1291.537667,1.7129966251396647,306.6263959,34.0,5.981198999999999,203.36076599999998,0.7989335,27.163739
US-Bar,2023,NDVI,year,131.94607166178457,172.0,286.2109502504143,278.7347241230875,271.2585275351877,286.2109502504143,278.7347241230875,271.2585275351877,44.0646,DBF,41.0,7.83349787804878,321.173413,3.2030526341463417,131.32515800000002,14.455,238.14531707317076,6.569268292682926,150.368,100.0,8.744659270000001,874.4659270000002,2.0438671043,204.38671043,115.0,8.12293832173913,934.137907,1.691317565478261,194.50152003000002,18.066886956521735,191.77363478260867,4.92771304347826,592.397,140.0,8.464836,1185.07704,2.3509785602142856,329.13699843,147.0,8.317977891156463,1222.7427500000001,2.2235075988435375,326.85561703,155.0,8.03063883870968,1244.7490200000002,2.0596890840645163,319.25180803,7.0,5.380815714285715,37.665710000000004,-0.32591162857142847,-2.2813813999999994
US-Bar,2023,EVI,year,119.87433019403616,172.0,303.6111318752988,275.1402525087016,246.59972359628355,303.6111318752988,275.1402525087016,246.59972359628355,44.0646,DBF,53.0,6.462101758490566,342.4913932,2.253116018867925,119.41514900000001,13.566962264150945,233.37103773584903,6.498358490566039,291.338,75.0,8.908521826666666,668.139137,2.454188266666667,184.06412,132.0,7.251225037878788,957.161705,1.1775920987121211,155.44215702999998,17.049795454545457,176.40864393939393,4.675068181818181,641.6569999999999,127.0,7.874552993700787,1000.0682301999999,2.3378299133858267,296.904399,156.0,7.875305642307692,1228.5476802,2.013347711730769,314.08224303,184.0,7.005928251086956,1289.0907981999999,1.4580567175543477,268.28243603,29.0,7.8786017241379325,228.47945000000004,0.5923394493103445,17.177844029999992
US-Bar,2023,NIRv,year,120.33140680898768,172.0,307.321587226933,275.5371409323118,243.55429848276432,307.321587226933,275.5371409323118,243.55429848276432,44.0646,DBF,52.0,6.587971769230768,342.574532,2.3301353653846153,121.16703899999999,13.719750000000001,236.95615384615382,6.622769230769231,251.46000000000004,72.0,8.905911486111112,641.225627,2.423177777777778,174.46880000000002,136.0,7.059795044117647,960.132126,1.0998881399264706,149.58478703,16.596808823529415,175.13727205882356,4.632345588235294,641.6569999999999,123.0,7.912502918699187,973.237859,2.3500891788617886,289.060969,155.0,7.9266504451612905,1228.630819,2.0376395679354835,315.8341330299999,187.0,6.909862877005348,1292.144358,1.4127109948128342,264.17695603,32.0,7.9810300000000005,255.39296000000002,0.8366613759374999,26.773164029999997
US-CMW,2013,NDVI,year,119.15545047954846,172.0,357.1732074248834,317.33270277268934,270.5369229062968,357.1732074248834,317.33270277268934,270.5369229062968,31.6637,DBF,53.0,2.5893882094339626,137.23757510000002,0.6080679245283019,32.2276,23.697301886792456,349.8594339622641,25.79671698113207,5.5,99.0,6.220934747474747,615.87254,2.305959013131313,228.28994229999998,186.0,4.260845223655915,792.5172116000002,1.7780153290322582,330.71085120000004,19.009123655913978,221.42848387096777,12.790408602150535,182.60000000000002,151.0,4.956283874834437,748.3988651,1.7046793529801323,257.40658229999997,198.0,4.556853409595959,902.2569750999999,1.8235559156565655,361.06407129999997,238.0,3.886737549159664,925.0435367,1.5118802151260504,359.8274912,47.0,3.2735768085106387,153.85811,2.2054784893617025,103.65748900000003
US-CMW,2013,EVI,year,113.89354511468171,172.0,352.18822134188935,303.7855432379924,253.45085224159052,352.18822134188935,303.7855432379924,253.45085224159052,31.6637,DBF,59.0,2.358771844067797,139.16753880000002,0.4619373898305084,27.254305999999996,23.322542372881355,349.51913559322037,25.445508474576265,5.5,82.0,6.370485121951219,522.37978,2.2733525890243906,186.41491230000003,181.0,4.376858816022099,792.2114456999999,1.8376381508287296,332.61250530000007,19.349618784530385,223.95170718232043,13.008552486187844,178.60000000000002,140.0,4.691686205714286,656.8360688000001,1.5039875592857141,210.55825829999998,190.0,4.602315519999999,874.4399487999999,1.7904399384210525,340.1835883,239.0,3.877270855648536,926.6677345,1.4927023066945608,356.7558513,50.0,4.3520776,217.60388,2.5925066000000005,129.62533000000002
US-CMW,2013,NIRv,year,113.89926944273677,172.0,350.5844813137759,298.1661719387725,247.1603310957218,350.5844813137759,298.1661719387725,247.1603310957218,31.6637,DBF,59.0,2.358771844067797,139.16753880000002,0.4619373898305084,27.254305999999996,23.322542372881355,349.51913559322037,25.445508474576265,5.5,76.0,6.566798684210527,499.0767,2.3004930565789476,174.83747230000003,179.0,4.42236940055866,791.6041227000001,1.8592216458100563,332.8006746000001,19.455256983240222,225.02449720670387,13.041452513966481,178.60000000000002,134.0,4.727858125373135,633.5329888000001,1.4849314798507462,198.9808183,185.0,4.643392696216216,859.0276488,1.7796706935135136,329.2390783,237.0,3.9074278966244727,926.0604115,1.5060929139240509,356.94402060000004,51.0,4.421463921568628,225.49466,2.554083529411765,130.25826
US-CMW,2014,NDVI,year,101.5416316818297,172.0,322.5255272681074,303.4869120475579,279.96687797429126,322.5255272681074,303.4869120475579,279.96687797429126,31.6637,DBF,71.0,2.898884281690141,205.820784,0.7930458302816902,56.306253950000006,22.143830985915493,340.59480281690145,23.684577464788738,0.668,108.0,5.421098703703706,585.4786600000002,0.8235469037037036,88.9430656,151.0,4.4467942781456955,671.465936,0.7407264251655629,111.8496902,21.661814569536425,241.24429801324504,12.469509933774832,308.6000000000001,178.0,4.419516314606741,786.673904,0.805730559269663,143.42003955,202.0,4.201598643564356,848.7229259999999,0.8027222254950496,162.14988955,221.0,3.948693122171946,872.6611800000001,0.7526093400452488,166.32666415,24.0,2.5853759166666666,62.049021999999994,0.7804104166666667,18.72985
US-CMW,2014,EVI,year,71.3457819113606,172.0,320.16734329490055,297.3473709583334,271.0982637398807,320.16734329490055,297.3473709583334,271.0982637398807,31.6637,DBF,101.0,2.0818641496039603,210.26827910999998,0.44257243118811884,44.699815550000004,19.85046534653465,326.1936435643565,20.94822772277227,0.668,100.0,5.5354312000000006,553.54312,0.7989993659999999,79.89993659999999,149.0,4.501608805369128,670.739712,0.7506245167785235,111.843053,21.880322147651007,242.12683892617454,12.550161073825501,308.6,200.0,3.79592929555,759.18585911,0.61385236075,122.77047215,226.0,3.7035871288053093,837.0106911099999,0.6439931688053099,145.54245615000002,249.0,3.519608237389559,876.3824511100001,0.6213397130522088,154.71358855,26.0,2.9932627692307694,77.824832,0.8758455384615386,22.771984000000003
US-CMW,2014,NIRv,year,73.9659857524528,172.0,319.0284881812752,295.3855854202235,269.4547293372151,319.0284881812752,295.3855854202235,269.4547293372151,31.6637,DBF,99.0,2.12259799,210.13720101,0.46376140959595963,45.912379550000004,19.970959595959595,328.12046464646465,21.137878787878783,0.668,98.0,5.517411734693878,540.70635,0.802010220408163,78.59700159999998,148.0,4.5293749054054055,670.347486,0.7561942554054053,111.91674979999999,21.963945945945948,242.80227702702703,12.598763513513513,308.6,196.0,3.80723475005102,746.2180110099999,0.6259188834183673,122.68010115,222.0,3.7449943829279277,831.38875301,0.6497406763513515,144.24243015000002,246.0,3.5604030366260164,875.85914701,0.6341457290650406,155.99984935,26.0,3.2757977692307696,85.170742,0.8293203461538461,21.562329
US-CMW,2015,NDVI,year,84.00049204060214,172.0,330.97515778840125,293.7786753551142,259.8283540342893,330.97515778840125,293.7786753551142,259.8283540342893,31.6637,DBF,88.0,1.8115711590909092,159.418262,-0.07527111375,-6.623858009999999,19.95739772727273,282.0092045454545,18.80514772727273,14.399999999999997,88.0,4.954131363636364,435.96356000000003,0.9206812681818183,81.01995160000001,159.0,3.8014374250943397,604.42855059,0.6043231477987421,96.0873805,21.2785786163522,208.63150943396224,11.822874213836478,232.1,175.0,3.3814208114285713,591.748642,0.4201053233714287,73.51843159000002,209.0,3.4004430669856456,710.692601,0.4115650473205742,86.01709489000001,246.0,3.090299319471545,760.2136325900001,0.36010512394308936,88.58586048999999,34.0,3.498351735294118,118.943959,0.367607744117647,12.498663299999999
US-CMW,2015,EVI,year,70.13837202218242,172.0,325.4161403543746,284.0081697621605,248.7015750084888,325.4161403543746,284.0081697621605,248.7015750084888,31.6637,DBF,102.0,1.5735427848039214,160.50136404999998,-0.1414179412745098,-14.42463001,19.255431372549015,272.5843823529411,17.656539215686273,24.0,77.0,5.212615714285715,401.37141,0.8847837480519481,68.12834860000001,154.0,3.912392283051948,602.50841159,0.6329847025974026,97.4796442,21.583623376623375,210.81222727272726,11.943805194805195,231.2,178.0,3.136177494662921,558.2395940499999,0.2967755988202247,52.82605658999999,214.0,3.1932250142523366,683.35015305,0.3711282331308412,79.42144189000001,255.0,2.977947433882353,759.37659564,0.32226412623529416,82.17735219000001,36.0,3.4752933055555557,125.11055900000001,0.7387607027777778,26.595385300000004
US-CMW,2015,NIRv,year,80.38361762241296,172.0,321.91545249443715,279.6707246130369,245.72858947816545,321.91545249443715,279.6707246130369,245.72858947816545,31.6637,DBF,92.0,1.7354131527173913,159.65801005,-0.0951990979347826,-8.758317009999999,19.774641304347824,281.33410869565216,18.57655434782609,14.399999999999999,74.0,5.263038378378379,389.46484000000004,0.8612657108108108,63.7336626,150.0,4.012893543933333,601.93403159,0.6625896613333333,99.3884492,21.907126666666667,211.67116666666666,12.038566666666668,231.2,165.0,3.3059980003030303,545.48967005,0.32786474903030305,54.09768359,199.0,3.3599668796482414,668.6334090500001,0.40370742658291464,80.33777789000001,241.0,3.1450575171784227,757.9588616399999,0.37241688875518664,89.75247018999998,34.0,3.621874676470588,123.143739,0.7717674794117648,26.240094300000003
US-CMW,2016,NDVI,year,82.99029013419214,173.0,339.21684731493934,311.0247218628783,278.4978405854906,339.21684731493934,311.0247218628783,278.4978405854906,31.6637,DBF,91.0,2.380594117582418,216.63406470000004,0.7719734721978022,70.24958597,19.60614285714286,291.9773296703296,19.64791208791209,20.6,106.0,5.851830943396227,620.29408,2.2883235263207546,242.56229378999998,167.0,4.350618134131737,726.5532284000001,1.8304311837724554,305.68200769000003,20.662724550898204,211.896754491018,13.193419161676646,175.79999999999998,196.0,4.241896503571429,831.4117147000001,1.5817232130612247,310.01774976,229.0,4.045056046724891,926.3178347,1.613717658340611,369.5413437599999,257.0,3.648524759143969,937.6708631,1.4518967457587548,373.13746366,33.0,2.8759430303030302,94.90612,1.803745272727273,59.523594
US-CMW,2016,EVI,year,78.72800347351,173.0,337.03157317718603,305.223960236796,267.9143055177487,337.03157317718603,305.223960236796,267.9143055177487,31.6637,DBF,95.0,2.2853761157894743,217.11073100000007,0.7308267007368422,69.42853657,19.465115789473685,291.53938947368414,19.537336842105262,20.6,95.0,6.020951789473681,571.9904199999997,2.3463290198947373,222.90125689000004,165.0,4.405729269090909,726.9453293999999,1.8561159617575758,306.25913369,20.833254545454547,212.7474787878788,13.302921212121213,175.79999999999998,189.0,4.1459509047619045,783.584721,1.5319347273015875,289.53566346,227.0,4.0367317224669605,916.338101,1.59556290907489,362.19278036000003,259.0,3.6237051366795363,938.5396303999999,1.4397433986872588,372.89354026,38.0,3.4935100000000006,132.75338000000002,1.9120293921052633,72.6571169
US-CMW,2016,NIRv,year,80.92726199672128,173.0,335.76396099621,303.231394119671,266.4336660134199,335.76396099621,303.231394119671,266.4336660134199,31.6637,DBF,93.0,2.332294287096775,216.90336870000007,0.7492115480645163,69.67667397000001,19.556709677419352,291.8288279569892,19.62156989247312,20.6,94.0,6.022595851063827,566.1240099999998,2.3342616690425535,219.42059689000004,163.0,4.461811708588956,727.2753084999999,1.8820746300000002,306.77816469000004,21.011662576687115,213.69067484662577,13.378171779141104,175.49999999999997,186.0,4.180166390860214,777.5109486999999,1.539264198172043,286.30314086,223.0,4.084580352914798,910.8614187,1.6109191827802691,359.23497776,255.0,3.681028420392157,938.6622472,1.4653361123921569,373.66070866,37.0,3.6040667567567577,133.35047000000003,1.9711307270270273,72.93183690000001
US-CMW,2017,NDVI,year,144.47972254001317,172.0,341.4518139097864,289.7642350983496,251.52849347773468,341.4518139097864,289.7642350983496,251.52849347773468,31.6637,DBF,28.0,4.540931428571429,127.14608,2.453284714285714,68.69197199999999,25.803035714285716,336.83149999999995,29.617035714285716,4.318,80.0,6.559570875,524.76567,0.8451460024999999,67.6116802,170.0,4.678353347058824,795.3200690000001,1.3043941305882352,221.74700219999997,21.243294117647057,219.6041294117647,14.779252941176473,289.55999999999995,107.0,6.056856728971963,648.08367,1.261781048598131,135.0105722,145.0,5.628218344827586,816.09166,1.5349925668965516,222.57392219999997,197.0,4.66313740609137,918.638069,1.4677456558375634,289.1458942,38.0,4.421262894736842,168.00799,2.3042986842105257,87.56334999999999
US-CMW,2017,EVI,year,133.7015345717886,172.0,333.7247341516532,283.5533215756293,248.7575659929987,333.7247341516532,283.5533215756293,248.7575659929987,31.6637,DBF,39.0,4.72758923076923,184.37598,2.60083441025641,101.432542,24.31928205128205,343.0016153846154,27.360717948717948,4.318,77.0,6.589096493506494,507.36043,0.7755064961038961,59.7140002,162.0,4.86511487654321,788.14861,1.3414144765432097,217.30914519999996,21.709475308641974,225.3517222222222,15.105969135802471,289.55999999999995,115.0,5.981811565217392,687.9083300000001,1.3900301060869564,159.8534622,150.0,5.703621333333333,855.5432000000001,1.6235535480000003,243.53303220000004,200.0,4.843482550000001,968.6965100000002,1.5872430359999998,317.44860719999997,35.0,4.789567714285714,167.63486999999998,2.390844857142857,83.67957
US-CMW,2017,NIRv,year,140.08690901346125,172.0,328.3924004607904,280.05983767811944,247.87155694322044,328.3924004607904,280.05983767811944,247.87155694322044,31.6637,DBF,32.0,4.4937584374999995,143.80026999999998,2.3710719375,75.874302,25.53290625,340.39734375,29.446281250000002,4.318,76.0,6.583801973684211,500.36895000000004,0.754495002631579,57.3416202,157.0,4.973246496815287,780.7997000000001,1.3584040904458599,213.2694422,21.928350318471338,227.77760509554142,15.12608280254777,289.55999999999995,107.0,5.984496635514018,640.34114,1.232923758878505,131.92284220000002,140.0,5.748575928571428,804.80063,1.5097982300000001,211.37175220000003,188.0,4.897722819148936,920.77189,1.531120554255319,287.8506642,33.0,4.9836209090909085,164.45949,2.4075427272727272,79.44891
US-CMW,2018,NDVI,year,102.6256699291918,172.0,343.46329135602554,320.98262355276944,298.140819103816,343.46329135602554,320.98262355276944,298.140819103816,31.6637,DBF,70.0,3.825610285714286,267.79272000000003,0.6315585814285715,44.2091007,22.615071428571433,332.57962857142854,24.53555714285714,13.462,127.0,6.346970535433072,806.0652580000001,1.6775515385826771,213.04904539999998,172.0,5.016656320930233,862.8648872,1.2571859433720929,216.23598226,20.146994186046513,227.1083488372093,12.652651162790697,252.47599999999997,196.0,5.447096112244898,1067.630838,1.3071864596938778,256.20854610000004,218.0,5.11450878440367,1114.962915,1.2191014100917432,265.7641074,241.0,4.665686585892116,1124.4304672,1.076329804813278,259.39548296,22.0,2.1514580454545458,47.332077000000005,0.4343436954545455,9.5555613
US-CMW,2018,EVI,year,101.42109730867271,172.0,343.3377024153696,307.2337381728003,268.76460799961046,343.3377024153696,307.2337381728003,268.76460799961046,31.6637,DBF,71.0,3.7857177042253523,268.785957,0.6169659816901409,43.80458470000001,22.59266197183099,332.48388732394363,24.488802816901412,13.462,97.0,7.1272676288659795,691.34496,1.7501358237113402,169.7631749,172.0,5.016656320930233,862.8648872,1.2571859433720929,216.23598226,20.146994186046513,227.1083488372093,12.652651162790697,252.47599999999997,167.0,5.71199866467066,953.9037770000002,1.2725638299401199,212.51815960000002,206.0,5.309399199029126,1093.7362349999999,1.2559478126213592,258.7252494,242.0,4.650511174380165,1125.4237042,1.0702106072727273,258.99096696000004,39.0,3.5854476410256404,139.83245799999997,1.1847971743589742,46.2070898
US-CMW,2018,NIRv,year,103.46883442770326,172.0,340.8054837543647,302.5598404819221,262.38624748808866,340.8054837543647,302.5598404819221,262.38624748808866,31.6637,DBF,69.0,3.8677231739130438,266.872899,0.6417699695652174,44.2821279,22.756014492753625,332.58113043478255,24.701405797101447,13.462,91.0,7.252262637362638,659.9559,1.7173999439560435,156.28339489999996,169.0,5.099784462721893,861.8635742,1.28630453408284,217.38546625999996,20.36687573964497,229.1213195266272,12.841982248520711,240.284,159.0,5.789947540880503,920.6016589999999,1.2548171245283017,199.51592279999997,199.0,5.421230487437187,1078.8248670000003,1.2831191281407035,255.3407065,237.0,4.73632630042194,1122.5093331999997,1.0996539837974684,260.61799416,40.0,3.9555802,158.223208,1.3956195925,55.8247837
US-CMW,2019,NDVI,year,93.46921217589428,172.0,327.1521690313403,314.7711193687727,302.38943581165034,327.1521690313403,314.7711193687727,302.38943581165034,31.6637,DBF,79.0,3.6322931772151907,286.95116100000007,1.8330116924050637,144.80792370000003,19.715025316455698,349.82220253164553,20.153696202531645,8.636,131.0,4.89734965648855,641.552805,2.6477875954198473,346.860175,156.0,4.153865979487179,648.0030927999999,2.0484350301282053,319.55586470000003,21.94553205128205,248.39011538461534,17.413346153846152,177.615,209.0,4.412084717703349,922.125706,2.3294685105263158,486.8589187,221.0,4.201896719457014,928.619175,2.194192467873303,484.91653539999993,234.0,3.9682734777777777,928.5759938,1.963908582905983,459.5546084,12.0,0.5411224166666668,6.493469000000002,-0.161865275,-1.9423833
US-CMW,2019,NIRv,year,96.5605157814833,172.0,330.67133084525875,310.70642306358366,290.36865335709894,330.67133084525875,310.70642306358366,290.36865335709894,31.6637,DBF,76.0,3.754902921052632,285.37262200000004,1.9227132592105267,146.12620770000004,19.90228947368421,355.1990394736842,20.423671052631573,8.636,119.0,5.061353235294118,602.3010350000001,2.638555840336134,313.988145,159.0,4.097300715723271,651.4708138,1.979704872327044,314.7730747,21.72577987421383,246.40233962264148,17.207635220125788,177.615,194.0,4.542759778350516,881.2953970000001,2.346933879896907,455.3051726999999,214.0,4.341660144859813,929.115271,2.292857175700935,490.67143560000005,234.0,3.976346905128205,930.4651758,1.9491030017094015,456.0901024,20.0,2.3909937,47.819874,1.768313145,35.3662629
US-CMW,2020,NDVI,year,89.95429377869765,173.0,343.142480988525,315.49839503424954,284.14873607885664,343.142480988525,315.49839503424954,284.14873607885664,31.6637,DBF,84.0,4.080581761904762,342.768868,0.8092688619047619,67.9785844,21.064738095238095,355.35364285714286,21.993583333333337,9.905999999999999,112.0,5.332144321428571,597.200164,1.4110145683928574,158.03363166000003,171.0,3.958617890935672,676.92365935,1.0604575985964912,181.33824936,21.433672514619886,252.10661988304096,20.09061403508772,108.45799999999998,195.0,4.781577241025642,932.4075620000001,1.1614227336410257,226.47743306,226.0,4.449737123893805,1005.64059,1.1347153591150443,256.44567116,254.0,3.9847679423228346,1012.13105735,0.9833939006299213,249.78205076,31.0,2.3623557419354833,73.23302799999998,0.9667173580645161,29.968238099999997
US-CMW,2020,EVI,year,87.44141610805549,173.0,344.37374460607174,311.9006993612172,272.66474245816914,344.37374460607174,311.9006993612172,272.66474245816914,31.6637,DBF,86.0,4.037697186046512,347.241958,0.813072469767442,69.92423240000001,20.80670930232558,353.90909302325576,21.714406976744186,9.905999999999999,100.0,5.56190324,556.190324,1.3995857166,139.95857166000002,172.0,3.937579519476744,677.26367735,1.0513665602325584,180.83504836000003,21.3719011627907,251.5770872093023,20.03286046511628,108.458,185.0,4.84254492972973,895.870812,1.1370163300540541,210.34802106,224.0,4.497291053571429,1007.393196,1.1593474502678571,259.69382886,257.0,3.9569811881322954,1016.9441653499999,0.9775272286381324,251.22449776000002,39.0,2.859548307692308,111.522384,1.2652771230769229,49.34580779999999
US-CMW,2020,NIRv,year,97.09949925254008,173.0,342.4904445972719,309.43820880028414,270.51900787271967,342.4904445972719,309.43820880028414,270.51900787271967,31.6637,DBF,76.0,4.287700368421053,325.865228,0.8113286105263157,61.66097439999999,21.615986842105265,361.01755263157895,22.73734210526316,9.905999999999999,98.0,5.605139428571428,549.303664,1.396916955714286,136.89786166000002,170.0,3.979953125588236,676.5920313500001,1.068653537411765,181.67110136000005,21.514717647058827,252.5665823529412,20.150317647058824,108.458,173.0,5.015071803468208,867.607422,1.1504280523699424,199.02405306000003,212.0,4.642227561320755,984.1522430000001,1.189258579528302,252.12281886000002,245.0,4.060799140204082,994.8957893500002,0.9950909908571429,243.79729276,39.0,2.9883287435897437,116.544821,1.3615068153846153,53.098765799999995
US-CMW,2021,NDVI,year,119.17186683861998,172.0,339.0892665994411,295.8045863192315,256.7084332238185,339.0892665994411,295.8045863192315,256.7084332238185,31.6637,DBF,53.0,4.094120981132075,216.98841199999998,1.3375156584905663,70.88832990000002,24.073301886792457,397.2320943396226,28.41188679245283,0.0,85.0,7.288368470588234,619.51132,1.4593703329411765,124.0464783,168.0,5.05740411904762,849.6438920000002,1.6439677994047621,276.18659030000003,20.295279761904762,234.74623214285714,14.037416666666667,283.464,137.0,6.053249795620439,829.2952220000002,1.3877400598540146,190.1203882,176.0,5.579508335227273,981.9934670000001,1.6001092681818179,281.61923119999994,220.0,4.815580881818183,1059.4277940000002,1.5557295463636365,342.2605002,39.0,3.9153396153846143,152.69824499999996,2.3461241794871794,91.498843
US-CMW,2021,EVI,year,98.54877747436906,172.0,332.9161565315139,285.7363043957929,247.2131402859208,332.9161565315139,285.7363043957929,247.2131402859208,31.6637,DBF,74.0,3.1066236175675677,229.8901477,0.8864704662972972,65.598814506,22.172405405405406,383.32814864864866,25.312418918918922,1.5240000000000002,76.0,7.522506184210528,571.7104700000001,1.283543530263158,97.5493083,161.0,5.229971881987577,842.0254729999999,1.6746824055900622,269.62386730000003,20.686962732919252,238.38983850931675,14.2085900621118,283.464,149.0,5.331517501342282,794.3961077,1.0626423007114094,158.333702806,187.0,5.162772634759359,965.4384827000001,1.3820168224919787,258.437145806,234.0,4.550047481623932,1064.7111107,1.41200111882906,330.40826180600004,38.0,4.501115131578947,171.042375,2.6343011315789475,100.103443
US-CMW,2021,NIRv,year,100.3324909013178,172.0,330.25647893468755,282.6810314720776,245.3860391886803,330.25647893468755,282.6810314720776,245.3860391886803,31.6637,DBF,72.0,3.1900829861111113,229.685975,0.9234263542499997,66.48669750599998,22.25390277777778,383.5745972222222,25.42409722222222,1.524,74.0,7.554218243243245,559.0121500000001,1.2415783554054054,91.8767983,159.0,5.285097012578617,840.3304250000001,1.6860095050314468,268.0755113,20.830452830188683,239.27681132075466,14.285522012578618,283.46399999999994,145.0,5.389611137931034,781.493615,1.058959143489655,153.549075806,182.0,5.230549670329672,951.9600400000003,1.378686531901099,250.920948806,230.0,4.620921260869565,1062.81189,1.4336860382869565,329.747788806,37.0,4.607200675675675,170.466425,2.631672243243243,97.371873
US-Ced,2014,NDVI,year,158.28365764595955,172.0,243.51339176424307,239.64930283021212,235.7866934548968,243.51339176424307,239.64930283021212,235.7866934548968,39.8379,CSH,14.0,8.523537142857142,119.32951999999999,2.258722357142857,31.622113,21.057928571428572,222.79299999999995,7.177499999999999,16.764,64.0,9.366560781250001,599.4598900000001,2.5913603875,165.8470648,72.0,9.211825416666667,663.25143,2.545136038888889,183.2497948,21.129624999999997,224.90026388888887,7.428680555555555,334.152,77.0,9.196910519480522,708.1621100000002,2.50426152987013,192.8281378,81.0,9.140435925925926,740.37531,2.485947133333333,201.36171779999998,85.0,9.081807647058824,771.95365,2.4733043270588233,210.23086779999997,,,,,
US-Ced,2014,EVI,year,125.26796419580782,172.0,295.07184794236866,245.31739865686237,207.6868759953112,295.07184794236866,245.31739865686237,207.6868759953112,39.8379,CSH,47.0,7.098289574468084,333.61960999999997,1.2941541617021277,60.8252456,18.129148936170214,214.1783617021277,6.728744680851063,116.07800000000003,36.0,9.452885277777776,340.30386999999996,3.1161325000000004,112.18077000000001,124.0,7.824428943548388,970.2291890000001,1.4275428637096776,177.01531510000004,19.260620967741936,189.44558064516127,6.175145161290323,490.616,82.0,8.088977804878049,663.2961799999999,2.0532314097560973,168.36497559999998,120.0,8.349288333333334,1001.9146000000001,2.0162457783333334,241.9494934,170.0,7.6071852882352955,1293.2214990000002,1.3717618864705883,233.1995207,38.0,8.911011052631581,338.61842000000007,1.9364346789473685,73.5845178
US-Ced,2014,NIRv,year,126.4033588342058,172.0,297.9600988583396,244.7492542503273,206.69349869659817,297.9600988583396,244.7492542503273,206.69349869659817,39.8379,CSH,46.0,7.131721086956522,328.05917,1.2784016434782608,58.8064756,18.22495652173913,212.7655652173913,6.665391304347825,116.07800000000002,35.0,9.457063428571427,330.99721999999997,3.150865142857143,110.28028,126.0,7.742411341269841,975.5438290000001,1.3647732150793654,171.96142510000004,19.135738095238096,187.5759603174603,6.12904761904762,493.664,80.0,8.105363625,648.4290900000001,2.0555714450000004,164.44571560000003,118.0,8.372090338983051,987.9066600000001,2.0185526559322033,238.1892134,171.0,7.561261397660819,1292.975699,1.3223793023391814,226.12686070000004,38.0,8.933620263157895,339.47757,1.9406183631578944,73.74349779999999
US-Ha1,2016,NDVI,year,152.24195521577667,173.0,332.80691200678046,296.4824824047384,257.74659174295897,332.80691200678046,296.4824824047384,257.74659174295897,42.5378,DBF,21.0,12.454827142857145,261.55137,5.410843142857143,113.627706,18.619666666666667,283.03023809523813,7.42104761904762,34.9,85.0,10.411305529411766,884.9609700000002,5.706098882352942,485.01840500000003,160.0,7.032377853125001,1125.1804565000002,3.4819452565,557.11124104,16.754456249999997,186.27694375000002,5.331149999999999,418.79999999999995,105.0,10.812674666666668,1135.33084,5.638072009523809,591.9975609999999,144.0,9.282644229166667,1336.700769,4.874937537499999,701.9910054,180.0,7.641946258333333,1375.5503265,3.6893910946666666,664.09039704,39.0,5.1633315128205135,201.369929,2.820344728205128,109.9934444
US-Ha1,2016,EVI,year,131.1758420569115,173.0,311.2702268138834,280.454865580308,249.3925310312632,311.2702268138834,280.454865580308,249.3925310312632,42.5378,DBF,42.0,9.18143380952381,385.62022,2.829895761904762,118.85562200000001,18.048666666666666,268.9780238095238,7.872642857142857,68.10000000000001,77.0,10.765003116883118,828.9052400000002,5.91639525974026,455.56243500000005,139.0,7.955288442446044,1105.7850935000001,4.186267192374101,581.89113974,18.605784172661867,201.86300000000003,5.706697841726617,377.79999999999995,118.0,10.197830169491523,1203.3439599999997,4.811605991525424,567.769507,149.0,9.368755369127516,1395.94455,4.635803429530202,690.7347110000001,180.0,8.223465630555555,1480.2238135,3.8561011763333335,694.09821174,31.0,6.212922258064517,192.60059000000004,3.9666194838709683,122.96520400000001
US-Ha1,2016,NIRv,year,132.2489239722346,173.0,313.3860882637212,279.450114640943,245.21380253080312,313.3860882637212,279.450114640943,245.21380253080312,42.5378,DBF,41.0,9.333420731707317,382.67025,2.9372707804878044,120.42810199999998,18.048780487804876,267.01746341463416,7.687024390243902,68.10000000000001,73.0,10.843415342465756,791.5693200000002,5.895704726027398,430.38644500000004,141.0,7.858569528368794,1108.0583035,4.121091905957447,581.07395874,18.457021276595743,200.92002836879433,5.70622695035461,377.79999999999995,113.0,10.292549292035396,1163.0580699999998,4.815628292035399,544.1659970000001,147.0,9.434977006802722,1386.94162,4.678589734693877,687.7526909999999,181.0,8.174293113259669,1479.5470535,3.8389696725966855,694.85351074,34.0,6.584810294117648,223.88355,4.22313805882353,143.58669400000002
US-Ha1,2017,NDVI,year,132.17694000872683,172.0,330.2590294885265,298.07841877302906,261.44106829171926,330.2590294885265,298.07841877302906,261.44106829171926,42.5378,DBF,40.0,6.543811500000001,261.75246000000004,1.4510963399999999,58.04385359999999,16.11425,217.96637500000003,6.042575000000001,247.29999999999995,90.0,9.973054222222224,897.5748800000001,4.710061333333333,423.90551999999997,159.0,6.919136527044024,1100.1427078,2.7264715681761005,433.50897934,15.03309433962264,169.80594339622644,4.325584905660378,600.4000000000001,129.0,8.912703798449611,1149.7387899999999,3.701655841860465,477.5136036,166.0,8.002205987951807,1328.366194,3.2307047867469882,536.2969946000001,198.0,6.829831403030303,1352.3066178,2.4601871865656566,487.11706294,37.0,4.827767675675677,178.62740400000004,1.5887402972972975,58.78339100000001
US-Ha1,2017,EVI,year,122.01048095558878,172.0,312.5397427372561,280.6244795185425,247.96145826646887,312.5397427372561,280.6244795185425,247.96145826646887,42.5378,DBF,50.0,5.84802934,292.401467,0.9809147500000001,49.0457375,14.578400000000002,209.63554000000005,5.562799999999998,276.4,76.0,10.497340263157893,797.7978599999999,4.751858315789473,361.14123199999995,141.0,7.728369560283688,1089.700108,3.3130306619858154,467.13732333999997,16.779588652482268,181.9035035460993,4.613191489361703,566.5,125.0,8.644886216000002,1080.610777,3.2460095959999995,405.7511994999999,158.0,8.190230297468355,1294.056387,3.3131392449367087,523.4760007,190.0,7.223752763157894,1372.513025,2.6934067938947366,511.74729083999995,33.0,6.4680487878787885,213.44561000000002,3.567418218181819,117.72480120000002
US-Ha1,2017,NIRv,year,121.85106468465204,172.0,314.19873102894,279.6372755038446,243.9447161862562,314.19873102894,279.6372755038446,243.9447161862562,42.5378,DBF,51.0,5.7673852352941175,294.136647,0.9202364215686274,46.9320575,14.500862745098042,208.013137254902,5.503078431372549,288.5,72.0,10.651693472222222,766.92193,4.900702111111111,352.850552,143.0,7.629247792307693,1090.9824343,3.246644121258741,464.27010934,16.5497972027972,180.94916783216783,4.582258741258742,567.6000000000001,122.0,8.618606778688525,1051.470027,3.2405478647540984,395.3468395,158.0,8.163488208860759,1289.831137,3.286486396835443,519.2648507,193.0,7.127101198445596,1375.5305313,2.6257326261139893,506.7663968399999,36.0,6.621141944444443,238.36110999999997,3.442166977777778,123.91801120000001
US-Ha1,2018,NDVI,year,139.7572116679885,172.0,314.04331033902724,292.06808180099904,270.06323750945694,314.04331033902724,292.06808180099904,270.06323750945694,42.5378,DBF,33.0,9.838344545454545,324.66537,5.381050454545455,177.574665,17.127090909090906,249.11463636363635,7.325090909090909,64.8,99.0,9.883192828282828,978.43609,5.433662534545455,537.93259092,143.0,7.691080062937064,1099.8244490000002,3.6814617798601392,526.4490345199999,16.336664335664334,172.89653146853146,4.189888111888112,1073.3,131.0,9.851547786259543,1290.55276,5.393307220763358,706.5232459199999,153.0,9.05377568627451,1385.22768,4.741289409934641,725.4172797200001,175.0,8.068234965714286,1411.941119,3.9716553686857146,695.03968952,22.0,4.303405454545455,94.67492000000001,0.858819718181818,18.894033799999995
US-Ha1,2018,EVI,year,127.62414411970109,172.0,317.57297407620644,274.0139770016269,230.3126937408145,317.57297407620644,274.0139770016269,230.3126937408145,42.5378,DBF,45.0,8.20796177777778,369.35828000000004,3.756154353333334,169.02694590000004,16.06468888888889,239.45468888888888,6.783022222222224,96.6,59.0,10.835004915254238,639.26529,5.866483168135593,346.12250692,146.0,7.555334369863013,1103.078818,3.575586469315069,522.03562452,16.01968493150685,170.99599315068494,4.150390410958904,1107.1,103.0,9.670629805825243,996.07487,4.914227600194175,506.16544282,147.0,9.261382585034013,1361.42324,4.830280230068027,710.05119382,190.0,7.683623147368421,1459.888398,3.589887160105263,682.0785604199999,44.0,8.303372045454545,365.34836999999993,4.633767068181819,203.88575100000003
US-Ha1,2018,NIRv,year,127.75333789380764,172.0,317.53368388106355,270.19030552133233,223.11341844737424,317.53368388106355,270.19030552133233,223.11341844737424,42.5378,DBF,45.0,8.20796177777778,369.35828000000004,3.756154353333334,169.02694590000004,16.06468888888889,239.45468888888888,6.783022222222224,96.6,52.0,11.158468653846153,580.24037,6.201292423076922,322.467206,146.0,7.555334369863013,1103.078818,3.575586469315069,522.03562452,16.01968493150685,170.99599315068494,4.150390410958904,1107.1,96.0,9.760936979166667,937.0499500000001,5.026147311458334,482.5101419,143.0,9.337382307692307,1335.24567,4.880947739999999,697.9755268199998,190.0,7.683623147368421,1459.888398,3.589887160105263,682.0785604199999,47.0,8.472249361702126,398.19571999999994,4.584369891914894,215.46538492
US-Ha1,2021,NDVI,year,201.9774586655472,172.0,323.7201823817127,297.6281836042702,271.21016368876377,323.7201823817127,297.6281836042702,271.21016368876377,42.5378,DBF,,,,,,,,,,100.0,7.494272080000001,749.4272080000001,3.3251321959999998,332.51321959999996,152.0,5.692345418421053,865.2365036,2.293474379605263,348.60810569999995,16.104414473684212,172.11924342105263,3.6043947368421048,783.8,70.0,7.656531400000001,535.9571980000001,3.3623607800000004,235.36525460000001,96.0,6.5991839375,633.521658,2.875676653125,276.06495870000003,122.0,5.342348308196722,651.7664936000001,2.061148694262295,251.46014069999998,26.0,3.7524792307692305,97.56446,1.5653732346153846,40.6997041
US-Ha1,2021,EVI,year,89.75725688095862,172.0,318.5112062371403,288.41859645906214,259.4300968573686,318.5112062371403,288.41859645906214,259.4300968573686,42.5378,DBF,83.0,3.019463520481928,250.6154722,0.9697064686746988,80.4856369,13.449349397590362,239.91248192771081,7.479204819277109,316.09999999999997,88.0,7.604016681818181,669.153468,3.488518495454545,306.98962759999995,147.0,5.867225956462585,862.4822156,2.415808807482993,355.1238947,16.509013605442174,175.07993197278913,3.6581088435374145,776.1999999999999,170.0,5.363247824705883,911.7521302,2.260388673529411,384.2660744999999,199.0,5.333503267336683,1061.3671502,2.2405790879396985,445.8752385,229.0,4.8256806890829695,1105.0808778,1.888211098689956,432.40034159999993,29.0,5.159138620689655,149.61502,2.1244539310344828,61.609164
US-Ha1,2021,NIRv,year,151.09322846620327,172.0,313.5899868380123,286.4165351941936,259.02242937427883,313.5899868380123,286.4165351941936,259.02242937427883,42.5378,DBF,21.0,7.4566904761904755,156.5905,3.59467480952381,75.48817100000001,20.45042857142857,292.6759523809523,10.234333333333334,36.4,88.0,7.604016681818181,669.153468,3.488518495454545,306.98962759999995,142.0,6.060037697183098,860.525353,2.545607202112676,361.4762227,16.83669014084507,178.4058732394366,3.6934154929577465,721.7,108.0,7.57154775925926,817.727158,3.5117463759259246,379.2686085999999,135.0,7.108690207407409,959.6731780000002,3.251930922962963,439.0106746,162.0,6.229006438271605,1009.0990429999999,2.677501257407407,433.7552036999999,27.0,5.257259999999999,141.94601999999998,2.212669111111111,59.742065999999994
US-Ha1,2022,NDVI,year,137.01546879532765,172.0,297.4397389569046,285.22167325387886,273.00292929786417,297.4397389569046,285.22167325387886,273.00292929786417,42.5378,DBF,35.0,8.538751714285715,298.85631,3.7785658285714288,132.249804,16.867485714285714,265.5898,6.896771428571429,80.2,102.0,9.075367843137256,925.6875200000001,4.688417230392157,478.21855750000003,126.0,7.959417422222222,1002.8865952,3.9864160126984123,502.28841759999995,17.655912698412703,217.40284920634926,5.445896825396825,471.8999999999999,136.0,8.928957573529413,1214.33823,4.442568761029412,604.1893514999999,148.0,8.590421283783787,1271.3823500000005,4.242878787162161,627.9460604999999,160.0,8.0721081575,1291.5373052,3.9266200725000004,628.2592116000001,12.0,4.753676666666666,57.04411999999999,1.9797257499999998,23.756708999999997
US-Ha1,2022,EVI,year,128.86196814726478,172.0,308.6092010836563,278.14513154070715,247.1113892226371,308.6092010836563,278.14513154070715,247.1113892226371,42.5378,DBF,44.0,7.371299318181818,324.33717,2.6851399090909087,118.14615599999999,16.73331818181818,274.2885227272728,6.952931818181819,92.3,76.0,9.73209144736842,739.6389499999999,5.295933197368421,402.490923,137.0,7.369649745985402,1009.6420152000001,3.533599420437956,484.1031206,17.238781021897807,210.11624817518248,5.357751824817518,490.49999999999994,119.0,8.855214453781512,1053.77052,4.322336714285714,514.358069,150.0,8.419633799999998,1262.9450699999998,4.008155816666666,601.2233725,180.0,7.354297695555556,1323.7735852,3.310945925555556,595.9702666000001,31.0,6.747566129032259,209.17455,2.8021065645161287,86.8653035
US-Ha1,2022,NIRv,year,129.02319888049877,172.0,310.2223567674248,277.83901910279275,244.63339608203967,310.2223567674248,277.83901910279275,244.63339608203967,42.5378,DBF,43.0,7.485298372093024,321.86783,2.7423047674418606,117.919105,16.903093023255813,272.32576744186053,6.897953488372093,92.29999999999998,73.0,9.795503013698628,715.0717199999998,5.352438671232877,390.728023,139.0,7.269893943884893,1010.5152582000001,3.4346230978417265,477.4126106,17.247604316546763,208.2584676258993,5.322359712230216,490.4999999999999,115.0,8.928121304347826,1026.73395,4.368418417391304,502.3681179999999,148.0,8.496227297297297,1257.44164,4.05992197635135,600.8684524999998,181.0,7.304848001104972,1322.1774882,3.254434837569061,589.0527056000001,33.0,6.991142121212121,230.70769,2.984858621212121,98.5003345
US-Ha1,2023,NDVI,year,83.0,172.0,287.15217695963673,197.0325515520906,156.34179944609073,287.15217695963673,197.0325515520906,156.34179944609073,42.5378,DBF,90.0,4.286225934444444,385.7603341,1.2876940333333333,115.89246299999999,11.590977777777779,229.1915666666667,5.8746888888888895,239.20000000000002,,,,,,116.0,9.757794120689653,1131.9041179999997,4.966259194827586,576.0860666,18.664612068965518,198.11901724137934,4.267870689655172,684.4,74.0,2.9430399202702704,217.78495410000002,0.23996029729729726,17.757061999999998,115.0,5.974006209565218,687.0107141000001,2.336005156521739,268.64059299999997,205.0,7.3474309858536575,1506.2233520999998,3.341550193170731,685.0177895999999,41.0,11.444530731707317,469.22576000000004,6.119110512195122,250.883531
US-Ha1,2023,EVI,year,123.4152728056534,172.0,310.7030099361867,284.26726315141275,257.67518959869034,310.7030099361867,284.26726315141275,257.67518959869034,42.5378,DBF,49.0,7.0181764489795935,343.89064600000006,3.2390787755102037,158.71486,14.784551020408163,263.0271836734694,7.119591836734694,106.7,86.0,11.201746627906976,963.35021,5.647399844186047,485.67638660000006,139.0,8.424486791366906,1171.0036639999998,4.093421420143885,568.9855774,17.281309352517983,180.63826618705033,4.2931582733812945,762.3999999999997,134.0,9.67014743283582,1295.799756,4.756944079104478,637.4305066000001,161.0,9.008539093167702,1450.374794,4.470907494409938,719.8161066,187.0,8.039856737967915,1503.4532100000001,3.8542229807486637,720.7396974000001,27.0,5.725001407407409,154.57503800000003,3.051318518518519,82.38560000000001
US-Ha1,2023,NIRv,year,123.50516410832198,172.0,313.0025214233749,284.5267654623458,255.77589460630944,313.0025214233749,284.5267654623458,255.77589460630944,42.5378,DBF,49.0,7.0181764489795935,343.89064600000006,3.2390787755102037,158.71486,14.784551020408163,263.0271836734694,7.119591836734694,106.7,84.0,11.31356488095238,950.3394499999999,5.72680845952381,481.05191060000004,142.0,8.246926450704226,1171.063556,3.9679089253521127,563.4430674,17.006985915492958,178.19766197183097,4.248260563380281,770.6999999999998,132.0,9.718098454545455,1282.788996,4.79398508030303,632.8060306,161.0,9.008539093167702,1450.374794,4.470907494409938,719.8161066,190.0,7.9132268526315785,1503.513102,3.7641957231578944,715.1971874,29.0,5.778820620689656,167.585798,3.000347448275862,87.010076
US-Ha1,2024,NDVI,year,124.99991031771836,173.0,337.2945001681554,294.6050897119058,245.72339588703096,337.2945001681554,294.6050897119058,245.72339588703096,42.5378,DBF,49.0,7.815747,382.971603,3.422950469387755,167.724573,16.67434693877551,243.82944897959183,6.583857142857144,213.89999999999998,73.0,11.330858493150684,827.15267,5.956799869863014,434.8463905,165.0,6.9760247369696975,1151.0440816,3.2835166757575753,541.7802515,14.917478787878787,166.8445818181818,5.181551515151514,632.0,121.0,9.897510520661159,1197.5987730000002,4.919667384297521,595.2797535000001,170.0,8.737505523529412,1485.375939,4.447455932352941,756.0675085,213.0,7.14314640657277,1521.4901846,3.29677753286385,702.2136145000001,49.0,5.8730033877551024,287.777166,3.2813827551020402,160.78775499999998
US-Ha1,2024,EVI,year,127.5804141948874,173.0,312.29940198125644,269.48711357601366,225.5736870078537,312.29940198125644,269.48711357601366,225.5736870078537,42.5378,DBF,46.0,8.252050130434784,379.594306,3.7061866521739137,170.48458600000004,17.068586956521738,248.72906521739122,6.833239130434783,199.9,53.0,11.716244905660377,620.96098,6.462159120754718,342.49443340000005,140.0,8.092512164285713,1132.951703,4.075487653571428,570.5682714999999,16.843807142857145,181.76005,5.502085714285713,555.6,98.0,10.081936591836735,988.0297860000001,5.160079687755103,505.6878094000001,142.0,9.695182718309859,1376.715946,5.0233111725352115,713.3101865,185.0,8.108218967567566,1500.0205089999997,3.9662791756756755,733.7616475,44.0,8.833776363636362,388.6861599999999,4.718690388636364,207.6223771
US-Ha1,2024,NIRv,year,127.5751046040612,173.0,314.54622134434203,266.1900381648767,216.12049670255715,314.54622134434203,266.1900381648767,216.12049670255715,42.5378,DBF,46.0,8.252050130434784,379.594306,3.7061866521739137,170.48458600000004,17.068586956521738,248.72906521739122,6.833239130434783,199.9,44.0,12.406762954545457,545.8975700000001,7.2078950159090915,317.14738070000004,142.0,7.989386204225352,1134.492841,3.9962300809859146,567.4646714999999,16.694711267605637,180.96479577464788,5.492676056338029,555.6,89.0,10.258049168539326,912.9663760000001,5.397087153932584,480.3407567,139.0,9.783576302158272,1359.9171059999999,5.055349974820145,702.6936465000002,187.0,8.029741427807487,1501.561647,3.9072622860962563,730.6580475,50.0,8.9390146,446.95073,4.447057796,222.3528898
US-Ha1,2025,NDVI,year,124.40077186618088,172.0,312.4075142842832,289.8515668514517,267.2428202050697,312.4075142842832,289.8515668514517,267.2428202050697,42.5378,DBF,48.0,6.762855958333333,324.617086,2.5454106875,122.17971299999999,15.002645833333332,195.4354166666667,5.3333125,233.7,96.0,9.782786979166666,939.1475499999999,4.356172603854167,418.19256997,141.0,7.459849170212765,1051.8387329999998,3.056365639503546,430.94755517,16.89331205673759,197.4717588652482,6.899432624113475,295.254,143.0,8.758373678321679,1252.447436,3.7418129578321677,535.07925297,165.0,8.15809446060606,1346.085586,3.4284153513333333,565.68853297,188.0,7.261375632978725,1365.1386190000003,2.9140119051595748,547.83423817,22.0,4.256279545454546,93.63815000000001,1.3913309090909092,30.609280000000002
US-Ha1,2025,EVI,year,120.1557289282936,172.0,310.9537549701316,277.79468411758984,244.45944604419495,310.9537549701316,277.79468411758984,244.45944604419495,42.5378,DBF,52.0,6.309614192307692,328.099938,2.1734273653846152,113.01822299999999,14.998557692307694,195.17523076923078,5.339230769230769,260.40000000000003,73.0,10.779456849315068,786.9003499999999,4.744352795479451,346.33775406999996,139.0,7.561768949640287,1051.0858839999999,3.111874195467626,432.55051317,17.04201438848921,198.96380575539567,6.959762589928057,286.944,124.0,8.90067006451613,1103.683088,3.6617979602419357,454.06294707,157.0,8.374721070063694,1314.831208,3.4949152418471336,548.70169297,190.0,7.199308536842105,1367.868622,2.8435563482631574,540.2757061699999,33.0,6.398427878787879,211.14812,2.8678407848484846,94.63874589999999
US-Ha1,2025,NIRv,year,124.20045828267024,172.0,311.94054821989533,278.0992521246454,243.9251740943733,311.94054821989533,278.0992521246454,243.9251740943733,42.5378,DBF,48.0,6.762855958333333,324.617086,2.5454106875,122.17971299999999,15.002645833333332,195.4354166666667,5.3333125,233.7,72.0,10.800052777777777,777.6038,4.754429500972222,342.31892407,140.0,7.5097101071428565,1051.359415,3.0838542940714286,431.73960117,16.94975,198.1321857142857,6.928407142857143,292.235,119.0,9.167257865546219,1090.903686,3.858870647647059,459.20560707000004,154.0,8.550784324675325,1316.820786,3.636876188116883,560.07893297,187.0,7.297643320855616,1364.6593010000001,2.933830396631016,548.62628417,35.0,6.4547742857142865,225.91710000000003,2.8820950257142854,100.8733259
US-Jo1,2013,NDVI,year,206.1676834013887,172.0,358.4527239366083,317.77378006278764,284.5568831470088,358.4527239366083,317.77378006278764,284.5568831470088,32.582,OSH,,,,,,,,,,113.0,1.3465323805309735,152.158159,0.4250164497345133,48.02685882,187.0,1.0562034124598931,197.51003813000003,0.3849652872727273,71.98850872,18.871572192513366,222.43105882352944,15.442909090909092,255.63099999999997,78.0,1.689025730769231,131.744007,0.5115037474358974,39.897292300000004,111.0,1.4375785585585583,159.57121999999998,0.47791599909909915,53.048675900000006,152.0,1.165104514013158,177.09588613,0.4201246197368421,63.8589422,33.0,0.8432488787878788,27.827213,0.3985267757575758,13.1513836
US-Jo1,2013,EVI,year,210.30992088036209,172.0,342.2800505812973,302.667347946541,277.40303709288645,342.2800505812973,302.667347946541,277.40303709288645,32.582,OSH,,,,,,,,,,106.0,1.3177463113207546,139.681109,0.40449900773584907,42.876894820000004,171.0,1.1260833023391812,192.56024469999997,0.39956205625730995,68.32511162,20.222315789473683,230.98227485380116,16.451877192982455,248.22699999999998,67.0,1.734835343283582,116.23396799999999,0.5157321791044777,34.554056,92.0,1.5883787717391302,146.130847,0.5187692130434783,47.72676760000001,132.0,1.2811598765151515,169.1131037,0.45456267272727274,60.0022728,25.0,1.1958751600000002,29.896879000000006,0.526908464,13.172711600000001
US-Jo1,2013,NIRv,year,210.1182938509364,172.0,330.09684708474566,296.4486923168559,275.6011783539631,330.09684708474566,296.4486923168559,275.6011783539631,32.582,OSH,,,,,,,,,,104.0,1.3067493173076923,135.901929,0.3980437194230769,41.39654682,159.0,1.1732359981132077,186.5445237,0.40667596742138357,64.66147881999999,21.218037735849055,239.14748427672953,17.274371069182386,248.22699999999998,65.0,1.7300736615384615,112.454788,0.5088262769230769,33.073707999999996,86.0,1.6581545000000002,142.601287,0.5314807441860466,45.70734400000001,120.0,1.359144855833333,163.09738269999997,0.4694886666666667,56.338640000000005,21.0,1.4355475714285713,30.146498999999995,0.6016017142857144,12.633636000000003
US-Jo1,2014,NDVI,year,222.25733110150892,172.0,291.0215931633079,288.91012515075204,286.8212864194623,291.0215931633079,288.91012515075204,286.8212864194623,32.582,OSH,,,,,,,,,,115.0,1.170713284347826,134.6320277,0.24186108608695656,27.814024900000003,120.0,1.1935487308333335,143.2258477,0.24842999083333334,29.8115989,24.090991666666664,258.53635,18.975700000000003,169.67199999999997,64.0,1.6281427968750002,104.20113900000001,0.417085521875,26.6934734,66.0,1.630744681818182,107.62914900000001,0.4229292636363636,27.913331399999997,69.0,1.6347095507246379,112.794959,0.4158122811594202,28.691047399999995,,,,,
US-Jo1,2014,EVI,year,218.34157751739053,172.0,290.6828962252369,288.76876118774913,286.869079636668,290.6828962252369,288.76876118774913,286.869079636668,32.582,OSH,,,,,,,,,,115.0,1.170713284347826,134.6320277,0.24186108608695656,27.814024900000003,119.0,1.1928404848739496,141.9480177,0.25165199915966385,29.946587899999997,24.12647899159664,259.339487394958,19.020991596638662,169.67199999999997,68.0,1.5719219264705884,106.890691,0.3836816088235294,26.0903494,70.0,1.5759814428571428,110.31870099999999,0.39014582,27.3102074,72.0,1.586203902777778,114.206681,0.3919848944444444,28.2229124,,,,,
US-Jo1,2014,NIRv,year,214.1645698084692,172.0,290.745972979526,288.8182687926299,286.9038895545527,290.745972979526,288.8182687926299,286.9038895545527,32.582,OSH,,,,,,,,,,115.0,1.170713284347826,134.6320277,0.24186108608695656,27.814024900000003,119.0,1.1928404848739496,141.9480177,0.25165199915966385,29.946587899999997,24.12647899159664,259.339487394958,19.020991596638662,169.67199999999997,72.0,1.5322823333333333,110.324328,0.3464548944444445,24.944752400000002,74.0,1.5371937567567566,113.752338,0.35357581621621625,26.164610400000004,76.0,1.5478989210526317,117.64031800000001,0.3562804657894737,27.0773154,,,,,
US-Jo1,2015,NDVI,year,165.02992850793697,172.0,234.02272747697185,209.7408552116533,188.47216403372389,234.02272747697185,209.7408552116533,188.47216403372389,32.582,OSH,7.0,1.029361,7.205527,0.45887399999999995,3.212118,28.72985714285714,312.2041428571428,30.669142857142862,0.0,17.0,0.6599149411764705,11.218554,0.015741543411764702,0.26760623799999994,63.0,1.0497386825396826,66.133537,0.09270927679365079,5.840684438,26.878365079365075,301.7226825396826,23.090238095238092,16.493,23.0,0.7607904347826085,17.498179999999998,0.1382734451304348,3.1802892380000003,44.0,0.9898609545454545,43.553882,0.13508191449999998,5.943604237999999,69.0,1.0494661304347828,72.41316300000001,0.1268603976521739,8.753367438,21.0,1.2407477142857144,26.055702000000004,0.13158642857142855,2.7633149999999995
US-Jo1,2015,EVI,year,62.69130492549875,172.0,342.7175351304453,289.7658546665394,243.55083220638988,342.7175351304453,289.7658546665394,243.55083220638988,32.582,OSH,110.0,1.2788351545454548,140.67186700000002,0.58246969,64.0716659,18.759945454545456,292.00529090909083,17.488763636363633,44.335,72.0,1.0148181388888888,73.06690599999999,0.11346790747222221,8.169689338,171.0,0.8669156941520468,148.2425837,0.16430890115789473,28.096822098,20.951847953216376,229.59712280701754,16.822374269005845,88.557,181.0,1.1757617237569062,212.81287200000003,0.39746917258563536,71.941920238,227.0,1.0639031792951543,241.50602170000002,0.3558412777004405,80.775970038,280.0,1.028530534642857,287.98854969999996,0.32810376070714287,91.869052998,46.0,0.6237641239130436,28.693149700000006,0.1920445608695652,8.834049799999999
US-Jo1,2016,NDVI,year,92.04202181765083,173.0,,,,,,,32.582,OSH,81.0,1.1244142592592592,91.07755499999999,0.653026404691358,52.895138779999996,20.892543209876543,320.55113580246916,21.03061728395062,49.721999999999994,,,,,,,,,,,,,,,,,,,,,,,,,,,,,,,,,,
US-Jo1,2016,EVI,year,86.53808290425191,173.0,358.33938198801127,336.2676859589665,307.6935787618637,358.33938198801127,336.2676859589665,307.6935787618637,32.582,OSH,87.0,1.1182750689655174,97.28993100000001,0.6670762388505747,58.03563277999999,20.314873563218388,315.02233333333334,20.372770114942533,49.976,135.0,0.7519266355555555,101.51009579999999,0.2929217735555556,39.544439430000004,186.0,0.6877480903225807,127.92114480000001,0.26689376951612903,49.64224113,20.506569892473117,225.85637634408607,17.447860215053765,170.66199999999998,221.0,0.8948420669683258,197.7600968,0.4394154262895927,97.11080920999999,250.0,0.8536186552000001,213.40466380000004,0.40406638564,101.01659641,272.0,0.8241586242647058,224.17114579999998,0.3941493048161765,107.20861091,29.0,0.5394678275862069,15.644567,0.1346823172413793,3.9057872
US-Jo1,2016,NIRv,year,61.66243468516733,173.0,347.9782562572456,313.6442774353918,275.18066381844125,347.9782562572456,313.6442774353918,275.18066381844125,32.582,OSH,112.0,1.0672818392857144,119.53556600000002,0.6505604801785714,72.86277378,18.988705357142855,301.80309821428574,19.00632142857143,49.976,103.0,0.7450051922330096,76.7355348,0.28659802067961165,29.51959613,175.0,0.6953948045714285,121.6940908,0.26267216645714286,45.96762913,21.195851428571427,232.6284971428571,18.085228571428573,142.47199999999998,214.0,0.9122951906542055,195.23117079999997,0.4762294715420561,101.91310691,252.0,0.8854145825396825,223.1244748,0.4327222389285714,109.04600420999999,286.0,0.8398242195804194,240.18972679999996,0.4138501395454546,118.36113991,38.0,0.7340343157894738,27.893304000000004,0.18770782368421055,7.132897300000001
US-Jo1,2017,NDVI,year,191.9189750144069,172.0,332.5967705734436,286.5883023906367,255.903120118305,332.5967705734436,286.5883023906367,255.903120118305,32.582,OSH,,,,,,,,,,84.0,,,,,161.0,,,,,22.067788819875776,241.66847826086956,17.688236024844716,178.332,64.0,,,,,95.0,,,,,141.0,1.3432825652173916,189.40284169565223,0.5639566495652175,79.51788758869567,31.0,1.1356922580645163,35.20646000000001,0.5110244612903226,15.841758300000002
US-Jo1,2017,EVI,year,168.88034361161684,172.0,316.384271794782,279.51682165170814,256.4602508956967,316.384271794782,279.51682165170814,256.4602508956967,32.582,OSH,,,,,,,,,,85.0,,,,,145.0,,,,,22.92763448275862,251.31666896551724,18.217137931034486,178.332,88.0,,,,,111.0,,,,,148.0,,,,,23.0,1.1996855652173912,27.592768,0.5025701,11.5591123
US-Jo1,2017,NIRv,year,153.7670185794307,172.0,314.2758925637526,280.38183711564693,257.56810295869377,314.2758925637526,280.38183711564693,257.56810295869377,32.582,OSH,19.0,,,,,27.79231578947369,327.8608421052632,31.071052631578947,3.409,86.0,,,,,143.0,,,,,23.0172027972028,252.42138461538462,18.293167832167832,178.332,104.0,,,,,127.0,,,,,161.0,,,,,23.0,1.1748451739130434,27.021439,0.5026983608695652,11.5620623
US-Jo1,2018,NDVI,year,158.62433751311008,172.0,344.037945430298,304.8921470256616,268.5346765821858,344.037945430298,304.8921470256616,268.5346765821858,32.582,OSH,14.0,0.8105652142857143,11.347913,0.26970784999999997,3.7759098999999994,27.61242857142857,321.53049999999996,30.25335714285714,21.421,97.0,1.040057505154639,100.88557799999998,0.375373018556701,36.4111828,173.0,0.9261620751445088,160.22603900000001,0.3909978647398844,67.6426306,20.280514450867056,226.819676300578,16.988023121387283,239.895,110.0,1.0097044636363637,111.067491,0.36241142454545444,39.86525669999999,146.0,0.9867768356164383,144.06941799999998,0.382283093150685,55.813331600000005,186.0,0.9161717849462365,170.407952,0.38224034677419355,71.0967045,36.0,0.9167201944444443,33.001926999999995,0.44300208055555557,15.9480749
US-Jo1,2018,EVI,year,115.73646887643672,172.0,335.6519425239861,294.1905518781406,260.9177848062755,335.6519425239861,294.1905518781406,260.9177848062755,32.582,OSH,57.0,0.9895620701754384,56.40503799999999,0.6736724719298245,38.399330899999995,25.32821052631579,324.42663157894737,28.472614035087716,22.706999999999997,89.0,1.0362500786516853,92.22625699999999,0.36968717752808994,32.9021588,164.0,0.9573991646341462,157.01346299999997,0.394817662195122,64.7500966,21.043493902439025,233.32129268292684,17.698713414634145,227.64100000000002,145.0,1.0170020344827584,147.46529499999997,0.4895148531034483,70.9796537,179.0,0.9989578603351954,178.81345699999997,0.47922524357541896,85.78131859999999,220.0,0.9647840954545455,212.252501,0.46739814318181816,102.8275915,34.0,0.9220047647058823,31.348162,0.43534308529411764,14.8016649
US-Jo1,2018,NIRv,year,72.96646503042095,172.0,334.8372993124728,295.4189208146085,261.0898551586178,334.8372993124728,295.4189208146085,261.0898551586178,32.582,OSH,100.0,1.00797479,100.797479,0.7166474733,71.66474733,21.911910000000002,305.17008999999996,23.6837,24.113,90.0,1.036317522222222,93.26857699999998,0.3696305977777778,33.266753800000004,163.0,0.9581926257668709,156.18539799999996,0.39362173374233134,64.1603426,21.123325153374232,233.78925153374234,17.77173619631902,227.64100000000002,189.0,1.020635216931217,192.900056,0.5534902916931217,104.60966513,223.0,1.0061870313901344,224.37970799999997,0.5358868880269058,119.50277602999998,262.0,0.9764002938931297,255.81687699999998,0.5171879920992366,135.50325393,34.0,0.9258721176470588,31.479651999999998,0.43803267352941183,14.893110900000002
US-Jo1,2019,NDVI,year,90.05514446877403,172.0,342.7856318114479,341.66722821286095,340.50197355982874,342.7856318114479,341.66722821286095,340.50197355982874,32.582,OSH,82.0,1.585002073170732,129.97017000000002,0.9445566317073172,77.45364380000001,20.132060975609754,315.70215853658533,19.787390243902443,53.949999999999996,169.0,0.9272173165680473,156.6997265,0.5337926227810651,90.21095325,171.0,0.9194538274853802,157.2266045,0.5278205687134503,90.25731725,21.084964912280704,236.7982105263158,18.799684210526316,155.79399999999998,250.0,1.137398346,284.3495865,0.6655366282,166.38415705,251.0,1.1344390219123506,284.7441945,0.663592737250996,166.56177705,252.0,1.1304621607142857,284.8764645,0.6604385755952381,166.43052105,,,,,
US-Jo1,2019,EVI,year,80.72015369805457,172.0,331.8679396669405,314.139277072591,294.25870517168244,331.8679396669405,314.139277072591,294.25870517168244,32.582,OSH,92.0,1.5843141304347825,145.7569,0.9206732586956522,84.7019398,19.662152173913043,311.7421630434783,19.264869565217392,53.949999999999996,123.0,1.0514611463414634,129.329721,0.5774845841463414,71.03060384999999,160.0,0.952697496875,152.4315995,0.5408738515625,86.53981625,22.00185625,244.91033125000004,19.776325,130.14,214.0,1.274608929906542,272.766311,0.7217388021028038,154.45210365000003,234.0,1.229022269230769,287.591211,0.7015477335470086,164.16216965,251.0,1.1787577270916334,295.86818949999997,0.6771367173306773,169.96131605,20.0,0.7412449999999999,14.8249,0.48550329999999997,9.710066
US-Jo1,2019,NIRv,year,66.67860346723155,172.0,330.9672742866983,311.5409386442414,289.6810722110674,330.9672742866983,311.5409386442414,289.6810722110674,32.582,OSH,106.0,1.506183386792453,159.65543900000003,0.8722827481132077,92.46197130000002,18.46666037735849,297.953141509434,17.801235849056603,68.744,118.0,1.0454090762711865,123.358271,0.5699016258474575,67.24839184999999,159.0,0.956448110062893,152.07524949999998,0.542344177672956,86.23272424999999,22.12072327044025,246.1021006289308,19.88150314465409,117.186,223.0,1.258714798206278,280.6934,0.7104480858744394,158.42992314999998,245.0,1.2245204244897958,300.007504,0.6975184455102041,170.89201915,264.0,1.172009009469697,309.41037850000004,0.6720236952651515,177.41425555,22.0,0.8779138181818182,19.314104,0.566458909090909,12.462095999999999
US-Jo1,2020,NDVI,year,-9.0,173.0,263.6757608387388,178.46236870347943,123.161918934546,263.6757608387388,178.46236870347943,123.161918934546,32.582,OSH,183.0,1.18338750867052,216.55991408670513,0.6498242650867052,118.91784051086705,15.478173410404626,254.50888439306357,15.202028901734105,116.56465317919074,,,,,,91.0,0.7027817307692308,63.953137500000004,0.2607293181318681,23.72636795,27.500945054945056,288.7954065934066,28.592945054945055,36.745000000000005,133.0,1.0524171544715448,139.97148154471546,0.5891521934959348,78.35724173495933,188.0,1.177027011235955,221.28107811235955,0.6423802913483146,120.76749477348315,273.0,1.0182552604562738,277.98368610456276,0.5163803528897338,140.97183633889733,55.0,1.455699963636364,80.06349800000001,0.7614176738181816,41.87797205999999
US-Jo1,2020,EVI,year,-9.0,173.0,306.22199505855946,207.8994749881752,118.48896409840064,306.22199505855946,207.8994749881752,118.48896409840064,32.582,OSH,183.0,1.18338750867052,216.55991408670513,0.6498242650867052,118.91784051086705,15.478173410404626,254.50888439306357,15.202028901734105,116.56465317919074,,,,,,134.0,0.6131224843283583,82.1584129,0.25835397052238807,34.61943205,25.038059701492532,268.89357462686564,25.977776119402986,49.107,128.0,1.0102164406779661,129.30770440677966,0.5681914389830508,72.7285041898305,217.0,1.124162376811594,243.9432357681159,0.5964196630917874,129.42306689091785,316.0,0.9346614669934641,295.35302356993463,0.47941534937908503,151.49525040379086,89.0,1.2752367640449438,113.496072,0.6338458478651684,56.41228045999999
US-Jo1,2020,NIRv,year,75.14986039118625,173.0,316.21656452083243,229.09827582845895,141.53149767074112,316.21656452083243,229.09827582845895,141.53149767074112,32.582,OSH,98.0,1.6628847857142857,162.962709,0.8984113781632653,88.04431506,20.88386734693878,320.1152959183673,21.682193877551022,38.153,,,,,,144.0,0.6073236173611112,87.4546009,0.256284584375,36.90498015,24.345180555555558,262.6010486111111,25.064173611111112,49.107,66.0,1.8031583333333334,119.00845000000001,1.032114984848485,68.119589,154.0,1.3442832110389609,207.01961449999996,0.6620344883766235,101.95331121000002,241.0,1.0354326427385894,249.53926690000003,0.5170595942323651,124.61136221,88.0,1.000126869318182,88.0111645,0.38447411602272724,33.83372221
US-Jo1,2021,NDVI,year,-7.0,172.0,331.8266541240127,272.7140960317498,236.23602652313903,331.8266541240127,272.7140960317498,236.23602652313903,32.582,OSH,180.0,0.46605989825581395,83.89078168604651,0.09790021511627908,17.622038720930234,15.197366279069769,262.7427267441861,16.237319767441864,12.45139534883721,65.0,1.53632576,99.8611744,0.04434670719999998,2.8825359679999987,160.0,1.03501054,165.6016864,0.1450209881125,23.203358098,21.5145625,239.35650625,17.2639875,220.50800000000004,244.0,0.762355995338983,186.01486286271185,0.08912268206779661,21.745934424542373,280.0,0.8079208452205883,226.21783666176472,0.09267370517647062,25.948637449411773,339.0,0.7421647338368579,251.59384477069483,0.12493587642900301,42.35326210943202,36.0,1.1066237499999998,39.838454999999996,0.11595263444444444,4.17429484
US-Jo1,2021,EVI,year,-7.0,172.0,314.9598173561458,262.1648135189953,221.816181910709,314.9598173561458,262.1648135189953,221.816181910709,32.582,OSH,180.0,0.46605989825581395,83.89078168604651,0.09790021511627908,17.622038720930234,15.197366279069769,262.7427267441861,16.237319767441864,12.45139534883721,50.0,1.298566488,64.92832440000001,-0.20728395864000004,-10.364197932000002,143.0,1.1254549748251748,160.9400614,0.1322563573286713,18.912659097999995,22.691286713286715,248.9112867132867,18.09287412587413,213.64999999999998,229.0,0.656032420361991,150.23142426289596,0.03523176048868777,8.0680731519095,270.0,0.8181755034351145,220.9073859274809,0.10411417751145038,28.110827928091602,322.0,0.7674996875796178,247.13489940063695,0.11803527419745224,38.00735829157962,41.0,1.6921662682926828,69.378817,0.4754072058536585,19.491695439999997
US-Jo1,2021,NIRv,year,-7.0,172.0,307.9404029004779,263.4236158009382,233.11023116668224,307.9404029004779,263.4236158009382,233.11023116668224,32.582,OSH,180.0,0.46605989825581395,83.89078168604651,0.09790021511627908,17.622038720930234,15.197366279069769,262.7427267441861,16.237319767441864,12.45139534883721,62.0,1.5022400709677417,93.13888439999998,0.002315693032258032,0.14357296799999797,136.0,1.1641362970588234,158.3225364,0.12599121763235294,17.134805598,23.06843382352941,252.35606617647062,18.31875,213.65,241.0,0.7433207077253218,179.14029056180254,0.07851497840343347,18.922109795227467,271.0,0.8176546498098859,221.58441009847908,0.1041701540228137,28.23011174018251,315.0,0.7764735403908795,244.58916522312703,0.114935578495114,36.20470722596091,30.0,1.3949816,41.849447999999995,0.30342535133333326,9.102760539999998
US-Jo1,2022,NDVI,year,198.8565894365432,172.0,353.9619368740342,315.09229269395667,281.78377034578034,353.9619368740342,315.09229269395667,281.78377034578034,32.582,OSH,,,,,,,,,,110.0,0.9135098381818184,100.48608220000003,0.16010324263636364,17.61135669,182.0,,,,,19.24385164835165,215.90565384615383,15.310906593406594,234.65899999999993,83.0,1.085454408433735,90.0927159,0.26670835602409637,22.13679355,117.0,,,,,155.0,,,,,34.0,,,,
US-Jo1,2022,EVI,year,231.59629662587488,172.0,341.5911718542331,311.6115771441952,280.1558098056309,341.5911718542331,311.6115771441952,280.1558098056309,32.582,OSH,,,,,,,,,,109.0,0.9128300110091746,99.49847120000003,0.1557493733027523,16.97668169,170.0,,,,,20.191152941176473,222.09589411764705,15.932017647058824,232.644,49.0,1.5908904224489797,77.9536307,0.4821880714285714,23.6272155,80.0,,,,,110.0,,,,,31.0,,,,
US-Jo1,2022,NIRv,year,144.28953012344132,172.0,342.0598035883074,312.08445771322715,287.60533719813645,342.0598035883074,312.08445771322715,287.60533719813645,32.582,OSH,28.0,0.39497107285714295,11.059190040000002,0.20292515714285714,5.6819044,26.856642857142855,324.5378571428572,29.916249999999998,18.288,116.0,0.9196875965517242,106.6837612,0.18523721284482758,21.48751669,171.0,,,,,20.13850877192983,221.60030409356727,15.882198830409356,232.644,143.0,0.8187314072727273,117.07859124000001,0.18948732230769227,27.096687089999996,168.0,0.8226744331506849,138.20930476931505,0.19886826773972602,33.40986898027397,198.0,,,,,25.0,,,,
US-KFS,2017,NDVI,year,90.94415053258996,172.0,340.1962644641944,298.5735959996296,248.6339619983851,340.1962644641944,298.5735959996296,248.6339619983851,39.0561,GRA,82.0,2.7478234707317073,225.3215246,0.3868102109756097,31.718437299999994,18.066963414634145,250.00386585365854,12.205975609756097,316.8,77.0,7.741332857142855,596.0826299999999,3.057978766233766,235.464365,169.0,4.076770098224852,688.9741466,1.1967387674556214,202.24885170000002,18.215449704142014,193.13829585798814,11.87431952662722,771.6,158.0,5.15971775063291,815.2354045999998,1.6856364639240506,266.3305613,208.0,4.436636774038462,922.820449,1.283580058173077,266.9846521,250.0,3.6325076847999997,908.1269212,0.9324601919999999,233.11504799999997,50.0,2.1517008879999997,107.58504439999999,0.01308181599999999,0.6540907999999994
US-KFS,2017,EVI,year,96.16763406485484,172.0,330.24638181737873,278.6616394185089,225.243891192376,330.24638181737873,278.6616394185089,225.243891192376,39.0561,GRA,76.0,2.916696323684211,221.66892060000004,0.46730689868421066,35.51532430000001,18.67296052631579,258.77038157894737,12.621434210526315,285.2,54.0,8.57958388888889,463.29753,3.097209722222223,167.24932500000003,159.0,4.35751323018868,692.8446036,1.3040015012578616,207.3362387,18.788415094339623,199.67410062893077,12.28020754716981,764.8,129.0,5.261997679069768,678.7977006,1.5652124674418604,201.91240829999998,182.0,4.973996321978022,905.2673305999999,1.5174152021978018,276.1695667999999,234.0,3.8818152743589747,908.3447742000001,1.0341851367521366,241.99932199999998,53.0,4.273011886792453,226.46963000000002,1.401078462264151,74.2571585
US-KFS,2017,NIRv,year,98.6343551530399,172.0,327.2842874981186,275.56846018735695,224.0877324195959,327.2842874981186,275.56846018735695,224.0877324195959,39.0561,GRA,74.0,2.977258156756757,220.3171036,0.5028413283783785,37.21025830000001,18.771432432432434,258.7154189189189,12.70758108108108,285.2,53.0,8.640153207547169,457.9281199999999,3.1066802830188687,164.65405500000003,156.0,4.447276285897436,693.7751006,1.3427864852564102,209.4746917,18.916557692307695,201.42756410256408,12.417660256410255,764.8,126.0,5.3339402666666675,672.0764736000001,1.5953339071428572,201.0120723,177.0,5.087894766101695,900.5573736000001,1.5728942926553673,278.4022898,229.0,3.9647312410480358,907.9234542000002,1.0735052794759825,245.832709,51.0,4.480017647058823,228.48089999999996,1.517455245098039,77.39021749999999
US-MMS,2022,NDVI,year,120.22964248268384,172.0,302.3484606718011,290.9321110764451,279.5148835148928,302.3484606718011,290.9321110764451,279.5148835148928,39.3232,DBF,52.0,10.254743846153845,533.24668,3.816091076923077,198.436736,20.54021153846154,247.96315384615386,8.918750000000001,175.64299999999997,108.0,10.684402037037037,1153.91542,4.377407435185185,472.7600029999999,131.0,9.242310506870231,1210.7426764000002,3.5696659648854965,467.6262414,20.3636106870229,216.9566717557252,8.077465648854961,316.2,159.0,10.529717610062894,1674.2251,4.186953201257862,665.7255590000001,170.0,10.104050470588236,1717.68858,3.9778785411764708,676.239352,182.0,9.511276683516483,1731.0523564,3.6296252604395614,660.5917974000001,11.0,3.951225454545454,43.46348,0.9557993636363634,10.513792999999998
US-MMS,2022,EVI,year,111.86325692189024,172.0,312.9410654792901,283.2356127597252,252.69456524457595,312.9410654792901,283.2356127597252,252.69456524457595,39.3232,DBF,61.0,8.888534196721313,542.200586,2.8671514098360653,174.896236,19.874114754098358,243.65068852459018,8.905,223.843,81.0,11.600602222222223,939.6487800000001,4.955065074074074,401.360271,141.0,8.580379359574469,1209.8334897,3.1168303645390067,439.47308139999996,19.960808510638298,209.22027659574468,7.946361702127659,338.8,141.0,10.41781819858156,1468.912366,4.048122886524823,570.785327,172.0,9.912734162790697,1704.9902759999998,3.779790284883721,650.123929,201.0,8.65222425721393,1739.0970757,3.029343967164179,608.8981374,31.0,7.615416451612903,236.07791,2.559309741935484,79.33860200000001
US-MMS,2022,NIRv,year,114.40483734710298,172.0,314.3393380549355,281.07281383966944,246.3673071917388,314.3393380549355,281.07281383966944,246.3673071917388,39.3232,DBF,58.0,9.351618965517241,542.3939,3.199192862068965,185.55318599999998,19.76448275862069,244.2665172413793,8.685672413793105,218.743,75.0,11.741850933333334,880.63882,5.030298413333333,377.272381,143.0,8.458389643356645,1209.549719,3.038992457342657,434.57592139999997,19.917426573426575,208.22000699300702,8.00813986013986,338.8,132.0,10.682543333333333,1410.09572,4.222381719696969,557.3543869999999,167.0,10.147425748502995,1694.6201,3.9351702335329337,657.1734289999999,200.0,8.695033095,1739.0066189999998,3.073289637,614.6579274,35.0,8.129268000000001,284.52438000000006,2.8519726285714286,99.819042
US-MMS,2023,NDVI,year,104.66000630937138,172.0,319.9074554593831,302.9769268524504,285.70741652560315,319.9074554593831,302.9769268524504,285.70741652560315,39.3232,DBF,68.0,8.758449808823528,595.5745869999998,4.406850025000001,299.66580170000003,17.246882352941178,248.17249999999999,9.697500000000002,188.9,114.0,11.784859649122806,1343.474,4.991052640350877,568.980001,148.0,9.393550537837836,1390.2454795999997,3.58513762972973,530.6003692,19.35137162162162,202.95640540540543,7.1521891891891896,341.18,181.0,10.624209872928178,1922.9819870000003,4.7420414513812155,858.3095027,198.0,9.946812070707072,1969.4687900000001,4.318057731818182,854.9754309,215.0,9.161644030697675,1969.7534666,3.813627306511628,819.9298709,17.0,2.734517823529412,46.48680300000001,-0.1961218705882353,-3.3340718000000003
US-MMS,2023,EVI,year,104.23287296626312,172.0,313.8074432430016,286.7366148695587,258.59007018667387,313.8074432430016,286.7366148695587,258.59007018667387,39.3232,DBF,68.0,8.758449808823528,595.5745869999998,4.406850025000001,299.66580170000003,17.246882352941178,248.17249999999999,9.697500000000002,188.9,87.0,13.124546551724139,1141.83555,5.413405298850573,470.9662609999998,142.0,9.790388804929577,1390.2352103,3.81958245915493,542.3807092000001,19.747739436619717,205.4971338028169,7.118908450704225,341.18,154.0,11.177555435064937,1721.3435370000002,4.9369854720779225,760.2957627000001,182.0,10.596811302197803,1928.6196570000002,4.730197047802198,860.8958627000001,209.0,9.424608599521532,1969.7431973000002,3.9794746933014356,831.7102109,28.0,7.402718571428571,207.27612,3.592860714285714,100.6001
US-MMS,2023,NIRv,year,122.16983981133532,172.0,312.2619039173997,284.48648954001374,255.6612370888477,312.2619039173997,284.48648954001374,255.6612370888477,39.3232,DBF,50.0,10.951098599999998,547.5549299999999,6.198197619999999,309.909881,19.64582,274.2722,11.002,132.9,84.0,13.222256547619049,1110.66955,5.387194416666666,452.5243309999999,141.0,9.864872236170212,1390.9469853,3.8674287886524827,545.3074592,19.799695035460992,206.0687730496454,7.124269503546099,341.18,133.0,12.347051729323308,1642.15788,5.654871518796992,752.097912,162.0,11.541272160493827,1869.68609,5.348265691358025,866.419042,190.0,10.118080606842106,1922.4353153000002,4.446742316842105,844.8810401999999,29.0,7.845800344827587,227.52821,3.9421079310344824,114.32113
US-MOz,2016,NDVI,year,120.80946594942908,173.0,332.21314225475265,300.92816622219334,269.06929794174187,332.21314225475265,300.92816622219334,269.06929794174187,38.7441,DBF,53.0,10.465067735849058,554.64859,4.472564396226415,237.045913,21.16941509433962,272.8444528301887,9.57088679245283,111.90000000000002,97.0,9.202643216494847,892.6563920000002,2.6820558752577313,260.15941989999993,160.0,6.54694908125,1047.511853,1.412098105625,225.93569689999998,21.522187499999998,191.62495625000003,8.1221,592.1,149.0,9.66177410738255,1439.604342,3.3319593281879194,496.4619399,180.0,8.699608633333332,1565.9295539999998,2.7911955966666664,502.41520739999993,212.0,7.521036806603774,1594.459803,2.18036894764151,462.23821690000005,31.0,4.075006838709678,126.32521200000001,0.19204088709677417,5.953267499999999
US-MOz,2016,EVI,year,121.8482664563463,173.0,321.7930259766933,269.2681422806256,215.124980138705,321.7930259766933,269.2681422806256,215.124980138705,38.7441,DBF,52.0,10.567425769230768,549.50614,4.575022288461539,237.901159,21.231173076923078,274.9168846153846,9.661846153846154,102.70000000000002,43.0,11.24146558139535,483.38302000000004,4.322946325581396,185.886692,149.0,6.982332281879195,1040.36751,1.5787234657718123,235.22979640000003,22.517610738255033,199.96408724832213,8.386127516778522,589.7,94.0,10.906260851063829,1025.18852,4.500472957446808,423.04445799999996,148.0,9.69231008108108,1434.4618919999998,3.3602512560810807,497.3171858999999,200.0,7.91086505,1582.17301,2.361937812,472.3875624,54.0,7.579136518518517,409.27337199999994,1.3754208870370368,74.27272789999999
US-MOz,2016,NIRv,year,122.07568412815812,173.0,321.9160886654718,263.33361905594944,203.16447955998265,321.9160886654718,263.33361905594944,203.16447955998265,38.7441,DBF,51.0,10.595711764705882,540.3813,4.6063974313725495,234.92626900000002,21.354843137254903,275.4977647058824,9.751705882352942,102.70000000000002,31.0,11.248168387096774,348.69322,4.6449807096774185,143.99440199999998,149.0,6.982332281879195,1040.36751,1.5787234657718123,235.22979640000003,22.517610738255033,199.96408724832213,8.386127516778522,589.7,81.0,10.881159012345679,881.37388,4.668855283950617,378.177278,141.0,9.84409880851064,1388.0179320000002,3.498216872340425,493.24857899999995,199.0,7.904764673366835,1573.0481700000003,2.3588576502512564,469.4126724,60.0,8.444067533333333,506.644052,1.9178550166666668,115.071301
US-Me6,2017,NDVI,year,227.9267641185654,172.0,372.79162346551857,368.51362198583695,362.32336958936935,372.79162346551857,368.51362198583695,362.32336958936935,44.3232,ENF,,,,,,,,,,191.0,2.029236526492147,387.58417656000006,-0.548846062460733,-104.82959792999999,201.0,2.004911162680412,402.98714369876285,-0.5404050609793815,-108.62141725685568,10.148448453608248,184.022587628866,9.021407216494845,178.35123711340205,135.0,1.3214343448888888,178.39363655999998,-0.46551997874074075,-62.84519713,141.0,1.3026248228985506,183.67010002869563,-0.45546507992753626,-64.22057626978261,145.0,1.3026248228985506,188.88059932028983,-0.45546507992753626,-66.04243658949275,6.0,,,,
US-Me6,2017,EVI,year,103.12707076518949,172.0,,,,,,,44.3232,ENF,69.0,3.978988043478262,274.5501750000001,0.9733813173913045,67.16331090000001,10.442492753623187,282.20294202898555,6.903043478260869,28.369999999999997,,,,,,,,,,,,,,,,,,,,,,,,,,,,,,,,,,
US-Me6,2017,NIRv,year,103.67433340110529,172.0,,,,,,,44.3232,ENF,69.0,3.978988043478262,274.5501750000001,0.9733813173913045,67.16331090000001,10.442492753623187,282.20294202898555,6.903043478260869,28.369999999999997,,,,,,,,,,,,,,,,,,,,,,,,,,,,,,,,,,
US-Me6,2020,NDVI,year,257.0446240354747,173.0,348.458071684853,345.59901255530355,342.7234288935171,348.458071684853,345.59901255530355,342.7234288935171,44.3232,ENF,,,,,,,,,,170.0,2.2568998547058823,383.67297529999996,-0.4452359117647059,-75.690105,176.0,2.17656249375,383.0749989,-0.4416194659090909,-77.725026,12.03815340909091,204.38686931818185,9.997505681818183,134.13,85.0,1.0888417211764707,92.55154630000001,-0.4172040364705883,-35.462343100000005,88.0,1.0459488363636362,92.0434976,-0.4139502738636364,-36.4276241,91.0,1.0104787901098902,91.9535699,-0.4120578472527473,-37.4972641,,,,,
US-Me6,2020,EVI,year,171.66009134767756,173.0,,,,,,,44.3232,ENF,,,,,,,,,,,,,,,,,,,,,,,,,,,,,,,,,,,,,,,,,,,
US-Me6,2020,NIRv,year,169.03525531785337,173.0,,,,,,,44.3232,ENF,,,,,,,,,,,,,,,,,,,,,,,,,,,,,,,,,,,,,,,,,,,
US-Me6,2023,NDVI,year,258.2008358877944,172.0,373.2744240677325,365.6853117372749,354.5828748028247,373.2744240677325,365.6853117372749,354.5828748028247,44.3232,ENF,,,,,,,,,,183.0,2.1184788084153006,387.68162194,-0.6825595852459015,-124.90840409999998,202.0,2.0131921759793814,406.66481954783507,-0.6645281293814433,-134.23468213505154,9.912242268041236,175.70299999999997,8.30079381443299,153.36902061855673,96.0,1.0245474264583334,98.35655294,-0.5837583760416667,-56.0408041,107.0,0.9461141414953271,101.23421314000001,-0.5612229635514019,-60.0508571,115.0,0.9461141414953271,108.80312627196263,-0.5612229635514019,-64.54064080841121,11.0,0.26160547272727275,2.8776602000000002,-0.36455027272727275,-4.010053
US-Me6,2023,NIRv,year,101.92592412671615,172.0,368.1344142071113,366.7103182544408,365.2892878430585,368.1344142071113,366.7103182544408,365.2892878430585,44.3232,ENF,71.0,4.919658591549295,349.2957599999999,1.1807444661971829,83.83285709999998,11.290661971830987,282.1440704225352,7.92161971830986,32.987,194.0,2.0131921759793814,390.55928214,-0.6645281293814433,-128.9184571,197.0,2.0131921759793814,396.59885866793815,-0.6645281293814433,-130.91204148814433,9.912242268041236,175.70299999999997,8.30079381443299,149.57275773195877,264.0,2.779887015681818,733.89017214,-0.17461723484848482,-46.098949999999995,265.0,2.779887015681818,736.6700591556818,-0.17461723484848482,-46.27356723484848,267.0,2.779887015681818,742.2298331870454,-0.17461723484848482,-46.622801704545445,,,,,
US-Me6,2024,NDVI,year,235.96249306631648,173.0,353.6167872923993,351.74133475981216,348.3338237512077,353.6167872923993,351.74133475981216,348.3338237512077,44.3232,ENF,,,,,,,,,,176.0,2.8470395482954545,501.0789605,-0.5811200380681818,-102.2771267,181.0,2.7956755994475135,506.01728349999996,-0.5829561033149171,-105.5150547,11.213314917127072,193.13400000000001,9.323513812154696,114.58800000000002,113.0,1.7805020398230087,201.19673049999997,-0.3973550911504425,-44.901125300000004,116.0,1.7564487370689654,203.7480535,-0.4032788129310345,-46.7803423,118.0,1.7469072330508475,206.1350535,-0.40795807881355933,-48.1390533,,,,,
US-Me6,2024,EVI,year,175.19057129903433,173.0,347.74651121457725,346.4704946256183,345.19452421352247,347.74651121457725,346.4704946256183,345.19452421352247,44.3232,ENF,,,,,,,,,,173.0,2.887390447976878,499.5185474999999,-0.580898125433526,-100.49537570000001,175.0,2.859084934285714,500.3398634999999,-0.5812107468571428,-101.7118807,11.577108571428573,198.25835999999998,9.60842857142857,75.316,170.0,2.807695338235294,477.3082074999999,-0.5896477570588236,-100.24011870000001,171.0,2.7939728450292396,477.76935649999996,-0.588893401754386,-100.7007717,172.0,2.7798228110465115,478.1295235,-0.5898640912790697,-101.45662369999998,,,,,
US-Me6,2024,NIRv,year,174.31630426225692,173.0,,,,,,,44.3232,ENF,,,,,,,,,,,,,,,,,,,,,,,,,,,,,,,,,,,,,,,,,,,
US-Me6,2025,NDVI,year,251.56274081193143,172.0,,,,,,,44.3232,ENF,,,,,,,,,,,,,,,,,,,,,,,,,,,,,,,,,,,,,,,,,,,
US-Mpj,2016,NDVI,year,132.83266284446398,173.0,301.54827656897623,291.2136457018393,276.122353071824,301.54827656897623,291.2136457018393,276.122353071824,34.4382,WSA,41.0,2.884119512195122,118.2489,0.7014819999999999,28.760761999999996,17.312268292682926,326.2773170731707,14.525634146341462,41.601,104.0,1.8379155,191.143212,-0.04784030144230769,-4.97539135,129.0,1.7336904263565893,223.64606500000002,-0.04690785573643411,-6.05111339,18.084906976744186,263.9392093023256,12.452108527131784,159.39,144.0,2.1303414722222223,306.769172,0.16105565729166665,23.192014649999997,159.0,2.054413238993711,326.65170500000005,0.13428483647798742,21.351288999999998,169.0,2.007526775147929,339.272025,0.13086563674556212,22.11629261,15.0,1.3255021999999999,19.882533,-0.1227150433333333,-1.8407256499999995
US-Mpj,2016,EVI,year,102.21956538361012,173.0,297.9512369416079,274.74264885084165,235.38825517820803,297.9512369416079,274.74264885084165,235.38825517820803,34.4382,WSA,71.0,2.8977330985915493,205.73905,1.1793165915492958,83.731478,14.07481690140845,313.6936619718309,11.63125352112676,58.084999999999994,63.0,1.9195603174603175,120.9323,0.023182019206349207,1.46046721,125.0,1.7526922800000004,219.08653500000005,-0.050125348,-6.2656685,18.194551999999995,266.155464,12.514840000000001,159.39000000000001,133.0,2.436454210526316,324.04841,0.6360796181203008,84.59858921,172.0,2.2827647093023256,392.63553,0.4588937595930232,78.92972664999999,195.0,2.1651417692307695,422.2026450000001,0.3942177102564102,76.87245349999999,39.0,1.7586441025641026,68.58712,-0.14535545025641022,-5.668862559999999
US-Mpj,2016,NIRv,year,102.8770185576776,173.0,297.18427160927274,271.26451719930856,228.89442927778217,297.18427160927274,271.26451719930856,228.89442927778217,34.4382,WSA,71.0,2.8977330985915493,205.73905,1.1793165915492958,83.731478,14.07481690140845,313.6936619718309,11.63125352112676,58.084999999999994,56.0,1.88386125,105.49623,0.06706711089285715,3.75575821,125.0,1.7526922800000004,219.08653500000005,-0.050125348,-6.2656685,18.194551999999995,266.155464,12.514840000000001,159.39000000000001,126.0,2.4493042857142853,308.61233999999996,0.689633969920635,86.89388021,169.0,2.3048061775147928,389.51224399999995,0.4694358322485207,79.33465565,195.0,2.1651417692307695,422.2026450000001,0.3942177102564102,76.87245349999999,43.0,1.88139311627907,80.899904,-0.17579591999999997,-7.559224559999999
US-Mpj,2017,NDVI,year,30.0,172.0,360.24549184136623,326.3311774689662,292.26436640614094,360.24549184136623,326.3311774689662,292.26436640614094,34.4382,WSA,143.0,2.004546951048951,286.650214,0.6184550477622377,88.43907182999999,11.371118881118882,275.8055174825175,10.28379020979021,90.88699999999999,121.0,2.126565842975207,257.31446700000004,-0.14365189917355373,-17.3818798,189.0,2.074404492063492,392.062449,0.2780944243386243,52.559846199999996,14.3094126984127,230.1233015873016,10.14346560846561,218.372,263.0,2.063203920152091,542.622631,0.27207320163498094,71.55525202999999,297.0,2.1054351885521885,625.314251,0.37534302703703704,111.47687903,331.0,2.046436897280967,677.370613,0.4274833173111783,141.49697803,34.0,2.432106470588235,82.69162,1.1741655,39.921627
US-Mpj,2017,EVI,year,61.38837012473079,172.0,354.86752855829866,305.49205894466,253.52432175226647,354.86752855829866,305.49205894466,253.52432175226647,34.4382,WSA,111.0,2.314401927927928,256.898614,0.6893259594594594,76.5151815,13.24346846846847,300.88686486486483,11.738522522522521,81.326,82.0,2.195051182926829,179.99419699999999,-0.14461786707317076,-11.858665100000001,183.0,2.1012026338797813,384.520082,0.2629661978142076,48.12281419999999,14.664896174863388,232.95863387978147,10.284360655737705,218.37199999999999,192.0,2.2684935468750003,435.5507610000001,0.3393467520833333,65.1545764,244.0,2.2467294713114754,548.201991,0.30661242909836056,74.81343269999998,293.0,2.184561931740615,640.0766460000002,0.427085514334471,125.1360557,52.0,2.1663698076923072,112.65122999999997,0.18574723653846154,9.6588563
US-Mpj,2017,NIRv,year,61.29635314531295,172.0,354.10897866766464,302.73113070983567,249.30841087690823,354.10897866766464,302.73113070983567,249.30841087690823,34.4382,WSA,111.0,2.314401927927928,256.898614,0.6893259594594594,76.5151815,13.24346846846847,300.88686486486483,11.738522522522521,81.326,78.0,2.1911380384615384,170.908767,-0.16486823205128204,-12.859722099999999,183.0,2.1012026338797813,384.520082,0.2629661978142076,48.12281419999999,14.664896174863388,232.95863387978147,10.284360655737705,218.37199999999999,188.0,2.2684326117021274,426.46533099999994,0.34124212446808505,64.1535194,241.0,2.244467390041494,540.916641,0.29600563360995846,71.33735769999998,293.0,2.184561931740615,640.0766460000002,0.427085514334471,125.1360557,53.0,2.159458679245283,114.45131,0.13554411886792453,7.1838383
US-Mpj,2018,NDVI,year,33.0,172.0,345.4252273876885,304.88503966226875,268.0136484260356,345.4252273876885,304.88503966226875,268.0136484260356,34.4382,WSA,140.0,1.3617858714285715,190.650022,0.6358155971428571,89.0141836,11.957792857142858,279.6579214285715,11.881757142857142,55.715999999999994,97.0,1.648265794845361,159.8817821,-0.5145550702061855,-49.91184181,174.0,1.4793339822413791,257.40411291,-0.06015373913793107,-10.466750610000005,14.489764367816091,228.65942528735636,10.18380459770115,263.281,236.0,1.4839157716101692,350.20412209999995,0.1701391601271187,40.15284179000001,272.0,1.4896728312499998,405.19101009999997,0.20161602569852943,54.83955899000001,313.0,1.4304359517891374,447.72645291000003,0.2543064951757188,79.59793298999998,36.0,1.5274135555555557,54.98688800000001,0.40796436666666663,14.686717199999999
US-Mpj,2018,EVI,year,151.00968793844294,172.0,312.39384797659886,283.6794504919687,262.48450451757725,312.39384797659886,283.6794504919687,262.48450451757725,34.4382,WSA,21.0,0.37364852380952385,7.8466190000000005,-0.7647723333333334,-16.060219,21.53509523809524,337.0295238095238,20.251428571428573,19.812,91.0,1.6326061769230769,148.5671621,-0.5488705659340659,-49.9472215,141.0,1.609333263120567,226.91599009999996,-0.20681106106382982,-29.160359610000004,17.27768085106383,247.5922411347518,11.608489361702128,251.597,111.0,1.406181072972973,156.08609909999998,-0.5851976621621622,-64.9569405,132.0,1.4685809780303032,193.85268910000002,-0.43520983795454543,-57.447698609999996,161.0,1.456117559627329,234.43492709999998,-0.2743483143478261,-44.17007861,21.0,1.7984090476190473,37.766589999999994,0.3575829471428572,7.509241890000001
US-Mpj,2018,NIRv,year,127.93121980454968,172.0,310.4168193990193,285.1010042527765,264.2210248066272,310.4168193990193,285.1010042527765,264.2210248066272,34.4382,WSA,45.0,0.4703751333333334,21.166881000000004,-0.5019656866666666,-22.5884559,20.29424444444444,340.8002888888888,19.53686666666667,26.924,93.0,1.6268409903225804,151.2962121,-0.5430354268817204,-50.50229469999999,139.0,1.6100987776978415,223.80373009999997,-0.22139756553956838,-30.774261610000003,17.40059712230216,248.44273381294965,11.685086330935253,251.59700000000004,137.0,1.2564628547445256,172.1354111,-0.5258412452554745,-72.04025060000001,158.0,1.3347359563291141,210.88828110000003,-0.3934100412025317,-62.158786510000006,183.0,1.3368466071038252,244.6429291,-0.2858591120765028,-52.31221751000001,21.0,1.8453747619047616,38.752869999999994,0.4705459090476191,9.881464090000001
US-Mpj,2019,EVI,year,103.85109362558887,172.0,305.0026484363454,225.13114898587023,164.02856058328305,305.0026484363454,225.13114898587023,164.02856058328305,34.4382,WSA,69.0,1.595702420289855,110.103467,0.37389663623188407,25.7988679,14.52549275362319,309.10201449275365,11.862101449275361,57.15,,,,,,134.0,0.7458702470149254,99.94661310000001,-0.26641427276119406,-35.69951255,18.163776119402986,267.1086268656717,13.855335820895524,120.142,61.0,1.6970111147540983,103.51767799999999,0.47145198196721316,28.758570900000002,122.0,1.1813020975409836,144.1188559,-0.01934769221311476,-2.360418450000001,202.0,1.0367398272277228,209.42144510000003,-0.04612174579207921,-9.31659265,61.0,0.6655930803278689,40.6011779,-0.5101473663934427,-31.118989350000007
US-Mpj,2019,NIRv,year,104.4145041141446,172.0,304.94977283360186,225.10019304741877,164.2861210929475,304.94977283360186,225.10019304741877,164.2861210929475,34.4382,WSA,68.0,1.5979231911764706,108.658777,0.37196730735294115,25.293776899999997,14.613764705882355,308.7165441176471,11.918014705882353,54.864000000000004,,,,,,133.0,0.7497925571428571,99.72241009999999,-0.2689673033834587,-35.772651350000004,18.25712030075188,267.5157368421053,13.895699248120302,120.142,60.0,1.7012164666666665,102.072988,0.4708913316666667,28.253479900000002,121.0,1.1791253380165292,142.67416590000002,-0.023681896280991734,-2.86550945,200.0,1.0387627605,207.7525521,-0.04947411225,-9.89482245,61.0,0.6655930803278689,40.6011779,-0.5101473663934427,-31.118989350000007
US-Mpj,2020,NDVI,year,183.44809232686384,173.0,,,,,,,34.4382,WSA,,,,,,,,,,,,,,,,,,,,,,,,,,,,,,,,,,,,,,,,,,,
US-Mpj,2020,EVI,year,96.73353093813868,173.0,350.94757498715086,302.6457640770417,224.34512907127265,350.94757498715086,302.6457640770417,224.34512907127265,34.4382,WSA,77.0,1.2876734025974026,99.150852,0.31734516584415584,24.43557777,16.10938961038961,329.02524675324673,14.776051948051949,36.321999999999996,52.0,0.7239829807692307,37.647115,-0.6059492538461538,-31.5093612,178.0,0.7927785505617978,141.114582,-0.08637683870786515,-15.375077289999997,15.955764044943821,238.20009550561798,14.006224719101121,151.63799999999998,128.0,1.0655574843749998,136.39135799999997,-0.05176804242187501,-6.626309430000001,206.0,1.0358710485436893,213.389436,-0.013447802572815535,-2.77024733,254.0,0.9443260826771653,239.858825,0.037432970393700804,9.507974480000005,78.0,0.9871548461538461,76.99807799999999,0.049436693589743584,3.8560620999999995
US-Mpj,2020,NIRv,year,92.5402564902439,173.0,349.7390022646419,296.6176886308359,217.83431559093128,349.7390022646419,296.6176886308359,217.83431559093128,34.4382,WSA,81.0,1.3054861975308643,105.744382,0.35035281197530865,28.37857777,15.790938271604936,327.94519753086416,14.497604938271605,36.321999999999996,45.0,0.675391,30.392595,-0.6137344933333333,-27.618052199999997,177.0,0.7992061016949153,141.45948,-0.0842559394915254,-14.913301289999996,16.068706214689264,238.68825988700564,14.07581920903955,151.63799999999998,125.0,1.0858429439999997,135.73036799999997,0.009663996559999973,1.2079995699999966,204.0,1.063356730392157,216.92477300000002,0.004103332696078432,0.8370798700000002,257.0,0.9603005953307392,246.79725299999998,0.054135215875486364,13.912750479999996,79.0,1.0277772784810126,81.194405,-0.004695186075949364,-0.37091969999999974
US-Mpj,2021,NDVI,year,25.0,172.0,319.9300475853939,266.45511815395474,235.31866650737905,319.9300475853939,266.45511815395474,235.31866650737905,34.4382,WSA,148.0,1.2684226418918918,187.72655099999997,0.6307806939189189,93.3555427,9.859736486486486,270.0756554054054,10.141695945945944,27.564,64.0,3.491043796875,223.426803,-0.047761185937499985,-3.056715899999999,148.0,2.5381257027027027,375.642604,0.180346672972973,26.691307600000002,16.902770270270267,248.542722972973,11.052628378378378,267.11400000000003,211.0,1.9429070805687203,409.953394,0.42675227393364934,90.04472980000001,242.0,2.0109169999999996,486.64191399999993,0.3913794210743802,94.7138199,295.0,1.9056582881355935,562.1691950000001,0.40607712983050853,119.79275330000002,31.0,2.4738232258064516,76.68852,0.15061580967741936,4.6690901
US-Mpj,2021,EVI,year,195.0969800838807,172.0,302.10176057729853,261.8606372101183,235.17851803136995,302.10176057729853,261.8606372101183,235.17851803136995,34.4382,WSA,,,,,,,,,,64.0,3.491043796875,223.426803,-0.047761185937499985,-3.056715899999999,131.0,2.7553872977099236,360.955736,0.13653118778625953,17.8855856,17.64864885496183,256.95584732824426,11.230954198473281,267.11400000000003,40.0,4.237797500000001,169.51190000000003,0.21714482999999998,8.685793199999999,66.0,3.614747121212121,238.57331,0.17043305000000003,11.248581300000001,107.0,2.8695404953271026,307.04083299999996,0.2768980813084112,29.6280947,26.0,2.656208076923077,69.06141000000001,0.09856877307692308,2.5627881
US-Mpj,2021,NIRv,year,196.70489085347003,172.0,297.3770149246069,258.77482517432986,233.88138734962448,297.3770149246069,258.77482517432986,233.88138734962448,34.4382,WSA,,,,,,,,,,62.0,3.491387951612904,216.46605300000004,-0.0628175629032258,-3.8946888999999993,126.0,2.8204744126984127,355.379776,0.12330975079365081,15.537028600000001,17.946690476190476,259.15042857142856,11.329730158730161,266.914,37.0,4.311084594594595,159.51013,0.21527468108108108,7.9651632,62.0,3.722606612903226,230.80161,0.17784857903225806,11.0266119,101.0,2.954691613861386,298.423853,0.27125624455445546,27.3968807,25.0,2.8516592000000003,71.29148,0.12245794799999998,3.0614486999999997
US-Mpj,2022,NDVI,year,4.0,172.0,344.69087520341867,289.2928086240784,251.2418639348105,344.69087520341867,289.2928086240784,251.2418639348105,34.4382,WSA,169.0,0.4339604035502959,73.3393082,0.1271146650887574,21.4823784,9.55324852071006,268.7869822485207,10.661266272189351,75.2,80.0,1.6458629100000004,131.66903280000002,-0.60236612875,-48.189290299999996,173.0,1.243127123179191,215.06099231000005,-0.187571150867052,-32.449809099999996,14.153306358381503,217.52335838150293,9.171601156069364,392.4,248.0,0.8250687096774194,204.61704,-0.10359629798387096,-25.6918819,286.0,0.8478925804195804,242.497278,-0.08517098916083915,-24.358902899999997,341.0,0.8446011715835778,288.00899951,-0.029185925806451598,-9.952400699999995,38.0,0.9968483684210527,37.880238000000006,0.0350783947368421,1.332979
US-Mpj,2022,EVI,year,166.81572116240278,172.0,279.2348728134345,255.81806880726467,239.92699819191,279.2348728134345,255.81806880726467,239.92699819191,34.4382,WSA,6.0,-0.14427183333333335,-0.865631,-1.1859080000000002,-7.115448000000001,18.093833333333333,247.25383333333332,10.216833333333332,23.9,68.0,1.5814571000000004,107.53908280000003,-0.747592444117647,-50.836286199999996,108.0,1.453352062962963,156.9620228,-0.42989470925925927,-46.4286286,19.133416666666662,251.01322222222223,11.769425925925923,276.09999999999997,73.0,1.4559198739726027,106.2821508,-0.7799548520547945,-56.9367042,89.0,1.5214829303370787,135.4119808,-0.6047974696629214,-53.8269748,113.0,1.3779211575221242,155.70509080000002,-0.4648588194690266,-52.5290466,16.0,1.820614375,29.12983,0.1943580875,3.1097294
US-Mpj,2022,NIRv,year,149.38432972123098,172.0,277.1542268820625,258.22337514940693,242.9440201637574,277.1542268820625,258.22337514940693,242.9440201637574,34.4382,WSA,23.0,-0.3007090260869565,-6.9163076,-0.8473591739130434,-19.489261,20.433173913043476,316.9886086956521,18.15747826086956,30.299999999999997,71.0,1.6298152507042256,115.71688280000002,-0.7042699605633803,-50.0031672,106.0,1.4692405924528302,155.7395028,-0.4292424018867925,-45.499694600000005,19.306056603773584,254.50780188679246,11.982990566037735,248.79999999999998,93.0,1.1656911204301075,108.4092742,-0.7363161096774191,-68.47739819999998,109.0,1.2195011761467893,132.92562820000003,-0.6037304348623854,-65.80661740000001,128.0,1.1596241734375,148.4318942,-0.49979629374999995,-63.973925599999994,16.0,1.532272125,24.516354,0.1669238,2.6707808
US-Mpj,2023,EVI,year,123.30465775235557,172.0,315.56729841184585,263.0979523277221,192.79750776294108,315.56729841184585,263.0979523277221,192.79750776294108,34.4382,WSA,49.0,1.4891213673469386,72.96694699999999,-0.028069600000000014,-1.3754104000000007,16.655183673469388,329.01242857142853,14.058469387755101,71.7,21.0,0.5547501428571429,11.649753,-0.7530412380952379,-15.813865999999997,144.0,0.40194303923611113,57.87979765,-0.3230891270138889,-46.52483429,19.056277777777776,264.39813194444446,16.0879375,90.6,69.0,1.2136488695652174,83.741772,-0.2371467594202898,-16.363126399999995,140.0,0.8275250753571429,115.85351055000001,-0.35477091199999994,-49.66792767999999,192.0,0.6769365450520833,129.97181665,-0.2451775765104167,-47.07409469,71.0,0.45227800774647886,32.11173855,-0.46908170816901407,-33.30480128
US-Mpj,2023,NIRv,year,122.5981023460458,172.0,314.8579981451529,261.0224630307966,191.77605722047895,314.8579981451529,261.0224630307966,191.77605722047895,34.4382,WSA,50.0,1.5007317400000002,75.03658700000001,-0.006449807999999997,-0.32249039999999984,16.59468,328.28604,13.976900000000002,71.7,20.0,0.5617394,11.234788,-0.7550146999999999,-15.100293999999998,143.0,0.40277232622377623,57.59644265,-0.32677907195804196,-46.72940729,19.161937062937056,264.98406293706296,16.183489510489512,90.6,69.0,1.2376296666666669,85.39644700000001,-0.21154542608695645,-14.596634399999996,139.0,0.8348316802158273,116.04160354999999,-0.3475933338129496,-48.315473399999995,192.0,0.6862401127604167,131.75810165000001,-0.24075910255208335,-46.225747690000006,70.0,0.4377879507142858,30.645156550000003,-0.48169769999999995,-33.718838999999996
US-Mpj,2024,NDVI,year,136.78695855197267,173.0,,,,,,,34.4382,WSA,37.0,0.9028907702702703,33.4069585,-0.20898720810810814,-7.732526700000001,19.99189189189189,334.0725405405405,18.791567567567565,29.3,,,,,,,,,,,,,,,,,,,,,,,,,,,,,,,,,,
US-Mpj,2024,EVI,year,102.29900655621616,173.0,349.45339799220505,285.7719808474297,234.1290209185996,349.45339799220505,285.7719808474297,234.1290209185996,34.4382,WSA,71.0,1.3508882887323939,95.91306849999997,0.347688885915493,24.685910900000003,16.594577464788735,330.38376056338024,15.211070422535213,30.0,62.0,1.5542527903225807,96.363673,-0.21870489354838707,-13.559703399999998,177.0,1.0798283536723163,191.1296186,0.11392874062146896,20.165387090000007,15.886926553672316,234.68043502824858,12.542514124293787,248.0,132.0,1.4491966931818179,191.29396349999996,0.08252251136363635,10.892971499999998,183.0,1.3233972486338796,242.1816965,0.1065998325136612,19.50776935,247.0,1.158137283805668,286.0599091,0.18063992708502025,44.61806199,51.0,0.9977986862745098,50.887733000000004,0.16891760490196078,8.61479785
US-Mpj,2024,NIRv,year,101.48993488245053,173.0,349.58120814176254,285.4356548499701,233.26204145302816,349.58120814176254,285.4356548499701,233.26204145302816,34.4382,WSA,72.0,1.3550191458333332,97.56137849999999,0.35627751249999995,25.651980899999998,16.506055555555555,330.4921388888889,15.139902777777776,30.0,61.0,1.5670295573770492,95.588803,-0.21964472786885245,-13.398328399999999,177.0,1.0798283536723163,191.1296186,0.11392874062146896,20.165387090000007,15.886926553672316,234.68043502824858,12.542514124293787,248.0,132.0,1.4558136628787877,192.16740349999998,0.09106376136363634,12.020416499999996,184.0,1.325163078804348,243.83000650000002,0.11127086603260869,20.47383935,248.0,1.1601137866935483,287.70821909999995,0.18380698383064514,45.584131989999996,52.0,0.9935115961538463,51.66260300000001,0.16256582403846156,8.45342285
US-Mpj,2025,NDVI,year,-4.0,172.0,335.07263785728907,279.5453004104726,243.83732446121775,335.07263785728907,279.5453004104726,243.83732446121775,34.4382,WSA,177.0,0.8953064117093023,158.4692348725465,0.35014083127906975,61.974927136395344,9.488622093023254,258.17713953488374,9.99546511627907,88.29418604651163,72.0,2.0229788375,145.6544763,-0.1834999638888889,-13.211997400000001,164.0,1.683189879878049,276.0431403,0.1528271751829268,25.063656729999995,16.477432926829266,242.97553658536583,11.286993902439024,338.9,248.0,1.2296484984115228,304.95282760605767,0.19624317522633744,48.668307456131686,284.0,1.265809613311828,359.48993018055916,0.20067318068100357,56.99118331340501,340.0,1.2811738779522388,435.5991185037612,0.25660521107462686,87.24577176537314,36.0,1.5098971388888893,54.35629700000001,0.23057571750000003,8.300725830000001
US-Mpj,2025,EVI,year,131.84442494702455,172.0,314.83074463261084,264.86029741154994,231.86718251896664,314.83074463261084,264.86029741154994,231.86718251896664,34.4382,WSA,41.0,0.9731626585365852,39.899668999999996,-0.24774583902439024,-10.1575794,18.996560975609754,336.0901463414634,17.14751219512195,41.8,60.0,2.0992306050000002,125.95383630000002,-0.2853781066666667,-17.122686400000003,143.0,1.7550739321678321,250.9755723,0.06629752958041961,9.480546730000004,17.83358041958042,254.8206923076923,12.100468531468529,313.7,100.0,1.650109113,165.0109113,-0.26605399799999996,-26.605399799999997,133.0,1.635397844360902,217.50791329999998,-0.14904535541353384,-19.82303227,183.0,1.5848778540983608,290.0326473,-1.1839726775923727e-05,-0.002166669999994042,33.0,1.5908182424242427,52.49700200000001,0.2055262887878788,6.78236753
US-Mpj,2025,NIRv,year,124.11400725529546,172.0,307.6522297866675,260.6819962912051,230.8259221940469,307.6522297866675,260.6819962912051,230.8259221940469,34.4382,WSA,48.0,1.0442212291666666,50.122619,-0.12437361250000001,-5.9699334,17.73060416666667,331.288,15.638270833333332,62.7,59.0,2.0995657000000003,123.87437630000002,-0.2977731762711865,-17.568617400000004,136.0,1.7787595022058822,241.91129229999999,0.029838395073529412,4.05802173,18.197433823529412,257.79654411764704,12.205433823529411,313.7,106.0,1.633532087735849,173.1544013,-0.21569513962264153,-22.8636848,136.0,1.6284818625000002,221.4735333,-0.12425600441176471,-16.8988166,183.0,1.5912093841530057,291.19131730000004,-0.006759812404371607,-1.237045670000004,30.0,1.6106377333333337,48.31913200000001,0.19882893999999998,5.9648682
US-MtB,2014,NDVI,year,11.0,172.0,338.4435086698782,297.8554762439881,260.1774162570799,338.4435086698782,297.8554762439881,260.1774162570799,32.416,ENF,162.0,,,,,8.268981481481482,269.07414814814814,8.23532098765432,38.607000000000006,89.0,4.403952970786516,391.95181439999993,0.9568161471910112,85.1566371,167.0,3.7654844155688623,628.8358974,0.6912293838323352,115.43530709999999,13.156712574850301,227.41047904191618,7.207874251497007,467.36199999999997,250.0,,,,,287.0,,,,,328.0,,,,,37.0,3.498453027027027,129.442762,0.5008373135135135,18.5309806
US-MtB,2014,EVI,year,64.46541260253134,172.0,316.8872146092936,273.1354504424573,238.34869154637644,316.8872146092936,273.1354504424573,238.34869154637644,32.416,ENF,108.0,,,,,9.961046296296297,314.8121666666667,9.339324074074074,3.8099999999999996,67.0,4.9460929850746265,331.38822999999996,1.2893552402985076,86.38680110000001,145.0,4.017282388965517,582.5059464,0.7751791386206898,112.40097510000001,14.320020689655173,237.08578620689653,7.346420689655172,432.0559999999999,174.0,,,,,209.0,,,,,252.0,,,,,35.0,3.24328184,113.5148644,0.13045196000000003,4.565818600000001
US-MtB,2014,NIRv,year,73.47769334327428,172.0,314.0349433379127,271.3702778681099,237.8277379864652,314.0349433379127,271.3702778681099,237.8277379864652,32.416,ENF,99.0,,,,,10.449838383838385,319.7612222222222,9.753686868686868,3.8099999999999996,66.0,4.961147424242424,327.43573,1.301326743939394,85.8875651,143.0,4.030541723076923,576.3674664,0.7774095531468531,111.1695661,14.434188811188811,237.56818881118878,7.407251748251749,432.056,164.0,,,,,198.0,,,,,241.0,,,,,34.0,3.194169247058823,108.60175439999999,0.07835598823529412,2.6641036000000002
US-MtB,2021,NDVI,year,-2.0,172.0,305.79058428177825,259.98756227063154,228.2769581166912,305.79058428177825,259.98756227063154,228.2769581166912,32.416,ENF,175.0,2.3829356430232562,417.01373752906983,0.9250255103488372,161.87946431104652,7.3565,279.0037325581395,9.03772093023256,112.19433139534884,57.0,3.2073378947368423,182.81826,-1.8007633684210527,-102.643512,134.0,4.3986851492537316,589.42381,0.20250888805970158,27.13619100000001,14.76639552238806,240.77208208955224,8.231082089552238,591.5600000000001,231.0,2.594236186842105,599.2685591605263,0.2539097621929824,58.65315506657893,262.0,3.076668535135135,806.0871562054053,0.4354316169111968,114.08308363073357,308.0,3.2724308216393445,1007.9086930649181,0.6153151763278688,189.51707430898358,31.0,6.624880645161291,205.37130000000002,1.7704955806451614,54.885363000000005
US-MtB,2021,EVI,year,57.10051487485294,172.0,307.4799537129227,275.5614400206285,245.52378944757623,307.4799537129227,275.5614400206285,245.52378944757623,32.416,ENF,115.0,2.9216613999999996,335.99106099999995,1.1104733217391305,127.70443200000001,9.620956521739132,321.03501739130434,10.48473043478261,33.607,74.0,3.9402827027027025,291.58092,-1.062632418918919,-78.634799,136.0,4.3881716911764705,596.79135,0.22744897794117655,30.93306100000001,14.700419117647058,240.44814705882354,8.260205882352942,591.5600000000001,188.0,3.331780005319149,626.374641,0.268617994680851,50.50018299999999,218.0,3.6663609220183484,799.266681,0.4456169587155963,97.144497,250.0,3.726340284,931.585071,0.640272172,160.068043,30.0,5.763068000000001,172.89204000000004,1.554810466666667,46.64431400000001
US-MtB,2021,NIRv,year,73.4652252548333,172.0,301.1858998049811,270.8309520868458,244.38769818389824,301.1858998049811,270.8309520868458,244.38769818389824,32.416,ENF,99.0,3.1435773939393936,311.214162,1.1156007878787877,110.44447799999998,10.95849494949495,335.2076262626263,11.287202020202022,18.627,73.0,3.917987534246575,286.01309,-1.0977172465753424,-80.133359,130.0,4.407643076923077,572.9936,0.14246600769230774,18.520581000000007,14.884453846153844,240.91886153846153,8.196769230769231,591.5600000000001,171.0,3.4855550409356724,596.029912,0.18562379532163745,31.741669,197.0,3.820766,752.6909019999999,0.3779305786802031,74.452324,228.0,3.872852728070175,883.010422,0.5719105657894736,130.39560899999998,26.0,6.025422692307692,156.66099,1.6427175,42.710655
US-MtB,2022,NDVI,year,95.19675840657088,172.0,355.8688859514338,321.62926485981427,273.7424340832643,355.8688859514338,321.62926485981427,273.7424340832643,32.416,ENF,77.0,5.427487012987013,417.91650000000004,2.2682222597402593,174.65311399999996,13.125857142857145,358.6694545454546,12.15322077922078,4.32,102.0,3.136003107843137,319.872317,0.944403024509804,96.3291085,184.0,2.6882611625,494.6400539,0.9945417342391305,182.99567910000002,11.136483695652176,213.0946195652174,6.5628967391304345,701.5799999999999,178.0,4.128343747191011,734.845187,1.5203427443820225,270.6210085,226.0,3.7638387123893806,850.627549,1.4309216805309732,323.38829979999997,260.0,3.498511245769231,909.6129239,1.3741829965384615,357.2875791,48.0,2.412132541666667,115.782362,1.09931856875,52.7672913
US-MtB,2022,EVI,year,91.73248982609276,172.0,320.981770114173,263.58711851441683,219.46507295891345,320.981770114173,263.58711851441683,219.46507295891345,32.416,ENF,81.0,5.385827530864198,436.25203000000005,2.2996979506172837,186.27553399999996,12.882925925925926,357.1022839506173,11.911333333333333,4.32,48.0,2.2355188541666666,107.30490499999999,0.5399459770833333,25.917406899999996,149.0,2.8997067046979863,432.05629899999997,0.9956162671140938,148.34682379999998,13.348818791946309,224.49779194630875,6.977785234899329,612.3800000000001,128.0,4.2235414453125,540.613305,1.65493536640625,211.8317269,172.0,4.211596203488372,724.394547,1.632224761627907,280.742659,229.0,3.7788851484716157,865.364699,1.4596556497816595,334.2611438,44.0,4.176846409090909,183.781242,1.566157547727273,68.91093210000001
US-MtB,2022,NIRv,year,93.44093522111584,172.0,323.90185241982766,266.19912702580933,219.8785017339428,323.90185241982766,266.19912702580933,219.8785017339428,32.416,ENF,79.0,5.407746075949368,427.2119400000001,2.2792124556962023,180.057784,13.008354430379748,357.6108987341772,12.023860759493672,4.32,48.0,2.2355188541666666,107.30490499999999,0.5399459770833333,25.917406899999996,152.0,2.910513414473684,442.398039,1.0009781565789473,152.1486798,13.155815789473683,224.05864473684213,6.9469144736842106,612.38,126.0,4.218835039682539,531.573215,1.6318569595238097,205.6139769,173.0,4.1934775549132945,725.4716169999999,1.5881103757225432,274.743095,230.0,3.7681145608695656,866.6663490000001,1.4428054339130436,331.84524980000003,47.0,4.125497914893617,193.898402,1.4708323000000003,69.12911810000001
US-MtB,2023,EVI,year,125.15844243540349,172.0,310.26359233573146,280.3377521108767,248.50585323583888,310.26359233573146,280.3377521108767,248.50585323583888,32.416,ENF,47.0,5.546381063829789,260.67991000000006,2.4302845744680854,114.22337500000002,12.484446808510636,368.7128297872341,10.683382978723404,20.32,77.0,4.15133077922078,319.65247000000005,1.4460825257142857,111.34835448,139.0,4.102707705035972,570.2763710000002,1.421263410647482,197.55561408,16.83223741007194,275.2544892086331,12.371021582733814,189.738,123.0,4.671097398373984,574.54498,1.8122451990243904,222.90615948,155.0,4.607825225806452,714.2129100000001,1.7332077192258064,268.64719648,185.0,4.46037232972973,825.168881,1.6708833463783783,309.11341907999997,32.0,4.3646228125,139.66793,1.4294074062500002,45.741037000000006
US-MtB,2024,NDVI,year,7.0,173.0,341.2382602872212,282.4604833569403,235.57654542413357,341.2382602872212,282.4604833569403,235.57654542413357,32.416,ENF,167.0,3.214193760958084,536.77035808,1.6848576748502997,281.37123170000007,6.439365269461078,267.23280838323353,7.740011976047904,268.478,63.0,5.361698412698412,337.787,1.0967602587301588,69.0958963,169.0,3.7998042840236685,642.166924,0.9119976674556213,154.1276058,14.720313609467453,245.02300000000002,9.908775147928994,207.518,229.0,3.803017240524018,870.8909480800002,1.5282709956331877,349.97405799999996,276.0,3.6696068807246376,1012.81149908,1.3913155010869565,384.00307829999997,335.0,3.5082712599402988,1175.2708720800001,1.2985246791044776,435.0057675,47.0,3.0195861914893616,141.920551,0.724021708510638,34.029020299999985
US-MtB,2024,EVI,year,123.77322662671294,173.0,300.6358663322412,266.03451256974984,234.14475698080045,300.6358663322412,266.03451256974984,234.14475698080045,32.416,ENF,50.0,5.709444199999999,285.47220999999996,2.19213988,109.606994,14.254319999999998,362.45851999999996,12.631080000000003,16.256,62.0,5.396822096774193,334.60296999999997,1.1024996500000002,68.35497830000001,128.0,4.1573829765625,532.145021,1.0720182453125,137.2183354,17.47453125,262.5455078125,11.0498984375,173.736,111.0,5.553232162162162,616.40877,1.5988189396396393,177.46890229999997,143.0,5.094159160839161,728.4647600000001,1.5218613153846157,217.62616810000003,177.0,4.5985922090395475,813.9508209999999,1.3917076802259887,246.3322594,32.0,3.5017496875,112.05599,1.25491455625,40.1572658
US-MtB,2024,NIRv,year,126.54993096362234,173.0,302.3280351847833,267.2275811065847,234.3133150936128,302.3280351847833,267.2275811065847,234.3133150936128,32.416,ENF,47.0,5.772384255319149,271.30206,2.1610283829787234,101.568334,14.548553191489365,362.73085106382985,12.896638297872341,16.256,62.0,5.396822096774193,334.60296999999997,1.1024996500000002,68.35497830000001,130.0,4.116981469230769,535.207591,1.0625831415384615,138.1358084,17.429607692307695,262.2000384615385,11.045307692307691,173.736,108.0,5.576283518518519,602.2386200000001,1.5687985398148145,169.43024229999997,141.0,5.091934326241135,717.96274,1.4950148801418441,210.79709810000003,176.0,4.561609323863636,802.8432409999999,1.3591538204545455,239.2110724,33.0,3.506791515151515,115.72412,1.2535410848484847,41.366855799999996
US-NC2,2016,NDVI,year,92.1021887498248,173.0,340.049833068256,277.60763385524734,203.01704297489545,340.049833068256,277.60763385524734,203.01704297489545,35.803,ENF,81.0,10.189114567901234,825.31828,4.033926067901234,326.74801149999996,18.560123456790123,223.1406790123457,6.3983086419753095,163.328,31.0,11.367773870967746,352.4009900000001,3.207187838709677,99.422823,168.0,8.127644595238095,1365.4442920000001,1.7297122349999998,290.59165548,21.01192261904762,181.6887261904762,5.456732142857144,880.084,111.0,10.47164297297297,1162.3523699999998,3.7708827432432432,418.5679845,185.0,9.946042875675676,1840.0179320000002,2.7016360205405405,499.8026638,248.0,8.771756741935482,2175.3956719999996,2.4586161975,609.73681698,74.0,9.157642729729728,677.6655619999999,1.0977659364864862,81.23467929999998
US-NC2,2016,EVI,year,89.57187751675536,173.0,323.4664545524883,249.8892318014068,184.99838479998343,323.4664545524883,249.8892318014068,184.99838479998343,35.803,ENF,84.0,10.035991904761904,843.0233199999999,3.9547661011904762,332.2003525,18.52927380952381,221.99561904761907,6.369166666666667,177.04399999999998,12.0,11.624915833333333,139.49899,4.460512500000001,53.526150000000015,151.0,8.593402860927153,1297.603832,1.7743914733774833,267.93311248,22.216973509933773,190.6615629139073,5.652192052980133,843.0,95.0,10.180583263157892,967.1554099999997,3.9802489736842106,378.1236525,160.0,10.208292574999998,1633.3268119999998,3.1225304193750003,499.60486710000004,234.0,9.082308769230767,2125.2602519999996,2.5321821152991455,592.53061498,65.0,10.2487908,666.1714020000001,1.8689417630769234,121.48121460000002
US-NC2,2016,NIRv,year,90.44177367297232,173.0,321.42533319031,247.0036902116352,183.81663787055547,321.42533319031,247.0036902116352,183.81663787055547,35.803,ENF,83.0,10.083781084337348,836.9538299999999,3.969588222891566,329.4758225,18.596518072289157,221.3856987951807,6.364120481927711,177.04399999999998,11.0,11.696162727272728,128.65779,4.504982727272728,49.55481000000001,149.0,8.622560214765102,1284.7614720000001,1.76582552,263.10800248,22.351120805369128,191.2799865771812,5.661013422818792,843.0,93.0,10.217685161290321,950.2447199999998,3.9938471236559145,371.42778250000003,157.0,10.222692496815284,1604.9627219999998,3.106148643949045,487.66533710000004,231.0,9.118391350649349,2106.3484019999996,2.5323851730735933,584.98097498,64.0,10.22996878125,654.718002,1.816211790625,116.2375546
US-NC2,2017,EVI,year,97.74806903801506,172.0,206.12329443325228,203.1642185662116,200.20395713017345,206.12329443325228,203.1642185662116,200.20395713017345,35.803,ENF,75.0,9.299922133333332,697.49416,3.88065268,291.048951,20.881333333333334,226.00589333333332,6.69884,382.0159999999999,29.0,10.864832758620691,315.08015000000006,3.315569862068965,96.15152599999999,35.0,11.100608571428573,388.52130000000005,3.4073276,119.256466,25.749485714285715,239.92302857142857,6.2617714285714285,150.62,103.0,9.718827281553398,1001.03921,3.723419776699029,383.51223699999997,106.0,9.802250094339621,1039.0385099999999,3.7211866698113205,394.445787,109.0,9.857617981651375,1074.4803599999998,3.730432816513761,406.61717699999997,,,,,
US-NC2,2017,NIRv,year,97.90666077079594,172.0,214.1778109234871,212.1573647677292,210.13496320032075,214.1778109234871,212.1573647677292,210.13496320032075,35.803,ENF,75.0,9.299922133333332,697.49416,3.88065268,291.048951,20.881333333333334,226.00589333333332,6.69884,382.0159999999999,39.0,10.665022564102568,415.93588000000017,3.3215457948717946,129.54028599999998,43.0,10.637358139534884,457.4064,3.5186389767441857,151.30147599999998,25.265651162790704,239.29653488372094,6.216534883720931,185.17000000000002,113.0,9.751282654867255,1101.89494,3.689389353982301,416.900997,115.0,9.749490347826086,1121.19139,3.7218058000000003,428.007667,117.0,9.77235435897436,1143.36546,3.7492494615384615,438.662187,,,,,
US-NC2,2019,NDVI,year,15.726639205454523,172.0,230.52516758509384,229.846232174658,229.16564055398277,230.52516758509384,229.846232174658,229.16564055398277,35.803,ENF,157.0,7.126972745222931,1118.934721,2.8278518726114656,443.9727440000001,14.978687898089175,185.8380828025478,6.100726114649681,487.2589999999999,58.0,11.92770396551724,691.80683,3.6568494999999994,212.09727099999998,59.0,11.890894745762711,701.56279,3.564159169491525,210.28539099999998,25.737169491525428,247.32493220338984,8.139,313.45799999999997,214.0,8.41720836915888,1801.2825910000004,3.057240911214953,654.249555,214.0,8.41720836915888,1801.2825910000004,3.057240911214953,654.249555,215.0,8.423435120930234,1811.0385510000003,3.0345938372093024,652.437675,,,,,
US-NC2,2019,EVI,year,81.92788488518448,172.0,257.83052398416174,233.6180771100079,209.6219369252199,257.83052398416174,233.6180771100079,209.6219369252199,35.803,ENF,91.0,9.426924351648355,857.8501160000003,3.6953670978021984,336.27840590000005,20.047373626373627,233.17118681318684,7.8535054945054945,307.59599999999995,38.0,11.96129394736842,454.52916999999997,3.3036066052631576,125.53705099999999,86.0,9.832108546511627,845.5613349999999,0.45893283720930206,39.46822399999998,25.39467441860465,228.6760465116279,7.510139534883723,541.03,128.0,10.179065046875,1302.920326,3.59371091328125,459.9949969,152.0,10.463348328947367,1590.4289459999998,3.5608642756578948,541.2513699,176.0,9.6247300625,1693.952491,2.1245805107954543,373.92616989999993,24.0,11.979525833333334,287.50862,3.3856822083333333,81.256373
US-NC2,2019,NIRv,year,38.96375923586995,172.0,272.01342922611934,229.4654984410126,197.1558890602048,272.01342922611934,229.4654984410126,197.1558890602048,35.803,ENF,134.0,7.756250671641792,1039.33759,3.1043864910447767,415.9877898000001,16.495776119402986,197.68340298507462,6.586029850746268,437.471,26.0,11.566087307692307,300.71826999999996,2.9467000384615383,76.614201,101.0,8.654502613861387,874.1047640000002,0.004296574257425615,0.4339539999999871,25.01712871287129,225.0260297029703,7.481990099009901,541.03,159.0,8.36853396226415,1330.5969,3.0866762943396235,490.78153080000016,191.0,9.014060000000002,1721.6854600000004,3.2788722554973826,626.2646008,234.0,8.13668117094017,1903.9833939999996,1.7718003581196582,414.60128380000003,32.0,12.221517500000001,391.08856000000003,4.2338459375,135.48307
US-NC2,2021,NDVI,year,125.37919097596524,172.0,356.8620048905201,324.63585816096725,291.2535435929122,356.8620048905201,324.63585816096725,291.2535435929122,35.803,ENF,47.0,2.008538659574468,94.401317,-2.387565829787234,-112.215594,21.42510638297873,236.97261702127656,7.251127659574466,235.01500000000001,120.0,3.6356389166666667,436.27667,-1.9506310716666666,-234.0757286,185.0,3.0442337277297296,563.18323963,-1.3338761603783784,-246.76708967000002,19.434005405405408,178.1444,5.193297297297296,604.175,166.0,3.1770807048192764,527.3953969999999,-2.068989292771084,-343.45222259999997,199.0,3.1957251006532665,635.94929503,-1.684976704522613,-335.3103642,231.0,2.8324760460173155,654.3019666299999,-1.5417471154545455,-356.14358367,33.0,3.2895120615151514,108.55389803,0.24672298181818184,8.1418584
US-NC2,2021,EVI,year,121.14265521367624,172.0,352.21865881922974,317.47829241238964,285.1019855589232,352.21865881922974,317.47829241238964,285.1019855589232,35.803,ENF,51.0,2.128962294117647,108.577077,-2.402167725490196,-122.51055399999998,21.502294117647057,236.4241764705882,7.311921568627452,247.70700000000002,114.0,3.6729576315789476,418.71717,-2.02176186491228,-230.48085259999993,181.0,3.1225251217127075,565.17704703,-1.322869523038674,-239.43938366999998,19.708701657458565,180.61791160220994,5.278309392265193,580.827,164.0,3.195193030487805,524.011657,-2.1350750402439025,-350.15230660000003,196.0,3.239683290969388,634.97792503,-1.7813323428571428,-349.1411392,231.0,2.9024741732900434,670.47153403,-1.554592370865801,-359.11083767,32.0,3.4676958759375003,110.96626803000001,0.031598981250000005,1.0111674000000002
US-NC2,2021,NIRv,year,124.68356625240664,172.0,351.8581985282131,317.15544682589314,285.3713657290517,351.8581985282131,317.15544682589314,285.3713657290517,35.803,ENF,48.0,2.022384729166667,97.074467,-2.4292438333333335,-116.60370400000001,21.477208333333333,236.88939583333334,7.275354166666666,240.41299999999998,114.0,3.6729576315789476,418.71717,-2.02176186491228,-230.48085259999993,180.0,3.1321104279444447,563.7798770300001,-1.3267423592777778,-238.81362467000002,19.718866666666667,181.1686611111111,5.296399999999999,579.437,161.0,3.1832860062111803,512.509047,-2.138170537888199,-344.2454566,193.0,3.230442046787565,623.47531503,-1.7784160062176164,-343.2342892,227.0,2.896791867973568,657.57175403,-1.553208055814978,-352.57822867,32.0,3.4676958759375003,110.96626803000001,0.031598981250000005,1.0111674000000002
US-NC2,2022,NDVI,year,117.6764352713494,172.0,269.9325916527331,267.6046255574297,265.2768173425876,269.9325916527331,267.6046255574297,265.2768173425876,35.803,ENF,55.0,6.001836436363634,330.1010039999999,0.972439236909091,53.48415803,21.440018181818186,230.7887090909091,7.310490909090909,42.138,94.0,8.184784787234042,769.3697699999999,0.04003968191489362,3.7637301,98.0,8.056318775510205,789.5192400000001,0.045327031632653066,4.4420491,24.418642857142856,209.57354081632656,6.002622448979593,89.14399999999999,148.0,7.377269486486487,1091.835884,0.38074081168918916,56.34964013,150.0,7.3375337599999995,1100.630064,0.38172364086666666,57.25854613,152.0,7.315693118421052,1111.985354,0.37518394164473684,57.02795913,,,,,
US-NC2,2022,EVI,year,102.71029658600256,172.0,337.0792035556904,294.31013421304453,253.8101103980675,337.0792035556904,294.31013421304453,253.8101103980675,35.803,ENF,70.0,5.368846057142856,375.81922399999996,0.7818073004285715,54.726511030000005,20.460057142857146,234.6903,7.307614285714286,42.13799999999999,82.0,8.59187743902439,704.53395,0.04069237926829269,3.3367751000000005,166.0,5.826812656626506,967.2509010000001,-0.09693470614457829,-16.091161219999996,20.184397590361446,175.3130060240964,4.945746987951807,444.74999999999994,151.0,7.1040945960264885,1072.7182839999998,0.37857641145695364,57.16503813,192.0,6.499504447916666,1247.904854,0.3608885897395833,69.29060923,235.0,5.6827031276595745,1335.435235,0.1605834119574468,37.73710181,41.0,4.272843170731707,175.18657,0.2957456365853658,12.125571099999997
US-NC2,2022,NIRv,year,116.0938256903698,172.0,268.20382461337607,266.116975216023,264.0339003006031,268.20382461337607,266.116975216023,264.0339003006031,35.803,ENF,56.0,5.953694178571429,333.406874,0.95758891125,53.62497903,21.329857142857144,231.91817857142854,7.299696428571429,42.138000000000005,93.0,8.204597311827957,763.02755,0.03484982903225806,3.2410341,97.0,8.075123195876289,783.28695,0.042012918556701036,4.0752531,24.449164948453607,209.34437113402063,5.996164948453608,88.38199999999999,148.0,7.356753608108108,1088.799534,0.3781605752027027,55.96776513,150.0,7.334322426666668,1100.1483640000001,0.38384427419999995,57.57664112999999,152.0,7.296440355263157,1109.058934,0.37369726401315784,56.801984129999994,,,,,
US-NC2,2023,EVI,year,106.26236983875091,172.0,230.0886293758618,228.70212026308243,227.31678604738653,230.0886293758618,228.70212026308243,227.31678604738653,35.803,ENF,66.0,5.884170590909091,388.355259,1.6221908333333332,107.064595,18.92568181818182,222.65509090909092,5.93780303030303,260.358,56.0,10.148883392857142,568.3374699999999,1.5781475382857142,88.376262144,59.0,10.072965254237285,594.3049499999998,1.4690833753220338,86.67591914399999,25.66777966101695,234.64722033898303,5.889322033898305,245.868,121.0,7.869045776859505,952.154539,1.6196280177190083,195.974990144,122.0,7.87561318852459,960.824809,1.6022259601967213,195.471567144,124.0,7.888080798387096,978.1220189999999,1.5667310253548388,194.274647144,,,,,
US-NC2,2023,NIRv,year,90.50078525193476,172.0,344.60577823572595,294.4833193451899,247.6168032663533,344.60577823572595,294.4833193451899,247.6168032663533,35.803,ENF,82.0,5.321332365853658,436.349254,1.1501701868292682,94.31395531999999,18.442475609756098,218.39446341463412,5.969829268292682,338.84400000000005,76.0,9.603313026315789,729.8517899999999,1.2695216861052632,96.483648144,173.0,6.317583514450867,1092.941948,0.6606745892716763,114.296703944,19.770635838150287,181.3404913294798,4.583526011560694,814.8780000000002,157.0,7.399126458598726,1161.662854,1.2186734806624202,191.33173646399996,204.0,6.8652479607843135,1400.5105839999999,1.1200560576666665,228.49143576399996,254.0,6.002964614173229,1524.7530120000001,0.823404693952756,209.14479226400002,47.0,5.081866595744681,238.84773,0.7906319000000002,37.15969930000001
US-NC2,2024,NDVI,year,84.11534104435385,173.0,341.13177227923467,323.25650938036995,286.2905616775405,341.13177227923467,323.25650938036995,286.2905616775405,35.803,ENF,89.0,6.318839471910112,562.376713,2.276546842696629,202.61266899999998,19.131337078651686,231.57632584269663,6.343269662921349,222.16400000000002,114.0,9.219402678571429,1051.011905357143,0.03581904821428572,4.0833714964285726,169.0,,,,,19.85366272189349,166.20020118343191,5.274928994082841,628.046,202.0,7.926613165,1601.17585933,1.0191407620000001,205.86643392400003,239.0,7.926613165,1894.460546435,1.0191407620000001,243.57464211800004,257.0,,,,,37.0,,,,
US-NC2,2024,EVI,year,82.47759470273651,173.0,334.85051274253067,299.19175245307235,244.36209037622467,334.85051274253067,299.19175245307235,244.36209037622467,35.803,ENF,91.0,6.226017395604394,566.5675829999999,2.226205868131868,202.58473399999997,18.948076923076925,230.312021978022,6.269417582417583,258.74,72.0,9.59438888888889,690.796,-0.013081147222222212,-0.9418425999999993,162.0,,,,,20.61450617283951,168.31315432098765,5.347314814814815,628.0120000000001,162.0,7.702076561728394,1247.7364029999999,1.2274484037037037,198.84664139999998,217.0,7.868878727722771,1707.5466839158414,1.0089119673267326,218.93389690990097,252.0,7.868878727722771,1982.9574393861385,1.0089119673267326,254.24581576633662,55.0,,,,
US-NC2,2024,NIRv,year,83.64201191986442,173.0,333.5732777132731,294.7246646155562,238.0492687115014,333.5732777132731,294.7246646155562,238.0492687115014,35.803,ENF,90.0,6.2738087,564.642783,2.261712711111111,203.554144,18.98418888888889,232.0412888888889,6.317355555555555,222.16400000000002,66.0,9.49818787878788,626.8804,-0.02432314545454544,-1.605327599999999,161.0,,,,,20.699018633540373,168.65408695652172,5.358590062111801,628.0120000000001,155.0,7.625135503225805,1181.8960029999998,1.2848552670967741,199.15256639999998,211.0,7.8984512587064675,1666.5732155870646,1.0187543651741295,214.95717105174134,250.0,7.8984512587064675,1974.6128146766168,1.0187543651741295,254.6885912935324,56.0,8.81940652173913,493.8867652173913,0.12211002173913042,6.838161217391304
US-NC2,2025,NDVI,year,98.20578401016368,172.0,361.6182662396669,322.91067982735376,258.1534565845835,361.6182662396669,322.91067982735376,258.1534565845835,35.803,ENF,74.0,,,,,20.355472972972972,230.5109189189189,8.780905405405406,254.74900000000002,87.0,,,,,190.0,,,,,18.130684210526315,169.2833157894737,6.3105473684210525,482.89599999999996,160.0,,,,,224.0,,,,,263.0,,,,,64.0,,,,
US-NC2,2025,EVI,year,88.68425295807523,172.0,343.04297644930483,290.6339453815281,235.74275666829345,343.04297644930483,290.6339453815281,235.74275666829345,35.803,ENF,84.0,,,,,20.296499999999998,224.40459523809525,8.807309523809522,278.117,64.0,,,,,172.0,,,,,19.28735465116279,176.0927093023256,6.4494593023255815,469.40199999999993,147.0,,,,,202.0,,,,,255.0,,,,,55.0,,,,
US-NC2,2025,NIRv,year,87.90190001100034,172.0,341.36179226496995,287.7622135831689,234.0345897264964,341.36179226496995,287.7622135831689,234.0345897264964,35.803,ENF,85.0,,,,,20.290623529411764,224.2699294117647,8.821917647058822,278.117,63.0,,,,,170.0,,,,,19.47410588235294,177.13043529411763,6.505152941176471,466.09999999999997,147.0,,,,,200.0,,,,,254.0,,,,,53.0,,,,
US-Prr,2014,NDVI,year,113.0646240972122,172.0,279.77468671206094,257.2373012185629,226.55216980827132,279.77468671206094,257.2373012185629,226.55216980827132,65.1237,ENF,59.0,2.424136101694915,143.02402999999998,0.7984974898305085,47.1113519,9.843983050847458,214.83164406779662,6.3267288135593205,60.1,55.0,4.422903272727273,243.25968,0.8101616881818182,44.55889285,108.0,3.127996407407407,337.82361199999997,0.31488165416666675,34.007218650000006,10.569574074074072,147.49666666666667,4.359694444444445,427.5,113.0,3.3783003539823007,381.74793999999997,0.801904024336283,90.61515474999999,144.0,3.1977415277777776,460.47478,0.622459710763889,89.63419835,166.0,2.869348626506024,476.311872,0.4823101237951808,80.06348055000001,31.0,2.539575483870967,78.72683999999998,-0.03164375483870968,-0.9809564000000002
US-Prr,2014,EVI,year,125.35939684791826,172.0,270.90826078653294,249.59117210524897,225.70519090514887,270.90826078653294,249.59117210524897,225.70519090514887,65.1237,ENF,47.0,2.7292808510638307,128.27620000000005,0.936610404255319,44.020689,10.497553191489365,215.70929787234041,6.480851063829786,58.5,54.0,4.422236111111111,238.80075,0.8307090342592592,44.858287849999996,99.0,3.384809202020202,335.096111,0.3877628550505051,38.388522650000006,11.570969696969698,156.35062626262624,4.6584949494949495,417.5,100.0,3.6254118,362.54118,0.8782388685,87.82388685,124.0,3.487166774193549,432.40868000000006,0.7295126245967744,90.45956545000001,145.0,3.1643899379310345,458.836541,0.5610629079310344,81.35412165,24.0,2.9111458333333338,69.8675,0.10981994166666668,2.6356786000000003
US-Prr,2014,NIRv,year,129.83246664567238,172.0,267.87549108314283,248.6495496936681,228.1891572711196,267.87549108314283,248.6495496936681,228.1891572711196,65.1237,ENF,43.0,2.815383953488372,121.06151,0.9618862325581395,41.361108,10.97760465116279,220.15974418604654,6.7250930232558135,56.00000000000001,57.0,4.409808596491228,251.35908999999998,0.7701719447368423,43.899800850000005,96.0,3.4654885625000005,332.68690200000003,0.4063315484375001,39.00782865000001,11.9065625,157.84195833333334,4.709499999999999,417.5,99.0,3.7160083838383846,367.8848300000001,0.8505638267676766,84.20581884999999,119.0,3.5564047058823527,423.21216,0.7365522642857144,87.64971945000002,138.0,3.255164072463768,449.212642,0.5747380192028986,79.31384665,20.0,2.7663664999999993,55.32732999999999,0.17219503000000003,3.4439006000000005
US-Rls,2014,NDVI,year,30.30282071304969,172.0,201.06189378411116,173.9057735254453,150.15796814696236,201.06189378411116,173.9057735254453,150.15796814696236,43.1439,CSH,142.0,,,,,7.402126760563381,210.1597535211268,6.804415492957747,535.837,,,,,,30.0,,,,,20.17503333333334,300.6168,17.935766666666666,70.305,120.0,,,,,143.0,,,,,171.0,,,,,23.0,,,,
US-Rls,2014,EVI,year,56.64941125727753,172.0,217.66570909396785,174.82674766787727,148.04477382938765,217.66570909396785,174.82674766787727,148.04477382938765,43.1439,CSH,116.0,,,,,8.97268103448276,234.8524051724138,7.730655172413793,366.043,,,,,,46.0,,,,,20.26369565217391,288.33697826086956,17.673565217391307,79.85099999999998,92.0,,,,,118.0,,,,,161.0,,,,,26.0,,,,
US-Rls,2014,NIRv,year,65.33138481396722,172.0,222.2969844670476,177.03668938216703,149.61005581271013,222.2969844670476,177.03668938216703,149.61005581271013,43.1439,CSH,107.0,,,,,9.293906542056074,244.7495327102804,8.092644859813085,303.861,,,,,,51.0,,,,,20.179882352941178,284.7753333333334,17.3361568627451,92.53599999999999,84.0,,,,,112.0,,,,,157.0,,,,,28.0,,,,
US-Rls,2015,NDVI,year,47.38667231048974,172.0,244.58767985083225,188.93922392587749,146.6607032013768,244.58767985083225,188.93922392587749,146.6607032013768,43.1439,CSH,125.0,3.6086956480000003,451.08695600000004,0.9996272688000001,124.9534086,8.902296,230.044168,6.984319999999999,365.16499999999996,,,,,,73.0,2.0176807534246572,147.29069499999997,-0.1825742876712329,-13.327923000000002,21.222890410958904,276.5257808219178,18.89450684931507,72.22999999999999,99.0,3.0301189494949505,299.9817760000001,0.9274487434343435,91.8174256,141.0,3.5033622411347514,493.97407599999997,0.9007634914893619,127.00765230000002,197.0,3.0126246243654826,593.4870510000001,0.5613423634517767,110.58444560000001,42.0,4.618864285714285,193.9923,0.8378625404761904,35.1902267
US-Rls,2015,EVI,year,48.13861088199662,172.0,279.29319846232966,209.9083309259016,155.33221265311153,279.29319846232966,209.9083309259016,155.33221265311153,43.1439,CSH,124.0,3.6272115806451617,449.77423600000003,1.0059581177419357,124.73880660000002,8.962766129032259,230.55356451612906,7.013701612903225,365.16499999999996,,,,,,108.0,1.6273251629629628,175.7511176,-0.25454616481481485,-27.490985800000004,19.477175925925934,252.0236388888889,16.84125,149.127,107.0,3.264184728971963,349.26776600000005,1.0127111551401873,108.36009360000004,161.0,3.279296403726708,527.966721,0.6672089770186336,107.4206453,231.0,2.6867305350649353,620.6347536000001,0.4164795705627705,96.20678079999999,54.0,3.3092399074074073,178.69895499999998,-0.017397190740740743,-0.9394483000000001
US-Rls,2015,NIRv,year,87.42020569561525,172.0,263.714411632854,212.157083868442,158.89342501676256,263.714411632854,212.157083868442,158.89342501676256,43.1439,CSH,85.0,4.392072235294118,373.32614000000007,1.3344443694117647,113.4277714,10.905894117647058,258.8472941176471,8.074717647058824,245.362,,,,,,92.0,1.778082919565217,163.58362859999997,-0.20553392173913043,-18.9091208,19.910510869565215,262.5173913043478,17.43317391304348,145.001,71.0,4.10573661971831,291.5073,1.4455750478873242,102.63582840000001,125.0,3.66813836,458.517295,0.7679068896000001,95.98836120000001,176.0,3.022836185227273,532.0191686000001,0.5311227875000001,93.47761060000002,54.0,3.0927776851851854,167.009995,-0.12310124444444445,-6.6474672
US-Rls,2016,NDVI,year,62.82878740324094,173.0,212.5206143976945,170.75516462125333,143.52789404402287,212.5206143976945,170.75516462125333,143.52789404402287,43.1439,CSH,111.0,3.388009918918919,376.069101,1.1676666690090087,129.61100025999997,9.800621621621623,236.1192432432433,7.270207207207205,358.48099999999994,,,,,,40.0,2.1283767750000004,85.13507100000001,0.45398930249999997,18.1595721,20.79235,329.597925,19.110625000000002,43.730000000000004,81.0,2.995849888888889,242.663841,0.8967574229629631,72.63735126000002,108.0,3.388286768518518,365.93497099999996,1.1665028542592593,125.98230826,150.0,3.053334613333333,458.00019199999997,0.9781991490666667,146.72987236,27.0,4.565597407407406,123.27112999999996,1.975739148148148,53.344957
US-Rls,2016,EVI,year,67.31341265749998,173.0,228.8827079581812,178.5778338246284,147.6854726973707,228.8827079581812,178.5778338246284,147.6854726973707,43.1439,CSH,106.0,3.4838574528301884,369.28889,1.2469054175471697,132.17197425999998,9.970283018867926,241.80387735849052,7.443830188679245,331.645,,,,,,56.0,1.7939175535714287,100.459383,0.34294175,19.204738,20.756428571428575,321.8515892857143,19.072482142857144,44.54,80.0,3.1669638749999995,253.35710999999998,1.06061306575,84.84904526,111.0,3.470879729729729,385.26764999999995,1.2332310383783784,136.88864526,161.0,2.8977906397515527,466.544293,0.9337640513043478,150.33601226,31.0,4.255178709677419,131.91054,1.6786967741935486,52.03960000000001
US-Rls,2016,NIRv,year,70.23518461505996,173.0,230.8248612438996,179.0861778880443,147.74256419720496,230.8248612438996,179.0861778880443,147.74256419720496,43.1439,CSH,103.0,3.5509181553398057,365.74457,1.2986215170873785,133.75801625999998,10.13197087378641,245.3493883495146,7.580747572815533,324.018,,,,,,58.0,1.7592862931034483,102.038605,0.31928198275862063,18.518354999999996,20.917258620689655,318.7758965517241,19.336051724137928,44.554,77.0,3.244321948051948,249.81278999999998,1.1225336007792208,86.43508726,109.0,3.5243605504587157,384.1553,1.2724071400000003,138.69237826000003,160.0,2.9036199687499997,464.57919499999997,0.9452229453750001,151.23567126,32.0,4.1982034375,134.34251,1.63304034375,52.257291
US-Rls,2017,NDVI,year,125.7364844770726,172.0,216.6195415289745,184.69635610942467,155.11968774310722,216.6195415289745,184.69635610942467,155.11968774310722,43.1439,CSH,47.0,4.996618510638298,234.84107,1.616848770212766,75.99189220000001,12.840148936170213,272.8043829787234,8.863829787234042,210.52999999999997,,,,,,45.0,2.9660197999999998,133.470891,0.396861126,17.85875067,23.50435555555556,325.2164888888889,22.680133333333334,18.122,30.0,5.073724,152.21172,1.9301794,57.905382,59.0,5.01742406779661,296.02802,1.556423393220339,91.8289802,91.0,3.9855040769230765,362.68087099999997,1.0165740974725275,92.50824287,29.0,4.95918275862069,143.8163,1.169779248275862,33.9235982
US-Rls,2017,EVI,year,119.59306238930984,172.0,241.91018380524915,194.1431278687318,163.87554273442063,241.91018380524915,194.1431278687318,163.87554273442063,43.1439,CSH,53.0,4.929768867924529,261.27775,1.571543683018868,83.2918152,12.704811320754715,270.8086226415095,8.662547169811322,223.31,,,,,,70.0,2.3941276857142864,167.58893800000004,0.219012741,15.33089187,22.96711428571429,297.24364285714285,21.620900000000002,38.47000000000001,44.0,4.842599772727272,213.07439,1.6933713454545456,74.50833920000001,75.0,4.738151599999999,355.36136999999997,1.3589393716,101.92045287,122.0,3.4691442459016395,423.23559800000004,0.797379566147541,97.28030707,31.0,4.589902580645161,142.28697999999997,0.8842617312903225,27.412113669999997
US-Rls,2017,NIRv,year,119.76466730950116,172.0,244.39716681825263,195.8531576548139,165.59801363601676,244.39716681825263,195.8531576548139,165.59801363601676,43.1439,CSH,53.0,4.929768867924529,261.27775,1.571543683018868,83.2918152,12.704811320754715,270.8086226415095,8.662547169811322,223.31,,,,,,73.0,2.377531205479452,173.559778,0.21440919000000003,15.651870870000002,22.961164383561645,294.6457123287671,21.595945205479453,40.52000000000001,46.0,4.860195652173913,223.56900000000002,1.675570091304348,77.07622420000001,76.0,4.70465894736842,357.55407999999994,1.3397039061842104,101.81749686999999,125.0,3.433651504,429.20643800000005,0.78081028856,97.60128607,30.0,4.466169333333334,133.98508,0.824709089,24.741272669999997
US-Rls,2018,NDVI,year,95.11988119590288,172.0,208.76067372066865,182.07939067167345,161.92610338684756,208.76067372066865,182.07939067167345,161.92610338684756,43.1439,CSH,77.0,4.146145116883117,319.253174,1.0896310705194805,83.90159243,10.859480519480519,250.30676623376618,6.9377012987013,319.32199999999995,,,,,,37.0,2.4209346486486494,89.57458200000002,0.44012165432432426,16.28450121,20.983864864864863,330.5207297297297,19.407432432432433,9.502,66.0,3.9793574848484847,262.637594,0.9957698853030302,65.72081243,87.0,4.107783034482758,357.377124,1.1250063957471261,97.87555642999997,113.0,3.565640407079646,402.917366,0.8679264038938054,98.07568364000001,21.0,4.51140619047619,94.73953,1.5311782857142855,32.154743999999994
US-Rls,2018,EVI,year,95.52571244018095,172.0,229.0446786039128,189.54675359574253,164.46432530569032,229.0446786039128,189.54675359574253,164.46432530569032,43.1439,CSH,77.0,4.146145116883117,319.253174,1.0896310705194805,83.90159243,10.859480519480519,250.30676623376618,6.9377012987013,319.32199999999995,,,,,,58.0,2.027603568965517,117.60100699999998,0.30271668620689657,17.5575678,22.01744827586207,311.5777586206896,21.32189655172414,17.095,69.0,4.041767304347826,278.88194400000003,1.0487664120289852,72.36488242999998,94.0,3.9803808936170206,374.15580399999993,1.0680193130851063,100.39381542999999,134.0,3.2159984402985073,430.943791,0.7414085838059702,99.34875023000001,25.0,3.8109544,95.27386,1.12115732,28.028933000000002
US-Rls,2018,NIRv,year,96.39227474422232,172.0,228.90701954686944,188.79743041272212,164.00823675535935,228.90701954686944,188.79743041272212,164.00823675535935,43.1439,CSH,76.0,4.183461236842105,317.943054,1.1104455319736841,84.39386042999999,10.925894736842105,252.51628947368422,7.004868421052633,307.781,,,,,,57.0,2.041649596491228,116.374027,0.3057723649122807,17.4290248,22.00154385964912,312.9275614035088,21.317473684210526,12.959999999999999,68.0,4.081938588235294,277.571824,1.0714286827941173,72.85715042999998,92.0,4.026999173913043,370.48392399999994,1.0977219285869564,100.99041743,132.0,3.2455052348484847,428.40669099999997,0.755397539621212,99.71247523,24.0,3.8713374999999997,92.9121,1.1722194583333334,28.133267000000004
US-Rls,2019,NDVI,year,103.2521387275772,172.0,244.7625960066333,198.60390820190716,169.23659854847438,244.7625960066333,198.60390820190716,169.23659854847438,43.1439,CSH,69.0,4.812884637681159,332.08903999999995,1.1646345753623186,80.35978569999999,10.620449275362319,267.0089710144927,6.983826086956521,421.03999999999996,,,,,,73.0,3.8115436986301368,278.24269,1.2664650315068493,92.4519473,19.73368493150685,290.3366301369863,16.361780821917808,53.305,66.0,4.761233939393939,314.24144,1.1287267530303031,74.4959657,95.0,4.9480542105263146,470.0651499999999,1.378132312631579,130.9225697,141.0,4.295904964539007,605.7225999999999,1.2175243475177304,171.670933,29.0,5.3732313793103454,155.82371,1.9457449655172412,56.426604
US-Rls,2019,EVI,year,102.83841643298996,172.0,274.02357073314744,207.7948618365489,167.96768535654112,274.02357073314744,207.7948618365489,167.96768535654112,43.1439,CSH,70.0,4.785678428571428,334.99748999999997,1.1581433385714286,81.0700337,10.557385714285715,267.0746714285715,6.942671428571429,428.78200000000004,,,,,,103.0,3.2008056504854365,329.682982,0.9105476249514561,93.78640536999998,17.759359223300972,259.00880582524275,14.291718446601944,175.381,65.0,4.634898615384616,301.26841,1.09004498,70.8529237,105.0,4.806398761904762,504.67187,1.3697966638095236,143.82864969999997,172.0,3.8376240813953486,660.071342,1.0099746457558139,173.71563906999998,40.0,5.0850865,203.40346,1.82439315,72.975726
US-Rls,2019,NIRv,year,103.13677558778429,172.0,276.4563183124791,208.78052162573888,168.1438192404905,276.4563183124791,208.78052162573888,168.1438192404905,43.1439,CSH,69.0,4.812884637681159,332.08903999999995,1.1646345753623186,80.35978569999999,10.620449275362319,267.0089710144927,6.983826086956521,421.03999999999996,,,,,,105.0,3.1732426857142855,333.190482,0.894314994,93.90307437,17.520457142857143,257.3168380952381,14.104609523809524,176.25800000000004,65.0,4.711644307692308,306.25688,1.1091634723076922,72.0956257,105.0,4.817096,505.79508000000004,1.377804016190476,144.6694217,173.0,3.818904,660.670392,1.000705549537572,173.12206006999997,40.0,4.988455,199.53820000000002,1.8143448999999996,72.57379599999999
US-Rls,2020,NDVI,year,82.71218189992209,173.0,218.29249637345268,185.48330210213675,162.40691175004144,218.29249637345268,185.48330210213675,162.40691175004144,43.1439,CSH,91.0,4.004504395604396,364.40990000000005,1.250379402197802,113.7845256,8.702186813186811,238.97903296703302,6.294725274725274,527.9609999999999,,,,,,46.0,4.057080869565217,186.62572,1.3140815869565219,60.447753000000006,19.906043478260873,317.3336086956522,16.748478260869568,120.86500000000002,80.0,3.8672966250000003,309.38373,1.1749394450000001,93.9951556,103.0,4.047230485436893,416.86474,1.257078782524272,129.4791146,136.0,4.006709044117648,544.9124300000001,1.2635813867647059,171.8470686,23.0,4.673087391304347,107.48100999999998,1.5427808260869564,35.483959
US-Rls,2020,EVI,year,81.60425624439583,173.0,243.00142983697864,193.63386864193188,163.36290216494712,243.00142983697864,193.63386864193188,163.36290216494712,43.1439,CSH,92.0,3.983126847826088,366.4476700000001,1.240248854347826,114.1028946,8.663260869565217,239.0136521739131,6.2892717391304345,527.961,,,,,,71.0,3.5663290140845074,253.20936000000003,1.093904395774648,77.6672121,20.48825352112676,295.8191690140845,17.604211267605635,154.76100000000002,82.0,3.8675026829268293,317.13522,1.1683599341463413,95.80551459999998,112.0,4.078952232142858,456.8426500000001,1.3004672642857145,145.65233360000002,162.0,3.787245925925926,613.53384,1.1690425722222222,189.38489669999998,30.0,4.656914333333333,139.70743,1.6615606333333333,49.846818999999996
US-Rls,2020,NIRv,year,87.71568373298042,173.0,242.9648177823619,192.20552292339397,161.74469306112928,242.9648177823619,192.20552292339397,161.74469306112928,43.1439,CSH,86.0,4.147571511627907,356.69115000000005,1.3007898906976745,111.86793060000001,9.214279069767443,242.5664186046512,6.515023255813954,518.4910000000001,,,,,,70.0,3.5851708571428578,250.96196000000003,1.1004273014285715,77.0299111,20.566785714285718,295.9139,17.657814285714284,154.76100000000002,74.0,3.996066216216216,295.70889999999997,1.213814872972973,89.8223006,105.0,4.213137238095238,442.37941,1.351539424761905,141.91163960000003,155.0,3.880838193548387,601.52992,1.2033073012903226,186.51263170000001,31.0,4.731306774193548,146.67051,1.6803012580645158,52.08933899999999
US-Rls,2021,NDVI,year,87.72272404827349,172.0,199.59824928925835,177.92029841750949,162.59960678458128,199.59824928925835,177.92029841750949,162.59960678458128,43.1439,CSH,85.0,4.758663082352941,404.486362,1.3889344976470588,118.0594323,10.653529411764707,281.81616470588233,9.283341176470591,221.866,,,,,,28.0,3.311188571428572,92.71328000000001,1.1000990357142857,30.802773,24.8955,322.94710714285713,25.28517857142857,5.904999999999999,75.0,4.607510560000001,345.56329200000005,1.2897300306666666,96.72975229999999,90.0,4.7372318,426.350862,1.3870505922222223,124.83455330000001,112.0,4.394268767857143,492.158102,1.3152900473214284,147.3124853,15.0,5.385837999999999,80.78756999999999,1.8736533999999998,28.104801
US-Rls,2021,EVI,year,93.17854328587076,172.0,225.39804100842588,185.5878753194457,162.27359937390435,225.39804100842588,185.5878753194457,162.27359937390435,43.1439,CSH,79.0,4.913737113924051,388.18523200000004,1.4617425924050635,115.47766480000001,11.00753164556962,283.71101265822784,9.40413924050633,221.281,,,,,,54.0,2.7464398518518522,148.30775200000002,0.9029923703703703,48.761587999999996,24.109814814814822,293.1428333333334,23.266333333333336,75.554,69.0,4.771915391304349,329.26216200000005,1.364463547826087,94.1479848,92.0,4.747968608695652,436.813112,1.4009391934782607,128.88640579999998,132.0,4.026147303030303,531.451444,1.2324964606060607,162.6895328,23.0,4.676128260869565,107.55095,1.5103661304347826,34.738421
US-Rls,2021,NIRv,year,97.12892003441978,172.0,228.70296001121687,186.3204088047802,162.05705162006487,228.70296001121687,186.3204088047802,162.05705162006487,43.1439,CSH,75.0,5.015725359999999,376.1794019999999,1.5106736533333334,113.300524,11.216853333333331,286.3384266666667,9.511093333333335,219.333,,,,,,57.0,2.73502249122807,155.89628199999999,0.892410842105263,50.867417999999994,24.237789473684213,290.5305087719299,23.554894736842105,75.65,65.0,4.880866646153846,317.256332,1.4149360615384614,91.97084399999999,89.0,4.805841707865168,427.71991199999997,1.4352083707865169,127.733545,131.0,4.0231614045801525,527.034144,1.2413604732824424,162.61822199999995,24.0,4.602649166666667,110.46358000000001,1.4901125416666663,35.76270099999999
US-Rls,2022,NDVI,year,130.0600819845269,172.0,206.8341217369176,188.91074244120728,171.06965338600733,206.8341217369176,188.91074244120728,171.06965338600733,43.1439,CSH,42.0,5.664735476190477,237.91889000000003,2.2741585238095237,95.514658,11.034119047619047,250.95654761904765,6.829714285714284,153.29799999999997,,,,,,35.0,4.796245142857143,167.86858,1.8239173714285715,63.837108,21.748714285714286,332.6717142857143,20.187200000000004,6.302999999999999,41.0,5.634660975609758,231.02110000000008,2.249338975609756,92.22289799999999,58.0,5.768784655172413,334.58950999999996,2.222493068965517,128.904598,76.0,5.248548421052631,398.88968,2.053421131578947,156.060006,17.0,6.092259411764706,103.56841,2.157747058823529,36.68169999999999
US-Rls,2022,EVI,year,103.0029947665097,172.0,222.6515693762151,192.40530168801428,173.22138168406133,222.6515693762151,192.40530168801428,173.22138168406133,43.1439,CSH,69.0,4.729599420289856,326.34236000000004,1.7147840623333332,118.320100301,8.452376811594203,234.9760434782609,5.592130434782608,375.349,,,,,,51.0,4.061952549019608,207.15958,1.3572134745098037,69.21788719999999,22.7276862745098,313.3523921568627,21.269176470588235,35.269,70.0,4.758201857142858,333.07413,1.7285434328714286,120.998040301,89.0,4.959171685393258,441.36627999999996,1.8098893292247191,161.080150301,119.0,4.425244957983193,526.60415,1.5482876260588234,184.246227501,19.0,5.699586842105263,108.29214999999999,2.109584736842105,40.08210999999999
US-Rls,2022,NIRv,year,139.40477202423472,172.0,226.48949427978556,193.83180341179468,176.21607034212246,226.48949427978556,193.83180341179468,176.21607034212246,43.1439,CSH,33.0,5.706987878787879,188.3306,2.385716909090909,78.728658,11.431393939393939,249.45921212121215,6.924878787878788,138.339,5.0,6.928272,34.64136,2.8397259999999998,14.198629999999998,55.0,3.9517730909090902,217.34751999999997,1.2381888399999998,68.10038619999999,22.744563636363633,311.35874545454544,21.0414,61.786,37.0,5.839842432432433,216.07417,2.422581837837838,89.63552800000001,54.0,5.682867222222223,306.87483000000003,2.278606074074074,123.04472799999999,87.0,4.583681954022988,398.78032999999994,1.6498538413793102,143.5372842,17.0,5.341215294117647,90.80066,1.9652470588235293,33.4092
US-Rls,2023,NDVI,year,115.32823052428064,172.0,206.73012853793853,187.14634803272912,169.26955213332994,206.73012853793853,187.14634803272912,169.26955213332994,43.1439,CSH,57.0,6.286565438596491,358.33423,2.245452894736842,127.990815,12.800543859649125,266.9549298245614,7.350859649122809,223.91799999999998,,,,,,35.0,5.059864857142857,177.09527,1.8299660285714285,64.048811,20.753885714285712,315.0616,18.243514285714284,24.924,54.0,6.322919629629631,341.43766000000005,2.211153055555555,119.40226499999999,72.0,6.184952638888889,445.31659,2.221231097222222,159.92863899999998,91.0,5.8058349450549445,528.33098,2.0644914945054946,187.868726,18.0,5.771051666666667,103.87893,2.2514652222222225,40.526374000000004
US-Rls,2023,EVI,year,114.51097188603458,172.0,242.9166587650726,194.1728519928636,166.69240854694394,242.9166587650726,194.1728519928636,166.69240854694394,43.1439,CSH,58.0,6.237651551724139,361.78379000000007,2.2310274999999997,129.39959499999998,12.669482758620692,267.55987931034485,7.298431034482759,223.91799999999998,,,,,,71.0,3.8026744084507054,269.9898830000001,1.071979633802817,76.11055400000001,20.99547887323943,287.92939436619724,17.616042253521126,133.56500000000003,52.0,6.2744040384615385,326.26901,2.216113596153846,115.23790699999998,80.0,6.0343142499999995,482.74514,2.1691671125,173.533369,128.0,4.880274632812499,624.6751529999999,1.5729628828125,201.339249,28.0,5.588433214285715,156.47613,2.081980785714286,58.295462
US-Rls,2023,NIRv,year,114.760638506279,172.0,244.4978787300187,193.7556654740561,165.63643795286774,244.4978787300187,193.7556654740561,165.63643795286774,43.1439,CSH,58.0,6.237651551724139,361.78379000000007,2.2310274999999997,129.39959499999998,12.669482758620692,267.55987931034485,7.298431034482759,223.91799999999998,,,,,,73.0,3.758585109589041,274.376713,1.0393925684931506,75.8756575,20.886068493150685,286.85876712328763,17.474397260273975,133.792,51.0,6.2579360784313725,319.15474,2.2017264117647057,112.28804699999999,79.0,6.049225443037974,477.88881,2.1729777088607594,171.66523899999999,130.0,4.838938330769231,629.061983,1.5469565576923077,201.1043525,28.0,5.669073928571428,158.73406999999997,2.1206139999999998,59.377191999999994
US-Rms,2016,NDVI,year,122.01675998357535,173.0,256.2401705916493,205.3697442253261,172.04787742242775,256.2401705916493,205.3697442253261,172.04787742242775,43.0645,CSH,51.0,5.46562411764706,278.74683000000005,1.8280170925490196,93.22887172,9.023901960784315,280.0641176470588,6.735490196078432,151.397,,,,,,84.0,5.62455280952381,472.4624360000001,2.282194321428572,191.70432300000004,15.650059523809524,306.5332619047619,13.718154761904762,59.70199999999999,50.0,5.370384600000001,268.51923000000005,1.7674594343999999,88.37297172,83.0,6.492033012048192,538.8387399999999,2.5875485749397593,214.76653172000002,134.0,5.529713925373135,740.981666,2.090129065074627,280.07729472000005,33.0,8.191500303030303,270.31951,3.830107878787879,126.39356000000001
US-Rms,2016,EVI,year,121.98861174737009,173.0,256.3445396614072,207.27283163308903,173.7192863038239,256.3445396614072,207.27283163308903,173.7192863038239,43.0645,CSH,52.0,5.408038461538462,281.218,1.7997254176923079,93.58572172000001,8.959442307692308,280.6807692307693,6.682288461538462,151.39899999999997,,,,,,84.0,5.62455280952381,472.4624360000001,2.282194321428572,191.70432300000004,15.650059523809524,306.5332619047619,13.718154761904762,59.70199999999999,52.0,5.408038461538462,281.218,1.7997254176923079,93.58572172000001,86.0,6.427525348837208,552.7671799999999,2.5440304851162794,218.78662172000003,135.0,5.507058044444444,743.4528359999999,2.0772899608888893,280.43414472000006,34.0,7.986740588235295,271.54918000000004,3.6823794117647055,125.20089999999999
US-Rms,2016,NIRv,year,123.74786661868308,173.0,255.5988474435126,207.50996210966747,175.5024503999501,255.5988474435126,207.50996210966747,175.5024503999501,43.0645,CSH,50.0,5.530766,276.5383,1.8655833664,93.27916832000001,9.04378,279.0128,6.74194,151.397,,,,,,83.0,5.673301397590363,470.8840160000001,2.3058359638554218,191.384385,15.770566265060243,307.36780722891564,13.821783132530122,58.959999999999994,52.0,5.6909315384615375,295.92843999999997,1.941223236923077,100.94360832000001,84.0,6.524850952380952,548.0874799999999,2.6009531942857143,218.48006832,132.0,5.584808454545454,737.194716,2.1197549493939394,279.80765332,32.0,7.87997,252.15904,3.673014375,117.53646
US-Rms,2017,NDVI,year,136.85849922624035,172.0,272.7366153668685,216.375906566787,185.21949083734367,272.7366153668685,216.375906566787,185.21949083734367,43.0645,CSH,36.0,5.786882222222222,208.32776,1.613866277777778,58.099186,10.413305555555553,281.7466111111111,6.586444444444444,175.507,14.0,10.077224285714284,141.08113999999998,3.9890807142857136,55.84712999999999,101.0,5.1197413366336635,517.093875,1.453956704950495,146.8496272,16.945930693069304,274.69802970297025,13.965207920792079,127.71100000000001,49.0,6.929832653061225,339.5618,2.254027265306122,110.44733599999999,80.0,7.245482624999999,579.63861,2.4020471375,192.163771,136.0,5.261577463235294,715.574535,1.4812487735294115,201.44983319999997,31.0,7.7444132258064515,240.07681,2.6360140322580636,81.71643499999998
US-Rms,2017,EVI,year,142.7954926480911,172.0,266.2128674552823,209.56472544549936,166.69809424882106,266.2128674552823,209.56472544549936,166.69809424882106,43.0645,CSH,30.0,6.292041333333333,188.76124,1.9771847666666664,59.31554299999999,11.344033333333332,286.7004,7.184733333333333,145.755,,,,,,95.0,5.341303315789473,507.42381499999993,1.5584058905263156,148.04855959999998,17.53623157894737,277.5392105263158,14.477736842105266,127.71099999999998,24.0,5.432903333333333,130.38968,1.6524547083333332,39.658913,67.0,7.813366567164178,523.49556,2.7701150597014923,185.59770899999998,124.0,5.534983508064517,686.3379550000001,1.6440735693548385,203.86512259999998,43.0,9.141997209302327,393.10588,3.3939254883720924,145.93879599999997
US-Rms,2017,NIRv,year,136.72459007486285,172.0,266.79229503116915,217.1570445033076,189.1358655027007,266.79229503116915,217.1570445033076,189.1358655027007,43.0645,CSH,36.0,5.786882222222222,208.32776,1.613866277777778,58.099186,10.413305555555553,281.7466111111111,6.586444444444444,175.507,18.0,10.050588888888889,180.9106,3.8444700000000003,69.20046,95.0,5.341303315789473,507.42381499999993,1.5584058905263156,148.04855959999998,17.53623157894737,277.5392105263158,14.477736842105266,127.71099999999998,53.0,7.1583256603773595,379.39126000000005,2.3358616226415094,123.800666,81.0,7.213651111111111,584.30574,2.39051112345679,193.631401,130.0,5.430034423076923,705.9044749999999,1.5588366584615383,202.6487656,28.0,7.318374285714286,204.91448000000003,2.4939548214285705,69.83073499999998
US-Rms,2018,NDVI,year,121.40789404378764,172.0,259.6249574147725,203.2264183552491,173.1777227813155,259.6249574147725,203.2264183552491,173.1777227813155,43.0645,CSH,51.0,6.386406274509803,325.70671999999996,1.9975246903529411,101.873759208,9.051490196078433,263.50198039215684,4.963941176470589,293.4080000000001,,,,,,88.0,5.578059431818182,490.86923,1.8971528284090908,166.9494489,16.438022727272728,295.2150681818182,14.033886363636363,41.139,52.0,6.455998461538461,335.71191999999996,2.029934984769231,105.55661920800001,82.0,6.966159146341464,571.22505,2.359752551317073,193.499709208,138.0,5.836909057971015,805.49345,1.9099016529565218,263.566428108,30.0,7.850437666666666,235.51313,2.9314363333333335,87.94309000000001
US-Rms,2018,EVI,year,120.51825077559826,172.0,258.0040967547956,207.9724785962011,179.78732099691285,258.0040967547956,207.9724785962011,179.78732099691285,43.0645,CSH,52.0,6.291408846153846,327.15326,1.9533866578461538,101.576106208,8.89348076923077,263.61675,4.9104230769230774,295.056,8.0,10.0547725,80.43818,4.009634999999999,32.077079999999995,87.0,5.605162528735632,487.64914,1.90186378045977,165.4621489,16.517356321839085,295.54244827586217,14.090908045977008,41.138999999999996,59.0,6.720490508474576,396.50894,2.1762102747118646,128.396406208,87.0,6.833965517241381,594.5550000000002,2.277081186298851,198.10606320800002,138.0,5.824057246376812,803.7199,1.8969672109275362,261.781475108,28.0,7.073073571428571,198.04605999999998,2.4896306071428564,69.70965699999998
US-Rms,2018,NIRv,year,125.37285614320923,172.0,254.366139755105,205.47474263776743,178.2860639805533,254.366139755105,205.47474263776743,178.2860639805533,43.0645,CSH,47.0,6.738724042553192,316.72003,2.1861215319148934,102.74771199999999,9.043787234042552,261.8771063829787,4.783702127659574,292.85699999999997,7.0,10.078074285714285,70.54652,3.987627142857143,27.91339,83.0,5.76480048192771,478.47844,1.961809939759036,162.83022499999998,16.858566265060247,301.43108433734943,14.397867469879516,35.868,53.0,7.097812264150944,376.18405,2.3661192830188673,125.40432199999996,80.0,7.15334,572.2672,2.4523812375,196.190499,129.0,6.078418372093024,784.1159700000001,2.0179934651162794,260.321157,27.0,7.2623388888888885,196.08315,2.6217102592592587,70.78617699999998
US-Rms,2019,NDVI,year,152.38982178515442,172.0,265.7919747986489,234.05385625477217,205.28531406283585,265.7919747986489,234.05385625477217,205.28531406283585,43.0645,CSH,20.0,5.568817,111.37634,1.197622425,23.952448500000003,10.674600000000002,321.637,7.1318,48.406000000000006,34.0,8.10994,275.73796,3.5856386470588237,121.911714,94.0,6.170764042553191,580.05182,2.483476406170213,233.44678218,14.721659574468083,274.2946382978723,10.80054255319149,180.03100000000003,53.0,7.211092075471699,382.18788000000006,2.732762311320754,144.83640249999996,82.0,6.920025487804876,567.4420899999999,2.7144850207317073,222.5877717,113.0,6.075236637168142,686.50174,2.2687740768141595,256.37147068,29.0,6.3880762068965495,185.25420999999994,2.6810816965517246,77.75136920000001
US-Rms,2019,EVI,year,136.67001700999745,172.0,279.8333451271612,235.57455249869795,203.0673211649253,279.8333451271612,235.57455249869795,203.0673211649253,43.0645,CSH,36.0,4.363363611111112,157.08109000000002,0.8450164333333334,30.4205916,7.7734999999999985,265.39894444444445,4.503027777777778,347.12100000000004,32.0,8.142432187499999,260.55782999999997,3.650849375,116.82718,108.0,5.6562740555555555,610.877598,2.229565804444445,240.79310688000004,13.237425925925924,260.6216574074074,9.79513888888889,210.38700000000003,67.0,6.159888059701494,412.7125000000001,2.1823882328358204,146.22001159999996,99.0,6.248465252525253,618.59806,2.339006412121212,231.5616348,143.0,5.335889986013986,763.0322679999999,1.8894121572027973,270.18593848,32.0,6.43392375,205.88556,2.666925725,85.3416232
US-Rms,2019,NIRv,year,146.43230171306465,172.0,277.4410905361155,235.2952355325236,202.0006997565237,277.4410905361155,235.2952355325236,202.0006997565237,43.0645,CSH,26.0,5.028845769230769,130.74999,0.9754599038461538,25.3619575,10.018461538461537,300.247,5.992576923076924,139.915,31.0,8.139093225806453,252.31189000000006,3.6864922580645163,114.28126,106.0,5.729538094339623,607.331038,2.2639808007547173,239.98196488000002,13.443641509433961,261.49418867924527,9.923518867924528,210.38700000000003,56.0,6.752418928571428,378.13545999999997,2.475276026785714,138.6154575,89.0,6.654684943820225,592.26696,2.544977535955056,226.5030007,131.0,5.596600061068703,733.154608,2.017680628854962,264.31616238,33.0,6.488833333333333,214.1315,2.6632588848484846,87.8875432
US-Rms,2020,NDVI,year,,173.0,265.5407426974717,212.13848254263735,182.1620135682857,265.5407426974717,212.13848254263735,182.1620135682857,43.0645,CSH,,,,,,,,,,10.0,9.383081,93.83081000000001,3.6909865,36.909865,93.0,6.414794086021506,596.5758500000001,2.0054897913978493,186.5105506,17.157021505376346,287.36459139784944,12.798870967741939,170.754,,,,,,,,,,,,,,,,30.0,8.405658,252.16974000000002,2.780823933333332,83.42471799999997
US-Rms,2020,EVI,year,,173.0,275.5965443696963,217.6992188968337,183.1875354612703,275.5965443696963,217.6992188968337,183.1875354612703,43.0645,CSH,,,,,,,,,,11.0,9.509037272727273,104.59941,3.838252272727273,42.220775,103.0,6.065142786407767,624.709707,1.8483923854368929,190.38441569999998,16.676980582524273,277.5384174757282,12.472601941747572,174.05,,,,,,,,,,,,,,,,34.0,8.085684705882352,274.91328,2.6145775882352944,88.895638
US-Rms,2020,NIRv,year,,173.0,268.7750007665558,213.64107975181096,182.39496709576463,268.7750007665558,213.64107975181096,182.39496709576463,43.0645,CSH,,,,,,,,,,10.0,9.383081,93.83081000000001,3.6909865,36.909865,96.0,6.309580208333334,605.7197000000001,1.9676507458333334,188.8944716,17.045552083333334,283.77691666666664,12.73278125,170.812,,,,,,,,,,,,,,,,31.0,8.350024516129034,258.85076000000004,2.7470467096774183,85.15844799999996
US-Rms,2021,NDVI,year,155.79935181881714,172.0,256.7873350225254,221.33254304831812,194.2267263204784,256.7873350225254,221.33254304831812,194.2267263204784,43.0645,CSH,17.0,6.4155958823529415,109.06513000000001,1.6134951176470589,27.429417,13.399058823529414,344.6325294117647,10.18735294117647,48.989000000000004,23.0,8.621365652173916,198.29141000000007,2.7939993913043475,64.261986,85.0,6.411088235294118,544.9425,2.290758591764706,194.71448030000002,18.430811764705883,282.57442352941183,15.20830588235294,128.67700000000002,39.0,7.677131794871795,299.40814,2.29243341025641,89.40490299999999,66.0,7.3727692424242415,486.60276999999996,2.3792432621212116,157.03005529999996,101.0,6.396626039603961,646.0592300000001,2.176805913861386,219.85739729999997,27.0,6.933134444444444,187.19463,2.50463527037037,67.6251523
US-Rms,2021,EVI,year,149.69699316085362,172.0,268.1802325930063,233.28051767330683,200.09331140808337,268.1802325930063,233.28051767330683,200.09331140808337,43.0645,CSH,23.0,6.073752608695651,139.69630999999998,1.0951827173913042,25.189202499999997,14.402000000000001,347.05300000000005,11.136130434782608,49.64600000000001,29.0,8.711875862068965,252.64439999999996,2.876993310344828,83.43280600000001,97.0,5.971412164948454,579.22698,2.0929437144329897,203.0155403,17.545278350515467,275.2988865979382,14.456278350515461,161.96200000000002,51.0,7.537104117647058,384.39230999999995,2.0850099705882355,106.3355085,84.0,6.938667023809522,582.8480299999999,2.1457110571428575,180.23972880000002,119.0,5.974578907563026,710.9748900000001,1.8984726285714286,225.9182428,33.0,6.013809696969697,198.45572,2.2395218272727275,73.9042203
US-Rms,2021,NIRv,year,150.95963379271134,172.0,264.478228934206,227.4241768800007,196.4710927100704,264.478228934206,227.4241768800007,196.4710927100704,43.0645,CSH,22.0,6.160753181818181,135.53656999999998,1.1486015136363636,25.2692333,14.518045454545456,346.0388181818182,11.19690909090909,49.646,25.0,8.67327,216.83175,2.84322064,71.080516,93.0,6.116951075268817,568.87645,2.1673187559139784,201.56064429999998,17.732602150537634,277.63067741935487,14.638172043010751,161.41400000000002,46.0,7.48738956521739,344.41991999999993,2.044853245652174,94.0632493,77.0,7.096767142857142,546.45107,2.147114150649351,165.32778960000002,114.0,6.109338771929825,696.4646200000001,1.9696787508771931,224.5433776,31.0,6.517133870967743,202.03115000000003,2.2988561387096773,71.2645403
US-Rms,2022,NDVI,year,163.78474147769444,172.0,284.3720360362063,231.89519879817564,192.27195946999043,284.3720360362063,231.89519879817564,192.27195946999043,43.0645,CSH,9.0,8.558585555555556,77.02727,4.032385555555556,36.291470000000004,6.964666666666667,290.55955555555556,4.995333333333333,14.130999999999998,21.0,10.847904761904763,227.806,4.353138095238095,91.4159,113.0,6.68538796460177,755.44884,2.1393590592920355,241.7475737,17.06816814159292,276.1770619469026,13.748911504424779,106.762,29.0,10.212445172413792,296.16091,4.2919086206896555,124.46535000000002,68.0,8.958962647058824,609.20946,3.2889529558823534,223.64880100000002,121.0,6.808295454545455,823.80375,2.271049782644628,274.79702369999995,39.0,8.026885897435898,313.04855000000003,2.54316541025641,99.18345099999999
US-Rms,2022,EVI,year,164.0696681797499,172.0,283.41795712980115,231.4473964656798,193.3523231419055,283.41795712980115,231.4473964656798,193.3523231419055,43.0645,CSH,8.0,8.82264,70.58112,4.18450125,33.47601,7.80025,298.71512500000006,5.438000000000001,13.741,22.0,10.901954545454545,239.843,4.345469545454545,95.60032999999999,112.0,6.722654464285715,752.9373,2.1549966223214283,241.35962169999996,17.136839285714284,276.9020446428571,13.810455357142857,106.762,29.0,10.405233103448275,301.75176,4.339114482758621,125.83432,67.0,8.996467313432836,602.76331,3.2960200149253733,220.83334100000002,119.0,6.8474458823529405,814.84606,2.2822992579831927,271.59361169999994,38.0,7.92135657894737,301.01155000000006,2.4999742368421054,94.999021
US-Rms,2022,NIRv,year,164.09476296910327,172.0,280.232714839856,228.83059491429077,194.17304890815788,280.232714839856,228.83059491429077,194.17304890815788,43.0645,CSH,8.0,8.82264,70.58112,4.18450125,33.47601,7.80025,298.71512500000006,5.438000000000001,13.741,23.0,10.872160869565219,250.05970000000005,4.262531304347826,98.03822,109.0,6.831959449541285,744.6835800000001,2.203806978899083,240.21496070000003,17.240559633027523,279.0770366972477,13.886073394495412,106.759,30.0,10.398948666666666,311.96846,4.275740333333333,128.27221,64.0,9.129080156250001,584.2611300000001,3.43090409375,219.577862,116.0,6.953382241379311,806.59234,2.3314564715517236,270.44895069999995,34.0,8.00860794117647,272.29267,2.6854603529411762,91.305652
US-Rms,2023,NDVI,year,160.00103990860626,172.0,275.87749117888745,223.3932850233549,195.14976183562536,275.87749117888745,223.3932850233549,195.14976183562536,43.0645,CSH,12.0,7.670520000000001,92.04624000000001,2.634456666666667,31.613480000000003,8.084583333333335,269.6331666666667,3.5394166666666664,87.407,24.0,8.988555833333333,215.72534,2.9756267083333334,71.415041,104.0,6.101272499999999,634.53234,2.1755804826923075,226.26037019999998,15.477480769230768,267.0032019230769,11.207307692307692,288.619,35.0,8.598845142857144,300.95958,2.878987742857143,100.764571,63.0,8.325601904761903,524.5129199999999,3.2479692222222223,204.622061,115.0,6.258839826086957,719.7665800000001,2.222694784347826,255.6099002,28.0,7.9840478571428575,223.55334000000002,3.7091960714285714,103.85749
US-Rms,2023,EVI,year,141.35468660080457,172.0,280.26922636286355,220.72168900504028,175.2629753453358,280.26922636286355,220.72168900504028,175.2629753453358,43.0645,CSH,31.0,5.879990645161291,182.27971000000002,1.7647180967741933,54.70626099999999,9.422451612903226,252.3823225806452,4.176129032258064,194.216,,,,,,109.0,5.957599174311926,649.3783099999999,2.124655047706422,231.58740020000002,15.138201834862384,262.0017155963302,10.863458715596328,308.023,34.0,6.084465882352941,206.87184,1.8130473823529412,61.643611,79.0,7.519714303797467,594.0574299999998,2.749257746835443,217.191362,139.0,5.934144028776978,824.84602,2.043379217266187,284.0297112,45.0,8.604124222222223,387.18559000000005,3.4566166888888885,155.54775099999998
US-Rms,2023,NIRv,year,141.36429488179053,172.0,279.60814626936684,222.3357507582771,179.01016812654356,279.60814626936684,222.3357507582771,179.01016812654356,43.0645,CSH,31.0,5.879990645161291,182.27971000000002,1.7647180967741933,54.70626099999999,9.422451612903226,252.3823225806452,4.176129032258064,194.216,8.0,7.4978637500000005,59.982910000000004,1.9422113749999999,15.537690999999999,108.0,5.984240833333333,646.29801,2.1347112055555555,230.5488102,15.189314814814814,262.78286111111106,10.918175925925924,308.023,38.0,6.1960689473684205,235.45062,1.7889474210526315,67.980002,81.0,7.51604111111111,608.7993299999999,2.7788754567901233,225.088912,138.0,5.954824057971014,821.76572,2.0506602985507247,282.9911212,43.0,8.682528139534883,373.34871,3.6536955813953482,157.10890999999998
US-Ro4,2015,NDVI,year,118.80629988164247,172.0,307.1192157599317,273.29523320609627,237.55917294605908,307.1192157599317,273.29523320609627,237.55917294605908,44.6781,GRA,54.0,4.165118053703704,224.91637490000002,0.47868890740740744,25.849201,16.338425925925925,230.6474814814815,6.762203703703701,237.82000000000002,66.0,11.899340606060607,785.35648,5.112575272727272,337.429968,136.0,7.113415949999999,967.4245692,2.4439972005147053,332.38361926999994,17.527500000000003,195.65078676470586,5.895691176470589,579.39,119.0,8.37236684789916,996.3116549,2.994874109243698,356.39001900000005,155.0,7.539378225161291,1168.6036249,2.480154827548388,384.4239982700001,189.0,6.234813460846561,1178.3797441,1.8589612183597881,351.34367026999996,36.0,4.785888055555556,172.29197,0.7787216463888889,28.03397927
US-Ro4,2015,EVI,year,135.78381230790438,172.0,293.37399885099654,262.9260520025616,233.1024733047164,293.37399885099654,262.9260520025616,233.1024733047164,44.6781,GRA,37.0,5.8425994864864865,216.176181,1.3484311891891894,49.891954000000005,17.537567567567567,239.36289189189188,7.071675675675677,175.73999999999998,62.0,12.184500806451615,755.4390500000001,5.248325290322581,325.39616800000005,122.0,7.921595358196721,966.4346337,2.8176914612295083,343.75835827000003,18.512860655737708,207.90490163934427,6.229770491803279,520.44,98.0,9.771979908163265,957.654031,3.7591731836734694,368.398972,127.0,8.900524023622047,1130.366551,3.289436645669292,417.7584540000001,158.0,7.396516548734177,1168.6496147,2.4478554574050633,386.76116227,29.0,5.955604137931035,172.71252,1.702051103448276,49.359482
US-Ro4,2015,NIRv,year,143.02159968098056,172.0,289.0218635645011,260.6537663493599,233.27673342638303,289.0218635645011,260.6537663493599,233.27673342638303,44.6781,GRA,29.0,7.127576862068966,206.69972900000002,2.005297206896552,58.153619000000006,18.817827586206896,241.4150689655173,7.228137931034484,169.01,62.0,12.184500806451615,755.4390500000001,5.248325290322581,325.39616800000005,118.0,8.187123716949152,966.0805985999999,2.942792366694915,347.24949927,18.794474576271185,209.5817881355932,6.216084745762713,520.44,90.0,10.535306433333332,948.1775789999999,4.1851181888888895,376.66063700000007,117.0,9.53932264102564,1116.100749,3.647346632478633,426.7395560000001,146.0,7.937117312328767,1158.8191276,2.7295477278767124,398.51396827,27.0,6.219376666666668,167.92317000000003,1.8547747777777777,50.078919
US-Ro4,2017,NDVI,year,117.89589266049788,172.0,317.69098228650665,273.7426768982094,234.12821404189827,317.69098228650665,273.7426768982094,234.12821404189827,44.6781,GRA,55.0,2.760494305818182,151.82718682,-0.09508514727272731,-5.229683100000002,16.228890909090907,241.48247272727272,8.257818181818182,237.29999999999998,63.0,10.70251761904762,674.2586100000001,4.329476933333334,272.7570468,146.0,5.758585519109589,840.75348579,1.6351764946849312,238.73576822399997,15.122671232876712,175.51307534246575,5.2345136986301375,435.81,117.0,6.967595699316239,815.20869682,2.23318704017094,261.28288369999996,156.0,6.223604546923077,970.8823093200001,1.6774022032051277,261.6747436999999,200.0,4.90851786305,981.70357261,1.13630802562,227.261605124,39.0,3.991631089743591,155.67361250000005,0.010047692307692358,0.391860000000002
US-Ro4,2017,EVI,year,121.2219576823508,172.0,298.3208117964613,257.9848946708362,224.70020081057268,298.3208117964613,257.9848946708362,224.70020081057268,44.6781,GRA,51.0,2.971106215686275,151.526417,-0.05434419803921573,-2.771554100000002,17.075,249.29749019607843,8.648450980392155,207.85,53.0,11.377185094339623,602.99081,4.866743864150944,257.93742480000003,127.0,6.607728812834644,839.1815592299997,1.9268026362204729,244.70393480000004,17.476811023622048,192.35610236220472,5.798417322834646,426.44,103.0,7.219807058252428,743.6401270000001,2.416712531067961,248.9213907,136.0,6.889208286764706,936.932327,2.0695162992647056,281.45421669999996,177.0,5.535767662316385,979.8308762300001,1.3315700604519773,235.6879007,33.0,5.857339393939394,193.29219999999998,0.9858432121212123,32.53282600000001
US-Ro4,2017,NIRv,year,123.61951316521748,172.0,292.97469657942605,254.63752280017752,223.05128455308517,292.97469657942605,254.63752280017752,223.05128455308517,44.6781,GRA,49.0,3.072047346938776,150.53032000000002,-0.03940041020408162,-1.9306200999999996,17.378061224489795,248.92942857142856,8.763877551020409,207.84999999999997,52.0,11.380396346153846,591.78061,4.861532207692308,252.79967480000002,121.0,6.927193373801652,838.1903982299999,2.0754488330578513,251.12930880000002,17.780975206611572,196.22909917355372,5.815561983471073,415.1,100.0,7.3143383,731.4338300000001,2.4462457470000003,244.62457470000004,131.0,7.0330579389312975,921.3305899999999,2.136371822137405,279.86470870000005,169.0,5.78605691260355,977.8436182300001,1.4375988680473373,242.9542087,31.0,6.12570193548387,189.89675999999997,1.1367785161290322,35.240134
US-Ro4,2021,NDVI,year,141.40324679767292,172.0,317.345030690453,278.80655896826386,237.94914945508373,317.345030690453,278.80655896826386,237.94914945508373,44.6781,GRA,31.0,5.1856485161290315,160.755104,0.8246014838709678,25.562646,21.378225806451614,279.14396774193546,12.78148387096774,49.71,66.0,9.453345757575757,623.9208199999999,3.682864787878788,243.069076,146.0,5.21303937260274,761.1037484000001,1.4354296431506848,209.5727279,16.827390410958905,185.6704863013699,6.331171232876712,332.72,96.0,8.0965249375,777.266394,2.7714041875,266.054802,137.0,6.5344210948905115,895.2156900000001,1.8792114912408757,257.45197429999996,176.0,5.195734786363636,914.4493224,1.3213548517045455,232.55845390000002,41.0,2.8768120975609754,117.94929599999999,-0.2098250658536586,-8.602827700000002
US-Ro4,2021,EVI,year,141.30034562340646,172.0,310.3552476863256,257.1639278090073,218.58620621181964,310.3552476863256,257.1639278090073,218.58620621181964,44.6781,GRA,31.0,5.1856485161290315,160.755104,0.8246014838709678,25.562646,21.378225806451614,279.14396774193546,12.78148387096774,49.71,47.0,10.644228936170213,500.27876000000003,4.330813957446809,203.548256,139.0,5.4595466791366905,758.8769884,1.5251213316546761,211.99186509999998,17.45446762589928,191.86953956834535,6.53910071942446,306.58,77.0,8.488627714285716,653.6243340000001,2.941999766233766,226.53398199999998,116.0,7.389556077586207,857.188505,2.3952773534482756,277.852173,169.0,5.397766641420118,912.2225623999999,1.3903999473372781,234.9775911,39.0,5.219594128205127,203.56417099999996,1.3158510512820512,51.31819099999999
US-Ro4,2021,NIRv,year,141.17520718267417,172.0,307.9689587139037,253.92081748791645,214.9196934699206,307.9689587139037,253.92081748791645,214.9196934699206,44.6781,GRA,31.0,5.1856485161290315,160.755104,0.8246014838709678,25.562646,21.378225806451614,279.14396774193546,12.78148387096774,49.71,43.0,10.824056511627907,465.43443,4.394135488372093,188.94782600000002,136.0,5.567299760294117,757.1527673999999,1.5676261698529412,213.19715910000002,17.681279411764702,193.5251470588235,6.602014705882352,306.5799999999999,73.0,8.476438410958906,618.7800040000002,2.9031993424657534,211.933552,112.0,7.536970580357143,844.140705,2.48021875,277.78450000000004,166.0,5.484929767469879,910.4983413999998,1.4227884644578312,236.1828851,39.0,5.778479512820512,225.36070099999998,1.6884858461538466,65.85094800000002
US-Ro4,2022,NDVI,year,129.2624888578989,172.0,299.7977161613948,274.07450823364763,242.9724661753983,299.7977161613948,274.07450823364763,242.9724661753983,44.6781,GRA,43.0,2.629791976744186,113.08105499999999,-0.39283601860465106,-16.891948799999994,18.694976744186043,242.9237441860465,9.299162790697675,90.40400000000001,71.0,8.843731408450704,627.90493,3.1622272535211278,224.51813500000006,128.0,6.0109298390625,769.3990194,1.711687540625,219.0960052,17.983953125,197.930625,6.771187500000001,259.981,113.0,6.4826626991150444,732.540885,1.8128373115044247,204.8506162,145.0,5.91114564137931,857.1161179999999,1.4565712262068966,211.2028278,170.0,5.141382202352941,874.0349743999999,1.1731087435294119,199.42848640000003,32.0,3.8929760312500004,124.57523300000001,0.1985066125,6.3522116
US-Ro4,2022,EVI,year,132.02379005553956,172.0,294.2028886773007,261.301910271748,227.8221586213467,294.2028886773007,261.301910271748,227.8221586213467,44.6781,GRA,40.0,2.747410075,109.89640299999999,-0.33261166999999997,-13.304466799999998,18.455000000000002,245.11975,9.164325,48.513999999999996,56.0,9.103611964285715,509.80227,3.517318660714286,196.96984500000002,123.0,6.241360731707317,767.68737,1.8055143593495935,222.0782662,18.282243902439028,201.6781219512195,6.831536585365854,256.87,95.0,6.434248136842105,611.253573,1.9041032442105263,180.8898082,129.0,6.397598007751937,825.290143,1.704051350387597,219.8226242,162.0,5.365053537037037,869.1386729999999,1.2715940086419755,205.9982294,34.0,6.295193235294118,214.03657,1.145082823529412,38.932816
US-Ro4,2022,NIRv,year,133.9512789681161,172.0,292.1544787440041,258.8494382096489,226.42920341776417,292.1544787440041,258.8494382096489,226.42920341776417,44.6781,GRA,39.0,2.780318025641026,108.43240300000002,-0.3168521743589744,-12.3572348,18.404179487179483,244.34143589743587,9.12117948717949,48.513999999999996,55.0,9.119489636363635,501.57192999999995,3.5273668181818185,194.005175,121.0,6.335368636363636,766.579605,1.8401705140495868,222.6606322,18.449826446280998,202.88457024793388,6.848190082644629,256.87,93.0,6.468378849462365,601.559233,1.923358819354839,178.87237020000003,125.0,6.527816103999999,815.9770129999999,1.7939631936000002,224.24539920000004,159.0,5.450106339622642,866.566908,1.3052064616352201,207.5278274,32.0,6.700555625,214.41778,1.4179071562499999,45.373028999999995
US-Ro4,2023,NDVI,year,122.27953449295508,172.0,331.306615989934,285.33899705163327,240.668905702538,331.306615989934,285.33899705163327,240.668905702538,44.6781,GRA,50.0,3.6329994599999997,181.649973,0.5966406399999999,29.832031999999998,18.72532,251.47933999999998,9.63264,64.77000000000001,69.0,8.260221014492751,569.9552499999999,2.880722414492755,198.76984660000008,160.0,4.59931287061875,735.890059299,1.014001314375,162.2402103,15.486043749999999,172.62031875000002,5.645300000000001,425.686,118.0,6.278745957627118,740.8920229999999,1.8975079542372888,223.90593860000007,163.0,5.480917578466258,893.3895652900001,1.3382431509202455,218.13363360000002,209.0,4.338884365066987,906.8268322990002,0.8965373315789473,187.3763023,45.0,3.388834273111112,152.49754229000004,-0.12827344444444444,-5.772304999999999
US-Ro4,2023,EVI,year,123.36951028139114,172.0,316.4917742161539,268.47414030709746,227.57476460472355,316.4917742161539,268.47414030709746,227.57476460472355,44.6781,GRA,49.0,3.6738878163265305,180.020503,0.6023755918367347,29.516404,18.890326530612246,250.29991836734695,9.636551020408163,64.77000000000001,56.0,8.362568571428572,468.30384000000004,3.043273010714286,170.4232886,145.0,5.035230808958621,730.108467299,1.1569643696551726,167.75983360000004,16.90468275862069,182.43833103448273,5.924806896551724,425.686,104.0,6.130876375000001,637.6111430000001,1.877343775,195.2437526,145.0,5.963102248275862,864.6498260000001,1.6931999765517245,245.51399660000004,193.0,4.660185338336788,899.4157702990001,0.9978253761658031,192.5802976,41.0,5.537528853658537,227.03868300000002,1.226103512195122,50.270244000000005
US-Ro4,2023,NIRv,year,127.47159697724813,172.0,313.50916622646923,265.2764322926697,226.1366217476161,313.50916622646923,265.2764322926697,226.1366217476161,44.6781,GRA,45.0,3.9568411333333335,178.057851,0.7623027333333334,34.303623,19.200133333333333,258.01262222222215,9.9912,45.212,55.0,8.367116,460.19138,3.050259429090909,167.7642686,142.0,5.134097438725353,729.0418362990001,1.190788814084507,169.0920116,17.157901408450705,185.06609154929578,5.9862394366197185,425.6859999999999,99.0,6.33874778787879,627.5360310000002,1.993656076767677,197.37195160000002,138.0,6.217712630434783,858.044343,1.858958591304348,256.53628560000004,186.0,4.81928218977957,896.386487299,1.0682779279569894,198.69969460000002,39.0,5.9104695384615376,230.50831199999996,1.517034205128205,59.164334
US-Ro4,2024,NDVI,year,116.11748742282464,173.0,322.9485949454862,284.2267632112229,245.0225160717443,322.9485949454862,284.2267632112229,245.0225160717443,44.6781,GRA,57.0,3.5922927017543858,204.760684,0.06710642105263159,3.825066000000001,16.816614035087717,216.66089473684212,6.398543859649123,332.80699999999996,73.0,11.797184109589043,861.1944400000002,4.8218217671232875,351.99298899999997,150.0,7.0768776760000005,1061.5316514,2.626521240666667,393.9781861,16.743313333333333,183.11379333333335,5.424026666666667,449.608,129.0,8.221365069767442,1060.556094,2.748150348837209,354.511395,168.0,7.286755529761903,1224.1749289999998,2.360886230357143,396.6288867,206.0,6.120841288349515,1260.8933054000001,1.9247407383495148,396.49659210000004,39.0,4.1953547435897445,163.61883500000005,1.079935684615385,42.11749170000001
US-Ro4,2024,EVI,year,120.87764929299524,173.0,309.8256531774952,267.5111987726257,229.6957542486417,309.8256531774952,267.5111987726257,229.6957542486417,44.6781,GRA,53.0,3.854819490566038,204.30543300000002,0.16293533962264153,8.635573,17.32132075471698,228.21603773584906,6.733962264150942,314.36199999999997,57.0,12.539479298245613,714.75032,5.228838929824561,298.043819,137.0,7.709462295620438,1056.1963345,2.9015638299270075,397.5142447,17.844036496350366,193.672,5.820890510948905,437.605,109.0,8.382171770642202,913.656723,2.8015846972477063,305.372732,147.0,8.062709272108844,1185.218263,2.67012730340136,392.5087135999999,189.0,6.640755224867724,1255.1027374999999,2.1420272894179893,404.84315769999995,38.0,7.146356315789472,271.5615399999999,2.2930521473684213,87.13598160000001
US-Ro4,2024,NIRv,year,124.53197379134568,173.0,306.43807357100144,263.75962969855334,227.1490748221433,306.43807357100144,263.75962969855334,227.1490748221433,44.6781,GRA,49.0,4.077964632653062,199.82026700000003,0.23443873469387752,11.487497999999999,17.7174693877551,229.0288571428571,6.924612244897959,283.174,55.0,12.68805818181818,697.8431999999999,5.310565072727273,292.081079,134.0,7.875531223880596,1055.321184,2.980470997761194,399.3831137,18.03131343283582,196.90652985074627,5.920917910447761,417.94899999999996,103.0,8.662761524271843,892.2644369999998,2.9345817184466023,302.26191700000004,139.0,8.373398323741009,1163.9023670000001,2.8374272086330934,394.402382,182.0,6.866716598901099,1249.742421,2.250351382967033,409.5639517,36.0,7.545498055555557,271.63793000000004,2.5594573611111113,92.140465
US-Ro4,2025,NDVI,year,126.2095009940278,172.0,320.94715192859,280.6391798816084,237.69010157272797,320.94715192859,280.6391798816084,237.69010157272797,44.6781,GRA,46.0,5.428193304347826,249.69689200000002,1.3094157978260867,60.23312669999999,16.426739130434786,219.9538043478261,7.025086956521739,159.511,66.0,11.087830909090911,731.7968400000002,4.027969454545454,265.845984,149.0,6.131051606040268,913.5266892999999,1.8637959590604025,277.7055979,16.392322147651008,182.6576644295302,4.514476510067114,332.245,111.0,8.728310198198198,968.8424319999999,2.9133418081081075,323.38094069999994,154.0,7.34434846103896,1131.0296629999998,2.3460961032467536,361.29879990000006,194.0,5.930784955154639,1150.5722813,1.7280440958762886,335.2405546,43.0,3.7717960697674413,162.18723099999997,0.8818106790697672,37.91785919999999
US-Ro4,2025,EVI,year,126.17109533716,172.0,303.1142242060395,262.1008183567638,226.8026195030562,303.1142242060395,262.1008183567638,226.8026195030562,44.6781,GRA,46.0,5.428193304347826,249.69689200000002,1.3094157978260867,60.23312669999999,16.426739130434786,219.9538043478261,7.025086956521739,159.511,55.0,11.532943636363633,634.3118999999998,4.423859818181818,243.31228999999996,132.0,6.86240376060606,905.8372964,2.140301206060606,282.51975919999995,17.988818181818182,193.99805303030303,4.72528787878788,328.37800000000004,100.0,8.71357492,871.3574919999999,3.008472467,300.84724669999997,136.0,8.062416786764706,1096.488683,2.6422039257352936,359.33973389999994,177.0,6.45696547118644,1142.8828884,1.921213084180791,340.0547159,36.0,6.253644194444444,225.131191,1.6247913111111112,58.4924872
US-Ro4,2025,NIRv,year,128.81630451423143,172.0,296.24841126854307,258.307155055768,225.99238953374063,296.24841126854307,258.307155055768,225.99238953374063,44.6781,GRA,44.0,5.577944363636363,245.42955199999997,1.3800066977272725,60.72029469999999,16.49575,215.44799999999995,6.910522727272727,159.427,54.0,11.608948888888884,626.8832399999998,4.486692962962963,242.28142000000003,125.0,7.221168587200002,902.6460734000002,2.2891379135999994,286.14223919999995,18.601351999999995,199.14744000000002,4.843048,325.747,97.0,8.862489608247422,859.661492,3.0959128319587625,300.3035447,130.0,8.305883169230768,1079.764812,2.7402637069230766,356.2342819,168.0,6.758478127380952,1135.4243254,2.048597404166667,344.1643639,33.0,6.669797575757576,220.10332,1.6948708242424242,55.930737199999996
US-Rpf,2016,NDVI,year,108.7184310410074,173.0,289.1321556652487,271.3820791965245,238.05973427397075,289.1321556652487,271.3820791965245,238.05973427397075,65.1198,DBF,65.0,2.4873978,161.680857,0.938137063076923,60.978909099999996,10.006046153846153,205.56550769230768,6.061430769230769,100.49999999999999,66.0,4.961486818181818,327.45813,0.26129170151515146,17.245252299999997,117.0,3.2614742282051283,381.5924847,-0.24737051025641024,-28.942349699999998,11.024179487179488,142.4630683760684,5.004068376068377,317.79999999999995,130.0,3.7346183615384616,485.500387,0.599764003076923,77.96932039999999,163.0,3.2829840858895705,535.126406,0.2878846527607362,46.925198400000006,181.0,2.981407412707182,539.6347417,0.17558960441988944,31.78171839999999,33.0,1.5038187575757576,49.626019,-0.9407309696969697,-31.044121999999998
US-Rpf,2016,EVI,year,114.89459358804989,173.0,273.39380778426874,253.73413532895984,233.27284833146524,273.39380778426874,253.73413532895984,233.27284833146524,65.1198,DBF,59.0,2.6850271355932205,158.416601,1.0707194457627118,63.172447299999995,10.517186440677966,205.8111186440678,6.205474576271186,100.4,61.0,5.137517377049181,313.38856000000004,0.32691896065573767,19.942056599999997,101.0,3.740135128712872,377.75364800000006,-0.15737817524752473,-15.895195699999999,12.417603960396043,153.72659405940593,5.160386138613863,317.8,119.0,3.9341727815126055,468.16656100000006,0.6962996882352943,82.85966290000002,139.0,3.706432971223021,515.194183,0.499289148201439,69.40119160000002,159.0,3.3492556540880503,532.531649,0.2957384314465409,47.0224106,20.0,2.3513811000000002,47.02762200000001,-0.672923565,-13.4584713
US-Rpf,2016,NIRv,year,115.04799515138052,173.0,275.1466905927745,254.14583955982144,231.86296640267025,275.1466905927745,254.14583955982144,231.86296640267025,65.1198,DBF,58.0,2.712016568965517,157.29696099999998,1.0889645655172413,63.1599448,10.544620689655174,204.76956896551724,6.2028448275862065,100.4,59.0,5.228835762711865,308.50131000000005,0.3648864745762712,21.528302,103.0,3.678143873786408,378.84881900000005,-0.16778349223300967,-17.281699699999997,12.278737864077675,152.53108737864076,5.146310679611652,317.8,116.0,3.984135094827587,462.15967100000006,0.7278741879310348,84.43340580000003,139.0,3.7098586546762586,515.670353,0.4925194107913669,68.4601981,160.0,3.3281698750000004,532.5071800000001,0.2851462756250001,45.623404100000016,23.0,2.326551391304348,53.510682,-0.6944872913043478,-15.9732077
US-Rpf,2024,NDVI,year,136.27257721277604,173.0,274.5929759357066,237.59392895912947,207.36660223080403,274.5929759357066,237.59392895912947,207.36660223080403,65.1198,DBF,37.0,5.861658378378379,216.88136,3.862372872972973,142.9077963,13.698027027027027,232.07627027027027,7.747945945945949,31.8,35.0,7.655494,267.94229,3.8437573457142866,134.53150710000003,102.0,4.932008598039215,503.06487699999997,1.081300570588235,110.29265819999998,11.394000000000004,134.58183333333335,4.324186274509803,325.77000000000004,71.0,6.699511408450704,475.66531,3.810107935211267,270.51766339999995,101.0,6.37940099009901,644.3195000000001,2.8966033108910896,292.55693440000005,138.0,5.150636934782608,710.7878969999999,1.7846290905797102,246.2788145,30.0,5.621806333333331,168.65418999999994,0.7346423666666667,22.039271000000003
US-Rpf,2024,EVI,year,123.08767171224292,173.0,282.78664654532656,257.4361162399492,221.1027105656884,282.78664654532656,257.4361162399492,221.1027105656884,65.1198,DBF,50.0,4.75637034,237.818517,2.8167887659999997,140.83943829999998,11.932960000000001,218.17752000000002,7.079620000000001,44.800000000000004,49.0,7.200470612244898,352.82306,3.119089063265306,152.8353641,110.0,4.579924650909089,503.7917115999998,0.9042942654545456,99.47236920000002,10.777554545454548,129.91842727272729,4.250045454545454,326.96999999999997,98.0,5.933502418367349,581.4832370000001,2.9260526775510205,286.7531624,134.0,5.367548126865671,719.2514489999999,2.0388044514925374,273.1997965,159.0,4.606615651572326,732.4518885999998,1.4678626886792452,233.3901675,36.0,3.826894777777777,137.76821199999998,-0.3764823861111111,-13.553365900000001
US-Rpf,2024,NIRv,year,123.17915003776548,173.0,282.58721689684376,257.245985852222,220.96021509884275,282.58721689684376,257.245985852222,220.96021509884275,65.1198,DBF,50.0,4.75637034,237.818517,2.8167887659999997,140.83943829999998,11.932960000000001,218.17752000000002,7.079620000000001,44.800000000000004,48.0,7.2495375,347.9778,3.1968425020833333,153.4484401,110.0,4.579924650909089,503.7917115999998,0.9042942654545456,99.47236920000002,10.777554545454548,129.91842727272729,4.250045454545454,326.96999999999997,97.0,5.944721412371135,576.6379770000001,2.9625385402061855,287.3662384,134.0,5.367548126865671,719.2514489999999,2.0388044514925374,273.1997965,159.0,4.606615651572326,732.4518885999998,1.4678626886792452,233.3901675,37.0,3.8544181621621614,142.61347199999997,-0.38287680810810815,-14.1664419
US-Rwf,2014,NDVI,year,99.41905029438324,172.0,226.97564499530063,191.60526327913263,166.13608239256325,226.97564499530063,191.60526327913263,166.13608239256325,43.1207,CSH,73.0,,,,,9.265575342465754,272.93078082191784,7.661808219178081,180.631,,,,,,55.0,4.4031056,242.170808,1.9698544945454544,108.3419972,19.019418181818182,280.5521636363637,14.915799999999999,147.153,67.0,,,,,92.0,,,,,127.0,,,,,25.0,6.896295200000001,172.40738000000002,3.396436,84.9109
US-Rwf,2014,EVI,year,92.82135683615864,172.0,248.46681756847988,199.92377717291205,168.25091939305526,248.46681756847988,199.92377717291205,168.25091939305526,43.1207,CSH,80.0,,,,,8.949525,268.3094625,7.4229625,193.905,,,,,,77.0,3.6480614805194804,280.900734,1.5197914233766237,117.02393960000002,17.837246753246752,271.62331168831173,13.593220779220777,168.073,76.0,,,,,107.0,,,,,156.0,,,,,31.0,6.154150322580644,190.77865999999997,2.882608387096774,89.36085999999999
US-Rwf,2014,NIRv,year,98.36739601358865,172.0,249.23107241982223,200.6301494631834,169.23874898023956,249.23107241982223,200.6301494631834,169.23874898023956,43.1207,CSH,74.0,,,,,9.272121621621622,272.3593918918919,7.6536351351351355,182.058,,,,,,78.0,3.621682230769231,282.491214,1.5040877384615388,117.31884360000002,17.814743589743593,271.6399358974359,13.612705128205127,168.073,71.0,,,,,102.0,,,,,151.0,,,,,31.0,6.168928064516129,191.23676999999998,2.9056806451612904,90.0761
US-Rwf,2015,NDVI,year,80.15724132877239,172.0,243.2245080960932,198.78749925571128,171.47540365571322,243.2245080960932,198.78749925571128,171.47540365571322,43.1207,CSH,92.0,3.7104924292391304,341.36530349,0.9357175869565217,86.086018,8.360184782608696,247.85650000000004,6.214815217391304,406.45400000000006,,,,,,72.0,4.742642083333333,341.47023,1.3519891666666668,97.34322,18.74,271.8350972222222,15.36401388888889,91.214,91.0,3.6508698185714286,332.22915349,0.8982063516483516,81.736778,118.0,4.350726046525424,513.38567349,1.1548847627118644,136.276402,163.0,4.133125052085889,673.69938349,1.0986502944785275,179.079998,27.0,6.709500740740742,181.15652000000003,2.0199860740740743,54.539624
US-Rwf,2015,EVI,year,138.04575875064307,172.0,239.2074975617592,197.965245783716,163.6737884875581,239.2074975617592,197.965245783716,163.6737884875581,43.1207,CSH,34.0,7.188530000000001,244.41002000000003,2.7721511470588234,94.25313899999999,13.978941176470588,275.63326470588237,9.045411764705884,156.426,,,,,,68.0,4.918825441176471,334.48013000000003,1.4083219852941176,95.765895,18.841220588235295,274.1536029411765,15.465382352941177,90.419,25.0,6.5494372,163.73593,2.34429396,58.607349,59.0,6.9642357627118665,410.8899100000001,2.4326143389830506,143.52424599999998,101.0,5.6411287128712875,569.754,1.8383147920792073,185.66979399999994,34.0,7.269234705882354,247.15398000000005,2.497555794117647,84.91689699999999
US-Rwf,2015,NIRv,year,81.83960385547427,172.0,262.59309117269123,209.5270844459993,175.81184093993193,262.59309117269123,209.5270844459993,175.81184093993193,43.1207,CSH,91.0,3.7429438295604394,340.60788849,0.9509599010989009,86.53735099999999,8.378538461538461,248.78839560439562,6.220461538461539,404.679,,,,,,91.0,3.9839182065934065,362.53655679999997,0.9852989615384615,89.6622055,17.46234065934066,258.57394505494506,14.247109890109892,183.91899999999998,94.0,3.8987548775531913,366.48295849,1.043226819148936,98.06332099999999,128.0,4.494137019453126,575.2495384900001,1.2061665625,154.38932,181.0,3.8342999739779002,694.00829529,0.9494492624309393,171.85031650000002,34.0,6.140193529411765,208.76658,1.6566470294117648,56.325999
US-Rwf,2016,NDVI,year,101.36986683101593,173.0,247.17112472043613,195.25704795726995,163.37563279984084,247.17112472043613,195.25704795726995,163.37563279984084,43.1207,CSH,72.0,4.53962505,326.85300359999997,1.7443780416666668,125.59521900000001,9.749666666666666,255.4654861111111,7.038319444444444,270.02,,,,,,75.0,3.8762418666666667,290.71814,1.7435089853333332,130.7631739,18.186586666666667,301.2918,15.588693333333332,41.285999999999994,62.0,4.1706131225806455,258.5780136,1.362776435483871,84.492139,94.0,4.919753336170213,462.4568136,2.0708096702127663,194.65610900000004,146.0,4.180182832876713,610.3066936,1.727253170547945,252.1789629,32.0,6.3712125,203.8788,3.4426240625,110.16397
US-Rwf,2016,EVI,year,100.31783252304992,173.0,250.9105199968369,199.97439592579343,167.4553474132604,250.9105199968369,199.97439592579343,167.4553474132604,43.1207,CSH,73.0,4.4834165287671235,327.2894066,1.7041908082191781,124.405929,9.770493150684933,255.92932876712328,7.055191780821918,270.212,,,,,,78.0,3.723471489743589,290.43077619999997,1.6297536653846154,127.1207859,17.84644871794872,296.241,15.222935897435896,58.959999999999994,67.0,4.244599202985074,284.38814659999997,1.4679043134328358,98.349589,99.0,4.875315117171716,482.65619659999993,2.060755646464646,204.01480899999996,150.0,4.0697048853333335,610.4557328000001,1.6489818993333334,247.3472849,32.0,6.1958765625000005,198.26805000000002,3.302038125,105.66522
US-Rwf,2016,NIRv,year,102.75971201994128,173.0,250.3776165402473,200.24632199910636,168.59594904263554,250.3776165402473,200.24632199910636,168.59594904263554,43.1207,CSH,71.0,4.59920321971831,326.5434286,1.7857050563380281,126.78505899999999,9.731070422535213,255.34280281690135,7.040366197183098,269.71399999999994,,,,,,78.0,3.723471489743589,290.43077619999997,1.6297536653846154,127.1207859,17.84644871794872,296.241,15.222935897435896,58.959999999999994,66.0,4.3940421,290.0067786,1.5891539242424242,104.884159,98.0,4.964141822448979,486.4858985999999,2.1292720306122446,208.66865899999996,148.0,4.119660505405405,609.7097547999999,1.6873406412162162,249.7264149,32.0,6.1399725,196.47912,3.2432656250000003,103.78450000000001
US-Rwf,2017,NDVI,year,123.50296927942192,172.0,241.65206122808624,200.5467714343693,176.0984230120553,241.65206122808624,200.5467714343693,176.0984230120553,43.1207,CSH,49.0,5.56711,272.78839,2.0774209102040815,101.79362459999999,10.618591836734693,265.8574489795918,7.032510204081633,280.001,5.0,9.1809,45.9045,4.129346,20.646729999999998,70.0,5.273278528571429,369.129497,2.1081684185714287,147.5717893,20.215771428571426,295.1348714285714,17.5496,56.12200000000001,53.0,5.83207320754717,309.09988,2.2282698981132074,118.09830459999999,77.0,6.5017253246753235,500.6328499999999,2.5817487610389613,198.79465460000003,118.0,5.358685398305085,632.324877,2.0764691855932202,245.0233639,24.0,7.980540416666667,191.53297,3.3623479166666663,80.69635
US-Rwf,2017,EVI,year,122.77291706109878,172.0,256.325954714941,208.66138423554247,180.0930943139538,256.325954714941,208.66138423554247,180.0930943139538,43.1207,CSH,50.0,5.493031199999999,274.65155999999996,2.027601972,101.3800986,10.61196,266.85865999999993,6.99032,280.001,9.0,9.117573333333333,82.05815999999999,4.157748888888889,37.419740000000004,85.0,4.599208188235294,390.93269599999996,1.6679207835294114,141.77326659999997,20.286176470588234,282.05294117647065,17.53735294117647,63.76299999999999,58.0,5.984770862068966,347.11671,2.3182377344827585,134.4577886,86.0,6.352357325581397,546.3027300000001,2.4230379023255812,208.3812596,134.0,4.895457059701493,655.991246,1.7821739940298507,238.8113152,28.0,7.113786428571429,199.18602,2.6401239642857144,73.923471
US-Rwf,2017,NIRv,year,123.82448498465293,172.0,253.8029469647265,207.81295892153815,180.6150407464815,253.8029469647265,207.81295892153815,180.6150407464815,43.1207,CSH,49.0,5.56711,272.78839,2.0774209102040815,101.79362459999999,10.618591836734693,265.8574489795918,7.032510204081633,280.001,9.0,9.117573333333333,82.05815999999999,4.157748888888889,37.419740000000004,82.0,4.726290292682927,387.555804,1.7567789341463413,144.0558726,20.341670731707314,285.2009878048781,17.702609756097562,63.462999999999994,57.0,6.057079649122807,345.25354,2.3661634140350873,134.87131459999998,84.0,6.432506666666668,540.3305600000001,2.4746204476190474,207.86811759999998,130.0,5.005778338461538,650.751184,1.857749593846154,241.5074472,27.0,7.225074814814815,195.07702,2.7035852962962963,72.996803
US-Rwf,2018,NDVI,year,119.54242088365356,172.0,233.51566778534848,197.42537691958768,163.53302404077635,233.51566778534848,197.42537691958768,163.53302404077635,43.1207,CSH,53.0,6.091673660377357,322.85870399999993,1.6713709056603776,88.58265800000001,10.708075471698114,250.31311320754716,6.034396226415094,296.91700000000003,,,,,,62.0,6.102509193548387,378.35556999999994,2.125431177419355,131.776733,19.579000000000004,304.1979193548386,17.38395161290323,20.738999999999997,44.0,5.657196454545455,248.91664400000005,1.5276138636363639,67.21501,78.0,6.82999171794872,532.7393540000002,2.0754763076923077,161.88715200000001,114.0,6.067722403508771,691.7203539999999,1.9089921140350876,217.625101,34.0,8.34772676470588,283.8227099999999,2.7844747647058825,94.67214200000001
US-Rwf,2018,EVI,year,116.23131885232658,172.0,267.33297467689863,209.82007004867825,176.27896032261123,267.33297467689863,209.82007004867825,176.27896032261123,43.1207,CSH,56.0,5.884956857142858,329.557584,1.5749053553571426,88.19469989999999,10.494892857142856,248.7801428571429,6.014714285714286,306.40599999999995,5.0,9.490815999999999,47.45407999999999,2.94437,14.72185,96.0,4.715605760416667,452.698153,1.5296064645833332,146.8422206,17.648645833333333,276.8046145833334,15.380739583333332,43.322,60.0,6.125295733333333,367.517744,1.6697043316666664,100.18225989999999,93.0,6.5585314408602144,609.9434239999999,1.9878579774193552,184.87079190000003,151.0,5.117627927152318,772.7618170000001,1.5384280165562914,232.3026305,33.0,7.346232727272727,242.42568,2.566319151515152,84.68853200000001
US-Rwf,2018,NIRv,year,116.64354012296256,172.0,265.24892713222,208.53303364315863,175.85624906164202,265.24892713222,208.53303364315863,175.85624906164202,43.1207,CSH,56.0,5.884956857142858,329.557584,1.5749053553571426,88.19469989999999,10.494892857142856,248.7801428571429,6.014714285714286,306.40599999999995,,,,,,94.0,4.791133436170212,450.366543,1.5589601446808512,146.5422536,17.86008510638298,278.31095744680846,15.578234042553191,42.299,59.0,6.079238881355932,358.675094,1.6615123711864406,98.02922989999999,92.0,6.569717217391303,604.4139839999999,1.9859341510869568,182.70594190000003,149.0,5.170672530201342,770.430207,1.5570648557046978,232.00266349999995,33.0,7.446633030303031,245.73889,2.5659609696969694,84.676712
US-Rwf,2019,NDVI,year,99.0,172.0,276.1745322436141,201.6817856612359,152.9487282656846,276.1745322436141,201.6817856612359,152.9487282656846,43.1207,CSH,74.0,3.393120959459459,251.09095099999996,0.5667811243243244,41.9418032,8.136797297297298,256.676972972973,5.501608108108108,576.5409999999999,,,,,,105.0,4.269119247619048,448.257521,1.2897544590476189,135.42421819999998,15.512009523809523,252.18918095238092,11.694590476190477,201.49800000000002,54.0,2.262001314814815,122.148071,-0.014661829629629643,-0.7917388000000007,103.0,4.526478650485437,466.227301,1.2982965359223297,133.72454319999997,178.0,3.8965400112359547,693.584122,0.9870738280898876,175.6991414,49.0,7.022025102040816,344.07923,2.745230244897959,134.516282
US-Rwf,2019,EVI,year,108.03961361552628,172.0,291.0936686271445,224.3719223810164,182.51932115604012,291.0936686271445,224.3719223810164,182.51932115604012,43.1207,CSH,64.0,3.8560023593749997,246.78415099999998,0.782518753125,50.0812002,9.148703125,267.67240625,6.0974375,444.837,11.0,7.747426363636364,85.22169,3.008328181818182,33.09161,120.0,3.809027116666667,457.083254,1.0597725766666668,127.17270920000001,14.166091666666667,239.52574166666668,10.926199999999998,222.84900000000002,74.0,4.408668797297297,326.241491,1.1014314891891892,81.5059302,116.0,4.982451818965517,577.9644109999999,1.5876297879310348,184.16505540000003,183.0,3.814770792349727,698.103055,0.9594919639344263,175.5870294,42.0,5.993402857142857,251.72292,2.444264885714286,102.6591252
US-Rwf,2019,NIRv,year,109.45924975292412,172.0,289.3228448165422,223.9256494533484,183.667315798958,289.3228448165422,223.9256494533484,183.667315798958,43.1207,CSH,63.0,3.905857603174603,246.06902899999997,0.8138893682539682,51.275030199999996,9.066126984126983,267.41598412698414,6.030507936507937,444.24100000000004,12.0,7.7599725,93.11967,3.0162325000000005,36.194790000000005,118.0,3.868462949152543,456.47862800000007,1.0873192983050846,128.30367719999998,14.351305084745764,242.31115254237292,11.053618644067798,218.519,74.0,4.505734445945946,333.424349,1.159499191891892,85.80294020000001,114.0,5.025720517543859,572.9321389999999,1.618998503508772,184.5658294,180.0,3.8710183722222222,696.783307,0.9883990411111111,177.9118274,40.0,5.98769475,239.50779,2.46907223,98.7628892
US-Rwf,2020,NDVI,year,102.0,173.0,251.0113872478117,210.87479865011568,190.49299258235573,251.0113872478117,210.87479865011568,190.49299258235573,43.1207,CSH,72.0,4.642366875,334.250415,1.1861442625,85.40238690000001,8.320236111111111,245.22386111111115,5.786763888888889,482.02700000000004,18.0,9.376958333333333,168.78525,3.518195,63.32751,79.0,5.757319620253166,454.82825000000014,1.3868958640759494,109.564773262,18.414506329113923,289.50726582278475,14.767810126582278,168.848,89.0,5.525746797752809,491.791465,1.613081762921348,143.56427689999998,109.0,5.680367844036697,619.160095,1.586439760550459,172.92193390000003,150.0,5.1855631,777.834465,1.26534360108,189.801540162,20.0,6.368431500000001,127.36863000000001,1.46788285,29.357657000000003
US-Rwf,2020,EVI,year,115.88949838335468,173.0,265.0010672842725,207.77701887756209,172.72567094938418,265.0010672842725,207.77701887756209,172.72567094938418,43.1207,CSH,58.0,5.422581551724138,314.50973,1.6122342224137929,93.5095849,9.516344827586208,245.5236379310345,6.211258620689656,456.7510000000001,,,,,,93.0,5.198912129032258,483.49882799999995,1.1592286705591397,107.808266362,18.126548387096776,277.0662688172043,14.878387096774192,170.754,57.0,5.3204478947368425,303.26553,1.5498941210526314,88.34396489999999,92.0,6.360654130434783,585.1801800000001,1.9559252054347824,179.94511889999998,150.0,5.24509572,786.764358,1.3076815417466665,196.152231262,35.0,8.054704285714287,281.91465000000005,2.617175828571429,91.60115400000001
US-Rwf,2020,NIRv,year,117.82878879897248,173.0,262.91634717777873,205.80254398672847,171.26611288106696,262.91634717777873,205.80254398672847,171.26611288106696,43.1207,CSH,56.0,5.542509285714286,310.38052,1.6929731053571426,94.80649389999999,9.533785714285715,244.70673214285716,6.249142857142857,452.935,,,,,,90.0,5.320260755555555,478.823468,1.197741870688889,107.79676836200001,18.3017,279.3241,15.079611111111111,170.036,54.0,5.369767962962964,289.96747000000005,1.6104424796296297,86.9638939,88.0,6.476405568181818,569.92369,2.0307067375,178.7021929,145.0,5.3652399172413805,777.9597880000001,1.361638912151724,197.437642262,34.0,8.234006470588232,279.9562199999999,2.6981852647058826,91.73829900000001
US-Rwf,2021,NDVI,year,113.86621627534376,172.0,278.2080046064965,213.45470890312143,178.6597980157919,278.2080046064965,213.45470890312143,178.6597980157919,43.1207,CSH,59.0,4.610140338983051,271.99828,0.7992825594915252,47.15767100999999,10.685440677966103,285.3294915254237,8.402898305084745,233.86700000000002,7.0,8.301527142857143,58.110690000000005,3.094125714285714,21.65888,107.0,3.907342738317756,418.08567299999993,1.1037705925233645,118.1034534,18.488598130841122,253.7785981308411,15.997841121495325,176.81400000000002,65.0,4.950303538461539,321.76973000000004,1.0106724770769229,65.69371100999999,100.0,5.407475600000001,540.74756,1.3143590000999998,131.43590000999998,165.0,4.13178613939394,681.744713,0.982656269151515,162.13828440999998,35.0,6.256509428571429,218.97783000000004,1.8783482571428574,65.74218900000001
US-Rwf,2021,EVI,year,111.28950190518437,172.0,277.3150249365952,217.59129411092843,183.6155891861292,277.3150249365952,217.59129411092843,183.6155891861292,43.1207,CSH,61.0,4.540729016393443,276.98447,0.7729749788524589,47.15147370999999,10.545737704918032,285.4162131147541,8.34188524590164,234.983,12.0,8.167220833333333,98.00665000000001,2.8826424999999993,34.59170999999999,106.0,3.937295103773584,417.3532809999999,1.1198436169811319,118.70342339999998,18.513216981132075,255.11850943396226,16.010509433962262,176.81400000000002,72.0,5.092387222222222,366.65188,1.0919492181944443,78.62034370999999,106.0,5.257820377358491,557.32896,1.2679541312264149,134.40313790999997,166.0,4.132521150602409,685.9985109999999,0.9803135970481925,162.73205710999997,34.0,5.608149411764707,190.67708000000005,1.6406704176470588,55.7827942
US-Rwf,2021,NIRv,year,115.32020829092907,172.0,272.68864103597485,215.34815935657664,183.2704940763298,272.68864103597485,215.34815935657664,183.2704940763298,43.1207,CSH,57.0,4.72398350877193,269.26706,0.8573513510526315,48.869027009999996,10.9640350877193,290.6550175438596,8.626894736842106,202.565,12.0,8.167220833333333,98.00665000000001,2.8826424999999993,34.59170999999999,101.0,4.077231900990099,411.80042199999997,1.1815955386138612,119.34114939999999,18.803495049504953,257.9380099009901,16.245435643564356,176.81400000000002,68.0,5.278448088235294,358.93447,1.1814396619117646,80.33789700999999,100.0,5.4494412,544.94412,1.3538907801,135.38907801,157.0,4.284893261146498,672.7282420000001,1.0515116968789808,165.08733640999998,32.0,5.812801562500001,186.00965000000002,1.72034940625,55.051181
US-Rwf,2022,NDVI,year,83.0,172.0,276.4676531457951,212.5442615806708,175.99372259816616,276.4676531457951,212.5442615806708,175.99372259816616,43.1207,CSH,90.0,3.7543830555555555,337.894475,0.8885992765555555,79.97393489,5.257266666666666,225.2708666666667,4.678611111111111,501.86300000000006,,,,,,105.0,5.6397666666666675,592.1755,1.715390838095238,180.116038,18.951085714285714,268.5698666666666,16.27457142857143,106.75899999999999,93.0,3.95478188172043,367.794715,1.0075930633333332,93.70615489,130.0,5.199817346153846,675.976255,1.6467090376153848,214.07217489,194.0,4.742124097938144,919.972075,1.3142704272680412,254.96846288999998,37.0,8.329230810810811,308.18154000000004,3.253135675675675,120.36601999999996
US-Rwf,2022,EVI,year,83.0,172.0,280.9386149192373,222.06157125850817,183.8547917439226,280.9386149192373,222.06157125850817,183.8547917439226,43.1207,CSH,90.0,3.7543830555555555,337.894475,0.8885992765555555,79.97393489,5.257266666666666,225.2708666666667,4.678611111111111,501.86300000000006,12.0,9.786985,117.44381999999999,4.214784166666666,50.57740999999999,109.0,5.492392293577982,598.6707600000001,1.6547599642201836,180.3688361,18.76048623853211,266.015871559633,16.07143119266055,106.759,101.0,4.408320742574258,445.24039500000003,1.2418795533663365,125.42983488999998,140.0,5.183491392857142,725.6887949999999,1.6494308849285713,230.92032388999996,198.0,4.6791279545454545,926.4673349999999,1.2889962676262627,255.22126099000002,39.0,7.190984615384616,280.44840000000005,2.7048843333333337,105.49048900000001
US-Rwf,2022,NIRv,year,83.0,172.0,279.631962248901,220.8141219446168,184.71281917109815,279.631962248901,220.8141219446168,184.71281917109815,43.1207,CSH,90.0,3.7543830555555555,337.894475,0.8885992765555555,79.97393489,5.257266666666666,225.2708666666667,4.678611111111111,501.86300000000006,13.0,9.796286153846154,127.35172,4.262456923076923,55.411939999999994,108.0,5.528797407407408,597.11012,1.6703803564814816,180.4010785,18.798194444444444,266.6837407407407,16.1075,106.759,102.0,4.46223818627451,455.148295,1.2771016165686273,130.26436489,138.0,5.187718152173913,715.9051049999999,1.6699890934057968,230.45849488999997,197.0,4.694957842639594,924.906695,1.2957030628934012,255.25350339000005,36.0,7.243244722222223,260.75681000000003,2.7831702777777774,100.19412999999999
US-Rwf,2023,NDVI,year,110.0,172.0,252.4580263521299,190.2489999801977,157.92214893236036,252.4580263521299,190.2489999801977,157.92214893236036,43.1207,CSH,63.0,5.635015241269842,355.00596020000006,1.5775162047619047,99.3835209,9.707873015873018,251.06633333333335,6.024730158730159,334.049,,,,,,81.0,5.201705444444444,421.338141,1.0523945439506175,85.24395806000001,18.08477777777778,274.02398765432105,13.95220987654321,234.43900000000002,48.0,4.6393558375,222.6890802,0.9110044770833333,43.7282149,81.0,5.96727494074074,483.3492702,1.7591930728395064,142.4946389,143.0,5.364129379020979,767.0705012000001,1.2561471955244754,179.62904895999998,33.0,7.898793636363636,260.66019,2.9929219393939395,98.766424
US-Rwf,2023,EVI,year,117.53908302795485,172.0,288.00519114154406,221.1922343809892,180.8493090035651,288.00519114154406,221.1922343809892,180.8493090035651,43.1207,CSH,55.0,6.409200363636364,352.50602000000003,2.0178233981818186,110.98028690000002,10.65609090909091,255.1506909090909,6.395527272727272,298.802,9.0,7.1407477777777775,64.26673,2.523265333333333,22.709387999999997,117.0,4.340296982905983,507.814747,0.8306523996581197,97.18633076,15.909837606837609,243.16313675213672,12.165367521367523,331.66299999999995,63.0,6.468240476190475,407.49914999999993,2.0427181730158734,128.69124490000002,104.0,6.2907427884615394,654.2372500000001,1.882713865,195.80224196,171.0,4.976884017543859,851.0471669999998,1.1881180564912281,203.16818766,41.0,6.018002439024389,246.73809999999997,1.636853586829268,67.11099705999999
US-Rwf,2023,NIRv,year,118.39600494548937,172.0,286.2838969912478,221.0131214018068,182.0117388919252,286.2838969912478,221.0131214018068,182.0117388919252,43.1207,CSH,54.0,6.496535925925927,350.81294,2.0708980351851847,111.82849389999997,10.680592592592594,253.71859259259259,6.359925925925925,298.802,11.0,7.256002727272726,79.81602999999998,2.567080727272727,28.237887999999998,115.0,4.372333539130434,502.8183569999999,0.8350593631304348,96.03182676,16.011991304347827,244.9160173913043,12.26953043478261,331.11899999999997,64.0,6.58367765625,421.35537,2.1104367484375,135.0679519,103.0,6.335380291262137,652.5441700000001,1.909227659805825,196.65044895999998,168.0,5.025938672619047,844.3576969999998,1.2075112539285715,202.86189066,39.0,5.9279179487179485,231.1888,1.5790383861538462,61.58249706
US-Rws,2014,NDVI,year,,172.0,361.0,361.0,121.09507712155512,361.0,361.0,121.09507712155512,43.1675,OSH,,,,,,,,,,,,,,,190.0,,,,,13.246957894736843,177.8863947368421,11.078321052631578,756.1339999999999,,,,,,,,,,,,,,,,240.0,,,,
US-Rws,2014,EVI,year,29.224608735050605,172.0,196.53196344807176,158.85288749510846,132.01479101254176,196.53196344807176,158.85288749510846,132.01479101254176,43.1675,OSH,143.0,,,,,8.513146853146853,206.648972027972,7.606167832167831,535.9159999999999,,,,,,25.0,,,,,21.25564,296.62,19.40028,60.319,103.0,,,,,129.0,,,,,167.0,,,,,26.0,,,,
US-Rws,2014,NIRv,year,31.607392504326796,172.0,205.3873625533381,162.26686470548182,133.80335115884097,205.3873625533381,162.26686470548182,133.80335115884097,43.1675,OSH,141.0,,,,,8.62936170212766,208.12993617021274,7.673319148936169,533.1279999999999,,,,,,34.0,,,,,21.414735294117648,292.32820588235296,19.42835294117647,75.01700000000001,102.0,,,,,131.0,,,,,174.0,,,,,29.0,,,,
US-Rws,2015,NDVI,year,46.17334114413235,172.0,189.21153192807284,157.9877348184614,131.0996165929396,189.21153192807284,157.9877348184614,131.0996165929396,43.1675,OSH,126.0,1.7579423253968254,221.500733,0.2884462418888889,36.344226478,10.262880952380952,224.67416666666665,7.950499999999999,365.16499999999996,,,,,,18.0,0.6580750555555556,11.845351,-0.4430637722222222,-7.9751479,25.6965,295.2381666666667,25.583833333333338,9.193999999999999,85.0,1.7323290588235296,147.24797,0.4406185761176471,37.452578970000005,111.0,1.8322183783783783,203.37624,0.3773776194594594,41.888915759999996,143.0,1.623670027972028,232.184814,0.19893122572027971,28.447165278,26.0,2.1587796153846153,56.12827,0.17062833807692307,4.4363367899999995
US-Rws,2015,EVI,year,56.01091850160138,172.0,206.91860253211144,157.10393641298168,128.4037760352447,206.91860253211144,157.10393641298168,128.4037760352447,43.1675,OSH,116.0,1.848975094827586,214.48111099999997,0.3156238517931035,36.612366808000004,10.945431034482759,231.43282758620688,8.294577586206897,358.65100000000007,,,,,,35.0,0.688719942857143,24.105198000000005,-0.9529608257142856,-33.3536289,22.825971428571425,282.40197142857147,20.089085714285716,59.30500000000001,72.0,1.8344306666666665,132.079008,0.49178401805555555,35.4084493,101.0,1.9441249306930692,196.356618,0.417396594950495,42.15705609,150.0,1.582833593333333,237.42503899999997,0.02224549738666667,3.3368246080000006,29.0,2.2164693103448276,64.27761,0.23271057896551722,6.748606789999999
US-Rws,2015,NIRv,year,59.111778751652494,172.0,209.7082278035748,158.34499447330015,129.56469200480785,209.7082278035748,158.34499447330015,129.56469200480785,43.1675,OSH,113.0,1.8816133982300884,212.622314,0.3288413239646018,37.159069608,11.21137168141593,234.8588938053097,8.477761061946902,326.19,,,,,,38.0,0.7216854736842105,27.424048,-0.90450855,-34.3713249,22.297394736842104,284.8133947368421,19.450710526315792,61.63100000000001,70.0,1.902538442857143,133.177691,0.5284563157142859,36.99194210000001,99.0,1.9861445555555555,196.628311,0.4313549627070707,42.704141308,150.0,1.59256728,238.885092,0.019105542720000035,2.8658314080000054,29.0,2.187952413793103,63.45061999999999,0.1969723864827586,5.7121992079999995
US-Rws,2016,NDVI,year,47.61312754567869,173.0,185.24384613232488,148.6437801688459,120.88094222933732,185.24384613232488,148.6437801688459,120.88094222933732,43.1675,OSH,126.0,2.4014773333333332,302.586144,0.7018325206349207,88.43089760000001,10.313119047619047,220.45951587301585,7.832873015873016,368.628,,,,,,13.0,1.5554530769230772,20.220890000000004,0.38579247692307683,5.015302199999999,22.90907692307692,353.9483076923077,22.54438461538462,0.381,73.0,2.215970328767123,161.76583399999996,0.5677790698630136,41.4478721,101.0,2.4268070693069306,245.10751399999998,0.6814508970297029,68.82654059999999,138.0,2.3247795942028984,320.81958399999996,0.6716479188405797,92.6874128,28.0,2.976488571428572,83.34168000000001,0.9778095892857144,27.378668500000003
US-Rws,2016,EVI,year,49.39634743861714,173.0,209.82348786620832,158.9665050343241,127.1973298327058,209.82348786620832,158.9665050343241,127.1973298327058,43.1675,OSH,124.0,2.430151080645161,301.338734,0.7229721177419355,89.6485426,10.378629032258065,222.38199999999995,7.891629032258065,364.359,,,,,,37.0,1.2864632432432437,47.59914000000002,0.2833474927027027,10.48385723,21.703,331.8588648648648,20.453189189189185,43.730000000000004,78.0,2.3439172307692306,182.82554399999998,0.6397860782051281,49.903314099999996,109.0,2.482935266055046,270.639944,0.7140292165137615,77.8291846,160.0,2.16844015,346.950424,0.6210850801874999,99.37361282999998,31.0,2.8327225806451617,87.8144,0.9008345322580644,27.9258705
US-Rws,2016,NIRv,year,50.132998700475135,173.0,215.54871557643804,160.3766089851777,127.02955162826434,215.54871557643804,160.3766089851777,127.02955162826434,43.1675,OSH,123.0,2.4433942520325203,300.537493,0.7314879235772358,89.9730146,10.425951219512196,223.28206504065037,7.921130081300813,363.76800000000003,,,,,,43.0,1.2385707441860465,53.258542,0.25111378139534885,10.7978926,22.29555813953488,331.1220697674419,21.484627906976744,43.730000000000004,77.0,2.363951987012987,182.024303,0.6523089103896104,50.227786099999996,110.0,2.4961385727272734,274.57524300000006,0.7177147145454547,78.94861860000002,165.0,2.1321732424242423,351.808585,0.6061340618181819,100.01212020000001,33.0,2.8045739393939395,92.55094,0.8703282575757576,28.7208325
US-Rws,2017,NDVI,year,,172.0,222.3431803556428,153.55998139183163,117.44801912277144,222.3431803556428,153.55998139183163,117.44801912277144,43.1675,OSH,,,,,,,,,,,,,,,51.0,1.3973158352941173,71.26310759999998,-0.07826121392156862,-3.99132191,24.80345098039216,314.5067450980392,24.82917647058824,20.166,,,,,,,,,,,,,,,,36.0,3.7277299999999993,134.19827999999998,1.314087897222222,47.3071643
US-Rws,2017,EVI,year,114.48506294005573,172.0,277.24572239612195,192.84029282352344,134.3919822788247,277.24572239612195,192.84029282352344,134.3919822788247,43.1675,OSH,58.0,3.2747611758620687,189.9361482,0.8995461568965518,52.173677100000006,13.476051724137934,266.2835517241379,9.573810344827587,269.29699999999997,,,,,,106.0,1.1012684471698113,116.7344554,-0.035261239716981134,-3.73769141,21.41533018867925,261.09290566037737,20.255566037735846,104.783,20.0,4.257394000000001,85.14788000000001,1.79394475,35.878895,78.0,3.034453823076923,236.68739820000002,0.6758635439743589,52.717356429999995,163.0,1.8643313104294477,303.8860036,0.2994731514723927,48.81412369,58.0,2.6127503137931036,151.5395182,0.29031830051724133,16.83846143
US-Rws,2017,NIRv,year,114.55617329054476,172.0,281.8782443475449,199.993087779318,136.86193689235094,281.8782443475449,199.993087779318,136.86193689235094,43.1675,OSH,58.0,3.2747611758620687,189.9361482,0.8995461568965518,52.173677100000006,13.476051724137934,266.2835517241379,9.573810344827587,269.29699999999997,,,,,,110.0,1.0995704763636365,120.95275240000001,-0.01920206554545455,-2.1122272100000004,20.98721818181819,257.49577272727277,19.793827272727267,111.74700000000001,22.0,4.177203636363637,91.89848,1.7461337727272728,38.414943,85.0,2.898594896470588,246.38056619999998,0.6113845956470589,51.96769063000001,167.0,1.8449359317365268,308.1043006,0.30203346041916174,50.43958789000001,63.0,2.4520966063492065,154.4820862,0.2151229782539682,13.552747629999997
US-Rws,2018,NDVI,year,74.99974695346027,172.0,192.014799442038,157.6826836543135,128.29794835200508,192.014799442038,157.6826836543135,128.29794835200508,43.1675,OSH,98.0,2.1010361836734694,205.901546,0.47558097244897957,46.606935299999996,11.05524489795918,232.74665306122446,7.63080612244898,400.163,,,,,,21.0,1.5983457142857145,33.56526,-0.1419478619047619,-2.9809051,19.912714285714287,336.0680476190476,17.55990476190476,2.4339999999999993,54.0,2.26500337037037,122.31018199999998,0.897674712962963,48.4744345,83.0,2.219432554216868,184.212902,0.5788092975903614,48.04117169999999,118.0,2.0161724237288134,237.908346,0.37735916271186437,44.5283812,29.0,2.134576551724138,61.90272,-0.014940096551724135,-0.4332627999999999
US-Rws,2018,EVI,year,74.89171499119902,172.0,256.3914563141434,176.11336288352598,129.80507317515082,256.3914563141434,176.11336288352598,129.80507317515082,43.1675,OSH,98.0,2.1010361836734694,205.901546,0.47558097244897957,46.606935299999996,11.05524489795918,232.74665306122446,7.63080612244898,400.163,,,,,,85.0,0.8114884705882353,68.97652,-0.17261733647058825,-14.6724736,21.662364705882354,286.3799411764706,21.180294117647055,29.188000000000002,55.0,2.2503262181818178,123.76794199999998,0.8781057909090909,48.2958185,102.0,2.0969182941176467,213.88566599999996,0.43462561078431367,44.331812299999996,182.0,1.501756076923077,273.319606,0.1804220478021978,32.8368127,47.0,1.9173983829787236,90.11772400000001,-0.08434055744680852,-3.9640062000000005
US-Rws,2018,NIRv,year,74.90766356375669,172.0,262.9327092751227,179.1871880322773,130.43077062806546,262.9327092751227,179.1871880322773,130.43077062806546,43.1675,OSH,98.0,2.1010361836734694,205.901546,0.47558097244897957,46.606935299999996,11.05524489795918,232.74665306122446,7.63080612244898,400.163,,,,,,91.0,0.7907813186813187,71.9611,-0.16835557912087912,-15.320357699999999,21.241340659340658,281.3688131868132,20.664,32.867,56.0,2.2460734285714286,125.780112,0.8760222767857143,49.0572475,105.0,2.0898651047619046,219.43583599999997,0.41940646952380956,44.0376793,188.0,1.4697031170212764,276.30418599999996,0.17121770531914893,32.1889286,49.0,1.911341306122449,93.65572399999999,-0.10244016734693878,-5.0195682
US-Rws,2019,NDVI,year,34.862402758892244,172.0,222.26249860606555,167.88164114803484,134.4288049877034,222.26249860606555,167.88164114803484,134.4288049877034,43.1675,OSH,138.0,1.7143594920289855,236.5816099,0.35997464797101447,49.676501419999994,6.787021739130434,199.18989855072468,5.426963768115941,921.1009999999999,,,,,,51.0,1.0133359705882352,51.680134499999994,-0.15054283235294116,-7.677684449999999,20.756568627450978,286.4626470588235,18.037176470588236,53.061,100.0,1.3651859990000004,136.51859990000003,0.4323636183000001,43.23636183000001,133.0,1.683182254887218,223.8632399,0.3607465670676691,47.97929341999999,188.0,1.5230945978723405,286.3417844,0.2215667445212766,41.654547969999996,33.0,2.6468072727272727,87.34464,0.1437251996969697,4.74293159
US-Rws,2019,EVI,year,106.97806096212524,172.0,239.11074346365064,179.7259432466439,133.16579481874535,239.11074346365064,179.7259432466439,133.16579481874535,43.1675,OSH,66.0,2.8225754545454547,186.28998,0.5641034634848484,37.230828589999994,12.355878787878789,269.0600303030304,8.46101515151515,378.992,,,,,,68.0,0.8233462661764707,55.9875461,-0.19520899191176472,-13.274211450000001,20.756691176470586,287.996794117647,18.173147058823528,53.305,27.0,3.088546666666667,83.39076000000001,1.1126873703703706,30.042559000000004,73.0,2.746752876712329,200.51296,0.54280481630137,39.62475159000001,133.0,1.8071997451127821,240.3575661,0.17753645218045108,23.612348139999995,46.0,2.546134782608695,117.12219999999998,0.20830853456521736,9.582192589999998
US-Rws,2019,NIRv,year,107.15617730233798,172.0,243.65747501854904,180.85008849555692,132.71221042112333,243.65747501854904,180.85008849555692,132.71221042112333,43.1675,OSH,65.0,2.8259146153846157,183.68445000000003,0.5549870552307692,36.074158589999996,12.419246153846153,269.7189846153846,8.520184615384615,378.96500000000003,,,,,,72.0,0.7915188486111112,56.98935710000001,-0.20192158958333334,-14.53835445,20.915305555555555,286.9501527777778,18.42098611111111,53.30500000000001,25.0,3.1202792,78.00698,1.13427828,28.356956999999998,73.0,2.735490273972603,199.69079,0.5307660628767124,38.74592259,136.0,1.7555429933823532,238.75384710000003,0.1558201113235294,21.19153514,48.0,2.535079375,121.68381,0.216436783125,10.38896559
US-Rws,2020,NDVI,year,45.34755817924204,173.0,131.73261384473346,129.8114093447922,127.9095885799798,131.73261384473346,129.8114093447922,127.9095885799798,43.1675,OSH,128.0,2.36955588203125,303.3031529,0.925292601453125,118.437452986,8.264546875,211.27040625,6.4181640625,619.37,,,,,,,,,,,,,,,82.0,2.0075913768292684,164.6224929,0.9381713449512193,76.93005028599998,84.0,2.064773605952381,173.4409829,0.9673423843571427,81.25676028599999,86.0,2.099714103488372,180.5754129,0.9732425614651162,83.698860286,,,,,
US-Rws,2020,EVI,year,47.21711581428095,173.0,261.47351756415884,192.5851738774592,146.99246726691618,261.47351756415884,192.5851738774592,146.99246726691618,43.1675,OSH,126.0,2.40442965,302.9581359,0.9382992713174604,118.225708186,8.370309523809523,213.34222222222223,6.483357142857142,595.3580000000001,,,,,,89.0,2.1359975842696626,190.10378499999996,0.39967337191011243,35.570930100000005,21.619011235955053,281.8913483146067,19.784179775280897,154.89999999999998,99.0,2.2641534939393937,224.15119589999998,1.0022746109696967,99.22518648599997,145.0,2.4761562062068965,359.0426499,0.8911730826620688,129.220096986,214.0,2.2858931350467286,489.1811308999999,0.7113497583457945,152.22884828600002,46.0,2.932422913043478,134.89145399999998,0.6520632717391304,29.994910499999996
US-Rws,2020,NIRv,year,49.56612648640358,173.0,266.63357763410494,194.40846507157707,147.40905874623266,266.63357763410494,194.40846507157707,147.40905874623266,43.1675,OSH,124.0,2.4432238967741937,302.9597632,0.953922505532258,118.28639068599999,8.565379032258065,214.66598387096775,6.559967741935483,593.306,,,,,,94.0,2.0876198297872337,196.23626399999998,0.3770479468085107,35.442507000000006,21.42087234042553,275.7558085106383,19.512999999999998,156.36399999999998,98.0,2.3170528897959186,227.07118320000004,1.017344050877551,99.69971698600001,145.0,2.5167723944827585,364.93199719999996,0.8993677550758621,130.408324486,217.0,2.2825586967741938,495.31523720000007,0.7012032612258065,152.161107686,47.0,2.9332088085106385,137.860814,0.6533746276595744,30.7086075
US-Rws,2021,NDVI,year,14.93077724007599,172.0,206.07289808481815,170.95740509445653,136.08306163872857,206.07289808481815,170.95740509445653,136.08306163872857,43.1675,OSH,158.0,1.9190608575949364,303.21161549999994,0.5276556032911393,83.36958532,7.361443037974683,209.8962658227848,7.1723670886075945,531.071,,,,,,35.0,1.6118380285714284,56.414331,0.3812321314285714,13.343124599999998,26.09225714285714,309.1824,27.436771428571426,6.35,122.0,1.713382094262295,209.0326155,0.4699388313114754,57.33253742,156.0,1.9115447788461535,298.20098549999994,0.5204110597435897,81.18412531999999,192.0,1.862029408854167,357.50964650000003,0.5001412495833333,96.02711991999999,34.0,2.622599117647059,89.16837,0.7015172911764705,23.8515879
US-Rws,2021,EVI,year,45.31722863246112,172.0,234.06165882285197,193.40630598990933,158.71299224856838,234.06165882285197,193.40630598990933,158.71299224856838,43.1675,OSH,127.0,2.2476769842519695,285.4549770000001,0.7070469245669291,89.79495942,9.105937007874017,239.2304094488189,8.37435433070866,399.39,,,,,,63.0,1.4586976349206346,91.89795099999998,0.3581709777777778,22.5647716,24.786873015873017,282.1916825396825,24.601984126984128,80.16499999999999,113.0,2.213217318584071,250.093557,0.7002186320353982,79.12470542,148.0,2.178284304054054,322.386077,0.6704080278378379,99.22038812000001,189.0,1.9853789841269842,375.236628,0.590868471005291,111.67414102000001,35.0,2.065500571428571,72.29251999999998,0.5741623628571428,20.095682699999998
US-Rws,2021,NIRv,year,41.4978386672161,172.0,236.578647853902,194.73943277425596,163.4101153803763,236.578647853902,194.73943277425596,163.4101153803763,43.1675,OSH,131.0,2.197012022900763,287.80857499999996,0.6766844299236641,88.64566031999999,8.817213740458016,233.86597709923663,8.158091603053435,471.71500000000003,,,,,,65.0,1.4522583230769233,94.39679100000001,0.35788227076923074,23.2623476,24.580584615384613,281.2777230769231,24.348923076923075,80.165,122.0,2.1702735655737704,264.773375,0.6670905681967213,81.38504932,153.0,2.1345853267973856,326.59155499999997,0.6455713073202614,98.77241001999998,195.0,1.9491746974358974,380.089066,0.570371373948718,111.22241792,31.0,1.9941348387096771,61.81817999999999,0.5608826032258064,17.3873607
US-Rws,2022,NDVI,year,41.87551883168276,172.0,203.498874354012,169.75680457978405,145.58609264346632,203.498874354012,169.75680457978405,145.58609264346632,43.1675,OSH,131.0,2.258190076335878,295.8229,0.7630534509160305,99.96000207,7.022984732824429,200.8529541984733,5.638465648854962,529.766,,,,,,32.0,2.4859909375,79.55171,0.620824165625,19.8663733,23.132593749999998,335.04415625,22.442,6.302999999999999,104.0,2.1864468269230772,227.39047000000002,0.8277773208653846,86.08884137,128.0,2.236193046875,286.23271,0.754836500546875,96.61907207,162.0,2.298945185185185,372.42912,0.7352427491975309,119.10932537,24.0,2.45176,58.842240000000004,0.4387596125,10.5302307
US-Rws,2022,EVI,year,61.236206153406,172.0,259.8912344591948,191.9167713304595,150.39934699541314,259.8912344591948,191.9167713304595,150.39934699541314,43.1675,OSH,111.0,2.4977065495495503,277.24542700000006,0.9004328225225224,99.9480433,8.102945945945947,213.5796396396396,6.009531531531532,497.5849999999999,,,,,,88.0,1.8175001943181819,159.9400171,0.10762844363636362,9.471303039999999,23.579988636363634,289.59634090909094,23.000011363636364,84.694,89.0,2.4738906404494387,220.17626700000005,1.0051394786516852,89.45741359999998,130.0,2.551090284615385,331.64173700000003,0.8783898353846152,114.19067859999998,198.0,2.1931310813131315,434.23995410000003,0.5490014966666666,108.70229633999999,41.0,2.71867,111.46547,0.6032503658536587,24.733265000000006
US-Rws,2022,NIRv,year,62.69526576993354,172.0,268.9874599719353,200.62556645264104,156.4036351909548,268.9874599719353,200.62556645264104,156.4036351909548,43.1675,OSH,110.0,2.5091132454545457,276.00245700000005,0.910688811818182,100.17576930000001,8.098036363636366,214.23138181818183,6.011981818181817,497.355,,,,,,97.0,1.7748864958762884,172.16399009999998,0.09637555608247421,9.348428939999998,22.843969072164946,280.88636082474227,21.942742268041236,100.22900000000003,94.0,2.4916434787234043,234.214487,0.9919964212765956,93.24766359999998,138.0,2.517764471014493,347.451497,0.8555574173913044,118.06692360000001,206.0,2.161266782038835,445.2209571,0.5281900400000001,108.80714824000003,44.0,2.5735684090909094,113.23701000000001,0.5640740909090909,24.81926
US-Rws,2023,NDVI,year,111.51653660457606,172.0,197.7293990761983,180.270779689241,163.47426496269242,197.7293990761983,180.270779689241,163.47426496269242,43.1675,OSH,61.0,4.070930819672132,248.32678000000004,1.5125014098360654,92.26258599999998,13.59244262295082,256.9000327868852,8.878655737704918,237.673,,,,,,26.0,3.4743357692307693,90.33273,1.3033567307692306,33.887274999999995,20.76969230769231,314.81015384615387,18.65823076923077,24.6,52.0,4.02341673076923,209.21766999999997,1.4776523076923076,76.83792,69.0,4.06287463768116,280.33835000000005,1.5124965797101448,104.362264,86.0,3.895403953488371,335.0047399999999,1.4488253604651162,124.598981,17.0,4.183569411764706,71.12068000000001,1.6190790588235295,27.524344000000003
US-Rws,2023,EVI,year,112.48880065870536,172.0,230.8480681996456,189.00872736124435,156.64994514959608,230.8480681996456,189.00872736124435,156.64994514959608,43.1675,OSH,60.0,4.102834333333334,246.17006000000003,1.5239093499999998,91.43456099999999,13.737016666666669,258.8439,8.962383333333332,237.53699999999998,,,,,,59.0,2.670013559322034,157.5308,0.964104286440678,56.8821529,22.503728813559324,301.0533220338983,21.035322033898304,72.5,44.0,4.068328181818182,179.00644,1.6005732954545453,70.425225,77.0,4.017710779220778,309.3637299999999,1.4896875194805195,114.705939,118.0,3.3902211016949146,400.04608999999994,1.2437782533898305,146.7658339,33.0,3.950220909090909,130.35729,1.341839818181818,44.280713999999996
US-Rws,2023,NIRv,year,30.0,172.0,251.32743600930135,188.40551480029023,155.84887328481818,251.32743600930135,188.40551480029023,155.84887328481818,43.1675,OSH,143.0,2.4151851258741255,345.3714729999999,0.7048192136993006,100.78914755899999,5.751909090909091,197.82011188811188,5.520979020979021,597.5590000000001,,,,,,80.0,2.3206895625,185.655165,0.651398754625,52.11190037,21.694049999999997,277.3632875,19.118275,222.85699999999997,126.0,2.1684616904761906,273.226173,0.6192948536428572,78.03115155900001,159.0,2.551147251572327,405.632413,0.7733099720691824,122.956285559,222.0,2.375548954954955,527.371868,0.6817575131936937,151.350167929,33.0,4.012310303030303,132.40624,1.361367696969697,44.925134
US-SRG,2013,NDVI,year,192.33588586864204,172.0,306.2798870547171,274.107715019395,254.71093123480875,306.2798870547171,274.107715019395,254.71093123480875,31.7894,GRA,,,,,,,,,,83.0,2.0498484578313256,170.13742200000002,-0.06445634221686747,-5.349876404,135.0,1.5549263688888888,209.9150598,-0.015058006474074062,-2.0328308739999983,24.081925925925923,240.58773333333335,19.38005925925926,177.29199999999997,62.0,2.63044756451613,163.08774900000006,0.40807103703225805,25.300404296,82.0,2.3706659512195123,194.394608,0.40565799178048784,33.263955326,114.0,1.7795209368421054,202.8653868,0.25103026163157893,28.617449825999998,20.0,1.5653429499999998,31.306858999999996,0.3981775515,7.96355103
US-SRG,2013,EVI,year,171.216310214145,172.0,299.3749379735465,271.8163955224176,253.459465880862,299.3749379735465,271.8163955224176,253.459465880862,31.7894,GRA,,,,,,,,,,82.0,2.027833073170732,166.28231200000002,-0.08704373663414633,-7.1375864039999986,128.0,1.628568225,208.4567328,-0.010409445890624999,-1.3324090739999999,24.4688046875,242.445671875,19.587062500000002,177.29199999999997,82.0,2.027833073170732,166.28231200000002,-0.08704373663414633,-7.1375864039999986,100.0,2.00300523,200.300523,0.028927313259999997,2.892731326,128.0,1.628568225,208.4567328,-0.010409445890624999,-1.3324090739999999,18.0,1.8899006111111107,34.018210999999994,0.5572398738888888,10.03031773
US-SRG,2013,NIRv,year,141.51822432062863,172.0,306.39075449462763,276.9025965423808,254.51137173347283,306.39075449462763,276.9025965423808,254.51137173347283,31.7894,GRA,31.0,0.2303360158064516,7.14041649,-0.2077938041935484,-6.44160793,27.354290322580646,364.0628064516129,32.104612903225814,0.0,83.0,2.0498484578313256,170.13742200000002,-0.06445634221686747,-5.349876404,135.0,1.5549263688888888,209.9150598,-0.015058006474074062,-2.0328308739999983,24.081925925925923,240.58773333333335,19.38005925925926,177.29199999999997,113.0,1.5661386326548672,176.97366549,-0.10320488791150442,-11.662152334,135.0,1.547681336962963,208.93698049,-0.029434714103703748,-3.9736864040000057,165.0,1.3136442623636364,216.75130329,-0.0505764048727273,-8.345106804000004,22.0,1.4528779545454542,31.963314999999994,0.3494757240909091,7.6884659300000004
US-SRG,2014,NDVI,year,186.67634123194009,172.0,344.3389583439642,314.83937943403845,282.75089641504314,344.3389583439642,314.83937943403845,282.75089641504314,31.7894,GRA,,,,,,,,,,111.0,2.7331411963963967,303.37867280000006,0.10701699801801803,11.878886780000002,173.0,2.0342245485549135,351.9208469,0.056133908034682094,9.711166090000003,21.708341040462425,220.71569364161851,15.914404624277458,292.348,96.0,3.1443310729166662,301.855783,0.20295056041666668,19.4832538,128.0,2.66501659375,341.122124,0.1721308290625,22.03274612,158.0,2.217708589240506,350.3979571,0.10959198170886074,17.315533109999997,32.0,1.22707315625,39.266341,0.079671635,2.54949232
US-SRG,2014,EVI,year,94.90710011999772,172.0,345.11559313961203,308.1290768489073,276.0076073739479,345.11559313961203,308.1290768489073,276.0076073739479,31.7894,GRA,78.0,0.42771112705128206,33.36146791,-0.06390259538461537,-4.984402439999999,22.565564102564103,329.369282051282,24.9016282051282,2.5400000000000005,105.0,2.8209634514285717,296.20116240000004,0.12870496933333336,13.514021780000004,174.0,2.0242555281609196,352.22046190000003,0.05426753500000001,9.442551090000002,21.66544252873563,220.34433908045975,15.89119540229885,292.348,182.0,1.8105815995054946,329.52585111,0.047976210659340664,8.73167034,214.0,1.7352661939719627,371.34696551,0.05375615542056074,11.503817259999998,251.0,1.5360364566135456,385.54515060999995,0.01856653247011952,4.660199649999999,32.0,1.306909825,41.8211144,0.08662959125,2.77214692
US-SRG,2014,NIRv,year,74.31488870626482,172.0,347.0576113687756,308.50908811801776,273.0269164349004,347.0576113687756,308.50908811801776,273.0269164349004,31.7894,GRA,98.0,0.6649040603061224,65.16059790999999,0.11057160775510204,10.83601756,21.082316326530613,319.4455612244898,22.702530612244896,2.54,102.0,2.837296984313726,289.40429240000003,0.10609329196078435,10.821515780000004,176.0,2.0032609421022727,352.57392581,0.04988271642045455,8.77935809,21.559170454545455,219.0374034090909,15.791823863636363,305.81,199.0,1.7815482970351755,354.52811110999994,0.10984715748743722,21.859584340000005,234.0,1.722846562008547,403.14609550999995,0.11677024470085469,27.324237259999997,273.0,1.5300283682051283,417.69774452,0.07259130641025639,19.817426649999994,35.0,1.3890852685714286,48.6179844,0.15613294057142854,5.464652919999999
US-SRG,2015,NDVI,year,96.31469873182948,172.0,354.27756965935686,319.89575570265845,287.2109858002915,354.27756965935686,319.89575570265845,287.2109858002915,31.7894,GRA,76.0,1.040734644736842,79.09583299999998,0.07829844108289473,5.950681522299999,20.711,320.0503552631579,20.234328947368418,45.72,116.0,3.462848481896552,401.69042390000004,0.5434207637931034,63.0368086,183.0,2.5596967457759563,468.424504477,0.33877047661202186,61.99499722,20.581666666666667,208.28076502732242,14.444513661202185,430.17900000000003,191.0,2.515958742931937,480.5481199,0.36495335142565444,69.7060901223,223.0,2.3984314434977576,534.8502119,0.33317840323901343,74.29878392229999,258.0,2.12124883905814,547.2822004770001,0.26614061528023253,68.6642787423,32.0,1.6969403749999998,54.302091999999995,0.14352168125,4.5926938
US-SRG,2015,EVI,year,83.50030621258193,172.0,352.721701174534,314.40634533443455,278.2896162536815,352.721701174534,314.40634533443455,278.2896162536815,31.7894,GRA,89.0,1.0569822808988762,94.07142299999998,0.13161894968876403,11.714086522299999,20.565719101123598,314.5166629213483,20.192067415730335,45.72,107.0,3.557010503738318,380.6001239,0.5510031738317758,58.957339600000005,181.0,2.588534492524862,468.524743147,0.34713176364640885,62.830849220000005,20.668342541436466,209.42807734806632,14.487569060773481,430.17900000000003,195.0,2.4329918456410256,474.43340989999996,0.3661026980630768,71.39002612229999,231.0,2.3592538264069263,544.9876339,0.3445713156809524,79.5959739223,269.0,2.090550294226766,562.358029147,0.27979009569628255,75.26353574230001,36.0,1.9598395555555552,70.55422399999999,0.22794299444444446,8.2059478
US-SRG,2015,NIRv,year,91.34776625851858,172.0,350.26527207510424,310.5604759485849,275.2634418103676,350.26527207510424,310.5604759485849,275.2634418103676,31.7894,GRA,81.0,1.0523332469135802,85.238993,0.10481915459629629,8.4903515223,20.575493827160493,318.0775185185185,20.16317283950617,45.72,104.0,3.577038114423077,372.0119639,0.539955726923077,56.15539560000001,179.0,2.6178106093128495,468.58809906700003,0.35511048726256983,63.564777219999996,20.810944134078213,209.99710614525142,14.547201117318437,430.1790000000001,184.0,2.4837653255434784,457.0128199,0.3552410169690218,65.3643471223,219.0,2.4229844926940642,530.6336039,0.34261683069543386,75.03308592230002,259.0,2.1374090929227796,553.5889550669999,0.28097964765366795,72.7737287423,35.0,2.1034509714285714,73.620784,0.27624968000000005,9.668738800000002
US-SRG,2016,NDVI,year,134.25883402071543,173.0,324.2587891750364,287.39167605856386,259.8165954100561,324.2587891750364,287.39167605856386,259.8165954100561,31.7894,GRA,39.0,0.7341400666666668,28.631462600000003,0.05777626512820513,2.25327434,24.838179487179488,345.8121538461539,27.385205128205126,3.556,87.0,4.041479126436782,351.60868400000004,0.6895007758620689,59.9865675,152.0,3.0420906644736845,462.39778100000007,0.4982151473684211,75.7287024,23.34174342105263,238.09227631578946,17.82796710526316,338.07000000000005,125.0,3.0466250288000003,380.8281286,0.50736577472,63.42072184,153.0,2.9518085071895426,451.6267016,0.49993482444444437,76.49002813999999,190.0,2.587459082105263,491.6172256,0.4166466144210526,79.16285674,28.0,2.5285204642857138,70.79857299999999,0.4667609392857143,13.069306300000001
US-SRG,2016,EVI,year,89.11288044747485,173.0,331.028300523764,293.7639510781052,261.3199789405904,331.028300523764,293.7639510781052,261.3199789405904,31.7894,GRA,84.0,1.2228508761904764,102.71947360000001,0.3996144088095238,33.56761034,20.81083333333333,327.9314642857143,21.3570119047619,14.224,89.0,4.032348471910113,358.87901400000004,0.7135373876404494,63.5048275,159.0,2.927319182389937,465.44375,0.47016278450943394,74.755882737,22.982698113207547,233.86464150943394,17.58872327044025,338.07,172.0,2.6871306372093025,462.1864696,0.57124022,98.25331784,204.0,2.6322963362745098,536.9884526,0.5480021036274509,111.79242914,242.0,2.3502115933884298,568.7512056,0.4524974094090909,109.504373077,32.0,2.33756196875,74.801983,0.423097228125,13.5391113
US-SRG,2016,NIRv,year,89.17642284583263,173.0,329.8327110382735,291.9255336441087,259.4871676779144,329.8327110382735,291.9255336441087,259.4871676779144,31.7894,GRA,84.0,1.2228508761904764,102.71947360000001,0.3996144088095238,33.56761034,20.81083333333333,327.9314642857143,21.3570119047619,14.224,87.0,4.041479126436782,351.60868400000004,0.6895007758620689,59.9865675,157.0,2.960562917197452,464.808378,0.47983580724203817,75.334221737,23.067273885350318,235.29912101910827,17.625382165605096,338.07000000000005,170.0,2.675977291764706,454.9161396,0.557265046117647,94.73505784,202.0,2.6407941217821778,533.4404126,0.5472314610891089,110.54075514,240.0,2.3671493066666667,568.1158336,0.45867796698749996,110.082712077,32.0,2.45388353125,78.524273,0.493928040625,15.8056973
US-SRG,2017,NDVI,year,19.0,172.0,329.89687361889645,268.6642153456413,220.29154439102555,329.89687361889645,268.6642153456413,220.29154439102555,31.7894,GRA,154.0,0.488698575974026,75.2595807,-0.049815062987012985,-7.6715197,18.238525974025976,278.1299935064935,18.726162337662338,37.461999999999996,49.0,1.566724210204082,76.76948630000001,-0.7255329428571429,-35.5511142,158.0,1.5755328962025317,248.9341976,-0.023770939240506314,-3.7558083999999976,24.1356835443038,239.21103164556962,20.557113924050636,281.66200000000003,202.0,0.7520041584158417,151.90484,-0.2113117717821782,-42.68497789999999,250.0,1.1584422319999998,289.61055799999997,-0.0058594468000000045,-1.464861700000001,311.0,1.0420242807073956,324.06955130000006,-0.035015022829581986,-10.889672099999999,48.0,2.868869125,137.705718,0.8587524208333334,41.2201162
US-SRG,2017,EVI,year,19.0,172.0,334.21375723894533,270.5421565282042,219.16994764266389,334.21375723894533,270.5421565282042,219.16994764266389,31.7894,GRA,154.0,0.488698575974026,75.2595807,-0.049815062987012985,-7.6715197,18.238525974025976,278.1299935064935,18.726162337662338,37.461999999999996,48.0,1.4689605479166667,70.5101063,-0.7993707125,-38.3697942,163.0,1.5352315374233128,250.2427406,-0.022196630674846618,-3.618050799999999,23.983306748466255,235.96638036809813,20.487766871165647,281.66200000000003,201.0,0.7246042786069652,145.64546,-0.22638635771144275,-45.50365789999999,252.0,1.1572774682539682,291.633922,-0.0031916932539682776,-0.8043067000000059,316.0,1.0296775136075949,325.3780943,-0.034025045886075946,-10.751914499999998,51.0,2.8625188627450986,145.98846200000003,0.8764578666666666,44.699351199999995
US-SRG,2017,NIRv,year,19.0,172.0,334.79831419358766,270.60988864472534,218.38065353181867,334.79831419358766,270.60988864472534,218.38065353181867,31.7894,GRA,154.0,0.488698575974026,75.2595807,-0.049815062987012985,-7.6715197,18.238525974025976,278.1299935064935,18.726162337662338,37.461999999999996,47.0,1.3430854531914893,63.1250163,-0.8978451957446809,-42.1987242,163.0,1.5352315374233128,250.2427406,-0.022196630674846618,-3.618050799999999,23.983306748466255,235.96638036809813,20.487766871165647,281.66200000000003,200.0,0.69130185,138.26037,-0.24666293949999996,-49.33258789999999,252.0,1.1572774682539682,291.633922,-0.0031916932539682776,-0.8043067000000059,316.0,1.0296775136075949,325.3780943,-0.034025045886075946,-10.751914499999998,52.0,2.949491384615385,153.37355200000002,0.9332361769230768,48.528281199999995
US-SRG,2018,NDVI,year,168.37624302850205,172.0,345.39446469800896,297.87545813277274,243.8854838571174,345.39446469800896,297.87545813277274,243.8854838571174,31.7894,GRA,,,,,,,,,,72.0,4.223909388888889,304.12147600000003,1.27213475375,91.59370227000001,174.0,2.833144844827586,492.967203,0.6970096498275862,121.27967907,21.126925287356322,224.86834482758624,15.434477011494254,342.153,75.0,4.132081386666667,309.906104,1.1803665902666667,88.52749427,129.0,3.3481301395348835,431.90878799999996,0.7749130284496125,99.96378067000002,177.0,2.81780695480226,498.75183100000004,0.6678727179096046,118.21347107000001,54.0,2.259308962962963,122.002684,0.21178308148148148,11.4362864
US-SRG,2018,EVI,year,159.8760380287146,172.0,334.3696993891021,283.3898293157199,241.74596853680225,334.3696993891021,283.3898293157199,241.74596853680225,31.7894,GRA,13.0,0.92723,12.05399,-0.90239957,-11.73119441,26.579538461538462,311.7113076923077,28.73607692307692,86.102,70.0,4.30603337142857,301.4223359999999,1.3190564895714285,92.33395426999999,163.0,2.9839229754601226,486.379445,0.7542618697546012,122.94468477,21.844208588957056,231.5378957055215,16.056159509202452,327.929,82.0,3.782534341463414,310.16781599999996,0.9829316608536585,80.60039619,124.0,3.236870862903226,401.371987,0.690718937016129,85.64914818999999,175.0,2.8292852857142856,495.12492499999996,0.6354921525142856,111.21112668999997,42.0,2.171527880952381,91.204171,0.12020838095238091,5.048751999999999
US-SRG,2018,NIRv,year,145.2083948381632,172.0,326.6065342368569,277.3083174712531,244.01416165269225,326.6065342368569,277.3083174712531,244.01416165269225,31.7894,GRA,27.0,0.7496334074074075,20.240102,-0.4169466040740741,-11.25755831,26.589000000000002,330.27822222222215,30.33177777777778,86.102,73.0,4.189910219178082,305.863446,1.2536918379452056,91.51950417,155.0,3.095631548387097,479.82289000000003,0.7819550436774194,121.20303177000001,22.34501935483871,235.36029677419359,16.40686451612903,323.35699999999997,99.0,3.260555939393939,322.795038,0.8107028504040403,80.25958218999999,132.0,2.9617139318181818,390.946239,0.6018527067424242,79.44455728999999,181.0,2.7444999005524857,496.75448199999994,0.607420496077348,109.94310979,33.0,2.0651879090909095,68.15120100000001,-0.024697724242424265,-0.8150249000000007
US-SRG,2019,NDVI,year,195.59585083452995,172.0,337.48046813919984,291.4024251486363,245.29976442513671,337.48046813919984,291.4024251486363,245.29976442513671,31.7894,GRA,,,,,,,,,,74.0,2.6857440164864865,198.74505722,0.17711885932432428,13.106795589999997,166.0,2.3615654231325305,392.01986024000007,0.3415418283373494,56.695943504000006,22.833656626506023,235.2843795180723,18.559192771084337,333.50199999999995,50.0,3.5613614379999996,178.06807189999998,0.5017106,25.08553,96.0,3.243504696875,311.3764509,0.6403997074375,61.47837191399999,142.0,2.615090668450704,371.34287492,0.4836244923521127,68.674677914,46.0,2.898008239130435,133.308379,0.7911487372608697,36.392841914
US-SRG,2019,EVI,year,29.75196615115757,172.0,344.50444388768824,324.8016331723282,291.7848490680683,344.50444388768824,324.8016331723282,291.7848490680683,31.7894,GRA,143.0,1.748636418881119,250.05500790000002,0.667859094055944,95.50385044999999,16.65525874125874,277.94930769230774,15.530146853146851,101.19200000000001,120.0,2.7671119685000005,332.05343622000004,0.4124969792,49.499637504,173.0,2.2868787643930637,395.63002624,0.3095254942427746,53.547910504,22.43261849710983,230.52517919075143,18.078104046242775,345.18600000000004,262.0,2.2177208554198473,581.04286412,0.5530882234885497,144.909114554,295.0,2.142951189220339,632.17060082,0.5414733374711864,159.734634554,315.0,2.0464109655238096,644.61945414,0.47288059540952393,148.95738755400004,33.0,1.5493253545454546,51.1277367,0.44925818181818183,14.825520000000001
US-SRG,2019,NIRv,year,74.09365410474709,172.0,343.6447037568255,331.6244448178967,316.13673102326675,343.6447037568255,331.6244448178967,316.13673102326675,31.7894,GRA,98.0,2.3091143061224493,226.29320200000004,1.036208986020408,101.54848062999999,19.713918367346942,322.8571632653061,18.994142857142858,20.928,145.0,2.5816326980689657,374.33674122,0.44365661037241366,64.33020850399998,172.0,2.298902792093023,395.41128024,0.3153488808372093,54.240007504,22.50664534883721,230.93896511627912,18.1605,345.18600000000004,242.0,2.477538690991735,599.5643632199999,0.6850591559256198,165.784315734,257.0,2.389309461945525,614.0525317199999,0.6291146332062256,161.682460734,269.0,2.3072078150185873,620.63890224,0.5787885306096654,155.69411473399998,15.0,0.9658779000000002,14.488168500000002,-0.273457,-4.1018550000000005
US-SRG,2020,NDVI,year,53.807670751651045,173.0,301.8542366288531,271.2171128639146,240.4254098722915,301.8542366288531,271.2171128639146,240.4254098722915,31.7894,GRA,120.0,1.6373800983333335,196.48561180000002,0.4554505300833333,54.654063609999994,19.806208333333334,294.7883333333333,19.95853333333333,49.275999999999996,68.0,1.4031658970588234,95.415281,-0.35468231073529416,-24.11839713,129.0,0.8947597472868216,115.4240074,-0.30440590558139535,-39.26836182,27.587999999999997,262.8666666666667,28.7728992248062,78.492,187.0,1.5580855069518718,291.3619898,0.16440755336898397,30.74421248,218.0,1.3936791825688075,303.82206180000003,0.09703795862385323,21.154274980000004,248.0,1.2555270814516128,311.3707162,0.06288003141129031,15.594247789999997,31.0,0.4019378064516129,12.460072,-0.3093528225806451,-9.589937499999998
US-SRG,2020,EVI,year,59.11682665694271,173.0,314.9407158345569,276.2146763156379,237.07348530139816,314.9407158345569,276.2146763156379,237.07348530139816,31.7894,GRA,114.0,1.6673977087719296,190.08333879999998,0.4811524185087719,54.85137570999999,20.27511403508772,298.68931578947377,20.521815789473685,49.276,65.0,1.439339723076923,93.557082,-0.35269649430769234,-22.925272130000003,142.0,0.8500088619718309,120.70125839999999,-0.2977404114084507,-42.27913842,26.810147887323946,254.85202816901406,27.830908450704225,86.62,178.0,1.5904579651685393,283.1015178,0.18053173921348312,32.134649579999994,217.0,1.378108994470046,299.0496518,0.09137841050691241,19.829115079999994,255.0,1.2166497811764705,310.2456942,0.050120718784313734,12.780783290000002,39.0,0.40892651282051284,15.948134000000001,-0.3155265256410256,-12.305534499999998
US-SRG,2020,NIRv,year,65.94481253597908,173.0,317.0628980445908,275.92339059020526,234.55228026047843,317.0628980445908,275.92339059020526,234.55228026047843,31.7894,GRA,108.0,1.6948067759259258,183.03913179999998,0.5033849473148148,54.36557430999999,20.69978703703704,304.0268888888889,21.12846296296296,47.498,62.0,1.4906229677419351,92.41862399999998,-0.3482657601612903,-21.59247713,145.0,0.8298018482758621,120.321268,-0.30617684427586206,-44.39564242,26.45633103448276,253.07362758620684,27.409827586206898,86.62,169.0,1.626738773964497,274.91885279999997,0.1951576519526627,32.98164317999999,210.0,1.388913437142857,291.6718218,0.09353847942857138,19.64308067999999,252.0,1.2016726063492063,302.8214968,0.040390785277777765,10.178477889999996,41.0,0.40860899999999994,16.752968999999997,-0.3253307926829268,-13.338562499999998
US-SRG,2021,NDVI,year,184.57830404791608,172.0,337.90825102779905,288.8906052143297,252.21325010392857,337.90825102779905,288.8906052143297,252.21325010392857,31.7894,GRA,,,,,,,,,,81.0,4.465995604938271,361.74564399999997,0.7470025691358024,60.5072081,166.0,3.013572909638554,500.253103,0.5140475902409639,85.33189998,22.517210843373494,229.08442771084336,16.576536144578316,409.7,68.0,5.245805867647059,356.714799,1.0242250250000002,69.64730170000001,104.0,4.331475413461538,450.473443,0.8601062663461538,89.4510517,153.0,3.2367467843137256,495.222258,0.6174640103267974,94.47199358,36.0,2.6044067777777777,93.758644,0.5501041666666666,19.803749999999997
US-SRG,2021,EVI,year,184.2533017789372,172.0,334.5572605860056,286.4046962378608,251.481054305318,334.5572605860056,286.4046962378608,251.481054305318,31.7894,GRA,,,,,,,,,,80.0,4.4602470499999995,356.81976399999996,0.73996997625,59.19759810000001,163.0,3.057368171779141,498.35101199999997,0.5226140655214724,85.18609268,22.60777300613497,230.59301226993864,16.63276073619632,409.7,67.0,5.250580880597015,351.788919,1.0199655477611942,68.33769170000001,102.0,4.387323362745097,447.50698299999993,0.8714896441176472,88.89194370000001,150.0,3.2888011133333332,493.32016699999997,0.6288412418666667,94.32618628,35.0,2.7348018285714284,95.718064,0.5872643428571427,20.554251999999995
US-SRG,2021,NIRv,year,187.8510236637488,172.0,330.78092352124355,283.46825209535467,250.6996731633917,330.78092352124355,283.46825209535467,250.6996731633917,31.7894,GRA,,,,,,,,,,79.0,4.458502075949367,352.221664,0.738240646835443,58.3210111,159.0,3.119954886792453,496.0728270000001,0.5384700571069182,85.61673907999999,22.780194968553463,232.04932075471692,16.714522012578616,409.70000000000005,63.0,5.500753492063492,346.54747,1.195441503174603,75.31281469999999,96.0,4.606794104166667,442.25223400000004,0.9984005489583333,95.8464527,143.0,3.42936106993007,490.39863299999996,0.7175422565034965,102.60854268,33.0,2.900144363636364,95.70476400000001,0.6222314545454546,20.533638
US-SRG,2022,NDVI,year,200.1945620885768,172.0,342.60092216639026,301.29108576275684,256.8622653625663,342.60092216639026,301.29108576275684,256.8622653625663,31.7894,GRA,,,,,,,,,,85.0,4.8668883741176465,413.6855118,0.3079383105882353,26.1747564,171.0,3.7232804795321637,636.680962,0.26815867309941516,45.85513309999999,20.99824561403509,219.30802339181287,14.181847953216376,548.376,56.0,5.817830892857143,325.79852999999997,0.8112697553571427,45.431106299999996,101.0,4.951528217821782,500.10434999999995,0.6174169544554455,62.3591124,142.0,3.8647463394366204,548.7939802000001,0.4585315704225352,65.11148299999999,45.0,3.8734626666666663,174.30581999999998,0.37617791333333334,16.9280061
US-SRG,2022,EVI,year,157.63365953540082,172.0,340.40293912477995,295.67261761893866,257.91290138868794,340.40293912477995,295.67261761893866,257.91290138868794,31.7894,GRA,15.0,0.6651874,9.977810999999999,-0.3118471666666667,-4.6777075,28.9026,290.20873333333327,32.369266666666675,0.508,86.0,4.866477113953488,418.5170318,0.3049373825581395,26.2246149,169.0,3.7596669763313604,635.3837189999999,0.27836649763313603,47.04393809999999,21.12819526627219,220.13349112426033,14.28405325443787,548.376,100.0,4.276365228,427.6365228,0.22716237399999997,22.716237399999997,138.0,4.21168944057971,581.2131428,0.25655338405797096,35.40436699999999,183.0,3.5218754644808743,644.50321,0.23789923825136614,43.535560600000004,38.0,4.0414900000000005,153.57662000000002,0.33389814736842105,12.6881296
US-SRG,2022,NIRv,year,148.8720119248316,172.0,339.3231312347487,293.4115778822138,257.4435772783144,339.3231312347487,293.4115778822138,257.4435772783144,31.7894,GRA,24.0,0.71851075,17.244258,-0.14553363708333333,-3.49280729,27.76591666666667,321.13804166666665,31.419583333333335,0.508,86.0,4.866477113953488,418.5170318,0.3049373825581395,26.2246149,168.0,3.778761351190476,634.831907,0.28460541726190475,47.813710099999994,21.18147619047619,220.4330119047619,14.330803571428573,548.376,109.0,3.9899355027522936,434.9029698,0.2192764918348624,23.90113761,145.0,4.008294136551724,581.2026498,0.24418873937931038,35.407367210000004,191.0,3.409517513089005,651.217845,0.23816875816753932,45.49023281000001,36.0,4.063880000000001,146.29968000000002,0.3196174888888889,11.506229600000001
US-SRG,2023,NDVI,year,43.78365993825428,172.0,359.58177425923344,327.9676870347063,286.8103625832497,359.58177425923344,327.9676870347063,286.8103625832497,31.7894,GRA,129.0,1.653245285271318,213.2686418,0.4965915922480621,64.06031540000001,17.594232558139534,296.5957596899225,17.675868217054262,59.943999999999996,115.0,2.6863533286956525,308.9306328,-0.559395767826087,-64.3305133,188.0,1.8465424840425528,347.14998699999995,-0.4116337834042554,-77.38715128000001,23.068212765957444,230.788170212766,21.85913829787234,201.422,243.0,2.1456409695473253,521.3907556,-0.0010905395061728655,-0.2650011000000063,284.0,1.9420084950704228,551.5304126000001,-0.02658387464788733,-7.549820400000002,316.0,1.7709180689873416,559.6101097999999,-0.042157085696202544,-13.321639080000004,41.0,0.7351135853658537,30.139657,-0.1776785195121951,-7.284819299999999
US-SRG,2023,EVI,year,84.4798852959789,172.0,358.2694152206611,332.70794889497296,298.95827228958854,358.2694152206611,332.70794889497296,298.95827228958854,31.7894,GRA,88.0,2.2082773749999998,194.32840899999997,0.8849214363636364,77.8730864,20.800852272727273,334.9080113636364,21.989636363636365,7.62,127.0,2.4918541165354333,316.46547280000004,-0.5689358858267717,-72.2548575,187.0,1.85597149144385,347.06666889999997,-0.41190281433155085,-77.02582628,23.158192513368984,231.14635294117647,21.95318181818182,201.422,214.0,2.3831091719626167,509.98536279999996,0.026277690186915847,5.623425699999991,248.0,2.153304543548387,534.0195268,0.022803868145161294,5.655359300000001,274.0,1.972943645620438,540.5865589,0.0031111566423357656,0.8524569199999998,34.0,0.7068871764705883,24.034164,0.0009392235294117688,0.03193360000000014
US-SRG,2023,NIRv,year,88.52696739709026,172.0,357.2313368789804,330.5894456102418,296.18285811909686,357.2313368789804,330.5894456102418,296.18285811909686,31.7894,GRA,84.0,2.235388559523809,187.77263899999997,0.9029321714285716,75.84630240000001,21.139202380952383,335.9253214285715,22.366190476190475,7.62,125.0,2.5160516384,314.50645480000003,-0.5663722024,-70.7965253,186.0,1.8661710494623653,347.10781519999995,-0.411684915483871,-76.57339428,23.24908064516129,231.53267741935488,22.056182795698927,201.16799999999998,208.0,2.4109162250000002,501.47057480000007,0.02430275913461542,5.054973900000007,242.0,2.1776416892561983,526.9892887999999,0.015985127272727287,3.8684008000000034,269.0,1.9853975286245353,534.0719352,-0.002683624832713746,-0.7218950799999977,34.0,0.7505504117647057,25.518713999999996,-0.03489920882352941,-1.1865731
US-SRG,2024,NDVI,year,47.39345461530262,173.0,349.1780562757323,297.32260195924505,251.68669722187505,349.1780562757323,297.32260195924505,251.68669722187505,31.7894,GRA,126.0,1.6421758968253968,206.914163,0.18160686253968258,22.882464680000005,18.894341269841274,301.30603174603175,19.45738888888889,82.80199999999999,79.0,2.953918227848101,233.35953999999998,-0.8442845177215187,-66.69847689999997,177.0,1.7209504971751415,304.60823800000003,-0.6432014440112995,-113.84665559000001,23.524118644067798,239.13723728813557,22.022627118644067,198.62400000000002,204.0,2.1462313382352947,437.8311930000001,-0.19878520696078428,-40.55218221999999,250.0,1.917724908,479.43122700000004,-0.22212043524000002,-55.53010881000001,302.0,1.685695003311258,509.0798909999999,-0.29039854605960264,-87.70036091,46.0,0.9043485652173914,41.600034,-0.32560709978260866,-14.977926589999997
US-SRG,2024,EVI,year,27.67240246492205,173.0,355.3372332181644,302.08239454785564,246.6172601433777,355.3372332181644,302.08239454785564,246.6172601433777,31.7894,GRA,146.0,1.4061761020547945,205.3017109,0.01246066904109589,1.8192576799999998,17.7531095890411,284.95994520547947,17.92978767123288,127.75999999999999,74.0,3.0108964864864864,222.80634,-0.9206047864864865,-68.1247542,183.0,1.7010244480874315,311.287474,-0.6375876371038252,-116.67853759,23.292808743169402,236.49675409836067,21.854967213114755,198.62400000000002,219.0,1.943678268949772,425.66554090000005,-0.2878614909589041,-63.04166652,275.0,1.7441181341818182,479.6324869,-0.2863577484,-78.74838081,328.0,1.5675203503048776,514.1466748999999,-0.34023003021341464,-111.59544991,56.0,0.9636954642857142,53.96694599999999,-0.28047704089285713,-15.706714289999999
US-SRG,2024,NIRv,year,33.72858703579556,173.0,354.85145955726426,300.3300294161866,244.78783082205865,354.85145955726426,300.3300294161866,244.78783082205865,31.7894,GRA,140.0,1.463930325,204.9502455,0.04609464057142859,6.4532496800000025,17.894642857142856,289.84815,18.228078571428572,113.02799999999998,72.0,3.0028791666666668,216.2073,-0.9730735444444445,-70.0612952,182.0,1.702822054945055,309.913614,-0.6390975252197802,-116.31574959000001,23.31926923076923,236.901967032967,21.870565934065937,198.624,211.0,1.9844314478672986,418.7150355,-0.2859915427488153,-60.34421552000002,267.0,1.7915947734082396,478.3558045,-0.27403466220973777,-73.16725480999999,321.0,1.5963281915887848,512.4213494999999,-0.33208308383177565,-106.59866990999998,56.0,1.065013732142857,59.64076899999999,-0.22898284446428568,-12.823039289999999
US-SRG,2025,NDVI,year,1.0,172.0,358.60162317202827,330.08396970256274,296.7211005994673,358.60162317202827,330.08396970256274,296.7211005994673,31.7894,GRA,172.0,0.42033508081395343,72.2976339,-0.15865868270348837,-27.289293425,17.368081395348838,274.42921511627907,18.77252325581395,36.57599999999999,125.0,1.3021329560000003,162.76661950000005,-0.42511753927999996,-53.139692409999995,187.0,1.1773904786096256,220.1720195,-0.2916305150267379,-54.53490630999999,23.118695187165773,227.85251871657755,20.589352941176475,188.86499999999995,296.0,0.791039318918919,234.14763840000003,-0.27176274065878375,-80.44177123499999,330.0,0.822027773939394,271.2691654,-0.23063123434848487,-76.108307335,358.0,0.8143939620111733,291.55303840000005,-0.2285949305446927,-81.83698513499999,34.0,1.091809617647059,37.12152700000001,0.12745482058823532,4.333463900000001
US-SRG,2025,EVI,year,122.78383483476344,172.0,354.9183691738013,318.9604842284674,281.7021870324732,354.9183691738013,318.9604842284674,281.7021870324732,31.7894,GRA,50.0,0.4969749580000001,24.848747900000003,-0.386136794,-19.3068397,24.91462,345.58099999999996,28.70308,24.892,110.0,1.1434459045454546,125.7790495,-0.5440638582727273,-59.84702441,183.0,1.1864497786885246,217.12030950000002,-0.289990395136612,-53.068242309999995,23.216579234972677,230.282174863388,20.664278688524593,186.07099999999997,159.0,0.9415797635220124,149.71118239999998,-0.49790345603773595,-79.16664951000001,196.0,1.1211631142857144,219.7479704,-0.33396377607142863,-65.45690011,232.0,1.0390191482758622,241.05244240000002,-0.31201666987068966,-72.38786741,37.0,1.8928861621621622,70.036788,0.37053376756756756,13.7097494
US-SRG,2025,NIRv,year,101.63036060144934,172.0,354.3275951866636,319.7627916991204,280.7749062676408,354.3275951866636,319.7627916991204,280.7749062676408,31.7894,GRA,71.0,0.5133184633802816,36.4456109,-0.25490829014084504,-18.098488599999996,23.353056338028168,343.54580281690136,26.35778873239437,24.892,109.0,1.1354248577981652,123.7613095,-0.5535145542201835,-60.33308641,183.0,1.1864497786885246,217.12030950000002,-0.289990395136612,-53.068242309999995,23.216579234972677,230.282174863388,20.664278688524593,186.07099999999997,179.0,0.8898899743016759,159.2903054,-0.43823665033519554,-78.44436041,218.0,1.0645493642201835,232.0717614,-0.2940200826146789,-64.09637801,253.0,0.9986138553359684,252.6493054,-0.28134196169960474,-71.17951631,39.0,1.8661911794871797,72.781456,0.3678969846153846,14.3479824
US-SRM,2014,NDVI,year,86.03017636866566,172.0,358.8087203551992,331.090735050618,297.4022019901626,358.8087203551992,331.090735050618,297.4022019901626,31.8214,WSA,86.0,0.5981879906976745,51.4441672,0.03785737581395349,3.2557343199999997,23.02144186046511,329.8869418604651,26.080325581395353,2.794,126.0,1.636945445793651,206.25512617,-0.04987309769841269,-6.284010309999998,187.0,1.216313494812834,227.45062352999997,-0.06669009529411764,-12.471047819999999,21.92412834224599,219.60145989304812,17.064411764705884,287.788,211.0,1.2209194112322277,257.61399577000003,-0.013141933601895736,-2.7729479900000005,245.0,1.126020658653061,275.87506136999997,0.000451062448979583,0.11051029999999784,272.0,1.0250349012132352,278.80949312999996,-0.0329411231617647,-8.959985499999998,34.0,0.5370901647058824,18.261065600000002,0.08480759676470588,2.88345829
US-SRM,2014,EVI,year,63.8800493854984,172.0,357.5397947952814,325.41092361965264,284.4048410431114,357.5397947952814,325.41092361965264,284.4048410431114,31.8214,WSA,109.0,0.5695587504587156,62.081903800000006,-0.041689751192660544,-4.544182879999999,21.632376146788992,316.4901009174312,23.75732110091743,2.794,113.0,1.676449665221239,189.43881217,-0.06507178061946901,-7.353111209999999,186.0,1.2219655673655911,227.28559552999997,-0.0644354452688172,-11.984992819999999,21.996360215053766,219.8996129032258,17.10840860215054,287.788,221.0,1.1377168252036198,251.43541836999998,-0.052678579592760184,-11.64196609,262.0,1.0867735204961833,284.73466237,-0.03118214083969466,-8.169720900000002,294.0,0.9839530671088436,289.28220173,-0.05535322346938776,-16.2738477,41.0,0.8121766829268293,33.299244,0.08468890707317074,3.47224519
US-SRM,2014,NIRv,year,60.83235735677981,172.0,355.8304642245435,320.7468638932107,277.30261958862627,355.8304642245435,320.7468638932107,277.30261958862627,31.8214,WSA,112.0,0.5504180964285714,61.6468268,-0.06235356142857144,-6.983598880000001,21.386910714285712,313.8550535714285,23.28366964285714,10.16,106.0,1.726838945,183.04492817,-0.05005429820754716,-5.3057556099999985,184.0,1.2352352045108694,227.28327763,-0.05874093923913043,-10.808332819999999,22.13375543478261,220.54090760869568,17.22609239130435,287.788,217.0,1.1272186975576037,244.60645737000002,-0.055456343271889405,-12.03402649,260.0,1.0861837860384616,282.40778437,-0.044246097307692314,-11.503985300000002,295.0,0.9791349384067796,288.84480683,-0.05944611423728815,-17.536603700000004,43.0,0.8791006279069766,37.80132699999999,0.01232653930232558,0.5300411899999999
US-SRM,2015,NDVI,year,37.10172031956619,172.0,366.2657708948579,348.7955681025284,317.5709973665164,366.2657708948579,348.7955681025284,317.5709973665164,31.8214,WSA,135.0,0.7027298048888888,94.86852366,-0.05391304185185184,-7.278260649999998,19.80545185185185,282.6073111111111,19.127414814814816,53.848,146.0,1.7977321705479452,262.4688969,0.13612922184931506,19.874866389999998,195.0,1.4337580102577319,279.5828120002577,0.03583085252577321,6.987016242525777,20.907103092783505,210.0143350515464,15.910561855670103,375.04731958762886,280.0,1.2745443591428571,356.87242056,0.04627363835714286,12.956618740000001,311.0,1.1858539982636656,368.80059345999996,0.012599376334405141,3.918406039999999,329.0,1.1358310294207317,373.6884086794207,0.00010041993902438329,0.0330381599390221,31.0,0.38477977096774185,11.928172899999998,-0.29155524838709684,-9.038212700000003
US-SRM,2015,EVI,year,31.0415689639438,172.0,364.98399075955416,342.4734255200707,303.11783497731267,364.98399075955416,342.4734255200707,303.11783497731267,31.8214,WSA,141.0,0.6962026571631206,98.16457466,-0.07615041595744679,-10.737208649999998,19.585843971631206,278.8422695035461,18.769007092198585,54.102,132.0,1.8588022871212118,245.36190189999996,0.14460497113636364,19.08785619,193.0,1.4411384424870466,278.1397194,0.037294597875647685,7.197857390000003,20.981284974093263,210.33322797927465,15.961663212435232,373.124,272.0,1.2612554285294115,343.06147655999996,0.03202448727941178,8.710660540000005,311.0,1.1915912921543408,370.58489185999997,0.007630685980707391,2.3731433399999986,333.0,1.1286465287087089,375.83929406000004,-0.009547562342342341,-3.1793382599999997,39.0,0.7057285974358976,27.523415300000003,-0.16250044102564104,-6.337517200000001
US-SRM,2015,NIRv,year,33.489363771412926,172.0,364.0424317800933,338.44358433008506,296.98921955711427,364.0424317800933,338.44358433008506,296.98921955711427,31.8214,WSA,139.0,0.6957374507913668,96.70750566,-0.06684444352517988,-9.291377650000003,19.70631654676259,280.3886618705036,18.972762589928056,53.848,125.0,1.8719299592000003,233.99124490000003,0.15005095752000003,18.756369690000003,193.0,1.4411384424870466,278.1397194,0.037294597875647685,7.197857390000003,20.981284974093263,210.33322797927465,15.961663212435232,373.124,263.0,1.2556416371102663,330.23375056000003,0.03735743361216731,9.825005040000002,305.0,1.2057118683934427,367.74211986,0.01388595488524589,4.235216239999996,331.0,1.1310641240483383,374.38222506,-0.005237182054380664,-1.7335072599999999,42.0,0.893056411904762,37.508369300000005,-0.13309020952380954,-5.589788800000001
US-SRM,2016,NDVI,year,158.44092910147273,173.0,311.29202919794005,280.4369875999605,254.7805652014124,311.29202919794005,280.4369875999605,254.7805652014124,31.8214,WSA,15.0,0.15746304866666663,2.3619457299999995,-0.3939560266666667,-5.9093404000000005,28.831999999999997,338.3724666666667,34.18606666666666,0.254,82.0,3.2006209512195127,262.45091800000006,0.48842867073170737,40.051151000000004,139.0,2.54427709352518,353.65451600000006,0.403444281438849,56.078755120000004,25.205007194244605,247.88170503597124,20.76534532374101,308.358,96.0,2.7563776013541665,264.61224973,0.3629174020833334,34.840070600000004,122.0,2.73414303057377,333.56544972999995,0.4258012172131147,51.947748499999996,153.0,2.325593776013072,355.81584773000003,0.33246846222222226,50.867674720000004,26.0,2.6520461538461535,68.9532,0.6579876115384616,17.107677900000002
US-SRM,2016,EVI,year,131.24008436861976,173.0,311.7468458516996,283.3009835342938,258.35936040045,311.7468458516996,283.3009835342938,258.35936040045,31.8214,WSA,42.0,0.6235211078571429,26.18788653,-0.06658029,-2.79637218,26.020642857142857,345.50669047619044,30.13035714285714,1.016,86.0,3.228545906976744,277.654948,0.5287414069767443,45.471761000000015,139.0,2.54427709352518,353.65451600000006,0.403444281438849,56.078755120000004,25.205007194244605,247.88170503597124,20.76534532374101,308.358,127.0,2.390883626220472,303.6422205299999,0.3415247938582678,43.37364882000001,152.0,2.3836728982236846,362.31828053000004,0.36700053105263153,55.78408071999999,180.0,2.109121047388889,379.64178853,0.2998924607777778,53.98064294000001,25.0,2.3470424,58.67606,0.49641727599999996,12.410431899999999
US-SRM,2016,NIRv,year,127.22477548511613,173.0,311.1065578260101,282.9334777149331,258.3582660769021,311.1065578260101,282.9334777149331,258.3582660769021,31.8214,WSA,46.0,0.7305144897826085,33.60366652999999,0.03784208304347827,1.7407358200000003,25.32065217391304,345.390195652174,28.914456521739133,1.016,86.0,3.228545906976744,277.654948,0.5287414069767443,45.471761000000015,139.0,2.54427709352518,353.65451600000006,0.403444281438849,56.078755120000004,25.205007194244605,247.88170503597124,20.76534532374101,308.358,131.0,2.374488553664122,311.05800052999996,0.3657309680916031,47.91075682,155.0,2.374964196967742,368.11945053,0.3871709401290323,60.011495720000006,184.0,2.1035737420108696,387.05756853,0.31803125510869573,58.51775094000001,24.0,2.3775604166666664,57.061449999999994,0.5041974541666666,12.1007389
US-SRM,2017,NDVI,year,19.0,172.0,306.59486234475105,248.70314633825484,211.36427994352272,306.59486234475105,248.70314633825484,211.36427994352272,31.8214,WSA,154.0,0.011850143116883115,1.8249220399999997,-0.5268331131948052,-81.132299432,19.334915584415583,280.93844805194806,20.638759740259736,19.050000000000004,40.0,0.29144301,11.6577204,-1.73129145,-69.251658,135.0,1.0153713955555554,137.0751384,-0.4819476244444444,-65.0629293,26.127311111111112,257.9918148148148,23.886637037037037,167.892,193.0,0.07247151523316062,13.98700244,-0.7741929296994818,-149.419235432,230.0,0.4894841671304349,112.58135844000003,-0.6001922653565217,-138.044221032,288.0,0.48404312652777776,139.40442044,-0.5042725928194445,-145.230506732,37.0,2.6647123243243245,98.594356,0.30743282162162167,11.375014400000001
US-SRM,2017,EVI,year,19.0,172.0,296.9893002743174,244.26105513447675,210.9201476937928,296.9893002743174,244.26105513447675,210.9201476937928,31.8214,WSA,154.0,0.011850143116883115,1.8249220399999997,-0.5268331131948052,-81.132299432,19.334915584415583,280.93844805194806,20.638759740259736,19.050000000000004,39.0,0.22789308717948722,8.887830400000002,-1.7632650256410256,-68.767336,125.0,1.0719812432,133.99765539999999,-0.5060445248,-63.2555656,26.547935999999996,262.222512,24.150479999999998,167.892,192.0,0.058422460625,11.21711244,-0.775702674125,-148.934913432,226.0,0.4834021833628319,109.24889344000002,-0.6078730311150442,-137.379305032,278.0,0.4903846670503597,136.32693744,-0.5159105864460432,-143.42314303199998,34.0,2.8832876764705886,98.03178100000001,0.33987083529411766,11.5556084
US-SRM,2017,NIRv,year,19.0,172.0,291.0905707181219,241.2069726099436,210.1785967309452,291.0905707181219,241.2069726099436,210.1785967309452,31.8214,WSA,154.0,0.011850143116883115,1.8249220399999997,-0.5268331131948052,-81.132299432,19.334915584415583,280.93844805194806,20.638759740259736,19.050000000000004,39.0,0.22789308717948722,8.887830400000002,-1.7632650256410256,-68.767336,120.0,1.104631195,132.5557434,-0.5178430216666666,-62.141162599999994,26.753341666666664,264.0966833333333,24.26406666666667,167.892,192.0,0.058422460625,11.21711244,-0.775702674125,-148.934913432,223.0,0.4766550333632288,106.29407244000002,-0.6115987535067264,-136.386522032,273.0,0.49408434227106224,134.88502544,-0.521277436014652,-142.308740032,31.0,3.06699870967742,95.07696000000001,0.4047868193548388,12.548391400000002
US-SRM,2018,NDVI,year,205.6935358045118,172.0,351.35671083015745,311.5480124398598,252.24954408516905,351.35671083015745,311.5480124398598,252.24954408516905,31.8214,WSA,,,,,,,,,,81.0,3.4520780617283955,279.61832300000003,0.7992169707407408,64.73657463,180.0,2.402320143888889,432.41762589999996,0.5155328976666667,92.79592158,21.726255555555554,225.1614611111111,16.950761111111113,392.159,47.0,4.433742127659574,208.38588,1.4233523553191492,66.89756070000001,106.0,3.1779109905660383,336.85856500000006,0.9088891471698114,96.3422496,146.0,2.473871115753425,361.18518290000003,0.6503897784246576,94.95690765,59.0,2.17750313559322,128.47268499999998,0.49906252372881355,29.4446889
US-SRM,2018,EVI,year,205.72863992650733,172.0,345.5187249448253,304.4867623062195,254.03581848301087,345.5187249448253,304.4867623062195,254.03581848301087,31.8214,WSA,,,,,,,,,,83.0,3.4524442530120485,286.55287300000003,0.8148747545783134,67.63460463000001,174.0,2.4746652810344822,430.5917588999999,0.5385925912643678,93.71511087999998,22.09704022988506,228.94072413793106,17.234885057471264,391.14300000000003,49.0,4.394294489795918,215.32043,1.4243998102040818,69.7955907,99.0,3.2963767171717167,326.34129499999995,0.9274736626262625,91.81989259999999,140.0,2.5668522564285716,359.3593159,0.6848292639285715,95.87609695,50.0,2.2204173,111.02086499999999,0.440486038,22.0243019
US-SRM,2018,NIRv,year,150.47171688203574,172.0,343.08645746429613,300.5347124313743,265.4273366697197,343.08645746429613,300.5347124313743,265.4273366697197,31.8214,WSA,22.0,0.1441814818181818,3.1719925999999994,-0.5385879545454547,-11.848935000000004,27.939136363636365,331.8832727272727,33.35586363636364,72.39,94.0,3.3271727978723407,312.75424300000003,0.8048763471276597,75.65837663,172.0,2.4974881447674417,429.5679609,0.5473041213953489,94.13630888000002,22.19353488372093,230.27376744186043,17.318441860465114,391.14300000000003,115.0,2.738863744347826,314.9693306,0.5632110924347827,64.76927563000001,150.0,2.615366904,392.3050356,0.5098086568666668,76.47129853000001,193.0,2.2372178678756476,431.7830485,0.4313326833160621,83.24720787999999,35.0,2.2095915714285717,77.335705,0.33434351142857144,11.702022900000001
US-SRM,2019,EVI,year,83.08720010676326,172.0,343.6630316505872,338.3555640987473,332.7874346785921,343.6630316505872,338.3555640987473,332.7874346785921,31.8214,WSA,89.0,2.08742802247191,185.781094,0.6299110495505618,56.06208341,20.886426966292134,323.59864044943816,21.214966292134832,16.764,161.0,1.4229018701863354,229.0872011,-0.20990244136645964,-33.79429306,172.0,1.372871640116279,236.1339221,-0.22437267825581392,-38.59210065999999,23.114523255813957,228.73637790697677,19.852726744186047,278.63199999999995,249.0,1.661498012449799,413.7130051,0.08939384646586346,22.25906777,255.0,1.634304957254902,416.7477641,0.076302214,19.45706457,260.0,1.618306638846154,420.7597261,0.06715869296153844,17.461260169999996,6.0,0.5057931666666666,3.0347589999999998,-0.46700053333333336,-2.8020032
US-SRM,2019,NIRv,year,83.17111216452626,172.0,343.24300667294415,337.82543532331186,332.1786012742045,343.24300667294415,337.82543532331186,332.1786012742045,31.8214,WSA,89.0,2.08742802247191,185.781094,0.6299110495505618,56.06208341,20.886426966292134,323.59864044943816,21.214966292134832,16.764,161.0,1.4229018701863354,229.0872011,-0.20990244136645964,-33.79429306,172.0,1.372871640116279,236.1339221,-0.22437267825581392,-38.59210065999999,23.114523255813957,228.73637790697677,19.852726744186047,278.63199999999995,249.0,1.661498012449799,413.7130051,0.08939384646586346,22.25906777,254.0,1.6393208744094487,416.3875021,0.0801520022440945,20.35860857,260.0,1.618306638846154,420.7597261,0.06715869296153844,17.461260169999996,5.0,0.5348993999999999,2.6744969999999997,-0.38009184000000007,-1.9004592000000002
US-SRM,2020,NDVI,year,-2.6696788865332297,173.0,299.6336598136567,207.8956977238588,104.82613440402427,299.6336598136567,207.8956977238588,104.82613440402427,31.8214,WSA,176.0,0.8940046930635837,157.34482597919072,0.04337868000000001,7.634647680000001,17.406450867052023,254.02741618497106,17.24595953757225,81.91426589595376,,,,,,127.0,0.1952101989763779,24.791695269999995,-0.4318504236220472,-54.84500379999999,28.468267716535433,266.24147244094485,31.107086614173227,42.416,107.0,0.900185433653846,96.31984140096152,0.07539818173076923,8.067605445192308,210.0,0.8509658328502415,178.70282489855072,-0.03554470367149757,-7.46438777101449,302.0,0.5963333684615385,180.09267727538463,-0.1595968433444816,-48.19824669003344,103.0,0.8012683718446602,82.5306423,-0.1475647044660194,-15.19916456
US-SRM,2020,EVI,year,18.06728289400049,173.0,304.9675933818702,251.88340878233123,205.6253165067028,304.9675933818702,251.88340878233123,205.6253165067028,31.8214,WSA,155.0,0.8987654890322582,139.3086508,0.03299753187096775,5.114617440000002,18.250006451612904,265.50790322580644,18.255593548387093,70.612,33.0,0.6742340242424243,22.2497228,-0.4034866757575758,-13.3150603,132.0,0.1821717315909091,24.04666857,-0.42648852878787885,-56.296485800000006,27.888401515151518,263.1803939393939,30.394507575757576,42.67,187.0,0.8577943508021391,160.4075436,-0.04587918106951871,-8.579406859999999,233.0,0.7078578080257512,164.93086927000002,-0.14702260240343346,-34.25626636,286.0,0.5671485642307692,162.20448937,-0.18028263062937064,-51.56083236,46.0,0.09833316673913044,4.52332567,-0.558192597826087,-25.676859500000003
US-SRM,2020,NIRv,year,54.27636538910275,173.0,290.55482194453367,253.45249796088208,215.9780269627904,290.55482194453367,253.45249796088208,215.9780269627904,31.8214,WSA,119.0,0.8911353512605042,106.0451068,-0.01446760302521008,-1.7216447599999996,20.431764705882355,295.3954789915967,21.293647058823524,36.83,43.0,0.5916597558139536,25.441369500000004,-0.4406610534883721,-18.9484253,118.0,0.22021856161016945,25.985790269999995,-0.4455577152542373,-52.5758104,28.850694915254238,270.2799915254237,31.587711864406778,42.416,161.0,0.8095381757763975,130.3356463,-0.13073934198757764,-21.04903406,199.0,0.6625050154271356,131.83849806999999,-0.21042223899497492,-41.87402556000001,236.0,0.5545765553813559,130.88006707,-0.23167974220338983,-54.67641916,38.0,0.03954873078947367,1.5028517699999995,-0.5480260921052631,-20.824991499999996
US-SRM,2021,NDVI,year,-2.0,172.0,327.9537162260952,279.9527647593029,250.42270414732505,327.9537162260952,279.9527647593029,250.42270414732505,31.8214,WSA,175.0,-0.1394603990116279,-24.405569827034885,-0.40648849883720933,-71.13548729651163,17.90933139534884,268.4064360465116,19.726122093023253,59.18052325581396,79.0,3.301064207594937,260.7840724,0.868605582278481,68.619841,156.0,2.534114085897436,395.32179740000004,0.7248013342307693,113.06900814000001,23.639858974358976,237.7683653846154,18.437339743589746,379.99399999999997,253.0,0.94817873508,239.88921997524,-0.002065991200000013,-0.5226957736000033,282.0,1.163090246487455,327.9914495094623,0.10617502222222222,29.941356266666666,330.0,1.1363376414984712,374.9914216944955,0.13435067076452598,44.335721352293575,29.0,3.0157756896551726,87.45749500000001,1.0392872068965517,30.139329
US-SRM,2021,EVI,year,198.31479059723063,172.0,322.3956713025355,276.63029283771687,249.04205038711305,322.3956713025355,276.63029283771687,249.04205038711305,31.8214,WSA,,,,,,,,,,78.0,3.2653565692307693,254.6978124,0.8495356538461538,66.263781,151.0,2.592663936423841,391.4922544,0.748908597218543,113.08519817999999,23.831271523178806,241.26342384105962,18.51027152317881,379.99399999999997,51.0,5.197079764705883,265.05106800000004,2.0871931960784313,106.446853,78.0,4.524306833333333,352.895933,1.756885564102564,137.037074,124.0,3.240689596774194,401.8455100000001,1.2360344369354843,153.26827018000006,27.0,3.2535135185185178,87.84486499999998,1.1329711481481481,30.590221
US-SRM,2021,NIRv,year,199.62260359825103,172.0,316.8825573137404,274.0091794270261,248.97586291010816,316.8825573137404,274.0091794270261,248.97586291010816,31.8214,WSA,,,,,,,,,,77.0,3.2287409402597405,248.61305240000002,0.8304105324675324,63.941610999999995,145.0,2.672892437241379,387.5694034,0.7731516571034482,112.10699027999999,24.06091724137931,243.9641931034483,18.50023448275862,379.99399999999997,49.0,5.265396428571428,258.00442499999997,2.1469584285714283,105.20096299999999,75.0,4.6286128,347.14596,1.8175296399999998,136.314723,117.0,3.392827145299145,396.960776,1.3108234382905986,153.36634228000003,26.0,3.428520576923077,89.141535,1.196683076923077,31.11376
US-SRM,2022,NDVI,year,173.29194052845912,172.0,334.4055518504975,283.91370279520834,250.01958273952383,334.4055518504975,283.91370279520834,250.01958273952383,31.8214,WSA,,,,,,,,,,79.0,3.7633226417721524,297.3024887,0.37948494177215186,29.979310399999996,163.0,2.8530633294478522,465.0493226999999,0.36905706349693246,60.15630134999999,22.17574233128834,225.81438650306745,16.113631901840492,353.318,77.0,3.8389498181818187,295.59913600000004,0.435924161038961,33.566160399999994,110.0,3.524891409090909,387.738055,0.4625942581818181,50.88536839999999,161.0,2.8779252795031054,463.34596999999997,0.3959201947204969,63.74315135,33.0,2.7920884545454543,92.13891899999999,0.5248244848484849,17.319208
US-SRM,2022,EVI,year,170.51709277112778,172.0,320.8138337832384,275.94137838172503,248.19663175731455,320.8138337832384,275.94137838172503,248.19663175731455,31.8214,WSA,,,,,,,,,,77.0,3.761500242857143,289.63551870000003,0.36782508311688306,28.322531399999995,149.0,3.0459539577181207,453.8471397,0.39848032416107376,59.37356829999999,23.13961073825503,230.80697315436242,16.622187919463087,353.318,78.0,3.72397191923077,290.46980970000004,0.34696450512820515,27.063231400000003,105.0,3.58695294952381,376.63005970000006,0.44425284190476183,46.64654839999999,150.0,3.0312095379999997,454.68143069999996,0.38742845533333325,58.114268299999985,27.0,3.19112037037037,86.16024999999999,0.7253080370370372,19.583317000000005
US-SRM,2022,NIRv,year,168.49012167735364,172.0,312.4080967456087,272.0724782235074,247.35473376224067,312.4080967456087,272.0724782235074,247.35473376224067,31.8214,WSA,,,,,,,,,,76.0,3.760016956578948,285.7612887,0.3609203868421052,27.429949399999995,141.0,3.1566143170212766,445.0826187,0.405257569503546,57.14131729999999,23.8233829787234,233.48439716312058,17.064340425531917,353.318,79.0,3.6387611607594943,287.46213170000004,0.3023292329113924,23.8840094,104.0,3.5693363625000005,371.21098170000005,0.4130236288461538,42.954457399999995,144.0,3.1026629284722222,446.7834617,0.37219012013888886,53.595377299999996,25.0,3.3499539999999994,83.74884999999999,0.7628179199999999,19.070448
US-SRM,2023,EVI,year,51.087170152620594,172.0,357.82618707677017,321.74885501590245,278.4102215774146,357.82618707677017,321.74885501590245,278.4102215774146,31.8214,WSA,121.0,0.5943027170247933,71.91062876,-0.16096844479338845,-19.477181820000002,18.957719008264466,303.0394297520661,19.466694214876036,47.752,107.0,1.5107071167850465,161.64566149599997,-0.3521109158878505,-37.675868,186.0,0.935359582827957,173.976882406,-0.30572906951612905,-56.865606930000006,23.560344086021505,238.95872043010752,22.826774193548385,223.27,227.0,1.0287402447400882,233.52403555600003,-0.25054803885462557,-56.87440482,270.0,0.9008799452444444,243.23758521599999,-0.25164958107407404,-67.94538689,306.0,0.8034485505424837,245.855256466,-0.24857563316993464,-76.06414375,43.0,0.22589650372093023,9.71354966,-0.2574646993023256,-11.07098207
US-SRM,2023,NIRv,year,53.98363180578522,172.0,357.4971049202766,320.54012391094346,277.12201432949604,357.4971049202766,320.54012391094346,277.12201432949604,31.8214,WSA,119.0,0.6051309870588236,72.01058746000001,-0.15078988924369746,-17.94399682,19.108008403361346,306.1460840336135,19.72299159663866,36.957,106.0,1.5205200801509433,161.17512849599999,-0.3546320216981132,-37.5909943,186.0,0.935359582827957,173.976882406,-0.30572906951612905,-56.865606930000006,23.560344086021505,238.95872043010752,22.826774193548385,223.27,224.0,1.0408636663214286,233.153461256,-0.24668011660714284,-55.256346119999996,267.0,0.9115612154157303,243.386844516,-0.2472493104494382,-66.01556589,304.0,0.8090632077828946,245.95521516599996,-0.24516762746710524,-74.53095875,43.0,0.23798565720930231,10.23338326,-0.25021441325581395,-10.75921977
US-SRM,2024,EVI,year,34.0295383197266,173.0,342.6648533206895,285.9327580625398,232.384473338102,342.6648533206895,285.9327580625398,232.384473338102,31.8214,WSA,139.0,0.9621099690647481,133.73328569999998,0.2196405562589928,30.530037319999998,18.391697841726618,290.5541151079137,18.791575539568345,111.756,60.0,2.1179392,127.076352,-0.38880125000000004,-23.328075000000002,170.0,0.9833204342941176,167.16447383,-0.2208942659764706,-37.552025216000004,24.287082352941177,247.8989294117647,23.038305882352944,203.44200000000004,198.0,1.3177530843434344,260.9151107,0.05264051676767676,10.422822319999998,251.0,1.1633378447410359,291.99779903,-0.0111909163187251,-2.808919996,308.0,0.9772832225,301.00323253,-0.01234132433766235,-3.8011278960000037,53.0,0.5864658175471698,31.082688329999996,-0.2496555153962264,-13.231742316
US-SRM,2024,NIRv,year,42.4764166365451,173.0,341.8642549835027,284.3097799889674,231.74691030437853,341.8642549835027,284.3097799889674,231.74691030437853,31.8214,WSA,131.0,1.0246629610687024,134.23084790000001,0.2557766512977099,33.506741319999996,18.99635114503817,299.1423282442748,19.590877862595416,86.102,59.0,2.133396474576271,125.870392,-0.38626125423728813,-22.789414,169.0,0.9872270640828403,166.84137383,-0.22352478826035505,-37.775689216,24.354230769230774,248.388224852071,23.121810650887575,203.442,189.0,1.3767550947089944,260.20671289999996,0.07374702285714287,13.93818732,242.0,1.2083590608677686,292.42289273,0.0013339917520661137,0.3228260039999995,299.0,1.007283259966555,301.17769473,-0.0035053106889632053,-1.0480878959999984,53.0,0.6078524496226415,32.21617983,-0.25689360973584907,-13.615361316000001
US-SRM,2025,NDVI,year,1.0,172.0,347.1283107107731,297.1481954108307,257.25288543097736,347.1283107107731,297.1481954108307,257.25288543097736,31.8214,WSA,172.0,-0.31320007433139535,-53.870412785,-0.456910675,-78.5886361,17.712052325581396,277.27448255813954,19.126767441860462,40.385999999999996,86.0,0.6617150604651162,56.90749519999999,-0.6042690543023256,-51.96713867,176.0,0.5657498920454546,99.57198100000001,-0.2650133159659091,-46.642343610000005,23.87425568181818,240.17510227272726,21.582897727272726,218.946,257.0,0.011336379046692616,2.9134494150000023,-0.5063688395719844,-130.13679177,297.0,0.10146198085858585,30.134208315,-0.43983025276094273,-130.62958507,347.0,0.13134851646974063,45.577935215,-0.3596887513256484,-124.81199671,40.0,0.6805189725,27.2207589,-0.012319832499999994,-0.49279329999999977
US-SRM,2025,EVI,year,1.0,172.0,339.7034277343987,284.3960446557142,243.85812830663147,339.7034277343987,284.3960446557142,243.85812830663147,31.8214,WSA,172.0,-0.31320007433139535,-53.870412785,-0.456910675,-78.5886361,17.712052325581396,277.27448255813954,19.126767441860462,40.385999999999996,72.0,0.6114223916666667,44.0224122,-0.6963232093055556,-50.13527107,168.0,0.5803662619047619,97.501532,-0.28763512267857144,-48.322700610000005,24.335160714285717,243.60029761904767,22.00993452380952,218.94600000000003,243.0,-0.04103552915637857,-9.971633584999992,-0.5280038031687242,-128.30492417,284.0,0.07099842399647883,20.163552414999987,-0.4654896569366197,-132.19906257,339.0,0.12834066730088492,43.507486214999986,-0.37313378675516223,-126.49235371,41.0,0.7350045365853659,30.135186,-0.09497898536585364,-3.8941383999999992
US-SRM,2025,NIRv,year,147.8985472759776,172.0,331.445283565404,280.70587960665523,240.8349278836636,331.445283565404,280.70587960665523,240.8349278836636,31.8214,WSA,25.0,-0.39234751959999997,-9.80868799,-0.97481908,-24.370476999999998,28.27772,349.33575999999994,34.11304,20.32,69.0,0.627547336231884,43.30076619999999,-0.6853877691304348,-47.29175607,160.0,0.59805989375,95.689583,-0.3084275288125,-49.34840461,24.957462500000002,247.41298125000003,22.706599999999998,218.692,93.0,0.3588004861290322,33.36844521,-0.7660564523655914,-71.24325007,133.0,0.47195362563909776,62.769832210000004,-0.5768735734586465,-76.72418526999999,184.0,0.46607207614130436,85.75726201,-0.3983690141847826,-73.29989861,40.0,0.735034675,29.401387,-0.13702338,-5.4809352
US-Seg,2013,NDVI,year,184.4276398653569,172.0,348.6479865504782,298.6675927224705,263.5707004485535,348.6479865504782,298.6675927224705,263.5707004485535,34.3603,GRA,,,,,,,,,,92.0,1.8622534749891306,171.32731969900001,0.6022726782608696,55.40908640000001,177.0,1.3542311468870056,239.698912999,0.40970006762711864,72.51691197,16.678717514124294,227.0178757062147,13.01484745762712,264.84299999999996,79.0,2.141652781012658,169.1905697,0.7177224113924051,56.7000705,114.0,2.0361713131578947,232.1235297,0.7348964169298247,83.77819153000002,164.0,1.4485497743902436,237.56216299999994,0.4500481467682927,73.80789607,35.0,1.7980845714285714,62.932959999999994,0.7736606008571428,27.07812103
US-Seg,2013,EVI,year,209.71944276484209,172.0,327.84807810956266,297.13360748626746,266.43954367372703,327.84807810956266,297.13360748626746,266.43954367372703,34.3603,GRA,,,,,,,,,,95.0,1.9024635757789476,180.73403969900002,0.6209556042105263,58.9907824,156.0,1.5476452410192307,241.43265759899998,0.49771666903846157,77.64380037000001,18.853602564102566,241.3163269230769,14.389243589743588,259.893,57.0,2.774795368421053,158.16333600000002,1.0867068210526316,61.9422888,88.0,2.4017260795454543,211.35189499999998,0.9735925662499999,85.67614583,118.0,1.8547623211864408,218.8619539,0.6830110743220339,80.59530677,31.0,1.7157599677419353,53.18855899999999,0.7656082912903225,23.733857029999996
US-Seg,2013,NIRv,year,209.67989173788877,172.0,320.7957051322672,294.53891060907955,268.3536971714701,320.7957051322672,294.53891060907955,268.3536971714701,34.3603,GRA,,,,,,,,,,97.0,1.9282153577216492,187.03688969899997,0.6349919835051547,61.59422240000001,149.0,1.6215381523422816,241.60918469899997,0.5390712910738255,80.32162236999999,19.476872483221477,248.576677852349,14.88104697986577,255.27299999999997,59.0,2.7875624745762715,164.46618600000002,1.0939954033898305,64.54572879999999,85.0,2.4595000588235294,209.057505,1.0036262329411765,85.3082298,111.0,1.9733196486486488,219.03848100000002,0.7502083672972973,83.27312877,26.0,1.7150507307692306,44.591319,0.7985577307692308,20.762501
US-Seg,2014,NDVI,year,216.04783987744565,172.0,316.13885850697983,300.6092506542069,276.57453433591587,316.13885850697983,300.6092506542069,276.57453433591587,34.3603,GRA,,,,,,,,,,105.0,1.395509499238095,146.52849741999998,0.1826861885714286,19.1820498,145.0,1.2896094994482759,186.99337742,0.18715820068965516,27.137939099999997,19.323089655172414,244.46115862068967,14.391496551724137,200.586,60.0,2.3378839666666664,140.27303799999999,0.6780365216666666,40.6821913,84.0,2.023730738095238,169.99338199999997,0.5582810119047619,46.895604999999996,100.0,1.8073791799999999,180.73791799999998,0.486380806,48.6380806,24.0,1.2383476666666666,29.720343999999997,0.2588922375,6.2134137
US-Seg,2014,EVI,year,228.2307648924215,172.0,309.0559210049552,289.3952305329033,266.933297343904,309.0559210049552,289.3952305329033,266.933297343904,34.3603,GRA,,,,,,,,,,95.0,1.275046078105263,121.12937741999998,0.11415022947368421,10.8442718,138.0,1.3312130320289854,183.70739842,0.18890445072463766,26.068814199999995,19.804579710144928,247.96747826086957,14.706123188405797,200.586,38.0,2.313023,87.89487399999999,0.7333575736842106,27.867587800000003,61.0,2.1742486229508198,132.629166,0.6642520786885245,40.519376799999996,81.0,1.8576900617283947,150.47289499999997,0.5320016074074075,43.092130200000014,23.0,1.9449692173913042,44.734291999999996,0.5500777826086957,12.651789
US-Seg,2014,NIRv,year,223.51340307153737,172.0,301.3695160416592,284.82077033920353,267.7983805780722,301.3695160416592,284.82077033920353,267.7983805780722,34.3603,GRA,,,,,,,,,,96.0,1.2910554939583332,123.94132742,0.12267204999999999,11.7765168,130.0,1.3640286263076924,177.32372142,0.19720121923076922,25.636158499999997,20.348776923076926,253.6570615384616,15.127323076923078,193.662,44.0,2.369155090909091,104.24282400000001,0.7260409954545455,31.9458038,61.0,2.284570754098361,139.35881600000002,0.6808316852459014,41.53073279999999,78.0,2.0208361282051284,157.62521800000002,0.5872493012820513,45.805445500000005,17.0,2.065646588235294,35.115992,0.5638193529411765,9.584929
US-Seg,2015,NDVI,year,66.07767340028921,172.0,319.9457170628316,290.89360377255133,264.755638049655,319.9457170628316,290.89360377255133,264.755638049655,34.3603,GRA,106.0,0.7749532396226415,82.1450434,0.20661187679245285,21.900858940000003,15.460839622641508,280.2690754716981,13.41206603773585,75.174,93.0,0.7793970064516128,72.48392159999999,-0.031389528172043005,-2.9192261199999994,148.0,0.5338599243918918,79.01126880999999,-0.09825850743243243,-14.5422591,19.470736486486487,237.02127027027026,14.461385135135135,152.76,198.0,0.7750821969696968,153.46627499999997,0.09544167232323233,18.897451120000003,224.0,0.7051799276785715,157.96030380000002,0.07142082428571428,15.998264639999999,253.0,0.6323858585375495,159.99362221,0.028752640869565225,7.274418140000002,26.0,0.17284726153846153,4.4940288,-0.1115071723076923,-2.89918648
US-Seg,2015,EVI,year,33.856064430272546,172.0,332.1845915845876,296.2319719550133,263.10375260231973,332.1845915845876,296.2319719550133,263.10375260231973,34.3603,GRA,139.0,0.6131582179856117,85.22899230000002,0.14623787115107917,20.327064090000004,13.084446043165467,256.2806978417267,11.67956834532374,80.12,92.0,0.7848085065217391,72.20238259999999,-0.030709058913043475,-2.8252334199999996,161.0,0.5000256739751553,80.50413351,-0.1080669099378882,-17.3987725,18.33407453416149,227.78632298136645,13.634416149068324,157.26600000000002,230.0,0.6794290647826087,156.26868489999998,0.07572890856521738,17.41764897,263.0,0.614599105703422,161.6395648,0.04762963228136882,12.526593290000001,299.0,0.5504027953511705,164.57043581,0.009512073210702337,2.8441098899999986,33.0,0.16275393636363636,5.3708799,-0.1482138084848485,-4.89105568
US-Seg,2015,NIRv,year,34.55606305359667,172.0,327.5438178371734,294.42595435779367,263.2224359584666,327.5438178371734,294.42595435779367,263.2224359584666,34.3603,GRA,138.0,0.6187631253623188,85.3893113,0.1490201963043478,20.564787089999996,13.146246376811593,256.82570289855073,11.73076086956522,80.12,92.0,0.7848085065217391,72.20238259999999,-0.030709058913043475,-2.8252334199999996,156.0,0.5097212276282052,79.51651151,-0.11030733397435899,-17.207944100000002,18.679365384615387,232.4918269230769,13.928006410256412,156.93599999999998,229.0,0.6830960868995634,156.4290039,0.07709769419213973,17.655371969999997,260.0,0.6224509715384615,161.8372526,0.05186941265384615,13.486047289999998,293.0,0.5588502826279864,163.74313281000002,0.011169492457337867,3.272661289999995,31.0,0.17445963548387097,5.408248700000001,-0.13449434451612902,-4.16932468
US-Seg,2016,NDVI,year,211.78124126799847,173.0,287.1101941257918,264.02438201652103,249.99004362659207,287.1101941257918,264.02438201652103,249.99004362659207,34.3603,GRA,,,,,,,,,,77.0,1.3214043506493507,101.748135,0.22233868974025972,17.12007911,115.0,1.1647256826086954,133.94345349999998,0.1597545304608696,18.371771003000003,22.059669565217387,267.4749391304348,17.548852173913044,107.814,38.0,1.9398554999999997,73.71450899999999,0.4108330634210527,15.611656410000002,53.0,1.8120189056603775,96.037002,0.35527292458490567,18.829465003,76.0,1.3935503618421052,105.90982749999999,0.22188616188157892,16.863348303,15.0,1.4881661999999998,22.322492999999998,0.21452057286666668,3.217808593
US-Seg,2016,EVI,year,53.66944309125351,173.0,325.4402301464752,295.41860541634804,268.69260257397315,325.4402301464752,295.41860541634804,268.69260257397315,34.3603,GRA,120.0,1.0337080975,124.04497169999999,0.34491394808333337,41.38967377,14.8125,282.2186416666666,14.239925,24.287,96.0,1.3269117916666666,127.383532,0.21231745732291665,20.382475903,153.0,0.9172694950980391,140.34223275,0.054726248385620915,8.373116003,19.77202614379085,243.72201960784312,15.560254901960784,133.75,215.0,1.1635511799999998,250.16350369999995,0.28557432871162786,61.39848067299999,242.0,1.0739755958677684,259.90209419999996,0.24299158542561983,58.803963673,272.0,0.9673610457720587,263.12220444999997,0.1815776499007353,49.389120773,27.0,0.36068853703703707,9.7385905,-0.09609322222222223,-2.594517
US-Seg,2016,NIRv,year,50.15510109955288,173.0,327.69146335415064,296.59301946063954,268.12759122215886,327.69146335415064,296.59301946063954,268.12759122215886,34.3603,GRA,123.0,1.0128354447154473,124.57875970000002,0.33330183552845527,40.99612577,14.679333333333334,280.08437398373974,14.106390243902437,24.287,96.0,1.3269117916666666,127.383532,0.21231745732291665,20.382475903,155.0,0.9060478919354839,140.43742325,0.05217890324516129,8.087730003,19.62106451612903,241.9253806451613,15.409987096774191,140.45399999999998,218.0,1.1499875766055045,250.6972917,0.27983914070183485,61.004932673,246.0,1.0601300089430894,260.7919822,0.23693934419918697,58.287078672999996,277.0,0.9521703355595668,263.75118295,0.17584904972202164,48.710186773,28.0,0.36052466071428574,10.0946905,-0.09706621428571428,-2.717854
US-Seg,2017,NDVI,year,193.37211846516396,172.0,349.2699452670085,302.5580108095169,259.2496967155612,349.2699452670085,302.5580108095169,259.2496967155612,34.3603,GRA,,,,,,,,,,88.0,1.3581788386363636,119.5197378,0.25277628477272723,22.244313059999996,178.0,0.9310648453932584,165.72954248,0.1179051307191011,20.987113267999995,17.43511797752809,229.86260112359548,14.114230337078652,193.209,66.0,1.7250735833333333,113.8548565,0.4065802839393939,26.834298739999998,109.0,1.3618809596330277,148.4450246,0.24881272576146787,27.120587108,156.0,1.0260555203846153,160.06466118,0.1639557624871795,25.577098948,43.0,0.8044225139534884,34.5901681,0.006657869023255813,0.28628836799999996
US-Seg,2017,EVI,year,179.88109024035086,172.0,341.8516316497551,295.62878550934744,260.02305482770544,341.8516316497551,295.62878550934744,260.02305482770544,34.3603,GRA,,,,,,,,,,89.0,1.3455293011235956,119.7521078,0.2491005905617977,22.169952559999995,170.0,0.9788104051764704,166.39776887999997,0.13281653098823532,22.578810268000005,18.257176470588238,233.93705882352944,14.566582352941179,193.20899999999997,81.0,1.4472454790123457,117.2268838,0.2820510116049383,22.84613194,116.0,1.2476045767241377,144.72213089999997,0.1836117750689655,21.298965908,162.0,1.0115589190123457,163.87254488000002,0.1435493188148148,23.254989648,35.0,0.7855784885714286,27.495247100000004,-0.04420474377142856,-1.5471660319999996
US-Seg,2017,NIRv,year,60.98102659898263,172.0,358.9888223538427,323.1131960834253,282.9997764107197,358.9888223538427,323.1131960834253,282.9997764107197,34.3603,GRA,112.0,0.6442908339285714,72.1605734,0.20017058414642858,22.4191054244,16.14708035714286,295.04810714285713,15.567142857142857,35.646,111.0,1.2050984855855855,133.7659319,0.16446802126126123,18.255950359999996,187.0,0.8871009872192515,165.88788461000001,0.1121259243208556,20.967547847999995,16.712657754010696,224.9488128342246,13.655133689839573,193.209,222.0,0.9256147671171172,205.48647830000002,0.18319210524504506,40.6686473644,263.0,0.8970192406844106,235.9160603,0.17810093738555133,46.8405465324,298.0,0.7973437282214765,237.60843101,0.1455712914510067,43.3802448524,41.0,0.7421849268292683,30.429582,0.1505341260487805,6.171899168
US-Seg,2018,NDVI,year,186.2962000420983,172.0,308.57596412838785,268.7663503230199,240.18612818038,308.57596412838785,268.7663503230199,240.18612818038,34.3603,GRA,,,,,,,,,,69.0,1.5713561623188403,108.42357519999999,0.3938127362318841,27.173078800000003,137.0,1.0544182105109488,144.45529483999997,0.22970708664233577,31.46987087,20.70902919708029,252.4580510948905,16.4027299270073,215.402,54.0,1.9082557407407408,103.04581,0.5436844814814816,29.35896200000001,82.0,1.5586510853658535,127.80938899999998,0.40865941817073176,33.510072290000004,122.0,1.139979751147541,139.07752964,0.2758668366393442,33.65575406999999,28.0,0.8844135357142857,24.763579,0.14825393892857144,4.15111029
US-Seg,2018,EVI,year,181.41992070664,172.0,290.2468753904696,264.79662983217304,242.4491804556841,290.2468753904696,264.79662983217304,242.4491804556841,34.3603,GRA,,,,,,,,,,71.0,1.5453966929577463,109.72316519999998,0.37891351690140845,26.9028597,119.0,1.1870770700840336,141.26217134,0.26974651924369747,32.09983579,22.137705882352943,265.770974789916,17.952470588235293,177.04800000000003,61.0,1.7435195721311476,106.3546939,0.46195693442622954,28.179373000000002,83.0,1.5214539987951807,126.2806819,0.3802062938554217,31.55712239,109.0,1.265079816880734,137.89370004,0.3062050375229357,33.37634908999999,22.0,0.9057267272727274,19.925988000000004,0.15353406318181817,3.37774939
US-Seg,2018,NIRv,year,175.6186351437344,172.0,286.31917701660626,260.2074077193973,239.01780505229425,286.31917701660626,260.2074077193973,239.01780505229425,34.3603,GRA,,,,,,,,,,68.0,1.5871838999999999,107.92850519999999,0.4034226735294118,27.432741800000002,115.0,1.2349955133913044,142.02448404,0.2937402155652174,33.78012479,22.670921739130435,271.2904956521739,18.462,162.824,64.0,1.65310895625,105.7989732,0.439848403125,28.1502978,85.0,1.4818454729411765,125.95686520000001,0.36685158941176477,31.182385100000005,111.0,1.2603148832432436,139.89495204000005,0.3107899170270271,34.497680790000004,21.0,0.9598996190476192,20.157892000000004,0.1443851095238095,3.0320872999999997
US-Seg,2019,NDVI,year,91.72609749020734,172.0,319.3734648580603,305.55150296636333,291.7219678583595,319.3734648580603,305.55150296636333,291.7219678583595,34.3603,GRA,81.0,1.0515939259259257,85.17910799999999,0.3907424654320988,31.6501397,16.94843209876543,294.82665432098764,15.339160493827164,42.08800000000001,120.0,0.4602481058333333,55.2297727,-0.11134187075,-13.36102449,148.0,0.40347946486486486,59.7149608,-0.08160808229054053,-12.077996179,19.80479054054054,255.56927027027027,17.493412162162162,111.76,200.0,0.7005169585000001,140.1033917,0.09114621105000001,18.229242210000002,214.0,0.6674126154205607,142.8262997,0.09050715373831777,19.368530900000003,228.0,0.6341604377192982,144.5885798,0.0855801338640351,19.512270521,14.0,0.19449342857142857,2.722908,0.08137776357142856,1.1392886899999999
US-Seg,2019,EVI,year,88.15784256888787,172.0,324.54462404626145,301.4210025731892,277.9874690015956,324.54462404626145,301.4210025731892,277.9874690015956,34.3603,GRA,84.0,1.0390138928571429,87.277167,0.391999305952381,32.927941700000005,16.560404761904763,292.60797619047617,14.978583333333333,48.184000000000005,106.0,0.4724929877358491,50.084256700000005,-0.13060489896226415,-13.84411929,153.0,0.39319573006535946,60.158946699999994,-0.08548934038562091,-13.079869078999998,19.44181699346405,251.84621568627455,17.14256862745098,118.618,189.0,0.7251636756613757,137.05593470000002,0.10065581698412698,19.02394941,213.0,0.678197266197183,144.4560177,0.09703516671361503,20.66849051,236.0,0.6234348504237288,147.1306247,0.08384830347881356,19.788199621,24.0,0.30833679166666667,7.400083,0.06852254583333335,1.6445411000000005
US-Seg,2019,NIRv,year,70.47559544691435,172.0,332.9275961186109,297.7798985609468,259.3756714287514,332.9275961186109,297.7798985609468,259.3756714287514,34.3603,GRA,102.0,0.9389846892156861,95.77643829999998,0.3531408078431373,36.0203624,15.370754901960787,283.5665294117647,13.85479411764706,55.80400000000001,88.0,0.42352684204545454,37.2703621,-0.16780180670454545,-14.76655899,161.0,0.3715796440993789,59.8243227,-0.1000807644658385,-16.113003079,18.597844720496894,244.8553354037267,16.41148447204969,146.05,189.0,0.7023349809523808,132.74131139999997,0.11213719793650793,21.19393041,227.0,0.6710271850220264,152.323171,0.10403813528634359,23.616656709999994,262.0,0.5927300458015268,155.295272,0.07575376458396947,19.847486321,38.0,0.5153120947368421,19.5818596,0.06375595526315789,2.4227263
US-Seg,2020,NDVI,year,211.24173773435916,173.0,306.77521236734145,264.9231941755492,232.3430403301521,306.77521236734145,264.9231941755492,232.3430403301521,34.3603,GRA,,,,,,,,,,60.0,0.5363950766666666,32.1837046,-0.1492329,-8.953974,134.0,0.2124261961641791,28.465110285999998,-0.2066822396268657,-27.69542011,21.682910447761195,249.7759701492537,20.375485074626866,101.28399999999999,21.0,1.3188397285714286,27.695634300000002,0.22634838095238094,4.753316,53.0,0.5367952818867925,28.450149940000003,-0.12011999999999999,-6.366359999999999,95.0,0.25238989458947364,23.977039985999994,-0.14724347484210526,-13.98813011,32.0,0.023578613749999998,0.7545156399999999,-0.34748987499999995,-11.119675999999998
US-Seg,2020,EVI,year,64.1623074563761,173.0,347.3019665189688,291.9607786970444,244.18304083234196,347.3019665189688,291.9607786970444,244.18304083234196,34.3603,GRA,109.0,0.6514249122018348,71.00531543,0.20633209522935778,22.49019838,17.139816513761467,279.7727247706422,16.399091743119264,26.472,72.0,0.47535814305555557,34.2257863,-0.1486812027777778,-10.705046600000001,175.0,0.12619832654857144,22.084707146000003,-0.2156004012,-37.73007021,18.13076571428571,225.20451428571425,17.2114,117.03199999999998,180.0,0.5836468985,105.05644172999999,0.06577930211111109,11.840274379999997,227.0,0.4512556956651982,102.43504291599999,-0.006062526563876676,-1.3761935300000054,283.0,0.3283228359575972,92.915362576,-0.05365635770318019,-15.184749229999994,47.0,-0.05577444285106383,-2.621398814,-0.2812014448936171,-13.216467910000004
US-Seg,2020,NIRv,year,54.9115266528123,173.0,349.24404860574253,293.37562167144057,242.60542634871348,349.24404860574253,293.37562167144057,242.60542634871348,34.3603,GRA,119.0,0.6027092131092435,71.72239635999998,0.1850147611764706,22.01675658,16.133159663865545,274.77505042016804,15.57600840336134,26.472,70.0,0.48738226285714276,34.116758399999995,-0.14948393714285713,-10.463875599999998,177.0,0.12337353246327686,21.837115246000003,-0.21584785429378534,-38.20507021,17.90546327683616,223.91101129943502,17.04553107344633,117.03199999999998,188.0,0.5620451848936171,105.66449476000001,0.061744699893617014,11.608003579999998,239.0,0.4311493499832636,103.044694646,-0.00818856330543933,-1.9570666299999997,295.0,0.3165588190033899,93.38485160600001,-0.05468878315254236,-16.133191029999995,51.0,-0.05136862968627452,-2.6198001140000007,-0.2659817688235295,-13.565070210000004
US-Seg,2021,NDVI,year,-7.0,172.0,346.4599232495895,296.8561921946038,261.92661795879224,346.4599232495895,296.8561921946038,261.92661795879224,34.3603,GRA,180.0,-0.03432609702906975,-6.178697465232555,-0.13786959651162792,-24.816527372093024,11.737988372093024,244.6610465116279,12.820494186046512,7.3423255813953485,90.0,1.6315157596444445,146.836418368,0.3425094066666666,30.825846599999995,175.0,0.9960478664457144,174.30837662800002,0.21784483691428572,38.12284646,17.235794285714288,231.0954342857143,13.357714285714287,185.434,269.0,0.5389645811455939,144.98147232816476,0.026758383141762487,7.198005065134109,304.0,0.5547174617533783,168.634108373027,0.04168960945945946,12.673641275675676,354.0,0.4859587108063584,172.02938362545086,0.0412743868786127,14.611132955028896,35.0,0.6721889428571429,23.526613,0.15303389714285712,5.3561863999999995
US-Seg,2021,EVI,year,169.8309623521763,172.0,339.31287016777515,291.7584637452133,260.293897731445,339.31287016777515,291.7584637452133,260.293897731445,34.3603,GRA,,,,,,,,,,89.0,1.6417575097528092,146.116418368,0.34537228651685387,30.738133499999993,168.0,1.0390476590952382,174.56000672800002,0.23162175190476192,38.91245432,17.791,235.8299226190476,13.687529761904763,184.16400000000002,91.0,1.6103312787692308,146.540146368,0.3398413153846153,30.925559699999994,122.0,1.388693380065574,169.42059236800003,0.2961162245901639,36.1261794,170.0,1.0293160866352942,174.983734728,0.22999929717647058,39.09988052,31.0,0.7380789032258066,22.880446000000006,0.16776192580645158,5.200619699999999
US-Seg,2021,NIRv,year,161.91913666299416,172.0,334.40591772249206,290.6664855080923,260.5252429505168,334.40591772249206,290.6664855080923,260.5252429505168,34.3603,GRA,11.0,0.3486872727272727,3.8355599999999996,0.17044985454545455,1.8749484,27.991,339.2307272727273,33.14536363636363,0.0,89.0,1.6417575097528092,146.116418368,0.34537228651685387,30.738133499999993,163.0,1.0715044709693253,174.65522876800003,0.23965442822085892,39.0636718,18.152269938650306,238.5613006134969,13.89730674846626,184.16400000000002,99.0,1.5120141855353535,149.689404368,0.3281287262626263,32.484743900000005,129.0,1.3347658788217056,172.18479836800003,0.29144507131782943,37.5964142,173.0,1.0302208946127167,178.228214768,0.23589758497109828,40.8102822,30.0,0.7498464666666668,22.495394000000005,0.17038900999999998,5.111670299999999
US-Seg,2022,NDVI,year,-5.0,172.0,319.2987641650532,267.638608335517,237.99177698664565,319.2987641650532,267.638608335517,237.99177698664565,34.3603,GRA,178.0,-0.05193684877906976,-9.244759082674417,-0.12228969302790696,-21.76756535896744,11.485988372093022,254.3861976744186,13.171162790697675,36.27474418604651,66.0,1.2670814590909092,83.62737630000001,0.12088198787878789,7.9782112000000005,148.0,0.6689406049999999,99.00320953999997,-0.05398372500000003,-7.989591300000004,19.072175675675673,234.69258108108113,13.663804054054054,215.24,243.0,0.3130467143881856,76.0703515963291,-0.05269378059409281,-12.804588684364553,273.0,0.3363219176404494,91.81588351584269,-0.06012482434756554,-16.414077046885392,325.0,0.28077713025078366,91.2525673315047,-0.08920447805893417,-28.991455369153606,30.0,0.5201960233333334,15.6058807,-0.11883007,-3.5649021
US-Seg,2022,EVI,year,166.5632189993554,172.0,286.6221955672209,258.7970154359044,241.0461461864646,286.6221955672209,258.7970154359044,241.0461461864646,34.3603,GRA,6.0,-0.2535776666666667,-1.5214660000000002,-0.9309098333333333,-5.585459,22.229333333333333,268.2103333333334,15.411666666666667,16.256,70.0,1.3353139471428574,93.47197630000002,0.16588514571428573,11.6119602,115.0,0.8516830159999998,97.94354683999998,-0.02964658173913043,-3.4093568999999992,21.884834782608703,251.66340869565215,15.549321739130434,191.618,75.0,1.219311244,91.4483433,0.08791588266666668,6.593691200000001,92.0,1.0860342782608696,99.91515360000001,0.05328083804347827,4.901837100000001,120.0,0.7993326153333332,95.91991383999999,-0.07023021583333335,-8.4276259,17.0,0.4980476647058823,8.466810299999999,-0.0995208294117647,-1.6918540999999998
US-Seg,2022,NIRv,year,143.2769033443791,172.0,283.9293106616249,263.4401933135942,246.2989904407896,283.9293106616249,263.4401933135942,246.2989904407896,34.3603,GRA,29.0,-0.17974053206896554,-5.2124754300000005,-0.3421316689655172,-9.9218184,23.55051724137931,315.4985862068966,24.214172413793104,16.51,75.0,1.3206714173333332,99.05035629999999,0.1600669226666667,12.005019200000001,112.0,0.8672696324999999,97.13419883999998,-0.023986650892857137,-2.686504899999999,22.085651785714287,252.2369107142857,15.711732142857143,191.618,103.0,0.9061719793203884,93.33571387,0.025731949514563125,2.650390800000002,120.0,0.7930118430833332,95.16142116999998,-0.01624007749999999,-1.9488092999999989,140.0,0.6529968315,91.41955641,-0.086008095,-12.0411333,17.0,0.10739454705882352,1.8257073,-0.27054118235294117,-4.5992001
US-Seg,2023,NDVI,year,216.011172540014,172.0,311.5389220555012,290.32993169186443,276.4677275911618,311.5389220555012,290.32993169186443,276.4677275911618,34.3603,GRA,,,,,,,,,,105.0,0.5358430476190477,56.26352000000001,0.11957838590476191,12.555730520000001,140.0,0.5057201321428572,70.8008185,0.12652316657142856,17.71324332,22.900885714285714,273.1247785714286,22.394114285714288,48.260000000000005,60.0,0.8620632149999999,51.7237929,0.21700394883333332,13.02023693,74.0,0.8200190391891891,60.681408899999994,0.22626504635135136,16.74361343,95.0,0.6974851726315789,66.2610914,0.19134473400000002,18.177749730000002,14.0,0.6398297142857144,8.957616000000002,0.2659554642857143,3.7233765000000005
US-Seg,2023,EVI,year,71.64198249313175,172.0,331.095254445579,308.6615440495027,287.8706150593774,331.095254445579,308.6615440495027,287.8706150593774,34.3603,GRA,101.0,0.49170287277227726,49.66199015,0.21514092732673262,21.729233659999995,15.382475247524752,306.61179207920793,14.795683168316833,22.098,116.0,0.5542984655172415,64.29862200000001,0.13753705620689655,15.95429852,160.0,0.456576528125,73.0522445,0.09097414699999999,14.555863519999999,21.062268749999998,257.54269375,20.203425000000003,59.182,216.0,0.5269413247685185,113.81932615,0.17460926796296297,37.71560188,237.0,0.5046234373417722,119.59575465,0.16514557037974684,39.13950018,260.0,0.4714344178846154,122.57294865,0.13968141107692308,36.31716688,21.0,0.2750680238095238,5.7764285,0.06780468095238096,1.4238983
US-Seg,2023,NIRv,year,40.65735832538616,172.0,345.2310320797891,316.290935333439,289.23095206237025,345.2310320797891,316.290935333439,289.23095206237025,34.3603,GRA,132.0,0.3228024387121212,42.609921910000004,0.09363290954545453,12.359544059999998,13.217386363636363,279.5513409090909,12.84331818181818,35.05199999999999,118.0,0.550189093220339,64.922313,0.13740471288135592,16.21375612,174.0,0.43155369155172413,75.09034233,0.07965895988505745,13.860659019999996,19.74758045977012,248.21590804597702,18.964224137931033,62.992000000000004,249.0,0.4312889514457831,107.39094890999999,0.11488100353413655,28.60536988,276.0,0.4112486308333334,113.50462211000001,0.1042504176811594,28.773115279999995,305.0,0.3854392729180328,117.55897824,0.08607302550819673,26.252272780000002,27.0,0.22643234074074073,6.1136732,0.0062127925925926026,0.16774540000000027
US-Seg,2024,NDVI,year,132.95511977497114,173.0,307.6723617665959,262.87300932316634,235.5314104268056,307.6723617665959,262.87300932316634,235.5314104268056,34.3603,GRA,41.0,-0.1358929243902439,-5.5716098999999994,-0.38683431707317073,-15.860206999999999,23.926365853658538,342.9978048780488,25.636780487804877,9.398,63.0,1.3462002639682538,84.81061662999998,0.08328940888888886,5.247232759999998,135.0,0.8650289024444444,116.77890183,0.055239681925925925,7.45735706,23.197792592592595,277.4483407407407,20.275185185185183,115.062,103.0,0.7627855119417476,78.56690773,-0.10564245864077669,-10.881173239999999,130.0,0.737397244076923,95.86164172999999,-0.0291974056923077,-3.795662740000001,175.0,0.6316296738857143,110.53519293000001,-0.04954885108571431,-8.671048940000004,27.0,0.6405457037037038,17.294734000000002,0.2624263148148149,7.085510500000002
US-Seg,2024,EVI,year,44.42495993809686,173.0,345.8694222551351,287.918483135982,240.2415513432889,345.8694222551351,287.918483135982,240.2415513432889,34.3603,GRA,129.0,-0.06965489457364339,-8.985481399999998,-0.2329894496124031,-30.055639,16.270511627906973,294.0850697674419,15.993263565891471,42.926,68.0,1.2918566416176471,87.84625163000001,0.08679064352941175,5.901763759999999,173.0,0.6979494259537572,120.74525068999999,0.023494450057803463,4.064539859999999,19.51034682080925,249.50288439306357,17.003930635838152,149.098,196.0,0.3989217919897959,78.18867123,-0.12460241959183674,-24.42207424,243.0,0.4106054713168724,99.77712953,-0.08103026724279835,-19.69035494,301.0,0.3690620275415282,111.08767028999999,-0.0872401931561462,-26.259298140000006,47.0,0.4593289,21.5884583,0.10067487872340428,4.731719300000001
US-Seg,2024,NIRv,year,38.98444638272319,173.0,346.6795207813033,288.91642327696155,239.83494460164087,346.6795207813033,288.91642327696155,239.83494460164087,34.3603,GRA,135.0,-0.07518032814814814,-10.1493443,-0.23292191851851848,-31.444458999999995,15.708192592592594,289.3097481481481,15.452059259259258,49.53,67.0,1.2987402183582089,87.01559463,0.0817080262686567,5.474437759999999,174.0,0.6942601068390805,120.80125859,0.023172571034482753,4.032027359999999,19.395988505747127,248.83339655172412,16.931051724137934,149.098,201.0,0.3790753797512438,76.19415133,-0.13053840915422885,-26.238220239999997,250.0,0.3965933105199999,99.14832762999998,-0.08417268856,-21.04317214,308.0,0.3570773223701299,109.97981529,-0.0898721774025974,-27.680630639999997,49.0,0.46845257755102043,22.9541763,0.1060213897959184,5.195048100000001
US-Seg,2025,NDVI,year,156.29560028900156,172.0,352.9002973696557,297.83897396230026,238.93519138228748,352.9002973696557,297.83897396230026,238.93519138228748,34.3603,GRA,16.0,1.4687925625,23.500681,0.14146153125000002,2.2633845000000004,27.099625000000003,352.50325,29.8125625,1.016,67.0,1.4799246119402982,99.15494899999999,0.27587615611940297,18.48370246,181.0,0.802476895436464,145.248318074,0.1459579729723757,26.418393108,19.60803867403315,239.26711602209943,16.0030773480663,177.34699999999998,82.0,1.473108170731707,120.79486999999997,0.24595563365853662,20.168361960000002,141.0,1.1414533333333332,160.94492,0.2035786174468085,28.70458506,196.0,0.8514706075204083,166.888239074,0.14338292146938778,28.103052608000002,59.0,0.6805093220338984,40.15005,0.1446817474576271,8.536223099999999
US-Seg,2025,EVI,year,150.1268541377218,172.0,334.44422165849926,284.96559435295967,238.9765759977175,334.44422165849926,284.96559435295967,238.9765759977175,34.3603,GRA,22.0,1.1200050772727272,24.6401117,-0.03564137272727266,-0.7841101999999986,25.836181818181817,339.2783636363636,26.266545454545454,45.466,67.0,1.4799246119402982,99.15494899999999,0.27587615611940297,18.48370246,163.0,0.9028838548466258,147.17006834,0.17651421993865032,28.77181785,21.08761349693252,249.51269938650302,17.125969325153374,177.34699999999998,88.0,1.3856170534090908,121.9343007,0.19455530977272728,17.12086726,134.0,1.125991617164179,150.8828767,0.1727189258208955,23.14433606,184.0,0.9236381523913044,169.94942004,0.14896186222826086,27.40898265,46.0,0.6293168695652175,28.948576000000003,0.13094497391304347,6.0234688
US-Seg,2025,NIRv,year,145.0701940503008,172.0,325.1297768837741,278.2006632064587,236.88748614793724,325.1297768837741,278.2006632064587,236.88748614793724,34.3603,GRA,27.0,0.9624258407407406,25.985497699999996,-0.017753233333333316,-0.4793372999999995,25.323888888888888,337.8398518518518,25.617074074074075,45.466,65.0,1.4787638307692308,96.119649,0.26325374553846154,17.11149346,154.0,0.9583728935064935,147.5894256,0.19673909837662334,30.297821149999994,21.802935064935067,254.79785714285717,17.784136363636364,173.79299999999998,91.0,1.3213668868131867,120.24438669999999,0.1764113314285714,16.05343116,133.0,1.1218752609022558,149.2094097,0.17934045984962405,23.852281159999997,180.0,0.9539675738888889,171.7141633,0.1624431047222222,29.239758849999998,42.0,0.6896434047619048,28.965023000000002,0.18568690476190478,7.798850000000001
US-Ses,2013,NDVI,year,180.8144605142429,172.0,355.2070733594457,307.66824594437713,270.76810128128244,355.2070733594457,307.66824594437713,270.76810128128244,34.335,OSH,,,,,,,,,,99.0,1.1214322351515151,111.02179128,0.28287275838383835,28.004403079999996,184.0,0.828443432173913,152.43359152,0.23401191402173915,43.058192180000006,16.487989130434784,226.3748315217391,13.073027173913044,253.83499999999998,90.0,1.2229051031111111,110.06145928,0.3086842211111111,27.7815799,127.0,1.1471498604724408,145.68803228,0.36151660944881886,45.912609399999994,175.0,0.8655614829714288,151.47325952000003,0.24477353714285716,42.835369,37.0,0.9628803513513512,35.62657299999999,0.49002782432432435,18.1310295
US-Ses,2013,EVI,year,182.4265274727292,172.0,343.9201857967845,297.8524474154748,266.7976242072025,343.9201857967845,297.8524474154748,266.7976242072025,34.335,OSH,,,,,,,,,,95.0,1.0806139082105262,102.65832127999998,0.2543439061052632,24.162671080000003,172.0,0.888738625116279,152.86304352,0.2616440812790698,45.00278198,17.498901162790695,233.45268604651164,13.714749999999999,248.48499999999999,84.0,1.2180461485714287,102.31587648000001,0.3042591416666667,25.5577679,115.0,1.2304016302608696,141.49618748,0.3956360947826087,45.4981509,161.0,0.9473329113043479,152.52059872,0.28818558260869565,46.3978788,31.0,1.2638810000000003,39.18031100000001,0.6432381612903225,19.940382999999997
US-Ses,2013,NIRv,year,186.18981392366643,172.0,322.82089981319893,296.34706933423246,273.1819973453424,322.82089981319893,296.34706933423246,273.1819973453424,34.335,OSH,,,,,,,,,,102.0,1.1394212870588236,116.22097128000001,0.29997764784313724,30.59772008,151.0,1.0038052270198676,151.57458928,0.3192564210596027,48.20771958000001,19.508543046357616,250.61429139072848,15.155576158940399,240.35499999999996,87.0,1.3362786537931033,116.25624287999999,0.39801824022988513,34.627586900000004,110.0,1.2853263534545456,141.38589888,0.43572071727272726,47.9292789,136.0,1.1147783888235292,151.60986087999999,0.3840999,52.2375864,23.0,1.092593739130435,25.129656000000004,0.5783344347826087,13.301692000000001
US-Ses,2014,NDVI,year,212.30672718803177,172.0,314.3265547855797,311.93541736650377,309.5571218663988,314.3265547855797,311.93541736650377,309.5571218663988,34.335,OSH,,,,,,,,,,138.0,0.5356842922463768,73.92443233,-0.014828238115942017,-2.046296859999998,143.0,0.5367428065034965,76.75422133,-0.007941099720279706,-1.1355772599999978,20.53360839160839,249.56765034965034,15.681041958041959,171.132,97.0,0.6892997786597939,66.86207853,0.1032737024742268,10.01754914,99.0,0.6863342275757576,67.94708853,0.10480233474747475,10.37543114,102.0,0.683253603235294,69.69186753,0.10713988960784314,10.92826874,,,,,
US-Ses,2014,EVI,year,168.53235831059868,172.0,317.24223459706303,304.4650743763972,288.9239860968696,317.24223459706303,304.4650743763972,288.9239860968696,34.335,OSH,,,,,,,,,,117.0,0.5061745122222222,59.22241793,-0.05305579162393163,-6.2075276200000005,146.0,0.5362929474657534,78.29877033,-0.0013042072602739777,-0.19041426000000072,20.23286301369863,247.90038356164388,15.483691780821916,171.132,120.0,0.49190378358333325,59.02845402999999,-0.06067381849999999,-7.280858219999999,136.0,0.5253890149264706,71.45290603000001,-0.02579365161764705,-3.507936619999999,149.0,0.5241933317449664,78.10480643,-0.008481509127516773,-1.2637448599999992,16.0,0.7765282499999999,12.424451999999999,0.2358076,3.7729216
US-Ses,2014,NIRv,year,69.33696129177619,172.0,318.6243306298443,308.6702169269753,292.65382170439204,318.6243306298443,308.6702169269753,292.65382170439204,34.335,OSH,103.0,0.28842441067961166,29.707714300000003,0.18469664156310683,19.023754081000003,17.06181553398058,302.16502912621354,17.66544660194175,28.466,121.0,0.5125542308264462,62.01906192999999,-0.04619556710743802,-5.58966362,147.0,0.5359525328571428,78.78502233,0.0005086172789115605,0.07476673999999939,20.147278911564626,247.21023809523808,15.41820408163265,171.40300000000002,223.0,0.4099681355605381,91.42289423,0.0607604998251121,13.549591460999999,239.0,0.43053813234309624,102.89861363,0.07089401347698746,16.943669221,249.0,0.43449339208835347,108.18885463000001,0.07716474626907632,19.214021821000003,16.0,0.7172324625,11.4757194,0.21212986,3.39407776
US-Ses,2015,NDVI,year,156.35931889611578,172.0,336.78303973919884,276.32339270482703,228.2099877635208,336.78303973919884,276.32339270482703,228.2099877635208,34.335,OSH,16.0,0.4428943125,7.086309,-0.18674395,-2.9879032,23.954562499999998,327.84018749999996,21.105562499999998,14.905000000000001,57.0,0.6275273157894737,35.769057000000004,-0.05341704964912281,-3.04477183,165.0,0.387728621769697,63.97522259200001,-0.0627855688,-10.359618851999999,18.731963636363638,235.7200121212121,14.058636363636362,168.75900000000001,72.0,0.5887532361111111,42.390232999999995,-0.08266165875,-5.95163943,120.0,0.5089098626666666,61.069183519999996,-0.0449880101,-5.398561212000001,180.0,0.3922022144,70.596398592,-0.07370270251111112,-13.266486452000002,48.0,0.38914480249999994,18.678950519999997,0.011522462875,0.553078218
US-Ses,2015,EVI,year,64.2565404429426,172.0,336.84902018135256,281.7176106177751,237.5565930451771,336.84902018135256,281.7176106177751,237.5565930451771,34.335,OSH,108.0,0.5941590462962962,64.16917699999999,0.25738858888888894,27.797967600000007,16.161601851851852,283.13219444444445,14.186259259259257,57.452999999999996,66.0,0.5871865454545455,38.754312000000006,-0.042396418636363634,-2.79816363,165.0,0.387728621769697,63.97522259200001,-0.0627855688,-10.359618851999999,18.731963636363638,235.7200121212121,14.058636363636362,168.75900000000001,173.0,0.5922448323699422,102.458356,0.14497595127167628,25.08083957,217.0,0.5493007051612904,119.19825302000001,0.11937117137327191,25.903544188000005,272.0,0.4694090683529412,127.679266592,0.06440950127941177,17.519384348,44.0,0.38045220500000004,16.73989702,0.018697832227272726,0.8227046179999999
US-Ses,2015,NIRv,year,51.46062428510208,172.0,338.52561682130346,282.3791238694605,235.26638170887296,338.52561682130346,282.3791238694605,235.26638170887296,34.335,OSH,121.0,0.5681152801652892,68.7419489,0.2502819520661157,30.2841162,14.832793388429753,270.36643801652895,13.163487603305786,59.620999999999995,64.0,0.5946475937500001,38.057446000000006,-0.045169920781250004,-2.8908749300000003,167.0,0.3845724221077845,64.223594492,-0.0630757458203593,-10.533649552000002,18.613556886227546,234.82667664670655,13.988784431137724,168.75900000000001,184.0,0.5779035972826086,106.33426189999999,0.14931672211956523,27.474276870000004,231.0,0.5360614914285714,123.83020452,0.12271578739393942,28.347346888000004,287.0,0.461673903804878,132.500410392,0.06909931096864112,19.831502248000003,47.0,0.37225409829787237,17.49594262,0.018575957829787233,0.873070018
US-Ses,2016,EVI,year,74.19534098079782,173.0,320.13476792285337,286.80745999251445,252.99273202608447,320.13476792285337,286.80745999251445,252.99273202608447,34.335,OSH,99.0,1.1922735353535354,118.03508000000001,0.6106337616161616,60.4527424,16.929444444444446,307.72213131313134,16.140141414141414,27.915000000000003,80.0,0.815529425,65.242354,0.2148639325,17.1891146,148.0,0.6793155780405405,100.53870555,0.1673224457635135,24.763721972999996,21.097175675675675,254.12227702702708,17.111162162162163,135.77700000000002,178.0,1.0234915393258428,182.18149400000001,0.4322516235955056,76.940789,212.0,0.9815827264150943,208.09553799999998,0.4151798075471698,88.0181192,246.0,0.8840562827235772,217.47784554999998,0.34355852184146335,84.51539637299999,34.0,0.7621777647058824,25.914044,0.3258038294117647,11.0773302
US-Ses,2016,NIRv,year,67.79516475872593,173.0,323.15608880560654,286.9717958367692,250.0206039163444,323.15608880560654,286.9717958367692,250.0206039163444,34.335,OSH,106.0,1.1511715754716982,122.02418700000001,0.5838329613207548,61.886293900000005,16.50421698113208,304.35600000000005,15.745264150943399,27.914999999999996,78.0,0.804355564102564,62.73973399999999,0.2140757,16.6979046,151.0,0.6715716658940398,101.40732155000002,0.16357116154304635,24.699245392999998,20.867476821192056,252.35252317880796,16.955172185430463,135.77700000000002,183.0,1.003650169398907,183.667981,0.4255908770491803,77.8831305,219.0,0.9684230365296803,212.084645,0.40845511735159823,89.45167070000001,256.0,0.8684983146484375,222.33556855,0.3354862159882812,85.88447129299999,36.0,0.7893517777777777,28.416663999999997,0.3213483388888889,11.568540200000001
US-Ses,2017,NIRv,year,42.654663756730834,172.0,334.1020359528416,330.38293824173024,326.66388432189194,334.1020359528416,330.38293824173024,326.66388432189194,34.335,OSH,130.0,0.5205280445846153,67.66864579599999,0.1511482553230769,19.649273192,15.481184615384617,286.1159230769231,15.161307692307695,33.604,155.0,0.60795456,94.23295680000001,0.12790643709677418,19.825497749999997,163.0,0.5938437595092024,96.7965328,0.12688406595092025,20.682102750000002,19.633006134969328,250.6473865030675,15.88441717791411,171.825,284.0,0.5692970373098591,161.680358596,0.13891780437323945,39.452656442000006,288.0,0.5670254360972221,163.30332559599998,0.13941547375694444,40.151656442,292.0,0.5624792280684932,164.243934596,0.13804541589726027,40.309261442,,,,,
US-Ses,2018,NDVI,year,-8.0,172.0,,,,,,,34.335,OSH,181.0,0.1938458790116279,35.086104101104645,0.0710371824244186,12.857730018819767,13.451116279069767,255.76494767441858,14.422331395348834,45.86876744186046,,,,,,,,,,,,,,,,,,,,,,,,,,,,,,,,,,
US-Ses,2018,EVI,year,163.37516845228072,172.0,327.4934991873696,295.8098699171865,271.77691567430054,327.4934991873696,295.8098699171865,271.77691567430054,34.335,OSH,9.0,0.14741755555555558,1.3267580000000003,0.013938335555555558,0.12544502000000002,24.332444444444445,315.12944444444446,23.24722222222222,19.5,100.0,0.36339495909999997,36.33949591,-0.12243584869999999,-12.24358487,156.0,0.3753908773076922,58.56097685999998,-0.06237461628205127,-9.730440139999999,19.37253205128205,248.43873717948716,15.636416666666666,177.229,108.0,0.34758088805555554,37.53873591,-0.11137319861111111,-12.02830545,132.0,0.37710656750000005,49.77806691000001,-0.0848547371969697,-11.20082531,164.0,0.36439156621951213,59.76021685999999,-0.05801927268292684,-9.51516072,24.0,0.509972125,12.239331,0.03447833916666666,0.8274801399999999
US-Ses,2018,NIRv,year,133.6576908524286,172.0,303.5622244778102,287.76737861415404,273.0269552643062,303.5622244778102,287.76737861415404,273.0269552643062,34.335,OSH,39.0,0.18591098461538463,7.2505284,0.06595428435897437,2.57221709,24.202358974358972,332.7582820512821,26.31628205128205,20.199999999999996,102.0,0.3731128226470588,38.05750791,-0.11776207715686275,-12.01173187,132.0,0.40067243871212116,52.88876190999999,-0.08168088053030303,-10.78187623,21.637007575757575,261.5855984848485,17.272386363636365,175.029,140.0,0.3227179879285715,45.18051831000001,-0.06678343128571429,-9.34968038,154.0,0.3369732033116883,51.89387331,-0.05869165415584416,-9.03851474,170.0,0.35301042535294114,60.01177230999999,-0.04776367494117648,-8.119824740000002,14.0,0.47952535714285716,6.713355,0.02222611714285714,0.31116563999999997
US-Ses,2019,NDVI,year,11.0,172.0,198.45523165435333,150.36869980001876,122.46937220112164,198.45523165435333,150.36869980001876,122.46937220112164,34.335,OSH,162.0,0.47529582672839504,76.99792393,0.02594174983950616,4.202563473999998,11.92254938271605,245.8422160493827,11.187265432098766,77.5,,,,,,27.0,0.3078507255555556,8.31196959,-0.07266762592592592,-1.9620258999999998,25.023851851851852,321.15496296296294,25.110444444444443,15.7,112.0,0.3191463654464286,35.744392930000004,-0.095407194875,-10.685605826,140.0,0.4474124780714286,62.637746930000006,-0.024231533757142844,-3.3924147259999984,188.0,0.45195603468085116,84.96773452000002,0.011544071138297866,2.1702853739999988,28.0,0.9604769285714286,26.893354000000002,0.2604711107142857,7.2931911
US-Ses,2019,EVI,year,89.4449503337976,172.0,280.7977677871333,198.7028407045738,135.8332021584596,280.7977677871333,198.7028407045738,135.8332021584596,34.335,OSH,83.0,0.8398454216867469,69.70716999999999,0.28729960481927713,23.8458672,17.22478313253012,300.04914457831325,15.785963855421686,50.10000000000001,,,,,,109.0,0.3333360127522936,36.33362539,0.027633991192660554,3.0121050400000002,23.96246788990826,285.8027247706422,21.128761467889905,67.19999999999999,46.0,0.9150969130434783,42.094458,0.29190576086956527,13.427665000000003,109.0,0.7126328494495414,77.67698059000001,0.20012467064220182,21.813589099999998,191.0,0.5533960020418848,105.69863638999999,0.14024984314136127,26.787720040000004,63.0,0.564801945873016,35.58252259000001,0.13310990634920636,8.3859241
US-Ses,2019,NIRv,year,72.43259146578424,172.0,302.42057043834785,218.5091413940488,150.64599417565202,302.42057043834785,218.5091413940488,150.64599417565202,34.335,OSH,100.0,0.7694532500000001,76.94532500000001,0.25254186774,25.254186773999997,16.056720000000002,294.25553,14.707199999999998,50.1,,,,,,131.0,0.29073300764122134,38.086024001,0.017802049541984735,2.33206849,22.003106870229008,275.03087022900763,19.411129770992368,72.69999999999999,78.0,0.8023736923076924,62.585148000000004,0.22640010992307694,17.659208574,146.0,0.6141273869178082,89.66259849,0.17246196139726028,25.179446364,230.0,0.49864865217826093,114.68919000100001,0.1196347959304348,27.516003064000003,68.0,0.3981978013235294,27.077450489999997,0.11059173220588235,7.5202377899999995
US-Ses,2020,EVI,year,78.98244069927743,173.0,358.9439900433754,309.2402218419036,213.78050689265396,358.9439900433754,309.2402218419036,213.78050689265396,34.335,OSH,95.0,0.648152394736842,61.57447749999999,0.16276844989473685,15.46300274,18.600221052631582,319.09201052631573,18.680652631578944,12.37,41.0,0.27443956341463416,11.252022100000001,-0.2617534975609756,-10.731893399999999,186.0,0.27288901340860217,50.757356494,-0.14324581849462364,-26.64372224,17.042887096774194,236.24049462365593,16.762360215053764,100.78,135.0,0.5374700562962963,72.5584576,0.03433474325925926,4.63519034,231.0,0.5119768235497836,118.26664624,0.01563094935064936,3.610749300000002,280.0,0.40022782855,112.063791994,-0.04027370892857143,-11.2766385,96.0,0.476126965,45.70818864,-0.010671260833333336,-1.0244410400000004
US-Ses,2021,NDVI,year,-7.0,172.0,322.18423750031326,262.50099472149486,228.1548635055944,322.18423750031326,262.50099472149486,228.1548635055944,34.335,OSH,180.0,-0.2520206101511628,-45.3637098272093,-0.3224409593023255,-58.039372674418594,11.459430232558141,251.56647674418602,12.601476744186044,18.12558139534884,57.0,0.7793059842105263,44.4204411,-0.10420921649122808,-5.93992534,151.0,0.35212788496688746,53.17131063000001,-0.21230150066225167,-32.0575266,18.987556291390728,251.49283443708603,14.400523178807946,199.787,236.0,0.007922285763157913,1.8696594401052675,-0.2656620365789474,-62.69624063263158,270.0,0.05933994257251911,16.02178449458016,-0.2708573482442748,-73.13148402595421,330.0,0.032786182248447204,10.819440141987577,-0.2692190857142857,-88.84229828571428,34.0,0.40414069999999996,13.740783799999999,-0.3056964970588235,-10.3936809
US-Ses,2021,EVI,year,173.16697621446102,172.0,313.9908261129049,262.5233555346896,222.1472211147656,313.9908261129049,262.5233555346896,222.1472211147656,34.335,OSH,,,,,,,,,,51.0,0.8136134725490196,41.4942871,-0.11792711960784316,-6.014283100000001,142.0,0.370993962887324,52.681142730000005,-0.2257948654929578,-32.06287090000001,19.578436619718314,256.2169507042254,14.70755633802817,199.78700000000003,49.0,0.8714066959183673,42.698928099999996,-0.09396477755102042,-4.6042741000000005,89.0,0.6670322011235955,59.3658659,-0.16768086786516856,-14.923597240000001,140.0,0.38489845521428573,53.88578373,-0.2189490135714286,-30.652861900000005,40.0,0.416673445,16.6669378,-0.2579830785,-10.319323140000002
US-Ses,2021,NIRv,year,169.61737537237104,172.0,301.2703305728499,261.73784244865897,226.4774829156021,301.2703305728499,261.73784244865897,226.4774829156021,34.335,OSH,,,,,,,,,,55.0,0.7956680018181819,43.761740100000004,-0.10497227345454549,-5.773475040000002,130.0,0.401987897,52.25842661,-0.24436333184615383,-31.76723314,20.235830769230773,262.8322153846154,15.048846153846153,199.78700000000003,57.0,0.7528232824561403,42.910927099999995,-0.11897335157894737,-6.78148104,92.0,0.6224584978260871,57.26618180000001,-0.18603013304347826,-17.11477224,132.0,0.38945161825757574,51.40761361,-0.2482972662121212,-32.77523914,35.0,0.41015013428571423,14.355254699999998,-0.2952368914285714,-10.3332912
US-Ses,2022,NDVI,year,-5.0,172.0,345.23555113145926,294.3105939658919,256.91195027465443,345.23555113145926,294.3105939658919,256.91195027465443,34.335,OSH,178.0,,,,,11.755424418604651,262.121,13.297912790697675,30.410058139534886,85.0,,,,,174.0,,,,,16.520954022988505,225.76200000000003,11.945166666666665,271.21900000000005,262.0,,,,,300.0,,,,,351.0,,,,,38.0,,,,
US-Ses,2022,EVI,year,169.68379280093896,172.0,324.364260452775,280.8267461508472,253.73353409983977,324.364260452775,280.8267461508472,253.73353409983977,34.335,OSH,,,,,,,,,,82.0,,,,,153.0,,,,,18.124294117647057,238.78345098039216,12.96243137254902,241.75300000000001,84.0,,,,,111.0,,,,,155.0,,,,,27.0,,,,
US-Ses,2022,NIRv,year,163.07968386764009,172.0,306.01212088772,273.74183971491874,252.7994160943936,306.01212088772,273.74183971491874,252.7994160943936,34.335,OSH,9.0,,,,,23.607777777777777,303.2246666666667,21.057,5.588,81.0,,,,,135.0,,,,,19.842274074074073,246.7178222222222,13.872318518518519,241.3,89.0,,,,,110.0,,,,,143.0,,,,,21.0,,,,
US-Ses,2023,NDVI,year,-2.0,172.0,340.3341154118089,291.9905815195341,260.1136804723976,340.3341154118089,291.9905815195341,260.1136804723976,34.335,OSH,175.0,-0.04175976588953489,-7.307959030668606,-0.2746666727674419,-48.06666773430233,10.609046511627907,246.8935755813954,10.89,43.67470930232558,89.0,0.18991631730337077,16.90255224,-0.39679567871910115,-35.314815406,169.0,0.18652401621301776,31.52255874,-0.2198641747692308,-37.157045536000005,19.272183431952666,247.22183431952666,18.154402366863906,137.8,263.0,0.03882705195,10.21151466285,-0.31600014662307696,-83.10803856186924,294.0,0.06346310689690719,18.658153427690713,-0.29511197474914086,-86.76292057624741,343.0,0.07269129413823529,24.933113889414702,-0.24706549485882356,-84.74346473657648,31.0,0.2700880838709677,8.372730599999999,-0.11992085580645163,-3.717546530000001
US-Ses,2023,EVI,year,230.54503194180825,172.0,317.4435339512692,285.90945151018576,257.142337660422,317.4435339512692,285.90945151018576,257.142337660422,34.335,OSH,,,,,,,,,,86.0,0.17927552604651165,15.417695240000002,-0.4089792698372093,-35.172217206,146.0,0.20336255917808221,29.690933640000004,-0.25189655778082193,-36.776897436,21.53528082191781,263.7543561643836,20.38663698630137,128.148,27.0,0.7759407037037036,20.950398999999997,-0.02536241503703704,-0.684785206,55.0,0.5366264472727272,29.514454599999997,-0.09788781883636363,-5.383830036,87.0,0.4048693954022989,35.2236374,-0.02631569466666666,-2.2894654359999995,28.0,0.3058591285714286,8.564055600000001,-0.16782302964285717,-4.699044830000001
US-Ses,2023,NIRv,year,230.3966193010264,172.0,310.00234769158936,283.23419540793856,258.130683624214,310.00234769158936,283.23419540793856,258.130683624214,34.335,OSH,,,,,,,,,,87.0,0.18075387632183912,15.725587240000003,-0.4063170598390804,-35.349584205999996,139.0,0.20732781323741006,28.81856604,-0.2667309196834532,-37.07559783599999,22.155697841726617,268.61965467625896,21.053546762589928,113.67000000000002,28.0,0.7592246785714284,21.258290999999996,-0.030791150214285714,-0.862152206,53.0,0.5518484792452829,29.247969399999995,-0.10215199313207546,-5.414055636,80.0,0.42939087249999996,34.3512698,-0.03235207295,-2.588165836,25.0,0.319587136,7.9896784,-0.18207613720000002,-4.55190343
US-Ses,2024,NDVI,year,-7.0,173.0,288.05286559519527,244.5199336979412,221.8343666648806,288.05286559519527,244.5199336979412,221.8343666648806,34.335,OSH,181.0,0.2519575882601156,45.604323475080925,0.025464123930635824,4.609006431445084,11.759994219653178,251.48863005780345,11.924138728323701,61.50965895953758,49.0,1.511748448979592,74.075674,0.18922564691836735,9.272056699,116.0,1.0033630163793101,116.39010989999997,0.20829195783620696,24.161867109000006,23.162439655172413,284.8793534482759,20.24911206896552,150.55900000000003,229.0,0.530067817959276,121.38553031267422,0.06027868841176471,13.803819646294118,252.0,0.5833747162663935,147.01042849913117,0.09270977925819673,23.362864373065577,296.0,0.5536785544062499,163.88885210424996,0.09795625190625001,28.995050564250004,23.0,1.0955844782608697,25.198443000000005,0.40433026086956525,9.299596000000001
US-Ses,2024,EVI,year,169.79261198535423,173.0,291.3850553037627,251.04392189883623,227.09902074331504,291.3850553037627,251.04392189883623,227.09902074331504,34.335,OSH,,,,,,,,,,55.0,1.527490981818182,84.01200400000002,0.21832115816363634,12.007663698999998,119.0,0.9846485134453781,117.17317309999999,0.20290585049579837,24.145796209000007,22.98105042016807,282.1806554621849,20.076117647058826,150.55900000000003,58.0,1.4682102241379313,85.15619300000002,0.22152216722413792,12.848285699,82.0,1.2806757926829266,105.01541499999999,0.2621857890121951,21.499234698999995,122.0,0.969814443442623,118.31736210000001,0.20480670663114753,24.986418209,24.0,0.8274675833333333,19.859222,0.36045620833333336,8.650949
US-Ses,2024,NIRv,year,132.50883198101278,173.0,306.27828772977387,261.84332072505697,234.447010594769,306.27828772977387,261.84332072505697,234.447010594769,34.335,OSH,41.0,0.3882367731707317,15.9177077,0.1601130607317073,6.56463549,22.44268292682927,334.41760975609753,23.529780487804878,8.89,62.0,1.480619758064516,91.798425,0.2419966241774193,15.003790698999996,134.0,0.9135677007462687,122.4180719,0.169492659619403,22.712016389000002,21.954813432835824,273.0214253731343,19.111134328358208,163.00500000000002,102.0,1.0509488598039214,107.19678369999998,0.20796731557843134,21.212666188999997,129.0,0.9608874232558139,123.95447759999999,0.22151704100000003,28.575698289,174.0,0.7920484517241378,137.8164306,0.16621202229310345,28.920891879,27.0,0.6206553296296298,16.757693900000003,0.27270489259259256,7.363032099999999
US-Ses,2025,NDVI,year,-5.0,172.0,334.89506848760755,253.3672407862409,203.18434103087293,334.89506848760755,253.3672407862409,203.18434103087293,34.335,OSH,178.0,-0.3244036298081395,-57.74384610584884,-0.45974760348837207,-81.83507342093023,11.688976744186048,255.23643023255812,12.629779069767439,73.07520930232559,32.0,0.69341196875,22.189183,0.042532287499999995,1.3610331999999998,163.0,0.35740912449079754,58.257687292,-0.06427455747852762,-10.476752869000002,19.12759509202454,244.4276809815951,15.350791411042945,175.466,209.0,-0.16799123313793105,-35.11016772582759,-0.3816464413793103,-79.76410624827585,259.0,-0.049728546826086975,-12.879693627956527,-0.32093384466403163,-83.12186576798419,340.0,0.005887077739520986,2.001606431437135,-0.26740123852994013,-90.91642110017965,50.0,0.43041795960000007,21.520897980000004,-0.07444070200000001,-3.7220351000000007
US-Ses,2025,EVI,year,146.96407362428803,172.0,336.00710608332446,282.1168314404593,227.228598534354,336.00710608332446,282.1168314404593,227.228598534354,34.335,OSH,26.0,0.2703109615384615,7.028084999999999,-0.4354120423076923,-11.3207131,23.456269230769234,329.2096923076923,22.852230769230776,52.07,56.0,0.6185385710714286,34.638159980000005,-0.030633521428571436,-1.7154772000000005,165.0,0.35310829934545457,58.262869392000006,-0.06449426950909093,-10.641554469000003,18.93430303030303,243.4480424242424,15.21569090909091,175.46600000000004,81.0,0.5082995800000001,41.172265980000006,-0.15796127530864196,-12.7948633,136.0,0.42065576970588237,57.20918468,-0.1123018169117647,-15.2730471,190.0,0.3410367125894737,64.79697539200001,-0.1143207398368421,-21.720940569,55.0,0.2915803399999999,16.036918699999994,-0.045057887272727276,-2.4781838
US-Ses,2025,NIRv,year,142.12995966206998,172.0,321.7554337608264,273.236586919029,226.72218042258547,321.7554337608264,273.236586919029,226.72218042258547,34.335,OSH,30.0,0.18294046666666666,5.488214,-0.4277094366666667,-12.831283100000002,23.26613333333334,331.6401333333333,23.159300000000005,52.07,55.0,0.6231576360000001,34.27366998,-0.029494721818181826,-1.6222097000000004,150.0,0.38601546661333336,57.902319992,-0.061796953533333344,-9.269543030000001,20.20836,252.65146666666666,16.326619999999995,156.162,84.0,0.46747505928571426,39.26790498,-0.16919245,-14.2121658,131.0,0.4233897769465649,55.46406078,-0.11618869160305342,-15.220718599999998,179.0,0.3513774021899441,62.896554992,-0.12212010687150837,-21.85949913,47.0,0.34459905957446807,16.1961558,-0.021458570212765957,-1.0085528
US-Slt,2014,NDVI,year,128.9472336666553,172.0,241.0258072282024,233.975489014234,226.92486583085403,241.0258072282024,233.975489014234,226.92486583085403,39.9138,DBF,44.0,7.578447727272726,333.45169999999996,1.7107419272727276,75.27264480000001,18.75795454545455,221.18472727272726,6.7420681818181825,86.62,55.0,9.614282545454545,528.78554,3.2094428290909094,176.5193556,70.0,10.052995142857144,703.7096600000001,2.833828851428571,198.3680196,21.747385714285713,235.46044285714285,7.7115285714285715,248.40999999999994,98.0,8.668946326530612,849.55674,2.5039457183673473,245.38668040000002,105.0,8.866774666666668,931.0113400000001,2.481345908571429,260.5413204,113.0,9.066202300884957,1024.4808600000001,2.3649145522123898,267.23534440000003,7.0,11.636371428571428,81.4546,2.1649485714285714,15.15464
US-Slt,2014,EVI,year,122.70780536282784,172.0,284.43550202540627,230.85704265473663,190.9690822859922,284.43550202540627,230.85704265473663,190.9690822859922,39.9138,DBF,50.0,6.914476,345.7238,1.3554947560000001,67.77473780000001,18.125400000000003,219.31184000000002,6.819480000000001,92.97000000000001,19.0,10.63899947368421,202.14099,3.6996661894736844,70.2936576,113.0,8.894997345132744,1005.1347000000001,2.0698162061946905,233.88923130000003,20.247141592920354,205.7619557522124,6.536946902654867,363.22,68.0,7.870357205882351,535.1842899999999,1.9362216970588235,131.6630754,108.0,8.407137407407406,907.9708399999998,2.295770494444444,247.94321339999996,162.0,8.26035802469136,1338.1780000000003,1.8225842537037038,295.2586491,40.0,9.31966375,372.78655000000003,2.90700345,116.280138
US-Slt,2014,NIRv,year,123.57654015771276,172.0,280.708265386359,226.4618778303113,189.41744662082115,280.708265386359,226.4618778303113,189.41744662082115,39.9138,DBF,49.0,7.01103224489796,343.54058000000003,1.406543424489796,68.9206278,18.194183673469386,219.7138163265306,6.7904081632653055,92.462,18.0,10.63076611111111,191.35378999999998,3.7199337555555556,66.9588076,109.0,9.063952293577982,987.9708,2.1786862229357804,237.47679830000007,20.475605504587165,209.26251376146791,6.606174311926604,350.774,66.0,7.912331363636363,522.2138699999999,1.961729021212121,129.4741154,103.0,8.346073980582522,859.6456199999998,2.3207248873786406,239.03466339999997,157.0,8.40019668789809,1318.8308800000002,1.9107777458598727,299.9921061,37.0,9.119777027027027,337.43174999999997,2.9610958918918917,109.560548
US-Slt,2015,NDVI,year,126.23191621148987,172.0,324.3967899448181,304.2098480906615,281.0139536203802,324.3967899448181,304.2098480906615,281.0139536203802,39.9138,DBF,46.0,8.96331152173913,412.31233,3.381515760869565,155.549725,19.62213043478261,219.1304782608695,7.3754347826086954,142.508,110.0,8.5106033,936.1663629999999,2.8134316563636363,309.4774822,153.0,6.378364094836601,975.88970651,1.4712929620915034,225.1078232,18.97162745098039,183.74669934640525,7.35269934640523,346.001,155.0,8.656923890322581,1341.8232030000001,2.998276027096774,464.73278419999997,178.0,7.745713426966291,1378.7369899999999,2.438735591011236,434.09493519999995,198.0,6.977507810656565,1381.5465465099999,1.9210258848484847,380.36312519999996,23.0,1.6049472608695654,36.913787000000006,-1.3320803913043477,-30.637849
US-Slt,2015,EVI,year,120.6595121880582,172.0,314.37764550876665,294.30676527622046,273.5149414831727,314.37764550876665,294.30676527622046,273.5149414831727,39.9138,DBF,52.0,8.200547692307692,426.42848,2.786891307692308,144.918348,19.211423076923076,220.6408846153846,7.61626923076923,146.567,102.0,8.875598509803922,905.311048,2.9745115588235294,303.400179,143.0,6.778592556013986,969.33873551,1.7242949174825175,246.5741732,19.541783216783212,190.33097202797205,7.54634965034965,321.20799999999997,153.0,8.660679986928104,1325.084038,2.9282621176470585,448.02410399999997,174.0,7.990192660919542,1390.2935230000003,2.5841746448275864,449.64638820000005,194.0,7.16036971912371,1389.1117255099998,2.016485042268041,391.19809819999995,21.0,3.1052135714285707,65.20948499999999,0.07725162857142859,1.6222842000000004
US-Slt,2015,NIRv,year,120.69876118912866,172.0,316.9003975720772,294.4569623050614,270.52967460761823,316.9003975720772,294.4569623050614,270.52967460761823,39.9138,DBF,52.0,8.200547692307692,426.42848,2.786891307692308,144.918348,19.211423076923076,220.6408846153846,7.61626923076923,146.567,99.0,8.980533313131314,889.0727980000001,2.9915274646464645,296.16121899999996,145.0,6.6686410724827585,966.95295551,1.648340366896552,239.00935320000002,19.438613793103446,188.2610896551724,7.471972413793105,327.639,150.0,8.725638586666667,1308.845788,2.938567626666667,440.78514400000006,174.0,7.990192660919542,1390.2935230000003,2.5841746448275864,449.64638820000005,196.0,7.07513237505102,1386.72594551,1.9573126438775508,383.63327819999995,24.0,3.3936556249999996,81.447735,0.3692185083333333,8.8612442
US-Slt,2016,NDVI,year,136.98752607143203,173.0,328.89810267595846,307.3225875762866,284.07763062441023,328.89810267595846,307.3225875762866,284.07763062441023,39.9138,DBF,37.0,9.44502972972973,349.46610000000004,3.2127068883783783,118.87015487,19.418216216216216,250.59467567567563,9.71127027027027,74.12799999999999,112.0,9.26574282142857,1037.7631959999999,3.2002461785714287,358.427572,156.0,7.406322888461538,1155.3863706,1.930858525641026,301.21393000000006,18.876846153846156,186.55134615384614,7.937429487179488,405.302,148.0,9.309977202702703,1377.876626,3.186086532905405,471.54080687,171.0,8.586813543859648,1468.345116,2.7012972740935672,461.92183387,192.0,7.789061461458334,1495.4998006,2.1579539836979165,414.32716486999993,23.0,3.933412608695652,90.46848999999999,-0.41821621739130427,-9.618972999999999
US-Slt,2016,EVI,year,109.93447236409727,173.0,320.9409954370457,295.58117193573315,269.04998350184,320.9409954370457,295.58117193573315,269.04998350184,39.9138,DBF,64.0,6.16674134375,394.671446,1.1178598729687501,71.54303187000001,16.554640625,212.8005625,7.952171875,170.791,97.0,9.748982226804124,945.651276,3.5820572061855676,347.45954900000004,148.0,7.743745821621621,1146.0743816,2.1154335743243244,313.08416900000003,19.52560810810811,190.82712837837838,8.121878378378378,400.79200000000003,160.0,8.318562824999999,1330.970052,2.5827853804375,413.24566087,186.0,7.98589323655914,1485.376142,2.329498655215054,433.28674987,211.0,7.257787476777251,1531.3931576,1.795593748199052,378.87028087,26.0,5.938695769230768,154.40608999999998,0.7708111153846153,20.041089
US-Slt,2016,NIRv,year,110.44895955080317,173.0,323.9823660726765,296.7010127450109,267.345838170491,323.9823660726765,296.7010127450109,267.345838170491,39.9138,DBF,63.0,6.230372634920635,392.513476,1.1495143947619046,72.41940686999999,16.550888888888892,212.03066666666672,7.85884126984127,170.79100000000003,95.0,9.798172799999998,930.8264159999998,3.609670831578948,342.91872900000004,151.0,7.616683851655628,1150.1192615999998,2.0364137682119208,307.49847900000003,19.341238410596027,189.46747019867547,8.061834437086093,401.406,157.0,8.369345363057324,1313.9872219999997,2.6087975533121024,409.58121587000005,186.0,7.983871731182798,1485.0001420000003,2.3233965853225804,432.15176486999997,213.0,7.19849796995305,1533.2800675999997,1.7566242529107983,374.16096587000004,29.0,5.896997241379309,171.01291999999998,0.7782947931034484,22.570549000000003
US-Slt,2017,NDVI,year,138.0974564199519,172.0,353.13671578612605,321.3232625806849,277.07717567620136,353.13671578612605,321.3232625806849,277.07717567620136,39.9138,DBF,34.0,9.200526029411764,312.817885,5.1358318823529405,174.618284,19.164235294117645,214.31417647058822,7.43229411764706,122.636,106.0,10.31642883962264,1093.5414569999998,3.932036091226415,416.79582567,182.0,6.883151564835165,1252.7335848,1.81325874489011,330.01309157000003,16.213225274725275,163.22210439560442,5.639384615384615,531.9159999999999,139.0,10.027533395683454,1393.827142,4.216522299784173,586.09659967,183.0,8.371563153005464,1531.996057,2.94977279,539.80842057,215.0,7.223345440930233,1553.0192698,2.322390072418605,499.31386557,44.0,3.1402026136363634,138.168915,-1.0520040704545452,-46.288179099999994
US-Slt,2017,EVI,year,137.4048062979864,172.0,337.07524095299783,291.97751373551813,240.47722368505168,337.07524095299783,291.97751373551813,240.47722368505168,39.9138,DBF,35.0,9.142556714285712,319.98948499999995,4.988493625714285,174.59727689999997,19.3858,216.9474,7.7244857142857155,122.636,69.0,11.188517681159421,772.0077200000001,4.849114724637681,334.588916,166.0,7.49091376686747,1243.4916853,2.0917563046385546,347.23154657000003,17.561048192771086,172.21251807228916,5.950114457831325,505.9359999999999,103.0,10.480242766990294,1079.4650050000002,4.891928960194174,503.8686828999999,154.0,9.49509540909091,1462.244693,3.8447216205844157,592.08712957,200.0,7.7547448515,1550.9489703,2.58255656735,516.51131347,51.0,7.505484078431374,382.7796880000001,1.729773464117647,88.21844666999999
US-Slt,2017,NIRv,year,111.50782326893196,172.0,337.9200248395862,290.258985003034,236.0923821764827,337.9200248395862,290.258985003034,236.0923821764827,39.9138,DBF,61.0,6.5311803934426225,398.402004,2.2650212655737705,138.1662972,17.23252459016393,210.2609836065574,7.035786885245901,210.403,65.0,10.986015692307694,714.0910200000001,4.842243784615385,314.74584600000003,166.0,7.49091376686747,1243.4916853,2.0917563046385546,347.23154657000003,17.561048192771086,172.21251807228916,5.950114457831325,505.9359999999999,125.0,8.799686591999999,1099.9608239999998,3.5807570656000003,447.59463320000003,179.0,8.573333418994414,1534.626682,3.0985027367039106,554.63198987,226.0,7.209564111946904,1629.3614893000001,2.1242492644690265,480.08033377,54.0,8.049367740740742,434.66585800000007,1.9821732716666673,107.03735667000004
US-Slt,2019,NDVI,year,-1.0,172.0,295.84684972860725,206.4759442552725,140.08974291737076,295.84684972860725,206.4759442552725,140.08974291737076,39.9138,DBF,174.0,2.280894822383721,396.87569909476747,0.33184905930232556,57.741736318604644,9.062162790697675,153.49588953488373,5.556587209302326,597.3470581395349,,,,,,124.0,5.040929209677419,625.0752219999999,1.7066692975806455,211.62699290000003,21.615322580645163,190.7440806451613,8.553314516129033,374.36499999999995,142.0,0.8386012817857141,119.08138201357141,-0.7532279985714285,-106.95837579714285,208.0,3.179066987621359,661.2459334252427,0.6944146368932042,144.43824447378645,297.0,3.4280578015254246,1018.1331670530511,0.8966525122033896,266.3057961244067,66.0,8.143691212121212,537.48362,3.765171742424242,248.50133499999998
US-Slt,2019,EVI,year,113.6237723876918,172.0,306.02683690131954,258.0601548670037,206.27619331606812,306.02683690131954,258.0601548670037,206.27619331606812,39.9138,DBF,59.0,5.7526485886440675,339.40626672999997,2.130154393220339,125.6791092,17.818406779661018,206.85657627118647,8.035322033898305,270.673,35.0,7.676742,268.68597,2.5761119142857147,90.16391700000001,135.0,4.774663037037037,644.57951,1.5034552733333335,202.9664619,20.964637037037033,182.76184444444445,8.147303703703704,424.84599999999995,93.0,6.472904911075268,601.98015673,2.275811679569893,211.65048620000005,145.0,5.969095860206896,865.5188997299999,2.239402897931034,324.7134201999999,193.0,5.066703091865286,977.8736967300001,1.6811037880829014,324.4530311,52.0,5.068052749999999,263.53874299999995,2.174287192307692,113.06293399999998
US-Slt,2019,NIRv,year,114.27592095550322,172.0,305.62980945675497,254.9524037273144,200.5653984192439,305.62980945675497,254.9524037273144,200.5653984192439,39.9138,DBF,58.0,5.813668909137931,337.19279673,2.184488779310345,126.70034920000002,17.81939655172414,205.4361206896552,7.955724137931035,270.67299999999994,29.0,7.793209655172414,226.00308,2.652459896551724,76.921337,134.0,4.80301195522388,643.6036019999999,1.5225281485074627,204.0187719,21.07505223880597,183.31747761194032,8.18531343283582,424.8459999999999,86.0,6.4777185666279085,557.0837967300001,2.3189435604651165,199.42914620000002,140.0,6.065361569500001,849.1506197300001,2.2979155514285714,321.7081772,191.0,5.103059260366492,974.68431873,1.7095632518324606,326.5265811,54.0,5.408644870370373,292.0668230000001,2.2644265,122.27903099999999
US-Slt,2021,NDVI,year,116.33474922459146,172.0,315.247979294776,297.48503375427464,274.4057368342843,315.247979294776,297.48503375427464,274.4057368342843,39.9138,DBF,56.0,5.289973214285715,296.23850000000004,1.0993973214285717,61.56625000000002,18.135714285714286,223.61873214285714,8.041660714285715,156.849,103.0,7.560152135922331,778.6956700000001,3.000097009708738,309.009992,144.0,6.029991494444445,868.3187752000001,2.0260421493055554,291.7500695,20.059833333333334,177.1880625,5.982125,560.86,158.0,6.741935063291138,1065.2257399999999,2.3279308354430377,367.813072,181.0,6.337604696132597,1147.10645,2.048966212707182,370.86288449999995,199.0,5.803260528643217,1154.8488452000001,1.7615736155778896,350.5531495,23.0,3.560030869565218,81.88071000000001,0.13260054347826086,3.0498125
US-Slt,2021,EVI,year,108.99305618852038,172.0,307.194638732114,268.40923317436176,220.25244078259652,307.194638732114,268.40923317436176,220.25244078259652,39.9138,DBF,64.0,4.8565249999999995,310.81759999999997,0.896161365625,57.3543274,17.294,223.0610625,7.941187500000001,175.998,49.0,8.969861836734694,439.52323,3.313648102040817,162.36875700000002,136.0,6.3628142875,865.3427431,2.2112787830882352,300.73391449999997,20.73444117647059,180.38884558823528,6.0720882352941175,560.814,112.0,6.612789285714285,740.6324,1.9371420928571428,216.9599144,160.0,6.562754562500001,1050.0407300000002,2.22286382125,355.65821139999997,199.0,5.861567402512564,1166.4519131000002,1.7855531251256282,355.3250719,48.0,6.446006875000001,309.40833000000003,2.889547854166667,138.69829700000003
US-Slt,2021,NIRv,year,108.9740352436078,172.0,307.1918262843497,266.51144255435935,215.9663297622027,307.1918262843497,266.51144255435935,215.9663297622027,39.9138,DBF,64.0,4.8565249999999995,310.81759999999997,0.896161365625,57.3543274,17.294,223.0610625,7.941187500000001,175.998,44.0,8.894178636363637,391.34386000000006,2.98341425,131.270227,136.0,6.3628142875,865.3427431,2.2112787830882352,300.73391449999997,20.73444117647059,180.38884558823528,6.0720882352941175,560.814,107.0,6.471523644859813,692.45303,1.7370222841121494,185.8613844,158.0,6.579536645569621,1039.56679,2.231224945569621,352.5335414000001,199.0,5.861567402512564,1166.4519131000002,1.7855531251256282,355.3250719,51.0,6.806152156862745,347.11376,3.2680815098039218,166.672157
US-Slt,2022,NDVI,year,136.27250971485924,172.0,318.0805216660187,296.91474729271414,275.72038124792124,318.0805216660187,296.91474729271414,275.72038124792124,39.9138,DBF,36.0,8.495157777777777,305.82568,1.909629086111111,68.74664709999999,20.47147222222222,262.0254444444444,9.079,70.386,104.0,,,,,147.0,,,,,19.950095238095237,195.69897959183675,8.09474149659864,378.15700000000004,139.0,,,,,160.0,,,,,182.0,,,,,21.0,,,,
US-Slt,2022,EVI,year,127.63681090302528,172.0,313.081539786018,282.6067349531803,252.04832453263796,313.081539786018,282.6067349531803,252.04832453263796,39.9138,DBF,45.0,7.317068888888889,329.2681,1.147865402222222,51.65394309999999,19.535688888888888,244.96384444444448,8.473644444444444,91.309,81.0,,,,,142.0,,,,,20.21617605633803,199.22697887323943,8.239352112676057,365.45900000000006,125.0,,,,,155.0,,,,,186.0,,,,,30.0,,,,
US-Slt,2022,NIRv,year,127.71008041803005,172.0,314.3357365197807,279.287982912756,244.12750712416468,314.3357365197807,279.287982912756,244.12750712416468,39.9138,DBF,45.0,7.317068888888889,329.2681,1.147865402222222,51.65394309999999,19.535688888888888,244.96384444444448,8.473644444444444,91.309,73.0,,,,,143.0,,,,,20.159580419580422,198.7867062937063,8.211468531468531,365.45900000000006,117.0,,,,,152.0,,,,,187.0,,,,,35.0,,,,
US-Ton,2013,NDVI,year,,172.0,167.56385271836717,123.99158669286058,101.38523578235676,167.56385271836717,123.99158669286058,101.38523578235676,38.4309,WSA,,,,,,,,,,,,,,,,,,,,,,,,,,,,,,,,,,,,,,,22.0,6.490938181818181,142.80064,1.540368872727273,33.88811520000001
US-Ton,2013,EVI,year,,172.0,193.08187803130545,133.82464670507838,103.23934402093911,193.08187803130545,133.82464670507838,103.23934402093911,38.4309,WSA,,,,,,,,,,,,,,,22.0,2.2796590909090915,50.15250000000001,0.30110286181818186,6.624262960000001,26.07286363636364,322.12031818181816,23.556318181818185,11.395,,,,,,,,,,,,,,,,30.0,5.826237000000001,174.78711,1.1959198666666668,35.877596000000004
US-Ton,2013,NIRv,year,,172.0,192.32586435081583,132.95061357653947,102.949138774541,192.32586435081583,132.95061357653947,102.949138774541,38.4309,WSA,,,,,,,,,,,,,,,21.0,2.307148571428572,48.45012000000002,0.3090939028571429,6.49097196,26.239952380952385,320.4836666666667,23.81566666666667,11.395,,,,,,,,,,,,,,,,30.0,5.943480666666667,178.30442,1.298480466666667,38.95441400000001
US-Ton,2014,NDVI,year,52.57983230597314,172.0,163.610708760494,143.07957110739713,124.44823302467164,163.610708760494,143.07957110739713,124.44823302467164,38.4309,WSA,120.0,5.387928591666667,646.5514310000001,1.403725965,168.4471158,17.552174999999995,267.859075,12.05625,162.88400000000001,,,,,,,,,,,,,,,72.0,5.782817097222223,416.362831,0.9889709986111109,71.20591189999999,91.0,5.9433960549450555,540.849041,1.4137446362637363,128.6507619,111.0,5.615284693693693,623.2966009999999,1.4487360612612612,160.8097028,19.0,6.551905789473683,124.48620999999999,3.023413157894737,57.44485
US-Ton,2014,EVI,year,59.4323518593928,172.0,190.42526599429,142.51084077773498,116.3526747630752,190.42526599429,142.51084077773498,116.3526747630752,38.4309,WSA,113.0,5.583115407079647,630.8920410000001,1.578964768141593,178.42301880000002,17.77604424778761,275.3015840707965,12.385690265486724,117.72399999999999,,,,,,19.0,2.329716315789474,44.264610000000005,0.4989018842105262,9.479135799999998,24.789315789473687,343.56310526315787,22.348157894736843,0.052,57.0,5.685890017543859,324.095731,0.9247293842105264,52.70957490000001,83.0,6.267929530120482,520.238151,1.6425323481927712,136.3301849,131.0,5.135584511450381,672.761571,1.42896953129771,187.1950086,26.0,7.54393923076923,196.14242,3.2161773076923073,83.62060999999999
US-Ton,2014,NIRv,year,3.0,172.0,211.37772807127584,146.69703862520947,114.07044006623768,211.37772807127584,146.69703862520947,114.07044006623768,38.4309,WSA,170.0,4.115963058823529,699.71372,0.723959928235294,123.07318779999997,15.885741176470589,222.1589823529412,10.451817647058823,302.135,,,,,,40.0,1.8770212999999998,75.080852,0.3295622925,13.1824917,24.776725000000003,330.419175,21.43265,0.596,112.0,3.401468660714286,380.96449,-0.050264161607142824,-5.6295860999999965,144.0,4.218222430555556,607.42403,0.6151295409722222,88.57865389999999,209.0,3.6956913492822965,772.399492,0.6485575765550238,135.54853349999996,32.0,7.076860625,226.45954,2.9440075,94.20824
US-Ton,2015,NDVI,year,21.37144113484449,172.0,362.0,145.48869469483157,115.1578035221037,362.0,145.48869469483157,115.1578035221037,38.4309,WSA,151.0,4.135860011258278,624.5148617,1.355215021589404,204.63746826000002,15.916867549668876,236.10697350993382,9.2148940397351,152.95299999999997,,,,,,191.0,0.9656371512460732,184.43669588799997,-0.7933357544188482,-151.527129094,19.091408376963354,209.66698952879582,14.67465445026178,236.26000000000002,94.0,4.105012677659574,385.87119169999994,1.336479314893617,125.62905559999999,124.0,4.308467836290323,534.2500117,1.5107783032258064,187.3365096,341.0,2.3644948609618766,806.2927475879999,0.15374751368328435,52.42790216599996,30.0,4.945960666666666,148.37882,2.0569151333333333,61.707454
US-Ton,2015,EVI,year,41.0993555115824,172.0,164.73751862183005,141.56376265757763,124.42746614139546,164.73751862183005,141.56376265757763,124.42746614139546,38.4309,WSA,131.0,4.46501818091603,584.9173817,1.5247825134351143,199.74650925999998,16.52629007633588,255.6946488549618,10.01381679389313,68.338,,,,,,,,,,,,,,,83.0,4.733906406024096,392.9142317,1.744281525301205,144.7753666,100.0,4.753070817000001,475.30708170000014,1.765511206,176.5511206,123.0,4.564060908130082,561.3794917,1.5874121674796748,195.2516966,17.0,4.846638235294117,82.39285,1.8691620000000002,31.775754000000003
US-Ton,2015,NIRv,year,49.08962374549216,172.0,168.11334874307084,138.92383427470264,120.64189507310974,168.11334874307084,138.92383427470264,120.64189507310974,38.4309,WSA,123.0,4.596321395934959,565.3475317,1.6629741891056913,204.54582526000002,16.674268292682925,262.3456829268292,10.309617886178861,68.307,,,,,,,,,,,,,,,71.0,4.962808615492957,352.35941169999995,1.9486344028169016,138.3530426,89.0,4.9566314797752815,441.14020170000003,1.9877422089887642,176.9090566,119.0,4.656525728571429,554.1265617,1.7031836436974794,202.67885360000005,18.0,4.932266111111111,88.78079,2.1420007777777776,38.556014
US-Ton,2016,NDVI,year,,173.0,374.0,374.0,374.0,374.0,374.0,374.0,38.4309,WSA,,,,,,,,,,202.0,1.641023242268041,331.4866949381443,-1.0177022576701031,-205.57585604936082,202.0,1.641023242268041,331.4866949381443,-1.0177022576701031,-205.57585604936082,18.703886597938144,216.32250000000002,14.019747422680412,344.44540206185565,,,,,,,,,,,,,,,,,,,,
US-Ton,2016,EVI,year,28.139788735229885,173.0,163.02725134436446,141.13728435872355,123.23327844526816,163.02725134436446,141.13728435872355,123.23327844526816,38.4309,WSA,145.0,4.372482269655173,634.0099291,0.48338839241379306,70.0913169,16.145662068965517,233.8899793103448,9.218103448275862,295.486,,,,,,,,,,,,,,,95.0,4.233210095789474,402.15495910000004,-0.02120751052631584,-2.014713500000005,113.0,4.583582469911504,517.9448191,0.31233091238938054,35.2933931,135.0,4.471280215555556,603.6228291,0.4405981918518518,59.48075589999999,18.0,6.43277,115.78985999999999,2.0726725888888886,37.308106599999995
US-Ton,2016,NIRv,year,51.70292909551953,173.0,162.5661997155945,141.96346021716496,124.45618566537756,162.5661997155945,141.96346021716496,124.45618566537756,38.4309,WSA,122.0,4.872493181147542,594.4441681000001,0.7376407737704918,89.9921744,16.8687131147541,253.0812213114754,9.850426229508194,243.914,,,,,,,,,,,,,,,73.0,5.084406412328767,371.1616681,0.2885334794520548,21.062944,90.0,5.315322867777778,478.3790581,0.6132694511111111,55.1942506,111.0,5.048889982882882,560.4267880999998,0.7035267873873874,78.0914734,17.0,6.306905294117647,107.21739,2.0077239176470587,34.131306599999995
US-Ton,2017,NDVI,year,65.01870226492173,172.0,163.09765770859755,142.67255295838316,122.26974101604064,163.09765770859755,142.67255295838316,122.26974101604064,38.4309,WSA,107.0,5.773458691588784,617.7600799999999,1.2759524252336447,136.5269095,17.180224299065422,260.1794112149533,10.295439252336449,193.746,,,,,,,,,,,,,,,57.0,6.142674210526316,350.13243,0.7446312368421053,42.4439805,77.0,6.5777990909090915,506.49053000000004,1.256455422077922,96.7470675,98.0,6.08113336734694,595.9510700000001,1.3704205765306121,134.30121649999998,20.0,7.817904999999998,156.35809999999995,2.7151543499999997,54.30308699999999
US-Ton,2017,EVI,year,13.716703554230714,172.0,169.49839210707424,141.9231753091832,119.26619480948996,169.49839210707424,141.9231753091832,119.26619480948996,38.4309,WSA,159.0,4.817759889937106,766.0238224999998,0.7046976484276731,112.04692610000002,14.744433962264152,217.56721383647803,8.091509433962266,555.313,,,,,,,,,,,,,,,106.0,4.4509342688679245,471.7990325,0.1376688783018868,14.592901099999999,128.0,5.0748210351562495,649.5770924999999,0.55956597734375,71.6244451,156.0,4.869223349358974,759.5988424999999,0.7229033852564104,112.77292810000003,22.0,8.080820909090908,177.77805999999998,2.592342909090909,57.031544000000004
US-Ton,2017,NIRv,year,90.19512423279032,172.0,167.70297138521238,137.5433802015487,112.85412030845536,167.70297138521238,137.5433802015487,112.85412030845536,38.4309,WSA,82.0,6.2224435365853665,510.24037000000004,1.5864250060975609,130.0868505,18.024048780487803,281.94467073170733,11.549012195121952,121.33700000000002,,,,,,,,,,,,,,,22.0,7.337075,161.41565,1.0613852499999998,23.350475499999995,47.0,7.878194042553191,370.27511999999996,1.8036491808510635,84.77151149999999,77.0,6.479997142857142,498.95977999999997,1.6962280584415583,130.6095605,25.0,8.354378800000001,208.85947000000002,2.4568414400000003,61.42103600000001
US-Ton,2018,NDVI,year,33.00962250458055,172.0,168.4724856208588,146.27903013153664,127.171242194432,168.4724856208588,146.27903013153664,127.171242194432,38.4309,WSA,139.0,4.814058575539568,669.154142,1.0264240460431655,142.6729424,14.600467625899281,249.6470287769784,8.415863309352519,308.668,,,,,,,,,,,,,,,94.0,5.000122468085107,470.01151200000004,0.637282979787234,59.904600099999996,113.0,5.141780283185841,581.021172,0.9766926203539823,110.3662661,135.0,4.863632977777777,656.5904519999999,1.0209747362962962,137.83158939999998,19.0,5.8426136842105265,111.00966,2.6558771578947367,50.461665999999994
US-Ton,2018,EVI,year,44.07595172937909,172.0,172.97795843991014,144.9236724606709,125.5798078054944,172.97795843991014,144.9236724606709,125.5798078054944,38.4309,WSA,128.0,4.92675696875,630.624892,1.16695394765625,149.3701053,14.6769921875,258.032640625,8.5159140625,308.565,,,,,,,,,,,,,,,81.0,5.119785827160494,414.702652,0.7446425061728396,60.31604300000001,100.0,5.356754619999999,535.6754619999999,1.14575853,114.575853,128.0,4.92675696875,630.624892,1.16695394765625,149.3701053,19.0,6.36699,120.97281000000001,2.85577947368421,54.259809999999995
US-Ton,2018,NIRv,year,49.02518467416613,172.0,181.6241608227064,145.769285857198,123.95551764981197,181.6241608227064,145.769285857198,123.95551764981197,38.4309,WSA,123.0,5.000249447154473,615.0306820000002,1.2131625975609759,149.21899950000002,14.843536585365854,261.8707398373984,8.575146341463414,307.7,,,,,,10.0,2.7086490000000003,27.086490000000005,0.8831347300000001,8.831347300000001,24.6673,366.942,22.2455,0.0,74.0,5.1667236756756765,382.3375520000001,0.7452675297297298,55.1497972,96.0,5.445216375,522.740772,1.1989464916666668,115.09886320000001,132.0,4.837090696969696,638.4959719999999,1.185827778787879,156.52926680000004,22.0,6.3819645454545455,140.40322,2.724957545454545,59.94906599999999
US-Ton,2019,NDVI,year,27.10494137212394,172.0,182.1605084969324,147.94610469218364,121.78442266048344,182.1605084969324,147.94610469218364,121.78442266048344,38.4309,WSA,145.0,4.639081972413793,672.666886,0.5422913013793103,78.63223869999999,14.46308275862069,222.4051655172414,7.741586206896551,497.571,,,,,,11.0,4.087576363636364,44.96334,1.3036045,14.3396495,22.455,345.9095454545455,18.480727272727275,0.0,94.0,4.108288829787234,386.17915000000005,0.07054225212765958,6.6309717,120.0,4.376843216666667,525.221186,0.4128533966666667,49.542407600000004,155.0,4.602916683870967,713.4520859999999,0.5906638593548387,91.55289819999999,26.0,5.347770615384615,139.042036,1.650439842307692,42.911435899999994
US-Ton,2019,EVI,year,17.0,172.0,172.85694211712945,139.0653071944562,117.30503076171924,172.85694211712945,139.0653071944562,117.30503076171924,38.4309,WSA,156.0,4.449300102564103,694.090816,0.41958217115384616,65.4548187,14.204839743589742,214.3374935897436,7.466410256410256,540.752,,,,,,,,,,,,,,,101.0,3.7311353465346535,376.84467,-0.21995315148514855,-22.2152683,123.0,4.127103056910569,507.6336759999999,0.24262245284552844,29.842561699999997,156.0,4.449300102564103,694.090816,0.41958217115384616,65.4548187,22.0,5.944954818181818,130.789006,2.366265,52.057829999999996
US-Ton,2019,NIRv,year,17.0,172.0,173.10854199356248,140.18187811043106,117.67834884261472,173.10854199356248,140.18187811043106,117.67834884261472,38.4309,WSA,156.0,4.449300102564103,694.090816,0.41958217115384616,65.4548187,14.204839743589742,214.3374935897436,7.466410256410256,540.752,,,,,,,,,,,,,,,101.0,3.7311353465346535,376.84467,-0.21995315148514855,-22.2152683,124.0,4.144443435483871,513.910986,0.2537466266129032,31.464581699999997,157.0,4.443260547770701,697.5919060000001,0.4203462910828025,65.9943677,23.0,5.959405043478261,137.066316,2.3339065217391304,53.67985
US-Ton,2020,NDVI,year,28.03505681327437,173.0,170.8022645403637,147.4862545548944,127.38590180822575,170.8022645403637,147.4862545548944,127.38590180822575,38.4309,WSA,145.0,4.515184296551723,654.7017229999999,0.7045351867931036,102.15760208500002,15.586448275862072,242.19628965517242,10.114406896551724,193.611,,,,,,,,,,,,,,,99.0,4.50038407070707,445.5380229999999,0.5021503261111111,49.712882285,119.0,4.654628764705883,553.9008230000001,0.643301933487395,76.552930085,142.0,4.548441852112676,645.878743,0.704675021725352,100.06385308499999,20.0,5.418139999999999,108.3628,1.3420023900000002,26.840047800000004
US-Ton,2020,EVI,year,32.11808482256841,173.0,156.06770243188905,138.11311013402445,122.93932901045844,156.06770243188905,138.11311013402445,122.93932901045844,38.4309,WSA,141.0,4.5497285319148935,641.511723,0.7540406885460994,106.31973708500001,15.687468085106383,245.09989361702122,10.272581560283689,193.59500000000003,,,,,,,,,,,,,,,90.0,4.399162144444444,395.924593,0.420272525388889,37.82452728500001,106.0,4.663095594339622,494.28813299999996,0.7072872460849058,74.97244808500001,124.0,4.668017201612903,578.834133,0.6890538797177419,85.44268108499999,16.0,6.14772125,98.36354,2.32174505,37.1479208
US-Ton,2020,NIRv,year,41.51190885431468,173.0,153.03204426716093,135.6583043763345,121.8028148587106,153.03204426716093,135.6583043763345,121.8028148587106,38.4309,WSA,132.0,4.684141916666666,618.3067329999999,0.8121421089772727,107.202758385,16.11172727272727,251.37313636363638,10.482295454545454,193.03300000000002,,,,,,,,,,,,,,,80.0,4.5551970375,364.415763,0.43921535731250005,35.137228585,94.0,4.82321609574468,453.38231299999995,0.7531018998404255,70.791578585,112.0,4.858206098214285,544.1190829999999,0.7707871373660715,86.328159385,14.0,6.354753571428572,88.96655,2.546739285714285,35.654349999999994
US-Ton,2021,NIRv,year,-1.0,172.0,189.8798327466508,139.11055249853692,114.39896906411698,189.8798327466508,139.11055249853692,114.39896906411698,38.4309,WSA,174.0,2.689554134883721,467.9824194697674,0.4215409558139534,73.3481263116279,14.625220930232558,236.44837209302324,10.27604069767442,260.20991860465125,,,,,,18.0,2.3164983333333335,41.69697000000001,1.2899409999999998,23.218937999999994,23.470777777777773,355.68750000000006,18.212222222222223,0.0,116.0,2.2656146596491227,262.81130051929824,-0.32467367192982455,-37.66214594385965,141.0,2.619246555395684,369.31376431079144,0.14455655683453253,20.382474513669088,191.0,2.6527658793650795,506.67828295873016,0.4975491661375661,95.03189073227513,25.0,4.231808,105.7952,2.2842464000000002,57.10616
US-Ton,2022,NDVI,year,5.489707038681518,172.0,168.80545450836988,140.35598459931063,111.90159910374608,168.80545450836988,140.35598459931063,111.90159910374608,38.4309,WSA,167.0,3.8124814371257485,636.6844,0.9236421293413171,154.24823559999996,14.970233532934131,237.3766886227545,10.247556886227548,102.023,,,,,,,,,,,,,,,106.0,3.6063707547169814,382.2753,0.5966192301886794,63.241638400000014,135.0,4.076809703703703,550.3693099999999,0.958879528888889,129.44873640000003,163.0,3.8434026993865027,626.4746399999999,0.9306697337423312,151.69916659999998,29.0,5.796345172413793,168.09401,2.283003379310345,66.207098
US-Ton,2022,EVI,year,6.48557100931517,172.0,232.22191325971755,156.5799230192615,107.5991153170384,232.22191325971755,156.5799230192615,107.5991153170384,38.4309,WSA,166.0,3.825376445783133,635.0124900000001,0.9344586361445784,155.1201336,15.001897590361443,238.49786144578312,10.304795180722893,102.023,,,,,,61.0,1.7469887704918032,106.566315,0.20189430819672133,12.3155528,25.55419672131148,327.348868852459,24.011377049180332,0.254,101.0,3.5745232673267333,361.0268500000001,0.5869002514851486,59.2769254,150.0,3.9698827333333337,595.4824100000001,0.9654610906666664,144.81916359999997,226.0,3.271952853982301,739.461345,0.7420853247787611,167.7112834,49.0,4.784807346938775,234.45556,1.745759963265306,85.5422382
US-Ton,2022,NIRv,year,6.280792292117779,172.0,260.80656419520085,169.38726729566693,111.67320020312744,260.80656419520085,169.38726729566693,111.67320020312744,38.4309,WSA,166.0,3.825376445783133,635.0124900000001,0.9344586361445784,155.1201336,15.001897590361443,238.49786144578312,10.304795180722893,102.023,,,,,,89.0,1.4420632213483149,128.34362670000002,0.06739516213483147,5.998169430000001,25.824516853932586,308.68850561797757,24.776820224719103,0.254,105.0,3.6247941904761904,380.60339,0.6106051085714286,64.1135364,163.0,3.8512845398773012,627.7593800000001,0.944485120245399,153.95107460000003,254.0,2.9970025854330706,761.2386567,0.6354090552362205,161.39390003,58.0,4.261310172413793,247.15599000000003,1.548923072413793,89.8375382
US-Ton,2023,NDVI,year,40.21323012834813,172.0,369.0,149.2896296911459,133.63087535801552,369.0,149.2896296911459,133.63087535801552,38.4309,WSA,132.0,4.571222757575758,603.4014040000001,1.5458536371212122,204.0526801,13.698530303030305,245.21428030303034,7.652128787878787,258.06600000000003,,,,,,198.0,1.699498680412371,336.5007387216495,0.0017909682989690446,0.3546117231958708,19.53634536082474,219.33645360824744,14.39595360824742,152.1691237113402,93.0,4.208743913978495,391.413184,0.9690125817204301,90.1181701,109.0,4.636645449541284,505.39435399999996,1.3121977990825688,143.0295601,329.0,2.860424393846154,941.0796255753846,0.6229806090769231,204.9606203863077,16.0,7.1238231249999995,113.98116999999999,3.306961875,52.91139
US-Ton,2023,EVI,year,79.03012929000928,172.0,188.07912326233844,149.10162984962204,127.90302851129404,188.07912326233844,149.10162984962204,127.90302851129404,38.4309,WSA,93.0,5.804192258064517,539.78988,2.317304421505376,215.50931119999996,15.706322580645164,289.1366989247312,9.062408602150537,78.402,,,,,,17.0,3.4402170588235297,58.48369,1.399615588235294,23.793464999999998,22.284117647058824,357.62429411764714,18.303823529411765,0.0,48.0,5.828696666666667,279.77744,1.5469529416666665,74.2537412,70.0,6.311183285714286,441.78283,2.206945588571428,154.48619119999998,109.0,5.456948165137614,594.8073499999999,2.177718772477064,237.3713462,22.0,7.363881363636364,162.00539,3.6469295454545456,80.23245
US-Ton,2023,NIRv,year,12.0,172.0,202.36364431262004,154.8225482538662,130.15450328880354,202.36364431262004,154.8225482538662,130.15450328880354,38.4309,WSA,161.0,3.988238055900621,642.106327,1.1131757335403727,179.2212931,12.832155279503105,221.8930062111801,7.0122795031055905,393.448,,,,,,31.0,2.9246745161290324,90.66491,1.0553470870967745,32.71575970000001,24.225451612903225,356.88409677419355,21.76503225806452,0.0,119.0,3.425319302521009,407.61299700000006,0.45406691680672273,54.03396310000001,143.0,3.9794294195804194,569.058407,0.9375610006993009,134.07122310000003,191.0,3.81835087434555,729.305017,1.0995058785340315,210.00562280000003,24.0,6.726892083333333,161.44541,3.3348858333333333,80.03726
US-Ton,2024,NDVI,year,23.874996152071795,173.0,165.37515811466287,145.70139236683357,127.85398989199167,165.37515811466287,145.70139236683357,127.85398989199167,38.4309,WSA,150.0,4.684379933333333,702.65699,0.8746466397333332,131.19699595999998,15.375073333333333,236.80825333333337,9.002246666666666,349.842,,,,,,,,,,,,,,,104.0,4.678822788461538,486.59756999999996,0.32960269769230766,34.27868056,122.0,4.903770983606557,598.26006,0.7204629554098361,87.89648056,142.0,4.772544295774648,677.7012900000001,0.8405664081690143,119.36042996000003,18.0,6.203471666666667,111.66249,2.978766666666667,53.6178
US-Ton,2024,EVI,year,31.77118785384217,173.0,169.09098462903123,145.19140087546512,126.46766755348808,169.09098462903123,145.19140087546512,126.46766755348808,38.4309,WSA,142.0,4.818935,684.28877,0.9907742391549293,140.68994195999997,15.474105633802816,244.98725352112677,9.254323943661971,333.67099999999994,,,,,,,,,,,,,,,95.0,4.870463578947368,462.69404,0.4378612269473685,41.59681656000001,114.0,5.0867705263157905,579.8918400000001,0.8542932154385964,97.38942655999999,138.0,4.871392536231884,672.25217,0.9785825069565215,135.04438595999997,19.0,6.168305263157896,117.19780000000002,2.936453157894737,55.79261
US-Ton,2024,NIRv,year,47.61947217202752,173.0,168.3243670484033,144.41380709239417,127.3959818530111,168.3243670484033,144.41380709239417,127.3959818530111,38.4309,WSA,126.0,5.100026666666667,642.6033600000001,1.1483423965079365,144.69114195999998,16.18765873015873,263.3395317460318,10.02142857142857,247.94600000000003,,,,,,,,,,,,,,,80.0,5.33179925,426.54394,0.597160332,47.77282656,97.0,5.4915579381443305,532.6811200000001,1.014231717113402,98.38047656,121.0,5.186016280991735,627.50797,1.136409883966942,137.50559596,17.0,6.243363529411765,106.13718,2.976920588235294,50.60765
US-Ton,2025,NDVI,year,22.78039579737336,172.0,317.0,142.3517428373033,124.55297908242494,317.0,142.3517428373033,124.55297908242494,38.4309,WSA,150.0,4.199425720000001,629.9138580000001,1.2602006587333334,189.03009881000003,15.016720000000001,240.68061999999995,8.990559999999999,290.998,,,,,,146.0,1.9049836513698628,278.12761309999996,0.1046956680821918,15.285567540000002,21.72264383561644,256.2070410958904,15.80059589041096,136.99200000000002,102.0,3.9387214509803923,401.749588,0.6800304687254902,69.36310781,120.0,4.196625316666667,503.59503800000005,0.98761198175,118.51343781,295.0,3.0618953596610172,903.2591311000001,0.6813433096610169,200.99627634999996,18.0,5.658080555555555,101.84545,2.7305738888888893,49.15033000000001
US-Ton,2025,NIRv,year,1.0,172.0,223.9585710335397,155.81633893077824,121.57636190727531,223.9585710335397,155.81633893077824,121.57636190727531,38.4309,WSA,172.0,3.8184551046511626,656.774278,0.9295313651744187,159.87939481,14.355866279069767,225.05572674418605,8.51953488372093,311.23400000000004,,,,,,52.0,2.6758739615384615,139.145446,1.5080356403846151,78.41785329999999,23.549653846153845,347.7399038461539,19.473653846153848,0.0,121.0,3.335414859504132,403.585198,0.2084601967768595,25.22368381,155.0,3.781533922580645,586.137758,0.7632746116774194,118.30756481,223.0,3.547701273542601,791.137384,1.0537123682062781,234.97785811000003,34.0,5.369192941176472,182.55256000000003,2.7377612058823533,93.083881
US-UMd,2021,NDVI,year,129.12779792644747,172.0,312.4290528120165,294.9079525983664,272.03604906442393,312.4290528120165,294.9079525983664,272.03604906442393,45.5625,DBF,43.0,8.421269302325582,362.11458000000005,3.4509240209302328,148.3897329,16.88248837209302,284.82093023255817,8.404046511627906,166.974,101.0,10.419171683168315,1052.3363399999998,5.12533300990099,517.658634,141.0,8.333777310638297,1175.0626008,3.704233609219858,522.2969389,16.72822695035461,178.02848936170213,4.9739007092198575,1650.2580000000003,143.0,9.836677832167831,1406.64493,4.636252146153846,662.9840569,165.0,9.12843703030303,1506.1921099999997,4.150128860000001,684.7712619000001,183.0,8.357219621857924,1529.3711908,3.6482096273224043,667.6223618,22.0,4.524871818181818,99.54718,0.9903275000000001,21.787205000000004
US-UMd,2021,EVI,year,115.1421029727013,172.0,305.8629768833666,281.06100213323543,251.97274822596697,305.8629768833666,281.06100213323543,251.97274822596697,45.5625,DBF,57.0,6.660730403508772,379.661633,2.4836189059649123,141.56627764,14.262526315789474,258.19554385964915,7.030614035087719,404.423,80.0,11.05251125,884.2009,5.3983998374999995,431.871987,134.0,8.714030879104477,1167.6801378,3.9460214917910443,528.7668798999999,17.285141791044776,182.87054477611943,5.092104477611941,1625.616,136.0,9.235709875000001,1256.0565430000001,4.193926137058823,570.37395464,166.0,8.885226343373494,1474.9475730000001,4.0395082749397595,670.5583736400001,190.0,8.102819898947368,1539.5357807999999,3.5119413028421054,667.26884754,30.0,7.296367666666668,218.89103000000003,3.3394806333333333,100.184419
US-UMd,2021,NIRv,year,113.5910803047832,172.0,307.1300994854677,281.0029257457577,248.83282668423485,307.1300994854677,281.0029257457577,248.83282668423485,45.5625,DBF,59.0,6.4635587118644064,381.349964,2.3786058752542374,140.33774664,13.937457627118645,255.53094915254238,6.910711864406779,419.772,77.0,11.128045454545454,856.8594999999999,5.450995025974025,419.726617,136.0,8.598221704411765,1169.3581518,3.8748903227941174,526.9850839,17.0455,181.25608823529413,5.026176470588235,1643.469,135.0,9.114099807407408,1230.4034740000002,4.125926323259258,557.0000536399998,168.0,8.789499428571428,1476.635904,3.984106206190476,669.3298426399999,194.0,7.953103741237114,1542.9021258,3.424012992474227,664.2585205400001,33.0,7.461588787878788,246.23243,3.403933,112.32978899999999
US-UMd,2022,NDVI,year,139.2905823625067,172.0,315.30713536988145,296.7107360653537,273.2135035839246,315.30713536988145,296.7107360653537,273.2135035839246,45.5625,DBF,33.0,9.427851515151515,311.1191,4.554844848484848,150.30987999999996,15.529545454545453,257.8637272727273,6.240545454545455,311.87100000000004,102.0,10.999384117647063,1121.9371800000004,6.030139892156863,615.0742690000001,144.0,8.564990471527777,1233.3586278999999,4.276342876388889,615.7933742,16.125458333333334,195.53175694444448,5.777604166666666,1375.958,134.0,10.594460298507462,1419.65768,5.654843574626866,757.749039,157.0,9.611666732484077,1509.031677,5.010905937579618,786.7122322,176.0,8.699313226704545,1531.0791279,4.309478092045454,758.4681442,23.0,3.8858259565217392,89.373997,1.2592692695652172,28.963193199999996
US-UMd,2022,EVI,year,131.07632035042977,172.0,308.3963637254927,288.9829400928124,267.9065800890895,308.3963637254927,288.9829400928124,267.9065800890895,45.5625,DBF,41.0,8.41799487804878,345.13779,3.671738024390244,150.541259,15.701804878048778,262.7481463414635,6.946219512195122,325.465,96.0,11.259754687500001,1080.9364500000001,6.178324104166667,593.1191140000001,137.0,8.960121175182483,1227.5366010000002,4.593200410218978,629.2684562000001,16.463671532846718,202.83689051094893,5.887693430656935,1291.0529999999999,136.0,10.38732088235294,1412.67564,5.411950463235294,736.025263,157.0,9.724874012738853,1526.80522,5.010663179617835,786.6741192000002,177.0,8.809467745762712,1559.275791,4.362568390960453,772.1746052000002,21.0,5.434741904761905,114.12958,2.4118502952380956,50.648856200000004
US-UMd,2022,NIRv,year,129.65720705670844,172.0,309.7669521202951,289.7242118548744,267.4108047252656,309.7669521202951,289.7242118548744,267.4108047252656,45.5625,DBF,43.0,8.129334418604651,349.56138,3.412330674418605,146.730219,15.897651162790698,262.5312093023257,7.1928604651162775,348.69399999999996,96.0,11.259754687500001,1080.9364500000001,6.178324104166667,593.1191140000001,138.0,8.895049458695652,1227.5168253,4.53828874057971,626.2838462,16.426905797101448,201.48802898550727,5.85891304347826,1357.8580000000002,138.0,10.268835000000001,1417.09923,5.3059001666666665,732.214223,160.0,9.584091,1533.4545600000001,4.8935726200000005,782.9716192000001,180.0,8.687108918333333,1563.6796053,4.2521053066666665,765.3789552,22.0,5.288878636363637,116.35533000000001,2.3071543727272728,50.7573962
US-UMd,2023,NDVI,year,139.86330881379268,172.0,306.93030295106536,293.96762311540203,280.80388430822967,306.93030295106536,293.96762311540203,280.80388430822967,45.5625,DBF,33.0,10.115832727272727,333.82248,5.5716683636363635,183.865056,17.03709090909091,271.99966666666666,9.854939393939393,72.95000000000002,109.0,8.762365871559634,955.0978800000001,4.739132618348624,516.5654554,135.0,7.474201497481482,1009.01720216,3.7622215975555555,507.89991567,16.519674074074075,183.18515555555555,5.6950518518518525,1159.649,141.0,9.074215886524822,1279.46444,4.929151570212766,695.0103714,154.0,8.58138209090909,1321.5328419999998,4.565669075779221,703.11303767,167.0,7.984333905149701,1333.38376216,4.1098492914371265,686.3448316700001,13.0,3.236030923076923,42.068402,0.6232820207692307,8.102666269999999
US-UMd,2023,EVI,year,136.90485566360394,172.0,319.51454528647304,295.2995016254636,257.86810829976685,319.51454528647304,295.2995016254636,257.86810829976685,45.5625,DBF,36.0,9.671796944444445,348.18469000000005,5.207447861111111,187.468123,16.412805555555554,267.3974444444445,9.493194444444445,92.531,86.0,9.32591534883721,802.02872,5.103117969767442,438.8681454,148.0,6.882736595675676,1018.6450161600001,3.352167713986487,496.12082167000005,15.502168918918919,172.13560135135134,5.423689189189188,1258.02,121.0,9.42774785123967,1140.7574900000002,5.13153825123967,620.9161284,159.0,8.425965547169811,1339.728522,4.440049538805032,705.96787667,183.0,7.417343093770493,1357.3737861600002,3.7058404626775956,678.16880467,38.0,5.236079789473684,198.97103199999998,2.2382039018421054,85.05174827
US-UMd,2023,NIRv,year,134.66398502530114,172.0,316.5108224540961,293.4322331257115,262.83317885858423,316.5108224540961,293.4322331257115,262.83317885858423,45.5625,DBF,38.0,9.411356315789474,357.63154000000003,4.971013526315789,188.898514,16.277552631578946,268.26307894736846,9.532421052631578,92.531,91.0,9.293034505494505,845.66614,5.107796432967033,464.80947540000005,145.0,7.007021208,1016.0180751600001,3.4392574046206903,498.69232367000006,15.661455172413794,174.0790344827586,5.436310344827586,1257.591,128.0,9.326888749999998,1193.8417599999998,5.0647488234375,648.2878494,159.0,8.46126982389937,1345.341902,4.453751545094339,708.1464956699999,182.0,7.495569753626374,1364.19369516,3.748190646538462,682.1706976700001,31.0,4.88710135483871,151.500142,1.9309240732258062,59.858646269999994
US-UMd,2024,NDVI,year,123.8494340555064,173.0,292.9509619117412,241.74287208597832,181.64495386202765,292.9509619117412,241.74287208597832,181.64495386202765,45.5625,DBF,50.0,6.8718446,343.59223000000003,3.777841028,188.8920514,15.50892,258.11014,6.211500000000001,602.316,9.0,6.548063333333333,58.93257,4.170413333333332,37.53371999999999,120.0,4.257139991666667,510.85679899999997,2.57952623,309.5431476,18.397341666666662,231.71600833333335,6.930391666666666,1157.9080000000001,58.0,6.803891724137931,394.62572,3.8122641620689657,221.1113214,118.0,6.364175508474577,750.97271,3.7582161389830504,443.46950439999995,169.0,5.009171295857988,846.549949,2.91787425443787,493.12074900000005,60.0,5.9391165,356.34699,3.7059697166666665,222.358183
US-UMd,2024,EVI,year,126.60433438879976,173.0,296.6951217324193,268.6001729056519,224.59654661896155,296.6951217324193,268.6001729056519,224.59654661896155,45.5625,DBF,47.0,7.170941914893617,337.03427,4.033694791489362,189.5836552,15.705510638297872,259.2385744680851,6.364723404255319,546.115,52.0,6.7415526923076925,350.56074,4.1771959615384615,217.21419,124.0,4.125824416935484,511.6022277,2.484928222580645,308.13109959999997,18.386169354838707,228.41792741935484,7.114145161290321,1159.0500000000002,98.0,6.935672755102041,679.69593,4.09676933877551,401.48339519999996,142.0,5.716938521126761,811.8052700000001,3.3729176422535208,478.95430519999996,170.0,4.945514221764706,840.7374177,2.8964723811764705,492.4003048,44.0,3.0024850000000005,132.10934000000003,1.7607025000000005,77.47091000000002
US-UMd,2024,NIRv,year,127.23532939891462,173.0,295.5246684511101,260.8579159751209,207.2733174227814,295.5246684511101,260.8579159751209,207.2733174227814,45.5625,DBF,46.0,7.267523043478261,334.30606,4.119751782608695,189.508582,15.78523913043478,258.38528260869566,6.345173913043479,546.115,35.0,6.987594,244.56579,4.507181714285713,157.75135999999998,123.0,4.158362704878049,511.4786127,2.5084458016260163,308.5388336,18.381951219512192,229.36573170731708,7.058967479674796,1158.0900000000001,80.0,7.137159625000001,570.9727700000001,4.27431865,341.94549199999994,133.0,5.981367593984962,795.52189,3.5630341278195483,473.8835389999999,168.0,4.987414242261905,837.8855927000001,2.932934319047619,492.7329656,53.0,4.236775849056603,224.54912,2.489397113207547,131.938047
US-UMd,2025,NDVI,year,132.1930043779729,172.0,295.23143480809034,243.0538361801367,187.92789868411623,295.23143480809034,243.0538361801367,187.92789868411623,45.5625,DBF,40.0,1.8663993750000003,74.65597500000001,1.2409176524999999,49.6367061,15.492899999999997,250.35847499999994,7.107249999999999,263.82500000000005,16.0,2.0283495625,32.453593,1.6034376875,25.655003,124.0,2.062162701612903,255.70817499999998,1.6957115483870966,210.26823199999998,18.41527419354839,218.00005645161292,6.38625806451613,1273.4920000000002,55.0,1.9007934181818185,104.54363800000002,1.3369278018181818,73.5310291,111.0,2.178587054054054,241.823163,1.7067489468468466,189.44913309999998,163.0,2.0110320245398774,327.79822,1.5837071049079754,258.1442581,56.0,2.4514200892857145,137.279525,2.069966142857143,115.918104
US-UMd,2025,EVI,year,132.53388488814355,172.0,302.2291057527325,286.9688359262311,265.7522205392796,302.2291057527325,286.9688359262311,265.7522205392796,45.5625,DBF,40.0,1.8663993750000003,74.65597500000001,1.2409176524999999,49.6367061,15.492899999999997,250.35847499999994,7.107249999999999,263.82500000000005,94.0,2.2652434361702127,212.932883,1.8949962968085106,178.1296519,131.0,2.0033298015267174,262.436204,1.6486243969465648,215.969796,17.751396946564885,212.06090839694653,6.182389312977099,1289.165,133.0,2.1430295338345866,285.02292800000004,1.6992908120300754,226.00567800000002,154.0,2.0655151623376624,318.089335,1.6241539811688313,250.1197131,170.0,1.9678014647058824,334.526249,1.552034247647059,263.8458221,21.0,1.5745908095238097,33.066407000000005,1.1482873857142857,24.1140351
US-UMd,2025,NIRv,year,131.75881983751844,172.0,302.86798457608955,287.4828559067487,264.54721924074346,302.86798457608955,287.4828559067487,264.54721924074346,45.5625,DBF,41.0,1.8265871219512193,74.89007199999999,1.202021904878049,49.282898100000004,15.57229268292683,252.31219512195125,7.30309756097561,263.825,93.0,2.2631927204301077,210.476923,1.8944545365591399,176.1842719,131.0,2.0033298015267174,262.436204,1.6486243969465648,215.969796,17.751396946564885,212.06090839694653,6.182389312977099,1289.165,133.0,2.126323796992481,282.801065,1.6820036842105266,223.70649000000003,156.0,2.0477608461538463,319.450692,1.6070809044871794,250.7046211,171.0,1.9576628421052633,334.760346,1.5408889713450293,263.4920141,23.0,1.5934620434782607,36.649626999999995,1.1738317869565216,26.998131099999995
US-Var,2013,NDVI,year,,172.0,154.1066685378567,119.20173998617176,100.57360013959313,154.1066685378567,119.20173998617176,100.57360013959313,38.4133,GRA,,,,,,,,,,,,,,,,,,,,,,,,,,,,,,,,,,,,,,,19.0,4.573024736842106,86.88747000000001,1.837336836842105,34.9093999
US-Var,2013,EVI,year,103.0327128403832,172.0,158.68955253194744,126.24780034775672,110.55718052480624,158.68955253194744,126.24780034775672,110.55718052480624,38.4133,GRA,69.0,0.9314051623188407,64.26695620000001,-0.027734523768115922,-1.9136821399999986,19.390434782608693,334.89513043478263,15.015710144927537,4.8260000000000005,,,,,,,,,,,,,,,7.0,5.478119999999999,38.34683999999999,2.6597571428571425,18.618299999999998,23.0,3.138320869565217,72.18137999999999,1.010546256521739,23.242563899999993,55.0,1.2426768109090909,68.3472246,0.0769287610909091,4.231081860000001,16.0,2.1146587500000003,33.834540000000004,0.28901649375,4.6242639
US-Var,2013,NIRv,year,,172.0,152.2787934892856,118.6395774940121,100.50312374316948,152.2787934892856,118.6395774940121,100.50312374316948,38.4133,GRA,,,,,,,,,,,,,,,,,,,,,,,,,,,,,,,,,,,,,,,18.0,4.733701111111111,85.20662,1.9598366055555556,35.2770589
US-Var,2014,NDVI,year,41.74571780124924,172.0,160.36195732147382,136.3555938607513,115.95144190624636,160.36195732147382,136.3555938607513,115.95144190624636,38.4133,GRA,131.0,4.449274419847328,582.854949,0.824178296946565,107.96735690000001,16.64696183206107,272.97343511450384,10.92432061068702,206.50199999999998,,,,,,,,,,,,,,,74.0,6.549665783783784,484.675268,1.2082728905405407,89.4121939,95.0,6.224334821052635,591.3118080000003,1.4296779463157891,135.81940489999997,119.0,4.9500998655462185,589.061884,0.9666454361344539,115.03080690000002,21.0,5.077930476190477,106.63654000000001,2.209867190476191,46.40721100000001
US-Var,2014,EVI,year,47.111274252266,172.0,153.50857810335134,132.78700570065394,115.351560735901,153.50857810335134,132.78700570065394,115.351560735901,38.4133,GRA,125.0,4.591298159999999,573.9122699999999,0.9616866952,120.2108369,16.80584,279.6729679999999,11.279192000000002,202.18399999999997,,,,,,,,,,,,,,,68.0,6.996067485294118,475.732589,1.4949363808823533,101.65567390000002,85.0,6.814001282352944,579.1901090000002,1.7842202576470587,151.6587219,106.0,5.507208688679245,583.7641209999999,1.2478892349056603,132.2762589,17.0,6.085736470588236,103.45752,2.941355764705883,50.00304800000001
US-Var,2014,NIRv,year,58.40949362472446,172.0,150.94092446369976,131.31104286661142,113.88129760240275,150.94092446369976,131.31104286661142,113.88129760240275,38.4133,GRA,114.0,4.8079734210526315,548.10897,1.1633366921052632,132.6203829,17.23321052631579,289.57395614035084,11.796640350877192,176.784,,,,,,,,,,,,,,,55.0,7.954732345454546,437.510279,2.0026930163636365,110.14811590000001,73.0,7.553981904109591,551.4406790000002,2.245148505479452,163.8958409,92.0,6.078347565217393,559.2079760000001,1.5971285967391307,146.9358309,18.0,6.329466666666666,113.93039999999999,2.9859847222222218,53.74772499999999
US-Var,2015,NDVI,year,18.186391650449167,172.0,362.0,136.29949552560646,98.2271092448537,362.0,136.29949552560646,98.2271092448537,38.4133,GRA,154.0,3.3728323025974025,519.4161746,0.32742958636363634,50.42415629999999,15.29348051948052,246.21366233766236,8.755902597402597,222.758,,,,,,191.0,0.21081521895287952,40.26570681999999,-0.6750158689005236,-128.92803096,18.63092670157068,223.47086910994764,14.504036649214658,184.658,80.0,4.17779629125,334.2237033,0.25656533375,20.5252267,118.0,4.074616943220339,480.8047993,0.6433037144067796,75.90983829999999,344.0,1.6284249227325582,560.17817342,-0.2256441618023256,-77.62159166,38.0,3.8573972631578948,146.581096,1.4574897789473682,55.38461159999999
US-Var,2015,EVI,year,20.352563068055137,172.0,164.0621697898216,136.2898473974561,108.5707328193142,164.0621697898216,136.2898473974561,108.5707328193142,38.4133,GRA,152.0,3.4189840874999997,519.6855813,0.35532477828947373,54.00936630000001,15.373065789473685,249.15392105263157,8.853690789473683,222.25,,,,,,,,,,,,,,,88.0,4.389721704545455,386.29551000000004,0.45123559886363634,39.7087327,116.0,4.147191431034482,481.07420599999995,0.6853021405172414,79.4950483,144.0,3.6371008006944447,523.7425153,0.43411876597222226,62.51310230000001,28.0,3.384953428571429,94.77869600000001,1.420939842857143,39.7863156
US-Var,2015,NIRv,year,21.501064688193,172.0,160.64511284457205,133.68659266050017,106.76914155877104,160.64511284457205,133.68659266050017,106.76914155877104,38.4133,GRA,151.0,3.4348633860927142,518.6643712999999,0.3596044721854305,54.30027530000001,15.416900662251658,250.2233509933775,8.901688741721854,222.25,,,,,,,,,,,,,,,85.0,4.41946588235294,375.6545999999999,0.42084849058823537,35.77212170000001,112.0,4.210273089285715,471.55058600000007,0.6990893812500001,78.2980107,139.0,3.7645570100719428,523.2734244000001,0.4853219446043166,67.45975030000001,27.0,3.5517031851851857,95.89598600000001,1.575032925925926,42.525889
US-Var,2016,NDVI,year,,173.0,374.0,374.0,374.0,374.0,374.0,374.0,38.4133,GRA,,,,,,,,,,202.0,0.9860169381134021,199.1754214989072,-0.8400287216494846,-169.6858017731959,202.0,0.9860169381134021,199.1754214989072,-0.8400287216494846,-169.6858017731959,18.314840206185565,226.6720463917526,13.903077319587629,337.46911340206185,,,,,,,,,,,,,,,,,,,,
US-Var,2016,EVI,year,11.590717344464144,173.0,374.0,144.06259164070534,117.11014626317004,374.0,144.06259164070534,117.11014626317004,38.4133,GRA,162.0,4.705980711728396,762.3688753000001,0.8590096271604938,139.1595596,15.567234567901233,229.9374012345679,8.248283950617283,377.19000000000005,,,,,,202.0,0.9860169381134021,199.1754214989072,-0.8400287216494846,-169.6858017731959,18.314840206185565,226.6720463917526,13.903077319587629,337.46911340206185,106.0,6.004555594339623,636.482893,1.135948499056604,120.41054090000003,133.0,5.726327872180452,761.6016070000001,1.1776585481203008,156.62858690000002,363.0,2.687018398011267,975.38767847809,-0.06548920112676054,-23.772580009014078,27.0,4.634026444444445,125.11871400000003,1.341409111111111,36.218046
US-Var,2016,NIRv,year,18.251660906132415,173.0,161.2146451573421,138.21372121256957,118.40743847601898,161.2146451573421,138.21372121256957,118.40743847601898,38.4133,GRA,155.0,4.807428679354839,745.1514453,0.9299276296774195,144.1387826,15.746438709677422,236.59189032258067,8.47663870967742,334.01000000000005,,,,,,,,,,,,,,,100.0,6.256979630000001,625.6979630000001,1.271672339,127.1672339,120.0,6.101983225,732.237987,1.3217972658333332,158.6156719,143.0,5.241440692307692,749.5260189999999,1.0596145916083917,151.5248866,20.0,5.3270012,106.54002399999999,1.5724218999999997,31.448437999999996
US-Var,2017,NDVI,year,87.36268801153007,172.0,163.69247617461286,139.16037669268445,116.75036267196135,163.69247617461286,139.16037669268445,116.75036267196135,38.4133,GRA,85.0,3.6178736588235303,307.5192610000001,0.5320444235294117,45.223775999999994,17.686764705882354,296.2940117647059,10.936035294117646,98.04400000000001,,,,,,,,,,,,,,,29.0,5.263126206896552,152.63066,1.3653850862068966,39.5961675,52.0,5.6332857692307705,292.93086000000005,1.6581546153846152,86.22403999999999,76.0,4.10560147368421,312.025712,0.7592166578947369,57.700466000000006,23.0,6.100008695652175,140.30020000000002,2.0272988043478266,46.62787250000001
US-Var,2017,EVI,year,7.726139906408008,172.0,160.67034385651849,135.1288028218476,109.65772321875312,160.67034385651849,135.1288028218476,109.65772321875312,38.4133,GRA,165.0,3.0900118975757582,509.8519631000001,0.16786762230303032,27.69815768,14.528230303030302,217.7470121212121,7.272636363636364,694.4359999999999,,,,,,,,,,,,,,,102.0,3.0248199225490198,308.5316321,0.07023979588235296,7.164459180000002,128.0,3.75980407890625,481.2549221,0.53035211859375,67.88507118,153.0,3.36952524248366,515.5373621,0.2857147560784314,43.71435768,26.0,6.643203461538461,172.72329,2.3354081538461537,60.720611999999996
US-Var,2017,NIRv,year,7.854522671152085,172.0,159.44062009141152,136.4374817163777,113.48392823770652,159.44062009141152,136.4374817163777,113.48392823770652,38.4133,GRA,165.0,3.0900118975757582,509.8519631000001,0.16786762230303032,27.69815768,14.528230303030302,217.7470121212121,7.272636363636364,694.4359999999999,,,,,,,,,,,,,,,106.0,3.1887746424528305,338.0101121,0.18889499226415096,20.02286918,129.0,3.748576450387597,483.5663621,0.5223752339534885,67.38640518000001,152.0,3.3895408296052634,515.2102061,0.2919745307894737,44.380128680000006,23.0,6.328532608695651,145.55624999999998,2.0592841739130434,47.363535999999996
US-Var,2018,NDVI,year,29.264226009274317,172.0,169.58535810804787,148.2310282384458,128.97358879253883,169.58535810804787,148.2310282384458,128.97358879253883,38.4133,GRA,143.0,4.305582135915492,615.6982454359154,0.2992412160839161,42.7914939,14.27534965034965,254.62330069930067,7.907951048951049,322.322,,,,,,,,,,,,,,,99.0,5.715801275510204,565.8643262755102,0.5638579989898991,55.821941900000006,119.0,5.260246474576273,625.9693304745765,0.5909280831932773,70.32044189999999,140.0,4.41387841942446,617.9429787194244,0.3286922707142857,46.016917899999996,20.0,3.02802795,60.560559,0.724925,14.4985
US-Var,2018,EVI,year,30.866605924433166,172.0,162.43578760650448,145.30977321157172,129.96298142581617,162.43578760650448,145.30977321157172,129.96298142581617,38.4133,GRA,142.0,4.305677966666667,611.4062712666667,0.30510537957746475,43.32496389999999,14.297084507042255,255.3664929577465,7.933760563380282,322.322,,,,,,,,,,,,,,,99.0,5.719044642857143,566.1854196428571,0.584207796969697,57.83657190000001,115.0,5.379095657894736,618.5960006578947,0.6296765295652175,72.41280090000001,132.0,4.689507750381679,619.0150230503816,0.41828490833333326,55.21360789999999,16.0,3.296908125,52.75053,0.9110143125,14.576229
US-Var,2018,NIRv,year,32.64543270621256,172.0,160.30363039007364,144.9565019893291,131.2201365563203,160.30363039007364,144.9565019893291,131.2201365563203,38.4133,GRA,140.0,4.310036930215827,603.4051702302158,0.316552485,44.3173479,14.329992857142857,256.88102142857144,7.984221428571428,322.32200000000006,,,,,,,,,,,,,,,99.0,5.734788010204082,567.7440130102041,0.6374848070707072,63.11099590000001,112.0,5.442474999999999,609.5571999999999,0.6598152223214286,73.8993049,128.0,4.789020868503936,612.9946711685038,0.4633665773437501,59.31092190000001,13.0,3.2388846153846154,42.1055,0.8298699230769231,10.788309
US-Var,2019,NDVI,year,23.84880265361166,172.0,183.0937515573133,144.96920445759045,116.18661990324703,183.0937515573133,144.96920445759045,116.18661990324703,38.4133,GRA,149.0,5.02076977181208,748.0946959999999,0.8575604389261743,127.77650539999996,14.144704697986574,228.31488590604025,7.228865771812082,517.652,,,,,,12.0,0.044676075,0.5361129,-0.8708588333333332,-10.450306,22.17533333333333,357.9203333333333,18.463166666666666,0.0,93.0,5.79807882795699,539.2213310000001,1.2759589569892473,118.66418300000001,121.0,5.780893876033057,699.4881589999999,1.3184598256198348,159.5336389,160.0,4.679034009375,748.6454415000001,0.7391375587500001,118.26200940000001,28.0,5.723815285714286,160.266828,1.4596234250000002,40.869455900000005
US-Var,2019,EVI,year,17.0,172.0,165.68386193766625,135.54171299505492,116.15932699779744,165.68386193766625,135.54171299505492,116.15932699779744,38.4133,GRA,156.0,4.864139839743589,758.8058149999999,0.7748471499999998,120.87615539999997,13.970666666666663,222.47666025641024,7.00873717948718,540.258,,,,,,,,,,,,,,,100.0,5.4993245,549.93245,1.1176383300000001,111.763833,119.0,5.641365865546217,671.3225379999999,1.4156409991596641,168.46127890000002,149.0,5.091264402684564,758.598396,0.8620594120805368,128.44685239999998,19.0,6.388952,121.39008799999999,2.9840761,56.6974459
US-Var,2019,NIRv,year,27.880495481458727,172.0,165.88405000468745,137.5020090312686,116.10973404350489,165.88405000468745,137.5020090312686,116.10973404350489,38.4133,GRA,145.0,5.075458662068965,735.941506,0.9025512027586207,130.8699244,14.260337931034481,230.6209172413793,7.319724137931034,517.652,,,,,,,,,,,,,,,89.0,5.922113943820226,527.0681410000001,1.3680629438202245,121.75760199999998,110.0,5.891521627272727,648.067379,1.5853165536363636,174.3848209,138.0,5.3314064275362325,735.734087,1.0031929086956521,138.4406214,21.0,5.761868476190476,120.999238,2.5060580428571426,52.627218899999995
US-Var,2020,NDVI,year,25.70746159562385,173.0,164.49016828809704,142.32358874619473,122.3755297913158,164.49016828809704,142.32358874619473,122.3755297913158,38.4133,GRA,148.0,4.118813094141891,609.5843379329999,1.0607431486486487,156.98998600000002,15.051533783783784,245.85581756756756,9.491297297297297,238.25199999999998,,,,,,,,,,,,,,,97.0,5.547041340206186,538.0630100000001,1.5817978969072166,153.43439600000002,117.0,5.021819393162392,587.5528689999999,1.518327358974359,177.644301,139.0,4.360350902158274,606.0887754,1.184391028776978,164.63035299999996,20.0,2.47449295,49.489859,1.21049525,24.209905
US-Var,2020,EVI,year,26.018938747655227,173.0,156.4360682532971,135.44413552331395,117.1108229142455,156.4360682532971,135.44413552331395,117.1108229142455,38.4133,GRA,147.0,4.1283556321972785,606.868277933,1.0638937278911564,156.392378,15.0707074829932,246.9223605442177,9.540224489795918,223.266,,,,,,,,,,,,,,,91.0,5.495582527472528,500.09801,1.5511027252747254,141.150348,109.0,5.322607458715597,580.164213,1.5776235504587157,171.960967,130.0,4.632850169230769,602.270522,1.3179848076923077,171.33802500000002,18.0,4.448122388888888,80.06620299999999,1.7117010555555554,30.810618999999996
US-Var,2020,NIRv,year,27.93424394323344,173.0,153.91484066202014,134.5751941044682,117.87425066661336,153.91484066202014,134.5751941044682,117.87425066661336,38.4133,GRA,146.0,4.134217862554795,603.5958079330001,1.067122904109589,155.799944,15.100410958904108,247.69273287671228,9.585671232876711,223.266,,,,,,,,,,,,,,,90.0,5.520283777777777,496.82553999999993,1.5617545999999998,140.55791399999998,107.0,5.385205401869159,576.216978,1.5928489158878507,170.43483400000002,126.0,4.741282912698412,597.4016469999999,1.3752455634920635,173.280941,17.0,4.6700845882352935,79.391438,1.757465882352941,29.87692
US-Var,2022,NDVI,year,,172.0,161.54878396967544,131.61109159928304,101.67988838323409,161.54878396967544,131.61109159928304,101.67988838323409,38.4133,GRA,,,,,,,,,,,,,,,,,,,,,,,,,,,,,,,,,,,,,,,30.0,4.752323,142.56968999999998,0.8772326333333332,26.316978999999996
US-Var,2022,EVI,year,3.989139031802707,172.0,166.0289145974684,121.01861533846514,84.41656484170599,166.0289145974684,121.01861533846514,84.41656484170599,38.4133,GRA,169.0,4.431828279881657,748.9789793,0.8829854207100591,149.2245361,14.346325443786982,237.79707100591716,9.515621301775147,103.42,,,,,,,,,,,,,,,81.0,5.922819506172839,479.74838,1.1718127074074074,94.9168293,118.0,5.9469218644067805,701.7367800000001,1.3288846466101694,156.8083883,163.0,4.5884659196319015,747.9199448999999,0.9197490214723927,149.9190905,37.0,5.999686486486487,221.9884,1.6727448378378378,61.891559
US-Var,2022,NIRv,year,3.926122817903039,172.0,163.01530833592224,118.41944068014496,82.55514499993747,163.01530833592224,118.41944068014496,82.55514499993747,38.4133,GRA,169.0,4.431828279881657,748.9789793,0.8829854207100591,149.2245361,14.346325443786982,237.79707100591716,9.515621301775147,103.42,,,,,,,,,,,,,,,79.0,5.880629873417721,464.56976,1.1532512569620255,91.10684930000001,115.0,5.976917391304348,687.3455,1.3252452895652174,152.4032083,160.0,4.67056731875,747.290771,0.9394066168750002,150.30505870000002,36.0,6.1882150000000005,222.77574,1.7026766388888885,61.29635899999999
US-Var,2023,NDVI,year,20.38929575642232,172.0,169.71208231065893,146.01358996030325,124.30680337238536,169.71208231065893,146.01358996030325,124.30680337238536,38.4133,GRA,152.0,4.142015322368421,629.586329,0.6823603864473684,103.71877874,12.72846052631579,233.46267763157894,6.773157894736842,273.05,,,,,,,,,,,,,,,104.0,5.084416,528.779264,0.9340613846153846,97.14238399999999,126.0,4.925800428571429,620.650854,0.8956036817460316,112.84606389999998,149.0,4.231964046979866,630.562643,0.7073829848322147,105.40006473999999,22.0,4.175981363636364,91.87159,0.7138036318181817,15.703679899999997
US-Var,2023,EVI,year,20.48657015806296,172.0,171.0830433876372,144.6371565491151,122.5375630288989,171.0830433876372,144.6371565491151,122.5375630288989,38.4133,GRA,152.0,4.142015322368421,629.586329,0.6823603864473684,103.71877874,12.72846052631579,233.46267763157894,6.773157894736842,273.05,,,,,,,,,,,,,,,102.0,5.0876228823529415,518.937534,0.9192499411764705,93.763494,124.0,4.983413177419355,617.9432340000001,0.9083433790322579,112.63457899999999,151.0,4.171877397350993,629.953487,0.6909467598675496,104.33296073999999,22.0,4.500259090909091,99.00569999999999,0.8577765909090908,18.871084999999997
US-Var,2023,NIRv,year,21.850612966488764,172.0,179.4203650521534,145.69770950721335,120.11035584016406,179.4203650521534,145.69770950721335,120.11035584016406,38.4133,GRA,151.0,4.156668139072847,627.656889,0.6897242764238409,104.14836573999997,12.7732119205298,234.05014569536425,6.799324503311257,273.05,,,,,,8.0,-0.13697627499999998,-1.0958101999999998,-0.449692875,-3.597543,18.631499999999996,359.984125,11.975125,0.0,99.0,5.1174078181818174,506.6233739999999,0.9044750606060606,89.543031,124.0,4.979935596774193,617.5120139999999,0.9133746048387097,113.25845100000001,158.0,3.9679002329113926,626.9282368,0.6402848401265823,101.16500474,25.0,4.4355456,110.88864000000001,0.9486168,23.71542
US-Var,2024,NDVI,year,20.81893839025212,173.0,164.50356270870057,144.87215348830603,126.84908089834276,164.50356270870057,144.87215348830603,126.84908089834276,38.4133,GRA,153.0,5.330791379300653,815.6110810329999,0.6597521346405228,100.9420766,14.66881699346405,236.24379738562092,7.496660130718954,343.115,,,,,,,,,,,,,,,106.0,6.6608827358490545,706.0535699999998,0.8097495622641508,85.83345359999998,124.0,6.48417943548387,804.03825,0.9682514483870968,120.0631796,144.0,5.674061396479167,817.064841093,0.7403533375,106.6108806,18.0,5.443593333333333,97.98468,1.9016514444444443,34.229726
US-Var,2024,EVI,year,20.87245125143098,173.0,160.4557498804446,144.36746457826249,128.27940466820343,160.4557498804446,144.36746457826249,128.27940466820343,38.4133,GRA,153.0,5.330791379300653,815.6110810329999,0.6597521346405228,100.9420766,14.66881699346405,236.24379738562092,7.496660130718954,343.115,,,,,,,,,,,,,,,108.0,6.672156944444442,720.5929499999997,0.8506491074074073,91.8701036,124.0,6.48417943548387,804.03825,0.9682514483870968,120.0631796,140.0,5.845001182092856,818.3001654929999,0.7891360757142858,110.47905060000001,16.0,5.21533125,83.4453,1.7620672499999999,28.193075999999998
US-Var,2024,NIRv,year,24.161087150816883,173.0,159.00108506034175,140.93329045627576,124.6502102295197,159.00108506034175,140.93329045627576,124.6502102295197,38.4133,GRA,149.0,5.416301886127517,807.028981033,0.7010835208053691,104.4614446,14.738785234899327,240.88677181208055,7.652429530201342,314.413,,,,,,,,,,,,,,,100.0,6.8854978,688.5497799999999,0.899023316,89.9023316,116.0,6.737127413793103,781.5067799999999,1.0429146689655173,120.9781016,135.0,5.998962233281482,809.859901493,0.8516658488888889,114.9748896,16.0,5.8098125,92.957,1.942235625,31.07577
US-Var,2025,NDVI,year,15.209654868836948,172.0,159.40469965373137,137.30221606524512,118.39019543499252,159.40469965373137,137.30221606524512,118.39019543499252,38.4133,GRA,157.0,4.522940968152866,710.1017319999999,0.656326658535032,103.04328539000002,14.118108280254775,238.36292993630576,7.504299363057324,294.198,,,,,,,,,,,,,,,103.0,5.748791747572815,592.12555,0.6022292552427185,62.02961329000001,122.0,5.59618786885246,682.7349200000001,0.8232397236885247,100.43524629000001,144.0,4.9064241875,706.525083,0.7047806825694445,101.48841829,19.0,4.768914210526316,90.60937,2.021349105263158,38.405633
US-Var,2025,EVI,year,24.414118855810447,172.0,157.24291262232316,134.2163749364168,116.0970786244565,157.24291262232316,134.2163749364168,116.0970786244565,38.4133,GRA,148.0,4.666879540540541,690.6981720000001,0.7230943269594595,107.01796039000001,14.485222972972974,244.18922297297294,7.686493243243244,294.197,,,,,,,,,,,,,,,92.0,6.073415108695652,558.75419,0.6733374922826088,61.94704929,110.0,5.964578909090909,656.1036799999999,0.9318289026363638,102.50117929000001,133.0,5.156838097744361,685.859467,0.790473212706767,105.13293729,18.0,5.4083049999999995,97.34948999999999,2.253007222222222,40.55413
US-Var,2025,NIRv,year,38.93099769733662,172.0,156.5618925189081,134.53398850843715,116.58244588894898,156.5618925189081,134.53398850843715,116.58244588894898,38.4133,GRA,134.0,4.914221208955222,658.5056419999999,0.9024746066417911,120.93159729000001,15.071865671641792,259.19745522388064,8.198604477611939,192.63600000000005,,,,,,,,,,,,,,,78.0,6.7507905128205135,526.5616600000001,0.972572899871795,75.86068619000001,96.0,6.499074479166666,623.9111499999999,1.2126543353125,116.41481619000001,118.0,5.534302618644066,653.0477089999998,1.0097025092372882,119.14489609,18.0,5.4083049999999995,97.34948999999999,2.253007222222222,40.55413
US-Vcm,2014,NDVI,year,100.99186989048088,172.0,306.1436558949404,281.3314446444249,253.96258135392756,306.1436558949404,281.3314446444249,253.96258135392756,35.8885,ENF,72.0,1.1253550277777777,81.025562,-0.03490311902777776,-2.513024569999999,7.022819444444444,311.9602638888889,7.524291666666667,56.82299999999999,82.0,2.0129560243902436,165.06239399999998,-0.46533489134146333,-38.15746108999999,135.0,1.7065588296296297,230.385442,-0.341232402962963,-46.0663744,11.298792592592592,246.75031111111113,7.111725925925925,263.926,153.0,1.597086248366013,244.354196,-0.2669668539869281,-40.84592866,181.0,1.6058976685082873,290.667478,-0.22545292580110496,-40.806979569999996,206.0,1.5032875922330098,309.67724400000003,-0.23667399014563106,-48.75484197,28.0,1.6540457857142858,46.313282,0.0013910389285714253,0.03894908999999991
US-Vcm,2014,EVI,year,76.31757900936182,172.0,308.600642158694,287.91093844423216,259.97254053964264,308.600642158694,287.91093844423216,259.97254053964264,35.8885,ENF,96.0,1.0017597083333334,96.16893200000001,0.0025135679166666627,0.24130251999999963,5.214260416666666,307.941375,6.70071875,66.24199999999999,88.0,2.007389022727273,176.650234,-0.4444226317045455,-39.10919159,137.0,1.6891994452554744,231.420324,-0.3420472802919708,-46.8604774,11.107182481751824,245.96805839416055,7.088941605839416,271.36699999999996,183.0,1.4813410163934428,271.08540600000003,-0.2133515413661202,-39.04333207,211.0,1.4729602654028437,310.794616,-0.19212360274881518,-40.53808018,232.0,1.404549551724138,325.855496,-0.20170093913793102,-46.79461788,28.0,1.4181860714285717,39.709210000000006,-0.05338386107142858,-1.4947481100000004
US-Vcm,2014,NIRv,year,78.87046839744953,172.0,308.5979002346173,288.9984496334568,263.16354218432144,308.5979002346173,288.9984496334568,263.16354218432144,35.8885,ENF,94.0,1.0102785212765957,94.96618099999999,-0.004271739148936171,-0.40154348000000006,5.437180851063831,307.8308191489362,6.778372340425531,66.24199999999999,92.0,2.0059455869565217,184.54699399999998,-0.42153381304347826,-38.7811108,137.0,1.6891994452554744,231.420324,-0.3420472802919708,-46.8604774,11.107182481751824,245.96805839416055,7.088941605839416,271.36699999999996,185.0,1.5015103513513515,277.77941500000003,-0.2127464717837838,-39.35809728,210.0,1.480593404761905,310.924615,-0.19509525800000002,-40.970004180000004,230.0,1.4115336739130433,324.652745,-0.2062498429565217,-47.437463879999996,25.0,1.3258079999999999,33.145199999999996,-0.064476276,-1.6119069
US-Vcm,2016,NDVI,year,143.6123607527956,173.0,301.28931867111334,286.0307851371096,270.6302121270236,301.28931867111334,286.0307851371096,270.6302121270236,35.8885,ENF,30.0,2.9653556666666674,88.96067000000002,1.2594446333333331,37.78333899999999,12.136866666666664,326.48586666666665,9.741433333333335,22.046999999999997,98.0,2.6556602040816335,260.25470000000007,0.3875414285714286,37.979060000000004,129.0,2.375286069767441,306.41190299999994,0.4278496565891473,55.1926057,11.572720930232556,243.0939534883721,7.6506976744186055,240.344,127.0,2.728679606299213,346.54231000000004,0.5885099133858267,74.740759,143.0,2.620176825174825,374.685286,0.5983992776223777,85.5710967,158.0,2.4854399556962026,392.699513,0.5819892702531645,91.9543047,16.0,1.758936,28.142976,0.6768961062500001,10.830337700000001
US-Vcm,2016,EVI,year,136.5087696817764,173.0,300.5906405485011,281.6372561405027,262.3542038762342,300.5906405485011,281.6372561405027,262.3542038762342,35.8885,ENF,37.0,2.712085675675676,100.34717,1.145502116216216,42.38357829999999,11.040297297297295,316.2948918918919,8.936945945945947,27.283,90.0,2.7056637777777777,243.50974,0.38670022222222217,34.80302,128.0,2.3853912734375,305.330083,0.42749645078125,54.7195457,11.5907890625,243.41162500000002,7.655890625,240.344,126.0,2.707808333333332,341.18384999999984,0.6044837960317461,76.16495830000001,145.0,2.6124700689655174,378.80816000000004,0.6069008848275861,88.00062829999999,164.0,2.4573426402439025,403.004193,0.5858627073170732,96.08148400000002,19.0,1.9802268421052631,37.62431,0.6229299999999999,11.835669999999997
US-Vcm,2016,NIRv,year,141.60456480020517,173.0,299.4640357532131,279.7538587475749,259.6941153580905,299.4640357532131,279.7538587475749,259.6941153580905,35.8885,ENF,32.0,2.89372875,92.59932,1.22897583125,39.3272266,11.955,330.73693749999995,9.6773125,22.046999999999997,87.0,2.71735091954023,236.40953,0.3758275287356323,32.69699500000001,127.0,2.396434125984252,304.34713400000004,0.42796807637795276,54.3519457,11.624078740157483,243.65064566929132,7.674338582677164,240.344,118.0,2.765557542372881,326.33579,0.601716793220339,71.0025816,138.0,2.663351811594203,367.54255,0.6030665623188405,83.2231856,158.0,2.495401227848101,394.27339399999994,0.5864400778481011,92.65753229999999,20.0,2.060338,41.206759999999996,0.6110302,12.220604
US-Vcm,2019,NDVI,year,134.27635085378287,172.0,306.9130329354258,279.5625377488196,250.06238176871065,306.9130329354258,279.5625377488196,250.06238176871065,35.8885,ENF,38.0,2.484481921052631,94.41031299999999,0.9837603815789475,37.382894500000006,8.182421052631579,306.9498421052632,7.013315789473685,15.103999999999997,79.0,2.6632446835443035,210.39632999999998,0.6619138207594937,52.29119184,135.0,2.0295335785185182,273.98703309999996,0.4834921810370371,65.27144444000001,11.60565925925926,258.83114074074075,8.717155555555555,192.71800000000002,116.0,2.5920143362068964,300.673663,0.7525889339655172,87.30031634,145.0,2.391807013793103,346.81201699999997,0.6422361657931035,93.12424404000001,172.0,2.117816081976744,364.26436609999996,0.5830265636046512,100.28056894000001,29.0,1.5909777241379308,46.13835399999999,0.20082509310344826,5.8239277
US-Vcm,2019,EVI,year,126.7135652066414,172.0,302.6371766293969,271.51770105207936,237.85902297497816,302.6371766293969,271.51770105207936,237.85902297497816,35.8885,ENF,46.0,2.2529496739130437,103.63568500000001,0.8235037500000001,37.881172500000005,7.439826086956521,291.3220434782609,6.470521739130435,45.77799999999999,66.0,2.802683484848484,184.97710999999995,0.7062915081818183,46.615239540000005,131.0,2.087710138167939,273.49002809999996,0.5026312957251909,65.84469974000001,12.008900763358778,260.20959541984735,8.827404580152672,191.428,111.0,2.5628812162162165,284.47981500000003,0.7398436219819818,82.12264203999999,145.0,2.389989620689655,346.548495,0.6468260651034483,93.78977944,176.0,2.1192768926136365,372.9927331,0.5758642172727272,101.35210223999998,34.0,1.8255494117647058,62.06867999999999,0.3431511,11.6671374
US-Vcm,2019,NIRv,year,121.26060607954888,172.0,316.36929511403883,273.5581664865601,225.5650627327364,316.36929511403883,273.5581664865601,225.5650627327364,35.8885,ENF,51.0,2.1494632352941174,109.62262499999999,0.7483638803921568,38.1665579,7.362980392156862,296.1454509803921,6.574960784313725,46.11,54.0,2.803521481481482,151.39016000000004,0.6980663248148146,37.695581539999985,145.0,1.9153283593103447,277.7226121,0.45690315613793103,66.25095764,11.073048275862067,252.66789655172414,8.517496551724138,214.712,104.0,2.4699981250000005,256.87980500000003,0.7066189369230768,73.48836943999999,152.0,2.336557138157895,355.15668500000004,0.6169179792105263,93.77153283999999,195.0,1.965191062051282,383.2122571,0.5233012591794872,102.04374554,48.0,2.047435,98.27688,0.4225659041666667,20.2831634
US-Vcm,2020,NDVI,year,125.33823087769638,173.0,315.4210612940491,279.52012741823063,233.2275509493067,315.4210612940491,279.52012741823063,233.2275509493067,35.8885,ENF,48.0,1.8830285624999998,90.38537099999999,0.49651454375000004,23.8326981,10.881541666666669,332.8766041666667,9.352979166666666,46.059,61.0,1.6047876393442626,97.89204600000002,0.09397703770491804,5.7325993,143.0,1.180796232167832,168.85386119999998,-0.13853970216783218,-19.811177410000003,12.500195804195805,240.18967132867127,10.57272027972028,132.01300000000003,108.0,1.722688305555555,186.05033699999996,0.26598772592592596,28.726674400000004,154.0,1.5530848636363637,239.175069,0.13314034214285717,20.503612690000004,190.0,1.3526955378947365,257.01215219999995,0.016752093105263145,3.1828976899999977,46.0,1.1548854782608695,53.124731999999995,-0.1787622110869565,-8.22306171
US-Vcm,2020,EVI,year,116.0857104709953,173.0,314.51298074244784,260.3067042547088,201.06098892984133,314.51298074244784,260.3067042547088,201.06098892984133,35.8885,ENF,57.0,1.7381129298245612,99.072437,0.39174277368421057,22.3293381,10.80859649122807,334.8069298245614,9.420017543859649,46.059,29.0,1.925283448275862,55.83322,0.5507784689655172,15.972575599999999,142.0,1.1893167267605633,168.8829752,-0.13325793246478876,-18.922626410000003,12.636478873239437,240.4736830985915,10.63275352112676,131.87700000000004,85.0,1.7962185529411763,152.678577,0.4407445964705883,37.4632907,144.0,1.5663911597222224,225.56032700000003,0.14874027777777776,21.418599999999998,198.0,1.3420622838383836,265.72833219999995,0.012970144898989915,2.5680886900000033,59.0,1.235283898305085,72.88175000000001,-0.27194391016949154,-16.0446907
US-Vcm,2020,NIRv,year,118.06952677062904,173.0,310.7039138061312,252.6705162159612,197.7080840003605,310.7039138061312,252.6705162159612,197.7080840003605,35.8885,ENF,55.0,1.7751721090909092,97.634466,0.41674920181818176,22.921206099999996,10.842436363636365,336.1158363636363,9.409436363636361,46.059,25.0,2.055206,51.38015,0.614201084,15.3550271,138.0,1.2249990289855073,169.049866,-0.10856894500000003,-14.982514410000004,12.962992753623189,244.16418840579706,10.839144927536232,125.13600000000002,79.0,1.858070075949367,146.787536,0.4738938000000002,37.437610200000016,134.0,1.6272627611940298,218.05320999999998,0.17969356119402985,24.0789372,192.0,1.3773815208333333,264.457252,0.036979524427083375,7.100068690000008,55.0,1.2957395272727268,71.26567399999998,-0.24288496363636367,-13.358673000000001
US-Vcm,2021,NDVI,year,140.0623647883072,172.0,319.7755100358096,275.81137694480174,244.4698702067702,319.7755100358096,275.81137694480174,244.4698702067702,35.8885,ENF,32.0,2.1916662593750003,70.13332030000001,0.95674471875,30.615831,13.4185625,307.50175,11.32153125,21.957,73.0,3.974639315068493,290.14867,0.5119031791780821,37.36893207999999,148.0,2.817361908108108,416.9695624,0.39838831905405403,58.96147121999999,10.715513513513514,230.08974324324325,7.145351351351352,272.249,104.0,3.4372784644230765,357.4769603,0.6482428661538463,67.41725808000001,135.0,3.2300013429629626,436.05018129999996,0.6180727124444445,83.43981618000001,179.0,2.705574596089385,484.2978526999999,0.4972614369832402,89.00979722,31.0,2.5346200322580645,78.573221,0.5168567129032258,16.022558099999998
US-Vcm,2021,EVI,year,131.88925432650277,172.0,315.8649998846302,270.3232105798716,238.686871361358,315.8649998846302,270.3232105798716,238.686871361358,35.8885,ENF,41.0,2.1238478121951223,87.07776030000001,0.9234014390243901,37.859458999999994,12.203170731707317,303.51170731707316,10.307341463414636,27.792999999999996,67.0,4.069262537313433,272.64059000000003,0.5488517116417911,36.773064680000005,144.0,2.8731846763888886,413.73859339999996,0.4082368272222222,58.78610312,10.864166666666668,231.64574305555556,7.169888888888888,272.249,107.0,3.3356385074766357,356.9133203,0.6921964362616824,74.06501868000001,139.0,3.2146605057553956,446.8378103,0.649912374676259,90.33782008,184.0,2.7065832809782613,498.01132370000005,0.5221633539130436,96.07805712000003,32.0,2.8101403124999997,89.92448999999999,0.50852504375,16.2728014
US-Vcm,2021,NIRv,year,140.8789448084683,172.0,310.8681751763032,268.7984366353087,240.7907307495936,310.8681751763032,268.7984366353087,240.7907307495936,35.8885,ENF,32.0,2.1916662593750003,70.13332030000001,0.95674471875,30.615831,13.4185625,307.50175,11.32153125,21.957,69.0,4.037181884057971,278.56555000000003,0.5391588649275363,37.201961680000004,139.0,2.953501779856115,410.53674739999997,0.4255578267625899,59.15253792,11.125474820143884,233.58969784172663,7.239705035971223,272.249,100.0,3.4589384030000008,345.8938403000001,0.6725028768,67.25028768,128.0,3.3371683617187498,427.15755029999997,0.6481300240625,82.96064308,170.0,2.81097081,477.8650377,0.5247109642352942,89.20086392,28.0,2.9022753571428574,81.26371,0.5610841214285714,15.710355400000001
US-Vcm,2022,NDVI,year,150.57846453048447,172.0,317.3952364227738,293.1091617784941,265.1265376439729,317.3952364227738,293.1091617784941,265.1265376439729,35.8885,ENF,22.0,2.615706227272727,57.545536999999996,1.006559172727273,22.144301800000004,13.704272727272725,315.8122727272728,10.946181818181818,45.745000000000005,94.0,2.978661882978722,279.9942169999999,-0.048315177872340444,-4.541626720000002,146.0,2.3104494520547942,337.32561999999996,-0.08308301246575345,-12.130119820000003,10.257061643835616,215.4260342465753,6.064753424657534,595.694,115.0,2.9250726434782606,336.38335399999994,0.15888693113043476,18.27199708,143.0,2.717366846153846,388.58345899999995,0.14475530685314686,20.700008880000002,167.0,2.3575733952095805,393.71475699999996,0.06397307772455087,10.683503979999994,28.0,1.864289464285714,52.20010499999999,0.08671470714285713,2.4280117999999997
US-Vcm,2022,EVI,year,140.741285216149,172.0,313.2965296506808,285.18464325428977,257.3372728482899,313.2965296506808,285.18464325428977,257.3372728482899,35.8885,ENF,32.0,2.6914214687499998,86.12548699999999,1.2051386812499998,38.56443779999999,11.78240625,319.88853125,10.033999999999999,45.745000000000005,86.0,2.9781424069767444,256.120247,-0.10720568744186044,-9.219689119999998,142.0,2.3858756633802813,338.79434419999995,-0.054475505774647895,-7.735521820000001,10.64599295774648,216.17602816901407,6.156873239436619,595.694,117.0,2.9152934529914534,341.08933400000006,0.2565305186324786,30.014070679999996,145.0,2.8025134137931036,406.36444500000005,0.25618805572413794,37.14726808,173.0,2.4494996023121387,423.7634312,0.18207073976878613,31.49823798,28.0,2.331253964285714,65.275111,0.25475705,7.133197399999999
US-Vcm,2022,NIRv,year,139.85246166119282,172.0,312.68605858357506,285.3452538505316,259.20807216550685,312.68605858357506,285.3452538505316,259.20807216550685,35.8885,ENF,33.0,2.707884454545455,89.36018700000001,1.2238166000000001,40.385947800000004,11.702727272727273,320.8697575757576,9.999575757575757,45.745,88.0,2.972326784090909,261.564757,-0.09466689909090911,-8.330687120000002,141.0,2.4023493028368788,338.7312516999999,-0.049411168936170216,-6.966974820000001,10.698354609929076,216.30321985815604,6.165943262411347,595.694,120.0,2.914737866666667,349.768544,0.27270485566666663,32.72458268,146.0,2.805473595890411,409.59914499999996,0.26690943890410956,38.96877807999999,173.0,2.4678325936416186,426.9350387,0.19704216751445086,34.08829498,26.0,2.301176961538461,59.83060099999999,0.2401613615384615,6.244195399999999
US-Vcm,2023,NDVI,year,120.9786366969722,172.0,322.23365216091446,283.0044925959512,214.59475222581275,322.23365216091446,283.0044925959512,214.59475222581275,35.8885,ENF,52.0,2.057889046153846,107.01023039999998,-0.23247042115384617,-12.0884619,9.012673076923077,301.79415384615385,6.980019230769231,64.16399999999999,43.0,2.143675186046512,92.17803300000001,-0.13779446279069765,-5.925161899999999,151.0,1.5127102602649007,228.41924930000002,-0.5778218470198676,-87.2510989,12.285410596026491,246.97272847682117,9.51066225165563,131.519,94.0,2.0784609936170213,195.3753334,-0.20540791276595743,-19.3083438,163.0,1.9455308674846625,317.1215314,-0.43140818895705524,-70.3195348,202.0,1.641666087623762,331.61654969999995,-0.4981895089108911,-100.6342808,69.0,1.7644376521739131,121.746198,-0.7392926231884058,-51.011191000000004
US-Vcm,2023,EVI,year,158.0573906938697,172.0,306.0681233563093,251.7694091642451,194.45142494805123,306.0681233563093,251.7694091642451,194.45142494805123,35.8885,ENF,14.0,3.796551428571429,53.151720000000005,1.218721285714286,17.062098000000002,11.746285714285714,358.0513571428572,10.462071428571429,1.103,23.0,2.7570921739130436,63.413120000000006,0.5558322217391305,12.784141100000001,135.0,1.6834958451851851,227.2719391,-0.5411118214814815,-73.0500959,13.215822222222224,257.32442962962966,9.990311111111112,118.29,36.0,3.1319975000000007,112.75191000000002,0.7930977527777776,28.551519099999993,93.0,2.3438513225806457,217.97817300000006,-0.20216441827956988,-18.801290899999998,148.0,1.8689914128378375,276.61072909999996,-0.3870453912162163,-57.28271790000001,57.0,1.846074789473684,105.22626299999999,-0.830751052631579,-47.352810000000005
US-Vcm,2023,NIRv,year,158.25990485933372,172.0,305.8934839697069,251.3224738953059,194.0394601043376,305.8934839697069,251.3224738953059,194.0394601043376,35.8885,ENF,14.0,3.796551428571429,53.151720000000005,1.218721285714286,17.062098000000002,11.746285714285714,358.0513571428572,10.462071428571429,1.103,23.0,2.7570921739130436,63.413120000000006,0.5558322217391305,12.784141100000001,134.0,1.694457284328358,227.05727609999997,-0.53861985,-72.17505990000001,13.27668656716418,257.70576119402983,10.011716417910447,118.29,36.0,3.1319975000000007,112.75191000000002,0.7930977527777776,28.551519099999993,93.0,2.3438513225806457,217.97817300000006,-0.20216441827956988,-18.801290899999998,147.0,1.8802453476190475,276.3960661,-0.3837257272108844,-56.40768190000001,57.0,1.846074789473684,105.22626299999999,-0.830751052631579,-47.352810000000005
US-Vcm,2024,NDVI,year,115.85507367585532,173.0,308.35159358922624,275.6625642051689,237.4042761343682,308.35159358922624,275.6625642051689,237.4042761343682,35.8885,ENF,58.0,1.4147066241379311,82.05298420000001,-0.6289810517241379,-36.480900999999996,9.629896551724137,311.5282931034483,8.407620689655174,77.165,65.0,3.072895092307692,199.738181,-0.5607350153846155,-36.447776000000005,136.0,2.3030029970588233,313.2084076,-0.5801738698529412,-78.9036463,13.222176470588234,236.6487426470588,8.749117647058824,272.85900000000004,122.0,2.290766845901639,279.47355519999996,-0.591999737704918,-72.223968,160.0,2.305036145,368.80578319999995,-0.57723703625,-92.3579258,193.0,2.035978144041451,392.9437818,-0.5941960533678756,-114.6798383,38.0,2.3508481052631574,89.33222799999999,-0.529840994736842,-20.133957799999994
US-Vcm,2024,EVI,year,121.52872206957102,173.0,304.61546550840177,266.91036921948177,230.6950786767494,304.61546550840177,266.91036921948177,230.6950786767494,35.8885,ENF,52.0,1.5570827961538463,80.9683054,-0.5644752115384615,-29.352710999999996,10.43821153846154,314.47344230769227,8.952788461538463,70.442,58.0,3.0237481206896555,175.37739100000002,-0.6003046258620689,-34.817668299999994,132.0,2.3643142098484846,312.0894757,-0.5640346916666668,-74.45257930000001,13.569212121212122,238.62900757575758,8.866545454545454,267.694,109.0,2.330532902752294,254.02808640000006,-0.5822538559633027,-63.46567029999999,145.0,2.4528585268965517,355.6644864,-0.5353527641379311,-77.6261508,183.0,2.1351921918032786,390.7401711,-0.5633911546448087,-103.10058129999999,36.0,2.823233333333333,101.6364,-0.39334668055555555,-14.1604805
US-Vcm,2024,NIRv,year,126.32500324382244,173.0,303.0005630537364,264.705137989075,230.486273589626,303.0005630537364,264.705137989075,230.486273589626,35.8885,ENF,47.0,1.6709046893617023,78.53252040000001,-0.4902006595744682,-23.039431000000004,10.801361702127661,310.3257234042553,9.163617021276595,70.442,58.0,3.0237481206896555,175.37739100000002,-0.6003046258620689,-34.817668299999994,131.0,2.3894921122137402,313.0234667,-0.5551109106870229,-72.7195293,13.703045801526718,239.26670229007635,8.919152671755725,267.399,104.0,2.419156744230769,251.5923014,-0.5495422144230769,-57.1523903,138.0,2.539959720289855,350.5144414,-0.5043992159420291,-69.6070918,177.0,2.199086876271186,389.2383770999999,-0.537029668361582,-95.0542513,34.0,2.909474705882353,98.92214,-0.36631475,-12.4547015
US-Vcm,2025,EVI,year,111.40537128313944,172.0,317.3396628092024,287.4389926225295,248.8204147140022,317.3396628092024,287.4389926225295,248.8204147140022,35.8885,ENF,61.0,2.1255846229508197,129.660662,-0.49205155573770504,-30.015144900000006,9.772491803278687,312.4356393442623,8.579885245901638,85.513,77.0,2.9161029870129873,224.53993000000003,-0.06147057740259742,-4.733234460000001,146.0,2.2417876575342466,327.300998,-0.4762567497260274,-69.53348546,11.972184931506849,238.9453150684932,8.065972602739727,247.834,137.0,2.5652081167883214,351.433512,-0.2562153383941606,-35.10150136,176.0,2.456248306818182,432.299702,-0.3873979906818182,-68.18204636,206.0,2.204828058252428,454.19458000000014,-0.4849599629126212,-99.90175235999997,39.0,2.0734920512820514,80.86619,-0.8482191025641024,-33.080544999999994
US-Vcm,2025,NIRv,year,116.44859053014666,172.0,316.2885742273416,288.4225211530338,253.5911466996942,316.2885742273416,288.4225211530338,253.5911466996942,35.8885,ENF,56.0,2.229141928571429,124.83194800000001,-0.4536594803571429,-25.4049309,9.92082142857143,308.55769642857143,8.639446428571429,84.856,82.0,2.8512549999999997,233.80290999999997,-0.10707187146341464,-8.77989346,145.0,2.254790793103448,326.944665,-0.4711694169655172,-68.31956545999999,12.007772413793104,239.55742758620693,8.073075862068965,247.834,137.0,2.59757502189781,355.867778,-0.2521017982481752,-34.53794636,172.0,2.494153069767442,428.994328,-0.3724197811627906,-64.05620235999999,200.0,2.245047665,449.009533,-0.47038809179999996,-94.07761835999999,35.0,2.0893300000000004,73.12655000000001,-0.8433787428571428,-29.518255999999997
US-Vcp,2013,NDVI,year,99.0,172.0,352.5831443509656,302.5058116851286,269.7922511630482,352.5831443509656,302.5058116851286,269.7922511630482,35.8641,ENF,74.0,4.698995362318842,347.72565681159426,1.926262672463768,142.54343776231883,10.62877027027027,274.1439324324324,10.254175675675675,29.968000000000004,98.0,,,,,181.0,3.6360508741721853,658.1252082251656,0.2887612072847682,52.26577851854304,9.451453038674034,195.86125414364642,6.484193370165746,414.46099999999996,171.0,4.517442700729927,772.4827018248176,1.0076898919708028,172.3149715270073,204.0,4.42128105882353,901.9413360000001,1.0334010570588237,210.81381564000003,254.0,3.9694289181818188,1008.234945218182,0.8023412122727271,203.7946679172727,33.0,4.022064545454546,132.72813000000002,1.1401413484848486,37.6246645
US-Vcp,2014,NDVI,year,6.0,172.0,312.36105489906464,281.2710131836404,248.98514304289043,312.36105489906464,281.2710131836404,248.98514304289043,35.8641,ENF,167.0,2.8162826526946105,470.31920299999996,0.9208824562275452,153.78737019000005,5.304520958083834,224.13068263473053,6.820209580838324,86.99000000000001,77.0,4.022492246753247,309.731903,-0.446877261038961,-34.4095491,141.0,3.96997604964539,559.766623,-0.12260343631205674,-17.28708452,13.412808510638298,219.28756028368795,8.293262411347516,221.556,243.0,3.2024475144032922,778.194746,0.4939105970781893,120.02027509,276.0,3.271261108695652,902.868066,0.3824244832246377,105.54915737,307.0,3.349281648208469,1028.229466,0.4467190217263843,137.14273966999997,33.0,3.7779793939393937,124.67331999999999,-0.4385187187878788,-14.47111772
US-Vcp,2014,EVI,year,90.41557309402133,172.0,311.13470298362284,280.09113694285804,244.9493530946879,311.13470298362284,280.09113694285804,244.9493530946879,35.8641,ENF,82.0,3.5613791463414635,292.03309,1.1218730317073171,91.99358860000001,9.954170731707318,274.83248780487804,9.610024390243902,46.49399999999999,73.0,4.109680178082192,300.006653,-0.4029174808219178,-29.4129761,140.0,3.9713485928571424,555.988803,-0.13637910371428572,-19.093074520000002,13.48035,219.5744,8.317314285714286,221.556,154.0,3.8323596298701292,590.1833829999999,0.4105393928571429,63.22306650000001,190.0,3.7983939105263156,721.694843,0.2356482409473685,44.773165780000014,221.0,3.828803316742081,846.165533,0.3327736112217195,73.54296808000001,36.0,3.653096111111112,131.51146000000003,-0.5124972422222221,-18.44990072
US-Vcp,2014,NIRv,year,93.99742028512732,172.0,311.8182083575842,281.7854272791313,246.4974380353996,311.8182083575842,281.7854272791313,246.4974380353996,35.8641,ENF,79.0,3.604599367088606,284.7633499999999,1.123559070886076,88.76116660000001,10.215544303797468,276.12151898734174,9.762594936708862,40.263999999999996,75.0,4.068288173333333,305.121613,-0.4270610146666667,-32.0295761,140.0,3.9713485928571424,555.988803,-0.13637910371428572,-19.093074520000002,13.48035,219.5744,8.317314285714286,221.556,153.0,3.843324202614379,588.028603,0.3749937549019608,57.374044500000004,188.0,3.8154904946808506,717.3122129999999,0.2155476264893618,40.522953780000016,218.0,3.8481458394495407,838.8957929999999,0.322525440733945,70.31054608000001,35.0,3.6938174285714287,129.28361,-0.48145973485714283,-16.85109072
US-Vcp,2016,NDVI,year,122.0757027534202,173.0,319.10855888842934,293.01560082689065,264.60349728952013,319.10855888842934,293.01560082689065,264.60349728952013,35.8641,ENF,51.0,4.6879076470588235,239.08329,1.568416011764706,79.9892166,12.689745098039216,292.53772549019607,10.940588235294117,14.523,92.0,4.159641630434783,382.68703000000005,-0.22306531521739129,-20.522008999999997,147.0,3.673233265306122,539.96529,0.18303562448979593,26.906236800000002,13.241238095238097,216.6547074829932,9.33874149659864,203.85899999999998,142.0,4.362840000000001,619.5232800000001,0.43212096901408464,61.36117760000002,171.0,4.128553742690059,705.98269,0.5477717520467837,93.66896960000003,197.0,3.943155025380711,776.80154,0.5522305756345178,108.78942340000002,29.0,2.9813589655172414,86.45941,1.1140617931034482,32.307792
US-Vcp,2016,EVI,year,103.81711633988743,173.0,313.198107287329,281.23550512785584,247.89019561200223,313.198107287329,281.23550512785584,247.89019561200223,35.8641,ENF,70.0,4.677990428571428,327.45932999999997,1.88890178,132.2231246,10.60617142857143,273.26627142857143,9.292371428571428,62.028,75.0,4.005739466666666,300.43046,-0.2010845933333333,-15.081344499999998,141.0,3.6802343971631215,518.9130500000001,0.15585930354609923,21.97616179999999,13.621,219.93035460992908,9.546397163120567,203.34500000000003,144.0,4.344741319444444,625.64275,0.8266371534722221,119.03575009999999,178.0,4.252253595505618,756.9011399999999,0.7286684528089886,129.70298459999998,210.0,4.019644476190477,844.1253400000002,0.7433012209523809,156.0932564,34.0,3.8605408823529417,131.25839000000002,0.3137421911764706,10.667234500000001
US-Vcp,2016,NIRv,year,112.09871983526644,173.0,313.79575058913304,283.0014686919047,248.38943869862237,313.79575058913304,283.0014686919047,248.38943869862237,35.8641,ENF,61.0,4.708471967213115,287.21679,1.7715845344262295,108.0666566,11.504590163934427,283.59967213114754,10.011344262295081,22.830000000000002,76.0,3.991695526315789,303.36886,-0.20926036184210525,-15.9037875,141.0,3.6802343971631215,518.9130500000001,0.15585930354609923,21.97616179999999,13.621,219.93035460992908,9.546397163120567,203.34500000000003,136.0,4.326019191176471,588.33861,0.6915944051470587,94.05683909999999,171.0,4.230579532163743,723.4291000000001,0.6383983543859648,109.16611859999999,201.0,3.9994169154228847,803.8827999999999,0.6564019323383086,131.9367884,35.0,3.859728285714286,135.09049000000002,0.4316937,15.109279500000001
US-Vcp,2017,NDVI,year,115.3384139265399,172.0,341.41220683775845,297.39455909901466,252.35813436800967,341.41220683775845,297.39455909901466,252.35813436800967,35.8641,ENF,57.0,4.9434429824561406,281.77625,2.198794150877193,125.33126659999999,11.821543859649124,295.3725087719298,10.768842105263158,56.073,81.0,3.8603348765432095,312.687125,-0.31645754320987657,-25.633061,170.0,3.8316073,651.373241,0.7340671188235296,124.79141020000003,11.553905882352941,201.5057882352941,8.452194117647059,259.818,137.0,4.3163790875912404,591.343935,0.7466798218978102,102.29513560000001,182.0,4.331502115384615,788.3333849999999,1.0093577835164835,183.70311660000002,226.0,4.115177216814159,930.0300509999998,1.1182283486725666,252.71960680000007,45.0,4.377543333333334,196.98945,1.8090662444444443,81.40798099999999
US-Vcp,2017,NIRv,year,126.57424323140384,172.0,296.8869249485244,278.32946598921046,259.7641607788289,296.8869249485244,278.32946598921046,259.7641607788289,35.8641,ENF,46.0,4.952764130434784,227.82715000000007,1.8987621000000003,87.34305660000001,13.118434782608695,303.1969130434782,11.751369565217392,48.80499999999999,88.0,3.7794367613636357,332.59043499999996,-0.22151973863636368,-19.493737000000003,125.0,4.0289314,503.61642500000005,0.41560888,51.95111,14.45844,221.989432,9.763072,258.52,133.0,4.190211616541353,557.2981449999999,0.5296710496240602,70.4462496,152.0,4.192963453947368,637.3304449999999,0.6338284644736841,96.3419266,170.0,4.284259617647059,728.3241350000001,0.8346535094117646,141.8910966,19.0,4.212226315789474,80.0323,1.3629303684210528,25.895677000000003
US-Vcp,2018,EVI,year,126.10661453386231,172.0,260.78568364438974,259.383065794792,257.98141663755564,260.78568364438974,259.383065794792,257.98141663755564,35.8641,ENF,46.0,2.0112392173913047,92.51700400000001,-0.3105673236956522,-14.286096890000001,16.215652173913046,306.3760434782608,15.131869565217391,25.238000000000003,86.0,4.280944953488371,368.1612659999999,-0.011883587209302339,-1.021988500000001,89.0,4.322248269662922,384.6800960000001,-0.026139061797752824,-2.326376500000001,17.01040449438202,246.3723820224719,11.632303370786518,182.2,131.0,3.495841450381679,457.95523,-0.11563647625954199,-15.14837839,133.0,3.531532556390977,469.69383,-0.1146683187218045,-15.250886389999998,134.0,3.540851194029851,474.47406,-0.12278183873134327,-16.452766389999997,,,,,
US-Vcp,2018,NIRv,year,120.01887518594108,172.0,321.7052109530908,306.8905487103827,292.0806544603632,321.7052109530908,306.8905487103827,292.0806544603632,35.8641,ENF,52.0,2.0429091153846155,106.23127400000001,-0.1856054401923077,-9.65148289,15.206173076923076,298.28394230769226,14.237076923076925,27.238000000000007,121.0,4.412904595041322,533.961456,0.24677132223140494,29.85932999,150.0,4.3966988,659.50482,0.4470882932666667,67.06324399,12.8186,214.97028,9.093573333333334,290.5,172.0,3.706219127906977,637.46969,0.11841601220930237,20.367554100000007,186.0,3.7589372795698925,699.162334,0.20232137688172042,37.631776099999996,201.0,3.7960848457711442,763.013054,0.28642521442786073,57.571468100000004,14.0,4.406617428571428,61.69264399999999,1.2331587142857143,17.264222
US-Vcp,2020,NDVI,year,55.0,173.0,329.77339104088253,268.56883102381977,223.7558450244682,329.77339104088253,268.56883102381977,223.7558450244682,35.8641,ENF,119.0,4.027803352941176,479.30859899999996,2.1320054841176472,253.70865261000003,8.812420168067227,266.52950420168065,8.44968907563025,103.0,51.0,2.18476605882353,111.42306900000003,-0.07452634705882352,-3.8008436999999997,157.0,2.363390146496816,371.0522530000001,0.008331165254777074,1.3079929450000007,13.621146496815287,213.66583439490446,11.654382165605094,132.418,169.0,3.479697917159763,588.068948,1.4810389225443787,250.29557791000002,214.0,3.371791803738318,721.5634460000001,1.213732233224299,259.73869791,275.0,3.0825386618181816,847.698132,0.9287433256545454,255.404414555,45.0,2.9665443999999996,133.494498,0.20984711111111112,9.44312
US-Vcp,2020,EVI,year,128.40270654516806,173.0,299.1330144704937,265.69244539777713,231.92896793753724,299.1330144704937,265.69244539777713,231.92896793753724,35.8641,ENF,45.0,4.130198444444445,185.85893000000002,1.6920101646666663,76.14045740999998,14.441555555555558,314.23622222222224,12.185755555555554,50.60000000000001,59.0,2.0833279152542374,122.916347,-0.13298627966101695,-7.8461905,127.0,2.413505818897638,306.515239,-0.08216057523622049,-10.434393055000001,16.33415748031496,233.66084251968502,13.396385826771649,110.918,103.0,2.971966572815534,306.112557,0.6668158826213594,68.68203591000001,137.0,3.0602337737226275,419.25202699999994,0.6018475956934306,82.45312061,171.0,2.863809643274854,489.7114490000001,0.3865136453508771,66.09383335499999,34.0,3.327631470588235,113.13946999999999,0.4050319029411765,13.771084700000001
US-Vcp,2020,NIRv,year,128.4965057146823,173.0,304.184200513556,263.775502524186,222.41352926199204,304.184200513556,263.775502524186,222.41352926199204,35.8641,ENF,45.0,4.130198444444445,185.85893000000002,1.6920101646666663,76.14045740999998,14.441555555555558,314.23622222222224,12.185755555555554,50.60000000000001,50.0,2.1970769800000003,109.85384900000001,-0.069432594,-3.4716297,132.0,2.3948497575757575,316.120168,-0.08800932617424242,-11.617231055,15.954742424242424,229.17630303030305,13.111803030303031,123.41799999999999,94.0,3.117553819148936,293.050059,0.7771978373404258,73.05659671000002,135.0,3.062928125925926,413.495297,0.6083437371111111,82.12640451,176.0,2.837024875,499.316378,0.3688124736079546,64.91099535500001,41.0,2.937688731707317,120.445238,0.2212148243902439,9.0698078
US-Vcp,2021,NDVI,year,32.0,172.0,342.0242262557256,284.4541633194052,240.86562999204256,342.0242262557256,284.4541633194052,240.86562999204256,35.8641,ENF,141.0,2.4919099645390075,351.35930500000006,0.865272760992908,122.00345930000002,7.006468085106383,245.813390070922,8.074531914893617,65.00999999999999,69.0,3.6538557971014494,252.11605,0.5202620260869564,35.89807979999999,171.0,2.9581567017543864,505.8447960000001,0.5826535701754385,99.63376049999998,12.260783625730994,200.90323391812865,8.517538011695908,269.0,209.0,2.8817538995215313,602.286565,0.762118847368421,159.2828391,253.0,2.8177700316205536,712.8958180000001,0.7494578905138342,189.61284630000003,311.0,2.7524608070739554,856.0153110000001,0.7171013498392284,223.0185198,44.0,2.513846659090909,110.609253,0.6893183454545455,30.330007200000004
US-Vcp,2021,EVI,year,124.78657995415908,172.0,317.3761748225181,278.1625411018472,240.7212873360752,317.3761748225181,278.1625411018472,240.7212873360752,35.8641,ENF,48.0,2.068828604166667,99.303773,0.09413868958333331,4.518657099999999,15.093854166666665,285.887375,13.340333333333334,24.0,69.0,3.6538557971014494,252.11605,0.5202620260869564,35.89807979999999,146.0,3.1810639931506848,464.435343,0.7153730869863013,104.4444707,13.631068493150684,212.28274657534246,9.017602739726025,264.8,116.0,3.0192330431034486,350.231033,0.3603279043103447,41.798036899999985,154.0,2.8416147792207793,437.608676,0.410129598051948,63.15995809999999,193.0,2.9147685284974094,562.550326,0.5717327865284975,110.3444278,38.0,2.299411657894737,87.377643,0.5621558210526315,21.361921199999998
US-Vcp,2021,NIRv,year,115.23468070404888,172.0,331.0273955403298,270.60043203926364,228.38902157751443,331.0273955403298,270.60043203926364,228.38902157751443,35.8641,ENF,57.0,2.348240228070176,133.84969300000003,0.5230287210526317,29.812637100000003,14.013561403508772,282.0525964912281,12.459403508771931,27.799999999999997,57.0,3.6036849122807024,205.41004000000004,0.49814326315789476,28.394166000000002,160.0,3.051458225,488.23331600000006,0.6414276593749999,102.62842549999999,12.76586875,205.90334375000003,8.69939375,269.0,113.0,2.991778256637168,338.070943,0.5273283460176991,59.5881031,155.0,2.9061877354838717,450.4590990000001,0.5276855683870968,81.79126310000001,216.0,2.8745102731481484,620.894219,0.6195479750000001,133.82236260000002,42.0,2.675908476190476,112.388156,0.5286466666666667,22.20316
US-Vcp,2022,NDVI,year,149.3612827629151,172.0,351.09286457484416,304.1918837037762,263.42293798368325,351.09286457484416,304.1918837037762,263.42293798368325,35.8641,ENF,23.0,2.7255969565217395,62.68873000000001,0.006385478260869577,0.14686600000000027,17.211130434782607,298.99652173913046,14.529173913043477,50.400000000000006,92.0,5.828302173913044,536.2038,1.3218548923913043,121.61065009999999,180.0,4.884933141666668,879.2879655000003,1.486400253333333,267.55204559999993,9.902,183.44895,6.325433333333333,553.2,114.0,5.204062368421052,593.26311,1.0611586763157894,120.97208909999999,155.0,5.51688870967742,855.1177500000001,1.6330963187096772,253.12992939999995,202.0,4.635382551980198,936.3472755,1.3213538841584156,266.91348459999995,41.0,6.386698536585366,261.85464,3.223361958536585,132.15784029999998
US-Vcp,2022,EVI,year,119.60177727933856,172.0,327.7030974885206,276.96166717377605,242.76319404113767,327.7030974885206,276.96166717377605,242.76319404113767,35.8641,ENF,53.0,2.9467083018867926,156.17554,0.9253639264150942,49.044288099999996,14.786830188679243,315.3735660377359,13.544226415094341,50.8,71.0,5.95214971830986,422.60263000000003,1.139283643661972,80.88913870000002,156.0,5.486951266025642,855.9643975000001,1.6723440358974362,260.8856696,11.643923076923077,195.64921794871793,6.872166666666667,543.1,123.0,4.65974593495935,573.1487500000001,1.0499837382113821,129.1479998,157.0,4.975805222929936,781.20142,1.309013262420382,205.5150822,208.0,4.838992872596154,1006.5105175,1.4862717822115386,309.1445307,34.0,6.119196176470588,208.05266999999998,2.2460906588235297,76.36708240000002
US-Vcp,2022,NIRv,year,116.553255156399,172.0,331.4900454722498,280.325195534844,244.9036857616605,331.4900454722498,280.325195534844,244.9036857616605,35.8641,ENF,56.0,3.0376010714285715,170.10566,1.0600799660714286,59.3644781,14.586535714285715,314.81955357142857,13.389196428571427,50.8,73.0,5.946195068493151,434.07224,1.1240660095890411,82.05681870000001,160.0,5.390794859375,862.5271775,1.6401674475,262.4267916,11.3418,194.25380625,6.7955,543.1,128.0,4.676159999999999,598.5484799999999,1.0987177328125002,140.63586980000002,164.0,5.037218780487805,826.1038800000001,1.5064669036585365,247.0605722,215.0,4.7767600813953495,1027.0034175,1.4930504311627906,321.00584269999996,36.0,6.320983333333334,227.55540000000002,2.9562417333333335,106.4247024
US-Vcp,2023,EVI,year,125.65131154511587,172.0,317.09151628714824,280.32631166600646,232.62832732377137,317.09151628714824,280.32631166600646,232.62832732377137,35.8641,ENF,47.0,5.5251217021276595,259.68072,3.2454808510638298,152.5376,11.930446808510641,292.40917021276596,9.062468085106383,65.184,61.0,4.266369508196721,260.24854,0.7654199754098361,46.6906185,146.0,4.194251712328768,612.3607500000002,1.3252569020547944,193.48750769999998,14.698958904109588,245.19828082191782,11.59095890410959,152.97500000000002,107.0,4.811809906542056,514.86366,1.8456860607476633,197.48840849999996,155.0,4.817239419354839,746.67211,1.9225111380645161,297.9892264,192.0,4.515499322916667,866.97587,1.7931525921875,344.2852977,48.0,4.829342708333333,231.80845,2.093767039583333,100.50081789999999
US-Vcp,2023,NIRv,year,124.36931626929886,172.0,319.44255890903,283.31605731491413,233.1413911860053,319.44255890903,283.31605731491413,233.1413911860053,35.8641,ENF,48.0,5.544073125,266.11551,3.285729791666667,157.71503,11.862354166666668,293.43047916666666,9.057562500000001,65.184,62.0,4.263613064516129,264.34400999999997,0.7776933629032258,48.2169885,148.0,4.1720606756756755,617.46498,1.324330802027027,196.0009587,14.577466216216214,244.02985135135134,11.516945945945945,152.97500000000002,109.0,4.820127706422018,525.39392,1.8733230137614678,204.1922085,159.0,4.822205849056604,766.73073,1.9376952603773583,308.0935464,195.0,4.505204564102565,878.5148900000002,1.8050060446153846,351.9761787,50.0,4.8267362,241.33681,2.0780267579999996,103.90133789999997
US-Vcp,2024,NDVI,year,134.41178307673843,173.0,347.30712313510463,282.75498537567364,235.2943553159732,347.30712313510463,282.75498537567364,235.2943553159732,35.8641,ENF,39.0,6.946958717948717,270.93138999999996,2.751771897435898,107.31910400000001,15.244717948717945,316.54117948717953,12.615051282051283,51.70000000000001,63.0,6.556958253968254,413.08837,1.1515566206349208,72.54806710000001,175.0,4.601239725714286,805.216952,1.0779443693142856,188.64026463,11.82750857142857,212.7011714285714,8.866645714285715,273.60799999999995,101.0,6.719483267326733,678.66781,1.7861075653465348,180.39686410000002,148.0,6.0242083108108115,891.5828300000001,1.5382668535810815,227.66349433000005,213.0,5.02721310798122,1070.796392,1.391967425492958,296.48906163000004,47.0,4.530106808510638,212.91501999999997,1.0056729836170213,47.266630230000004
US-Vcp,2024,EVI,year,135.58662312731968,173.0,294.1207792502671,265.9023534164553,239.05682749479328,294.1207792502671,265.9023534164553,239.05682749479328,35.8641,ENF,38.0,6.995053157894736,265.81201999999996,2.713875631578947,103.127274,15.344394736842105,318.592052631579,12.707973684210529,51.699999999999996,67.0,6.430018358208955,430.81123,1.1202007029850747,75.0534471,122.0,5.441935327868853,663.91611,1.0535764945081967,128.53633233,15.87612295081967,240.49779508196718,10.635459016393444,236.2,104.0,6.646839423076922,691.2712999999999,1.718369366346154,178.7104141,130.0,6.351644076923077,825.71373,1.628662997923077,211.72618973,159.0,5.8136866666666664,924.37618,1.4603352159119496,232.19329932999997,26.0,5.170862692307693,134.44243,1.2698375242307696,33.01577563000001
US-Vcp,2024,NIRv,year,138.2988506401282,173.0,296.8986737677626,265.64317784964743,235.606711307427,296.8986737677626,265.64317784964743,235.606711307427,35.8641,ENF,35.0,7.051562,246.80467,2.4890575428571426,87.117014,15.813571428571427,325.07682857142856,13.240828571428573,47.5,63.0,6.556958253968254,413.08837,1.1515566206349208,72.54806710000001,124.0,5.426141532258065,672.84155,1.060928486532258,131.55513233,15.737677419354837,240.03884677419353,10.565080645161292,236.2,97.0,6.747846288659793,654.5410899999999,1.6514925164948453,160.1947741,127.0,6.352018740157481,806.7063800000001,1.5410703128346457,195.71592973,158.0,5.786672594936709,914.29427,1.3873534134810128,219.20183933,30.0,5.072176333333333,152.16529,1.184038521,35.521155629999996
US-Vcp,2025,NDVI,year,-5.0,172.0,341.1941485785525,272.8245147030678,229.5127431282285,341.1941485785525,272.8245147030678,229.5127431282285,35.8641,ENF,178.0,2.7489734744186047,489.31727844651164,1.4638660387209301,260.56815489232554,5.4060930232558135,235.0434069767442,6.997936046511629,96.06204651162788,58.0,2.8756028793103443,166.78496699999997,-0.7654272568965518,-44.3947809,170.0,4.037396552941177,686.3574140000001,0.4238763352941176,72.058977,12.499205882352939,212.29720588235296,8.898588235294117,98.568,235.0,2.78753259650655,655.0701601790392,0.912208592838428,214.3690193170306,278.0,3.2677604213235294,908.4373971279412,0.9775358958088234,271.7549790348529,347.0,3.395652233431085,1178.2913250005863,0.9541041808211145,331.0741507449267,43.0,5.825252790697674,250.48587,1.325441765116279,56.9939959
US-Vcp,2025,EVI,year,140.98072363285164,172.0,315.4635154331158,272.5246239256172,230.27241857297017,315.4635154331158,272.5246239256172,230.27241857297017,35.8641,ENF,32.0,3.9125565625,125.20181,0.8617383750000001,27.575628000000002,15.784875,312.70259375,13.08590625,0.0,59.0,2.877061983050847,169.74665699999997,-0.7596267610169491,-44.8179789,144.0,4.18659442361111,602.8695969999999,0.31896525694444455,45.93099700000002,14.32263888888889,227.16788194444447,9.847347222222222,98.568,90.0,3.263166966666666,293.68502699999993,-0.17485289888888889,-15.7367609,132.0,4.10006975,541.209207,0.31576085606060605,41.680433,175.0,4.1531883828571425,726.807967,0.4286412285714286,75.01221500000001,42.0,5.893432857142858,247.52418000000003,1.367076045238095,57.41719389999999
US-Vcp,2025,NIRv,year,142.08830489358837,172.0,314.128933323793,272.3455914719151,230.9799826706124,314.128933323793,272.3455914719151,230.9799826706124,35.8641,ENF,30.0,3.885152,116.55456000000001,0.7920899333333333,23.762698,15.877,307.9883,13.00416666666667,0.0,59.0,2.877061983050847,169.74665699999997,-0.7596267610169491,-44.8179789,143.0,4.178561097902097,597.534237,0.31535858741258754,45.09627800000002,14.364594405594403,227.56377622377624,9.857433566433567,98.568,88.0,3.239065647727273,285.037777,-0.22215557840909092,-19.5496909,130.0,4.096630438461538,532.561957,0.2912884846153846,37.867503,172.0,4.144333470930232,712.8253569999999,0.40909631395348833,70.364566,42.0,5.893432857142858,247.52418000000003,1.367076045238095,57.41719389999999
US-Wjs,2014,NDVI,year,184.54926926223365,172.0,307.1995887595414,286.2982023475615,265.5955664229553,307.1995887595414,286.2982023475615,265.5955664229553,34.4258,SAV,,,,,,,,,,94.0,2.783276989361702,261.628037,0.23031352659574472,21.649471500000004,136.0,2.7031061544117647,367.622437,0.31256560588235294,42.5089224,18.983720588235293,244.6545,10.153125000000001,331.981,81.0,3.069856481481481,248.65837499999998,0.34654985802469135,28.070538499999998,102.0,3.0274745588235294,308.802405,0.3555297490196078,36.2640344,123.0,2.883355894308943,354.65277499999996,0.39780479186991874,48.929989400000004,21.0,2.864001428571428,60.144029999999994,0.3901664714285714,8.1934959
US-Wjs,2014,EVI,year,147.40714574998353,172.0,305.42436710231857,284.3946403374261,264.21642847163844,305.42436710231857,284.3946403374261,264.21642847163844,34.4258,SAV,25.0,1.5464060800000001,38.660152000000004,-0.047527358400000004,-1.1881839600000002,22.571199999999994,330.98944000000006,19.33304,0.552,93.0,2.7811391075268816,258.645937,0.23200027096774198,21.576025200000004,134.0,2.7172803507462686,364.115567,0.309428547761194,41.4634254,19.106067164179102,245.87114179104478,10.250768656716419,324.577,117.0,2.5288867435897435,295.879749,0.17452501145299149,20.419426340000005,137.0,2.5892610145985397,354.72875899999997,0.203283719270073,27.84986954,158.0,2.5401859430379745,401.349379,0.25510649708860755,40.306826539999996,20.0,2.9424504999999996,58.84900999999999,0.37152215999999993,7.430443199999999
US-Wjs,2014,NIRv,year,121.07105443229388,172.0,304.8972441578029,284.5071534511688,264.3680948498997,304.8972441578029,284.5071534511688,264.3680948498997,34.4258,SAV,51.0,1.3433690784313723,68.51182299999999,0.0955782929411765,4.874492940000001,18.765137254901965,330.94758823529406,15.98386274509804,32.266000000000005,93.0,2.7811391075268816,258.645937,0.23200027096774198,21.576025200000004,133.0,2.7178286992481206,361.471217,0.30208289774436087,40.1770254,19.157684210526313,246.66945112781957,10.28948120300752,324.577,143.0,2.2778420979020986,325.73142000000007,0.18518953314685316,26.48210324,163.0,2.359389141104294,384.58043,0.20805243214723926,33.91254644,183.0,2.3418398907103826,428.55670000000003,0.24635575650273225,45.08310344,20.0,2.9424504999999996,58.84900999999999,0.37152215999999993,7.430443199999999
US-Wjs,2015,NDVI,year,133.36740251336664,172.0,336.9506497638297,284.8092082393118,246.1494231511347,336.9506497638297,284.8092082393118,246.1494231511347,34.4258,SAV,39.0,2.6731776923076924,104.25393000000001,0.4187648384615385,16.331828700000003,18.394076923076923,304.8092051282052,11.916128205128206,44.535,75.0,3.6745745333333337,275.59309,0.3786382416,28.39786812,165.0,2.7865108666666667,459.774293,0.4805055916363637,79.28342262000001,16.03577575757576,226.65298181818181,8.699363636363636,362.62199999999996,113.0,3.3454779646017694,378.03900999999996,0.40159414,45.38013782,151.0,3.162108410596027,477.47837000000004,0.443216358410596,66.92567011999999,203.0,2.7695576995073887,562.220213,0.47421523310344826,96.26569232,38.0,2.6168252631578945,99.43936,0.5669876921052633,21.54553230000001
US-Wjs,2015,EVI,year,85.05971353577284,172.0,260.92846938248937,260.0104823607543,259.0935700272561,260.92846938248937,260.0104823607543,259.0935700272561,34.4258,SAV,87.0,2.5178351724137933,219.05166000000003,0.7859402218390803,68.37679929999999,15.30971264367816,293.8387931034483,10.553517241379307,83.65400000000001,88.0,3.5651827272727274,313.73608,0.4139593684090909,36.42842442,89.0,3.5572298876404496,316.59346,0.41769434179775283,37.17479642,20.903561797752808,268.726202247191,11.295606741573033,240.38799999999998,174.0,3.051607643678161,530.97973,0.6060670386206898,105.45566472000002,175.0,3.0504977714285713,533.8371099999999,0.6068687812571429,106.20203672000001,175.0,3.0504977714285713,533.8371099999999,0.6068687812571429,106.20203672000001,,,,,
US-Wjs,2015,NIRv,year,75.67550262514459,172.0,274.24584809936295,273.3585715997395,272.4710086472374,274.24584809936295,273.3585715997395,272.4710086472374,34.4258,SAV,97.0,2.417293804123711,234.47749899999997,0.7737991474226805,75.0585173,14.739309278350515,285.74496907216496,10.082917525773196,97.136,101.0,3.4616436633663366,349.62601,0.45424610316831676,45.87885641999999,103.0,3.44152572815534,354.47715,0.45534026621359214,46.90004741999999,20.519087378640773,265.2666310679611,11.102834951456307,258.62,197.0,2.955814715736041,582.2954990000001,0.617197029035533,121.58781472,198.0,2.9541672171717175,584.925109,0.6181195389898989,122.38766871999998,199.0,2.9504856231155783,587.146639,0.6161256568844221,122.60900572,,,,,
US-Wjs,2016,NDVI,year,193.0364702186897,173.0,311.6268687519168,283.4909534730536,265.2656051692353,311.6268687519168,283.4909534730536,265.2656051692353,34.4258,SAV,,,,,,,,,,93.0,2.146831075268817,199.65528999999998,0.22920977752688168,21.316509309999997,139.0,2.090201273381295,290.537977,0.3587351554676259,49.864186610000004,18.92364748201439,249.7258776978417,11.486345323741006,215.96799999999996,72.0,2.3213016666666664,167.13371999999998,0.2986748777777778,21.5045912,90.0,2.3787924444444446,214.09132000000002,0.4303289244444444,38.7296032,118.0,2.1865797203389827,258.01640699999996,0.4241717669491526,50.052268500000004,18.0,2.6087555555555553,46.95759999999999,0.9569451111111112,17.225012000000003
US-Wjs,2016,EVI,year,48.36252337219262,173.0,341.03181629606013,309.3227113996604,273.12090391412295,341.03181629606013,309.3227113996604,273.12090391412295,34.4258,SAV,125.0,2.005775656,250.721957,0.7942833112,99.2854139,12.335288,285.65228800000006,9.750256,81.17599999999999,101.0,2.205033168316832,222.70835000000002,0.28962415158415844,29.25203931,169.0,1.9320680177514793,326.519495,0.38590330011834323,65.21765772,16.376568047337276,231.78101775147928,10.120319526627219,216.154,225.0,2.0967370533333334,471.76583700000003,0.5715637049333334,128.60183361000003,261.0,2.059566298850575,537.5468040000002,0.5722367237931034,149.35378491,293.0,1.9644265597269626,575.576982,0.5616636587713312,164.56745202000005,36.0,1.8272490833333335,65.780967,0.5764430916666669,20.751951300000005
US-Wjs,2016,NIRv,year,44.70923980894374,173.0,341.9138167462908,311.1231056883285,274.21721388530165,341.9138167462908,311.1231056883285,274.21721388530165,34.4258,SAV,129.0,1.9834633100775192,255.86676699999998,0.788470603875969,101.7127079,12.229317829457365,283.18239534883725,9.680062015503877,81.176,102.0,2.21284431372549,225.71012,0.299229405,30.52139931,169.0,1.9320680177514793,326.519495,0.38590330011834323,65.21765772,16.376568047337276,231.78101775147928,10.120319526627219,216.154,230.0,2.0865757260869566,479.912417,0.5752108156956521,132.29848761,267.0,2.040225745318352,544.740274,0.5679448498501872,151.64127491,297.0,1.9552922289562291,580.721792,0.5622718721212121,166.99474602,37.0,1.752104243243243,64.827857,0.5227780351351353,19.34278730000001
US-Wjs,2017,NDVI,year,121.3522878705631,172.0,351.6285660914644,313.42315620921624,280.8051483702322,351.6285660914644,313.42315620921624,280.8051483702322,34.4258,SAV,51.0,1.7420854509803922,88.84635800000001,0.5213873450980392,26.5907546,17.600411764705882,325.739843137255,13.81762745098039,31.936000000000003,109.0,2.0621261743119264,224.77175299999996,0.27221846798165134,29.671813009999994,180.0,1.738847643888889,312.9925759,0.43101488783333336,77.58267981,15.661183333333334,235.20894444444446,9.817966666666669,246.575,159.0,1.9678381886792453,312.886272,0.35688317993710694,56.74442561,192.0,1.9288916093750001,370.347189,0.44211044588541676,84.88520561000001,230.0,1.7439438908695652,401.1070949,0.45502301047826094,104.65529241000002,33.0,1.741239909090909,57.460916999999995,0.852750909090909,28.140779999999996
US-Wjs,2017,EVI,year,25.941443977740303,172.0,360.6753383101071,326.2825707379521,280.35057556129664,360.6753383101071,326.2825707379521,280.35057556129664,34.4258,SAV,147.0,1.726887587755102,253.8524754,0.743933931292517,109.3582879,11.857394557823127,267.5748979591837,9.68604081632653,77.463,109.0,2.0621261743119264,224.77175299999996,0.27221846798165134,29.671813009999994,189.0,1.6966047349206348,320.6582949,0.4446299513756614,84.03506081,15.105497354497354,230.59430687830684,9.583433862433864,246.575,255.0,1.8740878015686275,477.8923894,0.5471057212156862,139.51195891,301.0,1.824836958139535,549.2759244,0.584345567807309,175.88801591,335.0,1.7127729292537315,573.7789313000001,0.5787319603283582,193.87520671,46.0,1.5518159782608694,71.383535,0.7907838478260869,36.376056999999996
US-Wjs,2017,NIRv,year,29.420671124323743,172.0,357.6268525434241,317.9722954618697,271.3646812843146,357.6268525434241,317.9722954618697,271.3646812843146,34.4258,SAV,143.0,1.7668697552447552,252.662375,0.7674517594405594,109.7456016,12.272125874125873,270.57097902097905,9.887832167832167,77.46300000000001,100.0,2.0755931299999997,207.55931299999997,0.2930278381000001,29.30278381000001,186.0,1.712298542473118,318.4875289,0.44270864413978495,82.34380781,15.232397849462364,231.93237634408598,9.615994623655915,246.575,242.0,1.8987183842975206,459.489849,0.5765712537603306,139.53024341,288.0,1.87098415625,538.843437,0.5931754048958333,170.83451660999998,328.0,1.7390794661585365,570.4180649,0.5871075225914635,192.57126741000002,46.0,1.7250780000000003,79.35358800000002,0.6805276782608695,31.304273199999994
US-Wjs,2018,NDVI,year,217.39169744372373,172.0,321.8810624991938,285.31885806406564,255.35174665681845,321.8810624991938,285.31885806406564,255.35174665681845,34.4258,SAV,,,,,,,,,,84.0,1.899990142857143,159.599172,-0.08503846011904763,-7.1432306500000005,150.0,1.8978551866666669,284.67827800000003,0.19943858233333334,29.915787350000002,17.16670666666667,240.5864333333333,10.288160000000001,277.85900000000004,38.0,2.6520815789473686,100.77910000000001,-0.03395465526315789,-1.2902768999999998,68.0,2.701886029411765,183.72825000000003,0.322236075,21.9120531,104.0,2.1717135192307695,225.85820600000002,0.3439302028846154,35.7687411,30.0,2.764971666666667,82.94915,0.773411,23.20233
US-Wjs,2018,EVI,year,205.81953412534557,172.0,312.73340125650907,284.73639537536894,266.6607391703326,312.73340125650907,284.73639537536894,266.6607391703326,34.4258,SAV,,,,,,,,,,95.0,2.0933381263157895,198.867122,0.015354424736842112,1.4586703500000007,141.0,1.9656595673758868,277.157999,0.1912775840425532,26.970139350000004,18.189113475177304,246.28621276595746,10.777170212765958,270.74699999999996,61.0,2.631641409836065,160.53012599999997,0.03840836065573772,2.3429100000000007,79.0,2.5591664050632916,202.17414600000004,0.20058150632911392,15.845939,107.0,2.2319719906542055,238.821003,0.26032129906542056,27.854379,18.0,2.3135566666666665,41.64402,0.7501682777777777,13.503029
US-Wjs,2018,NIRv,year,196.70670764049797,172.0,306.8027703052672,284.7694877912071,269.4483855368911,306.8027703052672,284.7694877912071,269.4483855368911,34.4258,SAV,,,,,,,,,,98.0,2.114234612244898,207.194992,0.03632818724489797,3.560162350000001,135.0,1.9854303629629628,268.033099,0.16687297296296297,22.527851350000002,18.59956296296296,249.01415555555556,10.966014814814814,270.74699999999996,73.0,2.4124391780821917,176.10806,0.026841909589041108,1.959459400000001,88.0,2.379820568181818,209.42421,0.15182950454545455,13.3609964,110.0,2.1540560636363635,236.94616699999997,0.19024680363636368,20.927148400000004,15.0,2.221076666666667,33.31615,0.7601024666666667,11.401537000000001
US-Wjs,2019,NDVI,year,20.0,172.0,276.89546338104054,206.8361399074296,161.27773983021163,276.89546338104054,206.8361399074296,161.27773983021163,34.4258,SAV,153.0,1.6813053529411768,257.23971900000004,0.5954721894117648,91.10724498000002,9.712267973856209,249.10276470588235,7.8492026143790845,118.61800000000001,,,,,,105.0,1.2395189142857141,130.149486,0.0017480414285714306,0.18354435000000022,21.624238095238095,275.32365714285714,14.51672380952381,92.202,142.0,1.6259669647887323,230.887309,0.6340082407746479,90.02917019,187.0,1.6312286310160429,305.039754,0.4425970889839573,82.76565564,257.0,1.5009506031128406,385.744305,0.35653346431906613,91.62910033,45.0,1.6478321111111114,74.15244500000001,-0.16141143444444445,-7.26351455
US-Wjs,2019,EVI,year,78.07010894785638,172.0,327.83241376985507,258.23538361110354,187.8456001075376,327.83241376985507,258.23538361110354,187.8456001075376,34.4258,SAV,94.0,2.171620425531915,204.13232,0.6743330040425531,63.387302379999994,13.69955319148936,291.39021276595736,10.21586170212766,83.566,16.0,1.5982141250000002,25.571426000000002,-0.36484364375,-5.8374983,156.0,0.9913293012820512,154.647371,0.032213896987179476,5.025367929999998,17.32232692307692,246.21552564102566,11.86778205128205,139.44600000000003,109.0,2.092282990825688,228.05884600000002,0.531083624587156,57.88811508,180.0,1.7559488166666666,316.070787,0.3319216601666667,59.74589883,249.0,1.4342762690763051,357.13479099999995,0.27610835867469874,68.75098130999999,71.0,1.2396048028169013,88.011941,0.02616596830985916,1.8577837500000003
US-Wjs,2019,NIRv,year,72.12153791461378,172.0,330.64973477442936,263.60354654639224,195.48577146402485,330.64973477442936,263.60354654639224,195.48577146402485,34.4258,SAV,100.0,2.1220706600000003,212.20706600000003,0.6877010438,68.77010437999999,13.039349999999999,287.9400499999999,9.7996,84.32799999999999,24.0,1.4796167916666667,35.510803,-0.28113395166666666,-6.74721484,159.0,0.9745461194968553,154.952833,0.025536408364779856,4.060288929999997,17.048188679245282,244.41064150943396,11.70353459119497,139.44600000000003,123.0,2.0005932439024394,246.07296900000006,0.507001630406504,62.36120054,191.0,1.7222292460732982,328.94578599999994,0.34457034413612564,65.81293572999999,258.0,1.4167248023255814,365.514999,0.2835996291085271,73.16870431,68.0,1.2187178970588237,82.87281700000001,0.050760811617647054,3.4517351899999995
US-Wjs,2020,NDVI,year,128.63560289689804,173.0,347.7339516592523,301.83632936814337,259.39597921176846,347.7339516592523,301.83632936814337,259.39597921176846,34.4258,SAV,45.0,2.230637111111111,100.37867,0.8422762999999999,37.902433499999994,19.304622222222225,335.0977777777777,16.156466666666667,14.224000000000002,87.0,2.2158812988505745,192.78167299999998,0.34277122643678165,29.821096700000005,175.0,1.7021310445714286,297.8729328,0.3999012022857143,69.9827104,16.296657142857143,237.53954285714283,12.709902857142858,155.194,131.0,2.2198105572519085,290.795183,0.5144883984732825,67.3979802,173.0,2.0793318959537572,359.724418,0.5251500462427745,90.85095799999999,219.0,1.8077006520547942,395.88644279999994,0.4911396981735159,107.55959389999998,42.0,1.6411722619047617,68.92923499999999,0.5584042333333333,23.4529778
US-Wjs,2020,EVI,year,50.64284436269221,173.0,348.8507175876619,304.079616644211,257.57541461931714,348.8507175876619,304.079616644211,257.57541461931714,34.4258,SAV,123.0,1.877258811382114,230.90283380000002,0.7984920455284554,98.21452160000001,13.319894308943088,291.0822926829268,11.0119918699187,46.745999999999995,85.0,2.205295094117647,187.450083,0.32762385529411764,27.8480277,176.0,1.690721584090909,297.56699879999996,0.3948817295454546,69.4991844,16.188801136363637,237.06959090909086,12.649852272727271,155.19400000000002,207.0,2.0096026898550723,415.98775679999994,0.6074251173913043,125.7369993,254.0,1.9413670307086615,493.10722580000004,0.5998292326771654,152.3566251,298.0,1.7654519214765099,526.1046726,0.5617052214765101,167.388156,47.0,1.640839765957447,77.11946900000001,0.5663750170212766,26.619625799999998
US-Wjs,2020,NIRv,year,39.43735096386271,173.0,349.7690568482912,303.747474756518,252.87241919967855,349.7690568482912,303.747474756518,252.87241919967855,34.4258,SAV,134.0,1.7574181619402989,235.49403370000005,0.7330503985074626,98.22875339999999,12.501664179104477,281.85379850746267,10.344328358208957,64.78,80.0,2.2452621375,179.620971,0.33174510875,26.539608700000002,177.0,1.6837810271186442,298.0292418,0.39404081581920913,69.74522440000001,16.093457627118642,236.29796045197742,12.593689265536725,155.19400000000002,213.0,1.9377926981220654,412.7498446999999,0.5842385544600939,124.4428121,264.0,1.8797948700757576,496.2658457,0.5748877761363637,151.7703729,310.0,1.7134132758064515,531.1581155,0.54080138,167.6484278,51.0,1.6375686470588238,83.51600100000002,0.5358345254901961,27.3275608
US-Wjs,2021,NDVI,year,25.0,172.0,312.219293263787,260.73286790820293,225.8898291380104,312.219293263787,260.73286790820293,225.8898291380104,34.4258,SAV,148.0,0.9176487297297298,135.812012,0.5671478230405406,83.93787781,10.737087837837837,271.8746689189189,9.823533783783782,34.036,54.0,3.5159656666666668,189.862146,0.45837765925925916,24.752393599999994,141.0,2.7687379361702127,390.392049,0.45694935957446814,64.42985970000001,18.045212765957448,251.38725531914895,10.075872340425532,277.127,201.0,1.6180966268656716,325.237422,0.5409210373631841,108.72512851,236.0,1.9153023389830508,452.011352,0.5226846424152543,123.35357561000001,288.0,1.8255809895833335,525.767325,0.5152867868402777,148.40259461,35.0,3.6221122857142856,126.77393,0.4179556314285715,14.628447100000002
US-Wjs,2021,EVI,year,174.99593485962217,172.0,288.5509070112755,252.85684768346104,231.8427885038308,288.5509070112755,252.85684768346104,231.8427885038308,34.4258,SAV,,,,,,,,,,60.0,3.6428719333333337,218.57231600000003,0.5249447100000001,31.496682600000007,117.0,3.1081899059829063,363.65821900000003,0.4606082709401709,53.8911677,19.399623931623932,261.82332478632475,10.332965811965812,269.253,57.0,3.800953614035088,216.654356,0.5561430894736842,31.700156099999997,78.0,3.801998666666667,296.555896,0.5059870487179489,39.466989800000015,114.0,3.173160166666667,361.74025900000004,0.47451439649122806,54.0946412,21.0,3.804835238095238,79.90154,0.36984922380952384,7.7668337
US-Wjs,2021,NIRv,year,168.8249788897323,172.0,278.8700817655315,249.3362739379314,231.13831267429836,278.8700817655315,249.3362739379314,231.13831267429836,34.4258,SAV,,,,,,,,,,60.0,3.6428719333333337,218.57231600000003,0.5249447100000001,31.496682600000007,107.0,3.2233454112149533,344.897959,0.43755931495327105,46.8188467,20.016700934579436,265.0755140186916,10.459084112149533,266.459,63.0,3.5007229682539687,220.54554700000003,0.49460024603174607,31.159815500000004,81.0,3.55981774074074,288.34523699999994,0.4563044098765433,36.96065720000001,110.0,3.1533744545454545,346.87119,0.4225634509090909,46.4819796,18.0,3.7666494444444445,67.79969,0.3222689833333333,5.800841699999999
US-Wjs,2022,NDVI,year,177.30955887106012,172.0,341.7867457712942,305.73084903671923,266.03093363203817,341.7867457712942,305.73084903671923,266.03093363203817,34.4258,SAV,,,,,,,,,,95.0,1.7659927368421051,167.76931,-0.10986697799999999,-10.43736291,170.0,1.325481325882353,225.3318254,-0.009894335352941167,-1.6820370099999984,15.177711764705883,217.97750588235294,8.799076470588234,321.818,89.0,1.8298751685393262,162.85889000000003,-0.07738350685393258,-6.88713211,128.0,1.5713043671875,201.126959,-0.024184041484374995,-3.0955573099999993,164.0,1.3440329597560978,220.42140540000005,0.011391425548780495,1.8681937900000012,39.0,0.9812325384615386,38.268069000000004,0.09721986666666667,3.7915748000000002
US-Wjs,2022,EVI,year,174.48547057190535,172.0,281.13800790582826,262.7353791283592,248.84815763691984,281.13800790582826,262.7353791283592,248.84815763691984,34.4258,SAV,,,,,,,,,,77.0,1.8426510779220777,141.884133,-0.13819315064935064,-10.6408726,110.0,1.6385422363636366,180.23964600000002,-0.07719948099999999,-8.491942909999999,20.003045454545457,246.87935454545456,11.045972727272728,237.74400000000003,74.0,1.8995389594594592,140.56588299999999,-0.11465183648648648,-8.4842359,88.0,1.8420078750000002,162.09669300000002,-0.09682265977272726,-8.52039406,107.0,1.6721625794392525,178.92139600000002,-0.059208469252336436,-6.335306209999999,14.0,1.5379150000000001,21.530810000000002,-0.0025827257142857158,-0.03615816000000002
US-Wjs,2022,NIRv,year,78.44308655943532,172.0,312.74202766501065,283.1157912280361,255.5292150444363,312.74202766501065,283.1157912280361,255.5292150444363,34.4258,SAV,94.0,0.1053160925531915,9.899712700000002,-0.3119102624468085,-29.319564669999995,16.263893617021278,316.4716276595745,15.111148936170208,48.768,84.0,1.8251899166666667,153.315953,-0.13027158285714283,-10.942812959999998,141.0,1.5046465815602836,212.155168,-0.03595105255319147,-5.069098409999997,17.737865248226953,232.8457659574468,9.88818439716312,284.48,177.0,0.9174310491525424,162.3852957,-0.22729984141242937,-40.23207193,205.0,0.9323973009756098,191.14144670000002,-0.1834226677073171,-37.601646880000004,234.0,0.9454038918803419,221.2245107,-0.1468305870940171,-34.35835738,28.0,1.027005392857143,28.756151000000003,0.0939437517857143,2.6304250500000004
US-Wjs,2023,NDVI,year,114.21637935286265,172.0,349.60806421858587,306.5904481289509,271.77489501165667,349.60806421858587,306.5904481289509,271.77489501165667,34.4258,SAV,58.0,2.1772639655172417,126.28131000000002,0.549835994137931,31.89048766,16.73060344827586,319.6541724137931,13.005275862068965,53.086,100.0,1.41412971,141.412971,0.05544009628,5.5440096279999995,178.0,1.1733969584269661,208.86465859999996,0.2235327403820225,39.788827788000006,16.6710393258427,232.04746067415732,13.102044943820223,147.388,157.0,1.692217904458599,265.67821100000003,0.23663240947770703,37.151288288,192.0,1.6051001614583331,308.17923099999996,0.30515516295833334,58.589791288,235.0,1.4175740365957445,333.1298986,0.30381321892765956,71.396106448,35.0,1.214314857142857,42.50102,0.6125286571428571,21.438502999999997
US-Wjs,2023,EVI,year,79.3918304758932,172.0,345.3563444556993,312.2669438032668,277.23219264490825,345.3563444556993,312.2669438032668,277.23219264490825,34.4258,SAV,93.0,2.0618798924731188,191.75483000000006,0.7599047920430109,70.67114566000001,13.67498924731183,313.24677419354833,11.375247311827955,59.181999999999995,106.0,1.4420906698113205,152.86161099999998,0.09408369460377358,9.972871628,174.0,1.1946911298850573,207.87625659999998,0.22863290188505744,39.782124927999995,17.00901724137931,235.521683908046,13.341218390804597,139.006,198.0,1.730304904040404,342.600371,0.4058626681212122,80.36080828800002,233.0,1.6228796051502146,378.130948,0.42792014715879834,99.70539428800001,266.0,1.4947932954887218,397.6150166,0.41417316386466163,110.170061588,35.0,1.0151593428571426,35.530576999999994,0.5527024571428572,19.344586
US-Wjs,2023,NIRv,year,76.24410660176544,172.0,347.3870139201157,313.45462675391315,276.7608065846701,347.3870139201157,313.45462675391315,276.7608065846701,34.4258,SAV,96.0,2.0288367291666667,194.768326,0.7542081110416667,72.40397866,13.290739583333334,309.2857604166667,11.092135416666666,62.230000000000004,105.0,1.4395873428571428,151.156671,0.08692672979047618,9.127306628,176.0,1.1841501852272727,208.41043259999998,0.22626229561363642,39.82216402800001,16.84046022727273,233.4459659090909,13.228698863636362,140.53,200.0,1.719544635,343.908927,0.40624038144,81.24807628800001,237.0,1.609624447257384,381.480994,0.4285297353924051,101.561547288,271.0,1.4803051239852398,401.16268859999997,0.41307355604428037,111.94293368799998,37.0,1.0154612702702701,37.572067,0.5490127297297297,20.313471
US-Wjs,2024,NDVI,year,195.92628355049405,173.0,330.2143788322604,283.22208277412847,239.9391163262687,330.2143788322604,283.22208277412847,239.9391163262687,34.4258,SAV,,,,,,,,,,67.0,2.380267925373134,159.477951,0.15964264980597012,10.696057536999998,158.0,1.6882021708860762,266.735943,0.2586721907405063,40.870206137,17.899582278481013,244.2738797468354,12.88162025316456,186.44799999999998,44.0,2.9523447727272725,129.90317,0.1871926428863637,8.236476287000002,88.0,2.2989999886363637,202.31199900000001,0.31990695894318183,28.151812387,135.0,1.7567493481481482,237.16116200000002,0.2845231473111111,38.410624887,44.0,1.6456552045454549,72.40882900000001,0.45262127499999993,19.915336099999998
US-Wjs,2024,EVI,year,82.21814741376478,173.0,350.6519864625366,299.61917507243766,257.0468012248058,350.6519864625366,299.61917507243766,257.0468012248058,34.4258,SAV,91.0,1.8646316923076924,169.681484,0.9580140692307693,87.1792803,15.466142857142858,307.68823076923076,13.366153846153846,44.099,85.0,2.2830541294117643,194.05960099999996,0.24188269337647061,20.560028937000002,178.0,1.5514606646067415,276.1599983,0.267778107511236,47.664503137000004,16.296971910112358,232.8152471910112,11.94415168539326,186.44799999999995,175.0,2.066705,361.67337499999996,0.6095415384971429,106.669769237,217.0,1.901745718894009,412.67882099999997,0.5370018927972351,116.52941073700002,268.0,1.6558722847014926,443.7737723,0.49915762476492537,133.774243437,42.0,1.214415380952381,51.005446,0.23475336904761906,9.8596415
US-Wjs,2024,NIRv,year,77.07710969010823,173.0,350.3325931667701,298.86498406997106,255.7348853618222,350.3325931667701,298.86498406997106,255.7348853618222,34.4258,SAV,96.0,1.8391332708333332,176.556794,0.9495912739583332,91.16076229999999,15.045145833333335,304.5353958333333,12.941208333333334,44.355999999999995,83.0,2.268130253012048,188.254811,0.22704556550602414,18.844781937000004,178.0,1.5514606646067415,276.1599983,0.267778107511236,47.664503137000004,16.296971910112358,232.8152471910112,11.94415168539326,186.44799999999995,178.0,2.037887050561798,362.743895,0.6120000238033707,108.93600423699999,221.0,1.8931965656108596,418.396441,0.5434761617058823,120.108231737,273.0,1.650729239194139,450.6490823,0.504599726875458,137.75572543700002,43.0,1.2942452558139534,55.652546,0.2598192441860465,11.1722275
US-Wjs,2025,NDVI,year,183.88687683917792,172.0,339.05818920839,297.359950287154,247.95916159454825,339.05818920839,297.359950287154,247.95916159454825,34.4258,SAV,,,,,,,,,,76.0,2.5201606315789475,191.53220800000003,0.3289510009210526,25.000276069999998,168.0,,,,,16.919845238095238,228.63429166666668,10.546541666666666,259.999,64.0,2.5968868125,166.200756,0.40724737140625,26.06383177,114.0,2.6731806168224295,304.74259031775694,0.5673991847663552,64.68350706336449,156.0,,,,,50.0,2.7867341860465116,139.33670930232557,0.8057646744186048,40.288233720930236
US-Wjs,2025,EVI,year,123.03084599906762,172.0,315.3675560364645,277.11607398102774,246.6020682757764,315.3675560364645,277.11607398102774,246.6020682757764,34.4258,SAV,49.0,1.4805681020408163,72.547837,0.457941081632653,22.439113,18.219183673469384,321.948693877551,14.655673469387756,29.972,75.0,2.5176191733333333,188.821438,0.3243041876,24.32281407,144.0,2.616485529411764,376.77391623529405,0.5012450173949581,72.17928250487397,18.675076388888886,244.1551319444445,11.519013888888889,235.226,123.0,2.113320853658536,259.93846499999995,0.3784204395934959,46.545714069999995,154.0,2.26181788961039,348.31995500000005,0.453602532922078,69.85479007,192.0,2.290292245508982,439.73611113772455,0.4902458507185629,94.12720333796408,31.0,2.8510158064516125,88.38148999999999,0.751905677419355,23.309076000000005
US-Wjs,2025,NIRv,year,81.19825771344964,172.0,318.1701493923764,278.9818564599253,248.24041780937716,318.1701493923764,278.9818564599253,248.24041780937716,34.4258,SAV,91.0,1.558680318681319,141.83990900000003,0.6723944395604398,61.18789400000002,15.271175824175824,306.7603846153846,12.800373626373625,44.196000000000005,77.0,2.5235445194805193,194.31292799999997,0.33724394896103893,25.967784069999997,147.0,2.616485529411764,384.62337282352934,0.5012450173949581,73.68301755705883,18.524115646258505,242.25773469387758,11.482258503401361,235.226,167.0,2.0043235149700602,334.7220270000001,0.5205955992215568,86.93946507,197.0,2.1342927258883244,420.4556669999999,0.5563575739593908,109.60244206999998,237.0,2.1615831435406703,512.2952050191388,0.5771284118181819,136.7794336009091,30.0,2.8577879999999993,85.73363999999998,0.7554325666666667,22.662977
US-Wkg,2013,NDVI,year,186.8091549370935,172.0,308.6368135898624,254.22633753302355,218.77098372804653,308.6368135898624,254.22633753302355,218.77098372804653,31.7365,GRA,,,,,,,,,,47.0,1.1694542123404255,54.96434798,-0.3926055063829787,-18.4524588,137.0,1.1596784609781023,158.875949154,-0.1456228605839416,-19.950331900000002,22.337919708029197,257.16190510948906,16.83956934306569,208.27999999999997,32.0,1.8588437931250001,59.483001380000005,-0.21889277500000004,-7.004568800000001,68.0,1.7914511423529416,121.81867768000002,-0.082942725,-5.6401053,122.0,1.3393000209344263,163.39460255400002,-0.06969214672131148,-8.5024419,36.0,1.7315465638888887,62.335676299999996,0.0379017638888889,1.3644635000000003
US-Wkg,2013,EVI,year,187.20375571452635,172.0,298.29819737105447,250.28207585332197,217.9973841694681,298.29819737105447,250.28207585332197,217.9973841694681,31.7365,GRA,,,,,,,,,,46.0,1.115619086521739,51.31847798,-0.4349341043478261,-20.0069688,127.0,1.2462390101889766,158.27235429400002,-0.14137474173228345,-17.9545922,22.859944881889767,262.1865039370079,17.125385826771655,206.248,30.0,1.8679506793333334,56.03852038,-0.23697929333333348,-7.109378800000004,63.0,1.9051034028571427,120.02151438,-0.032789734920634916,-2.0657533,111.0,1.4683999702162165,162.99239669400004,-0.04555857837837839,-5.057002200000001,33.0,1.938878606060606,63.982994,0.15283713636363636,5.0436255
US-Wkg,2013,NIRv,year,187.27848797050623,172.0,291.3951770878907,247.1006704668141,217.5161333633408,291.3951770878907,247.1006704668141,217.5161333633408,31.7365,GRA,,,,,,,,,,46.0,1.115619086521739,51.31847798,-0.4349341043478261,-20.0069688,120.0,1.3165791331666667,157.98949598000002,-0.14269992050000002,-17.12399046,23.107308333333336,264.2926083333333,17.05695,206.248,30.0,1.8679506793333334,56.03852038,-0.23697929333333348,-7.109378800000004,60.0,1.9736444229999999,118.41866538,-0.011658505000000001,-0.6995103,104.0,1.5645147921153848,162.70953838000003,-0.040638465961538466,-4.226400460000001,30.0,2.079338166666667,62.38014500000001,0.2136622833333333,6.409868499999999
US-Wkg,2014,NDVI,year,200.550210395913,172.0,322.5050149341465,300.6717031699214,274.43501258276746,322.5050149341465,300.6717031699214,274.43501258276746,31.7365,GRA,,,,,,,,,,103.0,2.162681249514563,222.7561687,0.20392688640776696,21.004469299999997,151.0,2.0123050907284767,303.8580687,0.3900497900662252,58.8975183,21.463589403973508,247.30181456953648,14.573264900662252,370.84,74.0,3.037254486486486,224.75683199999997,0.6727860445945947,49.78616730000001,100.0,2.776494220000001,277.6494220000001,0.760363323,76.0363323,122.0,2.5070387868852455,305.858732,0.718682100819672,87.67921629999998,26.0,2.0343303846153846,52.89259,1.0096217307692306,26.250164999999996
US-Wkg,2014,EVI,year,198.3736758649508,172.0,322.2972428104163,299.6044072146988,270.0502534737052,322.2972428104163,299.6044072146988,270.0502534737052,31.7365,GRA,,,,,,,,,,99.0,2.139546148484848,211.81506869999996,0.15356717474747475,15.2031503,151.0,2.0123050907284767,303.8580687,0.3900497900662252,58.8975183,21.463589403973508,247.30181456953648,14.573264900662252,370.84,72.0,2.993907472222222,215.56133799999998,0.5872487819444445,42.2819123,101.0,2.750264138613862,277.77667800000006,0.7290930722772276,73.63840029999999,124.0,2.4806801451612905,307.60433800000004,0.6933570991935483,85.97628029999998,29.0,2.145356551724138,62.21534,1.0812582068965515,31.35648799999999
US-Wkg,2014,NIRv,year,198.9648876998224,172.0,322.04369897116646,298.6480317714724,268.3766402920916,322.04369897116646,298.6480317714724,268.3766402920916,31.7365,GRA,,,,,,,,,,97.0,2.132424316494845,206.84515869999996,0.14101817835051544,13.678763299999998,151.0,2.0123050907284767,303.8580687,0.3900497900662252,58.8975183,21.463589403973508,247.30181456953648,14.573264900662252,370.84,70.0,3.008448971428571,210.59142799999995,0.5822503614285713,40.75752529999999,100.0,2.7573583800000008,275.73583800000006,0.7261547029999998,72.61547029999998,124.0,2.4806801451612905,307.60433800000004,0.6933570991935483,85.97628029999998,30.0,2.1714803333333332,65.14441,1.0619314999999998,31.857944999999994
US-Wkg,2015,NDVI,year,178.2571915113105,172.0,316.46872407032527,300.1347490201467,283.7009130128829,316.46872407032527,300.1347490201467,283.7009130128829,31.7365,GRA,,,,,,,,,,112.0,2.3355085535714286,261.576958,0.2677414910714286,29.987047,145.0,2.0227734137931033,293.302145,0.21282627793103448,30.8598103,21.837006896551724,242.93757241379313,14.766282758620688,271.653,105.0,2.45170300952381,257.42881600000004,0.36812072380952376,38.65267599999999,122.0,2.2589039918032787,275.586287,0.3060550163934426,37.338712,138.0,2.0953188623188406,289.154003,0.28641622681159423,39.5254393,17.0,1.0680865294117647,18.157471,-0.077292,-1.313964
US-Wkg,2015,EVI,year,40.00265178156747,172.0,330.6228767427449,299.0496658242405,267.8673290183649,330.6228767427449,299.0496658242405,267.8673290183649,31.7365,GRA,132.0,1.2157888257575757,160.484125,0.42778788515151517,56.46800084,17.325674242424242,291.02437878787873,15.720651515151516,38.1,96.0,2.3896595625,229.40731799999998,0.24108982187499997,23.144622899999998,159.0,1.873911106918239,297.951866,0.1817123875471698,28.89226962,20.99250943396226,235.25912578616354,14.301647798742138,281.68600000000004,227.0,1.7152888370044053,389.370566,0.3531929724229075,80.17480474,259.0,1.6922835405405403,438.30143699999996,0.32910222332046335,85.23747584,290.0,1.5790176344827587,457.915114,0.2962843153793104,85.92245146,32.0,1.5290897187499999,48.930870999999996,0.158208471875,5.0626711
US-Wkg,2015,NIRv,year,40.07886975813884,172.0,328.8928168524193,295.82247780742745,263.9421266944386,328.8928168524193,295.82247780742745,263.9421266944386,31.7365,GRA,132.0,1.2157888257575757,160.484125,0.42778788515151517,56.46800084,17.325674242424242,291.02437878787873,15.720651515151516,38.1,92.0,2.3856167173913043,219.476738,0.24499835217391305,22.5398484,157.0,1.895436656050955,297.58355499999993,0.1865173033121019,29.283216619999997,21.096165605095543,236.98243312101914,14.400031847133757,280.543,223.0,1.701524600896861,379.439986,0.35681627910313907,79.57003024000001,255.0,1.6991394784313725,433.28056699999996,0.3293586778039216,83.98646284,288.0,1.5887041770833337,457.54680300000007,0.29969930020833335,86.31339846,32.0,1.68251815625,53.840581,0.13801351875,4.4164326
US-Wkg,2016,NDVI,year,180.23098406718827,173.0,324.65770247915367,284.72443639705193,250.3572236716836,324.65770247915367,284.72443639705193,250.3572236716836,31.7365,GRA,,,,,,,,,,78.0,2.3776555264358974,185.457131062,0.4759215333333333,37.1218796,152.0,1.924730574092105,292.559047262,0.36312838881578946,55.195515099999994,22.14653947368421,249.88496052631575,16.650026315789475,297.94199999999995,70.0,2.652847478028572,185.69932346200002,0.5825369657142858,40.777587600000004,104.0,2.5563101486730773,265.85625546200004,0.5604842153846155,58.29035840000001,144.0,2.033341942097222,292.801239662,0.40868904930555555,58.8512231,34.0,2.357556823529411,80.15693199999998,0.5150814941176471,17.512770800000002
US-Wkg,2016,EVI,year,164.7480264020307,173.0,318.7690628079113,277.5504518016946,249.240458400348,318.7690628079113,277.5504518016946,249.240458400348,31.7365,GRA,9.0,-0.13500746666666666,-1.2150672,-0.3519348666666666,-3.1674137999999994,27.673111111111112,374.9631111111111,33.39644444444444,0.0,77.0,2.3873522215844156,183.826121062,0.48615252727272723,37.4337446,146.0,1.9986360963150682,291.80087006199994,0.3831431986301369,55.938906999999986,22.401280821917812,252.6835479452055,16.723767123287672,297.94199999999995,85.0,2.151028774847059,182.83744586200004,0.4094133976470589,34.800138800000006,113.0,2.230421220017699,252.03759786199998,0.44018443008849556,49.7408406,154.0,1.8883908757272732,290.81219486200007,0.3461383194805195,53.3053012,28.0,2.471434,69.200152,0.533596492857143,14.940701800000003
US-Wkg,2016,NIRv,year,157.25063923886032,173.0,317.337064431992,276.89854159618784,249.80038735605612,317.337064431992,276.89854159618784,249.80038735605612,31.7365,GRA,16.0,-0.17197304375,-2.7515687,-0.33318960625,-5.3310337,26.847625,360.57581250000004,29.7956875,4.064,77.0,2.3873522215844156,183.826121062,0.48615252727272723,37.4337446,145.0,2.0113711038758617,291.64881006199994,0.38649938620689644,56.04241099999999,22.44928275862069,253.07844827586206,16.750062068965516,297.94199999999995,92.0,1.9706624387173912,181.300944362,0.35474477065217397,32.636518900000006,119.0,2.086723666907563,248.320116362,0.3971177201680673,47.25700870000001,160.0,1.8070227085124997,289.12363336199996,0.32028240812500003,51.2451853,27.0,2.4821915555555556,67.019172,0.5414996222222223,14.620489800000001
US-Wkg,2017,NDVI,year,181.5604190574772,172.0,317.5725333713075,265.077979841376,229.449755179595,317.5725333713075,265.077979841376,229.449755179595,31.7365,GRA,,,,,,,,,,58.0,3.1488877068965513,182.63548699999998,1.1547920172413793,66.977937,146.0,2.1502407047945202,313.93514289999996,0.6302114578904109,92.01087285199999,22.89489726027397,259.6749246575343,18.105869863013698,313.18199999999996,48.0,3.7446542708333332,179.743405,1.6213198333333334,77.823352,84.0,3.4391172500000007,288.88584900000006,1.2052197408333334,101.23845823,136.0,2.2870813301470587,311.0430609,0.7562962342058824,102.85628785200001,36.0,3.031734555555556,109.14244400000001,0.6504196175,23.41510623
US-Wkg,2017,EVI,year,180.42254215755185,172.0,319.99685206970605,267.1566206085238,227.7570160244696,319.99685206970605,267.1566206085238,227.7570160244696,31.7365,GRA,,,,,,,,,,56.0,3.0468920892857136,170.62595699999997,1.100333875,61.618697,148.0,2.1231058770270272,314.2196698,0.6212950848108107,91.95167255199999,22.869229729729728,258.59727702702713,18.15339189189189,313.182,47.0,3.593148617021276,168.87798499999997,1.5317583829787236,71.99264400000001,87.0,3.354061482758621,291.803349,1.1623646003448278,101.12572023000001,139.0,2.2479978258992808,312.4716978,0.7361555363453238,102.325619552,40.0,3.0731341,122.925364,0.72832690575,29.13307623
US-Wkg,2017,NIRv,year,180.07806224439256,172.0,321.7320299050317,268.0216140710812,227.7685214280509,321.7320299050317,268.0216140710812,227.7685214280509,31.7365,GRA,,,,,,,,,,56.0,3.0468920892857136,170.62595699999997,1.100333875,61.618697,150.0,2.0965037386666667,314.4755608,0.6125448283466667,91.881724252,22.823073333333333,257.6478200000001,18.173333333333332,313.182,47.0,3.593148617021276,168.87798499999997,1.5317583829787236,71.99264400000001,88.0,3.3259944772727277,292.687514,1.150926332159091,101.28151723,141.0,2.2179261617021275,312.7275888,0.7252175266099292,102.25567125200001,41.0,3.0197446097560974,123.809529,0.714362761707317,29.28887323
US-Wkg,2018,NDVI,year,176.41627909174105,172.0,347.20694563520544,305.0606452817632,274.3988426229242,347.20694563520544,305.0606452817632,274.3988426229242,31.7365,GRA,,,,,,,,,,103.0,2.2118033980582523,227.81574999999998,0.07957242524271846,8.1959598,176.0,1.5230977579545453,268.06520539999997,0.013372207465909093,2.3535085140000005,19.815795454545455,235.57055113636363,14.778954545454543,312.166,98.0,2.28683456122449,224.109787,0.11069725306122451,10.848330800000001,129.0,1.9235961782945736,248.143907,0.03420974813953488,4.41305751,171.0,1.5459604818713448,264.35924239999997,0.029274149204678364,5.005879514,31.0,0.7752941935483872,24.034120000000005,-0.20758946096774197,-6.435273290000001
US-Wkg,2018,EVI,year,163.13930261026317,172.0,334.622252144653,294.6800671632997,267.8662161700666,334.622252144653,294.6800671632997,267.8662161700666,31.7365,GRA,9.0,-0.18245563999999995,-1.6421007599999995,-0.9666485555555556,-8.699837,24.697333333333333,318.5918888888889,24.279333333333334,30.226,96.0,2.2247628125000003,213.57723000000004,0.0553749875,5.3159988,163.0,1.6272774012269937,265.2462164,0.021864253460122704,3.5638733140000007,20.66239263803681,243.76197546012273,15.518944785276071,294.386,104.0,2.0320869446153846,211.33704224000002,-0.025832530769230772,-2.6865832000000003,131.0,1.8324749407633587,240.05421723999999,-0.03439112435114501,-4.505237289999997,171.0,1.5380469511111112,263.00602864,-0.025957360736842107,-4.438708686,27.0,1.063599074074074,28.717174999999997,-0.06735755888888888,-1.8186540899999997
US-Wkg,2018,NIRv,year,160.6977577369603,172.0,326.41901085257007,290.12038759220786,265.81949623603845,326.41901085257007,290.12038759220786,265.81949623603845,31.7365,GRA,12.0,-0.18251066333333335,-2.1901279600000003,-0.8254738333333335,-9.905686000000001,25.386583333333334,330.58825,26.595250000000004,30.226,94.0,2.2166579787234046,208.36585000000002,0.04767202234042554,4.481170100000001,155.0,1.6991992154838709,263.3758784,0.021796456903225802,3.3784508199999994,21.12484516129032,248.14141290322576,15.836135483870965,287.78200000000004,105.0,1.9578822384761905,205.57763504,-0.045021532380952384,-4.7272609,130.0,1.823471131076923,237.05124704,-0.027599363769230743,-3.5879172899999965,166.0,1.569805201445783,260.58766344,-0.03512036253012048,-5.829980179999999,25.0,1.25894448,31.473612,0.04557374440000001,1.1393436100000003
US-Wkg,2019,NDVI,year,162.9370388702626,172.0,318.06141187794327,299.31049382866576,283.24528949851435,318.06141187794327,299.31049382866576,283.24528949851435,31.7365,GRA,10.0,0.6695046,6.695046,-0.16220446,-1.6220446,26.431400000000004,351.70050000000003,30.451900000000002,0.0,112.0,1.88227255625,210.8145263,0.12244319642857142,13.713638,147.0,1.6141376306122448,237.2782317,0.10748056054421767,15.799642399999998,22.624448979591836,243.72709523809525,18.004265306122452,196.469,121.0,1.7948689528925619,217.1791433,0.10375688760330579,12.5545834,137.0,1.7356643014598538,237.7860093,0.1293538204379562,17.7214734,156.0,1.5618131326923075,243.64284869999997,0.09384992179487181,14.640587800000002,16.0,1.287929125,20.606866,0.322930625,5.16689
US-Wkg,2019,EVI,year,58.66033981174908,172.0,346.50996921245786,315.7949984425736,281.9671838132127,346.50996921245786,315.7949984425736,281.9671838132127,31.7365,GRA,114.0,1.0610734719298245,120.96237579999999,0.27728668508771925,31.610682099999995,17.603377192982457,301.15565789473686,16.77471052631579,41.529,110.0,1.866355693636364,205.29912630000004,0.10667090000000001,11.733799000000001,175.0,1.3876221641142858,242.83387872000003,0.046169048000000004,8.0795834,20.833737142857146,224.7700857142857,16.24266857142857,327.025,223.0,1.4615743188340808,325.93107310000005,0.19644605874439464,43.8074711,257.0,1.3904282762645914,357.340067,0.1895879785992218,48.7241105,288.0,1.2620341163888888,363.46582552,0.13942102604166667,40.1532555,34.0,0.9237939382352941,31.4089939,0.14460704117647058,4.916639399999999
US-Wkg,2019,NIRv,year,55.91486448536459,172.0,347.7188178305208,317.5102727145124,282.6315439458336,347.7188178305208,317.5102727145124,282.6315439458336,31.7365,GRA,117.0,1.0348133333333331,121.07315999999997,0.26835837205128205,31.39792953,17.4607094017094,298.9184786324787,16.62437606837607,41.529,111.0,1.8758394261261264,208.21817630000004,0.11497773873873875,12.762529,176.0,1.3834407029545455,243.48556372000002,0.04493121818181818,7.9078944,20.795625,224.3813522727273,16.220517045454546,327.025,227.0,1.4491669925110133,328.96090730000003,0.19657906841409695,44.623448530000005,262.0,1.3653404721374045,357.7192037,0.18278398446564886,47.88940393,292.0,1.2473571736986302,364.22829472,0.13619456825342463,39.76881392999999,35.0,0.8216656114285713,28.758296399999995,0.09331301142857142,3.2659553999999997
US-Wkg,2020,NDVI,year,78.68229689804302,173.0,328.0903874240522,240.8463755666456,169.24370874837714,328.0903874240522,240.8463755666456,169.24370874837714,31.7365,GRA,95.0,1.477449831578947,140.35773399999997,0.49493484389473685,47.01881017,20.32936842105263,325.14393684210523,20.65723157894737,5.587999999999999,,,,,,156.0,0.3220639866666667,50.24198192,-0.44814202615384613,-69.91015608,23.88569871794872,244.35496794871796,22.741442307692303,73.914,91.0,1.5111809670329668,137.51746799999998,0.5249474524175824,47.77021817,162.0,1.1413300277777778,184.8954645,0.02728064191358023,4.419463989999997,250.0,0.7590211396800001,189.75528492,-0.09126040764000001,-22.815101910000003,71.0,0.6672957253521126,47.377996499999995,-0.6105740025352113,-43.35075418
US-Wkg,2020,EVI,year,76.2292203310012,173.0,327.0210214454931,240.66878978195308,173.7259017787177,327.0210214454931,240.66878978195308,173.7259017787177,31.7365,GRA,97.0,1.453882649484536,141.026617,0.4801157543298969,46.57122817,20.140917525773197,321.19761855670106,20.39418556701031,21.717000000000002,,,,,,155.0,0.3250654317419355,50.385141919999995,-0.45007084567741934,-69.76098108,23.930793548387097,244.86698064516128,22.795722580645158,73.914,97.0,1.453882649484536,141.026617,0.4801157543298969,46.57122817,164.0,1.1314899237804878,185.5643475,0.02421879262195122,3.97188199,251.0,0.7592323821513945,190.56732792000003,-0.0920856928685259,-23.11350891,67.0,0.6647422462686567,44.5377305,-0.6358111370149254,-42.599346180000005
US-Wkg,2020,NIRv,year,76.3846547436248,173.0,318.51208502559786,232.54722379960907,175.475884005931,318.51208502559786,232.54722379960907,175.475884005931,31.7365,GRA,97.0,1.453882649484536,141.026617,0.4801157543298969,46.57122817,20.140917525773197,321.19761855670106,20.39418556701031,21.717000000000002,,,,,,146.0,0.35218385904109584,51.418843419999995,-0.46081281561643833,-67.27867108,24.247452054794522,249.74403424657535,23.129143835616436,73.914,99.0,1.4429445252525253,142.851508,0.4696415564646464,46.494514089999996,156.0,1.1699553455128204,182.51303389999998,0.058823557628205146,9.176474990000003,242.0,0.7917397909917355,191.60102942,-0.08525288805785125,-20.631198910000002,57.0,0.6958162438596491,39.6615259,-0.6547024403508772,-37.3180391
US-Wkg,2021,NDVI,year,192.60595140645844,172.0,322.0109857689428,276.63538294805534,247.6524741167339,322.0109857689428,276.63538294805534,247.6524741167339,31.7365,GRA,,,,,,,,,,76.0,2.1095885114473685,160.32872687,0.22658531578947366,17.220484,151.0,1.4273708635496687,215.53300039599998,0.11009857490066223,16.624884809999998,21.94186092715232,240.09231788079472,15.795337748344371,244.34799999999998,55.0,2.914978416363637,160.32381290000004,0.5577630909090908,30.676969999999994,84.0,2.378782772619048,199.81775290000004,0.3156608833333333,26.5155142,130.0,1.657908357123077,215.52808642600002,0.23139516007692304,30.081370809999996,29.0,1.36186,39.49394,-0.14349847586206896,-4.1614558
US-Wkg,2021,EVI,year,193.99985087763864,172.0,311.0139452754618,270.5464756903598,246.050874447474,311.0139452754618,270.5464756903598,246.050874447474,31.7365,GRA,,,,,,,,,,75.0,2.0998575582666668,157.48931687,0.22115810666666666,16.586858,140.0,1.5325833556857145,214.56166979600002,0.11750120992142857,16.450169389,22.28165714285715,245.1329142857143,15.700664285714284,244.34799999999998,53.0,2.9780407905660384,157.83616190000004,0.594624037735849,31.515074,77.0,2.4880447000000006,191.57944190000003,0.36382737532467535,28.0147079,118.0,1.821258600220339,214.90851482600002,0.26591852024576274,31.378385389,24.0,1.40597,33.74328,-0.1458485875,-3.5003661
US-Wkg,2021,NIRv,year,197.6640241098694,172.0,305.0171636460454,266.99999294400595,244.3506270977511,305.0171636460454,266.99999294400595,244.3506270977511,31.7365,GRA,,,,,,,,,,73.0,2.0699024228767122,151.10287687,0.1977050136986301,14.432465999999998,134.0,1.5990914032537316,214.27824803600004,0.12082234767910445,16.190194588999997,22.42474626865672,247.45797014925375,15.574298507462688,244.34799999999998,47.0,3.2219575127659574,151.4320031,0.7170789574468085,33.702711,69.0,2.695200044927536,185.9688031,0.48836781014492747,33.6973789,108.0,1.987105317277778,214.60737426600002,0.3283374036018519,35.460439589,22.0,1.5698545454545458,34.53680000000001,-0.00024236818181815436,-0.005332099999999396
US-Wkg,2022,NDVI,year,173.18912517956633,172.0,326.6909273072123,273.9159170642411,241.04313631458783,326.6909273072123,273.9159170642411,241.04313631458783,31.7365,GRA,,,,,,,,,,70.0,3.34253794893,233.9776564251,0.9225396428571427,64.57777499999999,155.0,2.3701984362909676,367.3807576251,0.5914513531612903,91.67495973999999,20.119245161290323,239.6510258064516,12.21754193548387,443.10300000000007,68.0,3.461125770957353,235.3565524251,1.0163074264705882,69.10890500000001,100.0,3.2674946242510003,326.74946242510003,0.822466635,82.2466635,153.0,2.410193814543137,368.75965362509993,0.6287979721568627,96.20608974,32.0,2.8560284375,91.39291,0.41055495312499996,13.137758499999999
US-Wkg,2022,EVI,year,171.3982755173809,172.0,312.4363188968747,266.2174258244299,238.9242621068388,312.4363188968747,266.2174258244299,238.9242621068388,31.7365,GRA,,,,,,,,,,67.0,3.263472782464179,218.6526764251,0.8807472388059701,59.010065,141.0,2.5751183079794324,363.0916814251,0.6386565815602837,90.050578,21.13343262411347,245.59341843971632,12.6641914893617,443.10300000000007,67.0,3.263472782464179,218.6526764251,0.8807472388059701,59.010065,95.0,3.2741789097378944,311.04699642509996,0.801434461052632,76.13627380000004,141.0,2.5751183079794324,363.0916814251,0.6386565815602837,90.050578,28.0,3.2997971428571424,92.39432,0.6116503142857141,17.126208799999997
US-Wkg,2022,NIRv,year,173.6609937366278,172.0,304.6724140250444,262.95125092244257,238.4620201659624,304.6724140250444,262.95125092244257,238.4620201659624,31.7365,GRA,,,,,,,,,,67.0,3.263472782464179,218.6526764251,0.8807472388059701,59.010065,133.0,2.7053540332714285,359.8120864251,0.660232684962406,87.81094709999999,21.61957894736842,249.46145112781954,12.796872180451127,439.547,65.0,3.3851011142323078,220.0315724251,0.9775568461538462,63.541195,89.0,3.4242522744393256,304.75845242509996,0.9006723011235956,80.15983480000001,131.0,2.7571830719473285,361.1909824251,0.704901351908397,92.3420771,24.0,3.5302866666666666,84.72688,0.6924433249999998,16.618639799999997
US-Wkg,2023,NDVI,year,79.0311423896934,172.0,359.1332628837702,333.08482050597206,296.9177553121624,359.1332628837702,333.08482050597206,296.9177553121624,31.7365,GRA,93.0,1.2586652795698925,117.055871,0.5506869999999999,51.21389099999999,19.058225806451613,325.73238709677423,19.239634408602154,1.651,125.0,1.1049431807999996,138.11789759999996,-0.16238786151999998,-20.298482689999997,188.0,0.7624468606914894,143.34000981,-0.1206778810638298,-22.687441640000003,21.439797872340428,231.84984042553194,19.408739361702132,170.688,217.0,1.17203879078341,254.33241759999996,0.14265011064516128,30.955074009999997,254.0,1.0221442299212598,259.6246344,0.12360275003937007,31.39509851,280.0,0.9269804636071429,259.55452981,0.1020218395,28.56611506,37.0,0.1430328864864865,5.2922168,0.011892554054054056,0.4400245000000001
US-Wkg,2023,EVI,year,74.1206038680355,172.0,359.5906051680944,332.5492473087146,293.29962387443845,359.5906051680944,332.5492473087146,293.29962387443845,31.7365,GRA,98.0,1.2114294387755102,118.720085,0.5255067724489796,51.4996637,18.594836734693875,320.70438775510206,18.58465306122449,1.651,122.0,1.1264731360655738,137.4297226,-0.16480193270491802,-20.10583579,188.0,0.7624468606914894,143.34000981,-0.1206778810638298,-22.687441640000003,21.439797872340428,231.84984042553194,19.408739361702132,170.688,219.0,1.1657920392694063,255.3084566,0.14353193429223743,31.433493609999996,258.0,1.0120526914728682,261.1095944,0.12209436127906977,31.50034521,285.0,0.9165569958245613,261.21874381,0.10123469389473684,28.85188776,39.0,0.1487471230769231,5.8011378,0.0017141435897435832,0.06685159999999975
US-Wkg,2023,NIRv,year,71.93909860917181,172.0,360.7403463135824,335.3862405755156,297.2011435232431,360.7403463135824,335.3862405755156,297.2011435232431,31.7365,GRA,101.0,1.1833338712871289,119.51672100000002,0.5095402431386137,51.463564556999984,18.45216831683168,317.4631485148515,18.35415841584159,1.651,126.0,1.0964761865079362,138.15599949999995,-0.16260860865079363,-20.488684689999996,189.0,0.7580213333862434,143.26603201,-0.12153100338624341,-22.969359640000004,21.355603174603175,231.48067724867724,19.333031746031747,170.688,226.0,1.1364219889380531,256.8313695,0.13723250250884958,31.014545567000006,264.0,0.9934421287878789,262.268722,0.12055499002651514,31.826517366999997,289.0,0.9063716332525952,261.94140201,0.09873311632179929,28.533870616999994,38.0,0.14308822368421056,5.437352500000001,0.021367678947368417,0.8119717999999999
US-Wkg,2024,NDVI,year,180.12952250009312,173.0,300.8316324661824,267.0528896879024,247.0652870079724,300.8316324661824,267.0528896879024,247.0652870079724,31.7365,GRA,,,,,,,,,,75.0,1.1629058973333333,87.21794229999999,-0.17509307866666665,-13.131980899999999,128.0,0.72327335796875,92.57898982,-0.220713831328125,-28.25137041,25.045398437499998,264.26750000000004,21.4617578125,162.814,67.0,1.2730445388059701,85.2939841,-0.09084416268656716,-6.086558899999999,87.0,1.0800383298850573,93.96333469999999,-0.13895920931034483,-12.08945121,120.0,0.7554585968333335,90.65503162000002,-0.17671623674999998,-21.205948409999998,20.0,0.43346753,8.6693506,-0.3001446155,-6.00289231
US-Wkg,2024,EVI,year,164.45920312480385,173.0,304.60952543593817,270.8318188624393,249.74488913310708,304.60952543593817,270.8318188624393,249.74488913310708,31.7365,GRA,9.0,0.18500586666666666,1.6650528,-0.25154744444444443,-2.263927,27.898111111111113,344.22988888888887,31.60655555555555,0.0,77.0,1.151095666233766,88.63436629999998,-0.17878766103896102,-13.766649899999997,132.0,0.6929681122727273,91.47179082,-0.22265855613636362,-29.39092941,24.85427272727273,262.72914393939396,21.37599242424242,162.814,85.0,1.0576217188235293,89.8978461,-0.18535911647058825,-15.755524900000001,106.0,0.9164260518867924,97.1411615,-0.20940670009433965,-22.19711021,140.0,0.6623947901428571,92.73527062,-0.22414146007142857,-31.37980441,21.0,0.34491978095238096,7.2433154,-0.3067421576190476,-6.44158531
US-Wkg,2024,NIRv,year,154.28973632077307,173.0,317.931209914125,277.9354554136088,252.6406748888785,317.931209914125,277.9354554136088,252.6406748888785,31.7365,GRA,19.0,0.15235322105263158,2.8947112,-0.24183773684210524,-4.594917,27.57078947368421,341.20863157894735,32.24768421052632,0.0,80.0,1.1234630662499998,89.87704529999999,-0.18681721125,-14.9453769,145.0,0.612845688413793,88.86262482,-0.22939514075862064,-33.26229540999999,23.6863724137931,256.8219862068965,20.40586206896552,178.689,98.0,0.9425528928571428,92.3701835,-0.19658410102040816,-19.2652419,123.0,0.7954705170731706,97.84287359999999,-0.21988247325203256,-27.045544210000003,163.0,0.560464803803681,91.35576302000001,-0.23056540128834355,-37.58216041,25.0,0.218907604,5.4726901,-0.31121209240000003,-7.780302310000001
US-Wkg,2025,NDVI,year,187.10120608000545,172.0,353.41052840779275,322.7768530682204,286.18691697032534,353.41052840779275,322.7768530682204,286.18691697032534,31.7365,GRA,,,,,,,,,,115.0,0.9259644488695653,106.48591162000001,-0.12764855826086954,-14.679584199999997,182.0,0.7306586116483517,132.97986732,-0.041966213681318684,-7.63785089,21.354000000000003,233.35685164835164,16.92798901098901,264.287,99.0,1.1181606354545455,110.69790291,-0.042385284848484854,-4.196143200000001,135.0,1.0099683822962966,136.34573161000003,0.02719280703703704,3.67102895,166.0,0.8264569795783132,137.19185861,0.01714210909638554,2.84559011,36.0,0.7124396861111112,25.6478287,0.21853255972222219,7.867172149999998
US-Wkg,2025,EVI,year,180.082347250867,172.0,346.28214987000644,312.61111565931293,278.3731483564579,346.28214987000644,312.61111565931293,278.3731483564579,31.7365,GRA,,,,,,,,,,107.0,0.9041458469158878,96.74360562,-0.15730302990654207,-16.8314242,175.0,0.7609317938285713,133.16306391999998,-0.0424130868,-7.42229019,21.557268571428573,236.34078857142862,17.008914285714287,264.287,98.0,1.005836131734694,98.57194091000001,-0.1349732775510204,-13.2273812,132.0,1.0010782038636363,132.14232291,-0.022371786742424266,-2.953075850000003,166.0,0.813201200060241,134.99139921,-0.02300148909638554,-3.8182471899999992,34.0,0.9873641764705883,33.570382,0.3021854514705882,10.274305349999999
US-Wkg,2025,NIRv,year,172.80081031587144,172.0,341.06525778124933,308.7255877457747,278.45504841049353,341.06525778124933,308.7255877457747,278.45504841049353,31.7365,GRA,,,,,,,,,,107.0,0.9041458469158878,96.74360562,-0.15730302990654207,-16.8314242,170.0,0.7804790012941175,132.68143021999998,-0.04604883052941176,-7.8283011899999995,21.72581176470588,238.37468823529412,17.072152941176473,264.287,106.0,0.9125877033018868,96.73429655,-0.15697616226415095,-16.6394732,136.0,0.9444658055147057,128.44734954999998,-0.04946358125000002,-6.727047050000003,169.0,0.7850421369822485,132.67212114999998,-0.04518550408284023,-7.636350189999999,30.0,1.0571017666666667,31.713053,0.330414205,9.91242615
