leaf_habit,eos_source,target,window,predictor,model,beta_days_per_sd,std_err,p_value,n_obs,n_sites,p_fdr
all,GCC,EOS10,pre,GPP cumulative (source),raw,0.20622029731602404,1.2490198005295012,0.8688607810665377,205,26,0.9677730742844838
all,GCC,EOS10,pre,GPP cumulative (source),adj_T,0.2636232437688242,1.2839512897086258,0.8373206801683409,201,25,0.9810024598566567
all,GCC,EOS10,pre,"NPP cumulative, annual CUE",raw,-0.41136706413272084,1.9213411853694236,0.8304658628286318,205,26,0.9554032050240897
all,GCC,EOS10,pre,"NPP cumulative, annual CUE",adj_T,-0.3987962168228396,1.9507108590097497,0.8380125232015823,201,25,0.9810024598566567
all,GCC,EOS10,pre,"NPP cumulative, daily CUE",raw,-2.153538600910581,1.244673079520748,0.08359379663510982,203,26,0.4722361472520298
all,GCC,EOS10,pre,"NPP cumulative, daily CUE",adj_T,-2.1202623049030493,1.2824830325661267,0.09828043351344418,199,25,0.5260043449833111
all,GCC,EOS10,pre,GPP rate (mean),raw,-0.2333699992475909,0.7136219382916416,0.7436513243549259,205,26,0.9486699638414429
all,GCC,EOS10,pre,GPP rate (mean),adj_T,-0.39207255264210705,0.7972359245834203,0.6228678976345992,201,25,0.9480104088691197
all,GCC,EOS10,pre,CUE seasonal mean,raw,-2.1968823007151297,1.308396334365133,0.09313940486232251,215,27,0.4871038599194601
all,GCC,EOS10,pre,CUE seasonal mean,adj_T,-2.2006330733146044,1.3713112356941648,0.10854540303320986,211,26,0.5452693507943038
all,GCC,EOS10,post,GPP cumulative (source),raw,0.8035528125562829,1.64707285351014,0.6256439123687065,230,29,0.8997375308955649
all,GCC,EOS10,post,GPP cumulative (source),adj_T,0.46753384643191653,1.8985914892101001,0.8054863917975987,201,25,0.9810024598566567
all,GCC,EOS10,post,"NPP cumulative, annual CUE",raw,0.6623829797160006,1.2373410183221831,0.592423242704168,230,29,0.888634864056252
all,GCC,EOS10,post,"NPP cumulative, annual CUE",adj_T,0.3497182570094752,1.391280060232621,0.8015324003638279,201,25,0.9810024598566567
all,GCC,EOS10,post,"NPP cumulative, daily CUE",raw,0.22272667406038804,1.2469058559054398,0.8582333497905485,228,29,0.9673728509199825
all,GCC,EOS10,post,"NPP cumulative, daily CUE",adj_T,0.15606034780228112,1.4796725802807522,0.9160032594097981,199,25,0.9886405247910727
all,GCC,EOS10,post,GPP rate (mean),raw,0.8269101646514684,1.6928942817269743,0.6252244601247188,230,29,0.8997375308955649
all,GCC,EOS10,post,GPP rate (mean),adj_T,0.40226598930717244,1.9241370653245697,0.8343990086575069,201,25,0.9810024598566567
all,GCC,EOS10,post,CUE seasonal mean,raw,-0.04674754092108879,0.895806177036766,0.9583813777995199,248,32,0.9956185448155235
all,GCC,EOS10,post,CUE seasonal mean,adj_T,0.1560514434654067,0.9661998769625619,0.8716913272571961,211,26,0.9826638857065281
all,GCC,EOS10,cal60,GPP rate (mean),raw,0.6172924059446019,0.9592829500990125,0.5199038885688225,233,30,0.8628192193269821
all,GCC,EOS10,cal60,GPP rate (mean),adj_T,0.5436976960047075,1.0482887358506285,0.6040030097918695,200,25,0.9452643064654881
all,GCC,EOS10,cal60,"NPP rate, daily CUE",raw,-1.5652592389640918,1.3822514428684793,0.25746700257458477,231,30,0.7530439388817809
all,GCC,EOS10,cal60,"NPP rate, daily CUE",adj_T,-1.6946500998142444,1.5327771392349434,0.26889638599935883,198,25,0.7038227553003352
all,GCC,EOS10,cal60,CUE seasonal mean,raw,-2.1044346330031805,1.4905818291325932,0.15800269236864406,252,33,0.5982626215900115
all,GCC,EOS10,cal60,CUE seasonal mean,adj_T,-2.3207915172469633,1.654286992274863,0.16064804983430003,211,26,0.5801179577349723
all,GCC,EOS50,pre,GPP cumulative (source),raw,-0.6306261041442127,0.9889210794356615,0.5236748241736331,205,26,0.8652533915025423
all,GCC,EOS50,pre,GPP cumulative (source),adj_T,-0.5599060180076931,1.038167624474733,0.5896651042516774,201,25,0.9452643064654881
all,GCC,EOS50,pre,"NPP cumulative, annual CUE",raw,-0.8802089990483883,1.1564478516463548,0.44657847013956187,205,26,0.8214564077616454
all,GCC,EOS50,pre,"NPP cumulative, annual CUE",adj_T,-0.8794700582422411,1.1768717170619187,0.45488565947336423,201,25,0.8679456538513999
all,GCC,EOS50,pre,"NPP cumulative, daily CUE",raw,-1.858252139524402,0.9795979700804056,0.05783402946290612,203,26,0.42557116019874314
all,GCC,EOS50,pre,"NPP cumulative, daily CUE",adj_T,-1.8613545742979196,1.0236732606046195,0.06901687748502473,199,25,0.5078600418709367
all,GCC,EOS50,pre,GPP rate (mean),raw,-0.5494182119416237,0.6502676488619508,0.39816059891356137,205,26,0.8105773946276403
all,GCC,EOS50,pre,GPP rate (mean),adj_T,-0.5225125789654667,0.8385301494063953,0.5331996556470333,201,25,0.9192104452773939
all,GCC,EOS50,pre,CUE seasonal mean,raw,-1.1054336148588482,0.9931662646123667,0.2656913216468868,215,27,0.7530439388817809
all,GCC,EOS50,pre,CUE seasonal mean,adj_T,-1.113516541808007,1.0711972431390135,0.29856921721052143,211,26,0.7416687561280468
all,GCC,EOS50,post,GPP cumulative (source),raw,0.6853327266336674,0.7410351958668294,0.3550535380561034,230,29,0.8105773946276403
all,GCC,EOS50,post,GPP cumulative (source),adj_T,0.6026674831409154,0.6922003376286013,0.38394271524098955,201,25,0.8137989849809857
all,GCC,EOS50,post,"NPP cumulative, annual CUE",raw,0.7046165740186139,0.7978865062957178,0.3771802126655224,230,29,0.8105773946276403
all,GCC,EOS50,post,"NPP cumulative, annual CUE",adj_T,0.5240608362550062,0.7760591153261043,0.49949491132273915,201,25,0.9019635219353768
all,GCC,EOS50,post,"NPP cumulative, daily CUE",raw,0.5421479075267395,0.6462859532472169,0.4015439923253653,228,29,0.8105773946276403
all,GCC,EOS50,post,"NPP cumulative, daily CUE",adj_T,0.48871126215852845,0.6148377421139857,0.4266936817308338,199,25,0.8592215015053637
all,GCC,EOS50,post,GPP rate (mean),raw,0.8110744665251992,0.7206569482620293,0.2603918675998098,230,29,0.7530439388817809
all,GCC,EOS50,post,GPP rate (mean),adj_T,0.7042093160399656,0.6500795247028336,0.2786901880306195,201,25,0.7130407223642643
all,GCC,EOS50,post,CUE seasonal mean,raw,0.4564159346125634,0.5621587010951103,0.4168497441319564,248,32,0.8105773946276403
all,GCC,EOS50,post,CUE seasonal mean,adj_T,0.20681253085243922,0.6084547835381688,0.7339333838870288,211,26,0.9810024598566567
all,GCC,EOS50,cal60,GPP rate (mean),raw,-0.36179010630770647,0.7764108779853302,0.6412315077951449,233,30,0.9039627560343972
all,GCC,EOS50,cal60,GPP rate (mean),adj_T,-0.7244110593345926,0.8601485280238662,0.3996799378392031,200,25,0.8247363796681969
all,GCC,EOS50,cal60,"NPP rate, daily CUE",raw,-1.4333847570228382,0.995741346654978,0.1500046198269844,231,30,0.5792257597279595
all,GCC,EOS50,cal60,"NPP rate, daily CUE",adj_T,-1.8012202486131101,1.1637262137163933,0.12166946002897695,198,25,0.5518424778491671
all,GCC,EOS50,cal60,CUE seasonal mean,raw,-1.2211366535676231,1.0263680260618806,0.23413880826867284,252,33,0.7320341230076294
all,GCC,EOS50,cal60,CUE seasonal mean,adj_T,-1.6832816304144171,1.2146004958988472,0.16578578787672404,211,26,0.5896509117586958
all,NDVI,EOS10,pre,GPP cumulative (source),raw,0.9787947845876308,0.700839239646684,0.16253273007987667,395,62,0.6087394778450922
all,NDVI,EOS10,pre,GPP cumulative (source),adj_T,0.6756441413594184,0.6730888119939196,0.31547674923390034,391,61,0.7442900275447137
all,NDVI,EOS10,pre,"NPP cumulative, annual CUE",raw,0.07565371633271847,0.7395701876448073,0.9185231850283694,394,62,0.9844434795976486
all,NDVI,EOS10,pre,"NPP cumulative, annual CUE",adj_T,-0.0387329933174013,0.6968862938522943,0.9556763368524943,390,61,0.9950054636302617
all,NDVI,EOS10,pre,"NPP cumulative, daily CUE",raw,0.33608571374909313,0.5845846002020377,0.5653496428343701,390,61,0.8714875917209657
all,NDVI,EOS10,pre,"NPP cumulative, daily CUE",adj_T,-0.015776623546293844,0.5606225147241383,0.9775494869438554,386,60,0.9950054636302617
all,NDVI,EOS10,pre,GPP rate (mean),raw,-1.0565260343300669,0.4687090384020559,0.02418867122445022,395,62,0.34378498368049215
all,NDVI,EOS10,pre,GPP rate (mean),adj_T,-0.7715361721282386,0.46879236351776554,0.09980595263785902,391,61,0.5260043449833111
all,NDVI,EOS10,pre,CUE seasonal mean,raw,-0.6840406965174739,0.5858022605042773,0.24292821221703254,418,64,0.7344341299584705
all,NDVI,EOS10,pre,CUE seasonal mean,adj_T,-0.8429037618228049,0.5855703194772474,0.15002085911331117,413,63,0.5686316746586773
all,NDVI,EOS10,post,GPP cumulative (source),raw,1.3143165880985093,0.7192799717930963,0.06765962772893772,445,66,0.44728154292148464
all,NDVI,EOS10,post,GPP cumulative (source),adj_T,0.7823628181912341,0.6697990084157167,0.24278413624307904,385,59,0.6858537701802757
all,NDVI,EOS10,post,"NPP cumulative, annual CUE",raw,0.07002857242897606,0.597283624588546,0.9066658364934137,445,66,0.9825693001505255
all,NDVI,EOS10,post,"NPP cumulative, annual CUE",adj_T,-0.15092156724522254,0.6202890424198835,0.8077664566747318,385,59,0.9810024598566567
all,NDVI,EOS10,post,"NPP cumulative, daily CUE",raw,0.19363632495505229,0.603617207838578,0.7483670761355345,440,65,0.9486699638414429
all,NDVI,EOS10,post,"NPP cumulative, daily CUE",adj_T,-0.03134319346645585,0.6407207239770095,0.960984125329883,380,58,0.9950054636302617
all,NDVI,EOS10,post,GPP rate (mean),raw,1.941047267604972,0.8112391322367876,0.01672516870323654,445,66,0.2836006867070544
all,NDVI,EOS10,post,GPP rate (mean),adj_T,1.5736149331496327,0.8067973611056307,0.0511229471638344,385,59,0.4531352134976231
all,NDVI,EOS10,post,CUE seasonal mean,raw,-0.6260462840055058,0.5631789995786444,0.26629756402965155,475,70,0.7530439388817809
all,NDVI,EOS10,post,CUE seasonal mean,adj_T,-0.2854703624207329,0.6290262133733924,0.6499518804228624,413,63,0.9588525528515727
all,NDVI,EOS10,cal60,GPP rate (mean),raw,0.4725423478212275,0.6031074081891449,0.43332606567104537,456,69,0.8144050330458734
all,NDVI,EOS10,cal60,GPP rate (mean),adj_T,0.3351947727319034,0.6036361515160508,0.5786944436333019,391,61,0.9364764855476669
all,NDVI,EOS10,cal60,"NPP rate, daily CUE",raw,-0.05017308974826454,0.5445529534798409,0.9265897544941899,451,68,0.9883909178061157
all,NDVI,EOS10,cal60,"NPP rate, daily CUE",adj_T,-0.28532481133181536,0.5546126271750959,0.6069319329381009,386,60,0.9452643064654881
all,NDVI,EOS10,cal60,CUE seasonal mean,raw,-0.9506065399035492,0.5873722071850644,0.1055751901046961,479,71,0.5054648018638703
all,NDVI,EOS10,cal60,CUE seasonal mean,adj_T,-0.7653993007158308,0.5889686203369097,0.19375225890996617,413,63,0.6236731380964946
all,NDVI,EOS50,pre,GPP cumulative (source),raw,-0.47333210284567284,0.36146285719665394,0.19036832367690149,395,62,0.644298339321706
all,NDVI,EOS50,pre,GPP cumulative (source),adj_T,-0.6254260941734113,0.35399581519596995,0.07726821833450773,391,61,0.5195621577665175
all,NDVI,EOS50,pre,"NPP cumulative, annual CUE",raw,-0.9745419293610407,0.44594100323914454,0.028862412250552992,394,62,0.34378498368049215
all,NDVI,EOS50,pre,"NPP cumulative, annual CUE",adj_T,-1.0314492659564376,0.44232708525491843,0.01970753045098918,390,61,0.3659969940897991
all,NDVI,EOS50,pre,"NPP cumulative, daily CUE",raw,-0.6339687130641243,0.3016519911176941,0.035583421682867065,390,61,0.3750265663161109
all,NDVI,EOS50,pre,"NPP cumulative, daily CUE",adj_T,-0.8139946353752167,0.3079963750642501,0.008220639017020357,386,60,0.31498719375414735
all,NDVI,EOS50,pre,GPP rate (mean),raw,-0.3724365691017408,0.35768365943635877,0.29776153499363345,395,62,0.7690529711756096
all,NDVI,EOS50,pre,GPP rate (mean),adj_T,-0.31158605100452796,0.3642574223455795,0.39232936086254333,391,61,0.8191467063820441
all,NDVI,EOS50,pre,CUE seasonal mean,raw,-0.511406433262809,0.3916571160809708,0.19163745477260996,418,64,0.644298339321706
all,NDVI,EOS50,pre,CUE seasonal mean,adj_T,-0.5888557622056079,0.3949643864885757,0.13598551864395408,413,63,0.5638238867559868
all,NDVI,EOS50,post,GPP cumulative (source),raw,0.8351982356864408,0.4384952909592736,0.05682018983750967,445,66,0.42557116019874314
all,NDVI,EOS50,post,GPP cumulative (source),adj_T,0.6311320744188659,0.39023467464843675,0.10581047908540919,385,59,0.5452693507943038
all,NDVI,EOS50,post,"NPP cumulative, annual CUE",raw,0.0696829291134704,0.37440808605507636,0.8523546457790988,445,66,0.9635313387068074
all,NDVI,EOS50,post,"NPP cumulative, annual CUE",adj_T,-0.08105725939490842,0.38356023556446267,0.8326308432682173,385,59,0.9810024598566567
all,NDVI,EOS50,post,"NPP cumulative, daily CUE",raw,0.08807901522823092,0.37574413302176485,0.8146649750833577,440,65,0.9486699638414429
all,NDVI,EOS50,post,"NPP cumulative, daily CUE",adj_T,-0.03556573617973045,0.3769159788824816,0.9248233065099968,380,58,0.9898513447525452
all,NDVI,EOS50,post,GPP rate (mean),raw,1.1706003847184008,0.4613093145701378,0.011162800986845155,445,66,0.24186068804831168
all,NDVI,EOS50,post,GPP rate (mean),adj_T,1.029345725452733,0.4360902270768271,0.018255425169216064,385,59,0.3659969940897991
all,NDVI,EOS50,post,CUE seasonal mean,raw,-0.33112023995592665,0.3804137732328703,0.3840702265562065,475,70,0.8105773946276403
all,NDVI,EOS50,post,CUE seasonal mean,adj_T,-0.4037299882383315,0.41609496076586755,0.3319053032221083,413,63,0.7493344180959903
all,NDVI,EOS50,cal60,GPP rate (mean),raw,-0.27904965953574223,0.3628559247448842,0.4418713005594148,456,69,0.8206181296103418
all,NDVI,EOS50,cal60,GPP rate (mean),adj_T,-0.5194495741928663,0.32616480849875595,0.11125029754045099,391,61,0.5492103296300744
all,NDVI,EOS50,cal60,"NPP rate, daily CUE",raw,-0.5425880253570262,0.3405571162289942,0.11110714754895011,451,68,0.5158546136201255
all,NDVI,EOS50,cal60,"NPP rate, daily CUE",adj_T,-0.7448893580865386,0.3493647931054699,0.03299658402898527,386,60,0.41305107513365663
all,NDVI,EOS50,cal60,CUE seasonal mean,raw,-0.6212476459766295,0.4102668355393382,0.12996177091638153,479,71,0.5553053599269571
all,NDVI,EOS50,cal60,CUE seasonal mean,adj_T,-0.5838450041869184,0.4072481701235143,0.15167660867251545,413,63,0.5687872825219329
all,NDVI_tower,EOS10,pre,GPP cumulative (source),raw,-0.599507802156905,1.1184978329276294,0.5919628981928322,318,37,0.888634864056252
all,NDVI_tower,EOS10,pre,GPP cumulative (source),adj_T,-0.7983072871473378,1.0223038344871276,0.4348669375591676,316,37,0.8592215015053637
all,NDVI_tower,EOS10,pre,"NPP cumulative, annual CUE",raw,-0.3964497993943463,0.716150773612448,0.5798633973439151,318,37,0.8833856443911207
all,NDVI_tower,EOS10,pre,"NPP cumulative, annual CUE",adj_T,-0.40805075789283324,0.6940786657066917,0.5565975689531235,316,37,0.9305997163043435
all,NDVI_tower,EOS10,pre,"NPP cumulative, daily CUE",raw,0.03951584915948814,0.7542693282492746,0.9582182810604476,318,37,0.9956185448155235
all,NDVI_tower,EOS10,pre,"NPP cumulative, daily CUE",adj_T,0.1970062994661594,0.7443403984049792,0.7912619033638009,316,37,0.9810024598566567
all,NDVI_tower,EOS10,pre,GPP rate (mean),raw,-2.8939953870806643,1.0171268417622066,0.004437449124292525,318,37,0.18046997843497167
all,NDVI_tower,EOS10,pre,GPP rate (mean),adj_T,-2.396207983267252,1.2482040702711963,0.05489270296044323,316,37,0.4653946555341927
all,NDVI_tower,EOS10,pre,CUE seasonal mean,raw,-0.17046945220035628,1.10631201938755,0.877540317281715,343,39,0.9677730742844838
all,NDVI_tower,EOS10,pre,CUE seasonal mean,adj_T,0.4338162639274166,0.9774445017831445,0.6571676638072645,341,39,0.9635164995670421
all,NDVI_tower,EOS10,post,GPP cumulative (source),raw,1.3539184175343435,0.840298292080498,0.1071284085304119,359,41,0.5054648018638703
all,NDVI_tower,EOS10,post,GPP cumulative (source),adj_T,1.0013949060019234,0.8016334332576498,0.21159447678771215,323,37,0.6298229151267422
all,NDVI_tower,EOS10,post,"NPP cumulative, annual CUE",raw,0.525472042472875,0.7067542376051299,0.45717879304509224,359,41,0.8216577386524698
all,NDVI_tower,EOS10,post,"NPP cumulative, annual CUE",adj_T,0.8831978614785317,0.8128793491834413,0.2772554210200495,323,37,0.7130407223642643
all,NDVI_tower,EOS10,post,"NPP cumulative, daily CUE",raw,-0.34774891561554233,0.6929935993534765,0.6158034140368109,359,41,0.8961318338595383
all,NDVI_tower,EOS10,post,"NPP cumulative, daily CUE",adj_T,-0.1035448784761711,0.8120308132520807,0.8985340012555518,323,37,0.9832894337771438
all,NDVI_tower,EOS10,post,GPP rate (mean),raw,1.4645846179891076,0.857683519694651,0.08770967054058021,359,41,0.4750940487614761
all,NDVI_tower,EOS10,post,GPP rate (mean),adj_T,1.0982011353558625,0.7990743404139868,0.1693356464537793,323,37,0.5896509117586958
all,NDVI_tower,EOS10,post,CUE seasonal mean,raw,-0.8910836215407731,0.9448299514830019,0.3456219098749481,383,43,0.8105773946276403
all,NDVI_tower,EOS10,post,CUE seasonal mean,adj_T,-0.10932627796619804,0.9079119528171621,0.9041543570839371,341,39,0.9849726236389259
all,NDVI_tower,EOS10,cal60,GPP rate (mean),raw,-0.49115206455566984,0.9641165018822376,0.6104492570836733,357,41,0.8961318338595383
all,NDVI_tower,EOS10,cal60,GPP rate (mean),adj_T,-0.6105850985208485,0.9123361122590775,0.5033331110575111,320,37,0.9037062601968028
all,NDVI_tower,EOS10,cal60,"NPP rate, daily CUE",raw,0.17641074062862483,0.6568958263762227,0.7882743923702233,357,41,0.9486699638414429
all,NDVI_tower,EOS10,cal60,"NPP rate, daily CUE",adj_T,0.37660682216459535,0.7349682019159756,0.6083624126226603,320,37,0.9452643064654881
all,NDVI_tower,EOS10,cal60,CUE seasonal mean,raw,0.3294468749800654,0.973570092237065,0.7350689286059489,383,43,0.9486699638414429
all,NDVI_tower,EOS10,cal60,CUE seasonal mean,adj_T,0.906892267385334,0.955145407179573,0.34237611021589265,341,39,0.7630096170525609
all,NDVI_tower,EOS50,pre,GPP cumulative (source),raw,-1.3567273435388876,0.8598250881367413,0.1145860899245916,318,37,0.5257479420069496
all,NDVI_tower,EOS50,pre,GPP cumulative (source),adj_T,-1.4765952968084186,0.8725316871125882,0.09058662062997164,316,37,0.5260043449833111
all,NDVI_tower,EOS50,pre,"NPP cumulative, annual CUE",raw,-1.118205185756344,0.7509711334936152,0.13648415400074093,318,37,0.5662640431945634
all,NDVI_tower,EOS50,pre,"NPP cumulative, annual CUE",adj_T,-1.2028294435282048,0.7506142142297546,0.10905387015886076,316,37,0.5452693507943038
all,NDVI_tower,EOS50,pre,"NPP cumulative, daily CUE",raw,-0.6202582018966932,0.830142462628727,0.45496047199106515,318,37,0.8214564077616454
all,NDVI_tower,EOS50,pre,"NPP cumulative, daily CUE",adj_T,-0.5955447369596248,0.7986820627135353,0.4558732290436375,316,37,0.8679456538513999
all,NDVI_tower,EOS50,pre,GPP rate (mean),raw,-2.1553520016547556,0.8646770954751033,0.012678771677858216,318,37,0.2472360477182352
all,NDVI_tower,EOS50,pre,GPP rate (mean),adj_T,-1.9390561265661956,0.9874007717402004,0.04955346739887484,316,37,0.449438425245609
all,NDVI_tower,EOS50,pre,CUE seasonal mean,raw,-0.008592355060630776,0.8607200876530909,0.9920350487041163,343,39,0.9956185448155235
all,NDVI_tower,EOS50,pre,CUE seasonal mean,adj_T,0.22933974893480527,0.7690735121054273,0.765548509688625,341,39,0.9810024598566567
all,NDVI_tower,EOS50,post,GPP cumulative (source),raw,0.3436397968289871,0.7267373815922531,0.636318210075201,359,41,0.9039627560343972
all,NDVI_tower,EOS50,post,GPP cumulative (source),adj_T,0.4070805275274893,0.7403517867184333,0.5824240235728542,323,37,0.9386172280719551
all,NDVI_tower,EOS50,post,"NPP cumulative, annual CUE",raw,0.10071330038603502,0.6405281768009046,0.8750598268156454,359,41,0.9677730742844838
all,NDVI_tower,EOS50,post,"NPP cumulative, annual CUE",adj_T,0.2938540576175339,0.7207866671070389,0.6835048033492417,323,37,0.9728718003876067
all,NDVI_tower,EOS50,post,"NPP cumulative, daily CUE",raw,-0.2004119351796221,0.7729885239348822,0.7954277226018865,359,41,0.9486699638414429
all,NDVI_tower,EOS50,post,"NPP cumulative, daily CUE",adj_T,0.008731831758818243,0.9232765179037252,0.9924541675696713,323,37,0.9950054636302617
all,NDVI_tower,EOS50,post,GPP rate (mean),raw,0.45113625911658395,0.7516354170866476,0.5483688029889728,359,41,0.8693023031348571
all,NDVI_tower,EOS50,post,GPP rate (mean),adj_T,0.5188508986568955,0.7535448759667948,0.49110852150201945,323,37,0.899212785848768
all,NDVI_tower,EOS50,post,CUE seasonal mean,raw,-0.4871134965113496,0.8328845202677061,0.5586477858517266,383,43,0.8693023031348571
all,NDVI_tower,EOS50,post,CUE seasonal mean,adj_T,-0.0744359611574197,0.9358994248251873,0.9366077733326195,341,39,0.9923239882927072
all,NDVI_tower,EOS50,cal60,GPP rate (mean),raw,-1.6867298325152045,0.8392220065856087,0.04444460929226931,357,41,0.3751954092104825
all,NDVI_tower,EOS50,cal60,GPP rate (mean),adj_T,-1.8482989362535498,0.8725191296453755,0.034145627341336554,320,37,0.41305107513365663
all,NDVI_tower,EOS50,cal60,"NPP rate, daily CUE",raw,-0.7100960626050936,0.7580253146499285,0.3488764127159997,357,41,0.8105773946276403
all,NDVI_tower,EOS50,cal60,"NPP rate, daily CUE",adj_T,-0.7303613387146985,0.8091990142680958,0.36675245881022556,320,37,0.7990696029943462
all,NDVI_tower,EOS50,cal60,CUE seasonal mean,raw,0.5801520842670523,0.7011292827762596,0.40797990181710864,383,43,0.8105773946276403
all,NDVI_tower,EOS50,cal60,CUE seasonal mean,adj_T,0.6753994795904021,0.6833546904434918,0.3229770594919845,341,39,0.7442900275447137
all,NIRv,EOS10,pre,GPP cumulative (source),raw,1.603334123460387,0.7158387858683624,0.025104054072321746,650,87,0.34378498368049215
all,NIRv,EOS10,pre,GPP cumulative (source),adj_T,0.8092100826665717,0.5926074193907435,0.17209348778153766,633,85,0.5939509755292008
all,NIRv,EOS10,pre,"NPP cumulative, annual CUE",raw,0.8898009297247667,0.58919824753513,0.13099511054687193,649,87,0.5553053599269571
all,NIRv,EOS10,pre,"NPP cumulative, annual CUE",adj_T,0.5100273393195272,0.5133712205614614,0.32047296205373743,632,85,0.7442900275447137
all,NIRv,EOS10,pre,"NPP cumulative, daily CUE",raw,0.8418208006944611,0.6164084907160831,0.17203735974206802,647,87,0.6270520588729582
all,NIRv,EOS10,pre,"NPP cumulative, daily CUE",adj_T,0.25389542613846827,0.5296385367014291,0.6316719389793055,630,85,0.9511662401618886
all,NIRv,EOS10,pre,GPP rate (mean),raw,0.245225734492509,0.48612242659172794,0.6139433449828523,650,87,0.8961318338595383
all,NIRv,EOS10,pre,GPP rate (mean),adj_T,0.8050310823943105,0.5105421626331835,0.11483785472091194,633,85,0.5518424778491671
all,NIRv,EOS10,pre,CUE seasonal mean,raw,0.24593858196531634,0.5068436788672727,0.6275092523169068,690,91,0.8997375308955649
all,NIRv,EOS10,pre,CUE seasonal mean,adj_T,0.014323059080770795,0.46851304974205166,0.9756114203745226,673,89,0.9950054636302617
all,NIRv,EOS10,post,GPP cumulative (source),raw,1.2678929989068073,0.6331105395502317,0.04521585700741713,665,87,0.3751954092104825
all,NIRv,EOS10,post,GPP cumulative (source),adj_T,1.209229613200507,0.5982795591653104,0.043261319692970535,635,86,0.4448483019054742
all,NIRv,EOS10,post,"NPP cumulative, annual CUE",raw,0.4888117014943208,0.5279879811811571,0.3545495053358022,665,87,0.8105773946276403
all,NIRv,EOS10,post,"NPP cumulative, annual CUE",adj_T,0.717313402097028,0.49134468367297146,0.14431795174123224,635,86,0.5686316746586773
all,NIRv,EOS10,post,"NPP cumulative, daily CUE",raw,0.21556933130884565,0.5461305406165411,0.6930486161249373,662,87,0.9306108358733555
all,NIRv,EOS10,post,"NPP cumulative, daily CUE",adj_T,0.3506682273328428,0.5290798870809195,0.5074658230335892,632,86,0.9037062601968028
all,NIRv,EOS10,post,GPP rate (mean),raw,1.6896364157331514,0.6461450500143503,0.00892407539608526,665,87,0.23202596029821676
all,NIRv,EOS10,post,GPP rate (mean),adj_T,1.636488952870012,0.5965641459797955,0.006084542074574512,635,86,0.31498719375414735
all,NIRv,EOS10,post,CUE seasonal mean,raw,-0.571152531974565,0.3923997016017614,0.14552048026781858,707,90,0.5732624980247399
all,NIRv,EOS10,post,CUE seasonal mean,adj_T,-0.27095839687433654,0.36811505947746975,0.4616881896646521,673,89,0.8698473138609387
all,NIRv,EOS10,cal60,GPP rate (mean),raw,0.9683981344063454,0.5618105853467047,0.08476033412215919,681,88,0.4722361472520298
all,NIRv,EOS10,cal60,GPP rate (mean),adj_T,0.6724199949536228,0.5212869493002218,0.1970774145223072,634,85,0.6236731380964946
all,NIRv,EOS10,cal60,"NPP rate, daily CUE",raw,0.41379665780703856,0.5136336309997273,0.4204584730147176,678,88,0.8105773946276403
all,NIRv,EOS10,cal60,"NPP rate, daily CUE",adj_T,0.22450861426649238,0.48869364120340547,0.6459428999468949,631,85,0.9588525528515727
all,NIRv,EOS10,cal60,CUE seasonal mean,raw,-0.011856029954303186,0.5064624771142311,0.9813236325401943,721,92,0.9956185448155235
all,NIRv,EOS10,cal60,CUE seasonal mean,adj_T,0.062032571738610126,0.4940859778353789,0.900088020149847,673,89,0.9832894337771438
all,NIRv,EOS50,pre,GPP cumulative (source),raw,-0.14921359688718014,0.46983248407213035,0.7507967707120802,650,87,0.9486699638414429
all,NIRv,EOS50,pre,GPP cumulative (source),adj_T,-0.6907480920105926,0.3944681692516084,0.07993092126523846,633,85,0.5260043449833111
all,NIRv,EOS50,pre,"NPP cumulative, annual CUE",raw,-0.3657439753696715,0.3888395672818638,0.34690793279017795,649,87,0.8105773946276403
all,NIRv,EOS50,pre,"NPP cumulative, annual CUE",adj_T,-0.7209796008983529,0.3483587350416241,0.038485416006573195,632,85,0.4169253400712096
all,NIRv,EOS50,pre,"NPP cumulative, daily CUE",raw,-0.26095922981467345,0.4351402070406272,0.548697536936332,647,87,0.8693023031348571
all,NIRv,EOS50,pre,"NPP cumulative, daily CUE",adj_T,-0.7075762030049861,0.39968543319289285,0.07667172921184669,630,85,0.5195621577665175
all,NIRv,EOS50,pre,GPP rate (mean),raw,-0.3305167349544731,0.3578500314552379,0.3556852320817203,650,87,0.8105773946276403
all,NIRv,EOS50,pre,GPP rate (mean),adj_T,0.015614812484856438,0.3953771362882881,0.9684969648562618,633,85,0.9950054636302617
all,NIRv,EOS50,pre,CUE seasonal mean,raw,0.1448485446246674,0.4248443906255313,0.7331450334286627,690,91,0.9486699638414429
all,NIRv,EOS50,pre,CUE seasonal mean,adj_T,-0.10196174630416441,0.4385357104427067,0.8161458024986049,673,89,0.9810024598566567
all,NIRv,EOS50,post,GPP cumulative (source),raw,1.2875076823881957,0.4824103513128888,0.007609883774145841,665,87,0.21530836334295447
all,NIRv,EOS50,post,GPP cumulative (source),adj_T,1.152119952643626,0.4859438505987706,0.01774525844746581,635,86,0.3659969940897991
all,NIRv,EOS50,post,"NPP cumulative, annual CUE",raw,0.8475699350255442,0.381310340685363,0.026230472745930083,665,87,0.34378498368049215
all,NIRv,EOS50,post,"NPP cumulative, annual CUE",adj_T,0.8042288059919513,0.37288904583734045,0.031025074346998423,635,86,0.41305107513365663
all,NIRv,EOS50,post,"NPP cumulative, daily CUE",raw,1.0003716047425109,0.4097845084061192,0.014637985041135166,662,87,0.2594915530019416
all,NIRv,EOS50,post,"NPP cumulative, daily CUE",adj_T,0.9665983461498584,0.41098739901797887,0.01867815196779209,632,86,0.3659969940897991
all,NIRv,EOS50,post,GPP rate (mean),raw,1.5092787663676985,0.4623392107209418,0.0010968056224387086,665,87,0.1425847309170321
all,NIRv,EOS50,post,GPP rate (mean),adj_T,1.375376410347023,0.46254808453327756,0.00294445810142574,635,86,0.31498719375414735
all,NIRv,EOS50,post,CUE seasonal mean,raw,0.19850939192334263,0.32745731459137256,0.5443722854715289,707,90,0.8693023031348571
all,NIRv,EOS50,post,CUE seasonal mean,adj_T,0.21159900517776337,0.3430744530644488,0.5373845680083226,673,89,0.9192104452773939
all,NIRv,EOS50,cal60,GPP rate (mean),raw,-0.3537045905488924,0.3971780675854853,0.3731737918545467,681,88,0.8105773946276403
all,NIRv,EOS50,cal60,GPP rate (mean),adj_T,-0.5336306966994094,0.37423838234466056,0.15389397928839962,634,85,0.5716062087854843
all,NIRv,EOS50,cal60,"NPP rate, daily CUE",raw,-0.3804363214204285,0.3791457753425424,0.31566605906748,678,88,0.78286807643375
all,NIRv,EOS50,cal60,"NPP rate, daily CUE",adj_T,-0.5928660555941769,0.37745804566758867,0.11625684165252623,631,85,0.5518424778491671
all,NIRv,EOS50,cal60,CUE seasonal mean,raw,0.06712870347199754,0.42748098061140877,0.8752186881309878,721,92,0.9677730742844838
all,NIRv,EOS50,cal60,CUE seasonal mean,adj_T,0.035098770160720896,0.4578283277505665,0.9388911581538691,673,89,0.9923239882927072
deciduous,GCC,EOS10,pre,GPP cumulative (source),raw,-0.5174061276499817,1.2972828524939293,0.6900123314592064,105,9,0.9306108358733555
deciduous,GCC,EOS10,pre,GPP cumulative (source),adj_T,-0.6611374092673102,1.4465955977391367,0.6476495704228651,105,9,0.9588525528515727
deciduous,GCC,EOS10,pre,"NPP cumulative, annual CUE",raw,-0.5269015336882131,2.0796173305853305,0.799986435665988,105,9,0.9486699638414429
deciduous,GCC,EOS10,pre,"NPP cumulative, annual CUE",adj_T,-0.5664394327349221,2.1373472569328635,0.7909941763260838,105,9,0.9810024598566567
deciduous,GCC,EOS10,pre,"NPP cumulative, daily CUE",raw,-3.171004195344438,1.9144512133728453,0.097650650834555,105,9,0.488253254172775
deciduous,GCC,EOS10,pre,"NPP cumulative, daily CUE",adj_T,-3.1539128816411828,1.9140162647071541,0.09939405358989672,105,9,0.5260043449833111
deciduous,GCC,EOS10,pre,GPP rate (mean),raw,-0.4123732081766647,0.8089256437742322,0.6102063840509666,105,9,0.8961318338595383
deciduous,GCC,EOS10,pre,GPP rate (mean),adj_T,-0.8366638651506791,1.021109349185149,0.41257674346409245,105,9,0.8380465101614378
deciduous,GCC,EOS10,pre,CUE seasonal mean,raw,-2.521430791842732,2.211992400996806,0.25433160920572384,116,10,0.7530439388817809
deciduous,GCC,EOS10,pre,CUE seasonal mean,adj_T,-2.5128981333131564,2.3251365061803893,0.2798070235331671,116,10,0.7130407223642643
deciduous,GCC,EOS10,post,GPP cumulative (source),raw,2.7749473830382763,1.3504268970220221,0.03989187291937446,105,9,0.3751954092104825
deciduous,GCC,EOS10,post,GPP cumulative (source),adj_T,3.8588043937657748,1.5258829280440838,0.011442082401467178,105,9,0.3376853086676576
deciduous,GCC,EOS10,post,"NPP cumulative, annual CUE",raw,1.6915093258270588,1.6761146716794113,0.312886050380615,105,9,0.78286807643375
deciduous,GCC,EOS10,post,"NPP cumulative, annual CUE",adj_T,2.5953028814022763,1.9409540151040787,0.1811810402930435,105,9,0.6091431527093704
deciduous,GCC,EOS10,post,"NPP cumulative, daily CUE",raw,1.2583519038531565,1.1654880984691196,0.28028557688864364,105,9,0.7599975806856247
deciduous,GCC,EOS10,post,"NPP cumulative, daily CUE",adj_T,2.22494530152766,1.2319146576303632,0.07090471900792603,105,9,0.5120896372794658
deciduous,GCC,EOS10,post,GPP rate (mean),raw,2.628691651290403,1.2893455655709523,0.04147201255214494,105,9,0.3751954092104825
deciduous,GCC,EOS10,post,GPP rate (mean),adj_T,3.657549718153421,1.4580208056457185,0.012122036721403094,105,9,0.3376853086676576
deciduous,GCC,EOS10,post,CUE seasonal mean,raw,-0.10490461064162471,1.208684103157176,0.9308365179069207,116,10,0.9891723214814687
deciduous,GCC,EOS10,post,CUE seasonal mean,adj_T,0.038776353700678334,1.2069546844793528,0.9743704276885012,116,10,0.9950054636302617
deciduous,GCC,EOS10,cal60,GPP rate (mean),raw,-0.8317955012883408,0.9119116741941911,0.36169249199610254,104,9,0.8105773946276403
deciduous,GCC,EOS10,cal60,GPP rate (mean),adj_T,-0.9934869228494766,1.007228590866045,0.323957981560986,104,9,0.7442900275447137
deciduous,GCC,EOS10,cal60,"NPP rate, daily CUE",raw,-3.533724516423939,2.584903690518181,0.1716057628024804,104,9,0.6270520588729582
deciduous,GCC,EOS10,cal60,"NPP rate, daily CUE",adj_T,-3.5329162182326392,2.6261294930250707,0.17853031434306355,104,9,0.6091431527093704
deciduous,GCC,EOS10,cal60,CUE seasonal mean,raw,-3.4665886702604287,2.6119272470589414,0.1844376162782022,116,10,0.6426902173556169
deciduous,GCC,EOS10,cal60,CUE seasonal mean,adj_T,-3.443029723320307,2.678017308484379,0.1985604443878971,116,10,0.6236731380964946
deciduous,GCC,EOS50,pre,GPP cumulative (source),raw,-0.3040835580983597,1.23855683322166,0.8060581470236556,105,9,0.9486699638414429
deciduous,GCC,EOS50,pre,GPP cumulative (source),adj_T,-0.3329632300893919,1.346257441611923,0.8046566501807645,105,9,0.9810024598566567
deciduous,GCC,EOS50,pre,"NPP cumulative, annual CUE",raw,0.4602025167185415,1.7710021116073833,0.7949761626789866,105,9,0.9486699638414429
deciduous,GCC,EOS50,pre,"NPP cumulative, annual CUE",adj_T,0.2934070583760116,1.6645529650094442,0.8600835723131091,105,9,0.9810024598566567
deciduous,GCC,EOS50,pre,"NPP cumulative, daily CUE",raw,-1.8368232583372306,1.3508962712948747,0.1739226288227771,105,9,0.6280539374155839
deciduous,GCC,EOS50,pre,"NPP cumulative, daily CUE",adj_T,-1.8899783592018833,1.479459493667666,0.20143320772375495,105,9,0.6236731380964946
deciduous,GCC,EOS50,pre,GPP rate (mean),raw,0.18310421507222696,0.5755339132603179,0.7503736611994188,105,9,0.9486699638414429
deciduous,GCC,EOS50,pre,GPP rate (mean),adj_T,-0.8138428438028512,0.816980997043242,0.3191729736662816,105,9,0.7442900275447137
deciduous,GCC,EOS50,pre,CUE seasonal mean,raw,-0.873009943752687,1.6723102551630689,0.6016436886587611,116,10,0.8955764831180031
deciduous,GCC,EOS50,pre,CUE seasonal mean,adj_T,-0.9864099211637326,1.9239152347416029,0.6081544331265974,116,10,0.9452643064654881
deciduous,GCC,EOS50,post,GPP cumulative (source),raw,0.580106006741642,1.1500690381191674,0.6139734858216293,105,9,0.8961318338595383
deciduous,GCC,EOS50,post,GPP cumulative (source),adj_T,0.4247611854735204,0.7236177541047,0.5572059678142744,105,9,0.9305997163043435
deciduous,GCC,EOS50,post,"NPP cumulative, annual CUE",raw,0.8009873653059056,1.3599454608664845,0.5558713912076039,105,9,0.8693023031348571
deciduous,GCC,EOS50,post,"NPP cumulative, annual CUE",adj_T,0.6208997811600622,0.9432399584813033,0.5103692739009039,105,9,0.9047455310061479
deciduous,GCC,EOS50,post,"NPP cumulative, daily CUE",raw,0.8613570519088516,0.9970790866295839,0.3876536104871464,105,9,0.8105773946276403
deciduous,GCC,EOS50,post,"NPP cumulative, daily CUE",adj_T,0.9161539882140759,0.5864938540063868,0.11826767035847728,105,9,0.5518424778491671
deciduous,GCC,EOS50,post,GPP rate (mean),raw,0.492380287915794,1.0650071939830221,0.6438477107658551,105,9,0.9039627560343972
deciduous,GCC,EOS50,post,GPP rate (mean),adj_T,0.3185834375715807,0.6439632336754342,0.6207956477441139,105,9,0.9480104088691197
deciduous,GCC,EOS50,post,CUE seasonal mean,raw,0.7946627469932318,0.8359599788381431,0.34180796002361047,116,10,0.8105773946276403
deciduous,GCC,EOS50,post,CUE seasonal mean,adj_T,0.6982799309661949,0.850664837040741,0.41172387935804544,116,10,0.8380465101614378
deciduous,GCC,EOS50,cal60,GPP rate (mean),raw,-0.42923665119145177,0.9825355900327434,0.6622083402579484,104,9,0.9233033275358306
deciduous,GCC,EOS50,cal60,GPP rate (mean),adj_T,-0.570248642890582,1.0149465733846,0.5742176110679897,104,9,0.9364764855476669
deciduous,GCC,EOS50,cal60,"NPP rate, daily CUE",raw,-2.050237197694419,1.7732926836449352,0.2476094614076052,104,9,0.7428283842228156
deciduous,GCC,EOS50,cal60,"NPP rate, daily CUE",adj_T,-2.190237688905308,1.9508604380572185,0.2615634743307347,104,9,0.6981483165617917
deciduous,GCC,EOS50,cal60,CUE seasonal mean,raw,-1.647600907256023,1.9186482545839219,0.39048946876565593,116,10,0.8105773946276403
deciduous,GCC,EOS50,cal60,CUE seasonal mean,adj_T,-1.6205743686254088,2.049149520876818,0.42903025548843876,116,10,0.8592215015053637
deciduous,NDVI,EOS10,pre,GPP cumulative (source),raw,0.871697858803555,0.7380421915128619,0.23756503088175407,173,23,0.7320341230076294
deciduous,NDVI,EOS10,pre,GPP cumulative (source),adj_T,0.40724160467754233,0.7815151340658838,0.6023023980346431,172,23,0.9452643064654881
deciduous,NDVI,EOS10,pre,"NPP cumulative, annual CUE",raw,0.015043611410297045,0.8033615492692637,0.9850598228925925,173,23,0.9956185448155235
deciduous,NDVI,EOS10,pre,"NPP cumulative, annual CUE",adj_T,0.0044143697478864485,0.8174417370189134,0.9956912643568725,172,23,0.9956912643568725
deciduous,NDVI,EOS10,pre,"NPP cumulative, daily CUE",raw,0.5235576951777297,0.6493803253001862,0.42010332329174505,172,23,0.8105773946276403
deciduous,NDVI,EOS10,pre,"NPP cumulative, daily CUE",adj_T,0.16482746005276028,0.7207767490092866,0.8191173892369445,171,23,0.9810024598566567
deciduous,NDVI,EOS10,pre,GPP rate (mean),raw,-0.8771920424070628,0.7414547647451503,0.23678185846168642,173,23,0.7320341230076294
deciduous,NDVI,EOS10,pre,GPP rate (mean),adj_T,-0.8830818354107214,0.7036784321827576,0.20949660860297448,172,23,0.6284898258089234
deciduous,NDVI,EOS10,pre,CUE seasonal mean,raw,-0.26816283244369976,0.8325417010523412,0.7473758913815015,189,25,0.9486699638414429
deciduous,NDVI,EOS10,pre,CUE seasonal mean,adj_T,-0.11633035234460518,0.8911873793371172,0.8961438682887917,188,25,0.9832894337771438
deciduous,NDVI,EOS10,post,GPP cumulative (source),raw,0.05419315625087609,0.8576878771165598,0.9496190520169349,170,23,0.9956185448155235
deciduous,NDVI,EOS10,post,GPP cumulative (source),adj_T,-0.009529273490001433,0.9076509405942402,0.9916232990273962,170,23,0.9950054636302617
deciduous,NDVI,EOS10,post,"NPP cumulative, annual CUE",raw,-0.6953566971998184,0.8205117212716784,0.3967348119741886,170,23,0.8105773946276403
deciduous,NDVI,EOS10,post,"NPP cumulative, annual CUE",adj_T,-0.47941184299177014,0.808629545626973,0.5532684509472843,170,23,0.9305997163043435
deciduous,NDVI,EOS10,post,"NPP cumulative, daily CUE",raw,-1.2468002490714547,0.7495623826877695,0.09623821602084247,169,23,0.488253254172775
deciduous,NDVI,EOS10,post,"NPP cumulative, daily CUE",adj_T,-1.1272631801720716,0.7755980628770358,0.14610952244550984,169,23,0.5686316746586773
deciduous,NDVI,EOS10,post,GPP rate (mean),raw,0.09939975204913065,0.8637439607483025,0.9083816232048563,170,23,0.9825693001505255
deciduous,NDVI,EOS10,post,GPP rate (mean),adj_T,0.04080435409269548,0.9073980841641482,0.9641323963958047,170,23,0.9950054636302617
deciduous,NDVI,EOS10,post,CUE seasonal mean,raw,-1.4337146296406356,0.7362340144096325,0.05149127121695474,189,25,0.39463774878110636
deciduous,NDVI,EOS10,post,CUE seasonal mean,adj_T,-1.0370018175556304,0.7195530361128533,0.14953526079170756,188,25,0.5686316746586773
deciduous,NDVI,EOS10,cal60,GPP rate (mean),raw,0.4220116662533652,0.7101931670448318,0.5523643349279348,172,23,0.8693023031348571
deciduous,NDVI,EOS10,cal60,GPP rate (mean),adj_T,0.05702533908608731,0.740766257219711,0.9386382176298124,171,23,0.9923239882927072
deciduous,NDVI,EOS10,cal60,"NPP rate, daily CUE",raw,0.14434762388848033,0.6891172829799636,0.8340833611508208,171,23,0.9567426789671181
deciduous,NDVI,EOS10,cal60,"NPP rate, daily CUE",adj_T,-0.13315607644486624,0.7161845215645609,0.8525041579857039,170,23,0.9810024598566567
deciduous,NDVI,EOS10,cal60,CUE seasonal mean,raw,-0.2801852763307759,0.7753001488205641,0.7178083509320428,189,25,0.9425766224360158
deciduous,NDVI,EOS10,cal60,CUE seasonal mean,adj_T,-0.2896766263954056,0.8483628947162546,0.7327620750280542,188,25,0.9810024598566567
deciduous,NDVI,EOS50,pre,GPP cumulative (source),raw,-0.2341103452632029,0.2915077013144479,0.4219159259215667,173,23,0.8105773946276403
deciduous,NDVI,EOS50,pre,GPP cumulative (source),adj_T,-0.4678062822341177,0.2834428746256078,0.09885238126722404,172,23,0.5260043449833111
deciduous,NDVI,EOS50,pre,"NPP cumulative, annual CUE",raw,-0.30229815900868423,0.4009350432862156,0.45085950122050733,173,23,0.8214564077616454
deciduous,NDVI,EOS50,pre,"NPP cumulative, annual CUE",adj_T,-0.3232402459900465,0.42798607659336907,0.4500937205068062,172,23,0.8679456538513999
deciduous,NDVI,EOS50,pre,"NPP cumulative, daily CUE",raw,-0.20310074676059542,0.3408932422870663,0.5513155996002503,172,23,0.8693023031348571
deciduous,NDVI,EOS50,pre,"NPP cumulative, daily CUE",adj_T,-0.32164523892439434,0.3626262111480758,0.3750851516059448,171,23,0.8081945255597706
deciduous,NDVI,EOS50,pre,GPP rate (mean),raw,0.15828166045850095,0.42611526830233604,0.7103003910313617,173,23,0.9358687584534833
deciduous,NDVI,EOS50,pre,GPP rate (mean),adj_T,-0.09217933507285409,0.37308608179061753,0.8048520658333141,172,23,0.9810024598566567
deciduous,NDVI,EOS50,pre,CUE seasonal mean,raw,-0.03522127432674652,0.5047566756491155,0.9443697855135931,189,25,0.9956185448155235
deciduous,NDVI,EOS50,pre,CUE seasonal mean,adj_T,0.09439964431864933,0.5066004540590044,0.8521785813198066,188,25,0.9810024598566567
deciduous,NDVI,EOS50,post,GPP cumulative (source),raw,0.678660363846731,0.5283845777062605,0.19899990692163905,170,23,0.6633330230721302
deciduous,NDVI,EOS50,post,GPP cumulative (source),adj_T,0.8365837409763046,0.5400154323770157,0.12133728391317758,170,23,0.5518424778491671
deciduous,NDVI,EOS50,post,"NPP cumulative, annual CUE",raw,0.42653568013406296,0.39802756657403165,0.28388918942211083,170,23,0.7599975806856247
deciduous,NDVI,EOS50,post,"NPP cumulative, annual CUE",adj_T,0.6865261365738081,0.4536892199402331,0.13022684428696615,170,23,0.5638238867559868
deciduous,NDVI,EOS50,post,"NPP cumulative, daily CUE",raw,0.20123526264542704,0.37067930054767284,0.5872107850957209,169,23,0.888634864056252
deciduous,NDVI,EOS50,post,"NPP cumulative, daily CUE",adj_T,0.4157642494646488,0.3598717081610479,0.24796251691133042,169,23,0.6858537701802757
deciduous,NDVI,EOS50,post,GPP rate (mean),raw,0.7317032706155466,0.5065109682749382,0.14857164564126912,170,23,0.5792257597279595
deciduous,NDVI,EOS50,post,GPP rate (mean),adj_T,0.8849713072769679,0.508966004763376,0.08207644204002257,170,23,0.5260043449833111
deciduous,NDVI,EOS50,post,CUE seasonal mean,raw,-0.28339190651227114,0.3616231533937147,0.4332358963774169,189,25,0.8144050330458734
deciduous,NDVI,EOS50,post,CUE seasonal mean,adj_T,-0.11749839412479,0.35047102317152445,0.7374300862613559,188,25,0.9810024598566567
deciduous,NDVI,EOS50,cal60,GPP rate (mean),raw,-0.07407986445918666,0.3206935891971884,0.8173156611557046,172,23,0.9486699638414429
deciduous,NDVI,EOS50,cal60,GPP rate (mean),adj_T,-0.35746170799045107,0.259458382448655,0.16828891432643234,171,23,0.5896509117586958
deciduous,NDVI,EOS50,cal60,"NPP rate, daily CUE",raw,-0.062231904598264096,0.40246227270819984,0.877114656783742,171,23,0.9677730742844838
deciduous,NDVI,EOS50,cal60,"NPP rate, daily CUE",adj_T,-0.206347734961121,0.3979590192696534,0.6040989725147314,170,23,0.9452643064654881
deciduous,NDVI,EOS50,cal60,CUE seasonal mean,raw,0.022399485247981517,0.467319391257383,0.961770552029812,189,25,0.9956185448155235
deciduous,NDVI,EOS50,cal60,CUE seasonal mean,adj_T,0.07706346611198933,0.47754723813053757,0.8717992421909198,188,25,0.9826638857065281
deciduous,NDVI_tower,EOS10,pre,GPP cumulative (source),raw,-0.34426694014527287,1.3410018955201655,0.7973920908409253,171,17,0.9486699638414429
deciduous,NDVI_tower,EOS10,pre,GPP cumulative (source),adj_T,-0.4815134469280728,1.141448670456972,0.6731387759693188,170,17,0.9687236997344439
deciduous,NDVI_tower,EOS10,pre,"NPP cumulative, annual CUE",raw,-0.8312494458841897,0.7104337947709201,0.24197723189634124,171,17,0.7344341299584705
deciduous,NDVI_tower,EOS10,pre,"NPP cumulative, annual CUE",adj_T,-0.22764565530592795,0.7182675044546434,0.7512912929331629,170,17,0.9810024598566567
deciduous,NDVI_tower,EOS10,pre,"NPP cumulative, daily CUE",raw,-0.849738600277532,0.720700867512845,0.23838034262043317,171,17,0.7320341230076294
deciduous,NDVI_tower,EOS10,pre,"NPP cumulative, daily CUE",adj_T,-0.2936816928880815,0.6822094438145871,0.6668420650952842,170,17,0.9653008839719397
deciduous,NDVI_tower,EOS10,pre,GPP rate (mean),raw,-2.6786066727989133,1.2139207955790676,0.02734380009192709,171,17,0.34378498368049215
deciduous,NDVI_tower,EOS10,pre,GPP rate (mean),adj_T,-1.6432346672001445,1.116181231229933,0.1409686530394322,170,17,0.5686316746586773
deciduous,NDVI_tower,EOS10,pre,CUE seasonal mean,raw,-2.065011433065606,1.1634617637026237,0.07591679227268157,189,18,0.458764779073317
deciduous,NDVI_tower,EOS10,pre,CUE seasonal mean,adj_T,-0.4573227669819656,1.1624713060213716,0.694019905413203,188,18,0.9810024598566567
deciduous,NDVI_tower,EOS10,post,GPP cumulative (source),raw,1.7609630953701587,1.0191791105032044,0.08401961286196713,174,17,0.4722361472520298
deciduous,NDVI_tower,EOS10,post,GPP cumulative (source),adj_T,1.7031039087825715,0.913957768162236,0.06240062586052711,174,17,0.4771812565805014
deciduous,NDVI_tower,EOS10,post,"NPP cumulative, annual CUE",raw,0.7028647806092396,0.8385517860517623,0.401924632543204,174,17,0.8105773946276403
deciduous,NDVI_tower,EOS10,post,"NPP cumulative, annual CUE",adj_T,1.6799916308482603,0.7511915422635732,0.025323240631224563,174,17,0.3950425538471032
deciduous,NDVI_tower,EOS10,post,"NPP cumulative, daily CUE",raw,-0.06318693521639905,0.9470183588663574,0.9468030398129672,174,17,0.9956185448155235
deciduous,NDVI_tower,EOS10,post,"NPP cumulative, daily CUE",adj_T,0.7088948607346347,1.035773204533352,0.4937154975351402,174,17,0.8997618880313304
deciduous,NDVI_tower,EOS10,post,GPP rate (mean),raw,1.892802015635684,1.0409784082186848,0.0690196170493327,174,17,0.44728154292148464
deciduous,NDVI_tower,EOS10,post,GPP rate (mean),adj_T,1.830965837356436,0.9160133539007137,0.045625466862099916,174,17,0.4448483019054742
deciduous,NDVI_tower,EOS10,post,CUE seasonal mean,raw,-0.5830869599946958,1.0273637464336436,0.570336159674022,189,18,0.8722788324426218
deciduous,NDVI_tower,EOS10,post,CUE seasonal mean,adj_T,0.5551043114432892,0.9861397797658451,0.5734986784803591,188,18,0.9364764855476669
deciduous,NDVI_tower,EOS10,cal60,GPP rate (mean),raw,-0.7977908179667279,1.1920446257496076,0.5033280159778011,174,17,0.8497745724300537
deciduous,NDVI_tower,EOS10,cal60,GPP rate (mean),adj_T,-0.5467422531157365,0.9835431396706602,0.5782857369984573,173,17,0.9364764855476669
deciduous,NDVI_tower,EOS10,cal60,"NPP rate, daily CUE",raw,-0.9505040342367628,0.5670152958498661,0.09367381921528078,174,17,0.4871038599194601
deciduous,NDVI_tower,EOS10,cal60,"NPP rate, daily CUE",adj_T,-0.22615855068253224,0.5797714297822189,0.6964757189410016,173,17,0.9810024598566567
deciduous,NDVI_tower,EOS10,cal60,CUE seasonal mean,raw,-1.1912185875019754,1.190852941531068,0.31716193865777564,189,18,0.78286807643375
deciduous,NDVI_tower,EOS10,cal60,CUE seasonal mean,adj_T,0.1415312488584839,1.060887612126799,0.8938704547733177,188,18,0.9832894337771438
deciduous,NDVI_tower,EOS50,pre,GPP cumulative (source),raw,-0.005070876244668759,0.695558393190096,0.9941831799241561,171,17,0.9956185448155235
deciduous,NDVI_tower,EOS50,pre,GPP cumulative (source),adj_T,-0.18419330458239608,0.6797553838088425,0.7864141191858024,170,17,0.9810024598566567
deciduous,NDVI_tower,EOS50,pre,"NPP cumulative, annual CUE",raw,-0.309353158570775,0.5330791056658893,0.5617030266409846,171,17,0.8693023031348571
deciduous,NDVI_tower,EOS50,pre,"NPP cumulative, annual CUE",adj_T,-0.04713778420947087,0.5189552262503756,0.9276260168285755,170,17,0.9898513447525452
deciduous,NDVI_tower,EOS50,pre,"NPP cumulative, daily CUE",raw,-0.15301498691833787,0.6617093018388485,0.8171267974581223,171,17,0.9486699638414429
deciduous,NDVI_tower,EOS50,pre,"NPP cumulative, daily CUE",adj_T,0.06152876813533375,0.5731452759654317,0.9145090733283052,170,17,0.9886405247910727
deciduous,NDVI_tower,EOS50,pre,GPP rate (mean),raw,-0.6478151101489033,0.7954278569214938,0.4154024015529829,171,17,0.8105773946276403
deciduous,NDVI_tower,EOS50,pre,GPP rate (mean),adj_T,0.17281825945820103,0.8072327667091971,0.8304790025607414,170,17,0.9810024598566567
deciduous,NDVI_tower,EOS50,pre,CUE seasonal mean,raw,-0.9903288738411617,0.6530443078483831,0.1293979301801603,189,18,0.5553053599269571
deciduous,NDVI_tower,EOS50,pre,CUE seasonal mean,adj_T,-0.25005819599023643,0.6040290162123882,0.678886009164305,188,18,0.9722166059995567
deciduous,NDVI_tower,EOS50,post,GPP cumulative (source),raw,1.8009876709227193,0.822038662926214,0.028460512172089683,174,17,0.34378498368049215
deciduous,NDVI_tower,EOS50,post,GPP cumulative (source),adj_T,1.7758370694386734,1.0478110742459277,0.09011212496774774,174,17,0.5260043449833111
deciduous,NDVI_tower,EOS50,post,"NPP cumulative, annual CUE",raw,1.3612919318474677,0.4851409829371207,0.005016507764508514,174,17,0.18046997843497167
deciduous,NDVI_tower,EOS50,post,"NPP cumulative, annual CUE",adj_T,1.7975038378329256,0.6949206830237779,0.009691913653973766,174,17,0.31498719375414735
deciduous,NDVI_tower,EOS50,post,"NPP cumulative, daily CUE",raw,1.3086923979785061,0.7999546159853641,0.10184831390987689,174,17,0.49651053031064984
deciduous,NDVI_tower,EOS50,post,"NPP cumulative, daily CUE",adj_T,1.6717801043622582,1.1847317972129339,0.15821386952484184,174,17,0.5801179577349723
deciduous,NDVI_tower,EOS50,post,GPP rate (mean),raw,1.8709461574509398,0.8573388456207508,0.02908949861911857,174,17,0.34378498368049215
deciduous,NDVI_tower,EOS50,post,GPP rate (mean),adj_T,1.8450138004521612,1.0692583551840318,0.08443597098258267,174,17,0.5260043449833111
deciduous,NDVI_tower,EOS50,post,CUE seasonal mean,raw,0.6084312314405884,0.5749636053522864,0.28996051024637337,189,18,0.7690529711756096
deciduous,NDVI_tower,EOS50,post,CUE seasonal mean,adj_T,1.212341123779355,0.7892425195203219,0.12451830269417102,188,18,0.5518424778491671
deciduous,NDVI_tower,EOS50,cal60,GPP rate (mean),raw,-0.641733001315812,0.9366928566512088,0.4932776372060572,174,17,0.8432055985837552
deciduous,NDVI_tower,EOS50,cal60,GPP rate (mean),adj_T,-0.7059541683411326,0.8944452026432425,0.4299572198410666,173,17,0.8592215015053637
deciduous,NDVI_tower,EOS50,cal60,"NPP rate, daily CUE",raw,-0.6440985563289717,0.7664403745822869,0.40069726479114476,174,17,0.8105773946276403
deciduous,NDVI_tower,EOS50,cal60,"NPP rate, daily CUE",adj_T,-0.4529681841839939,0.717295595400247,0.5277172800075693,173,17,0.9192104452773939
deciduous,NDVI_tower,EOS50,cal60,CUE seasonal mean,raw,-0.4900714472774898,0.5861998781093758,0.4031468904806589,189,18,0.8105773946276403
deciduous,NDVI_tower,EOS50,cal60,CUE seasonal mean,adj_T,0.127783313295336,0.4782003450676661,0.7893020045930015,188,18,0.9810024598566567
deciduous,NIRv,EOS10,pre,GPP cumulative (source),raw,0.5312397258131436,0.8395424826804615,0.526881960593256,198,25,0.8652533915025423
deciduous,NIRv,EOS10,pre,GPP cumulative (source),adj_T,0.2745918333187611,0.8361921276478518,0.7426215942650507,196,25,0.9810024598566567
deciduous,NIRv,EOS10,pre,"NPP cumulative, annual CUE",raw,0.2283586344234039,0.784351991882612,0.7709419130002432,198,25,0.9486699638414429
deciduous,NIRv,EOS10,pre,"NPP cumulative, annual CUE",adj_T,0.37921194402009906,0.797109259432556,0.6342639241592668,196,25,0.9513958862389003
deciduous,NIRv,EOS10,pre,"NPP cumulative, daily CUE",raw,0.23043367800288297,0.834192614991564,0.7823671336883146,197,25,0.9486699638414429
deciduous,NIRv,EOS10,pre,"NPP cumulative, daily CUE",adj_T,0.3139723168456197,0.8184913331450434,0.7012758081470556,195,25,0.9810024598566567
deciduous,NIRv,EOS10,pre,GPP rate (mean),raw,-0.7431820865993014,0.5035488919881901,0.13997379109405075,198,25,0.5686435263195811
deciduous,NIRv,EOS10,pre,GPP rate (mean),adj_T,-0.7691090856954372,0.7146384712112702,0.28182833269881813,196,25,0.7130407223642643
deciduous,NIRv,EOS10,pre,CUE seasonal mean,raw,0.1212773244300814,0.7929376114064998,0.8784401751197622,218,27,0.9677730742844838
deciduous,NIRv,EOS10,pre,CUE seasonal mean,adj_T,0.45456838281836437,0.7368691915905651,0.5373062561823059,216,27,0.9192104452773939
deciduous,NIRv,EOS10,post,GPP cumulative (source),raw,0.5977353169125573,1.1303124402065825,0.5969281787980474,196,25,0.8919616464798409
deciduous,NIRv,EOS10,post,GPP cumulative (source),adj_T,0.8250985115374241,1.0942309400612533,0.45082267186645497,196,25,0.8679456538513999
deciduous,NIRv,EOS10,post,"NPP cumulative, annual CUE",raw,-0.2312538585580055,0.8986585359979361,0.7969222681014754,196,25,0.9486699638414429
deciduous,NIRv,EOS10,post,"NPP cumulative, annual CUE",adj_T,0.3957654781452158,0.961271265124125,0.6805516241996896,196,25,0.9722166059995567
deciduous,NIRv,EOS10,post,"NPP cumulative, daily CUE",raw,-0.509269914767456,1.098435113424341,0.642911263053874,195,25,0.9039627560343972
deciduous,NIRv,EOS10,post,"NPP cumulative, daily CUE",adj_T,-0.09117719898237323,1.0223743158160663,0.9289374158446962,195,25,0.9898513447525452
deciduous,NIRv,EOS10,post,GPP rate (mean),raw,0.7708423368636376,1.0975986756222453,0.482492782344928,196,25,0.8388883207994452
deciduous,NIRv,EOS10,post,GPP rate (mean),adj_T,1.0139172088690485,1.050199427076539,0.3343184326889803,196,25,0.7493344180959903
deciduous,NIRv,EOS10,post,CUE seasonal mean,raw,-0.6451618547738549,0.6361883057463505,0.31053256772945614,218,27,0.78286807643375
deciduous,NIRv,EOS10,post,CUE seasonal mean,adj_T,-0.3514339973132961,0.617152420334995,0.5690545843238808,216,27,0.9364764855476669
deciduous,NIRv,EOS10,cal60,GPP rate (mean),raw,-0.005876595243154974,0.5823841471456007,0.9919490166941906,197,25,0.9956185448155235
deciduous,NIRv,EOS10,cal60,GPP rate (mean),adj_T,-0.19776908310582705,0.6327239482788656,0.7546091043583248,195,25,0.9810024598566567
deciduous,NIRv,EOS10,cal60,"NPP rate, daily CUE",raw,-0.32412931504024356,0.6938272570393678,0.6403844055488871,196,25,0.9039627560343972
deciduous,NIRv,EOS10,cal60,"NPP rate, daily CUE",adj_T,-0.1339324692633671,0.7193982360166274,0.8523091604637137,194,25,0.9810024598566567
deciduous,NIRv,EOS10,cal60,CUE seasonal mean,raw,-0.021579203288478666,0.7725192040687768,0.9777151503880308,218,27,0.9956185448155235
deciduous,NIRv,EOS10,cal60,CUE seasonal mean,adj_T,0.2399850484134911,0.6908788758880547,0.728319399052132,216,27,0.9810024598566567
deciduous,NIRv,EOS50,pre,GPP cumulative (source),raw,-0.2960405320845765,0.6413259575884578,0.6443631953270832,198,25,0.9039627560343972
deciduous,NIRv,EOS50,pre,GPP cumulative (source),adj_T,-0.3953145469658589,0.6754287143181396,0.5583598297826061,196,25,0.9305997163043435
deciduous,NIRv,EOS50,pre,"NPP cumulative, annual CUE",raw,-0.0764471082475302,0.5800425721395815,0.8951458994831443,198,25,0.9806373617933322
deciduous,NIRv,EOS50,pre,"NPP cumulative, annual CUE",adj_T,-0.02509092673132074,0.5858542753686692,0.9658386983533559,196,25,0.9950054636302617
deciduous,NIRv,EOS50,pre,"NPP cumulative, daily CUE",raw,-0.14238011439655388,0.6918498706705551,0.8369500644189215,197,25,0.9572156161975935
deciduous,NIRv,EOS50,pre,"NPP cumulative, daily CUE",adj_T,-0.1785344490306761,0.712224592611235,0.8020680513127159,195,25,0.9810024598566567
deciduous,NIRv,EOS50,pre,GPP rate (mean),raw,-0.38938150579102504,0.5915958849399446,0.5104171246021285,198,25,0.8580287870466815
deciduous,NIRv,EOS50,pre,GPP rate (mean),adj_T,-0.24649187961683963,0.7163612042553066,0.730779492432359,196,25,0.9810024598566567
deciduous,NIRv,EOS50,pre,CUE seasonal mean,raw,0.5008266521868693,0.5483172388060411,0.3610382594215489,218,27,0.8105773946276403
deciduous,NIRv,EOS50,pre,CUE seasonal mean,adj_T,0.5713632664046681,0.586454230330613,0.32992376290830105,216,27,0.7493344180959903
deciduous,NIRv,EOS50,post,GPP cumulative (source),raw,1.2801798076050783,0.9196017668482629,0.16389139788137097,196,25,0.6087394778450922
deciduous,NIRv,EOS50,post,GPP cumulative (source),adj_T,1.3048223808726123,0.9470487044405251,0.16827199992293163,196,25,0.5896509117586958
deciduous,NIRv,EOS50,post,"NPP cumulative, annual CUE",raw,1.3304193387370578,0.6395479754654516,0.03750265663161109,196,25,0.3750265663161109
deciduous,NIRv,EOS50,post,"NPP cumulative, annual CUE",adj_T,1.586267966852601,0.7045392356293815,0.02435407745596553,196,25,0.3950425538471032
deciduous,NIRv,EOS50,post,"NPP cumulative, daily CUE",raw,1.335022618071063,0.674025785066557,0.04762829879334462,195,25,0.386979927695925
deciduous,NIRv,EOS50,post,"NPP cumulative, daily CUE",adj_T,1.4585330363089841,0.7225798489025427,0.0435384062195884,195,25,0.4448483019054742
deciduous,NIRv,EOS50,post,GPP rate (mean),raw,1.4276654154081985,0.8597005335951051,0.09678289023086875,196,25,0.488253254172775
deciduous,NIRv,EOS50,post,GPP rate (mean),adj_T,1.4642683644364545,0.880855280168364,0.09644748881005202,196,25,0.5260043449833111
deciduous,NIRv,EOS50,post,CUE seasonal mean,raw,0.49324497151027985,0.5419902735359629,0.362789600115621,218,27,0.8105773946276403
deciduous,NIRv,EOS50,post,CUE seasonal mean,adj_T,0.6029741495186653,0.5872741284819518,0.30454586753348856,216,27,0.7442900275447137
deciduous,NIRv,EOS50,cal60,GPP rate (mean),raw,-0.4866824092776777,0.5606245283002982,0.3853354352861239,197,25,0.8105773946276403
deciduous,NIRv,EOS50,cal60,GPP rate (mean),adj_T,-0.5138164704529138,0.5982765279748876,0.39043556802934076,195,25,0.8191467063820441
deciduous,NIRv,EOS50,cal60,"NPP rate, daily CUE",raw,-0.2583469879184382,0.6325564613627571,0.6829673509050641,196,25,0.9306108358733555
deciduous,NIRv,EOS50,cal60,"NPP rate, daily CUE",adj_T,-0.2348624911912315,0.6643390463077045,0.7236925997112903,194,25,0.9810024598566567
deciduous,NIRv,EOS50,cal60,CUE seasonal mean,raw,0.4615966231391443,0.588364271425574,0.43272200712157305,218,27,0.8144050330458734
deciduous,NIRv,EOS50,cal60,CUE seasonal mean,adj_T,0.48815272791406294,0.6269686628646356,0.43622014691810773,216,27,0.8592215015053637
evergreen,NDVI,EOS10,pre,GPP cumulative (source),raw,0.4403963675880329,2.194406347989551,0.8409406382357314,82,16,0.9574211376283306
evergreen,NDVI,EOS10,pre,GPP cumulative (source),adj_T,0.3915210905533951,2.215001464606514,0.8596978204354386,82,16,0.9810024598566567
evergreen,NDVI,EOS10,pre,"NPP cumulative, annual CUE",raw,-0.7036293850846721,2.104077345933828,0.7380684445974877,82,16,0.9486699638414429
evergreen,NDVI,EOS10,pre,"NPP cumulative, annual CUE",adj_T,-0.7915448760490723,2.1495201349672204,0.7126923508698184,82,16,0.9810024598566567
evergreen,NDVI,EOS10,pre,"NPP cumulative, daily CUE",raw,-0.5376247402766154,1.3837873692112965,0.6976335706854412,82,16,0.9306108358733555
evergreen,NDVI,EOS10,pre,"NPP cumulative, daily CUE",adj_T,-0.6157081380924972,1.4368830227186964,0.6682852273651889,82,16,0.9653008839719397
evergreen,NDVI,EOS10,pre,GPP rate (mean),raw,-1.7128169531201118,0.9987121958770631,0.08634053896333413,82,16,0.4742649323338072
evergreen,NDVI,EOS10,pre,GPP rate (mean),adj_T,-1.8717269466951936,1.1003634642650288,0.08894150355655818,82,16,0.5260043449833111
evergreen,NDVI,EOS10,pre,CUE seasonal mean,raw,-1.869660593304813,1.4218287365739817,0.18852034922613703,83,16,0.644298339321706
evergreen,NDVI,EOS10,pre,CUE seasonal mean,adj_T,-1.9485186852353558,1.3849515385360927,0.15945054128919778,83,16,0.5801179577349723
evergreen,NDVI,EOS10,post,GPP cumulative (source),raw,0.47377112551081374,1.6883746583374275,0.7790112204917686,81,15,0.9486699638414429
evergreen,NDVI,EOS10,post,GPP cumulative (source),adj_T,0.26179011539520025,1.8187515008581034,0.8855482727315112,75,14,0.9832894337771438
evergreen,NDVI,EOS10,post,"NPP cumulative, annual CUE",raw,-0.4806259148773458,1.814260929628271,0.7910745262985628,81,15,0.9486699638414429
evergreen,NDVI,EOS10,post,"NPP cumulative, annual CUE",adj_T,-0.8875753773590886,1.805191765321874,0.6229460920250985,75,14,0.9480104088691197
evergreen,NDVI,EOS10,post,"NPP cumulative, daily CUE",raw,0.20233075548679502,1.9850382524812626,0.9188139142911387,81,15,0.9844434795976486
evergreen,NDVI,EOS10,post,"NPP cumulative, daily CUE",adj_T,0.2102015271895819,2.0981001279634466,0.9201961807670753,75,14,0.9886405247910727
evergreen,NDVI,EOS10,post,GPP rate (mean),raw,0.6946499980227147,1.7974391599771946,0.6991512177202388,81,15,0.9306108358733555
evergreen,NDVI,EOS10,post,GPP rate (mean),adj_T,0.49892262747256655,2.032968949772898,0.8061345244634607,75,14,0.9810024598566567
evergreen,NDVI,EOS10,post,CUE seasonal mean,raw,-0.2424425714978047,1.7112530119955864,0.8873363530807448,89,17,0.974820218877438
evergreen,NDVI,EOS10,post,CUE seasonal mean,adj_T,-0.31614421444607077,1.795881089836833,0.8602636955666066,83,16,0.9810024598566567
evergreen,NDVI,EOS10,cal60,GPP rate (mean),raw,-0.2609485126447769,1.5513336613115434,0.8664187448250993,88,17,0.9677730742844838
evergreen,NDVI,EOS10,cal60,GPP rate (mean),adj_T,-0.07615794078660837,1.8308879571607177,0.9668206203722062,82,16,0.9950054636302617
evergreen,NDVI,EOS10,cal60,"NPP rate, daily CUE",raw,-1.110964055862134,1.1500836005097121,0.3340514480478277,88,17,0.8105773946276403
evergreen,NDVI,EOS10,cal60,"NPP rate, daily CUE",adj_T,-1.1858115684317514,1.2942636109103611,0.3595590687879445,82,16,0.7877979597039233
evergreen,NDVI,EOS10,cal60,CUE seasonal mean,raw,-1.6142959633515874,1.321575483929911,0.22189919655190293,89,17,0.703582818335302
evergreen,NDVI,EOS10,cal60,CUE seasonal mean,adj_T,-2.0921032295200153,1.3561063945733296,0.12289679891536123,83,16,0.5518424778491671
evergreen,NDVI,EOS50,pre,GPP cumulative (source),raw,-1.0238472567887538,0.9389495291092644,0.2755291552393766,82,16,0.7599975806856247
evergreen,NDVI,EOS50,pre,GPP cumulative (source),adj_T,-0.9665979212618113,0.8920305301319627,0.27854535405367764,82,16,0.7130407223642643
evergreen,NDVI,EOS50,pre,"NPP cumulative, annual CUE",raw,-1.9456085121599607,1.1589773164864816,0.09320492512456373,82,16,0.4871038599194601
evergreen,NDVI,EOS50,pre,"NPP cumulative, annual CUE",adj_T,-1.8678322034423032,1.1319861923131065,0.09893300144672822,82,16,0.5260043449833111
evergreen,NDVI,EOS50,pre,"NPP cumulative, daily CUE",raw,-0.816480560040873,0.7972731430181041,0.3057921114864932,82,16,0.7794700881028258
evergreen,NDVI,EOS50,pre,"NPP cumulative, daily CUE",adj_T,-0.8610559987018309,0.7218798124154424,0.2329489265001471,82,16,0.6729635654448693
evergreen,NDVI,EOS50,pre,GPP rate (mean),raw,-1.3586638331269985,0.7689638074675413,0.0772489673625396,82,16,0.458764779073317
evergreen,NDVI,EOS50,pre,GPP rate (mean),adj_T,-1.2063789914460878,0.8078417628197014,0.13534931984253745,82,16,0.5638238867559868
evergreen,NDVI,EOS50,pre,CUE seasonal mean,raw,-0.7902986415021028,1.076792342222297,0.46298662587987016,83,16,0.8282788261153641
evergreen,NDVI,EOS50,pre,CUE seasonal mean,adj_T,-1.016131063938754,0.9080860115514904,0.26314821162713686,83,16,0.6981483165617917
evergreen,NDVI,EOS50,post,GPP cumulative (source),raw,0.03619737722112611,0.9240110108789983,0.9687515161344817,81,15,0.9956185448155235
evergreen,NDVI,EOS50,post,GPP cumulative (source),adj_T,-0.13637175312649163,0.7252355721892593,0.8508469637270104,75,14,0.9810024598566567
evergreen,NDVI,EOS50,post,"NPP cumulative, annual CUE",raw,-0.7183619011429192,1.2628299929855107,0.5694573700502241,81,15,0.8722788324426218
evergreen,NDVI,EOS50,post,"NPP cumulative, annual CUE",adj_T,-1.2236773287729168,0.9336075341406966,0.18995988669990327,75,14,0.6225576118736326
evergreen,NDVI,EOS50,post,"NPP cumulative, daily CUE",raw,-1.4571615745302138,1.0276373975931725,0.15619879235317513,81,15,0.5972306766444931
evergreen,NDVI,EOS50,post,"NPP cumulative, daily CUE",adj_T,-1.4380085675617582,1.135781328358737,0.2054785976382385,75,14,0.6236731380964946
evergreen,NDVI,EOS50,post,GPP rate (mean),raw,0.0876241142871328,0.9638924078122048,0.9275668613257393,81,15,0.9883909178061157
evergreen,NDVI,EOS50,post,GPP rate (mean),adj_T,-0.10115077923704341,0.7679535435263085,0.8952099490082535,75,14,0.9832894337771438
evergreen,NDVI,EOS50,post,CUE seasonal mean,raw,-1.1081756548076962,1.2865922229634414,0.3890583820301927,89,17,0.8105773946276403
evergreen,NDVI,EOS50,post,CUE seasonal mean,adj_T,-1.1755536935962645,1.3425682368730627,0.38124714246668256,83,16,0.8137989849809857
evergreen,NDVI,EOS50,cal60,GPP rate (mean),raw,-0.696838988414241,0.9657496597523866,0.47056971101533684,88,17,0.832440080558696
evergreen,NDVI,EOS50,cal60,GPP rate (mean),adj_T,-0.3034934453568007,1.1821971873544352,0.7973950725286628,82,16,0.9810024598566567
evergreen,NDVI,EOS50,cal60,"NPP rate, daily CUE",raw,-0.7176497928953594,0.9221647356842148,0.4364375689912501,88,17,0.8144050330458734
evergreen,NDVI,EOS50,cal60,"NPP rate, daily CUE",adj_T,-0.6306888505607052,0.9748101416716709,0.5176407811120656,82,16,0.9134837313742333
evergreen,NDVI,EOS50,cal60,CUE seasonal mean,raw,-0.4646794833699785,1.0771767424344945,0.6661873787582593,89,17,0.9246017000559471
evergreen,NDVI,EOS50,cal60,CUE seasonal mean,adj_T,-1.0516699659674975,0.9163758096138546,0.2511170151697758,83,16,0.6896875768747364
evergreen,NDVI_tower,EOS10,pre,GPP cumulative (source),raw,0.5767458437389134,2.139013860742679,0.7874436461206102,81,12,0.9486699638414429
evergreen,NDVI_tower,EOS10,pre,GPP cumulative (source),adj_T,0.4155582626936105,2.2889103850454595,0.855933633825972,80,12,0.9810024598566567
evergreen,NDVI_tower,EOS10,pre,"NPP cumulative, annual CUE",raw,0.9944322336777456,1.6578802537018469,0.5486251977939974,81,12,0.8693023031348571
evergreen,NDVI_tower,EOS10,pre,"NPP cumulative, annual CUE",adj_T,-0.027651203003794672,1.516614429491456,0.9854536226949727,80,12,0.9950054636302617
evergreen,NDVI_tower,EOS10,pre,"NPP cumulative, daily CUE",raw,2.8762720612066666,1.9487144227228246,0.13994808383705526,81,12,0.5686435263195811
evergreen,NDVI_tower,EOS10,pre,"NPP cumulative, daily CUE",adj_T,2.2947310955695444,2.0239327021850184,0.2568792392036924,80,12,0.6946191679484921
evergreen,NDVI_tower,EOS10,pre,GPP rate (mean),raw,-2.914531661005644,3.0722007446683626,0.34278400862821623,81,12,0.8105773946276403
evergreen,NDVI_tower,EOS10,pre,GPP rate (mean),adj_T,-1.1985767913216738,3.6693464824441704,0.7439357627176746,80,12,0.9810024598566567
evergreen,NDVI_tower,EOS10,pre,CUE seasonal mean,raw,2.377097202809698,2.1757065911033093,0.2745855776359595,84,12,0.7599975806856247
evergreen,NDVI_tower,EOS10,pre,CUE seasonal mean,adj_T,1.2592997861814221,2.5743096986073155,0.6247145514855481,83,12,0.9480104088691197
evergreen,NDVI_tower,EOS10,post,GPP cumulative (source),raw,-0.637760117486597,2.204394233379805,0.7723417925155942,87,12,0.9486699638414429
evergreen,NDVI_tower,EOS10,post,GPP cumulative (source),adj_T,0.5198625610334505,2.283668333409541,0.819923294442586,82,12,0.9810024598566567
evergreen,NDVI_tower,EOS10,post,"NPP cumulative, annual CUE",raw,-1.1447858719424364,1.6768648656736669,0.49480011282091385,87,12,0.8432055985837552
evergreen,NDVI_tower,EOS10,post,"NPP cumulative, annual CUE",adj_T,-0.5275277696369022,1.8310259176490449,0.7732663454671298,82,12,0.9810024598566567
evergreen,NDVI_tower,EOS10,post,"NPP cumulative, daily CUE",raw,-2.277513557380969,1.4731911240414755,0.12211111233991982,87,12,0.5473946415237785
evergreen,NDVI_tower,EOS10,post,"NPP cumulative, daily CUE",adj_T,-2.051183743152462,1.5740569796321802,0.1925340976109,82,12,0.6236731380964946
evergreen,NDVI_tower,EOS10,post,GPP rate (mean),raw,-0.6776341609301815,2.208996737185078,0.7590252564938169,87,12,0.9486699638414429
evergreen,NDVI_tower,EOS10,post,GPP rate (mean),adj_T,0.48086280892447975,2.293552343305719,0.8339341956842257,82,12,0.9810024598566567
evergreen,NDVI_tower,EOS10,post,CUE seasonal mean,raw,-4.19746990889442,1.7122124738654012,0.014226656625702801,89,12,0.2594915530019416
evergreen,NDVI_tower,EOS10,post,CUE seasonal mean,adj_T,-3.8595019585883787,1.6256359107044984,0.017589448332039282,83,12,0.3659969940897991
evergreen,NDVI_tower,EOS10,cal60,GPP rate (mean),raw,0.5018160818877703,2.2306100389171584,0.8220040978054852,87,12,0.951280706659167
evergreen,NDVI_tower,EOS10,cal60,GPP rate (mean),adj_T,0.8255813973486712,2.2472466949041454,0.7133396014443314,81,12,0.9810024598566567
evergreen,NDVI_tower,EOS10,cal60,"NPP rate, daily CUE",raw,2.5768289496879446,1.7559215787695157,0.142237916865453,87,12,0.5688838842135772
evergreen,NDVI_tower,EOS10,cal60,"NPP rate, daily CUE",adj_T,2.1410997524728903,2.0720966028098466,0.30146300058268705,81,12,0.7441175330838478
evergreen,NDVI_tower,EOS10,cal60,CUE seasonal mean,raw,1.8022802528696795,1.7270902883507426,0.29670028768346435,89,12,0.7690529711756096
evergreen,NDVI_tower,EOS10,cal60,CUE seasonal mean,adj_T,0.6789401683319795,2.0422553921050173,0.7395523120019509,83,12,0.9810024598566567
evergreen,NDVI_tower,EOS50,pre,GPP cumulative (source),raw,-1.5777090333188477,1.9447449870192701,0.4172118837466825,81,12,0.8105773946276403
evergreen,NDVI_tower,EOS50,pre,GPP cumulative (source),adj_T,-2.0215195899050555,1.932751022307839,0.2955939941534994,80,12,0.7389849853837485
evergreen,NDVI_tower,EOS50,pre,"NPP cumulative, annual CUE",raw,-1.1256491643893132,1.9376272441096312,0.5612795033567654,81,12,0.8693023031348571
evergreen,NDVI_tower,EOS50,pre,"NPP cumulative, annual CUE",adj_T,-2.227484638234167,1.9240579135670777,0.2469858916517842,80,12,0.6858537701802757
evergreen,NDVI_tower,EOS50,pre,"NPP cumulative, daily CUE",raw,0.6152486897805487,2.43698152569635,0.8006828853265452,81,12,0.9486699638414429
evergreen,NDVI_tower,EOS50,pre,"NPP cumulative, daily CUE",adj_T,0.06351705001083913,1.809622691904222,0.9720003127151088,80,12,0.9950054636302617
evergreen,NDVI_tower,EOS50,pre,GPP rate (mean),raw,-4.200443072412254,1.9487556081099027,0.031126725669260374,81,12,0.35704185326504545
evergreen,NDVI_tower,EOS50,pre,GPP rate (mean),adj_T,-3.569501510829971,1.7116626840624702,0.03703299892978827,80,12,0.41305107513365663
evergreen,NDVI_tower,EOS50,pre,CUE seasonal mean,raw,1.7415043553631062,2.232999538853812,0.4354528979228248,84,12,0.8144050330458734
evergreen,NDVI_tower,EOS50,pre,CUE seasonal mean,adj_T,0.9312243106175586,2.061870870352398,0.6515280166811969,83,12,0.9588525528515727
evergreen,NDVI_tower,EOS50,post,GPP cumulative (source),raw,-2.715580772547172,1.3223014349572704,0.04000691071291496,87,12,0.3751954092104825
evergreen,NDVI_tower,EOS50,post,GPP cumulative (source),adj_T,-1.907686988032705,1.325789621884721,0.15017708330729168,82,12,0.5686316746586773
evergreen,NDVI_tower,EOS50,post,"NPP cumulative, annual CUE",raw,-2.417026646349277,1.2830199058867973,0.059584256063729954,87,12,0.4303307382380496
evergreen,NDVI_tower,EOS50,post,"NPP cumulative, annual CUE",adj_T,-2.037538857587673,1.8318752842899575,0.2660223284561064,82,12,0.7010047844451452
evergreen,NDVI_tower,EOS50,post,"NPP cumulative, daily CUE",raw,-2.957101769537057,1.0319391779568028,0.004162492703714816,87,12,0.18046997843497167
evergreen,NDVI_tower,EOS50,post,"NPP cumulative, daily CUE",adj_T,-2.570146011025883,1.3527066942223982,0.057432800261984863,82,12,0.466641502128627
evergreen,NDVI_tower,EOS50,post,GPP rate (mean),raw,-2.6198056660469775,1.2579842820409803,0.03729294985895611,87,12,0.3750265663161109
evergreen,NDVI_tower,EOS50,post,GPP rate (mean),adj_T,-1.797839523939894,1.2020937917611425,0.13476051549538703,82,12,0.5638238867559868
evergreen,NDVI_tower,EOS50,post,CUE seasonal mean,raw,-3.98889927132168,1.4384387200512485,0.005552922413383743,89,12,0.18046997843497167
evergreen,NDVI_tower,EOS50,post,CUE seasonal mean,adj_T,-3.414509506780162,1.5626532322061943,0.028883582724853207,83,12,0.4023070450961697
evergreen,NDVI_tower,EOS50,cal60,GPP rate (mean),raw,-2.8811988312218766,1.1530147506319255,0.012460072039280505,87,12,0.2472360477182352
evergreen,NDVI_tower,EOS50,cal60,GPP rate (mean),adj_T,-2.358967594463305,1.5083876736975168,0.11784103715296362,81,12,0.5518424778491671
evergreen,NDVI_tower,EOS50,cal60,"NPP rate, daily CUE",raw,0.2951905490162021,1.6826366809530617,0.8607391564332387,87,12,0.9674013573745335
evergreen,NDVI_tower,EOS50,cal60,"NPP rate, daily CUE",adj_T,0.08641759754510835,1.5613972868915937,0.9558625588033965,81,12,0.9950054636302617
evergreen,NDVI_tower,EOS50,cal60,CUE seasonal mean,raw,1.9107752729463905,1.5332905126111522,0.212693699336171,89,12,0.6912545228425557
evergreen,NDVI_tower,EOS50,cal60,CUE seasonal mean,adj_T,1.0807960289417469,1.378847448314272,0.43313389538048563,83,12,0.8592215015053637
evergreen,NIRv,EOS10,pre,GPP cumulative (source),raw,1.2620941122324436,1.179264220753247,0.2845119148207723,210,26,0.7599975806856247
evergreen,NIRv,EOS10,pre,GPP cumulative (source),adj_T,0.7082646863796729,1.0188826320491005,0.4869684219752559,209,26,0.895838134765801
evergreen,NIRv,EOS10,pre,"NPP cumulative, annual CUE",raw,0.9861120674081464,1.1194985492776937,0.3783981570295082,210,26,0.8105773946276403
evergreen,NIRv,EOS10,pre,"NPP cumulative, annual CUE",adj_T,0.5826721855058101,0.8775318574752069,0.5066968518428757,209,26,0.9037062601968028
evergreen,NIRv,EOS10,pre,"NPP cumulative, daily CUE",raw,0.7903525738663097,1.1034928128803547,0.47385050739495005,210,26,0.832440080558696
evergreen,NIRv,EOS10,pre,"NPP cumulative, daily CUE",adj_T,0.2567565174873653,0.9948070722387986,0.7963322046405812,209,26,0.9810024598566567
evergreen,NIRv,EOS10,pre,GPP rate (mean),raw,-0.09177691214227851,0.8074610984342425,0.9095064547547171,210,26,0.9825693001505255
evergreen,NIRv,EOS10,pre,GPP rate (mean),adj_T,0.5809547828140981,0.7942534312363136,0.46450578692855826,209,26,0.8701027032695602
evergreen,NIRv,EOS10,pre,CUE seasonal mean,raw,-0.16738195833630434,0.8503828079350596,0.8439595519989149,212,26,0.9574211376283306
evergreen,NIRv,EOS10,pre,CUE seasonal mean,adj_T,-0.41289142359072734,0.8238889939296503,0.6162660262621846,211,26,0.9480104088691197
evergreen,NIRv,EOS10,post,GPP cumulative (source),raw,1.232972434361459,0.9313239047610429,0.18553885578741147,210,27,0.6426902173556169
evergreen,NIRv,EOS10,post,GPP cumulative (source),adj_T,1.4536368235259691,0.9462757046348855,0.12449760527078857,207,26,0.5518424778491671
evergreen,NIRv,EOS10,post,"NPP cumulative, annual CUE",raw,1.0106008840114107,0.9407241105541085,0.2826973078068873,210,27,0.7599975806856247
evergreen,NIRv,EOS10,post,"NPP cumulative, annual CUE",adj_T,1.0447731267511868,0.8392468690766353,0.21317083281212812,207,26,0.6298229151267422
evergreen,NIRv,EOS10,post,"NPP cumulative, daily CUE",raw,0.7553137280479431,0.8189086820771893,0.35635030429470704,210,27,0.8105773946276403
evergreen,NIRv,EOS10,post,"NPP cumulative, daily CUE",adj_T,0.9618592949158055,0.7610683884079844,0.20629188413960975,207,26,0.6236731380964946
evergreen,NIRv,EOS10,post,GPP rate (mean),raw,1.45525754834082,0.8850340160676816,0.10011515546743102,210,27,0.494239375092381
evergreen,NIRv,EOS10,post,GPP rate (mean),adj_T,1.6371707321463718,0.8715524995803083,0.06031917000828242,207,26,0.4771812565805014
evergreen,NIRv,EOS10,post,CUE seasonal mean,raw,0.46041077752219417,0.7465011537343679,0.5373941650911085,215,27,0.8693023031348571
evergreen,NIRv,EOS10,post,CUE seasonal mean,adj_T,0.5662818275218051,0.6161488082650586,0.3580607063249135,211,26,0.7877979597039233
evergreen,NIRv,EOS10,cal60,GPP rate (mean),raw,0.5076982801833959,0.9425055256935939,0.5901154351878348,213,27,0.888634864056252
evergreen,NIRv,EOS10,cal60,GPP rate (mean),adj_T,0.6320741885589977,0.8483390809208978,0.45622784369112046,209,26,0.8679456538513999
evergreen,NIRv,EOS10,cal60,"NPP rate, daily CUE",raw,0.3399064394588482,0.9833953964606059,0.7296089590874921,213,27,0.9486699638414429
evergreen,NIRv,EOS10,cal60,"NPP rate, daily CUE",adj_T,0.22144480210837006,0.9268812986459976,0.8111723668981639,209,26,0.9810024598566567
evergreen,NIRv,EOS10,cal60,CUE seasonal mean,raw,0.01248561943281152,0.9033225780901488,0.9889720836962592,215,27,0.9956185448155235
evergreen,NIRv,EOS10,cal60,CUE seasonal mean,adj_T,-0.2475153166531847,0.9201840045496956,0.7879415416373294,211,26,0.9810024598566567
evergreen,NIRv,EOS50,pre,GPP cumulative (source),raw,-0.6087062327986841,0.7239816091478696,0.4004735342853898,210,26,0.8105773946276403
evergreen,NIRv,EOS50,pre,GPP cumulative (source),adj_T,-0.7616289519695045,0.6577344781936204,0.2468811448241256,209,26,0.6858537701802757
evergreen,NIRv,EOS50,pre,"NPP cumulative, annual CUE",raw,-0.9303516646066151,0.6050835483894043,0.12415647507441502,210,26,0.5502389236252484
evergreen,NIRv,EOS50,pre,"NPP cumulative, annual CUE",adj_T,-1.080821453591755,0.516607771189434,0.0364250121700263,209,26,0.41305107513365663
evergreen,NIRv,EOS50,pre,"NPP cumulative, daily CUE",raw,-0.34687750821195695,0.8200682139639899,0.6723053557131584,210,26,0.9297840025820275
evergreen,NIRv,EOS50,pre,"NPP cumulative, daily CUE",adj_T,-0.5409593173306072,0.7425297342672413,0.4662858076495848,209,26,0.8701027032695602
evergreen,NIRv,EOS50,pre,GPP rate (mean),raw,-0.8549113718712458,0.4844888056418387,0.07763711645856133,210,26,0.458764779073317
evergreen,NIRv,EOS50,pre,GPP rate (mean),adj_T,-0.7456410774900152,0.48914346871975,0.12741352910952095,209,26,0.558328947783294
evergreen,NIRv,EOS50,pre,CUE seasonal mean,raw,-0.5320046768926204,0.7486291791587795,0.47730831211047353,212,26,0.8347544471887206
evergreen,NIRv,EOS50,pre,CUE seasonal mean,adj_T,-0.7187512911496272,0.727148211311703,0.32293120516991425,211,26,0.7442900275447137
evergreen,NIRv,EOS50,post,GPP cumulative (source),raw,0.494993601361575,0.6605999593808769,0.4536708874569031,210,27,0.8214564077616454
evergreen,NIRv,EOS50,post,GPP cumulative (source),adj_T,0.38934813396550705,0.6417341228119647,0.5440417045446853,207,26,0.9265339073031758
evergreen,NIRv,EOS50,post,"NPP cumulative, annual CUE",raw,0.0035331278078787956,0.6433967352403749,0.9956185448155235,210,27,0.9956185448155235
evergreen,NIRv,EOS50,post,"NPP cumulative, annual CUE",adj_T,-0.19805975168066564,0.5915857025652047,0.7377799666410245,207,26,0.9810024598566567
evergreen,NIRv,EOS50,post,"NPP cumulative, daily CUE",raw,0.24829046795472393,0.772778253816452,0.7479861794538433,210,27,0.9486699638414429
evergreen,NIRv,EOS50,post,"NPP cumulative, daily CUE",adj_T,0.18995362110441577,0.7402756007310347,0.7974887201680805,207,26,0.9810024598566567
evergreen,NIRv,EOS50,post,GPP rate (mean),raw,0.520837054496235,0.613820208912042,0.3961499527476562,210,27,0.8105773946276403
evergreen,NIRv,EOS50,post,GPP rate (mean),adj_T,0.4021176081993289,0.5955537752285732,0.49954902753343944,207,26,0.9019635219353768
evergreen,NIRv,EOS50,post,CUE seasonal mean,raw,-0.10145922681046733,0.5172592563800285,0.844494541908066,215,27,0.9574211376283306
evergreen,NIRv,EOS50,post,CUE seasonal mean,adj_T,-0.1491680187179693,0.5119841091151383,0.7707814871142176,211,26,0.9810024598566567
evergreen,NIRv,EOS50,cal60,GPP rate (mean),raw,-0.7756055466982013,0.5208402535189117,0.1364497525880505,213,27,0.5662640431945634
evergreen,NIRv,EOS50,cal60,GPP rate (mean),adj_T,-0.6995838330920396,0.5220674182821008,0.1802369427520536,209,26,0.6091431527093704
evergreen,NIRv,EOS50,cal60,"NPP rate, daily CUE",raw,-0.3712906311704146,0.6397713237169298,0.5616793077002991,213,27,0.8693023031348571
evergreen,NIRv,EOS50,cal60,"NPP rate, daily CUE",adj_T,-0.44701097135235596,0.6062656888881535,0.4609286212879311,209,26,0.8698473138609387
evergreen,NIRv,EOS50,cal60,CUE seasonal mean,raw,-0.1763579435114314,0.7633093595050672,0.8172807255640921,215,27,0.9486699638414429
evergreen,NIRv,EOS50,cal60,CUE seasonal mean,adj_T,-0.423396796240785,0.7434377705792274,0.5690086704560999,211,26,0.9364764855476669
grass/shrub,GCC,EOS10,pre,GPP cumulative (source),raw,-0.510844541270054,2.162308378732876,0.8132389748101693,89,14,0.9486699638414429
grass/shrub,GCC,EOS10,pre,GPP cumulative (source),adj_T,-0.3326700125534487,2.324819318520286,0.8862151563881276,85,13,0.9832894337771438
grass/shrub,GCC,EOS10,pre,"NPP cumulative, annual CUE",raw,-1.290559236067675,3.852187704424495,0.7376101342000463,89,14,0.9486699638414429
grass/shrub,GCC,EOS10,pre,"NPP cumulative, annual CUE",adj_T,-1.2848955129152855,4.0448409654745765,0.7507407307663363,85,13,0.9810024598566567
grass/shrub,GCC,EOS10,pre,"NPP cumulative, daily CUE",raw,-1.9161073538049709,1.4409137287451945,0.18358868698136155,87,14,0.6426902173556169
grass/shrub,GCC,EOS10,pre,"NPP cumulative, daily CUE",adj_T,-1.91192663587184,1.6814039269571646,0.2554959294386586,83,13,0.6946191679484921
grass/shrub,GCC,EOS10,pre,GPP rate (mean),raw,-0.9243289225432854,1.2862443631561291,0.4723712545878199,89,14,0.832440080558696
grass/shrub,GCC,EOS10,pre,GPP rate (mean),adj_T,-1.0947570346683013,1.2574043630493932,0.38394618778590095,85,13,0.8137989849809857
grass/shrub,GCC,EOS10,pre,CUE seasonal mean,raw,-1.6694841196761945,1.5023508885491832,0.2664617014504763,87,14,0.7530439388817809
grass/shrub,GCC,EOS10,pre,CUE seasonal mean,adj_T,-1.660348105362982,1.665482035720576,0.31880458043007054,83,13,0.7442900275447137
grass/shrub,GCC,EOS10,post,GPP cumulative (source),raw,-2.523253429056125,2.5101761884463887,0.31479589004379616,114,17,0.78286807643375
grass/shrub,GCC,EOS10,post,GPP cumulative (source),adj_T,-5.031597588218392,1.7603362592247906,0.004258958057593957,85,13,0.31498719375414735
grass/shrub,GCC,EOS10,post,"NPP cumulative, annual CUE",raw,-1.35441875112587,2.077626124146573,0.5144612504503863,114,17,0.8598597321779747
grass/shrub,GCC,EOS10,post,"NPP cumulative, annual CUE",adj_T,-3.523132820850404,1.918003817460769,0.06622838468507315,85,13,0.4967128851380486
grass/shrub,GCC,EOS10,post,"NPP cumulative, daily CUE",raw,-2.009211139526494,2.4662478152328142,0.4152535614018613,112,17,0.8105773946276403
grass/shrub,GCC,EOS10,post,"NPP cumulative, daily CUE",adj_T,-3.2418963722559386,2.470177329651405,0.18938034067896703,83,13,0.6225576118736326
grass/shrub,GCC,EOS10,post,GPP rate (mean),raw,-1.9171669336938741,2.8244162411936298,0.49727509660067615,114,17,0.8432055985837552
grass/shrub,GCC,EOS10,post,GPP rate (mean),adj_T,-4.509342013227591,2.050522542276375,0.027869498939766254,85,13,0.4023070450961697
grass/shrub,GCC,EOS10,post,CUE seasonal mean,raw,-0.013975396661910472,1.5374593987170593,0.9927473859275127,120,19,0.9956185448155235
grass/shrub,GCC,EOS10,post,CUE seasonal mean,adj_T,0.48044459767095443,1.8274611317157192,0.7926255195275707,83,13,0.9810024598566567
grass/shrub,GCC,EOS10,cal60,GPP rate (mean),raw,1.0471282274484381,1.6118248578106755,0.5159158393067849,118,18,0.8598597321779747
grass/shrub,GCC,EOS10,cal60,GPP rate (mean),adj_T,1.0137685959869183,1.9249408134756552,0.5984371986033863,85,13,0.9452643064654881
grass/shrub,GCC,EOS10,cal60,"NPP rate, daily CUE",raw,0.09897834365776806,0.8254685098239161,0.9045578835041508,116,18,0.9825693001505255
grass/shrub,GCC,EOS10,cal60,"NPP rate, daily CUE",adj_T,0.09599376072514078,0.9472662296040606,0.9192824069328189,83,13,0.9886405247910727
grass/shrub,GCC,EOS10,cal60,CUE seasonal mean,raw,-0.49469902570134694,1.7227940495696665,0.7739980403441717,124,20,0.9486699638414429
grass/shrub,GCC,EOS10,cal60,CUE seasonal mean,adj_T,-0.2613790072307067,1.8361865685628458,0.8868044794908206,83,13,0.9832894337771438
grass/shrub,GCC,EOS50,pre,GPP cumulative (source),raw,-2.4994460979246487,0.938341901963838,0.0077290181712855455,89,14,0.21530836334295447
grass/shrub,GCC,EOS50,pre,GPP cumulative (source),adj_T,-2.823502101820295,0.9645195850610455,0.003418460348553071,85,13,0.31498719375414735
grass/shrub,GCC,EOS50,pre,"NPP cumulative, annual CUE",raw,-3.212110990722655,1.6007709663772494,0.0447920070706497,89,14,0.3751954092104825
grass/shrub,GCC,EOS50,pre,"NPP cumulative, annual CUE",adj_T,-3.517380397508915,1.7906621979945483,0.04949643520088237,85,13,0.449438425245609
grass/shrub,GCC,EOS50,pre,"NPP cumulative, daily CUE",raw,-2.8863917285271135,1.3751239526305767,0.03581648072332296,87,14,0.3750265663161109
grass/shrub,GCC,EOS50,pre,"NPP cumulative, daily CUE",adj_T,-3.080351678644185,1.538928925105562,0.04532556291888782,83,13,0.4448483019054742
grass/shrub,GCC,EOS50,pre,GPP rate (mean),raw,-2.065361913340909,1.3145377200814259,0.11614322234709103,89,14,0.5266960083182035
grass/shrub,GCC,EOS50,pre,GPP rate (mean),adj_T,-1.9133480127344502,1.5760077710672453,0.22472965436731884,85,13,0.6552150078855812
grass/shrub,GCC,EOS50,pre,CUE seasonal mean,raw,-1.1484367345608895,1.0698943058581405,0.28308657611082355,87,14,0.7599975806856247
grass/shrub,GCC,EOS50,pre,CUE seasonal mean,adj_T,-1.1475174003219744,1.1449679754708983,0.3162341469477453,83,13,0.7442900275447137
grass/shrub,GCC,EOS50,post,GPP cumulative (source),raw,0.5062661730046827,0.9888047775510944,0.6086523353335214,114,17,0.8961318338595383
grass/shrub,GCC,EOS50,post,GPP cumulative (source),adj_T,0.2083494274552271,0.9960097516508548,0.8343045054350682,85,13,0.9810024598566567
grass/shrub,GCC,EOS50,post,"NPP cumulative, annual CUE",raw,0.5973889734032117,0.6090110453105508,0.32663392782213174,114,17,0.8011775588090024
grass/shrub,GCC,EOS50,post,"NPP cumulative, annual CUE",adj_T,-0.015997618942202613,0.7025674992238679,0.9818335601130678,85,13,0.9950054636302617
grass/shrub,GCC,EOS50,post,"NPP cumulative, daily CUE",raw,-0.019344026424311267,1.0670688301336937,0.9855365893296185,112,17,0.9956185448155235
grass/shrub,GCC,EOS50,post,"NPP cumulative, daily CUE",adj_T,-0.17182593709805516,1.1789158955244188,0.8841194547500801,83,13,0.9832894337771438
grass/shrub,GCC,EOS50,post,GPP rate (mean),raw,1.0217591940324806,0.9723485342737868,0.293343201889404,114,17,0.7690529711756096
grass/shrub,GCC,EOS50,post,GPP rate (mean),adj_T,0.7451317921303159,0.8928864988686508,0.40398792662656735,85,13,0.8292383757071645
grass/shrub,GCC,EOS50,post,CUE seasonal mean,raw,0.24186763233334163,0.8438697325631913,0.77440539548759,120,19,0.9486699638414429
grass/shrub,GCC,EOS50,post,CUE seasonal mean,adj_T,-0.33079203388634304,0.9959392757471636,0.7397829689374904,83,13,0.9810024598566567
grass/shrub,GCC,EOS50,cal60,GPP rate (mean),raw,-1.141300150730834,1.041367566561376,0.27309503894734866,118,18,0.7599975806856247
grass/shrub,GCC,EOS50,cal60,GPP rate (mean),adj_T,-2.4141886691490058,1.2159489119086717,0.04709599084681276,85,13,0.44798625439651163
grass/shrub,GCC,EOS50,cal60,"NPP rate, daily CUE",raw,-1.0824696087033359,1.0319339344740113,0.29419109223423523,116,18,0.7690529711756096
grass/shrub,GCC,EOS50,cal60,"NPP rate, daily CUE",adj_T,-1.9620941311114917,1.3615046590245947,0.14955025788417242,83,13,0.5686316746586773
grass/shrub,GCC,EOS50,cal60,CUE seasonal mean,raw,-0.4137562719897392,1.0365199184578342,0.6897618220742832,124,20,0.9306108358733555
grass/shrub,GCC,EOS50,cal60,CUE seasonal mean,adj_T,-1.2504752609160181,1.2371967428230481,0.31214435984573174,83,13,0.7442900275447137
grass/shrub,NDVI,EOS10,pre,GPP cumulative (source),raw,1.5689277111480284,0.8683863842230377,0.07080654714637816,140,23,0.44728154292148464
grass/shrub,NDVI,EOS10,pre,GPP cumulative (source),adj_T,0.8370794466540025,0.9399745301692531,0.37317912419443433,137,22,0.8081945255597706
grass/shrub,NDVI,EOS10,pre,"NPP cumulative, annual CUE",raw,0.7295855822265298,0.9763634487928441,0.45491390700122303,139,23,0.8214564077616454
grass/shrub,NDVI,EOS10,pre,"NPP cumulative, annual CUE",adj_T,0.12722411760129504,0.9103838090908405,0.8888592726477857,136,22,0.9832894337771438
grass/shrub,NDVI,EOS10,pre,"NPP cumulative, daily CUE",raw,0.7315511124209563,1.049101744925873,0.4856076335350845,136,22,0.8388883207994452
grass/shrub,NDVI,EOS10,pre,"NPP cumulative, daily CUE",adj_T,-0.03622529414074266,1.0622607944663023,0.9727957561966547,133,21,0.9950054636302617
grass/shrub,NDVI,EOS10,pre,GPP rate (mean),raw,-0.8655912204542966,0.6835112243707502,0.20537378197435652,140,23,0.6787777539830427
grass/shrub,NDVI,EOS10,pre,GPP rate (mean),adj_T,0.15492514635614998,0.781938707745223,0.8429437234827043,137,22,0.9810024598566567
grass/shrub,NDVI,EOS10,pre,CUE seasonal mean,raw,-0.3741430770255288,0.9890706981771749,0.7052245438040425,146,23,0.9347189245149626
grass/shrub,NDVI,EOS10,pre,CUE seasonal mean,adj_T,-0.4438704316648783,0.9059718256561416,0.6241774540605225,142,22,0.9480104088691197
grass/shrub,NDVI,EOS10,post,GPP cumulative (source),raw,3.9329744590407008,1.3070163660063014,0.0026200206339158654,194,28,0.18046997843497167
grass/shrub,NDVI,EOS10,post,GPP cumulative (source),adj_T,2.919896429556488,1.243535831061314,0.018871493872859336,140,22,0.3659969940897991
grass/shrub,NDVI,EOS10,post,"NPP cumulative, annual CUE",raw,1.5015137484038938,1.02499942746278,0.14295030936648861,194,28,0.5688838842135772
grass/shrub,NDVI,EOS10,post,"NPP cumulative, annual CUE",adj_T,1.0235515791035965,1.0387307671277957,0.32443411457077265,140,22,0.7442900275447137
grass/shrub,NDVI,EOS10,post,"NPP cumulative, daily CUE",raw,2.6149080521000476,1.1146311522140835,0.018976867128026327,190,27,0.3083740908304278
grass/shrub,NDVI,EOS10,post,"NPP cumulative, daily CUE",adj_T,2.1930126126412395,1.133439726428361,0.05301122247317222,136,21,0.45943059476749254
grass/shrub,NDVI,EOS10,post,GPP rate (mean),raw,5.069362468834108,1.2970908256189941,9.296492966357929e-05,194,28,0.03625632256879592
grass/shrub,NDVI,EOS10,post,GPP rate (mean),adj_T,4.700622984621354,1.3671836782456932,0.0005856392065833408,140,22,0.2283992905675029
grass/shrub,NDVI,EOS10,post,CUE seasonal mean,raw,0.06898124989251854,0.9812969805890077,0.9439580683242068,197,28,0.9956185448155235
grass/shrub,NDVI,EOS10,post,CUE seasonal mean,adj_T,0.8754570734383723,1.1339216830837175,0.44007810896826927,142,22,0.8624646356664574
grass/shrub,NDVI,EOS10,cal60,GPP rate (mean),raw,1.0733379660605515,0.9514056922102456,0.2592523000496736,196,29,0.7530439388817809
grass/shrub,NDVI,EOS10,cal60,GPP rate (mean),adj_T,0.5998297531772308,0.966580472514594,0.5348833261593107,138,22,0.9192104452773939
grass/shrub,NDVI,EOS10,cal60,"NPP rate, daily CUE",raw,0.4019497236063414,1.0314614487895062,0.6967661421029552,192,28,0.9306108358733555
grass/shrub,NDVI,EOS10,cal60,"NPP rate, daily CUE",adj_T,-0.015286626804294884,1.1262801334046544,0.989170909900208,134,21,0.9950054636302617
grass/shrub,NDVI,EOS10,cal60,CUE seasonal mean,raw,-1.3148508747566867,1.06371862611422,0.21642548954820573,201,29,0.6975697597008284
grass/shrub,NDVI,EOS10,cal60,CUE seasonal mean,adj_T,-0.32233510287399614,1.0409507980365071,0.7568237039222294,142,22,0.9810024598566567
grass/shrub,NDVI,EOS50,pre,GPP cumulative (source),raw,-0.4612179247746799,0.7495391540720175,0.5383332882547651,140,23,0.8693023031348571
grass/shrub,NDVI,EOS50,pre,GPP cumulative (source),adj_T,-0.8242607146493706,0.8746957829680655,0.346018659275957,137,22,0.7667458927137684
grass/shrub,NDVI,EOS50,pre,"NPP cumulative, annual CUE",raw,-1.249363661017219,0.5422256611359528,0.021214803973088902,139,23,0.31822205959633354
grass/shrub,NDVI,EOS50,pre,"NPP cumulative, annual CUE",adj_T,-1.5812369315368977,0.6466639451985006,0.01447629875943797,136,22,0.3659969940897991
grass/shrub,NDVI,EOS50,pre,"NPP cumulative, daily CUE",raw,-1.1904070213487714,0.6115936216270177,0.051606474840606216,136,22,0.39463774878110636
grass/shrub,NDVI,EOS50,pre,"NPP cumulative, daily CUE",adj_T,-1.6535616499239105,0.7465182750933173,0.026757888214247932,133,21,0.40136832321371896
grass/shrub,NDVI,EOS50,pre,GPP rate (mean),raw,-0.4597628646673474,0.5873926109020418,0.43379263462082973,140,23,0.8144050330458734
grass/shrub,NDVI,EOS50,pre,GPP rate (mean),adj_T,-0.1349702456278822,0.6502945320514497,0.8355784083995301,137,22,0.9810024598566567
grass/shrub,NDVI,EOS50,pre,CUE seasonal mean,raw,-0.94286301589981,0.623482790488851,0.1304698000031778,146,23,0.5553053599269571
grass/shrub,NDVI,EOS50,pre,CUE seasonal mean,adj_T,-0.9753905721924743,0.6745905676261811,0.148205222640963,142,22,0.5686316746586773
grass/shrub,NDVI,EOS50,post,GPP cumulative (source),raw,1.6460494979084104,0.9075243732518784,0.06971161296343073,194,28,0.44728154292148464
grass/shrub,NDVI,EOS50,post,GPP cumulative (source),adj_T,1.2018653085436874,0.7276121091010815,0.09857655437766663,140,22,0.5260043449833111
grass/shrub,NDVI,EOS50,post,"NPP cumulative, annual CUE",raw,-0.03945667258528304,0.6717926869038522,0.9531644511659069,194,28,0.9956185448155235
grass/shrub,NDVI,EOS50,post,"NPP cumulative, annual CUE",adj_T,-0.3759755210907483,0.7211132213833163,0.6021006229271837,140,22,0.9452643064654881
grass/shrub,NDVI,EOS50,post,"NPP cumulative, daily CUE",raw,0.7299390984755687,0.8220076277933686,0.37454315618842937,190,27,0.8105773946276403
grass/shrub,NDVI,EOS50,post,"NPP cumulative, daily CUE",adj_T,0.39919273539205274,0.824544768526905,0.6282885538796622,136,21,0.9497385116785592
grass/shrub,NDVI,EOS50,post,GPP rate (mean),raw,2.3363698451464385,0.8365260480529629,0.005223084161188946,194,28,0.18046997843497167
grass/shrub,NDVI,EOS50,post,GPP rate (mean),adj_T,2.1827030576445763,0.789519906426031,0.005699344854833011,140,22,0.31498719375414735
grass/shrub,NDVI,EOS50,post,CUE seasonal mean,raw,-0.0796298561953099,0.6828363861562059,0.9071641164561293,197,28,0.9825693001505255
grass/shrub,NDVI,EOS50,post,CUE seasonal mean,adj_T,-0.2953701745208892,0.8282982574693886,0.7213921670407297,142,22,0.9810024598566567
grass/shrub,NDVI,EOS50,cal60,GPP rate (mean),raw,-0.29488371020752646,0.7433507625643657,0.6915922096874697,196,29,0.9306108358733555
grass/shrub,NDVI,EOS50,cal60,GPP rate (mean),adj_T,-1.2051877154812576,0.7160376058713687,0.09234902529164488,138,22,0.5260043449833111
grass/shrub,NDVI,EOS50,cal60,"NPP rate, daily CUE",raw,-1.0924888276807574,0.538809497971398,0.042601337436187776,192,28,0.3751954092104825
grass/shrub,NDVI,EOS50,cal60,"NPP rate, daily CUE",adj_T,-1.7384298997490015,0.6565228922171097,0.008098511109702153,134,21,0.31498719375414735
grass/shrub,NDVI,EOS50,cal60,CUE seasonal mean,raw,-1.3926347879986574,0.7128742803845002,0.05075458527078489,201,29,0.39463774878110636
grass/shrub,NDVI,EOS50,cal60,CUE seasonal mean,adj_T,-1.057357891248422,0.828942597310705,0.20211456976301367,142,22,0.6236731380964946
grass/shrub,NDVI_tower,EOS10,pre,GPP cumulative (source),raw,-2.319683791989875,3.413592528662988,0.4967937077045199,66,8,0.8432055985837552
grass/shrub,NDVI_tower,EOS10,pre,GPP cumulative (source),adj_T,-3.159714564048712,2.678467311337001,0.23813044570191255,66,8,0.6828740722334257
grass/shrub,NDVI_tower,EOS10,pre,"NPP cumulative, annual CUE",raw,-0.6854658287817952,2.3974167216193143,0.7749405325680786,66,8,0.9486699638414429
grass/shrub,NDVI_tower,EOS10,pre,"NPP cumulative, annual CUE",adj_T,-0.7226266754911486,2.3709341645310293,0.7605294227319384,66,8,0.9810024598566567
grass/shrub,NDVI_tower,EOS10,pre,"NPP cumulative, daily CUE",raw,-0.26020458863154766,2.526756265482227,0.9179790865975733,66,8,0.9844434795976486
grass/shrub,NDVI_tower,EOS10,pre,"NPP cumulative, daily CUE",adj_T,-0.572866587283258,2.4451137654767083,0.814759568358253,66,8,0.9810024598566567
grass/shrub,NDVI_tower,EOS10,pre,GPP rate (mean),raw,-3.4612603734995697,1.874397389522511,0.06480527704449075,66,8,0.44728154292148464
grass/shrub,NDVI_tower,EOS10,pre,GPP rate (mean),adj_T,-4.955230665055858,2.9985624467113086,0.09842544987381303,66,8,0.5260043449833111
grass/shrub,NDVI_tower,EOS10,pre,CUE seasonal mean,raw,1.932803327737326,3.062975111990251,0.5280264286605258,70,9,0.8652533915025423
grass/shrub,NDVI_tower,EOS10,pre,CUE seasonal mean,adj_T,2.0556076257562768,2.9046412199503804,0.47913306695591085,70,9,0.8856014033782238
grass/shrub,NDVI_tower,EOS10,post,GPP cumulative (source),raw,2.0621442007053674,2.180578525552514,0.3443083868783434,98,12,0.8105773946276403
grass/shrub,NDVI_tower,EOS10,post,GPP cumulative (source),adj_T,-1.7727202290314825,2.0966605795391335,0.3978334072230799,67,8,0.8247363796681969
grass/shrub,NDVI_tower,EOS10,post,"NPP cumulative, annual CUE",raw,1.6672900269293007,2.224209999110702,0.4534896345628171,98,12,0.8214564077616454
grass/shrub,NDVI_tower,EOS10,post,"NPP cumulative, annual CUE",adj_T,1.6665595889992353,2.990490903937277,0.5773318395344268,67,8,0.9364764855476669
grass/shrub,NDVI_tower,EOS10,post,"NPP cumulative, daily CUE",raw,0.38971100183496954,1.4885804951031683,0.7934753136833315,98,12,0.9486699638414429
grass/shrub,NDVI_tower,EOS10,post,"NPP cumulative, daily CUE",adj_T,-0.2885772908390671,1.2051935012521215,0.8107607114941773,67,8,0.9810024598566567
grass/shrub,NDVI_tower,EOS10,post,GPP rate (mean),raw,2.2723785408544708,2.0424616938699742,0.26589379586271666,98,12,0.7530439388817809
grass/shrub,NDVI_tower,EOS10,post,GPP rate (mean),adj_T,-1.128544860173506,1.7990646363773117,0.5304656584388874,67,8,0.9192104452773939
grass/shrub,NDVI_tower,EOS10,post,CUE seasonal mean,raw,0.9561327553454829,2.357652602636239,0.6850774057748716,105,13,0.9306108358733555
grass/shrub,NDVI_tower,EOS10,post,CUE seasonal mean,adj_T,2.0810370011914068,3.30918703782066,0.5294364334948869,70,9,0.9192104452773939
grass/shrub,NDVI_tower,EOS10,cal60,GPP rate (mean),raw,-0.572944643705172,2.4614430151150426,0.8159417280686401,96,12,0.9486699638414429
grass/shrub,NDVI_tower,EOS10,cal60,GPP rate (mean),adj_T,-2.0796029059140797,2.778132680119756,0.45412160086384423,66,8,0.8679456538513999
grass/shrub,NDVI_tower,EOS10,cal60,"NPP rate, daily CUE",raw,0.9252008217444692,2.122340326939753,0.6628844402821347,96,12,0.9233033275358306
grass/shrub,NDVI_tower,EOS10,cal60,"NPP rate, daily CUE",adj_T,0.5492958860834658,2.8465356956585968,0.8469824924821276,66,8,0.9810024598566567
grass/shrub,NDVI_tower,EOS10,cal60,CUE seasonal mean,raw,2.158621177943138,2.3940124786831705,0.36722954234379535,105,13,0.8105773946276403
grass/shrub,NDVI_tower,EOS10,cal60,CUE seasonal mean,adj_T,4.173861731345704,3.691973657363037,0.2582558444936701,70,9,0.6946191679484921
grass/shrub,NDVI_tower,EOS50,pre,GPP cumulative (source),raw,-4.4571771031547875,2.1292911320163412,0.03632523275861065,66,8,0.3750265663161109
grass/shrub,NDVI_tower,EOS50,pre,GPP cumulative (source),adj_T,-4.749570592322754,2.4983993101358473,0.057296062261917746,66,8,0.466641502128627
grass/shrub,NDVI_tower,EOS50,pre,"NPP cumulative, annual CUE",raw,-3.2046002485928713,1.7765966207202328,0.07126484936005197,66,8,0.44728154292148464
grass/shrub,NDVI_tower,EOS50,pre,"NPP cumulative, annual CUE",adj_T,-3.2130233946219313,1.8651915329771858,0.08495657156456421,66,8,0.5260043449833111
grass/shrub,NDVI_tower,EOS50,pre,"NPP cumulative, daily CUE",raw,-3.6948179974405644,1.2536764346606957,0.0032067995201823535,66,8,0.18046997843497167
grass/shrub,NDVI_tower,EOS50,pre,"NPP cumulative, daily CUE",adj_T,-3.793261588597678,1.4121921428310114,0.0072295697248825315,66,8,0.31498719375414735
grass/shrub,NDVI_tower,EOS50,pre,GPP rate (mean),raw,-3.7334036817721703,1.1861425355405348,0.0016466358445403869,66,8,0.16054699484268772
grass/shrub,NDVI_tower,EOS50,pre,GPP rate (mean),adj_T,-4.65473910317595,2.0528957186099914,0.023365701877644803,66,8,0.3950425538471032
grass/shrub,NDVI_tower,EOS50,pre,CUE seasonal mean,raw,0.5240045133296514,2.4394538687986866,0.8299201135310095,70,9,0.9554032050240897
grass/shrub,NDVI_tower,EOS50,pre,CUE seasonal mean,adj_T,0.5969401068416571,2.3760917204121377,0.8016380537435503,70,9,0.9810024598566567
grass/shrub,NDVI_tower,EOS50,post,GPP cumulative (source),raw,-1.1817556983873672,1.9924374248079648,0.553100439179597,98,12,0.8693023031348571
grass/shrub,NDVI_tower,EOS50,post,GPP cumulative (source),adj_T,-2.5466604413242355,2.1754015609804447,0.24173457301062984,67,8,0.6858537701802757
grass/shrub,NDVI_tower,EOS50,post,"NPP cumulative, annual CUE",raw,-0.7709276989452302,1.8810645734773273,0.6819263657939975,98,12,0.9306108358733555
grass/shrub,NDVI_tower,EOS50,post,"NPP cumulative, annual CUE",adj_T,-0.9253200832982204,2.4262332350197373,0.7029203048488684,67,8,0.9810024598566567
grass/shrub,NDVI_tower,EOS50,post,"NPP cumulative, daily CUE",raw,-1.8992031277051873,1.4367676611030906,0.1862153706697044,98,12,0.6426902173556169
grass/shrub,NDVI_tower,EOS50,post,"NPP cumulative, daily CUE",adj_T,-2.3057550827286053,1.7549154830834404,0.18888529982327962,67,8,0.6225576118736326
grass/shrub,NDVI_tower,EOS50,post,GPP rate (mean),raw,-0.498654068341313,2.060426174004963,0.8087685298863292,98,12,0.9486699638414429
grass/shrub,NDVI_tower,EOS50,post,GPP rate (mean),adj_T,-1.1572534930948317,2.5124980515975994,0.6450864996852331,67,8,0.9588525528515727
grass/shrub,NDVI_tower,EOS50,post,CUE seasonal mean,raw,0.03214019822356181,2.2592269930985003,0.9886495234648547,105,13,0.9956185448155235
grass/shrub,NDVI_tower,EOS50,post,CUE seasonal mean,adj_T,-0.540064605929592,3.3279090057968768,0.8710826347983874,70,9,0.9826638857065281
grass/shrub,NDVI_tower,EOS50,cal60,GPP rate (mean),raw,-3.03897744429939,1.7547110291236239,0.08329203725447741,96,12,0.4722361472520298
grass/shrub,NDVI_tower,EOS50,cal60,GPP rate (mean),adj_T,-4.589013794920699,2.2009587049115313,0.03706868622994354,66,8,0.41305107513365663
grass/shrub,NDVI_tower,EOS50,cal60,"NPP rate, daily CUE",raw,-1.8127038537879208,1.9383158300338994,0.3496876603429644,96,12,0.8105773946276403
grass/shrub,NDVI_tower,EOS50,cal60,"NPP rate, daily CUE",adj_T,-2.4349593212288916,2.43655044254343,0.3176266355152372,66,8,0.7442900275447137
grass/shrub,NDVI_tower,EOS50,cal60,CUE seasonal mean,raw,1.611288087313824,1.9596198869170611,0.41093734643028734,105,13,0.8105773946276403
grass/shrub,NDVI_tower,EOS50,cal60,CUE seasonal mean,adj_T,2.2809950367625262,3.195096686923591,0.47528601507156765,70,9,0.8826740279900542
grass/shrub,NIRv,EOS10,pre,GPP cumulative (source),raw,3.110668510364455,1.348140181602118,0.02103377665637745,242,36,0.31822205959633354
grass/shrub,NIRv,EOS10,pre,GPP cumulative (source),adj_T,1.1764631032751822,1.0966903173554818,0.283387979401182,228,34,0.7130407223642643
grass/shrub,NIRv,EOS10,pre,"NPP cumulative, annual CUE",raw,1.5402805833689797,1.2343237934247984,0.21207719936608638,241,36,0.6912545228425557
grass/shrub,NIRv,EOS10,pre,"NPP cumulative, annual CUE",adj_T,0.1691889086747259,1.1645367398422586,0.8844864075469206,227,34,0.9832894337771438
grass/shrub,NIRv,EOS10,pre,"NPP cumulative, daily CUE",raw,1.6064080903784976,1.3118942047199074,0.22076549497869458,240,36,0.703582818335302
grass/shrub,NIRv,EOS10,pre,"NPP cumulative, daily CUE",adj_T,0.019860909578204685,1.0433309083029862,0.9848123390427005,226,34,0.9950054636302617
grass/shrub,NIRv,EOS10,pre,GPP rate (mean),raw,1.7179759930131548,0.9557481379730779,0.07225317231808598,242,36,0.44728154292148464
grass/shrub,NIRv,EOS10,pre,GPP rate (mean),adj_T,1.632295809628586,0.872525729912385,0.061376832447360696,228,34,0.4771812565805014
grass/shrub,NIRv,EOS10,pre,CUE seasonal mean,raw,0.8254442453235814,1.0020769316432645,0.4100910529175834,260,38,0.8105773946276403
grass/shrub,NIRv,EOS10,pre,CUE seasonal mean,adj_T,-0.20551681497365834,0.9346103512185883,0.8259523706221148,246,36,0.9810024598566567
grass/shrub,NIRv,EOS10,post,GPP cumulative (source),raw,2.275270759793573,1.1230748529231884,0.04277198373086071,259,35,0.3751954092104825
grass/shrub,NIRv,EOS10,post,GPP cumulative (source),adj_T,1.707492575336379,0.9605813330570699,0.07547587090163642,232,35,0.5195621577665175
grass/shrub,NIRv,EOS10,post,"NPP cumulative, annual CUE",raw,1.0092062910982915,0.9745951260161985,0.3004292220633623,259,35,0.7708381355573112
grass/shrub,NIRv,EOS10,post,"NPP cumulative, annual CUE",adj_T,0.7536239042454472,0.8818397702265345,0.39277034382933906,232,35,0.8191467063820441
grass/shrub,NIRv,EOS10,post,"NPP cumulative, daily CUE",raw,0.7411429979775914,0.9065600333575584,0.41362373840709654,257,35,0.8105773946276403
grass/shrub,NIRv,EOS10,post,"NPP cumulative, daily CUE",adj_T,0.5195183215667157,0.8839952012354665,0.5567379726016443,230,35,0.9305997163043435
grass/shrub,NIRv,EOS10,post,GPP rate (mean),raw,3.051296915601505,1.1995894770607607,0.010971111676262848,259,35,0.24186068804831168
grass/shrub,NIRv,EOS10,post,GPP rate (mean),adj_T,2.5357390710257954,1.0976630545895742,0.02088122429154848,232,35,0.3701671578956321
grass/shrub,NIRv,EOS10,post,CUE seasonal mean,raw,-1.3221830721939725,0.7231159729163598,0.06748169655435776,274,36,0.44728154292148464
grass/shrub,NIRv,EOS10,post,CUE seasonal mean,adj_T,-0.9950979377527338,0.7854910735308009,0.20520958036933534,246,36,0.6236731380964946
grass/shrub,NIRv,EOS10,cal60,GPP rate (mean),raw,2.502845150317326,0.9791747503846887,0.010585997300138646,271,36,0.24186068804831168
grass/shrub,NIRv,EOS10,cal60,GPP rate (mean),adj_T,1.2144410119106144,0.9377334155637296,0.19529218468857557,230,34,0.6236731380964946
grass/shrub,NIRv,EOS10,cal60,"NPP rate, daily CUE",raw,1.302024371684479,0.9611950283478329,0.17554848718720617,269,36,0.6281092660826644
grass/shrub,NIRv,EOS10,cal60,"NPP rate, daily CUE",adj_T,0.3911704615252182,0.8900749187362815,0.6603134970043769,228,34,0.9645028607929101
grass/shrub,NIRv,EOS10,cal60,CUE seasonal mean,raw,-0.027558352174681,0.9697000723627934,0.9773276038341049,288,38,0.9956185448155235
grass/shrub,NIRv,EOS10,cal60,CUE seasonal mean,adj_T,0.03673643917564411,1.0012084414338898,0.9707305085486366,246,36,0.9950054636302617
grass/shrub,NIRv,EOS50,pre,GPP cumulative (source),raw,0.49334990928643313,0.9992215647979971,0.6214938737761486,242,36,0.8997375308955649
grass/shrub,NIRv,EOS50,pre,GPP cumulative (source),adj_T,-1.3380351039358027,0.900570783965314,0.13734171600466344,228,34,0.5638238867559868
grass/shrub,NIRv,EOS50,pre,"NPP cumulative, annual CUE",raw,-0.02181534178497593,0.8041434667435134,0.9783571087678464,241,36,0.9956185448155235
grass/shrub,NIRv,EOS50,pre,"NPP cumulative, annual CUE",adj_T,-1.4211754919079012,0.7980804387488514,0.07495458074701912,227,34,0.5195621577665175
grass/shrub,NIRv,EOS50,pre,"NPP cumulative, daily CUE",raw,-0.2894608821961113,0.7701570890014349,0.707030981363882,240,36,0.9347189245149626
grass/shrub,NIRv,EOS50,pre,"NPP cumulative, daily CUE",adj_T,-1.5634345805740635,0.7470834300978757,0.03637437864163705,226,34,0.41305107513365663
grass/shrub,NIRv,EOS50,pre,GPP rate (mean),raw,0.3034000104663236,0.7264518416554333,0.6762056525286679,242,36,0.9306108358733555
grass/shrub,NIRv,EOS50,pre,GPP rate (mean),adj_T,0.3121048723254999,0.7175185774489342,0.6635783189088431,228,34,0.9653008839719397
grass/shrub,NIRv,EOS50,pre,CUE seasonal mean,raw,0.5807012908243732,0.8020022806943626,0.4690262062527707,260,38,0.832440080558696
grass/shrub,NIRv,EOS50,pre,CUE seasonal mean,adj_T,-0.019349801873619663,0.8277329086326606,0.981349657657117,246,36,0.9950054636302617
grass/shrub,NIRv,EOS50,post,GPP cumulative (source),raw,2.1730865213844224,0.7442544341740249,0.0035023732969466314,259,35,0.18046997843497167
grass/shrub,NIRv,EOS50,post,GPP cumulative (source),adj_T,1.924456630725587,0.7369071110993041,0.009013750560471212,232,35,0.31498719375414735
grass/shrub,NIRv,EOS50,post,"NPP cumulative, annual CUE",raw,1.1687830379455733,0.7263144651462452,0.1075732783453878,259,35,0.5054648018638703
grass/shrub,NIRv,EOS50,post,"NPP cumulative, annual CUE",adj_T,0.9444331831285828,0.7785850661420095,0.22512515655555865,232,35,0.6552150078855812
grass/shrub,NIRv,EOS50,post,"NPP cumulative, daily CUE",raw,1.4027035944788553,0.7721713275017179,0.06928291579583615,257,35,0.44728154292148464
grass/shrub,NIRv,EOS50,post,"NPP cumulative, daily CUE",adj_T,1.249944767091299,0.8295094092641109,0.13184956940599413,230,35,0.5638238867559868
grass/shrub,NIRv,EOS50,post,GPP rate (mean),raw,2.591436639386899,0.7433322919309505,0.0004898567006244738,259,35,0.09552205662177239
grass/shrub,NIRv,EOS50,post,GPP rate (mean),adj_T,2.3478485913994005,0.7373893696541224,0.0014525444182793437,232,35,0.283246161564472
grass/shrub,NIRv,EOS50,post,CUE seasonal mean,raw,0.16515066719979382,0.616991895643446,0.7889527868613971,274,36,0.9486699638414429
grass/shrub,NIRv,EOS50,post,CUE seasonal mean,adj_T,0.08074134227788851,0.7317253221524652,0.9121367331359271,246,36,0.9886405247910727
grass/shrub,NIRv,EOS50,cal60,GPP rate (mean),raw,0.21385385159704812,0.8987111724144579,0.8119151037061367,271,36,0.9486699638414429
grass/shrub,NIRv,EOS50,cal60,GPP rate (mean),adj_T,-0.8641331170252495,0.8926803839458328,0.333034016724329,230,34,0.7493344180959903
grass/shrub,NIRv,EOS50,cal60,"NPP rate, daily CUE",raw,-0.5449713528446032,0.7824593518744866,0.48612502692480675,269,36,0.8388883207994452
grass/shrub,NIRv,EOS50,cal60,"NPP rate, daily CUE",adj_T,-1.340658095231042,0.8333890235207939,0.10768584797064314,228,34,0.5452693507943038
grass/shrub,NIRv,EOS50,cal60,CUE seasonal mean,raw,-0.036829448467481485,0.8056501359562975,0.9635382464901284,288,38,0.9956185448155235
grass/shrub,NIRv,EOS50,cal60,CUE seasonal mean,adj_T,0.15545359669833297,0.9242483262532547,0.8664301726941435,246,36,0.9826638857065281
