site_id,year,vi_index,n_obs,n_obs_after_doy200,n_winter_fill,n_clim_fill,background,method,r2,rmse,corr,vmin,vmax,S,greenup_kinetic_i,A,senescence_kinetic_i,peak_doy,amplitude,leaf_out_10,leaf_out_50,leaf_out_90,EOS10,EOS50,EOS90,qc_pass,qc_reason
BE-Dor,2020,NDVI,13,5,0,21,0.5496764987172775,fit_failed,,,,,,,,,,,,,,,,,,False,fit_failed
BE-Dor,2022,NDVI,27,7,1,12,0.5496764987172775,double_logistic,0.4347997256519861,0.06807692416958831,0.6754819521509026,0.7097620664284296,0.5500354391822674,192.05592130346562,0.9996647676609755,279.8513240776746,0.09731610213582491,180.0,8.689890863222693e-06,,,,,,,False,low_r2;amp_below_noise
BE-Dor,2023,NDVI,17,4,1,20,0.5496764987172775,double_logistic,0.33821252125869306,0.04032898696398167,0.62916377016489,0.6709729622598283,0.8329103737783472,83.06756717899077,0.020249534780908574,153.54553324658463,0.10539872057242808,124.0,0.10583961321015467,,,,,,,False,low_r2;dates_missing_or_out_of_order;eos90_too_early
BE-Dor,2020,NIRv,13,5,0,21,0.172059267826028,double_logistic,0.8596642869901607,0.018400376389078307,0.9274881705364709,0.1966287461710005,0.30767278093943534,79.67676169789787,0.1322926794588137,171.0095946592104,0.09001941955744751,118.5,0.10942024627386765,,,,,,,False,eos90_too_early
BE-Dor,2022,NIRv,27,7,1,12,0.172059267826028,double_logistic,0.7207647693014684,0.034442474485904886,0.8608859479954646,0.1823734222549722,0.3232891652220316,92.32582127801331,0.16155448660386038,183.23957588386935,0.3568438835891149,153.5,0.14090508368754776,,,,,,,False,low_r2;eos90_too_early
BE-Dor,2023,NIRv,17,4,1,20,0.172059267826028,double_logistic,0.7405126233460104,0.018435796147026777,0.8754200305617642,0.2280689671266701,0.3193181395128699,93.49997227920413,0.1949359620814341,167.0520756357431,0.24414399568378384,134.0,0.09118663490839132,,,,,,,False,low_r2;eos90_too_early
BE-Maa,2018,NDVI,14,7,0,18,0.49253203327333955,fit_failed,,,,,,,,,,,,,,,,,,False,fit_failed
BE-Maa,2022,NDVI,23,6,0,15,0.49253203327333955,fit_failed,,,,,,,,,,,,,,,,,,False,fit_failed
BE-Maa,2023,NDVI,16,4,0,21,0.49253203327333955,double_logistic,0.9176109748006661,0.02001457496704909,0.9586751027829323,0.5163572090610972,0.6838611248649524,148.55255810136038,0.0710296642939235,337.46793169173003,0.04729539417920114,227.5,0.16597336840008436,,,,,,,False,dates_missing_or_out_of_order
BE-Maa,2024,NDVI,15,10,1,23,0.49253203327333955,double_logistic,0.7789956387613195,0.017717671433629616,0.8833251323944934,0.5582351903117594,0.7874170486595785,147.19444305752668,0.19419537398034573,290.7064701680301,0.020433946849288585,172.0,0.20872433734521822,,,,,,,False,low_r2;dates_missing_or_out_of_order
BE-Maa,2025,NDVI,23,7,1,18,0.49253203327333955,fit_failed,,,,,,,,,,,,,,,,,,False,fit_failed
BE-Maa,2018,NIRv,14,7,0,18,0.08360102037443806,double_logistic,0.9534612254669161,0.00447221031257076,0.9772368432079528,0.08296275823040958,0.14086718955626354,134.37732861692695,0.14312657752008814,278.4388247195854,0.04189845132683378,173.75,0.05698660664175198,119.0,134.25,149.0,331.5,279.25,229.75,True,
BE-Maa,2022,NIRv,23,6,0,15,0.08360102037443806,double_logistic,0.9785792390977951,0.00422485239534572,0.9892936062710479,0.10538139976072913,0.24923025132667936,139.33633304559,0.060496978812067906,183.5640683791435,0.017789055599494296,179.75,0.06288262072751874,126.0,142.25,162.25,357.25,255.0,203.25,True,
BE-Maa,2023,NIRv,16,4,0,21,0.08360102037443806,double_logistic,0.9824729062975562,0.00442978759793812,0.9912200455119475,0.08841778545815566,0.16393851788951153,138.40043350171362,0.10770974947802518,294.9177615558972,0.13852877282170947,225.5,0.07550933715559173,118.0,138.5,159.0,311.0,295.0,279.25,True,
BE-Maa,2024,NIRv,15,10,1,23,0.08360102037443806,double_logistic,0.9632174137797069,0.006046009039127225,0.982519780121487,0.10652478345262933,0.34133388244794466,165.44113847746578,0.04366663509606749,223.93619255411863,0.030099558942082022,199.5,0.11545050471287499,109.75,151.0,180.0,321.75,258.25,220.75,True,
BE-Maa,2025,NIRv,23,7,1,18,0.08360102037443806,double_logistic,0.9373543722630935,0.00733949686848314,0.9691009207302514,0.10140830884890324,0.26294414954449224,145.43147565075643,0.04730106163508858,207.65846865342135,0.018916376210960026,189.75,0.07663816281132056,,,,,,,False,dates_missing_or_out_of_order
CA-TP3,2023,NDVI,12,5,6,10,0.6337831899841789,double_logistic,0.9499052377823514,0.016327675382746674,0.9751878664059379,0.6272862237546541,0.8249097071245789,155.27392205307555,0.057820873973868876,299.56651465112014,0.06296849503832358,229.75,0.19258845404955538,117.0,154.5,189.5,335.0,300.5,268.25,True,
CA-TP3,2023,NIRv,12,5,6,10,0.1309247968155029,double_logistic,0.9900523178275865,0.004275873499087812,0.9953008375226985,0.13100590456004704,0.23614161247225784,149.31916930916853,0.6722150788644672,284.4314864184481,0.0644492082003681,164.25,0.10508564071894791,146.25,149.5,152.75,318.75,284.5,250.5,True,
CN-HaM,2013,NDVI,14,7,21,3,0.24032454851168195,double_logistic,0.9904496975522309,0.017406977231178254,0.9952510649961879,0.23393171794611545,0.8059688265873542,162.89197284358397,0.06926325899298649,270.04530830202737,0.057706807021570265,213.25,0.5342776506045535,130.25,161.25,188.0,309.5,272.5,240.75,True,
CN-HaM,2014,NDVI,14,8,17,7,0.24032454851168195,double_logistic,0.9916489940701027,0.018339908795405736,0.9958311633224545,0.24194957156990868,0.7658842223621988,155.458739878835,0.09265641206813703,274.3861193806078,0.0675666988954083,207.5,0.5141023962700207,131.75,155.25,177.5,307.25,275.0,244.5,True,
CN-HaM,2013,NIRv,14,7,21,3,0.05272185416291116,double_logistic,0.995644273699146,0.004010262568578436,0.997822971545122,0.05135898296003927,0.25053400905846257,168.7563991973436,0.06586374385468424,258.3966923635754,0.06981261182768775,214.5,0.1809619224902824,134.0,166.25,192.75,291.5,261.0,235.75,True,
CN-HaM,2014,NIRv,14,8,17,7,0.05272185416291116,double_logistic,0.9958331103162448,0.004510903566757482,0.9979689350302877,0.05073297220798409,0.22757031858092924,163.60403913904742,0.0820487250546891,259.42399746917687,0.08017921538381065,211.0,0.16972118695988347,136.5,162.75,186.5,287.5,260.5,236.25,True,
DE-Gri,2015,NDVI,17,10,2,8,0.5529159561149718,double_logistic,0.7908978177859336,0.04758475836766037,0.8962973695540496,0.5741872938738096,0.8004292265068186,111.00560264262838,0.3370388863424535,305.24117375516124,0.14047922773719237,170.0,0.22624193083962874,,,,,,,False,low_r2
DE-Gri,2018,NDVI,14,5,3,18,0.5529159561149718,double_logistic,0.8099621127609248,0.03831213953321889,0.9023143997064385,0.6429215965816895,1.1041550689455597,106.9913935147623,0.11590011811746302,120.00000000000001,0.024602782079607803,131.5,0.17276111556167273,,,,,,,False,eos90_too_early
DE-Gri,2019,NDVI,13,6,3,19,0.5529159561149718,double_logistic,0.7322069882300904,0.041027653314218905,0.8559199663949795,0.6428710252849238,0.9180051168272078,101.75620166367898,0.19292094377793662,122.36416777407108,0.010000000000095497,124.25,0.13272764539712867,,,,,,,False,low_r2;dates_missing_or_out_of_order;eos90_too_early
DE-Gri,2022,NDVI,15,7,2,16,0.5529159561149718,double_logistic,0.7744471070475247,0.04328103956909518,0.8827245104980327,0.5683449148870399,0.8053514655215636,112.12091879141343,0.77645245830567,365.9999999999969,0.010000000000000002,121.0,0.21793909253196608,,,,,,,False,low_r2;dates_missing_or_out_of_order
DE-Gri,2024,NDVI,14,9,2,21,0.5529159561149718,double_logistic,0.9428013343031446,0.02014421961492519,0.9713427004472092,0.5568099132433283,0.9177924438584678,92.88108833079421,0.055511094058971436,261.66603159986784,0.015362035751251309,151.25,0.29144151588380074,,,,,,,False,dates_missing_or_out_of_order
DE-Gri,2015,NIRv,17,10,2,8,0.13468871778784564,double_logistic,0.8578668181584028,0.02381663744555243,0.9287794118606458,0.14393793400239796,0.2814491385338593,110.44681610662762,0.32833842790190293,301.07073914461813,0.15259361570139768,172.5,0.13751120392171173,104.0,110.5,117.25,315.5,301.25,286.75,True,
DE-Gri,2018,NIRv,14,5,3,18,0.13468871778784564,double_logistic,0.8874637891187473,0.022685800571447385,0.9432270994360529,0.17690468808866383,0.5404453327677445,112.85905924377742,0.12191566697283242,132.32511297616912,0.03199761545503491,134.0,0.15123244698642063,,,,,,,False,eos90_too_early
DE-Gri,2019,NIRv,13,6,3,19,0.13468871778784564,double_logistic,0.8700453707782441,0.019730509347621113,0.9330328441053519,0.1741294885722819,0.47816703412569084,107.96124188921586,0.07602457948919589,139.14580842363875,0.01997503980212776,141.75,0.12642582046006973,,,,,,,False,eos90_too_early
DE-Gri,2022,NIRv,15,7,2,16,0.13468871778784564,double_logistic,0.6762449376055015,0.030669371395700043,0.8302996651695821,0.14057712974495873,0.23911374020678675,111.48642511252145,0.676192991278611,342.55591797361257,0.04873663137112431,130.75,0.09853315385064865,,,,,,,False,low_r2;dates_missing_or_out_of_order
DE-Gri,2024,NIRv,14,9,2,21,0.13468871778784564,double_logistic,0.967241632114733,0.010778949991306233,0.98365738860571,0.1346170099959865,0.3513975730600687,96.85840239034566,0.058071083807316556,252.36361956703198,0.025156307887198158,155.0,0.19238580412726694,58.5,94.25,125.25,345.0,261.5,197.0,True,
DE-GsB,2015,NDVI,12,7,2,16,0.5370708281511106,double_logistic,0.8033348141034765,0.04303576881657291,0.8987967873546719,0.6648403710725629,1.0422572456463413,107.03727424182433,0.09493886905432694,120.00000000000001,0.01000000000000141,145.0,0.15524417888267872,,,,,,,False,dates_missing_or_out_of_order;eos90_too_early
DE-GsB,2022,NDVI,28,10,2,11,0.5370708281511106,double_logistic,0.32106479449085024,0.07880518329642903,0.6560068865740653,0.5708302297131537,0.8056656216052137,107.87122428319792,0.18957772772039816,166.25185004479297,0.8508326766420471,154.25,0.2347911009822976,,,,,,,False,low_r2;eos90_too_early
DE-GsB,2023,NDVI,15,2,1,24,0.5370708281511106,double_logistic,0.6177399147282305,0.04141451578179175,0.8160336598892354,0.6835853919122012,0.8629896251632113,112.27778446974892,0.10860557414517628,159.9440776457293,0.3955045916963311,147.0,0.1742994890663283,,,,,,,False,few_autumn_obs;low_r2;eos90_too_early
DE-GsB,2024,NDVI,18,11,1,21,0.5370708281511106,double_logistic,0.8375230933887817,0.024783217897013324,0.9159381311207927,0.6858479778682574,1.0764766519646385,101.3566561584478,0.079537565609656,120.00000000000192,0.01994646130000624,134.75,0.1411555519654435,,,,,,,False,eos90_too_early
DE-GsB,2015,NIRv,12,7,2,16,0.1405412890207501,double_logistic,0.7917826687992214,0.028761320342672442,0.8901125994136366,0.16099100082994713,0.3980536073572794,110.93695454982323,0.10583155959336653,212.52207874490358,0.014589250035492307,144.5,0.1663450321655867,,,,,,,False,low_r2;dates_missing_or_out_of_order;eos90_too_early
DE-GsB,2022,NIRv,28,10,2,11,0.1405412890207501,double_logistic,0.6522092087187288,0.031738730682597124,0.8150709660584637,0.1801254017397308,0.504856369343074,106.73978949924752,0.1206060557822883,123.93500917351565,0.040310386727994224,125.75,0.126642457651865,,,,,,,False,low_r2;eos90_too_early
DE-GsB,2023,NIRv,15,2,1,24,0.1405412890207501,double_logistic,0.6525853161664947,0.029081494430127426,0.8439503121938405,0.23435266956158593,0.3833225969162726,121.3927333369043,0.1607064305223127,160.81650822201212,0.26539721519360115,144.75,0.1434928970749307,,,,,,,False,few_autumn_obs;low_r2;eos90_too_early
DE-GsB,2024,NIRv,18,11,1,21,0.1405412890207501,double_logistic,0.8623199120670294,0.024981359769870613,0.9318809223673216,0.19692288910254693,0.5840104328229058,103.77161312488295,0.07061816328740633,137.84293241697418,0.01921081447120936,139.75,0.16172132634691286,,,,,,,False,eos90_too_early
DE-Hai,2022,NDVI,20,10,2,12,0.5383262940979611,double_logistic,0.9696901314710118,0.025601869667858265,0.9861145175329543,0.5425036695241707,0.8853745092263703,121.90300625496182,0.27524747325277804,296.5048746433975,0.09213660580238284,168.75,0.34286732943695863,114.0,122.0,130.0,320.5,296.75,272.75,True,
DE-Hai,2023,NDVI,15,3,4,17,0.5383262940979611,double_logistic,0.9955497474856502,0.008123042120222065,0.9977751428092198,0.5384871719666544,0.8806367183708849,123.3453746525984,0.1885128099368332,293.24582578072847,0.12480865823930287,192.25,0.34214761699839613,111.75,123.5,135.25,311.0,293.25,275.75,True,
DE-Hai,2024,NDVI,16,6,1,18,0.5383262940979611,double_logistic,0.9940658915588566,0.011918285205179912,0.997134142836273,0.5468843598015702,0.879224953421013,116.94309493033359,0.23607883605872718,296.1663574597439,0.232044601564017,205.75,0.3323405931016511,107.75,117.0,126.5,305.75,296.25,286.75,True,
DE-Hai,2022,NIRv,20,10,2,12,0.07435578697890093,double_logistic,0.9536902050594515,0.026994832841770587,0.9768126737388492,0.07159307021018595,0.4159896810702552,124.48487998920686,0.11509875005036278,250.92667913180176,0.032591616216729576,161.5,0.3218872906342123,105.75,124.0,141.0,320.75,255.0,199.75,True,
DE-Hai,2023,NIRv,15,3,4,17,0.07435578697890093,double_logistic,0.9905111336095639,0.009220766002789963,0.9955246224157916,0.09021641306417592,0.3568226821706199,127.75961562509148,0.19737905496635166,269.1545212116461,0.04913512518196952,161.5,0.2649270937198746,116.75,127.75,138.75,314.25,269.5,225.75,True,
DE-Hai,2024,NIRv,16,6,1,18,0.07435578697890093,double_logistic,0.9750800038076447,0.020054733525007865,0.988453212342055,0.0724416112876214,0.3776665279227089,117.77378780940252,0.09233788553510407,263.1842992716753,0.03923801733878566,167.75,0.29518126274033935,93.75,117.25,139.25,320.25,265.0,214.75,True,
DE-HoH,2015,NDVI,13,7,3,16,0.5014564920494562,double_logistic,0.9790524185114764,0.02179296293145116,0.9898194125562451,0.5299457019190432,0.8672400688762193,115.65154493776018,0.40231544493489807,298.5129872434959,0.14142733710352165,165.25,0.33729436402724056,110.25,115.75,121.25,314.25,298.75,283.0,True,
DE-HoH,2022,NDVI,26,12,2,12,0.5014564920494562,double_logistic,0.9734998527492024,0.02468246317746056,0.9870092369712221,0.5172740637546629,0.8628153026424522,111.75264634828365,0.3360994074498636,316.98413089088785,0.06047063153581497,147.25,0.34552691529524826,105.25,112.0,118.5,353.5,317.0,280.75,True,
DE-HoH,2023,NDVI,15,4,2,20,0.5014564920494562,double_logistic,0.9667977324656736,0.025960093318704046,0.9838351724382094,0.522197341002646,0.8660546654884107,119.61977806103144,0.16256279761893505,302.2247526046315,0.08664259822818147,185.75,0.3438357097984649,106.25,119.75,133.25,327.75,302.25,277.0,True,
DE-HoH,2024,NDVI,17,10,2,22,0.5014564920494562,double_logistic,0.9768102795072297,0.021737521168916068,0.9884911546020583,0.51961876415879,0.866095205350989,112.60440476065723,0.2573596811960353,304.5859499367197,0.12255104116014967,176.5,0.34647636339804067,104.25,112.75,121.25,322.75,304.75,286.75,True,
DE-HoH,2025,NDVI,22,3,3,16,0.5014564920494562,double_logistic,0.9950028773922744,0.011448650534956365,0.9975220975709975,0.5105319629525129,0.895428839957431,107.90988616155292,0.14819290434947235,292.4197907450485,0.06079195234578223,165.75,0.38464985489164505,93.25,108.0,122.75,328.75,292.5,256.5,True,
DE-HoH,2015,NIRv,13,7,3,16,0.07669813185259244,double_logistic,0.9391427817083242,0.023657201496022878,0.9694099076895859,0.07438661651549262,0.32950415215891926,116.6938778086334,0.3937468842675777,274.8553600578269,0.030414830460350976,134.25,0.25136854670851744,111.5,116.75,122.25,347.75,276.0,207.25,True,
DE-HoH,2022,NIRv,26,12,2,12,0.07669813185259244,double_logistic,0.9896135040202604,0.009335883007727412,0.9948405923607344,0.07793421957187291,0.324820058834152,118.58085117554388,0.12206990201928447,288.38074858241225,0.027586361199072672,160.0,0.23837245016678488,,,,,,,False,dates_missing_or_out_of_order
DE-HoH,2023,NIRv,15,4,2,20,0.07669813185259244,double_logistic,0.9628854076869674,0.015965154722969395,0.982248865056016,0.0763838334590899,0.30970017846833303,125.51179740353254,0.11784564056663269,282.889427286715,0.02825617798442063,166.0,0.22308044193802018,107.25,125.25,142.5,362.5,286.0,218.5,True,
DE-HoH,2024,NIRv,17,10,2,22,0.07669813185259244,double_logistic,0.9855741175920482,0.01114982602003199,0.9931431494787845,0.07891380976390099,0.3519706203306721,116.11794604438641,0.1380597560887743,267.0415736479071,0.02179363829359594,149.0,0.2508054989299856,,,,,,,False,dates_missing_or_out_of_order
DE-HoH,2025,NIRv,22,3,3,16,0.07669813185259244,double_logistic,0.9893708565758615,0.010884653320724628,0.9946929181862093,0.08045450950062749,0.33862733222789054,113.34878156285785,0.14311216280428496,275.31973731327344,0.038332596207122455,155.0,0.25497048382694293,98.0,113.25,128.25,333.25,276.0,221.25,True,
DE-RuW,2022,NDVI,13,4,2,22,0.6643951002964693,double_logistic,0.9664843797401332,0.012295225847325475,0.9840649871611437,0.6662616833886461,0.8222274528296541,136.047600974268,0.16465410986812412,315.73062840009635,0.07550542993144843,195.75,0.1559392395993704,122.75,136.25,149.5,345.0,315.75,286.75,True,
DE-RuW,2023,NDVI,14,4,4,12,0.6643951002964693,double_logistic,0.7336384267819014,0.028689307914185697,0.8865508519890571,0.6923442030638056,0.8383950515546823,142.83437037090246,0.10179934547604172,311.22197504623983,0.02844882195884255,189.75,0.1403610508298121,,,,,,,False,low_r2;dates_missing_or_out_of_order
DE-RuW,2024,NDVI,12,8,2,24,0.6643951002964693,double_logistic,0.9750460111681452,0.006107054528947328,0.9880308044272926,0.6771131782163214,0.8217003268227496,128.67064628841564,0.11224882178390111,361.3474051288112,0.0236370017181767,180.75,0.14217411619910514,,,,,,,False,dates_missing_or_out_of_order
DE-RuW,2022,NIRv,13,4,2,22,0.09837684235388099,double_logistic,0.9838498111332566,0.005360521958032691,0.9923623521061317,0.10048533705377191,0.22503084495066053,131.44721348983512,0.09166032110086078,242.918441225675,0.033596352156398265,170.25,0.11111799853834706,107.5,130.25,150.0,312.25,249.5,201.0,True,
DE-RuW,2023,NIRv,14,4,4,12,0.09837684235388099,double_logistic,0.9500858294137761,0.009629461706703422,0.9758245158979185,0.10367943876782897,0.2726822541929715,136.85329319968167,0.06245943535540075,221.58057242081463,0.02368142642564149,176.25,0.11265739000963305,106.25,133.25,157.0,333.25,250.75,201.5,True,
DE-RuW,2024,NIRv,12,8,2,24,0.09837684235388099,double_logistic,0.9602946325696713,0.005562526194574917,0.980598657984383,0.0960050923640877,0.26282658767465,137.8038458399282,0.031247047290000905,238.75721570244195,0.031430839491918654,188.25,0.10992548607855086,54.5,118.25,161.0,321.5,258.25,215.75,True,
DE-Tha,2015,NDVI,14,8,2,16,0.677106698412315,double_logistic,0.6307013310099185,0.03853090517602455,0.8363218649974489,0.6893229946351778,0.8344369381263755,119.63070555612794,0.21016508569975606,357.77594238074727,0.07882547965103584,188.0,0.14511363633425634,,,,,,,False,low_r2;dates_missing_or_out_of_order
DE-Tha,2018,NDVI,13,4,0,23,0.677106698412315,double_logistic,0.8689059463914479,0.022763546510511486,0.933539210118072,0.6920893078411846,0.8536291113016474,120.2284682695201,0.21187690505627021,274.5250999615066,0.030106634664661406,147.75,0.15758995905150452,110.25,120.25,130.25,348.5,276.25,209.0,True,
DE-Tha,2019,NDVI,13,6,3,20,0.677106698412315,double_logistic,0.8671759530136627,0.0216179160412668,0.9332538821496402,0.6832187448644599,0.8373238358365789,118.52876388131273,0.09498555925286652,300.1853673086283,0.06618766522807645,195.25,0.15385147517436581,95.5,118.5,141.5,333.5,300.25,267.25,True,
DE-Tha,2022,NDVI,15,5,2,18,0.677106698412315,double_logistic,0.9728317104609726,0.010831156059941642,0.9867399650177847,0.6786349474296904,0.8279308783601202,125.75984103518624,0.2052057444727965,292.4711702867591,0.11112830109277179,186.25,0.14929420822240136,115.25,126.0,136.5,312.25,292.5,272.75,True,
DE-Tha,2023,NDVI,12,6,3,20,0.677106698412315,double_logistic,0.9772185724604636,0.010280670863537778,0.9886880013792455,0.6830457061748858,0.8537614146798362,132.75097931302108,0.11677822992815827,302.3032335935559,0.13611689363700008,223.5,0.17070769623062354,114.0,133.0,151.75,318.5,302.5,286.25,True,
DE-Tha,2024,NDVI,14,9,2,20,0.677106698412315,double_logistic,0.8806622747312028,0.020590111571906638,0.9386498490869669,0.6869242471964225,0.8964379076391782,114.27783060941215,0.08678380268388768,279.0078083915987,0.013507197566972313,158.25,0.17070760202203905,,,,,,,False,dates_missing_or_out_of_order
DE-Tha,2015,NIRv,14,8,2,16,0.101299818990993,double_logistic,0.9758405433766203,0.00609422468146581,0.987913446606979,0.10159516052567737,0.2304103318637043,120.85820641529207,0.1628301087169644,260.29387489878803,0.025814266402380676,150.25,0.12064291572876297,108.25,120.75,133.25,348.25,265.25,195.25,True,
DE-Tha,2018,NIRv,13,4,0,23,0.101299818990993,double_logistic,0.984692037061114,0.0058911352325670945,0.9923267499643565,0.10221151404063984,0.2312165381883348,118.87538858064876,0.15308484922999555,261.1975965912877,0.03038618972316395,151.5,0.12369295883627617,105.0,118.75,132.25,335.25,264.0,200.75,True,
DE-Tha,2019,NIRv,13,6,3,20,0.101299818990993,double_logistic,0.9832389044666857,0.005356974921023405,0.9920232736100245,0.10060901397527762,0.222340181504428,119.8772680594026,0.10211845436807783,277.8319820699269,0.029076457042720927,164.75,0.11611793324139248,98.5,119.5,139.25,355.25,281.25,216.0,True,
DE-Tha,2022,NIRv,15,5,2,18,0.101299818990993,double_logistic,0.9740158817371668,0.00790410001039509,0.9872998301769778,0.1055156206237376,0.23275367851928175,122.12480753625657,0.16913167997240172,263.41936383875014,0.03727603147969834,155.0,0.1245531112568457,109.25,122.0,134.5,323.0,264.75,209.75,True,
DE-Tha,2023,NIRv,12,6,3,20,0.101299818990993,double_logistic,0.9919297007602318,0.004325680765757047,0.9960183134151,0.10366014121937227,0.2690941916112117,130.94082151257615,0.0896713371396953,266.3038121683414,0.024409271270047335,172.5,0.1463283864169323,107.5,130.0,150.5,362.0,276.0,210.5,True,
DE-Tha,2024,NIRv,14,9,2,20,0.101299818990993,double_logistic,0.9859327971264253,0.00525676665006813,0.993145943640009,0.10282454239254414,0.24261008855676058,110.6686708647134,0.08734837030026983,265.8854382919025,0.028723351570787932,159.25,0.1315638242898255,85.5,110.0,132.25,344.75,270.0,206.25,True,
DK-Sor,2022,NDVI,17,6,2,19,0.6076407643277898,double_logistic,0.8998841555036309,0.032135577476785075,0.9511091230619945,0.6289837477179743,0.8600954978789415,122.00945151833552,0.2984153029105277,296.3868511257111,0.19587248508252011,192.0,0.23111174965981385,114.75,122.25,129.5,307.75,296.5,285.25,True,
DK-Sor,2023,NDVI,15,5,2,20,0.6076407643277898,double_logistic,0.9713901394206772,0.016334713071558035,0.9863550778531552,0.6288883399117439,0.8779311558921227,127.1633341477608,0.3373892588651013,297.6872106361018,0.1308399409011191,176.75,0.24904276903564637,120.75,127.25,133.75,314.5,297.75,281.0,True,
DK-Sor,2024,NDVI,15,8,2,16,0.6076407643277898,double_logistic,0.9726694553577785,0.014015557891825601,0.986307452628051,0.6113867772524235,0.8681150475851603,121.4442934171104,0.16431110038248578,300.52362406512884,0.05885100111401679,173.25,0.25653336719128517,108.25,121.5,135.0,338.0,300.75,263.5,True,
DK-Sor,2022,NIRv,17,6,2,19,0.12595669665095838,double_logistic,0.9934053894581572,0.0072542057057677824,0.9968220756998759,0.12991009877022233,0.42231028366877166,125.93099068891365,0.13660958570151555,245.3654744441068,0.02701298994001516,156.5,0.26366892438851375,111.25,125.75,139.75,331.0,252.75,191.5,True,
DK-Sor,2023,NIRv,15,5,2,20,0.12595669665095838,double_logistic,0.9867419745160279,0.010682915348085624,0.9937954260550865,0.12609251101835126,0.38623053173482497,129.7747396319782,0.1281930194539085,271.81578772937144,0.0382327297752539,169.75,0.25344980868575784,112.75,129.75,145.75,330.25,273.25,220.5,True,
DK-Sor,2024,NIRv,15,8,2,16,0.12595669665095838,double_logistic,0.9625630899395375,0.014550420203491806,0.9813258299250607,0.14353327231703975,0.40898954936502196,126.87506126641888,0.11778498721415293,264.73507379293727,0.02543017660899024,162.75,0.2431672340961579,109.25,126.5,143.0,355.0,271.5,204.0,True,
FI-Hyy,2025,NDVI,14,4,13,11,0.6766927681387762,double_logistic,0.8900638631396485,0.01882106309924876,0.9492153703648184,0.6779294214296191,0.8112590405734853,145.40008615989385,0.20308302150853152,297.02803952027534,0.0790175341691499,191.25,0.1332863179236199,134.75,145.5,156.25,325.0,297.25,269.5,True,
FI-Hyy,2025,NIRv,14,4,13,11,0.11646794788646281,double_logistic,0.9339225251402832,0.006276190449741389,0.9683930312270751,0.11520535864364723,0.20977370714383708,150.6076816689006,0.0983068733532885,238.5224539530957,0.0380781068981635,183.25,0.08062202483636205,128.5,149.0,166.75,301.0,246.5,206.75,True,
FI-Let,2023,NDVI,22,5,18,3,0.6461715749494702,double_logistic,0.9640782912516932,0.011891782414785853,0.9823234191183357,0.6506867259649772,0.8420919952634157,151.21194237401835,0.07592705141497776,292.74503237812104,0.08041731691841762,223.75,0.18988971451306902,122.25,151.25,179.25,320.25,293.0,266.5,True,
FI-Let,2024,NDVI,19,10,12,16,0.6461715749494702,double_logistic,0.890285480446878,0.017089466130384368,0.9489446657703007,0.6569476491997206,0.7943715982927849,145.69980123364164,0.1827216281403748,315.8637600264999,0.05859332916630792,191.75,0.137298112174163,133.75,145.75,157.75,353.5,316.0,278.75,True,
FI-Let,2023,NIRv,22,5,18,3,0.10899038947537651,double_logistic,0.9501885950269361,0.008430641622570357,0.9756760321024378,0.11909201328515281,0.2049901990232748,145.7783356619516,0.289453510336613,260.3365783473058,0.19409116537220614,192.5,0.08589790635762509,138.25,146.0,153.5,271.75,260.5,249.25,True,
FI-Let,2024,NIRv,19,10,12,16,0.10899038947537651,double_logistic,0.9506177793092007,0.006305935756357693,0.9764641770135445,0.11370873492439253,0.2078799529618905,142.77524599545714,0.24624440322464963,253.63203519942329,0.06118658577977879,169.5,0.09349660773205083,134.0,142.75,151.5,289.75,254.0,219.0,True,
FR-Bil,2022,NDVI,17,7,0,0,,fit_failed,,,,,,,,,,,,,,,,,,False,fit_failed
FR-Bil,2023,NDVI,12,6,0,0,,fit_failed,,,,,,,,,,,,,,,,,,False,fit_failed
FR-Bil,2025,NDVI,14,5,0,0,,double_logistic,0.33022872124002256,0.025556416299880678,0.5826596418116199,0.7120275002297208,0.6111154791733187,96.66103089713744,0.010282683548418435,288.4686611384465,0.10588760065344235,335.0,0.00728456453751869,,,,,,,False,low_r2;amp_below_noise;dates_missing_or_out_of_order
FR-Bil,2022,NIRv,17,7,0,12,,double_logistic,0.8804539721018803,0.005574294770300021,0.9414690412291941,0.12102790511503961,0.20127701369598736,99.2959903596074,0.0276180974501542,155.80753420300752,0.059504022509796535,122.25,0.042840604859662595,,,,,,,False,dates_missing_or_out_of_order;eos90_too_early
FR-Bil,2023,NIRv,12,6,0,25,,double_logistic,0.9477641548212274,0.006554034648222631,0.9764251196365693,0.1233872702577393,0.24413913393159778,151.23269755865644,0.0580701441930584,176.36698991609416,0.013236689824041293,198.75,0.04430462526167084,,,,,,,False,dates_missing_or_out_of_order
FR-Bil,2025,NIRv,14,5,0,18,,double_logistic,0.6643966440405682,0.008479678759335292,0.8231622804659354,0.12684564700638604,0.21274300275763144,139.45585761737973,0.035673974835373094,185.7041953276435,0.04075327995215612,160.0,0.035710946970871627,,,,,,,False,low_r2;eos90_too_early
FR-FBn,2013,NDVI,18,11,0,14,0.6410078655670115,double_logistic,0.7369101045138233,0.019246554075177415,0.8701811251114683,0.6775288593084948,0.7527590792081778,239.99999999999997,0.06896584544451122,365.99999999999994,0.9999999999999999,355.25,0.07520204034697209,,,,,,,False,low_r2;dates_missing_or_out_of_order
FR-FBn,2014,NDVI,22,10,0,14,0.6410078655670115,double_logistic,0.8916875829015137,0.012237536866158914,0.9443815467817118,0.7571813404265397,0.654928528741185,60.82805082704139,0.15500076179331065,269.2092404450832,0.03956847360814254,1.0,-7.083856074396877e-06,,,,,,,False,amp_below_noise;dates_missing_or_out_of_order;eos90_too_early
FR-FBn,2015,NDVI,23,8,0,11,0.6410078655670115,double_logistic,0.8126318033708975,0.013051539895022618,0.9016184526690564,0.73879526059255,0.6749288658072649,61.827984616676424,0.09015544609275221,260.733897394684,0.09588745627324449,366.0,-2.640077888749204e-06,,,,,,,False,amp_below_noise;dates_missing_or_out_of_order;eos90_too_early
FR-FBn,2016,NDVI,21,11,0,15,0.6410078655670115,double_logistic,0.8384951622967077,0.01567347190198649,0.9171807556899471,0.7400046995952747,0.655632816956519,69.13382106325213,0.13207379446923084,275.8449462924919,0.18012062853964816,366.0,-7.477957808532665e-09,,,,,,,False,amp_below_noise;dates_missing_or_out_of_order;eos90_too_early
FR-FBn,2017,NDVI,22,10,0,11,0.6410078655670115,double_logistic,0.5226370398441249,0.018209151277408995,0.7324248004042307,0.6683366871712716,0.7361594884982386,239.999973198075,0.018485887508372413,365.99999999999824,0.999999999999385,359.5,0.06101063411025487,,,,,,,False,low_r2;dates_missing_or_out_of_order
FR-FBn,2018,NDVI,21,10,0,18,0.6410078655670115,double_logistic,0.09718104379834169,0.03271735150046866,0.33649386083804483,0.7073994595803472,0.7450276652775589,239.99893061640813,0.09764938138996433,325.79202340238487,0.999999671821048,316.0,0.037603603940091546,,,,,,,False,low_r2;amp_below_noise
FR-FBn,2019,NDVI,27,11,0,9,0.6410078655670115,fit_failed,,,,,,,,,,,,,,,,,,False,fit_failed
FR-FBn,2020,NDVI,20,9,0,7,0.6410078655670115,double_logistic,0.6124552264857901,0.018786419651828694,0.7849643766999704,0.7515377799117348,0.6715708016908736,112.69298963007527,0.011207621699962773,271.1771194159251,0.9999999999932112,277.75,0.01075469746131974,,,,,,,False,low_r2;amp_below_noise;dates_missing_or_out_of_order
FR-FBn,2021,NDVI,30,18,0,3,0.6410078655670115,fit_failed,,,,,,,,,,,,,,,,,,False,fit_failed
FR-FBn,2022,NDVI,47,20,0,3,0.6410078655670115,double_logistic,0.8077077739535293,0.01650011460549068,0.899430268590461,0.7451895372664765,0.6410078655670116,75.993339565659,0.03182956682012272,286.0372155400675,0.04290843267221348,366.0,-0.0032546596724105648,,,,,,,False,amp_below_noise;dates_missing_or_out_of_order;eos90_too_early
FR-FBn,2023,NDVI,51,26,0,0,0.6410078655670115,fit_failed,,,,,,,,,,,,,,,,,,False,fit_failed
FR-FBn,2024,NDVI,44,21,0,7,0.6410078655670115,fit_failed,,,,,,,,,,,,,,,,,,False,fit_failed
FR-FBn,2013,NIRv,18,11,0,14,0.1254347397191402,double_logistic,0.7441640874388413,0.00473852369725568,0.8642907960038029,0.13592399179298348,0.16215773886058477,137.1563474847338,0.22375352260763168,223.40302603288552,0.03476414400652838,156.5,0.023557225750218846,,,,,,,False,low_r2
FR-FBn,2014,NIRv,22,10,0,14,0.1254347397191402,double_logistic,0.7118843603247438,0.006184366002705241,0.845425055496565,0.1274749991085542,0.1511034221203882,122.65391070469649,0.09117389475917959,281.5770355416199,0.048612874726985625,182.5,0.023338231639822432,,,,,,,False,low_r2
FR-FBn,2015,NIRv,23,8,0,11,0.1254347397191402,double_logistic,0.9049775606643343,0.005133243488300389,0.9516302273125197,0.12755111435847186,0.16581642770150387,123.59132140876115,0.17758519458553806,281.74175268297444,0.03086425198528982,155.5,0.03737146385581147,111.5,123.5,135.5,354.0,283.5,217.5,True,
FR-FBn,2016,NIRv,21,11,0,15,0.1254347397191402,double_logistic,0.6644070373440409,0.004030913967791758,0.818011605755048,0.1261501186337722,0.14435927022386796,115.15522106774864,0.2141698992567251,221.37929361625245,0.02132098023599236,135.75,0.015464100164539446,,,,,,,False,low_r2;eos90_too_early
FR-FBn,2017,NIRv,22,10,0,11,0.1254347397191402,double_logistic,0.9584897248583549,0.0032548238304918355,0.9792673836985226,0.13612090869198193,0.22161327522367014,135.03145500534424,0.061244119292663414,174.6036431815853,0.017749014078754594,175.25,0.03579135521347984,123.5,138.75,158.25,351.0,249.25,198.25,True,
FR-FBn,2018,NIRv,21,10,0,18,0.1254347397191402,double_logistic,0.6925297776288268,0.0061888603390560645,0.8398928571363544,0.14343932261445697,0.20301436586886334,145.31295383536337,0.044072161988356624,172.49007114134872,0.01716877308096918,193.75,0.01810967215987208,,,,,,,False,low_r2;dates_missing_or_out_of_order
FR-FBn,2019,NIRv,27,11,0,9,0.1254347397191402,double_logistic,0.555301957342831,0.00636998395349082,0.7458700908824255,0.13598246069060022,0.1996521329285356,135.37430648375064,0.0516792102445927,164.11896261582677,0.04265521520631558,154.5,0.0210066288305423,,,,,,,False,low_r2;eos90_too_early
FR-FBn,2020,NIRv,20,9,0,7,0.1254347397191402,double_logistic,0.83452443168753,0.006619035382791055,0.9147933097383961,0.13787095808560748,0.19805505779484153,131.91575191163685,0.10843034810353228,188.24065414165406,0.015751335897520577,162.25,0.03400376516435577,,,,,,,False,dates_missing_or_out_of_order
FR-FBn,2021,NIRv,30,18,0,3,0.1254347397191402,double_logistic,0.4986912703466312,0.007586030985731794,0.7097350741246775,0.13975445288469032,0.2124195237554938,118.9204678799347,0.046427507409225834,141.42756353400918,0.02062612415134581,161.75,0.020077042774518522,,,,,,,False,low_r2
FR-FBn,2022,NIRv,47,20,0,3,0.1254347397191402,double_logistic,0.4940965446708391,0.004935020020226731,0.7102046387838695,0.1298589853079885,0.1805793809710672,118.10497698895209,0.05769424755679296,137.94025636794703,0.02856210857780789,149.5,0.014086042700457435,,,,,,,False,low_r2;eos90_too_early
FR-FBn,2023,NIRv,51,26,0,0,0.1254347397191402,double_logistic,0.3701096809546299,0.005813975789812662,0.6095677083363223,0.13253327748775184,0.14273165650089156,167.28908632330126,0.9999999999999357,233.03935929225977,0.9999822797512317,199.75,0.010198379013139608,,,,,,,False,low_r2;amp_below_noise
FR-FBn,2024,NIRv,44,21,0,7,0.1254347397191402,double_logistic,0.6559793910397849,0.005717446473109203,0.8111181391025621,0.12898361727133567,0.1639019558013917,119.10337626313753,0.10367385448006963,182.59445436414654,0.024923249909388902,147.0,0.022897857101488867,,,,,,,False,low_r2;eos90_too_early
FR-Pue,2015,NDVI,13,6,0,22,0.6785068623098673,double_logistic,0.746223779748342,0.022529863826742935,0.8754091068944834,0.7265124229506538,0.8011074153539973,239.99999999999997,0.13855869887053032,365.99999999999994,0.9999999999999999,349.0,0.07459496872762883,,,,,,,False,low_r2;dates_missing_or_out_of_order
FR-Pue,2017,NDVI,12,5,0,27,0.6785068623098673,fit_failed,,,,,,,,,,,,,,,,,,False,fit_failed
FR-Pue,2018,NDVI,14,8,0,21,0.6785068623098673,double_logistic,0.5249928198211051,0.017660918524592756,0.7756368247980252,0.7844191152090837,0.7221192127514203,49.1323952896807,0.1431610091582556,281.2136325681561,0.09296268681890449,366.0,-2.3508667877814027e-05,,,,,,,False,low_r2;amp_below_noise;dates_missing_or_out_of_order;eos90_too_early
FR-Pue,2019,NDVI,12,6,0,23,0.6785068623098673,fit_failed,,,,,,,,,,,,,,,,,,False,fit_failed
FR-Pue,2021,NDVI,15,7,0,20,0.6785068623098673,fit_failed,,,,,,,,,,,,,,,,,,False,fit_failed
FR-Pue,2022,NDVI,19,5,0,15,0.6785068623098673,fit_failed,,,,,,,,,,,,,,,,,,False,fit_failed
FR-Pue,2023,NDVI,18,8,0,17,0.6785068623098673,fit_failed,,,,,,,,,,,,,,,,,,False,fit_failed
FR-Pue,2024,NDVI,19,9,0,15,0.6785068623098673,double_logistic,0.8221965499299032,0.012377244303912136,0.906991088100954,0.7885408815331499,0.7058611761825657,33.25976033607213,0.2845808903289042,287.4899310366768,0.029572375078639964,1.0,8.776098271989774e-06,,,,,,,False,amp_below_noise;dates_missing_or_out_of_order;eos90_too_early
FR-Pue,2025,NDVI,24,15,0,6,0.6785068623098673,fit_failed,,,,,,,,,,,,,,,,,,False,fit_failed
FR-Pue,2015,NIRv,13,6,0,22,0.12707075210155672,double_logistic,0.9862859953929856,0.0047925967198485745,0.9935397973315103,0.13176145768789851,0.24753942290073355,128.29637099334587,0.0781118550089634,268.1076732411302,0.024674597159036353,174.5,0.10226854576792002,100.75,127.0,150.25,362.75,277.75,213.0,True,
FR-Pue,2017,NIRv,12,5,0,27,0.12707075210155672,double_logistic,0.9592892703166638,0.006877213190538714,0.9798855541066518,0.13751648444312634,0.21510408060601263,125.41680258376101,0.10083469035321556,237.13457390990615,0.04985666903726477,167.25,0.07415235061002329,103.5,124.75,144.5,282.25,239.0,200.75,True,
FR-Pue,2018,NIRv,14,8,0,21,0.12707075210155672,double_logistic,0.959859503606295,0.005806101998306869,0.9802559472125151,0.13837784078057222,0.20548089879698705,131.9313007535747,0.18140178698397041,266.0406889834402,0.057396417061169276,169.0,0.06676776390348857,120.0,132.0,144.0,304.5,266.25,228.75,True,
FR-Pue,2019,NIRv,12,6,0,23,0.12707075210155672,double_logistic,0.6440374347967159,0.016554402374556538,0.8341017190860497,0.14495813022513307,0.2332562694071401,116.00726962448127,0.05146527242300561,199.92664200051618,0.013393481393444989,167.25,0.047762129678694504,,,,,,,False,low_r2;dates_missing_or_out_of_order
FR-Pue,2021,NIRv,15,7,0,20,0.12707075210155672,double_logistic,0.8731607329235593,0.008580243566069559,0.9356823764938047,0.13072247198234385,0.20494317751275234,131.4001321190541,0.07128103124619217,230.30600429451783,0.031410625871492806,171.5,0.06008458490476917,100.25,128.25,151.5,307.75,242.75,197.5,True,
FR-Pue,2022,NIRv,19,5,0,15,0.12707075210155672,double_logistic,0.923979565984317,0.007344071226071937,0.9631015098800169,0.13116927956965233,0.19696049565596815,130.90332811702459,0.1310717218056581,253.8411548153098,0.04123372398652838,167.25,0.06343383703782984,114.25,130.75,146.25,308.25,255.75,208.25,True,
FR-Pue,2023,NIRv,18,8,0,17,0.12707075210155672,double_logistic,0.9735356737466533,0.003355980235836973,0.9868058628093223,0.12733258021137714,0.24539464889353363,166.1427339970531,0.03647586141168687,231.77739830095683,0.026894313416685158,204.0,0.05639449220931689,96.75,147.0,181.25,341.75,270.75,228.25,True,
FR-Pue,2024,NIRv,19,9,0,15,0.12707075210155672,double_logistic,0.9740775579685181,0.004526041225662725,0.9869871155386771,0.13090794853079024,0.20745855393348797,119.31133424835743,0.04749995853111121,264.82900140253395,0.05187075177137076,194.25,0.07251436109533782,72.0,117.25,157.0,308.5,267.0,230.25,True,
FR-Pue,2025,NIRv,24,15,0,6,0.12707075210155672,double_logistic,0.9139507852572304,0.007769421068261176,0.9569701408239689,0.13433509264870183,0.19812209618964557,116.8231479580983,0.06755672124295074,288.53760335431673,0.04057206441225435,186.0,0.06221659133466059,84.0,116.25,146.5,343.5,290.0,240.0,True,
IT-Cp2,2017,NDVI,17,9,0,14,,double_logistic,0.8701487677408348,0.014994763633970312,0.938036073091414,0.857714358145662,0.7689699293914213,41.38047664198392,0.03881032722226693,284.7886156549087,0.16079212512368918,366.0,1.1040951852780978e-07,,,,,,,False,amp_below_noise;dates_missing_or_out_of_order;eos90_too_early
IT-Cp2,2020,NDVI,17,6,0,18,,fit_failed,,,,,,,,,,,,,,,,,,False,fit_failed
IT-Cp2,2022,NDVI,25,8,0,13,,double_logistic,0.884572777955365,0.01724516363122629,0.9425270687595754,0.8251701761068619,0.6628974708322631,96.20882686162922,0.03775248825882933,271.3422190128242,0.01435067534784667,1.0,-0.0010551100217769394,,,,,,,False,amp_below_noise;dates_missing_or_out_of_order;eos90_too_early
IT-Cp2,2023,NDVI,23,11,0,7,,fit_failed,,,,,,,,,,,,,,,,,,False,fit_failed
IT-Cp2,2024,NDVI,24,12,0,5,,double_logistic,0.22332461409248106,0.062141715521475425,0.47811199260498355,0.6978106222904052,0.7742034359030081,9.167952869608017,0.9802732157750733,155.00670621302154,0.08296741872348613,22.75,0.0763913766977411,,,,,,,False,low_r2;amp_below_noise;eos90_too_early
IT-Cp2,2025,NDVI,22,10,0,10,,double_logistic,-0.1492246106932278,0.026027784175482894,-0.04378832612349879,0.7361914751976372,0.7092393717585629,239.44864814384508,0.010000000000000002,308.8195194749529,0.9999999999999999,315.0,0.008558801134012528,,,,,,,False,low_r2;amp_below_noise;dates_missing_or_out_of_order
IT-Cp2,2017,NIRv,17,9,0,14,,double_logistic,0.33478563988140964,0.011796367401172713,0.6530922286724592,0.1838085816957507,0.20094426010529243,122.56099446903704,0.9578219138437428,359.6995473501743,0.010000000000000002,130.0,0.015556180260615005,,,,,,,False,low_r2;amp_below_noise;dates_missing_or_out_of_order
IT-Cp2,2020,NIRv,17,6,0,18,,double_logistic,0.9421688222473272,0.004846105227126612,0.9736967866981505,0.15886964026456513,0.2138595351710917,1.0000000000000049,0.010000000000000002,205.00090776923886,0.08146931501834508,156.0,0.04436512832115261,,,,,,,False,dates_missing_or_out_of_order
IT-Cp2,2022,NIRv,25,8,0,13,,double_logistic,0.6221979716374917,0.008504553277904949,0.7888323404688263,0.13531594943909606,0.16809399020798674,1.0000000000000002,0.010000000000000002,156.30609721250198,0.09500671425168684,115.25,0.024200348735609972,,,,,,,False,low_r2;dates_missing_or_out_of_order;eos90_too_early
IT-Cp2,2023,NIRv,23,11,0,7,,double_logistic,0.9096098639012232,0.006399659649851688,0.9540630081977871,0.13764553708048285,0.2704057507642424,127.4934016818224,0.05256627892066071,176.29246051570584,0.02174478183679273,166.25,0.05828623596741969,102.5,125.0,148.0,318.0,233.75,188.5,True,
IT-Cp2,2024,NIRv,24,12,0,5,,double_logistic,0.5142346089904264,0.01718343373293261,0.7557990995168811,0.1261106535407421,0.18887460093288114,91.0095806575888,0.022932170010367382,176.51790458951416,0.05684222846998551,135.0,0.04057738607537739,,,,,,,False,low_r2;dates_missing_or_out_of_order;eos90_too_early
IT-Cp2,2025,NIRv,22,10,0,10,,double_logistic,0.8660402498710307,0.007828854265593684,0.9370777234514961,0.12574036240861053,0.1767723797324657,118.21900290236474,0.1939703613304213,241.46432475396975,0.0284568431301806,143.0,0.047698353931193926,107.75,118.25,128.5,321.5,246.25,183.0,True,
IT-MBo,2022,NDVI,12,9,12,16,0.43281076383651534,double_logistic,0.7931310823670938,0.04843993831062659,0.8915838625449107,0.4304448232155539,0.7503984665679078,139.25872217939565,0.9999999999997072,294.5179872230925,0.06132832947025068,150.75,0.31990296859333867,,,,,,,False,low_r2
IT-MBo,2023,NDVI,13,12,8,17,0.43281076383651534,double_logistic,0.35561247869446144,0.031328473550104416,0.6174241338728317,0.43342883690157213,0.7427307224593882,138.09669864503087,0.9924748975485814,292.5658038125911,0.11704921382668895,156.25,0.3093018445396431,,,,,,,False,low_r2
IT-MBo,2024,NDVI,13,9,5,19,0.43281076383651534,double_logistic,0.9276847156718552,0.03955684879063884,0.9631647265922686,0.4455931152716695,0.9290065644427898,140.6677307930751,0.19573255087159652,248.38175157547178,0.022325175667727737,162.75,0.4148259420544466,132.25,141.0,150.75,354.5,261.25,193.75,True,
IT-MBo,2022,NIRv,12,9,12,16,0.11389698351660871,double_logistic,0.783883860094811,0.030965015223266352,0.8971999179725556,0.11219528343174,0.3691021292888189,139.39751675381862,0.722311660789001,244.96270770815136,0.026456965509175645,147.75,0.23806074015491224,,,,,,,False,low_r2
IT-MBo,2023,NIRv,13,12,8,17,0.11389698351660871,double_logistic,0.7361580486210619,0.01983046003786678,0.8621978661015043,0.13535051307708545,0.42777878264170516,138.25725190160554,0.35197931949719063,227.77222990864416,0.01639277463830691,152.0,0.2246039699076915,,,,,,,False,low_r2;dates_missing_or_out_of_order;eos90_too_early
IT-MBo,2024,NIRv,13,9,5,19,0.11389698351660871,double_logistic,0.9684136642495121,0.018890039488593545,0.9845522034056107,0.12557002986863916,0.5526130045482349,144.45352137799085,0.12608927863106603,205.27850941688757,0.02796592074515393,168.75,0.2949320858762643,132.75,144.5,157.0,298.5,228.25,187.0,True,
IT-Ren,2017,NDVI,12,4,9,15,0.6233678693285813,double_logistic,0.5695402418348576,0.03801590748725105,0.8006433761309552,0.6218995680356817,0.7541517026482143,150.78973037407266,0.18858170006124353,298.39645274224034,0.13469812221040794,213.25,0.13224973912468785,,,,,,,False,low_r2
IT-Ren,2022,NDVI,18,10,15,6,0.6233678693285813,double_logistic,0.9560001265090784,0.012841843868087824,0.9777857605093383,0.6212558898097825,0.790059773916538,142.0154747698413,0.1217742607185208,287.99165186327923,0.07162243198704106,198.75,0.1683530848195567,124.0,142.0,160.0,318.75,288.25,257.75,True,
IT-Ren,2023,NDVI,12,10,15,7,0.6233678693285813,double_logistic,0.4376165827055104,0.01951257694811218,0.7183963547334015,0.6166714883473566,0.798281209518198,158.61025570964435,0.04216453151194412,289.9389780942734,0.053497081705131753,229.25,0.1660179250086159,,,,,,,False,low_r2
IT-Ren,2024,NDVI,12,7,11,15,0.6233678693285813,double_logistic,0.9653251018462847,0.009068055382162057,0.9830566639473812,0.6221755016442073,0.7801711608227118,154.14159424037504,0.13820325499222702,308.294443266034,0.12291455959325012,227.25,0.15798173992353204,138.25,154.25,170.25,326.25,308.5,290.5,True,
IT-Ren,2025,NDVI,17,12,14,10,0.6233678693285813,double_logistic,-0.992217170049837,0.06506024752235161,0.006463628487902572,0.6299359242025159,0.7911045067963379,147.72971167881312,0.0980029800310577,297.23194908933635,0.08631311079206537,218.5,0.1608319118471918,,,,,,,False,low_r2
IT-Ren,2017,NIRv,12,4,9,15,0.12125420189926378,double_logistic,0.9901860124502895,0.002625700756783626,0.995397066148759,0.12067450901110939,0.18969954961532112,145.2026529792156,0.23517972644247506,263.28522780947213,0.056888614854737486,173.0,0.0685217235029341,136.0,145.25,154.5,302.25,263.75,226.0,True,
IT-Ren,2022,NIRv,18,10,15,6,0.12125420189926378,double_logistic,0.9808164738313272,0.0045486538843671365,0.9903642953512497,0.11998533263191383,0.23650137887854,145.28165840833816,0.0781853185161877,242.4858529243019,0.03339404179868963,183.5,0.0966641912725355,117.0,142.75,164.25,314.5,253.0,209.25,True,
IT-Ren,2023,NIRv,12,10,15,7,0.12125420189926378,double_logistic,0.922884703149236,0.004866969756508324,0.9614183118760408,0.11973419311604483,0.2011334682024407,147.6063446353756,0.06642969143605215,275.70749906480705,0.05616258994305011,207.75,0.07817616354001672,114.0,146.5,176.0,315.75,277.25,242.5,True,
IT-Ren,2024,NIRv,12,7,11,15,0.12125420189926378,double_logistic,0.9592876879981143,0.006137723926393893,0.9797724498518074,0.12001098631110087,0.2115496383745974,145.3906649521089,0.10528538482759076,273.5272892905065,0.05731749111174139,194.25,0.09004486105788749,124.5,145.25,165.0,312.25,274.25,238.0,True,
IT-Ren,2025,NIRv,17,12,14,10,0.12125420189926378,double_logistic,0.9167454435571152,0.007533366455654708,0.9625161144884722,0.12159492682655462,0.22652259002054786,143.7846860868337,0.0800308129707386,259.0301772787012,0.036603952226497,187.25,0.09471593334490483,115.75,142.25,165.0,322.25,264.5,218.75,True,
IT-SR2,2014,NDVI,22,11,0,0,,fit_failed,,,,,,,,,,,,,,,,,,False,fit_failed
IT-SR2,2015,NDVI,17,7,0,0,,double_logistic,0.3413361240238936,0.02566611810064311,0.6374477005017481,0.6965809844597314,0.7632057504756756,229.72637659785525,0.09980100201747254,356.1088404442526,0.28798855782723964,320.75,0.06661469007714926,,,,,,,False,low_r2
IT-SR2,2016,NDVI,23,15,0,0,,fit_failed,,,,,,,,,,,,,,,,,,False,fit_failed
IT-SR2,2017,NDVI,24,10,0,0,,fit_failed,,,,,,,,,,,,,,,,,,False,fit_failed
IT-SR2,2018,NDVI,25,12,0,0,,double_logistic,0.9272746028230294,0.010233531038133674,0.963999303349047,0.8292857259893363,0.73646317134494,88.47935407863584,0.5702265625987042,243.16578295202098,0.035916868656797246,73.0,0.00019166668688530564,,,,,,,False,amp_below_noise;eos90_too_early
IT-SR2,2019,NDVI,24,8,0,0,,double_logistic,0.7791865327095229,0.016567602765730292,0.8852514315182133,0.8502463598515454,0.7173869444234812,73.30079179716084,0.019513072686087204,242.5824642112771,0.04375283050540756,366.0,-0.00015942330549800765,,,,,,,False,low_r2;amp_below_noise;dates_missing_or_out_of_order;eos90_too_early
IT-SR2,2020,NDVI,23,9,0,0,,double_logistic,0.026508563175707822,0.07372224927029987,0.2764808505925435,0.8824639858865496,0.7332588827200306,50.91493937354247,0.04765089492267342,294.09079998414944,0.01000000000000006,1.0,-0.005099971965358163,,,,,,,False,low_r2;amp_below_noise;dates_missing_or_out_of_order;eos90_too_early
IT-SR2,2021,NDVI,30,15,0,0,,double_logistic,0.8087552629615693,0.022752944120451462,0.9046469413459104,0.8775297348829113,0.7402167487979687,69.38712619286966,0.04152646223123786,275.8297948710174,0.04860550612675101,366.0,-0.0016933661686123758,,,,,,,False,amp_below_noise;dates_missing_or_out_of_order;eos90_too_early
IT-SR2,2022,NDVI,52,22,0,0,,fit_failed,,,,,,,,,,,,,,,,,,False,fit_failed
IT-SR2,2023,NDVI,42,22,0,0,,double_logistic,0.5090919982108753,0.03115834856283475,0.7257824891737673,0.8508916147445831,0.7686365332852542,68.35286148630561,0.059454886958123704,269.4584090895505,0.06304021152107261,366.0,-0.00018666156134428125,,,,,,,False,low_r2;amp_below_noise;dates_missing_or_out_of_order;eos90_too_early
IT-SR2,2024,NDVI,33,16,0,0,,fit_failed,,,,,,,,,,,,,,,,,,False,fit_failed
IT-SR2,2025,NDVI,39,17,0,0,,fit_failed,,,,,,,,,,,,,,,,,,False,fit_failed
IT-SR2,2014,NIRv,22,11,0,0,,double_logistic,0.765116886919675,0.00589831904999587,0.8760384981759974,0.1425813617437231,0.17603948242849832,157.28195196932555,0.045268861082179264,365.99999999999994,0.010000000000000002,229.25,0.025425906808667187,,,,,,,False,low_r2;dates_missing_or_out_of_order
IT-SR2,2015,NIRv,17,7,0,0,,double_logistic,0.6703566925295461,0.009274115290985882,0.8265309735837971,0.05744910050019489,0.1656748676384206,3.4238571814162913,0.016255054862317004,303.16019766559555,0.8942692776637557,293.5,0.1072457208479827,,,,,,,False,low_r2;dates_missing_or_out_of_order
IT-SR2,2016,NIRv,23,15,0,0,,double_logistic,-0.029848886487677806,0.00932088686428025,0.007883848142249331,0.16726798695112413,0.15084057914976817,1.0000000000000002,0.010000000000000002,120.00000000000001,0.012609808985996295,366.0,-0.0002906270182855275,,,,,,,False,low_r2;amp_below_noise;dates_missing_or_out_of_order;eos90_too_early
IT-SR2,2017,NIRv,24,10,0,0,,fit_failed,,,,,,,,,,,,,,,,,,False,fit_failed
IT-SR2,2018,NIRv,25,12,0,0,,double_logistic,0.8293108643899987,0.004687218084855061,0.9117360142336203,0.15281537823449418,0.18153898394575915,166.82420343180382,0.02740451218594187,363.9833109742548,0.9999967737009403,355.25,0.028555602288607262,,,,,,,False,dates_missing_or_out_of_order
IT-SR2,2019,NIRv,24,8,0,0,,double_logistic,0.5987681696051016,0.004561855185656077,0.7742588049311514,0.1635119722883301,0.19878910535921648,239.99999999999883,0.019220466615804538,346.9397157987161,0.05874034562663631,301.0,0.024712557729550333,,,,,,,False,low_r2;dates_missing_or_out_of_order
IT-SR2,2020,NIRv,23,9,0,0,,double_logistic,0.576267740220455,0.008156705468994996,0.7597088371720286,0.1650316123352952,0.1901498359672675,141.06517070432122,0.0895682459387886,365.6825339515348,0.010000000000000002,188.5,0.021114434714963465,,,,,,,False,low_r2;dates_missing_or_out_of_order
IT-SR2,2021,NIRv,30,15,0,0,,double_logistic,-0.07887311346462411,0.020060731549666425,0.06674645122864352,0.18052796805486274,0.16847321650936656,44.631069141392615,0.9999999999999999,252.2387920750499,0.7780745511998736,1.0,0.0,,,,,,,False,low_r2;amp_below_noise;dates_missing_or_out_of_order;eos90_too_early
IT-SR2,2022,NIRv,52,22,0,0,,double_logistic,0.36626796251621285,0.007723672958372679,0.6054221942408071,0.1667034435334737,0.18703283946341387,239.99999999999997,0.11295678532667172,285.6901105554554,0.010000000000000002,273.25,0.010331663295870902,,,,,,,False,low_r2;amp_below_noise;dates_missing_or_out_of_order
IT-SR2,2023,NIRv,42,22,0,0,,double_logistic,0.1956069719371294,0.011486733031558715,0.46020303585339395,0.16419902376287274,0.18355467408417347,157.85801576198492,0.11936727945187728,365.99999999999994,0.010000000000000002,195.5,0.016164402751061374,,,,,,,False,low_r2;amp_below_noise;dates_missing_or_out_of_order
IT-SR2,2024,NIRv,33,16,0,0,,double_logistic,0.5703860953754396,0.007629758155024332,0.7583719712712337,0.16661623249770724,0.232008048410678,236.79146295481456,0.013952229904344412,365.99999999999994,0.010000000000000002,326.75,0.02452648587360229,,,,,,,False,low_r2;dates_missing_or_out_of_order;eos90_too_early
IT-SR2,2025,NIRv,39,17,0,0,,double_logistic,0.33939992580912914,0.007052142974576617,0.6071784691842586,0.1812535729402131,0.2274451490284523,119.84991229778157,0.06486994316113195,120.00000000004968,0.02153571149708109,158.25,0.010553824532374384,,,,,,,False,low_r2;amp_below_noise;eos90_too_early
JP-Fhk,2022,NDVI,12,5,4,21,0.4576017565070975,double_logistic,0.9986122545200639,0.006749562547365995,0.9993297360494022,0.4575138869184567,0.8591337752131794,122.11278959457634,0.22516789645497906,305.24272272292313,0.2893861998394734,224.5,0.401619888227101,112.5,122.25,132.0,313.0,305.25,297.75,True,
JP-Fhk,2023,NDVI,18,9,2,15,0.4576017565070975,double_logistic,0.9951081507235983,0.01221960339666397,0.9975527810808097,0.461440781802976,0.8753707522662767,115.342900917905,0.1426649815990544,307.7684905222908,0.06457129215433265,179.25,0.41378156008132794,100.0,115.5,130.75,342.0,308.0,274.0,True,
JP-Fhk,2022,NIRv,12,5,4,21,0.0452995132583903,double_logistic,0.9968641797445723,0.00545596762479253,0.9984962850931549,0.045713231941427325,0.2655800114478395,123.91224295544463,0.8015364300096836,286.35136397230065,0.06282955956117404,138.75,0.21984464175280619,121.25,124.0,126.75,321.5,286.5,251.5,True,
JP-Fhk,2023,NIRv,18,9,2,15,0.0452995132583903,double_logistic,0.9953325115236751,0.005857365051176128,0.9976649661751662,0.047486029150492194,0.2802497329487769,118.5790465849372,0.08378587245096801,282.2010561303673,0.04325170129857457,179.5,0.22865092912091597,92.25,118.25,143.25,333.5,283.25,235.25,True,
JP-Fmt,2014,NDVI,15,8,0,20,,double_logistic,0.9411832076678334,0.029496517277141334,0.9703972809975274,0.39917286874530583,0.6914507205608393,108.09132212593377,0.23246482610038902,328.8886004534227,0.05334206198684615,154.5,0.29224516110563886,,,,,,,False,dates_missing_or_out_of_order
JP-Fmt,2015,NDVI,20,11,0,18,,double_logistic,0.962668804018126,0.022063777175447115,0.9817343885831489,0.41679838130587393,0.7035970813169367,110.47370753751015,0.2027862955599138,316.1272411418215,0.04345203062028451,153.0,0.2865079014077457,,,,,,,False,dates_missing_or_out_of_order
JP-Fmt,2016,NDVI,15,8,0,23,,double_logistic,0.9710425578774576,0.020613327084950946,0.9858541854841549,0.42314370138383023,0.7019524967551387,107.46852353946547,0.14553024971406342,329.8748547543273,0.0829467595422315,190.75,0.27880456228405087,92.5,107.5,122.75,356.5,330.0,303.5,True,
JP-Fmt,2017,NDVI,17,4,0,19,,double_logistic,0.9777878228336166,0.01740952004318396,0.989246275282706,0.4231764253536422,0.6822902736059979,109.27972408819207,0.25961437321023484,332.3687428369271,0.07524221506238282,163.0,0.2591128641659929,101.0,109.5,117.75,361.75,332.5,303.25,True,
JP-Fmt,2018,NDVI,15,9,0,15,,double_logistic,0.9613962445439644,0.023984520146962292,0.9806218356047303,0.40544942902784326,0.6938710028790345,97.6934497911688,0.43412788561340615,330.40752793294547,0.07615030709118421,135.75,0.28842144929332186,92.75,97.75,103.0,359.5,330.5,301.75,True,
JP-Fmt,2019,NDVI,15,8,0,19,,double_logistic,0.9718023507557823,0.01836735593220648,0.987063895820003,0.4256720025039344,0.6850465543988407,108.09658224568417,0.18654847160974927,331.79970779912907,0.12631859232942408,199.75,0.2593745273748674,96.5,108.25,120.0,349.25,332.0,314.5,True,
JP-Fmt,2020,NDVI,13,5,0,21,,double_logistic,0.9873791983791035,0.011771163094666446,0.9937652205898995,0.4462053966491711,0.702407226044607,112.15785735755566,0.12186953138004346,320.62299077389645,0.05989975278233451,184.75,0.2560901922418298,94.25,112.25,130.25,357.5,320.75,284.25,True,
JP-Fmt,2021,NDVI,23,11,0,15,,double_logistic,0.9681779155399105,0.017337402915275173,0.983982584841138,0.4396973030756307,0.677744489987341,96.79314016503496,0.9999999999999898,321.02664922551213,0.07247260248678926,114.5,0.23804710682843822,94.75,97.0,99.0,351.5,321.25,290.75,True,
JP-Fmt,2022,NDVI,36,16,0,10,,double_logistic,0.938263208111968,0.026732315507912153,0.9688024866462958,0.4293140083843146,0.6736116968685525,111.66246343790364,0.15573241461197793,328.0600039984086,0.05229989468539961,171.25,0.24420789614834532,,,,,,,False,dates_missing_or_out_of_order
JP-Fmt,2023,NDVI,41,23,0,3,,double_logistic,0.96615337896653,0.018278325249034826,0.9830268174124297,0.43874114541340475,0.6789698321916359,105.44828064983884,0.1009889946339699,326.2632287872125,0.0649961726049247,194.5,0.24015300782622157,83.75,105.5,127.25,360.25,326.5,292.75,True,
JP-Fmt,2014,NIRv,15,8,0,20,,double_logistic,0.9754047547002499,0.00909267998959361,0.9882116557977566,0.053814448149764764,0.2065688841214788,107.51388989655612,0.1315214090387242,288.90298696762534,0.03031520580928179,150.75,0.1499547859600825,91.0,107.5,123.5,362.25,290.25,222.25,True,
JP-Fmt,2015,NIRv,20,11,0,18,,double_logistic,0.9929724392152923,0.004748237994237734,0.9965560017851025,0.05890358193645915,0.21509599373639784,111.43937205372082,0.17428415349127108,278.3416446360404,0.037714578503949714,148.5,0.15479012593918676,99.0,111.5,123.75,337.0,279.0,222.5,True,
JP-Fmt,2016,NIRv,15,8,0,23,,double_logistic,0.978772451374607,0.0077518491286441326,0.9896239717604381,0.05342374249271947,0.22695272821336754,106.56228174603962,0.07919468523644861,283.0596239901349,0.02517242212432915,160.75,0.16355275738778544,,,,,,,False,dates_missing_or_out_of_order
JP-Fmt,2017,NIRv,17,4,0,19,,double_logistic,0.9900954393285514,0.00603775510253849,0.9951583787227113,0.0623433074919405,0.2229194261909749,111.55709329503763,0.17444294050974404,281.168503607631,0.02663974973956611,143.5,0.15596871813088384,99.5,111.5,123.5,365.0,283.5,208.5,True,
JP-Fmt,2018,NIRv,15,9,0,15,,double_logistic,0.9753291371682586,0.008909918376152903,0.9877676896087793,0.05522723196883219,0.20371334587899073,97.3594671328379,0.2201209295538112,298.4312493349498,0.04086697204511976,135.25,0.14826234472290048,87.5,97.5,107.5,352.25,298.75,245.25,True,
JP-Fmt,2019,NIRv,15,8,0,19,,double_logistic,0.9815894128185007,0.006320273921948969,0.9909078879378461,0.06468845628460977,0.20739943323531557,110.09880286434542,0.14538006420477162,297.7342014538783,0.03066954618198078,151.75,0.14077342932013187,,,,,,,False,dates_missing_or_out_of_order
JP-Fmt,2020,NIRv,13,5,0,21,,double_logistic,0.9853386639597734,0.005874214464753859,0.9928853055238711,0.06439985706456974,0.22521878231655545,113.11967815432344,0.09055940661759768,270.9814253607982,0.02993936007778708,162.0,0.15298984378318625,89.0,112.5,134.5,346.25,274.25,211.5,True,
JP-Fmt,2021,NIRv,23,11,0,15,,double_logistic,0.9849568366661349,0.006871492542416507,0.9924605300937323,0.05629159753855602,0.19867584328486995,98.23669035328703,0.15061475079517445,287.86231996393775,0.03978686975515045,145.0,0.14177757671297808,83.75,98.25,112.75,343.25,288.25,233.75,True,
JP-Fmt,2022,NIRv,36,16,0,10,,double_logistic,0.9541774973361654,0.010914467949906772,0.977199492015473,0.05881057080987087,0.2031481002083013,111.0491442935309,0.1091597302677849,280.14882564702543,0.029132889714376678,156.5,0.1395031952499503,91.0,110.75,129.5,357.0,282.5,215.0,True,
JP-Fmt,2023,NIRv,41,23,0,3,,double_logistic,0.979532737515227,0.0075303450901229516,0.989841911244923,0.059375394897402935,0.19834887347762498,103.89447210072993,0.08916740535093651,293.9535022000449,0.03346506813344924,164.0,0.13655011269319212,79.25,103.75,127.25,360.25,295.0,233.25,True,
NL-Loo,2022,NDVI,24,11,0,10,0.7406422205042297,fit_failed,,,,,,,,,,,,,,,,,,False,fit_failed
NL-Loo,2023,NDVI,15,2,0,23,0.7406422205042297,double_logistic,0.16610019277927524,0.02820960896771045,0.47649274851783513,0.7691257242165983,0.8295708188258234,189.50965105838407,0.9999999999999778,365.99999999999994,0.9999999999999999,224.5,0.06044509460922509,,,,,,,False,few_autumn_obs;low_r2;dates_missing_or_out_of_order
NL-Loo,2024,NDVI,12,9,1,24,0.7406422205042297,fit_failed,,,,,,,,,,,,,,,,,,False,fit_failed
NL-Loo,2025,NDVI,17,1,0,24,0.7406422205042297,double_logistic,0.010694857921719647,0.02945112054028119,0.3631001755066045,0.7546225531287472,0.8129139533705014,165.94837976229718,0.10666205811102135,365.99999999999994,0.9999999999999999,344.75,0.05829139990322685,,,,,,,False,few_autumn_obs;low_r2;amp_below_noise;dates_missing_or_out_of_order
NL-Loo,2022,NIRv,24,11,0,10,0.13365392579647772,double_logistic,0.8710633048397305,0.008037848553125334,0.9344483066170638,0.14951047282310828,0.2840523243667704,162.68645998437864,0.037208984206163434,220.5719565321209,0.02023979552214495,207.5,0.05475826478185425,,,,,,,False,dates_missing_or_out_of_order
NL-Loo,2023,NIRv,15,2,0,23,0.13365392579647772,double_logistic,0.8865111300921015,0.006241042071668701,0.9423506399452641,0.14569655893340933,0.24924843195284052,168.68700814288786,0.044423953616579234,227.05624442502904,0.02271371977379732,209.0,0.04744236436089441,,,,,,,False,few_autumn_obs
NL-Loo,2024,NIRv,12,9,1,24,0.13365392579647772,double_logistic,0.8786762390207035,0.005647551021569862,0.9411851251707658,0.13447996750507799,0.24418584242952565,150.09418668775388,0.02356342967701601,263.12435094887553,0.019648386712119804,209.25,0.05963924577311608,,,,,,,False,dates_missing_or_out_of_order
NL-Loo,2025,NIRv,17,1,0,24,0.13365392579647772,double_logistic,0.9753147731260342,0.003167338573435228,0.9876076776617015,0.1494706533659876,0.24579099903743404,135.602408466612,0.049115414329664625,181.64880782465409,0.012588556697047965,188.75,0.03941353172333917,,,,,,,False,few_autumn_obs;dates_missing_or_out_of_order
NL-Vkp,2014,NDVI,16,7,0,17,0.6891573350071869,fit_failed,,,,,,,,,,,,,,,,,,False,fit_failed
NL-Vkp,2022,NDVI,23,9,0,13,0.6891573350071869,double_logistic,0.3033178133636736,0.030439206284828775,0.5585966900362666,0.7356764613742871,0.8107772213542745,239.99999999999997,0.07806385787799136,332.9679651916416,0.021117886319164975,277.25,0.053515200844056476,,,,,,,False,low_r2;amp_below_noise;dates_missing_or_out_of_order
NL-Vkp,2023,NDVI,19,3,0,20,0.6891573350071869,double_logistic,0.3454917811408278,0.031714335712388485,0.5976940198251665,0.7547875657545817,0.8499251963266015,78.2275943819964,0.3735302025661604,120.00001240501865,0.019088415848345443,90.0,0.05967173098851708,,,,,,,False,low_r2;amp_below_noise;eos90_too_early
NL-Vkp,2014,NIRv,16,7,0,17,0.2014566387363769,double_logistic,0.45616969780852445,0.025150859262202604,0.6826029753299696,0.30661212196264886,0.4005816429039283,145.24841320727253,0.06399248551663832,178.02367647712313,0.2511678003906384,165.75,0.06991468822185709,,,,,,,False,low_r2;eos90_too_early
NL-Vkp,2022,NIRv,23,9,0,13,0.2014566387363769,double_logistic,0.58172446837812,0.02166346706789548,0.7648875649788066,0.23163122782039433,0.31138071991385574,106.29316304043887,0.9999999999998284,120.00000000000001,0.010000000000000002,112.25,0.04121325385548372,,,,,,,False,low_r2;amp_below_noise;dates_missing_or_out_of_order;eos90_too_early
NL-Vkp,2023,NIRv,19,3,0,20,0.2014566387363769,double_logistic,0.6339067016187849,0.02628845151259582,0.801846659077058,0.2070795806742455,0.3094571666748479,90.46238444671143,0.09435349262649113,354.3505031506642,0.010000000000000002,139.25,0.0906904820581502,,,,,,,False,low_r2;dates_missing_or_out_of_order
RU-Fy2,2024,NDVI,12,7,13,14,0.5887940514881017,double_logistic,0.4733097886736807,0.013319087506341358,0.734750739770368,0.5871765933254641,0.876977679524318,135.584041993353,0.9999999999999999,279.3054712305392,0.08125393513823054,148.75,0.2897933693920488,,,,,,,False,low_r2
RU-Fy2,2024,NIRv,12,7,13,14,0.0875576998257482,double_logistic,0.9564451135017135,0.008018207910327889,0.9783639199125204,0.08458318234430239,0.3066975534989196,138.47388393377364,0.18810808900951131,247.9568588920558,0.03212633609741895,163.0,0.20632593557689882,127.75,138.5,149.0,319.0,252.5,197.25,True,
US-Aud,2013,NDVI,22,13,0,13,,double_logistic,0.9605048687904997,0.02215209469704857,0.9806313823041893,0.184594280756755,0.4672389415081491,197.14808059822388,0.2372189078843355,282.9043471603682,0.06640708537480314,220.25,0.27713072385560866,188.0,197.25,206.0,316.5,283.5,252.75,True,
US-Aud,2014,NDVI,30,12,0,7,,double_logistic,0.9908833662205248,0.010270962900115694,0.9954707522263163,0.1795227525387559,0.4858692690835429,196.1939538378111,0.2415010503413843,306.25505800868723,0.04301831567942898,219.0,0.2980945928692912,187.25,196.25,205.0,358.25,307.75,261.0,True,
US-Aud,2015,NDVI,32,14,0,0,,double_logistic,0.8664849125446645,0.024064662863950582,0.9313026600141577,0.20853911480200177,0.37303439997107396,203.96765138957917,0.15050428221853804,307.7562986252872,0.09498895396949072,246.0,0.16373669813365765,189.5,204.0,218.5,331.0,308.0,285.25,True,
US-Aud,2016,NDVI,33,11,0,0,,double_logistic,0.9794873130084707,0.014671315066415419,0.9897058920154052,0.18785602409163044,0.8456188625502311,214.0931314627524,0.056089207266492795,262.4441160329297,0.03956559629884752,241.0,0.3414987017354362,170.0,202.75,225.75,335.5,287.0,257.75,True,
US-Aud,2017,NDVI,30,15,0,0,,double_logistic,0.9842062906935561,0.014590217865211641,0.9920725012413414,0.18030445831015587,0.6117179916491098,198.8154202510872,0.20140201133867394,252.65556768924583,0.04173736753053339,216.0,0.341485577339776,190.25,198.75,207.25,311.5,263.0,230.75,True,
US-Aud,2018,NDVI,34,16,0,0,,double_logistic,0.9710537353585234,0.016747425383388418,0.9854518529846122,0.17647821881108,0.5635877940129748,202.10653980060525,0.08271477014073406,270.21725718617097,0.034448100236382256,232.25,0.2751702481041445,177.0,199.0,217.5,345.0,287.5,251.5,True,
US-Aud,2019,NDVI,27,11,0,0,,double_logistic,0.9398617361740349,0.019014200173930237,0.9694699534970954,0.19455986052100735,0.6778222201865742,229.5151943499436,0.061454277816877796,271.69932178941735,0.04398027178111046,253.25,0.24343294896599169,189.0,219.0,239.5,338.0,294.5,268.25,True,
US-Aud,2020,NDVI,33,16,0,4,,double_logistic,0.5928727501538931,0.03252250155206707,0.7841275853420365,0.21515371608502953,0.424259634486625,217.17319599047656,0.08128931360358865,268.6774926121666,0.050491292708486506,242.25,0.14142641278809664,,,,,,,False,low_r2
US-Aud,2021,NDVI,37,16,0,0,,double_logistic,0.9831081400260144,0.016033743417153717,0.9915189014238885,0.18319327795918125,0.9227724287356158,209.70542102078193,0.0815231101531403,245.01795869585436,0.03444735527607429,234.75,0.34954210380611306,191.5,207.5,222.75,332.25,278.5,249.25,True,
US-Aud,2022,NDVI,67,30,0,0,,double_logistic,0.9820931120280145,0.015242934937790506,0.9910287254742748,0.17038204258961323,0.5921798441572972,213.11131300629123,0.14210078513941926,284.8842702811514,0.03640886654093928,236.75,0.3453133854228436,199.5,212.5,224.75,351.5,295.0,256.5,True,
US-Aud,2023,NDVI,65,24,0,0,,double_logistic,0.7512198651918242,0.018348260552490923,0.8693344514022175,0.1500907339729121,0.3094983858453796,156.00093307444078,0.01590021833199517,334.7126156728296,0.022883016388411424,248.0,0.1101657416367249,,,,,,,False,low_r2;dates_missing_or_out_of_order
US-Aud,2024,NDVI,68,34,0,0,,double_logistic,0.9059243063916693,0.017042705291277965,0.9520609674240021,0.19542853869670948,0.38896272093711765,188.43699720452761,0.1495486415609715,250.80577639609774,0.041531217353875466,210.0,0.15610408366973957,175.5,187.75,199.25,309.5,260.25,227.0,True,
US-Aud,2013,NIRv,22,13,0,13,,double_logistic,0.943767747711448,0.006286532619338545,0.9716222179549135,0.039747612708935856,0.11118228402120377,196.33064946168932,0.26326524562411674,266.9563036875528,0.05718501426358271,214.0,0.06746160468008879,188.25,196.25,204.0,306.5,269.0,236.75,True,
US-Aud,2014,NIRv,30,12,0,7,,double_logistic,0.9622256820558049,0.0041284603089372564,0.9813806258009562,0.03679729038991629,0.10094780494659121,197.54126414299537,0.23462206095379867,290.1372458506199,0.05279893920964508,219.75,0.06227905291817516,188.5,197.5,206.5,332.5,291.25,253.5,True,
US-Aud,2015,NIRv,32,14,0,0,,double_logistic,0.9149866901311662,0.004030029524255485,0.9566248856673047,0.024727564317535713,0.08776744120892292,193.48503958596095,0.02063601286038101,296.5466253158563,0.04783586297056237,247.75,0.04196100434777493,65.75,160.25,217.5,339.75,302.75,272.0,True,
US-Aud,2016,NIRv,33,11,0,0,,double_logistic,0.9492998259742242,0.005491335756003852,0.9743711253193744,0.03139438615113584,0.20989157835597128,217.00458525600837,0.04535808365022395,260.71432008078307,0.04235875636803246,239.75,0.07956066531393777,154.75,197.0,223.5,330.0,284.5,256.75,True,
US-Aud,2017,NIRv,30,15,0,0,,double_logistic,0.9661600970397439,0.00538094289245821,0.9829397579623064,0.032420918757347324,0.14046751002963476,197.11129567141577,0.21939482406161895,250.82690423447033,0.04493306650875975,213.25,0.0881492527923377,189.0,197.0,205.0,304.75,259.25,228.25,True,
US-Aud,2018,NIRv,34,16,0,0,,double_logistic,0.9560637788624553,0.004498064592759337,0.9780368649339011,0.02942993552159045,0.16297488903607102,214.090000450777,0.04938273422252423,253.7958434343238,0.052516154526146094,233.25,0.06231841525009208,155.5,194.75,218.75,307.5,271.0,247.75,True,
US-Aud,2019,NIRv,27,11,0,0,,double_logistic,0.8612600815667945,0.008557644890094546,0.9281930103642486,0.026211832611887614,0.18396839868922993,235.16539333671403,0.021738080304083748,296.16076333265147,0.034135067422804095,253.5,0.06456921285655817,91.25,177.5,226.75,359.25,313.0,277.75,True,
US-Aud,2020,NIRv,33,16,0,4,,double_logistic,0.6869598102231982,0.008720899272719258,0.8320313445191014,0.023233914564693973,0.1278262466802436,213.51695692002542,0.012886316407972807,322.335193476124,0.02113336326181395,249.0,0.04573281006341982,,,,,,,False,low_r2;dates_missing_or_out_of_order
US-Aud,2021,NIRv,37,16,0,0,,double_logistic,0.9782152125328624,0.0049196468322464755,0.9892266231727554,0.044502129363563146,0.21098977953817172,214.25725847900353,0.10838046566393963,251.6411792850972,0.0517898116163873,233.75,0.10130873780482422,195.25,211.25,224.0,304.5,267.5,245.5,True,
US-Aud,2022,NIRv,67,30,0,0,,double_logistic,0.9631477446737483,0.00504790458104597,0.9814498055673673,0.03689187102177832,0.163035506664423,217.86686331932313,0.12180384364439546,265.502313229927,0.04706676313988566,238.75,0.08906047964405878,201.5,216.0,228.5,320.5,278.5,252.5,True,
US-Aud,2023,NIRv,65,24,0,0,,double_logistic,0.8756440955115683,0.0038934308628533836,0.9375355771267463,0.026303188055259386,0.05159384008797068,104.87282370965227,0.1005027336700349,333.44739132495386,0.03776467672399979,174.5,0.025205185973808025,,,,,,,False,dates_missing_or_out_of_order
US-Aud,2024,NIRv,68,34,0,0,,double_logistic,0.8682171892585424,0.004888135918895796,0.9320941520093107,0.037210184903490276,0.08581138098337007,188.25365002032547,0.11050235356098276,244.28235569897822,0.05625329182341182,212.25,0.03851625183799952,167.75,186.0,200.5,288.0,251.75,227.0,True,
US-Bar,2015,NDVI,14,10,12,9,0.5478010507751062,double_logistic,0.9928084427083765,0.012714231411240806,0.9964256539429999,0.5613616115504912,0.8807718879624589,141.70892871576774,0.8525708064568646,282.4206675087084,0.4096094341752323,183.75,0.3194102764119676,139.25,141.75,144.5,288.0,282.5,277.25,True,
US-Bar,2016,NDVI,16,7,13,3,0.5478010507751062,double_logistic,0.9894469281176048,0.015624129471098876,0.9948896266637569,0.5565125050433887,0.8828910623529221,140.7558121334236,0.38535061058189185,281.4497042973784,0.20333052966426232,190.5,0.32637855272863003,135.25,141.0,146.5,292.5,281.5,270.75,True,
US-Bar,2017,NDVI,12,8,14,12,0.5478010507751062,double_logistic,0.9733750392549807,0.019612369842098624,0.9878416676533828,0.5526501894772099,0.8693058590914834,135.72643588920505,0.30738721171670375,281.53223527407937,0.18124743425015202,191.0,0.31665563269925967,128.75,135.75,143.0,293.75,281.75,269.5,True,
US-Bar,2022,NDVI,18,12,11,10,0.5478010507751062,double_logistic,0.9409272736364707,0.03236599965884868,0.9753295510082771,0.5716585003744803,0.8752623809745469,136.62493894180074,0.9999999999999999,277.28842896901847,0.3001995241645721,169.75,0.3036038806000625,134.5,136.75,139.0,284.75,277.5,270.0,True,
US-Bar,2023,NDVI,25,13,9,7,0.5478010507751062,double_logistic,0.931869302693533,0.030592503332152143,0.9677570661683987,0.5654930799993165,0.8431774360867433,132.16145136081414,0.9999999999999334,278.6345849150949,0.2933142853770937,166.0,0.27768435608742503,130.0,132.25,134.5,286.25,278.75,271.25,True,
US-Bar,2015,NIRv,14,10,12,9,0.08732850129981184,double_logistic,0.9811412034840131,0.015377029593957247,0.9905427562293992,0.08469511544298862,0.34770403924697924,129.32065042730045,0.9999999234602771,282.63122951880723,0.10542409983339932,146.0,0.2630087628189126,127.25,129.5,131.75,303.5,282.75,262.0,True,
US-Bar,2016,NIRv,16,7,13,3,0.08732850129981184,double_logistic,0.989087012693019,0.012834525808232966,0.9946107003914463,0.0961211996177907,0.3821612975876274,141.33222547808725,0.31149110803329577,274.90506154404926,0.08933539522871788,174.25,0.28599444380944533,134.5,141.5,148.5,299.75,275.0,250.5,True,
US-Bar,2017,NIRv,12,8,14,12,0.08732850129981184,double_logistic,0.950342287448224,0.021262380816441155,0.9751281978409653,0.08241097479956737,0.3666314561538756,137.1029443594939,0.24060531124064968,274.15229168805007,0.06630357487292285,171.0,0.28383490305667697,128.0,137.25,146.25,307.5,274.25,241.25,True,
US-Bar,2022,NIRv,18,12,11,10,0.08732850129981184,double_logistic,0.982586502089557,0.014941539659255446,0.9913500736679575,0.08078892100156783,0.37016433218554856,136.26755751687455,0.3214750581351873,273.8234123731537,0.06589501057010214,163.75,0.2891286083444725,129.5,136.5,143.25,307.25,274.0,240.75,True,
US-Bar,2023,NIRv,25,13,9,7,0.08732850129981184,double_logistic,0.956809993926447,0.018922371015452015,0.9782730285926348,0.08383398987140764,0.3175735317834928,131.67390490739737,0.20382128354750187,274.8542654741734,0.07009482796293147,172.25,0.2335039452217478,121.0,131.75,142.5,306.25,275.0,243.75,True,
US-CMW,2013,NDVI,15,9,0,16,,double_logistic,0.957687701691371,0.021766953985073792,0.978678134144367,0.17633694802681574,0.5084648074272738,155.5607824060515,0.05358724069008375,320.1702582174196,0.038678648732809406,228.25,0.3162816180337127,,,,,,,False,dates_missing_or_out_of_order
US-CMW,2014,NDVI,16,6,0,14,,double_logistic,0.9639199284160432,0.0235157305375312,0.9819096143423534,0.20283362842036304,0.9527273217091633,237.3788956692372,0.020915739862631025,304.1959459627487,0.04322794782967073,260.5,0.36536687332582607,95.5,184.75,234.75,345.75,312.0,282.75,True,
US-CMW,2015,NDVI,19,8,0,9,,double_logistic,0.9503542294111281,0.02737738346791597,0.9756647864638553,0.20241681817738338,0.5692351129686736,165.69610967379293,0.030364641194389,300.0134775551992,0.050090708928394914,242.0,0.3148802891179569,88.0,156.5,208.0,346.25,304.75,271.0,True,
US-CMW,2016,NDVI,16,7,0,15,,double_logistic,0.9831471159088413,0.015391207340791475,0.9916709756821167,0.19193542232629562,0.5699588283192136,158.23526848857404,0.02925650513562518,313.304182967419,0.04937399574313558,248.25,0.3380551985915233,79.0,151.25,208.0,359.75,317.0,281.0,True,
US-CMW,2017,NDVI,14,7,0,20,,double_logistic,0.9729576189617681,0.02594027535236236,0.9865437767716129,0.21401253482595223,1.135883806670275,191.28710387736788,0.0429823955132563,253.57213763714486,0.025032704782638644,230.0,0.4463265757540416,,,,,,,False,dates_missing_or_out_of_order
US-CMW,2018,NDVI,17,8,0,15,,double_logistic,0.971701967310506,0.0205560916884681,0.9858183693053689,0.21619939816304787,0.516089692060621,143.17364265318764,0.05297418241780417,321.0430148901407,0.08902354681548867,251.0,0.2983158754768508,101.75,143.0,183.75,346.0,321.25,297.0,True,
US-CMW,2019,NDVI,13,7,0,22,,double_logistic,0.9814107836175252,0.015957293799589573,0.9906676860060752,0.20990442930879077,0.5050475342742728,132.18868938050923,0.05536547207171064,314.7191176646553,0.15323507238474718,261.5,0.29482903325847204,92.5,132.25,171.75,329.25,314.75,300.5,True,
US-CMW,2020,NDVI,18,8,0,12,,double_logistic,0.9709568712484246,0.01673065818573484,0.9854041364757347,0.2241813009736889,0.4769165453697099,117.06355919811246,0.07356691419964899,317.25977648279434,0.06630887960599079,212.75,0.2522669158114541,87.25,117.25,146.75,350.5,317.5,284.5,True,
US-CMW,2021,NDVI,20,8,0,9,,double_logistic,0.9096252448233857,0.040432564423100094,0.9540872127064872,0.2246268364294178,1.0618764364562192,189.15678567396998,0.03345041462096465,261.4471436869874,0.022429832506274054,233.25,0.39087243597928256,,,,,,,False,dates_missing_or_out_of_order
US-CMW,2013,NIRv,15,9,0,16,,double_logistic,0.9388583698921725,0.008011784653826856,0.9689815832348759,0.02067585778967877,0.13368424619504576,150.3292052184225,0.04986382318571282,296.0903385698017,0.030137057122345406,212.25,0.09971535399608848,,,,,,,False,dates_missing_or_out_of_order
US-CMW,2014,NIRv,16,6,0,14,,double_logistic,0.9407650870254577,0.007817202411823975,0.9701508731706776,0.02564628612491638,0.16409732507609673,181.8306340431287,0.021152851881492945,295.3693888115096,0.05422872909670473,247.0,0.10121889122864844,62.0,156.0,215.75,333.75,299.75,271.0,True,
US-CMW,2015,NIRv,19,8,0,9,,double_logistic,0.9579529142580419,0.007357463553444928,0.9788037490724867,0.020004926379242616,0.242722992929786,197.5509129919662,0.02427425786549757,263.018045187724,0.03382695882186359,223.0,0.09898491617410364,72.75,151.25,197.25,336.25,283.75,247.25,True,
US-CMW,2016,NIRv,16,7,0,15,,double_logistic,0.990284545845487,0.0031962901066122664,0.9951342638602294,0.02264865415658941,0.12125774023847119,140.15706909639846,0.03748010254926081,305.19867871937714,0.04767523620234523,229.5,0.09266218690231257,79.75,137.0,186.5,352.75,307.75,268.25,True,
US-CMW,2017,NIRv,14,7,0,20,,double_logistic,0.9693141344212398,0.009412274728511012,0.9850146076615369,0.030373850028768513,0.34526592631284697,196.27847328865718,0.04210900580596839,252.23398695545103,0.03323916967092984,227.5,0.15208960866495844,134.0,178.5,208.25,340.5,282.75,247.75,True,
US-CMW,2018,NIRv,17,8,0,15,,double_logistic,0.9779176186844947,0.00537930557197254,0.98896265033618,0.029476546045802653,0.11812407270802781,133.8737893333898,0.07169258437178967,303.3147367636024,0.052060279796892116,207.75,0.08759749709175646,103.25,133.75,163.25,346.0,304.0,263.5,True,
US-CMW,2019,NIRv,13,7,0,22,,double_logistic,0.9919650302902495,0.0032136503386561194,0.9960480854574488,0.026531258110123985,0.11588729418587349,124.09049208905915,0.0772650158669384,310.9231681949013,0.10466884136938226,230.0,0.08931235441998894,95.75,124.25,152.5,332.0,311.0,290.0,True,
US-CMW,2020,NIRv,18,8,0,12,,double_logistic,0.9831600526801461,0.0043997942874136435,0.9915722858444667,0.031649226385741844,0.11700521095821598,119.32972776291574,0.10050381210800038,311.3153474924186,0.05516150371238386,191.25,0.08518075330488441,97.5,119.5,141.0,351.25,311.5,272.0,True,
US-CMW,2021,NIRv,20,8,0,9,,double_logistic,0.8921719735791653,0.013581175121314643,0.945323836032265,0.035037827723049524,0.3028357234907745,185.86242294038146,0.0312252189713331,254.0355572992504,0.028143316073096957,222.0,0.12501332857245503,97.0,158.25,197.5,357.75,289.25,247.25,True,
US-Ced,2014,NDVI,14,5,6,17,0.5820508935596451,double_logistic,0.9297392301132977,0.019745609375098266,0.965325708941463,0.6210063603404556,1.021301896568571,164.94714389617633,0.06245288257655612,215.19859729285145,0.020709541143476683,202.0,0.1913198665014233,146.75,165.0,185.25,359.75,271.0,224.0,True,
US-Ced,2014,NIRv,14,5,6,17,0.11831263249171238,double_logistic,0.9800831068093724,0.005380869173282851,0.9902500835143978,0.12117599074271207,0.2466892967990784,151.92929495539073,0.084805734586579,241.0920323858403,0.035885268584679615,187.0,0.10365747857954755,126.0,149.75,169.5,308.25,251.0,210.5,True,
US-Ha1,2016,NDVI,17,8,5,10,0.6195794401565551,double_logistic,0.9279213415324684,0.033499722768939665,0.9667606624801173,0.6245044975293205,0.8944387672232496,136.7671111251335,0.9999999999999994,291.45184074442875,0.08446047144042211,151.0,0.2699321891231472,134.75,137.0,139.0,317.5,291.5,265.5,True,
US-Ha1,2017,NDVI,18,11,9,6,0.6195794401565551,double_logistic,0.9890349993610427,0.011465864729314245,0.9945381761155334,0.6290348060796694,0.8785504733850638,138.4172519357442,0.9999985715591573,294.47790150720164,0.09644005193253256,154.25,0.24951530001197253,136.25,138.5,140.75,317.5,294.5,271.75,True,
US-Ha1,2018,NDVI,14,5,8,7,0.6195794401565551,double_logistic,0.9909470550720972,0.011770242244909497,0.9955642243480843,0.6284011923810082,0.8938302710548958,141.08744073413354,0.999999273330992,290.52128224979924,0.1256979181951499,159.5,0.2654290573122683,139.0,141.25,143.5,308.25,290.75,273.25,True,
US-Ha1,2021,NDVI,12,9,9,15,0.6195794401565551,double_logistic,0.9977021093393096,0.005087522963850948,0.9989193666691247,0.6197542754048984,0.8574352494967764,137.75402363085996,0.3310832905763611,292.66156243045634,0.1689182085443539,191.5,0.23768096063502409,131.25,138.0,144.5,305.75,292.75,279.75,True,
US-Ha1,2022,NDVI,24,15,10,10,0.6195794401565551,double_logistic,0.9894643911351803,0.012521717826343383,0.9947861092067214,0.621853446865748,0.8792890618610635,137.55147248219035,0.6502605973903034,283.23434451312045,0.3454099868030046,188.5,0.257435614995313,134.25,137.75,141.0,289.75,283.25,277.0,True,
US-Ha1,2023,NDVI,23,11,6,7,0.6195794401565551,double_logistic,0.9703497701754892,0.017786187138032844,0.9853157138105985,0.6182113655343259,0.8333278054302732,132.77845058186452,0.5252401329496549,291.52569910245325,0.2973604435933303,190.75,0.21511643989591367,128.75,133.0,137.0,299.0,291.75,284.25,True,
US-Ha1,2024,NDVI,27,14,5,7,0.6195794401565551,double_logistic,0.9934714514802567,0.010151469078629419,0.9967330721924397,0.6231996159739429,0.879483881027654,142.33521428588486,0.9999999999999999,282.9074176470579,0.27757274252891806,173.75,0.2562842650536875,140.25,142.5,144.75,291.0,283.0,275.0,True,
US-Ha1,2025,NDVI,29,16,7,3,0.6195794401565551,double_logistic,0.988326992899911,0.012146327050107387,0.9941628020002287,0.6223699943222344,0.8772184549558797,133.92476634128536,0.21240813178002643,286.5311390870613,0.12645740441324538,192.5,0.25484570777468496,123.75,134.0,144.5,304.0,286.75,269.25,True,
US-Ha1,2016,NIRv,17,8,5,10,0.11134968455456401,double_logistic,0.9918527434874481,0.01004026573262457,0.9959973771415624,0.11883351181775285,0.3659501246640691,139.0131712603151,0.2952408950044605,279.38010151849016,0.06326384324955636,168.0,0.24685422802168006,131.75,139.25,146.5,314.25,279.5,245.0,True,
US-Ha1,2017,NIRv,18,11,9,6,0.11134968455456401,double_logistic,0.9799963307214854,0.012754084183656875,0.9900327253441285,0.10905036351513309,0.34094081256062375,135.22640687240258,0.1670153178537284,279.3544050447457,0.059504074972864904,177.75,0.23115194360045277,122.25,135.25,148.25,316.5,279.5,243.0,True,
US-Ha1,2018,NIRv,14,5,8,7,0.11134968455456401,double_logistic,0.9952384015459913,0.00794313372252192,0.9976403197924837,0.11098022725571927,0.3865025544949178,138.82171008403756,0.200110650469897,270.55658121649486,0.04553208867498461,169.25,0.27219128059610725,128.0,139.0,149.5,319.25,271.25,225.0,True,
US-Ha1,2021,NIRv,12,9,9,15,0.11134968455456401,double_logistic,0.9846535011970512,0.008972488212340132,0.9933413406327717,0.11005996319207537,0.31470221600934706,136.42703442033473,0.26428609967917865,283.1576053827143,0.0746202129207593,172.5,0.20457437970308198,128.25,136.5,144.75,312.75,283.25,254.0,True,
US-Ha1,2022,NIRv,24,15,10,10,0.11134968455456401,double_logistic,0.9907187093910482,0.01089526701152912,0.9953761094819441,0.10166634590779133,0.3722102746381623,139.20919653053193,0.24665523161629654,276.43031305346955,0.06972659313967781,173.5,0.27028000283742065,130.5,139.25,148.25,308.0,276.5,245.25,True,
US-Ha1,2023,NIRv,23,11,6,7,0.11134968455456401,double_logistic,0.9448295770549276,0.018842919501946127,0.9721278605822382,0.10890916787392099,0.29844934048430377,131.61479315659182,0.3022669504181328,283.3349998014965,0.07606945189820015,165.75,0.18950919169775873,124.5,131.75,139.0,312.25,283.5,254.5,True,
US-Ha1,2024,NIRv,27,14,5,7,0.11134968455456401,double_logistic,0.989844651870022,0.011203285794588992,0.9949144179836364,0.10794966867828318,0.3703397575912709,130.09234908319849,0.9694637201162424,264.95653077577185,0.045875847417071666,139.25,0.261534932695932,128.0,130.25,132.5,313.0,265.25,218.0,True,
US-Ha1,2025,NIRv,29,16,7,3,0.11134968455456401,double_logistic,0.9904015489749157,0.009295907862985568,0.9951958977183638,0.11260208714123922,0.33806638360866575,133.14813400068044,0.25706806857272424,277.82780414179456,0.06393296248289211,166.25,0.22523910195036323,124.75,133.25,141.75,312.25,278.0,243.75,True,
US-Jo1,2013,NDVI,15,9,0,19,,double_logistic,0.9691423701473691,0.007048555353087954,0.9849139692960487,0.13280155609024943,0.33060635868230165,235.1374740447409,0.06305802024900833,291.5823562697107,0.027112599042968605,268.25,0.1073706878652477,,,,,,,False,dates_missing_or_out_of_order
US-Jo1,2014,NDVI,13,5,0,20,,double_logistic,0.9469765639262305,0.008416607014099523,0.9734437990309694,0.14627265502349898,0.25350065457757737,239.99999999999997,0.09026324349060517,299.7710038693226,0.1440138153947371,274.5,0.09992292932456953,215.0,238.5,258.5,315.5,300.75,287.75,True,
US-Jo1,2015,NDVI,16,9,0,16,,double_logistic,0.874089040782713,0.005554847879890772,0.9350838066218085,0.15793419831049454,0.24110813968247877,200.00371753814443,0.9999999999579492,217.46056242898413,0.1373270866473042,204.0,0.07035674378941992,198.5,200.25,202.0,235.0,219.75,209.25,True,
US-Jo1,2016,NDVI,16,6,0,15,,double_logistic,0.797950800800581,0.006275091079489877,0.8989846248809849,0.14071020872028195,0.23356844410484406,239.56522360474926,0.014245153776477604,365.99999999999994,0.010000000000000215,329.75,0.034626237886362404,,,,,,,False,low_r2;dates_missing_or_out_of_order;eos90_too_early
US-Jo1,2017,NDVI,17,7,0,18,,double_logistic,0.8676316987048462,0.012965491287963553,0.939232607427273,0.15947281046297127,0.28862592943727405,210.0762152007041,0.10021194794713156,280.6380517074178,0.03290293101510082,238.25,0.09625326594660819,190.75,208.5,224.5,357.25,296.5,258.0,True,
US-Jo1,2018,NDVI,22,10,0,0,,double_logistic,0.8966812650486401,0.006653405439921561,0.9476235302876366,0.15150438884047532,0.2007382753917547,195.07454471605664,0.07395332920364017,331.15047930103435,0.0713351847216537,262.25,0.04853515367821501,165.25,194.75,223.25,362.25,331.75,302.25,True,
US-Jo1,2019,NDVI,16,8,0,14,,double_logistic,0.7155225480351813,0.0064741705920055214,0.8495610999923138,0.15162350510972913,0.18134686912215475,133.29121562641268,0.05685167263874622,361.53900294354213,0.7272061826142554,341.75,0.029723135370422538,,,,,,,False,low_r2
US-Jo1,2020,NDVI,17,6,0,15,,double_logistic,0.8566216400721698,0.004266326147622304,0.9297139317886777,0.16294275451777773,0.1954956711064457,107.69002765889803,0.9999999999711408,175.22061992345465,0.021966056948008166,113.25,0.025786098900416526,,,,,,,False,eos90_too_early
US-Jo1,2021,NDVI,18,11,0,18,,double_logistic,0.9245317856771504,0.01047135228612457,0.9657974265065102,0.15122834455636325,0.3669710962696298,209.21902415742701,0.07341956671866544,250.1429629389171,0.02575032329677827,240.0,0.10149202573617588,,,,,,,False,dates_missing_or_out_of_order
US-Jo1,2022,NDVI,28,11,0,7,,double_logistic,0.9334790547806403,0.009747234866551671,0.966474053290936,0.15718123614488652,0.36055988329056055,229.82381309146848,0.06102564717263128,283.85392176508583,0.023697487120094913,265.25,0.10275533784720495,,,,,,,False,dates_missing_or_out_of_order
US-Jo1,2013,NIRv,15,9,0,19,,double_logistic,0.9906552726417515,0.001155254958511521,0.9956873846850938,0.039299878369941484,0.08799987791519964,239.99999999999997,0.07748491121285184,292.1958614083058,0.07506889558207071,266.0,0.036990394268872566,208.25,234.5,253.25,325.25,298.25,279.0,True,
US-Jo1,2014,NIRv,13,5,0,20,,double_logistic,0.8812789291029052,0.003736091946396945,0.9390579132845782,0.042376911375518904,0.0781010758050024,239.99999999999997,0.06065188456481756,291.0532339917863,0.3541906855698898,279.0,0.03216431367959705,202.0,236.75,264.0,296.75,291.25,285.75,True,
US-Jo1,2015,NIRv,16,9,0,16,,double_logistic,0.935883168510613,0.0012594829460127977,0.9679889291808673,0.03384862837901487,0.048229635736069296,112.09753594851742,0.03909845265949689,309.2795940368055,0.03872376364162179,210.25,0.013773562218196464,,,,,,,False,dates_missing_or_out_of_order
US-Jo1,2016,NIRv,16,6,0,15,,double_logistic,0.8731654234375525,0.0021667070040207233,0.9361468051027348,0.033744415984916135,0.04977423013782475,106.54207301388442,0.039488416915222944,318.53590921415474,0.04984614443499568,222.25,0.015734425595400683,50.5,105.75,158.0,363.25,319.5,277.75,True,
US-Jo1,2017,NIRv,17,7,0,18,,double_logistic,0.7779369502904406,0.007450089208908732,0.8884229414290991,0.040578665707320404,0.13252306823118135,224.4437700716018,0.03529359230535878,269.96821176674354,0.048139075336976145,242.5,0.040795645940067425,,,,,,,False,low_r2
US-Jo1,2018,NIRv,22,10,0,0,,double_logistic,0.954193241109682,0.0014556245714686805,0.9768623363032464,0.038773321878264155,0.08261348302732985,213.74465702938676,0.019641201545725784,283.9164962154126,0.035356830358014645,236.25,0.019831226047368165,59.0,154.0,207.75,339.5,296.5,261.5,True,
US-Jo1,2019,NIRv,16,8,0,14,,double_logistic,0.9351330728283459,0.0017510045761712889,0.9673095761452141,0.03519395187178356,0.052209164371528186,106.1222058384853,0.06197158332579234,311.87471697753085,0.09882318809934076,229.75,0.017002126003476767,70.75,106.25,141.5,334.25,312.0,289.75,True,
US-Jo1,2020,NIRv,17,6,0,15,,double_logistic,0.9875381347949775,0.0008524324907990667,0.9937840617898508,0.036351104029428545,0.06120000880042709,87.8020864412691,0.12128612455239357,225.81175381317377,0.01304600108780127,121.0,0.019367996515476195,,,,,,,False,dates_missing_or_out_of_order;eos90_too_early
US-Jo1,2021,NIRv,18,11,0,18,,double_logistic,0.9322123090795881,0.0032185400428023426,0.9735378090173514,0.03863849465078876,0.10957312665374074,215.15083214893966,0.049393024411757504,262.1715438028389,0.044474190550649335,239.75,0.03558726906536266,159.75,198.75,224.0,326.5,283.0,256.0,True,
US-Jo1,2022,NIRv,28,11,0,7,,double_logistic,0.9244986124796476,0.002828266815627476,0.9623833413310318,0.03965999505331224,0.08845458304730923,239.99999999999997,0.02697909293072227,307.29349808824213,0.061564964970690896,272.0,0.029332392054520186,138.25,209.25,250.75,339.0,312.25,289.75,True,
US-KFS,2017,NDVI,13,7,3,22,0.30967805214186006,double_logistic,0.9960991822969477,0.011106696457867533,0.9980818774116875,0.31034437014600647,0.7561161416778872,120.52261339712274,0.09857630888270814,302.19503516735807,0.04312829024424539,181.75,0.4422491362671904,98.25,120.5,142.25,353.5,302.75,253.25,True,
US-KFS,2017,NIRv,13,7,3,22,0.06668107531583696,double_logistic,0.9881133447912155,0.00865488811392325,0.9940828414080072,0.06842146673907766,0.2799770563039938,127.63338995810537,0.08297701938597615,277.28599446889444,0.03727966973090344,181.0,0.20337577814266483,101.0,127.0,151.0,337.5,279.5,227.5,True,
US-MMS,2022,NDVI,16,7,5,17,0.43463193245021625,double_logistic,0.9980369378791525,0.00983490966972694,0.9990257017791828,0.4384770149199026,0.9092134407388055,122.55215504115456,0.35568736031381487,294.1982187502349,0.15176280321800906,175.5,0.470736415631904,116.5,122.75,128.75,308.75,294.25,279.75,True,
US-MMS,2023,NDVI,15,7,1,18,0.43463193245021625,double_logistic,0.999292410097801,0.005515914308433914,0.9996475788154694,0.4371628723206565,0.8902703077075982,117.37189665648505,0.24190961049495338,302.4252586233931,0.13699320020239683,185.75,0.45310735388392204,108.5,117.5,126.5,318.5,302.5,286.5,True,
US-MMS,2022,NIRv,16,7,5,17,0.057856840045856395,double_logistic,0.9823213919810726,0.020313217445264497,0.9911685725263901,0.05787736346211533,0.41156996830735704,126.90480201749965,0.1772182795318348,280.93109684656,0.057703765503193984,169.5,0.35293697259509504,114.5,127.0,139.25,319.25,281.25,243.25,True,
US-MMS,2023,NIRv,15,7,1,18,0.057856840045856395,double_logistic,0.9811031447868681,0.01819652109144163,0.9905372821679915,0.07052404302486182,0.3783192592161022,124.19512029411608,0.9651832577246909,283.9597515275038,0.07132469817526742,137.75,0.30778547112137367,122.0,124.25,126.5,315.0,284.0,253.25,True,
US-MOz,2016,NDVI,16,9,3,15,0.4681713841142102,double_logistic,0.997198925999658,0.009474268209139458,0.998607789365265,0.4729229475631491,0.8794486846731419,121.91122758110748,0.6383191407012434,301.06888593298595,0.06993126386129278,142.75,0.4065187361611492,118.5,122.0,125.5,332.5,301.25,269.75,True,
US-MOz,2016,NIRv,16,9,3,15,0.0741783217461268,double_logistic,0.9930800563774219,0.009009086770379475,0.9965358344803219,0.070304643920005,0.3460899210792654,122.7511775504284,0.49945991019061314,263.0747604366344,0.03527948469368298,137.0,0.27237131718111074,118.5,123.0,127.25,325.75,264.0,204.25,True,
US-Me6,2017,NDVI,12,6,8,0,0.60346543499965,double_logistic,-4.3459909390151836e+19,7.319048719601724e-07,-1.11807706400711e-10,0.60346443509965,0.60346543509965,80.0,0.1,180.0,0.1,130.0,9.866142981485027e-07,,,,,,,False,low_r2;amp_below_noise;eos90_too_early
US-Me6,2020,NDVI,13,6,2,0,0.60346543499965,fit_failed,,,,,,,,,,,,,,,,,,False,fit_failed
US-Me6,2022,NDVI,16,11,9,0,0.60346543499965,double_logistic,,9.044731640677728e-07,,0.60346443509965,0.60346543509965,80.0,0.1,180.0,0.1,130.0,9.866142981485027e-07,,,,,,,False,low_r2;amp_below_noise;eos90_too_early
US-Me6,2023,NDVI,19,10,6,0,0.60346543499965,fit_failed,,,,,,,,,,,,,,,,,,False,fit_failed
US-Me6,2024,NDVI,23,14,3,0,0.60346543499965,fit_failed,,,,,,,,,,,,,,,,,,False,fit_failed
US-Me6,2025,NDVI,21,9,4,0,0.60346543499965,fit_failed,,,,,,,,,,,,,,,,,,False,fit_failed
US-Me6,2017,NIRv,12,6,8,15,0.09589345112294831,fit_failed,,,,,,,,,,,,,,,,,,False,fit_failed
US-Me6,2020,NIRv,13,6,2,21,0.09589345112294831,fit_failed,,,,,,,,,,,,,,,,,,False,fit_failed
US-Me6,2022,NIRv,16,11,9,10,0.09589345112294831,fit_failed,,,,,,,,,,,,,,,,,,False,fit_failed
US-Me6,2023,NIRv,19,10,6,4,0.09589345112294831,fit_failed,,,,,,,,,,,,,,,,,,False,fit_failed
US-Me6,2024,NIRv,23,14,3,7,0.09589345112294831,fit_failed,,,,,,,,,,,,,,,,,,False,fit_failed
US-Me6,2025,NIRv,21,9,4,12,0.09589345112294831,fit_failed,,,,,,,,,,,,,,,,,,False,fit_failed
US-Mpj,2016,NDVI,12,6,3,0,0.31061848498064876,double_logistic,0.8330340484122868,0.009327340774420495,0.9130619294320427,0.31433546548293473,0.436062638544449,239.99999999999557,0.019734562953670525,304.827885644449,0.06034785289526532,265.25,0.06548931337118097,94.75,189.75,241.25,327.25,306.0,284.0,True,
US-Mpj,2017,NDVI,14,8,1,0,0.31061848498064876,fit_failed,,,,,,,,,,,,,,,,,,False,fit_failed
US-Mpj,2018,NDVI,15,8,1,0,0.31061848498064876,double_logistic,0.9295275378133516,0.011160578207396044,0.964945712467638,0.32305049468821334,0.4592378352746587,220.10490173628307,0.15031530708008006,312.35905830931387,0.014151089003013772,246.25,0.09518511564868393,,,,,,,False,dates_missing_or_out_of_order
US-Mpj,2019,NDVI,15,7,2,0,0.31061848498064876,double_logistic,0.5502000747005158,0.014624052442089515,0.7477505206028782,0.3352233561447586,0.3789197987797532,239.99999943788103,0.9999999999969182,365.2143401253868,0.02059490225843789,246.5,0.04014336545539049,,,,,,,False,low_r2;dates_missing_or_out_of_order
US-Mpj,2020,NDVI,15,8,1,0,0.31061848498064876,double_logistic,0.7945417411378216,0.011654074994057483,0.8938454590278093,0.32985705612196314,0.39724056987344275,239.99999965276513,0.029567564190432542,365.9999999994304,0.9999999996654264,359.0,0.06538220067344014,,,,,,,False,low_r2;dates_missing_or_out_of_order
US-Mpj,2021,NDVI,15,10,1,0,0.31061848498064876,double_logistic,0.8973171019691619,0.01377750543552958,0.9512841293052561,0.36478702541655433,0.5655572573583281,198.47096185841335,0.1356748152440466,198.74780682855751,0.020405847370768036,222.5,0.06910157504699016,199.75,205.0,213.5,362.25,275.75,237.0,True,
US-Mpj,2022,NDVI,26,12,2,0,0.31061848498064876,double_logistic,0.9021714044714315,0.016263872666881125,0.9499198259042113,0.36880898626770947,0.5628454197649028,194.78015957075516,0.08891373240030069,200.8943632780309,0.011882559048711086,232.75,0.07245895240609884,,,,,,,False,dates_missing_or_out_of_order
US-Mpj,2023,NDVI,28,12,1,0,0.31061848498064876,double_logistic,0.42857192045727366,0.017052449763392395,0.6612036717466951,0.34350324096128393,0.3710688579063819,223.07825578081426,0.6895675799919223,359.74874050976575,0.6892728271073867,273.25,0.02756561694509796,,,,,,,False,low_r2;amp_below_noise
US-Mpj,2024,NDVI,24,14,2,0,0.31061848498064876,double_logistic,0.5395029880757545,0.022512806958903474,0.7641215605243904,0.3214777102767747,0.5578814178467796,225.13262038280848,0.015761247472210138,365.99999999999994,0.010000000000000002,319.5,0.10162510154567972,,,,,,,False,low_r2;dates_missing_or_out_of_order;eos90_too_early
US-Mpj,2025,NDVI,31,13,2,0,0.31061848498064876,double_logistic,0.7807954390756121,0.01668320686852188,0.8900281546288372,0.33279485016775895,0.4022670558232066,186.22224585769376,0.290706169195578,359.242521134554,0.1905190470887955,255.5,0.06947220534975651,,,,,,,False,low_r2;dates_missing_or_out_of_order
US-Mpj,2016,NIRv,12,6,3,19,0.05620896993190475,double_logistic,0.8059236301915111,0.0036084448123267143,0.8998958772939176,0.056535637069790604,0.07741261410091628,133.1356314260387,0.14542371188766087,276.4495066758983,0.055970995096733714,177.75,0.020762319157654516,118.0,133.25,148.0,316.0,276.75,238.25,True,
US-Mpj,2017,NIRv,14,8,1,15,0.05620896993190475,double_logistic,0.966416900671107,0.0010794498456469768,0.9834482403829171,0.055402859352500965,0.10104115212203309,184.82965020276654,0.027164799888325934,253.8917954847372,0.026820708255114557,219.75,0.019852703264170525,78.5,149.0,193.0,362.75,291.0,246.75,True,
US-Mpj,2018,NIRv,15,8,1,19,0.05620896993190475,double_logistic,0.8999790231630225,0.0024857858509352063,0.9503844707645663,0.05641935611090541,0.09328917060502002,214.65853300022286,0.028266211180039715,281.2783201384814,0.06981090140341609,248.0,0.023241665835681567,119.25,187.5,227.75,308.75,285.0,264.5,True,
US-Mpj,2019,NIRv,15,7,2,16,0.05620896993190475,double_logistic,0.8919304942466436,0.002545810637058886,0.9451900676004622,0.05688772362668886,0.0798898077526609,117.57588650569224,0.13253408519978238,233.90441081985335,0.021964802832443887,147.25,0.01957610931298099,104.0,117.75,131.5,342.25,247.75,180.0,True,
US-Mpj,2020,NIRv,15,8,1,16,0.05620896993190475,double_logistic,0.8984668494352722,0.0017170970872835518,0.947888917871562,0.05660197984298578,0.07484731711735162,120.6405983353072,0.10638082589242044,316.28973094050167,0.023204618164029044,167.75,0.0175614876386049,,,,,,,False,dates_missing_or_out_of_order
US-Mpj,2021,NIRv,15,10,1,14,0.05620896993190475,double_logistic,0.9590663222080247,0.0027542431113267503,0.9796140415397068,0.0645462812807851,0.11633719703083459,206.852260444201,0.21312846589811832,251.17424666831562,0.05316215518764748,222.0,0.040756491250528826,198.25,206.5,214.5,297.5,259.5,234.25,True,
US-Mpj,2022,NIRv,26,12,2,0,0.05620896993190475,double_logistic,0.9471896580509483,0.0029154113180482944,0.9732522798592319,0.06067121103618873,0.1426848162678053,219.32433939976355,0.04201998278651378,253.7365464350489,0.08722294259028872,231.75,0.04096825622802288,149.5,194.0,219.0,274.75,257.75,243.0,True,
US-Mpj,2023,NIRv,28,12,1,4,0.05620896993190475,double_logistic,0.9803177628925951,0.0012839325122855796,0.9901869503236497,0.05672321517561363,0.08116015419025584,131.6488466370704,0.3181773749038385,272.9782767068863,0.023920240024276115,149.25,0.02314257659767703,,,,,,,False,dates_missing_or_out_of_order
US-Mpj,2024,NIRv,24,14,2,7,0.05620896993190475,double_logistic,0.8698314240474592,0.003445717117613011,0.9338635130475923,0.06412840986886989,0.12884161832085642,147.83966064135427,0.03553793901395638,207.25556384369,0.013903630012524062,206.75,0.025369659953793935,,,,,,,False,dates_missing_or_out_of_order
US-Mpj,2025,NIRv,31,13,2,0,0.05620896993190475,double_logistic,0.9225792368324544,0.0032280153773813587,0.9610160021201385,0.06885262755400583,0.14933043916610217,189.41784171334058,0.04215620728307523,232.4269528004297,0.03759002009321068,213.25,0.032575265287777475,122.75,167.25,195.75,313.25,262.25,231.5,True,
US-MtB,2014,NDVI,12,6,1,21,0.5498907078619185,double_logistic,0.7244862903507802,0.02658684870365809,0.8537234097315572,0.620031114920067,0.8796937321849896,190.66157189051032,0.04467342846334252,231.11993012423062,0.016682932875361253,239.0,0.09444695640736245,,,,,,,False,low_r2;dates_missing_or_out_of_order
US-MtB,2021,NDVI,12,7,0,26,0.5498907078619185,double_logistic,0.7577248186134151,0.024862502544014453,0.8758614920037663,0.6100006649960498,0.8505017882780537,189.02963632524816,0.07613728470593058,210.39887587599523,0.0168930881786829,225.75,0.09090383710126482,,,,,,,False,low_r2;dates_missing_or_out_of_order
US-MtB,2022,NDVI,20,11,1,11,0.5498907078619185,double_logistic,0.9590949318881596,0.01153381445573905,0.9796513070831799,0.5444698662046392,0.7100780351316859,147.8566836839053,0.04750570737291956,333.2559715327198,0.03537537339976697,230.75,0.15814854912090415,,,,,,,False,dates_missing_or_out_of_order
US-MtB,2023,NDVI,22,10,5,8,0.5498907078619185,double_logistic,0.9031925310500684,0.01627426816411454,0.952181348053453,0.5479011864307614,0.6628023720480803,143.4325082091171,0.20215920609232743,357.01371269428984,0.05328461531577787,193.25,0.11487768214065486,,,,,,,False,dates_missing_or_out_of_order
US-MtB,2024,NDVI,21,12,1,9,0.5498907078619185,double_logistic,0.8629085934298875,0.020808958161184443,0.930619257315066,0.5772302038825038,0.8778146245103309,164.85492078687778,0.04727286992507964,221.3223576696633,0.014506565586057361,215.5,0.1315003579304176,,,,,,,False,dates_missing_or_out_of_order
US-MtB,2014,NIRv,12,6,1,21,0.0929608346616614,double_logistic,0.961567709737944,0.00502452329139567,0.9809924219859594,0.0931233546357107,0.17300138598131282,147.9440428688102,0.03692190022925234,265.9269480670636,0.054198103062757484,213.25,0.06895510829193924,84.25,140.75,183.75,309.0,270.25,239.25,True,
US-MtB,2021,NIRv,12,7,0,26,0.0929608346616614,double_logistic,0.9799014443832686,0.0023244936883960133,0.9921188858019848,0.09028139328632334,0.15180729528132286,155.55941662161695,0.03298129535099027,266.1444372804752,0.06459009743595748,220.75,0.051994471227977734,83.5,146.25,192.0,301.5,269.75,243.5,True,
US-MtB,2022,NIRv,20,11,1,11,0.0929608346616614,double_logistic,0.9880214319597359,0.0025054584614370504,0.9941221832558194,0.08972068652367578,0.16558697174429388,136.12892508523285,0.0688005219619915,256.2609285379568,0.039569699694624406,185.5,0.06905942575854677,103.25,134.0,160.5,314.5,261.0,217.5,True,
US-MtB,2023,NIRv,22,10,5,8,0.0929608346616614,double_logistic,0.9929712834980841,0.0019626313062815993,0.996608699301999,0.09440685543557047,0.1560990631503291,140.07970512880718,0.16484011417498773,284.4167549661722,0.056770540557902774,182.0,0.06144713910726625,126.75,140.25,153.25,323.25,284.75,246.5,True,
US-MtB,2024,NIRv,21,12,1,9,0.0929608346616614,double_logistic,0.9801650305592247,0.003881715801487402,0.9902366326477107,0.10117174792356887,0.17602635246358028,149.91675268798784,0.09436704838992835,266.54082051109754,0.06093830414482322,198.5,0.07293229204558963,126.5,149.5,171.25,303.25,267.5,234.5,True,
US-NC2,2016,NDVI,12,6,0,24,0.4324937815888206,double_logistic,0.9579929469451463,0.009663015422100567,0.9827121040754051,0.7376505476719871,0.8690575147229987,121.91711501779844,0.34457228061546247,297.1180911031874,0.025711054495138563,141.25,0.12889300281972516,,,,,,,False,dates_missing_or_out_of_order
US-NC2,2017,NDVI,13,4,1,19,0.4324937815888206,double_logistic,0.8512353290461872,0.024017220188665426,0.9246919809633334,0.7302409888966523,0.8663550322846486,127.99454171156819,0.07314199427925627,324.43697122896765,0.03635708453372097,199.75,0.13395525148198284,,,,,,,False,dates_missing_or_out_of_order
US-NC2,2019,NDVI,12,5,0,25,0.4324937815888206,double_logistic,0.8939086605916101,0.0491889229100955,0.9484683777383032,0.5289529316724075,0.9178324548168861,1.0000000000000002,0.010000000000000002,260.15389350371777,0.5716639004791527,248.5,0.35819448818187005,,,,,,,False,dates_missing_or_out_of_order
US-NC2,2021,NDVI,15,11,0,23,0.4324937815888206,double_logistic,0.9701458742403167,0.008332040741758437,0.9850336371269133,0.428155457301295,0.5845347748469619,214.2962332934243,0.0665113838139779,317.1819650971138,0.11694787503503523,276.75,0.15259128824953816,181.0,213.75,244.25,336.25,317.75,300.25,True,
US-NC2,2022,NDVI,16,6,0,20,0.4324937815888206,double_logistic,0.9831479354845694,0.018137463715307393,0.9923842228545525,0.42800543341550135,0.7819808355035069,147.06011939782954,0.07132258965451954,310.38213415994915,0.049819502089649394,217.25,0.3482340956037133,116.25,146.75,176.0,355.0,311.25,269.5,True,
US-NC2,2023,NDVI,19,6,0,12,0.4324937815888206,double_logistic,0.9833995270636559,0.016867075422333247,0.9930399216824528,0.43362698291896473,0.8538779608034834,139.7513455803879,0.048303326216272716,347.13075385266154,0.01500327350044033,210.25,0.35897301761446543,,,,,,,False,dates_missing_or_out_of_order
US-NC2,2024,NDVI,12,5,0,25,0.4324937815888206,double_logistic,0.9873299819654098,0.011980412263071586,0.9942350423229707,0.554383164424118,0.8387222789425375,121.18713621961204,0.07153024018167849,344.90859814125673,0.05379662593908496,219.5,0.28375462177440625,,,,,,,False,dates_missing_or_out_of_order
US-NC2,2025,NDVI,25,12,0,7,0.4324937815888206,double_logistic,0.9107961132695234,0.026634970608956948,0.9576743314598811,0.7498328256262234,1.1420538766362207,134.35312321260434,0.04141550380816592,167.52076335000174,0.010046116248634922,199.5,0.14013307353795457,,,,,,,False,dates_missing_or_out_of_order
US-NC2,2016,NIRv,12,6,0,24,0.0848363322424701,double_logistic,0.9899461283571781,0.006027108247279189,0.9955394798238882,0.12461206272740093,0.3039865456002806,113.56425413438146,0.09856767793877308,251.73240661783544,0.024378164590948086,153.5,0.16094896691904004,92.5,113.0,132.0,347.0,260.25,193.0,True,
US-NC2,2017,NIRv,13,4,1,19,0.0848363322424701,double_logistic,0.9942396499739481,0.004393786245426201,0.9972196031293116,0.12868379824175766,0.2750369551597387,112.45402916279961,0.07845015558259438,274.1784230529935,0.04572438956545676,176.5,0.1437346270124165,84.25,112.25,138.75,322.75,275.0,230.0,True,
US-NC2,2019,NIRv,12,5,0,25,0.0848363322424701,double_logistic,0.95350996616784,0.01367889374012888,0.9778499623293928,0.12635173765634133,0.275293628653762,103.40126109275344,0.10903578368628196,259.89406991139225,0.6099053094758035,233.75,0.14894177317376134,83.25,103.5,123.75,263.5,260.0,256.5,True,
US-NC2,2021,NIRv,15,11,0,23,0.0848363322424701,double_logistic,0.8816590488357998,0.005270708507709537,0.9588511009628853,0.08562493285229004,0.12830938291633667,200.55082541469395,0.20677739868414582,311.5524279141054,0.19128205357261063,254.0,0.042683066667541195,190.0,200.75,211.25,323.25,311.75,300.25,True,
US-NC2,2022,NIRv,16,6,0,20,0.0848363322424701,double_logistic,0.9860175665201264,0.009147536747428794,0.9936417406197765,0.08368519827956701,0.2827235633325805,151.26460695025585,0.06518027271412673,287.5253029091801,0.06663051733752447,220.0,0.1946198282000951,117.25,150.75,182.0,321.0,288.25,257.5,True,
US-NC2,2023,NIRv,19,6,0,12,0.0848363322424701,double_logistic,0.9890324071291992,0.007160487540795869,0.9950114522549294,0.08325149176054021,0.31846487295661957,140.0356268994259,0.047416291286195136,291.811260766886,0.03389506499194618,207.75,0.2132251345931132,91.75,136.75,174.25,360.0,297.5,246.75,True,
US-NC2,2024,NIRv,12,5,0,25,0.0848363322424701,double_logistic,0.9867987823500924,0.007546259372851199,0.9935331246448852,0.11136691666370872,0.3046391456259793,116.01390478894362,0.08065245125026135,305.5844543789779,0.034947120773197546,180.75,0.1898016423103332,,,,,,,False,dates_missing_or_out_of_order
US-NC2,2025,NIRv,25,12,0,7,0.0848363322424701,double_logistic,0.9751165832392563,0.01218468638762426,0.9876119247402113,0.13682815918062033,0.35298782529342554,126.70478239081316,0.05742907324064755,287.6151057082706,0.031952936758673174,191.25,0.20147297794365446,87.5,124.75,157.5,359.0,292.0,235.75,True,
US-Prr,2014,NDVI,12,7,24,5,0.5837512105091154,double_logistic,0.6052689053348131,0.03216371355536847,0.7801413439177728,0.5805261308223372,0.7675925031785397,167.23102349212564,0.08047883794836697,248.98487721189116,0.04251245709725611,201.75,0.15397803250409614,,,,,,,False,low_r2
US-Prr,2022,NDVI,12,1,24,7,0.5837512105091154,double_logistic,0.8368662232256096,0.021816004240661865,0.9194719381493155,0.5829312778545771,0.7904501660330597,167.34821623182557,0.08035305636543699,225.32911483312847,0.04050604155428442,195.0,0.14023245427574826,,,,,,,False,few_autumn_obs
US-Prr,2014,NIRv,12,7,24,5,0.09754289769504229,double_logistic,0.97924785732003,0.002850643683513536,0.989947150476684,0.09731252014109314,0.152493352881651,140.8427075832381,0.3015296479096488,246.1465693237566,0.12973489652383188,174.5,0.05517360432644296,133.75,141.0,148.25,263.25,246.25,229.25,True,
US-Prr,2022,NIRv,12,1,24,7,0.09754289769504229,double_logistic,0.6137463116704218,0.015835545734955252,0.7903685436626631,0.09707509729381344,0.2511057400373033,171.38111399041048,0.05122751829890819,210.7973280208134,0.05489272884602615,190.5,0.07391907735113831,,,,,,,False,few_autumn_obs;low_r2
US-Rls,2014,NDVI,14,7,5,17,0.2285421930326858,double_logistic,0.9701747636470139,0.00803145907426877,0.9866126889329336,0.23474451438663163,0.5454295623079937,118.49919106773629,0.030255987380157258,161.96090141594328,0.06205107169280323,132.0,0.14475317965200413,,,,,,,False,eos90_too_early
US-Rls,2015,NDVI,14,6,6,14,0.2285421930326858,double_logistic,0.9685209539225176,0.010376533625196397,0.9844476252979233,0.22725445134783054,0.4298683230229718,75.23679853926241,0.050655495923455626,176.48926767806043,0.04004379939714377,123.0,0.1647677466074097,,,,,,,False,eos90_too_early
US-Rls,2016,NDVI,16,8,8,13,0.2285421930326858,double_logistic,0.9969163958369887,0.0038965945271040485,0.9984724797727382,0.22920595285852985,0.5228507680304133,95.98061420241439,0.054699728277729336,158.10439515622207,0.04842859570119773,127.0,0.1948710778653987,,,,,,,False,eos90_too_early
US-Rls,2017,NDVI,15,8,10,13,0.2285421930326858,double_logistic,0.9950396505476792,0.005522088133823168,0.9975463580075666,0.23334423553554084,0.45517556798867137,103.44033785539058,0.09407817146386709,182.69793073555635,0.06575250266907054,138.5,0.20242563656098678,,,,,,,False,eos90_too_early
US-Rls,2018,NDVI,17,9,7,11,0.2285421930326858,double_logistic,0.9889589735692252,0.007777478698488738,0.9945033336457824,0.2333650547755437,0.5220725915951854,116.38213824841411,0.0485245690989969,175.35896576634366,0.06961247063963483,146.75,0.2002210130124002,,,,,,,False,eos90_too_early
US-Rls,2019,NDVI,16,9,12,7,0.2285421930326858,double_logistic,0.9903545208380227,0.0061231601915777345,0.9952864588024051,0.23360995282716984,0.5430205171540651,117.3306064578413,0.0504172223902474,180.20716086864067,0.03919739216244143,149.5,0.18695440850809625,,,,,,,False,eos90_too_early
US-Rls,2020,NDVI,18,12,10,8,0.2285421930326858,double_logistic,0.9882121046833154,0.005116509816053811,0.9941318995673734,0.2312398484102015,0.4515183319855443,112.10371638418177,0.07649851797403175,182.3260482876299,0.06414112369951291,145.5,0.1854263398990154,,,,,,,False,eos90_too_early
US-Rls,2021,NDVI,22,11,8,11,0.2285421930326858,double_logistic,0.8706957020478074,0.011595951537462762,0.938226527918819,0.23210940749569342,0.32785055052514617,108.71906292650397,0.9999999999999999,175.8656761621503,0.15048416957060676,119.25,0.0957194917644203,,,,,,,False,eos90_too_early
US-Rls,2022,NDVI,29,20,13,10,0.2285421930326858,double_logistic,0.9631933476853584,0.009145528484526079,0.981819049688974,0.24793565281847932,0.4049793078478618,101.09738248630418,0.15699016819033063,188.4249433308856,0.11143666703433498,138.75,0.15600242115588628,,,,,,,False,eos90_too_early
US-Rls,2023,NDVI,30,20,14,3,0.2285421930326858,double_logistic,0.9703136387035066,0.01116108300152901,0.9855280470329711,0.25348668919260864,0.4684686583429895,126.15398940496718,0.12083226675490998,185.04909257942992,0.09944853364609002,153.75,0.19842936726179028,,,,,,,False,eos90_too_early
US-Rls,2014,NIRv,14,7,5,17,0.0368191138245326,double_logistic,0.9902204144519656,0.0012655204990833467,0.9953568746034781,0.03678143648365673,0.12693057263978183,109.74713262702166,0.06183723342403911,150.66046993127318,0.042219367840001416,133.75,0.04385665723003911,,,,,,,False,eos90_too_early
US-Rls,2015,NIRv,14,6,6,14,0.0368191138245326,double_logistic,0.9563416447331737,0.003193236168860155,0.9779425846880624,0.03417387891750752,0.0977031553891624,85.68518860283986,0.062965166766175,185.66498576201874,0.02496589537297656,127.75,0.04722082260462794,,,,,,,False,eos90_too_early
US-Rls,2016,NIRv,16,8,8,13,0.0368191138245326,double_logistic,0.9939646170487044,0.0012433498713860886,0.9970185483355253,0.03794730624550628,0.13830090673763873,102.58160568071028,0.062041085415322314,148.28030118668252,0.033435327529472994,131.25,0.04959013793622517,,,,,,,False,eos90_too_early
US-Rls,2017,NIRv,15,8,10,13,0.0368191138245326,double_logistic,0.9926313502714212,0.0017219437111640698,0.996317533807579,0.03755033649459885,0.14669824892863595,118.22224194872865,0.05502691281503095,168.9256823201452,0.03587757194090628,147.25,0.056409791847754076,,,,,,,False,eos90_too_early
US-Rls,2018,NIRv,17,9,7,11,0.0368191138245326,double_logistic,0.9551550182865267,0.004152980989542609,0.9780322735419125,0.0391380171266919,0.14610275574274667,124.42553670695125,0.05501889370349976,168.2310837007592,0.04509434481771164,148.0,0.05335493768408906,,,,,,,False,eos90_too_early
US-Rls,2019,NIRv,16,9,12,7,0.0368191138245326,double_logistic,0.9871162804311073,0.0020765860017405028,0.9936257395551957,0.036458945535578935,0.1295966784153829,117.86434300039863,0.07021383006906105,180.8853549122529,0.030097021058922334,149.75,0.057949461862501495,,,,,,,False,eos90_too_early
US-Rls,2020,NIRv,18,12,10,8,0.0368191138245326,double_logistic,0.995408905428927,0.000825766560037837,0.997706011944424,0.036995481854037,0.12087578917652614,119.00582305082935,0.07614466953341603,170.34053262198927,0.039832168867306735,145.5,0.051300409300736934,,,,,,,False,eos90_too_early
US-Rls,2021,NIRv,22,11,8,11,0.0368191138245326,double_logistic,0.9763099594476846,0.0016329343036127289,0.9882496415248601,0.036248995033222514,0.11517674175932252,128.06161838801958,0.07633725887445669,155.88276199832316,0.04626461151942559,148.0,0.032440477693462616,,,,,,,False,eos90_too_early
US-Rls,2022,NIRv,29,20,13,10,0.0368191138245326,double_logistic,0.9420724765846749,0.003127713800342726,0.9707675440720392,0.04143257482813949,0.14633545551557942,113.32529935075813,0.07774904800492458,155.5338699172658,0.03133021440150146,140.75,0.053266179516824136,,,,,,,False,eos90_too_early
US-Rls,2023,NIRv,30,20,14,3,0.0368191138245326,double_logistic,0.9760196600877314,0.003019891062787691,0.9883030992367666,0.03855095249022879,0.15967856211977696,129.87078727698238,0.08437132660626014,167.0920521950564,0.039144234241609274,153.25,0.0617899427785638,,,,,,,False,eos90_too_early
US-Rms,2016,NDVI,13,7,12,12,0.3224077570978373,double_logistic,0.9966176039537111,0.005123079164423851,0.9983455040011205,0.32403197810917644,0.6474214990433561,149.4702168046234,0.22656850347141805,201.4988083082743,0.04787356780322845,165.25,0.2661011035134618,,,,,,,False,eos90_too_early
US-Rms,2017,NDVI,13,7,14,7,0.3224077570978373,double_logistic,0.9969014640913086,0.005617019585381462,0.9984875372549747,0.3282903743782017,0.6507758273335531,148.8825250759626,0.7478229236078318,209.6711667067452,0.04709369137893721,156.25,0.29707699059660514,,,,,,,False,eos90_too_early
US-Rms,2018,NDVI,15,8,16,9,0.3224077570978373,double_logistic,0.9959419437694542,0.007144745267216473,0.9979730817888226,0.321325637258183,0.6444284689190125,144.8926759617569,0.8085873524903281,200.037503845523,0.05569455034400169,151.75,0.30129423140011746,,,,,,,False,eos90_too_early
US-Rms,2019,NDVI,14,10,16,8,0.3224077570978373,double_logistic,0.9900853071689796,0.007184911582860687,0.9950550984468957,0.3275865247566061,0.5220183915351971,156.11143634878943,0.13766619024154078,232.32142543562748,0.07507963039985333,186.0,0.18548411914170226,140.0,155.75,170.0,262.5,233.75,208.25,True,
US-Rms,2020,NDVI,13,11,19,9,0.3224077570978373,double_logistic,0.9926294338256925,0.007131188868811824,0.9963245908454967,0.3222148952529544,0.723034530469122,149.6919024292825,0.18770867344826278,197.79575818090885,0.03824592104068466,167.0,0.29147084385583505,141.5,149.75,158.5,264.5,212.5,181.0,True,
US-Rms,2021,NDVI,13,9,15,13,0.3224077570978373,double_logistic,0.9689498966149812,0.009474574491238815,0.9847275807042254,0.32210796585947843,0.5768537937824083,162.00375601820468,0.1591014840357318,210.20757394751666,0.0355194859037807,181.25,0.17626846485567582,152.75,162.0,172.0,283.5,228.25,195.75,True,
US-Rms,2022,NDVI,24,17,20,6,0.3224077570978373,double_logistic,0.9785804672946977,0.013954523413584979,0.9892640242522504,0.31694626147570076,0.6235085211543312,146.01879236421064,0.3040840260237762,227.60782365656945,0.039013709965826114,161.75,0.2822110816337913,139.75,146.25,152.75,286.5,231.75,187.25,True,
US-Rms,2023,NDVI,19,14,19,10,0.3224077570978373,double_logistic,0.985782350173992,0.0104378587834534,0.9931131849608387,0.33566520386616994,0.6752940284998943,148.4782015857626,0.6894496574718433,211.43188923976817,0.03570491702493736,156.0,0.2965065377897821,,,,,,,False,eos90_too_early
US-Rms,2016,NIRv,13,7,12,12,0.056499469862930814,double_logistic,0.9940847652095908,0.0025344814777417293,0.9972053822228363,0.05900343396392306,0.21034868448282576,147.1299013041349,0.11944154272230544,194.49549516977353,0.037508487404237886,169.0,0.09898318576541663,133.0,146.25,158.5,265.5,213.75,183.75,True,
US-Rms,2017,NIRv,13,7,14,7,0.056499469862930814,double_logistic,0.9968078628504707,0.0023080317303733337,0.9984318524394971,0.05757273752327486,0.20780329527563257,154.18939961455453,0.16467722823499995,204.89462218899519,0.04204576259532835,173.0,0.11259130219192306,143.5,153.75,163.75,264.75,217.25,187.25,True,
US-Rms,2018,NIRv,15,8,16,9,0.056499469862930814,double_logistic,0.9880541090294326,0.00448170125932684,0.9940877381447977,0.0569846870468234,0.23884663818044943,144.32597312560398,0.13025364752481838,186.40912649205845,0.040815322326376975,164.25,0.11682992699211948,,,,,,,False,eos90_too_early
US-Rms,2019,NIRv,14,10,16,8,0.056499469862930814,double_logistic,0.9964600923215654,0.0017039677248447745,0.9982924198720786,0.05495026060468834,0.14264166493258304,156.3084468399673,0.11961498970229481,229.94438217244226,0.05001344193954763,183.75,0.07660287776985618,137.75,155.0,170.0,277.0,235.25,203.5,True,
US-Rms,2020,NIRv,13,11,19,9,0.056499469862930814,double_logistic,0.9933247854216672,0.002546774865025343,0.9967258419165315,0.055769984739326484,0.216998845477191,149.19110135215715,0.13995948626170532,194.70573718461785,0.03574488784025335,169.5,0.10577834987175,138.75,149.0,159.75,269.25,215.0,183.75,True,
US-Rms,2021,NIRv,13,9,15,13,0.056499469862930814,double_logistic,0.9828688635640895,0.0025398127122775145,0.9916123185966778,0.05552835024328088,0.14054864437022052,160.0825004891796,0.15631004677078864,221.87849709557952,0.03712305350669766,181.0,0.06661737569170639,148.5,159.75,170.5,288.5,233.75,198.25,True,
US-Rms,2022,NIRv,24,17,20,6,0.056499469862930814,double_logistic,0.9891873909445934,0.003760417084373756,0.99459755968078,0.057193091266668335,0.2743051034518696,153.36546785780857,0.06298399678964518,198.07666085091986,0.030737229086523758,183.0,0.10418703284963166,125.25,148.25,168.25,295.25,234.75,200.75,True,
US-Rms,2023,NIRv,19,14,19,10,0.056499469862930814,double_logistic,0.9944481684494948,0.002888021099689706,0.9972777550480117,0.05577527792210158,0.19281534882878426,149.2934126638066,0.26462059168246005,218.36252125712275,0.03923179973805412,165.25,0.11989058205745912,142.5,149.5,156.5,278.25,225.0,185.0,True,
US-Ro4,2015,NDVI,15,10,9,10,0.3388599630147638,double_logistic,0.9940485191129189,0.014409939347360396,0.9972003858185008,0.33857813654350966,0.8235877886525859,158.38852821989218,0.08777987475784467,271.28216303866867,0.06313691297584434,207.75,0.4700967062220147,133.0,157.75,180.75,306.75,272.5,240.75,True,
US-Ro4,2017,NDVI,17,9,9,7,0.3388599630147638,double_logistic,0.9957019999112225,0.010901946523840998,0.9978506110991373,0.33115463098731485,0.8250136592592491,155.82901073742127,0.08697577988293044,270.61871291112794,0.06297939717329779,206.25,0.47935783281046535,130.25,155.25,178.5,306.25,271.75,240.0,True,
US-Ro4,2021,NDVI,15,11,12,8,0.3388599630147638,double_logistic,0.9646982816849985,0.02839786838282259,0.9832455621898184,0.3267368555893928,0.7905441265866163,154.98075173432213,0.1012967972989606,276.93186573573496,0.05226542938364618,201.0,0.4508615294763192,133.25,154.5,174.75,319.75,278.0,239.75,True,
US-Ro4,2022,NDVI,15,10,16,6,0.3388599630147638,double_logistic,0.9974078435145225,0.009299951288325685,0.9987034166367169,0.3393578889419865,0.7939883516140815,158.5046540530036,0.10489091069979271,271.80242513929085,0.08745744748697443,211.0,0.45057279743053635,137.5,158.5,178.75,297.25,272.25,247.75,True,
US-Ro4,2023,NDVI,28,16,12,6,0.3388599630147638,double_logistic,0.9941409250288681,0.013040982740893825,0.9970741473131273,0.3286752124899246,0.791381584896439,153.47466892264805,0.08490853863182588,278.1200117646216,0.055536384622171385,206.0,0.44913750186040113,127.25,153.0,176.75,318.5,279.25,243.25,True,
US-Ro4,2024,NDVI,31,16,7,0,0.3388599630147638,double_logistic,0.9938191926340043,0.014924559437704215,0.9969088037323056,0.33555139307348497,0.8336663934139394,144.66457050186176,0.09467510749400433,279.81890872288636,0.06751646861475395,203.0,0.49336371651838334,121.5,144.5,167.0,312.75,280.25,248.75,True,
US-Ro4,2025,NDVI,35,16,9,0,0.3388599630147638,double_logistic,0.982269219270026,0.02412142142848884,0.9914218425739852,0.33808484679346734,0.8325886506251091,154.64497369771365,0.1208771517945812,277.09220663707623,0.06069920094996364,199.5,0.4879143370358537,136.5,154.5,172.0,313.75,277.75,243.0,True,
US-Ro4,2015,NIRv,15,10,9,10,0.0640832511040418,double_logistic,0.9797042991430984,0.013746491905688487,0.9906049044745133,0.06449389961923109,0.30397934281573075,158.5592778422268,0.09780882524113463,259.64403745958487,0.07724509730935304,204.5,0.23350073843891922,136.0,158.25,179.0,288.5,260.5,234.25,True,
US-Ro4,2017,NIRv,17,9,9,7,0.0640832511040418,double_logistic,0.9932633866679966,0.005911580749343391,0.9966516464015082,0.06226506411813922,0.31934400589161577,155.29103898455332,0.07909328097966432,251.65639097609323,0.05850006248457143,198.75,0.23793623835251218,126.75,153.75,177.0,290.75,254.25,223.75,True,
US-Ro4,2021,NIRv,15,11,12,8,0.0640832511040418,double_logistic,0.985408853221329,0.00984943409596545,0.9929406200426927,0.05641871626229741,0.3467432556371647,158.0426033498463,0.07688962908874557,242.89130440020526,0.03932496670517358,193.75,0.23608727024439377,128.5,154.75,176.0,304.75,252.5,216.0,True,
US-Ro4,2022,NIRv,15,10,16,6,0.0640832511040418,double_logistic,0.9929605389015429,0.0073211955573880974,0.9964952442375464,0.06337627757228856,0.30127343724485817,160.71237932310024,0.09543206640589867,257.7316274115815,0.060667370781711076,201.5,0.22554362905797212,137.25,159.75,180.0,295.0,259.5,228.75,True,
US-Ro4,2023,NIRv,28,16,12,6,0.0640832511040418,double_logistic,0.9883827655522994,0.009107505990560342,0.9942049780638375,0.05830479485377701,0.30791020174552425,157.76780027134052,0.08026946077797996,259.6601645261364,0.04488964166891418,199.5,0.2254334058216033,129.5,156.0,178.25,311.25,264.0,226.5,True,
US-Ro4,2024,NIRv,31,16,7,0,0.0640832511040418,double_logistic,0.9973520946893591,0.004391309657545158,0.9986753659747389,0.06264342825464263,0.319406612667483,154.12744441975357,0.08913906231488015,260.8457100538905,0.053661849301153045,198.0,0.24320586295033503,129.0,153.25,174.75,303.0,263.0,228.0,True,
US-Ro4,2025,NIRv,35,16,9,0,0.0640832511040418,double_logistic,0.9800235802713635,0.012517020635763864,0.9903684752081562,0.0649745029158821,0.33679796286021285,157.38321405471135,0.08630481297306593,256.3258406530188,0.058805794720595515,200.25,0.2555710375711912,131.25,156.25,178.25,295.0,258.5,227.25,True,
US-Rpf,2016,NDVI,12,4,22,7,0.4950516912050868,double_logistic,0.9809110298669713,0.012250869384493957,0.990630254294104,0.4892896343055829,0.7393483025266654,145.08597704991342,0.09189350820575713,255.50601539052718,0.1297777061966544,208.25,0.2487655757179198,121.25,145.0,168.5,272.5,255.75,239.0,True,
US-Rpf,2024,NDVI,13,7,22,9,0.4950516912050868,double_logistic,0.8308805133468435,0.04510246095060678,0.9194222651796061,0.4916211391431342,0.9154722082616983,155.12445389688511,0.07561493037907002,249.5149363576111,0.03361671057276299,193.25,0.3458253881957345,125.75,152.25,174.25,321.75,260.75,218.0,True,
US-Rpf,2016,NIRv,12,4,22,7,0.07705298591998086,double_logistic,0.9420411252496709,0.010114295463817402,0.9712883313022269,0.0743565512158867,0.18726634211342996,137.95153895201815,0.12561800316866778,249.73271230050136,0.11200403763526058,191.0,0.11260912492354043,120.5,138.0,155.25,269.5,250.0,230.5,True,
US-Rpf,2024,NIRv,13,7,22,9,0.07705298591998086,double_logistic,0.9904986871656377,0.007439831197404814,0.9953498199122836,0.07567340306614781,0.252722535364048,147.90111375901435,0.13321065812725974,247.71077582035534,0.11666896086216075,195.0,0.1763390689552671,131.5,148.0,164.25,266.75,248.0,229.25,True,
US-Rwf,2014,NDVI,15,6,7,9,0.2460824305907156,double_logistic,0.9712364286951993,0.011488508820785706,0.9875129109832758,0.2530684391656898,0.5147822435746164,123.70295274597105,0.08767003748549955,182.56279297400127,0.05109564071569395,150.5,0.19633185438822254,,,,,,,False,eos90_too_early
US-Rwf,2015,NDVI,12,6,8,18,0.2460824305907156,double_logistic,0.9328982347035278,0.01946306462230514,0.966723738943016,0.24838152677708816,0.6690171231093689,136.01353650880705,0.05518267113739446,177.5297771412179,0.04458806512894007,159.0,0.20023531663835678,,,,,,,False,eos90_too_early
US-Rwf,2016,NDVI,17,9,11,9,0.2460824305907156,double_logistic,0.9930564582127952,0.006535899589417856,0.9965251583461147,0.24553043958724424,0.7067584198484842,122.44207625714,0.08661868187195182,164.5015704836967,0.032511721560843275,148.25,0.24559927691728756,,,,,,,False,eos90_too_early
US-Rwf,2017,NDVI,13,7,10,13,0.2460824305907156,double_logistic,0.9906799173109859,0.007590843294780766,0.9955171867709922,0.2552963264416874,0.7078248791183132,139.9964089138323,0.08050304963532062,180.50825779063086,0.04374922889261257,163.0,0.24753055348260888,,,,,,,False,eos90_too_early
US-Rwf,2018,NDVI,14,8,11,10,0.2460824305907156,double_logistic,0.9941732911272805,0.006999629962112176,0.9970991504549592,0.25082126002055133,0.5069562608871623,123.62853978671313,0.2702190222426607,196.6527918909738,0.05961796569025582,141.5,0.24488779167648528,,,,,,,False,eos90_too_early
US-Rwf,2019,NDVI,15,10,14,8,0.2460824305907156,double_logistic,0.9923195068124756,0.007136977323043694,0.9961729933805564,0.24467733570413275,0.5695066654921728,133.4700628817218,0.10766809759103452,196.57344041333297,0.03265879086333018,159.5,0.2316850561334337,,,,,,,False,eos90_too_early
US-Rwf,2020,NDVI,16,12,15,5,0.2460824305907156,double_logistic,0.9755437232124844,0.00924954671096864,0.987892446191299,0.25052700397014915,0.6782529244062893,138.73720015102282,0.0974257455896569,179.8439950430707,0.0389087377065471,161.5,0.24510989399293848,,,,,,,False,eos90_too_early
US-Rwf,2021,NDVI,20,10,12,5,0.2460824305907156,double_logistic,0.9673177499000487,0.009093851273289724,0.9843331141419592,0.24957875507793165,0.5001834603737683,147.0373480257727,0.11906330968765162,180.2390389439967,0.04565904756445869,166.0,0.1409299844831719,,,,,,,False,eos90_too_early
US-Rwf,2022,NDVI,28,19,16,6,0.2460824305907156,double_logistic,0.9761432895377881,0.012582175601130199,0.9880160147023204,0.25067486538736117,0.6807968697272521,129.6731891639746,0.07962610688281516,182.34850902749517,0.028560058820342252,159.0,0.24626336837056817,,,,,,,False,eos90_too_early
US-Rwf,2023,NDVI,27,20,18,3,0.2460824305907156,double_logistic,0.9625731619717733,0.01226296420772866,0.9819786930121125,0.27361021948337383,0.7317835579970454,142.0901452396238,0.11403177228581926,171.51808047076364,0.035045926078755,163.25,0.2243873658826362,,,,,,,False,eos90_too_early
US-Rwf,2014,NIRv,15,6,7,9,0.03592650227337524,double_logistic,0.9921354754039884,0.0019185424677127354,0.9961850032040398,0.03606308355652428,0.1393955812669463,124.6079260410494,0.07663772090991514,178.42320882990813,0.03398363431077681,152.75,0.06216033670092527,,,,,,,False,eos90_too_early
US-Rwf,2015,NIRv,12,6,8,18,0.03592650227337524,double_logistic,0.971664451660251,0.003977443443308478,0.9859529894991519,0.03587049393434076,0.171597318227498,132.25357802167593,0.05147913923523971,181.22678969844185,0.03493775863156701,161.25,0.0657211863867961,,,,,,,False,eos90_too_early
US-Rwf,2016,NIRv,17,9,11,9,0.03592650227337524,double_logistic,0.9755095935146626,0.0035500830760142464,0.9880824061856224,0.038343196577001866,0.18421412855056982,123.77032473376389,0.07340663589760298,166.98956281301062,0.029319132844926207,152.75,0.07241198257356951,,,,,,,False,eos90_too_early
US-Rwf,2017,NIRv,13,7,10,13,0.03592650227337524,double_logistic,0.9839780272794836,0.0033009314133139703,0.9923742511256074,0.03849401010757734,0.18882979951926787,140.83702411873335,0.07542571940203936,184.6025689352506,0.03772283373968321,166.25,0.08091990339864094,114.5,136.0,153.5,260.75,210.5,181.75,True,
US-Rwf,2018,NIRv,14,8,11,10,0.03592650227337524,double_logistic,0.9807783671482462,0.003787234694846034,0.9904884536416834,0.03670747299883034,0.18803539732053273,132.7516954949481,0.07263920290767623,175.1918917858251,0.03305801800900363,160.0,0.07590388504807284,,,,,,,False,eos90_too_early
US-Rwf,2019,NIRv,15,10,14,8,0.03592650227337524,double_logistic,0.994659017648742,0.0019760107806667884,0.997399077883541,0.034412593132057065,0.12969874694808206,133.31577325208562,0.11035459016925386,208.93397604928037,0.033572217199887,161.25,0.07511505834016628,115.5,132.25,147.25,282.25,221.75,181.75,True,
US-Rwf,2020,NIRv,16,12,15,5,0.03592650227337524,double_logistic,0.9852889657381111,0.002284882190467732,0.9926533090559089,0.03628325294343671,0.16952845943142536,136.4977370549028,0.08926973243711799,180.39487786018074,0.03211183047002306,162.25,0.07334697542041227,,,,,,,False,eos90_too_early
US-Rwf,2021,NIRv,20,10,12,5,0.03592650227337524,double_logistic,0.9880252292427439,0.0018397712968236048,0.9941655355603349,0.037264792151726706,0.12468353563017899,144.0218462630843,0.08735658534188338,184.31124329585288,0.037392210797748626,168.0,0.047057782440190044,124.25,141.25,156.25,261.0,210.75,182.5,True,
US-Rwf,2022,NIRv,28,19,16,6,0.03592650227337524,double_logistic,0.9826066929658802,0.0031787148799582313,0.9912659776810135,0.03680628629157369,0.163033501410529,130.44213713607058,0.07042211337691537,189.87855864357175,0.025591050621517352,163.5,0.07242969349617179,107.5,128.25,147.75,299.25,225.25,183.75,True,
US-Rwf,2023,NIRv,27,20,18,3,0.03592650227337524,double_logistic,0.9835359114086503,0.0030548289289144227,0.9917365485830042,0.035754396100675274,0.1586447583599365,139.49883522720964,0.11161768015159232,192.0517193122077,0.029891157059826288,164.25,0.07830531226275109,126.5,139.25,152.5,282.0,217.5,181.0,True,
US-Rws,2014,NDVI,16,8,4,10,0.2238182374596088,double_logistic,0.9346031216774484,0.008914294049685188,0.9689132762518646,0.2392965486469106,0.4118616016962378,97.54696731024997,0.01852458927309186,143.74385070597452,0.07726611471511786,108.75,0.08437572888776665,,,,,,,False,dates_missing_or_out_of_order;eos90_too_early
US-Rws,2015,NDVI,17,8,6,10,0.2238182374596088,double_logistic,0.8122993665629895,0.018731918715193557,0.9134902289869142,0.22569721337893597,0.3524015752073315,57.97235488814964,0.05423474959138796,146.0413650752685,0.07208517130416528,105.75,0.11129174426840274,,,,,,,False,eos90_too_early
US-Rws,2016,NDVI,21,10,8,7,0.2238182374596088,double_logistic,0.9688323728269492,0.009475054596977894,0.9852756989844501,0.22288404206245319,0.38414603442134465,58.993265345405725,0.055275699839131345,139.60285732797772,0.08562679939412976,104.5,0.1415958580192858,,,,,,,False,eos90_too_early
US-Rws,2017,NDVI,16,9,8,14,0.2238182374596088,double_logistic,0.9892594387999631,0.004424375747404458,0.9946821590321641,0.2239297045618509,0.4709036269352242,86.9500924841297,0.06932603181506802,130.54448972406928,0.04590851681224825,110.75,0.13623725881515558,,,,,,,False,eos90_too_early
US-Rws,2018,NDVI,18,9,6,7,0.2238182374596088,double_logistic,0.9982818186260723,0.001548118322696385,0.9991468019247621,0.223755526897697,0.3214783644801637,80.17491397489808,0.8304175508882168,148.79418943767473,0.13074891923581491,91.5,0.09766029207753069,,,,,,,False,eos90_too_early
US-Rws,2019,NDVI,19,10,6,6,0.2238182374596088,double_logistic,0.9558282573266791,0.009068887426082405,0.977836069972553,0.22191139235614293,0.3893000748172481,75.87580164242617,0.0792448960582843,147.2022071612095,0.04176906154159226,107.25,0.12798256786783663,,,,,,,False,eos90_too_early
US-Rws,2020,NDVI,21,13,3,8,0.2238182374596088,double_logistic,0.9438587251040454,0.0069047794428898305,0.9723294597969098,0.22361094476150722,0.4039027088286638,100.79180820452015,0.05089307586518991,138.35133274854488,0.06419868763687389,117.75,0.08886740185120667,,,,,,,False,eos90_too_early
US-Rws,2021,NDVI,24,11,2,8,0.2238182374596088,double_logistic,0.34167185873114514,0.010477711204802708,0.635188713932809,0.22450940759867977,0.2571358841315349,76.00886831762975,0.9569569949745493,120.00000000000001,0.06719430807797,81.5,0.03017373537979362,,,,,,,False,low_r2;eos90_too_early
US-Rws,2022,NDVI,34,20,9,7,0.2238182374596088,double_logistic,0.9315528740627006,0.004415103723359414,0.9654341878665639,0.2243010092371491,0.42238909989637613,119.72950722434372,0.0411348885637214,152.45162303772912,0.07029271415519282,129.75,0.08577968989796961,,,,,,,False,eos90_too_early
US-Rws,2023,NDVI,33,20,6,3,0.2238182374596088,double_logistic,0.7764563389823962,0.017660888449873468,0.8919380034632496,0.22807179075822362,0.34593346316088563,120.51619744605897,0.17912011318286594,178.51989253744318,0.12796383081554477,145.75,0.11483923101818697,,,,,,,False,low_r2;eos90_too_early
US-Rws,2014,NIRv,16,8,4,10,0.0322274047925282,double_logistic,0.9607744259209758,0.0017383948894136795,0.9815356597521797,0.03390021905153004,0.0910734438680537,86.90761523253538,0.04672173248761157,138.10136026431533,0.04003878404011361,114.0,0.028823485400526094,,,,,,,False,eos90_too_early
US-Rws,2015,NIRv,17,8,6,10,0.0322274047925282,double_logistic,0.8844285244329586,0.0038425092317885333,0.9420844675192254,0.037430632242482206,0.10312236705070539,85.48537494150666,0.0649736163719001,127.06887759723543,0.03202900040829933,113.75,0.03071667179183242,,,,,,,False,eos90_too_early
US-Rws,2016,NIRv,21,10,8,7,0.0322274047925282,double_logistic,0.9067535619276138,0.0039625113259377405,0.952854378758372,0.03354894891727134,0.10930123573146301,77.08251680272605,0.05203842860371853,128.80691171574696,0.03179013681522273,108.25,0.037335140968194014,,,,,,,False,eos90_too_early
US-Rws,2017,NIRv,16,9,8,14,0.0322274047925282,double_logistic,0.9673068458256335,0.001979994519106323,0.9835300502374835,0.031940592280856675,0.07903466895592258,74.3767125927579,0.07086959123996463,180.97031762531088,0.02215159641739939,115.75,0.03572545863204339,,,,,,,False,eos90_too_early
US-Rws,2018,NIRv,18,9,6,7,0.0322274047925282,double_logistic,0.954559211841451,0.0021970938454524604,0.9776791268547733,0.03143920932345436,0.06820671685577408,77.90559508198353,0.11605388017723685,161.43606687384346,0.031004261669318498,106.25,0.02981964160735255,,,,,,,False,eos90_too_early
US-Rws,2019,NIRv,19,10,6,6,0.0322274047925282,double_logistic,0.9763782371814814,0.001995549650851485,0.9884702786315621,0.033191088795403396,0.0987293793830125,95.53592426457922,0.07212174882005949,152.8369168071287,0.027095541876478783,127.25,0.03765281874447451,,,,,,,False,eos90_too_early
US-Rws,2020,NIRv,21,13,3,8,0.0322274047925282,double_logistic,0.9921002894383827,0.0008125625341010103,0.9960657601266039,0.032161225089200295,0.06636936288169092,81.27289245484408,0.0790219994621012,181.49068944392812,0.033763560266263586,120.0,0.028864405829673513,,,,,,,False,eos90_too_early
US-Rws,2021,NIRv,24,11,2,8,0.0322274047925282,double_logistic,0.9191030084599072,0.0016252961495741801,0.9599221654725089,0.03181464787862921,0.05243454180384412,97.37718988710989,0.041430524914447764,183.15201643774165,0.05192304812096366,142.0,0.01563818612743529,,,,,,,False,eos90_too_early
US-Rws,2022,NIRv,34,20,9,7,0.0322274047925282,double_logistic,0.8839918735179735,0.002380284680807546,0.9423819875974672,0.03341701984591827,0.07791866188738952,94.98733856783532,0.056080419029070745,164.11329001291162,0.023040203367280226,133.75,0.025186514236255945,,,,,,,False,eos90_too_early
US-Rws,2023,NIRv,33,20,6,3,0.0322274047925282,double_logistic,0.9719656198445132,0.0019058694133155074,0.9859081592503286,0.037212231688064985,0.11337706647056763,119.10953974005885,0.09136886032908388,151.98874554456148,0.029705206554606636,144.75,0.03548567877044883,,,,,,,False,eos90_too_early
US-SRG,2013,NDVI,21,15,0,13,,double_logistic,0.898018729763522,0.01771179326449023,0.9487974405402113,0.21080526382557144,0.6346177526936407,226.11991486177814,0.062176233038810584,256.42958812415964,0.05263637941833666,243.5,0.17396571088765447,182.25,212.0,231.5,314.5,278.0,256.25,True,
US-SRG,2014,NDVI,29,11,0,3,,double_logistic,0.9359047270791608,0.016476103792518085,0.9674878222528897,0.22525241631010393,0.38900526300935623,194.10116177651855,0.29499160479867437,315.7602221739062,0.06691713496664206,220.75,0.16340643978907135,186.75,194.25,201.5,348.75,316.0,283.25,True,
US-SRG,2015,NDVI,27,12,0,4,,double_logistic,0.8841729747483816,0.028310609863143994,0.9403968146512112,0.19380540019933168,0.7465023847354761,239.542661264046,0.0186887557084549,312.0602108428513,0.03753188398263853,263.25,0.26030958963070944,79.0,178.5,234.25,360.0,321.5,288.0,True,
US-SRG,2016,NDVI,27,10,0,3,,double_logistic,0.9085061307019796,0.030108592324407824,0.9533166383862183,0.201804485835126,0.9042585366881887,221.2582913902591,0.030991082398012303,273.7367413477667,0.04115661254166192,242.5,0.3106816944250088,123.75,185.25,221.75,336.0,292.0,262.0,True,
US-SRG,2017,NDVI,26,13,0,6,,double_logistic,0.9258797063947181,0.022572780791499325,0.9626492440919913,0.2034661875084502,0.555748423721344,199.74725013927286,0.1585256127166804,259.4269777972349,0.028436388196502686,220.75,0.25211258865788344,191.0,200.25,210.5,349.75,280.0,238.25,True,
US-SRG,2018,NDVI,21,9,0,10,,double_logistic,0.877369504930138,0.031236757689042122,0.9367097066976434,0.22104577992349622,0.44268426283719564,182.5762120333486,0.10972294759757037,329.57191346742604,0.043402444357860094,230.5,0.21752389684326562,,,,,,,False,dates_missing_or_out_of_order
US-SRG,2019,NDVI,20,7,0,10,,double_logistic,0.8198441417502121,0.03426559093239911,0.9070467656911287,0.2612206897173245,0.4881801643371483,209.87666061075828,0.15641832457608124,301.53678647879724,0.03601389235715195,235.5,0.20365229144177638,196.75,209.5,221.75,366.0,307.5,261.75,True,
US-SRG,2020,NDVI,22,11,0,9,,double_logistic,0.755825252643566,0.015032654105885362,0.8702279947766509,0.21867987601419023,0.2851933758167759,68.21650846824345,0.13646659539160697,272.3299499134141,0.06506549487019121,137.75,0.06649799668625009,,,,,,,False,low_r2
US-SRG,2021,NDVI,27,12,0,10,,double_logistic,0.9787453195469075,0.018382157919410964,0.9896565436630756,0.18839425536699692,0.7737414921726995,204.71034762027554,0.09233325573323767,271.1659993058999,0.026675272393944325,234.25,0.39023819676422666,,,,,,,False,dates_missing_or_out_of_order
US-SRG,2022,NDVI,62,28,0,0,,double_logistic,0.9500953511616559,0.03127540131426861,0.9749721695255349,0.21697053439034963,0.6599919943179953,195.54587943349657,0.08733633484279808,299.81375431993433,0.03678807208492841,234.25,0.39199313314943107,170.0,194.0,214.5,363.25,306.25,262.5,True,
US-SRG,2023,NDVI,56,22,0,0,,double_logistic,0.8484445969988034,0.03254967860434709,0.9211988269562669,0.1418719766494112,0.4435307276721768,133.9594064501168,0.020650102582747517,335.8562265960726,0.03417198246752244,249.25,0.2612544011384573,,,,,,,False,dates_missing_or_out_of_order
US-SRG,2024,NDVI,59,28,0,3,,double_logistic,0.7341010258933289,0.0283202010625905,0.8571970488572588,0.20397004201759564,0.6643374494995198,195.2759732157092,0.017986030569996387,267.9843141669599,0.0223241031437432,220.5,0.16306809759340032,,,,,,,False,low_r2;dates_missing_or_out_of_order
US-SRG,2025,NDVI,60,24,0,0,,double_logistic,0.9184507253567196,0.011569610671860603,0.9591352204673329,0.21488703658015718,0.4278146173336946,204.87914267743557,0.03220775329264789,244.5037329415921,0.011233270341420853,275.5,0.06825773890403608,,,,,,,False,dates_missing_or_out_of_order
US-SRG,2013,NIRv,21,15,0,13,,double_logistic,0.8287768230605161,0.006516759603138145,0.9128688707754626,0.0500772320118075,0.16982879472194332,224.29078992833252,0.029555656190251304,268.00566685941,0.04464449392659685,237.0,0.04700108934353303,117.25,180.75,217.0,317.5,282.0,255.25,True,
US-SRG,2014,NIRv,29,11,0,3,,double_logistic,0.7740255458367704,0.009103676432883517,0.8807971726577345,0.0450671016231,0.18088492948102888,238.25675894517178,0.01631505036236481,301.1145954352886,0.03286405007459714,247.0,0.053118828592571735,,,,,,,False,low_r2
US-SRG,2015,NIRv,27,12,0,4,,double_logistic,0.9332104707855264,0.007004366895680598,0.9660598739658021,0.03703525090860118,0.22191775692863597,223.84581479565685,0.02006963969944278,298.05754905614316,0.03372385844247443,250.25,0.08563559167347401,73.75,167.5,221.25,361.5,313.5,276.5,True,
US-SRG,2016,NIRv,27,10,0,3,,double_logistic,0.8671936328040475,0.011053395938902862,0.9328154433071962,0.03879897842922469,0.26700429502553574,221.60780160752313,0.02033909110797538,282.03274871187506,0.03231493343512783,237.0,0.0886429050729512,65.25,157.0,209.0,346.0,299.25,262.5,True,
US-SRG,2017,NIRv,26,13,0,6,,double_logistic,0.9476538147874665,0.007620634315037856,0.973773131020505,0.04407800789910706,0.1813183723894353,197.22223311624052,0.15447468115642735,263.8296786011749,0.024168991812150376,219.5,0.09796710118289273,,,,,,,False,dates_missing_or_out_of_order
US-SRG,2018,NIRv,21,9,0,10,,double_logistic,0.8426961114467035,0.009120538859556914,0.9200695612242019,0.058158151455079514,0.2052602992846068,196.0760429212872,0.03558747757490858,258.7466349972753,0.02888341776278766,231.0,0.06859936843094866,121.25,174.0,208.75,361.25,294.75,254.5,True,
US-SRG,2019,NIRv,20,7,0,10,,double_logistic,0.8293706614585619,0.00845693501378195,0.9139850381755101,0.040414875354252575,0.08662563378072013,96.30077798326573,0.09611741786871948,331.70570561286956,0.11573424387428431,224.0,0.046210364270769744,73.5,96.5,119.25,350.75,331.75,312.75,True,
US-SRG,2020,NIRv,22,11,0,9,,double_logistic,0.8657057244796365,0.004149492710402587,0.9307043030670561,0.042466592862123724,0.07217147036707162,98.20316469418044,0.0629307863616932,278.2583073364612,0.04278973424593937,174.75,0.02911643472962546,63.0,97.75,130.5,330.25,279.25,231.25,True,
US-SRG,2021,NIRv,27,12,0,10,,double_logistic,0.9629486165651616,0.007248948476764434,0.9822253357192993,0.04406966463405238,0.21867014117419148,206.82056359925085,0.09971035698115163,270.45917642143064,0.032520845800950375,234.0,0.12284652917342423,188.25,205.25,220.75,350.0,289.25,252.25,True,
US-SRG,2022,NIRv,62,28,0,0,,double_logistic,0.916567854584332,0.011582842076927552,0.9574164504919755,0.04924367651892468,0.21916025158512983,196.22012089582458,0.05066770815564099,277.84929378033434,0.03271732298638026,236.0,0.11548736830820645,148.75,187.5,215.75,357.75,297.5,258.75,True,
US-SRG,2023,NIRv,56,22,0,0,,double_logistic,0.860308003420651,0.009715309909938257,0.9285243687914843,0.03516530608966755,0.09239141077740141,110.30256451693944,0.10102681708727941,334.0874208642163,0.06126112564018601,197.75,0.057204277494926146,,,,,,,False,dates_missing_or_out_of_order
US-SRG,2024,NIRv,59,28,0,3,,double_logistic,0.8117137642220286,0.006607219311459329,0.9028900182568558,0.03220667576574244,0.16329004016765916,146.16227182669002,0.01857928832157196,242.64512958327376,0.014303582232378684,208.75,0.049907810629606746,,,,,,,False,dates_missing_or_out_of_order
US-SRG,2025,NIRv,60,24,0,0,,double_logistic,0.8894645905337576,0.0029004659048739866,0.9431256811592291,0.04398582990596295,0.07304126891452564,177.3356021119706,0.031058935872171956,321.5165485403764,0.03351972840252121,250.75,0.02388050842114421,,,,,,,False,dates_missing_or_out_of_order
US-SRM,2014,NDVI,14,6,0,21,,double_logistic,0.8205044411005464,0.019311775593114724,0.9066150547942886,0.2047612294955749,0.31564664272392196,194.7779399356128,0.30629737581600247,320.09839423808427,0.06193936191960802,220.25,0.11061202111997159,187.75,195.0,202.0,355.75,320.25,285.25,True,
US-SRM,2015,NDVI,16,6,0,18,,double_logistic,0.8157957456156333,0.01930759728880337,0.9032293063976731,0.1250068100779732,0.3834646267875728,165.92426040495192,0.010000000000000002,359.2440444990288,0.0379438096896373,282.0,0.18371824627667094,,,,,,,False,dates_missing_or_out_of_order
US-SRM,2016,NDVI,18,7,0,11,,double_logistic,0.9129069396084099,0.02515065927324559,0.9556122233382853,0.2215842189528943,0.740667449467585,211.1043267128772,0.05035599295801736,258.59053695384625,0.03804524845873593,238.0,0.2498075958576675,160.25,197.0,221.75,336.0,285.75,255.5,True,
US-SRM,2017,NDVI,16,8,0,13,,double_logistic,0.911532095289983,0.022539184531457035,0.9587654800291142,0.2040985209560871,0.5033611137746088,198.07706766878786,0.17475408021543393,246.46727470935184,0.02869071373236269,217.0,0.19879190838674382,191.5,199.0,208.0,338.75,271.0,232.5,True,
US-SRM,2018,NDVI,15,7,0,21,,double_logistic,0.9564019295563866,0.01947714721388269,0.9793105160895652,0.21321483824919316,0.4877623096190059,200.87098025637323,0.07299653188665482,321.9285598529965,0.021287061262985164,244.0,0.21934330953458894,,,,,,,False,dates_missing_or_out_of_order
US-SRM,2019,NDVI,14,6,0,17,,double_logistic,0.6807427344923994,0.034721025141824645,0.8258589647114546,0.14055804720547682,0.44221013565992306,103.94554869723146,0.010000000000000023,354.4302531052888,0.04838433518804084,280.0,0.24937982600586406,,,,,,,False,low_r2;dates_missing_or_out_of_order
US-SRM,2020,NDVI,15,8,0,15,,fit_failed,,,,,,,,,,,,,,,,,,False,fit_failed
US-SRM,2021,NDVI,19,11,0,12,,double_logistic,0.9733096332899193,0.020977790694768458,0.9866445675386487,0.20824078477630792,0.9220872766024352,213.7137463702615,0.10666708193716523,250.12433690425203,0.03227134814424533,236.75,0.3764431320033379,202.5,213.75,226.25,339.75,282.0,251.0,True,
US-SRM,2022,NDVI,37,15,0,0,,double_logistic,0.951346128828304,0.02633056414902694,0.9760241382202597,0.21198426615432883,0.8825982274895364,201.4783054061225,0.06731881357230678,249.48870024061412,0.027978098803475997,232.5,0.3396024140627256,178.0,198.25,217.5,354.25,287.75,251.0,True,
US-SRM,2023,NDVI,32,13,0,3,,double_logistic,0.751687692441134,0.02862284099601045,0.8708467592228628,0.18759456955048331,0.6089609855653042,231.645963297438,0.02046724261359266,294.74116446915946,0.02428992218875477,254.75,0.143879418797,,,,,,,False,low_r2;dates_missing_or_out_of_order
US-SRM,2024,NDVI,36,16,0,3,,double_logistic,0.6318681229008791,0.023423643467130183,0.7963655365414513,0.2556825277087784,0.42665172404162804,200.04921754350923,0.08858645509496998,237.17391963746115,0.0610979441309358,219.25,0.1017266170099822,,,,,,,False,low_r2
US-SRM,2025,NDVI,31,12,0,3,,fit_failed,,,,,,,,,,,,,,,,,,False,fit_failed
US-SRM,2014,NIRv,14,6,0,21,,double_logistic,0.833693197420298,0.0055122886810566995,0.914558565457319,0.03074133075872469,0.10165691115618768,161.3164308883331,0.014348594245637752,313.7680078878177,0.03588421991320006,244.75,0.04896772687680663,,,,,,,False,dates_missing_or_out_of_order
US-SRM,2015,NIRv,16,6,0,18,,double_logistic,0.8868207143416094,0.005025783344578946,0.9418239288980914,-0.0007767067252421043,0.09589896328609411,85.1734538941216,0.011111981286671518,363.8191168197062,0.028181862062931308,256.75,0.0796594006624924,,,,,,,False,dates_missing_or_out_of_order
US-SRM,2016,NIRv,18,7,0,11,,double_logistic,0.8796269426834171,0.010815346707647742,0.9388587131366393,0.049682200945701166,0.24451800783619512,220.10952636509643,0.0320878743164409,271.1862899147489,0.045437759061706044,240.5,0.08947956798666565,126.75,186.0,221.0,325.25,286.25,258.75,True,
US-SRM,2017,NIRv,16,8,0,13,,double_logistic,0.7022420072849794,0.012748797688682126,0.8491423743880417,0.042585468778842325,0.1850273196371696,191.69897214048257,0.031694828177802704,239.91753900438292,0.023252547614377655,228.75,0.0467896053701949,,,,,,,False,low_r2;dates_missing_or_out_of_order
US-SRM,2018,NIRv,15,7,0,21,,double_logistic,0.9546698785861232,0.005987663637467924,0.9781211188529697,0.04909016192893541,0.1747331550833692,204.24359277160463,0.0455697123843902,277.80923859879795,0.028943869130304153,243.0,0.0736905760885022,,,,,,,False,dates_missing_or_out_of_order
US-SRM,2019,NIRv,14,6,0,17,,double_logistic,0.9409299538397423,0.005144580150017253,0.9702720588057115,0.04189481931392677,0.09252132338215485,97.04067198497798,0.17937531602581994,332.1028960706392,0.07813400439875165,171.5,0.05062624419848394,85.0,97.25,109.5,360.25,332.25,304.0,True,
US-SRM,2020,NIRv,15,8,0,15,,double_logistic,0.8154383514948428,0.003521772157366574,0.9097925425375798,0.047856755928213625,0.06725586347263214,127.25884193627185,0.9999850295861693,254.45988580407663,0.03924656884932915,135.25,0.019213942548673917,125.25,127.5,129.5,310.75,255.0,201.0,True,
US-SRM,2021,NIRv,19,11,0,12,,double_logistic,0.9647768805129924,0.00863454807552432,0.9823229766681932,0.05093150617714391,0.3117546203807253,216.66077301292006,0.11195348806786351,250.91027378995267,0.04131841326359328,237.0,0.1426224559338432,203.0,215.25,227.25,320.0,274.5,249.25,True,
US-SRM,2022,NIRv,37,15,0,0,,double_logistic,0.9430005897993455,0.008398884215868313,0.9716739989970834,0.04668816388042254,0.2850806404669638,211.2198270568563,0.05995852434906665,248.48873699184574,0.04518981235113889,233.0,0.1084686701357826,168.75,199.0,219.75,315.0,272.75,247.5,True,
US-SRM,2023,NIRv,32,13,0,3,,double_logistic,0.8201833460811554,0.007387017110375831,0.9077950319588338,0.02186341080928345,0.1536413892688081,208.37023638449546,0.015195172346010692,305.7626019802398,0.01990728436526134,245.0,0.05348813820401367,,,,,,,False,dates_missing_or_out_of_order
US-SRM,2024,NIRv,36,16,0,3,,double_logistic,0.8031858000224326,0.005395559906090323,0.8965334120332653,0.037191742177139074,0.1337181886353492,144.86060269078155,0.021715772404886098,233.283066708615,0.017176749420371094,198.5,0.03931354071410218,,,,,,,False,dates_missing_or_out_of_order
US-SRM,2025,NIRv,31,12,0,3,,double_logistic,0.9284769043519269,0.0021023660298224436,0.9635964924310081,0.04241379007644817,0.07290023234177051,181.6677319686387,0.0680946248548592,269.01891147926904,0.0344084579418675,219.5,0.02363771720986673,148.25,177.5,200.75,341.0,282.25,242.75,True,
US-Seg,2013,NDVI,21,12,3,16,0.13464708472799253,double_logistic,0.9394671912334136,0.014204645070169594,0.9711526802863982,0.14547182689874336,0.4522437222848344,212.93096009796045,0.0686880246427167,263.32226533779163,0.026462232622284254,244.75,0.15933698227580892,,,,,,,False,dates_missing_or_out_of_order
US-Seg,2014,NDVI,25,8,1,7,0.13464708472799253,double_logistic,0.9758479933082439,0.007763759979364843,0.9879364813591809,0.15178852304512283,0.27416138922148703,223.21505301407524,0.39507337006248205,306.15775957843016,0.08937900502957598,241.5,0.121906557027639,217.75,223.25,228.75,331.0,306.25,282.0,True,
US-Seg,2015,NDVI,27,12,3,3,0.13464708472799253,double_logistic,0.8621242325787406,0.005709273546936008,0.9288489326024431,0.13987652829037353,0.2078639186869468,194.10777220098348,0.016469441911728805,288.0346096616927,0.06032770837382665,243.0,0.04277116471747375,30.25,147.0,213.0,312.5,289.0,264.75,True,
US-Seg,2016,NDVI,34,15,2,3,0.13464708472799253,double_logistic,0.7671265511603284,0.014485785710611005,0.8772435550711006,0.16273426718920728,0.33353509104430407,228.84692265836577,0.1377446670131219,254.07290495038038,0.08369981227215934,242.0,0.1012324820517371,,,,,,,False,low_r2
US-Seg,2017,NDVI,32,12,0,3,0.13464708472799253,double_logistic,0.8867601363080937,0.00994667455021303,0.941877885234658,0.15151037627968872,0.24805136524999385,209.25845904174724,0.1254766756953641,300.21611215509085,0.030882264667521336,237.5,0.0816646561260041,,,,,,,False,dates_missing_or_out_of_order
US-Seg,2018,NDVI,36,18,0,3,0.13464708472799253,double_logistic,0.9091577419859282,0.010271149627591665,0.9547660456372583,0.14750124966077163,0.2738814299605273,201.91880386724569,0.1390393641561597,261.8843157752124,0.04997076467793535,224.25,0.10423544757384565,186.75,200.75,213.0,310.25,269.0,240.25,True,
US-Seg,2019,NDVI,29,14,1,0,0.13464708472799253,double_logistic,0.7243652979891322,0.007710355555191636,0.8520015720930011,0.13838009172995575,0.16650592214228715,96.64393396693994,0.4988150963577145,304.6529272190173,0.1688869694814499,151.0,0.02812583041213315,,,,,,,False,low_r2
US-Seg,2020,NDVI,34,16,0,0,0.13464708472799253,double_logistic,0.7852265638049146,0.008422142657193049,0.8886546467739191,0.14043321184420632,0.25469632951012444,202.5511058035616,0.04508935266865321,247.09229003223294,0.04143772182768777,226.0,0.05116178105127406,,,,,,,False,low_r2
US-Seg,2021,NDVI,40,22,0,0,0.13464708472799253,double_logistic,0.9053931065025356,0.01653684687623048,0.9542972157707861,0.14579041753483296,0.46543960207274726,207.5718783300395,0.05697286489989482,249.45859762266753,0.024319007083933898,242.5,0.13487414022527233,,,,,,,False,dates_missing_or_out_of_order
US-Seg,2022,NDVI,66,26,0,0,0.13464708472799253,double_logistic,0.8360815430884523,0.015290362737734984,0.9150982754836011,0.15492327277881054,0.4050002065130134,194.08753084774077,0.0780786919646622,224.6738770993186,0.029290028692270802,221.5,0.10452857677029961,180.5,194.25,209.25,331.75,269.75,237.25,True,
US-Seg,2023,NDVI,67,31,0,0,0.13464708472799253,double_logistic,0.8146519877385971,0.007687306815294883,0.9033530535570483,0.14826034343878142,0.21229565129890884,239.99999999999997,0.09427104312839657,289.7936381041378,0.10745860735161233,265.75,0.05434700637162221,215.0,237.0,253.75,312.0,292.5,277.5,True,
US-Seg,2024,NDVI,65,33,0,3,0.13464708472799253,double_logistic,0.748923312990641,0.010226103380404129,0.8680986803265262,0.14448853685849156,0.29107815962141553,200.85674372396076,0.053244516541722235,230.3032945671969,0.046086080882946856,218.75,0.051557747832927714,,,,,,,False,low_r2
US-Seg,2025,NDVI,56,24,0,0,0.13464708472799253,double_logistic,0.9294245792758221,0.00945146796408222,0.9640826067951879,0.13640252564093644,0.2346593225000041,172.28319290850453,0.13569075555499635,302.1794809732704,0.027689234020371663,204.75,0.09087085773665407,,,,,,,False,dates_missing_or_out_of_order
US-Seg,2013,NIRv,21,12,3,16,0.02871560343446889,double_logistic,0.9741309471319863,0.0028966088775640706,0.9871869368297838,0.04352828601464508,0.09160707169666242,210.30822389414746,0.27488245005017276,294.7770074717411,0.08499465182402957,233.5,0.047735390470801616,202.5,210.5,218.25,320.75,295.0,269.75,True,
US-Seg,2014,NIRv,25,8,1,7,0.02871560343446889,double_logistic,0.9527028798021985,0.002916539374817819,0.9769993621490254,0.04361611860907521,0.0820443155390326,224.30833946551036,0.25151584178845887,284.95042606476073,0.12660067890948398,246.5,0.03799073919673094,215.75,224.25,232.75,302.5,285.25,268.5,True,
US-Seg,2015,NIRv,27,12,3,3,0.02871560343446889,double_logistic,0.966235782598338,0.0012234674373938126,0.9829870660874749,0.02880832581608314,0.0460939087194673,100.33526743996623,0.0416075354929905,289.89667045186945,0.10720565733890512,230.5,0.017179463505614515,47.5,100.25,151.75,310.5,290.0,270.0,True,
US-Seg,2016,NIRv,34,15,2,3,0.02871560343446889,double_logistic,0.7902861289462019,0.0051430396644425785,0.891024122640412,0.02729465227064086,0.05986637067484128,136.17743888431522,0.02203987616430276,290.8400383315287,0.07063699879172088,240.0,0.028698028768917486,,,,,,,False,low_r2
US-Seg,2017,NIRv,32,12,0,3,0.02871560343446889,double_logistic,0.7962903329101618,0.0040589752290332536,0.8963022482846346,0.028734407190353074,0.10104192381503627,238.770961475634,0.015006249071030115,313.98466367862824,0.022441354694031034,254.5,0.02533573940895006,,,,,,,False,low_r2;dates_missing_or_out_of_order
US-Seg,2018,NIRv,36,18,0,3,0.02871560343446889,double_logistic,0.854404066707178,0.004420498521112073,0.926546694107232,0.03730028086489672,0.07102488427829047,195.11658054263071,0.11977223495808342,257.9717500776101,0.08123943720023544,222.75,0.030711828551594357,176.25,194.0,209.0,286.5,260.25,239.0,True,
US-Seg,2019,NIRv,29,14,1,0,0.02871560343446889,double_logistic,0.9152342355423777,0.0016074547932949396,0.9567055965606829,0.02897008255745869,0.04152452003720869,95.13188723636549,0.3103867006919742,290.80785252944537,0.057725131614183973,130.5,0.012553021148329076,88.25,95.25,102.25,329.0,291.0,253.0,True,
US-Seg,2020,NIRv,34,16,0,0,0.02871560343446889,double_logistic,0.8813283416165248,0.0022062809273984576,0.9400400949810976,0.028275349066594943,0.06959783661728468,185.5611528042233,0.025534057625047422,257.48068038984707,0.030433576279904628,218.0,0.019206390738126328,70.25,145.5,191.25,346.5,284.5,244.0,True,
US-Seg,2021,NIRv,40,22,0,0,0.02871560343446889,double_logistic,0.9096998409417628,0.004522929651009499,0.9549201720407792,0.035447772240240004,0.07386802855121441,194.57392265660408,0.19652996084056965,294.9912868731315,0.06390749908634524,223.5,0.03789584939200246,183.5,194.5,205.5,329.75,295.5,262.75,True,
US-Seg,2022,NIRv,66,26,0,0,0.02871560343446889,double_logistic,0.8822826196401854,0.0038874061323613805,0.941734917645363,0.035815969806296165,0.1160690853982622,226.2764546622105,0.03854325622374402,257.15946159043233,0.08007841944437133,234.0,0.035194282055055905,146.5,194.5,220.75,277.25,260.75,245.75,True,
US-Seg,2023,NIRv,67,31,0,0,0.02871560343446889,double_logistic,0.7586861952138786,0.0028686318380399113,0.8742747118015997,0.02996604725315051,0.052108093126650046,217.35448157618586,0.017886351283707577,302.801567704686,0.08901621249225794,268.0,0.014812124459073137,,,,,,,False,low_r2
US-Seg,2024,NIRv,65,33,0,3,0.02871560343446889,double_logistic,0.8642819172379179,0.0029962186087350395,0.9309529782145721,0.02722289694175999,0.06133474144638944,153.97439583941016,0.021842452427374103,269.1641225214791,0.03238135376257361,211.5,0.021987196424114782,32.0,121.75,178.5,344.75,284.75,242.0,True,
US-Seg,2025,NIRv,56,24,0,0,0.02871560343446889,double_logistic,0.9395030434881897,0.003071295032596227,0.9692874803261057,0.03272904144757693,0.06765389811099584,166.98067907260315,0.10185110060163317,275.83690860340715,0.04331857134106584,205.75,0.032663890120394536,145.25,166.25,185.0,328.5,279.0,237.25,True,
US-Ses,2013,NDVI,22,13,3,16,0.14591524393563168,double_logistic,0.8955732204818821,0.01178616386426007,0.9479320514274385,0.15092379166238784,0.35531840823186317,219.25331892263412,0.06465218612487542,265.4006906704966,0.027916625150155604,250.5,0.09921690332219213,,,,,,,False,dates_missing_or_out_of_order
US-Ses,2014,NDVI,24,7,1,7,0.14591524393563168,double_logistic,0.9416468337748556,0.004201391073239078,0.9708195704912673,0.1476532126454455,0.19718163268116368,239.99999999999997,0.07049410577956515,317.68936254507133,0.1288154087194287,287.0,0.04685631605986609,208.0,238.5,265.0,335.25,318.5,303.5,True,
US-Ses,2015,NDVI,28,12,1,3,0.14591524393563168,double_logistic,0.7845038307351908,0.00439091070410634,0.8877844258694843,0.15102793684773783,0.18449677551920934,175.78001855074828,0.10910606994420358,261.91435297663423,0.02352489992925872,205.5,0.025194501256237234,,,,,,,False,low_r2;dates_missing_or_out_of_order
US-Ses,2016,NDVI,36,16,1,3,0.14591524393563168,double_logistic,0.2838426620491933,0.01171110563582093,0.5332857797778332,0.1678329333309119,0.2602816840214546,229.24622064375157,0.16557659765388277,238.4053763746377,0.09725305154960376,238.5,0.0295862570667062,,,,,,,False,low_r2
US-Ses,2017,NDVI,33,12,0,3,0.14591524393563168,double_logistic,0.6113781803248175,0.009584658385396473,0.7822252170784351,0.16294282937380164,0.18997275364875937,201.62400750980996,0.6148414603084371,355.78328419804444,0.07433777737693703,221.25,0.027028542950717244,,,,,,,False,low_r2;dates_missing_or_out_of_order
US-Ses,2018,NDVI,35,17,0,3,0.14591524393563168,fit_failed,,,,,,,,,,,,,,,,,,False,fit_failed
US-Ses,2019,NDVI,30,16,2,4,0.14591524393563168,double_logistic,0.7098270084490517,0.005989757213247714,0.8470135249488253,0.15441876392029322,0.20949172122413057,99.0508695850033,0.2646614346620958,133.39246636477344,0.039122130421530864,112.0,0.03669829474450695,,,,,,,False,low_r2;eos90_too_early
US-Ses,2020,NDVI,34,16,0,0,0.14591524393563168,double_logistic,0.5034011339718254,0.009573240016042539,0.7117523868296436,0.1629032365543311,0.23364156629167357,118.42875406271548,0.027277579908434442,120.00000000000001,0.010000000000005765,206.25,0.015088818780091218,,,,,,,False,low_r2;amp_below_noise;dates_missing_or_out_of_order
US-Ses,2021,NDVI,36,21,0,6,0.14591524393563168,double_logistic,0.8844026276408927,0.008483627133779727,0.9404370508714607,0.16215240251223562,0.2930587356336749,184.8906424761964,0.11193405060195401,216.89469299548708,0.02282966260825875,210.5,0.06317550729931426,179.25,188.0,199.5,347.75,267.25,227.0,True,
US-Ses,2022,NDVI,64,26,0,0,0.14591524393563168,double_logistic,0.8654274100391527,0.010389681383489386,0.9327640976035269,0.16098700178937758,0.36148737574058193,197.4178817290295,0.048636956067272086,224.90294349333274,0.020819390115756526,238.5,0.062214594868602646,,,,,,,False,dates_missing_or_out_of_order
US-Ses,2023,NDVI,66,30,0,0,0.14591524393563168,double_logistic,0.9027063389654698,0.006302789640286871,0.9505850879995169,0.16399794909434884,0.2466217199000674,230.79208997896,0.2183112164281947,273.6243808606554,0.031542649609742755,246.5,0.05538605374794775,225.75,231.75,239.0,357.25,295.5,260.25,True,
US-Ses,2024,NDVI,64,32,0,3,0.14591524393563168,double_logistic,0.8461882350248038,0.00918697272861214,0.9200004121358031,0.17109408010697597,0.32355291474564235,191.63069936615668,0.1162970544841687,212.1391627139853,0.04043643500992309,211.0,0.06348200146604865,183.75,192.25,202.5,289.75,245.0,222.0,True,
US-Ses,2025,NDVI,60,25,0,0,0.14591524393563168,double_logistic,0.8592411377948909,0.007225583572837446,0.9272089359570906,0.17430314423711843,0.25007520210601336,158.18528063754314,0.1338082751911085,167.08527831675624,0.013884242517924469,185.25,0.031160108892577976,,,,,,,False,dates_missing_or_out_of_order
US-Ses,2013,NIRv,22,13,3,16,0.03692840722044334,double_logistic,0.9376339962230659,0.003208676991203074,0.9705634650231457,0.03757069079046418,0.07606780100208645,211.9806607218021,0.08464275413160617,294.20915246226105,0.07897575318164517,252.0,0.0359126870243354,185.25,210.5,232.25,323.0,296.0,272.75,True,
US-Ses,2014,NIRv,24,7,1,7,0.03692840722044334,double_logistic,0.7801451657238494,0.0018226316913499535,0.8853974548422185,0.037387203000305874,0.05527489000796366,229.83495307190805,0.016873475081386376,307.6362622742382,0.08697449657468433,272.5,0.01122677309139454,,,,,,,False,low_r2
US-Ses,2015,NIRv,28,12,1,3,0.03692840722044334,double_logistic,0.8119421788566819,0.0019188710968623872,0.9026639474548153,0.0365297535718404,0.06142200316255721,186.24559800068099,0.02684470665619651,249.07275288565282,0.04185174371529638,211.75,0.01223257193718355,76.5,147.25,188.75,304.75,263.0,232.75,True,
US-Ses,2016,NIRv,36,16,1,3,0.03692840722044334,double_logistic,0.7082195857191811,0.0036295229321552168,0.842379818247895,0.03730274126086002,0.050864369008548294,97.50051529487544,0.12910576202758725,278.83844766917775,0.08805782865839179,172.75,0.013559620324509858,,,,,,,False,low_r2
US-Ses,2017,NIRv,33,12,0,3,0.03692840722044334,double_logistic,0.728847582485408,0.0026930014006901265,0.8567665772320203,0.03607605875937752,0.049150128330158575,97.4026848849079,0.03998019887711393,336.4809153347617,0.13254810456538632,274.0,0.013059547708924944,,,,,,,False,low_r2
US-Ses,2018,NIRv,35,17,0,3,0.03692840722044334,double_logistic,0.7450594985337796,0.0017004828167533801,0.8648555571297549,0.04148859993109014,0.050016928293346016,180.50512613401426,0.04801753900206197,287.46935338017454,0.13412962102459342,253.5,0.008190938431386262,,,,,,,False,low_r2
US-Ses,2019,NIRv,30,16,2,4,0.03692840722044334,double_logistic,0.7860412524007453,0.0024986390126795887,0.8911914649181586,0.036904456621271724,0.054878499409290994,90.6479206080258,0.15314011720677675,198.14553137031632,0.02322355977792869,117.0,0.015291543176149829,,,,,,,False,low_r2;eos90_too_early
US-Ses,2020,NIRv,34,16,0,0,0.03692840722044334,double_logistic,0.6561679361272077,0.0032788743261057767,0.8105968246949674,0.0370473956394529,0.04917253950079251,99.55930117007713,0.13495094038731886,305.26335020486863,0.025893104820153605,143.0,0.011911879177730476,,,,,,,False,low_r2;dates_missing_or_out_of_order
US-Ses,2021,NIRv,36,21,0,6,0.03692840722044334,double_logistic,0.961352360135407,0.001785098969520478,0.980557596872852,0.040965327479843314,0.06887118860710352,178.9622449500284,0.23162055025709366,259.9944215354418,0.05331035689354517,199.5,0.02660112524070131,169.75,179.0,187.75,302.25,261.75,226.5,True,
US-Ses,2022,NIRv,64,26,0,0,0.03692840722044334,double_logistic,0.9152329213054592,0.002712822819109406,0.9569159835563524,0.03945235358274563,0.11440742973830634,225.04299330608205,0.0489423801038338,258.5520943434872,0.05745659120377386,239.5,0.03141529492239988,163.25,202.5,226.0,306.5,274.0,253.0,True,
US-Ses,2023,NIRv,66,30,0,0,0.03692840722044334,double_logistic,0.7888397762913799,0.003180664041044225,0.8894263404020291,0.042796831792027895,0.06257213486682092,231.30255342644637,0.9991907623070209,282.4875718491767,0.08098604282110458,237.5,0.019230736507248714,,,,,,,False,low_r2
US-Ses,2024,NIRv,64,32,0,3,0.03692840722044334,double_logistic,0.8714072263493255,0.0033391517812923406,0.9339953325301268,0.04127820176890359,0.10317886407054586,197.9243433240347,0.045446040846508405,235.61513521232362,0.042574854386079324,218.0,0.02430548365082969,134.25,176.0,202.25,306.75,261.75,234.5,True,
US-Ses,2025,NIRv,60,25,0,0,0.03692840722044334,double_logistic,0.8948301420140353,0.0026038273853685764,0.9464566363069774,0.041787236862503255,0.062122016491562036,154.48407511346383,0.179007713392555,272.5594860018647,0.042719306201026985,183.75,0.019779820769455933,142.5,154.5,166.0,324.75,274.0,227.0,True,
US-Slt,2014,NDVI,13,5,5,18,0.5598470344788605,double_logistic,0.9917871602732324,0.01022087493297098,0.9960340958480777,0.5597363941995323,0.8352074962409258,137.81516546253118,0.3763730942580053,297.244198349441,0.32007747505021544,211.25,0.27547110204081393,132.0,138.0,143.75,304.25,297.25,290.5,True,
US-Slt,2015,NDVI,13,5,8,18,0.5598470344788605,double_logistic,0.9978350037434089,0.006357883927743399,0.9989239913692018,0.5594133877229059,0.8540454097965684,131.34557806784494,0.3286263710347906,298.05172711899814,0.19429704193566905,194.25,0.29463202125036925,124.75,131.5,138.25,309.5,298.25,286.75,True,
US-Slt,2016,NDVI,14,8,2,15,0.5598470344788605,double_logistic,0.993176970779635,0.011236029828849147,0.9966353525253862,0.5665910067314461,0.8575370769597188,137.00153384184182,0.35674937067443613,304.11510640569117,0.15373487919582113,189.0,0.29094606167473014,131.0,137.25,143.25,318.5,304.25,290.0,True,
US-Slt,2017,NDVI,15,7,0,19,0.5598470344788605,double_logistic,0.993030683140505,0.011835493221040827,0.9965687364423135,0.5646332747752004,0.8616305934572994,137.01437103973097,0.34055671788799385,305.82288822852195,0.15014099948482706,190.25,0.2969973060640497,130.75,137.25,143.5,320.5,306.0,291.25,True,
US-Slt,2019,NDVI,15,6,2,18,0.5598470344788605,double_logistic,0.973829468559816,0.017836083889021182,0.9872256886094664,0.5680945118047473,0.8453507030147659,138.26679094520304,0.9999999999999738,290.91271159828733,0.05992765546716611,149.5,0.2771946678905055,136.25,138.5,140.5,327.75,291.0,254.5,True,
US-Slt,2021,NDVI,12,5,1,21,0.5598470344788605,double_logistic,0.993079051836,0.009551135017925807,0.9965351549270793,0.5775766645775937,0.8530401745853395,131.10667084088743,0.15904751140121848,300.2324928109044,0.09824034065387334,197.5,0.27544496353194103,117.5,131.25,145.0,322.75,300.25,278.0,True,
US-Slt,2022,NDVI,33,16,1,0,0.5598470344788605,double_logistic,0.9886595739613284,0.014439575284981673,0.9943388270438864,0.5695847225565805,0.8648511551977351,137.66682646158296,0.9999999999999999,296.1434611160853,0.12025275997131504,156.5,0.2952664156440348,135.5,137.75,140.0,314.5,296.25,278.0,True,
US-Slt,2014,NIRv,13,5,5,18,0.1025867353075395,double_logistic,0.9799703549565346,0.0089317174754813,0.9900442862889977,0.10870396119804553,0.3364773316239669,139.49426684116003,0.12978290105825632,242.999758328476,0.030719061404320597,169.25,0.20166687789438903,123.75,139.0,153.5,319.0,250.5,198.5,True,
US-Slt,2015,NIRv,13,5,8,18,0.1025867353075395,double_logistic,0.9818945772373608,0.010862055390880214,0.9909539763325068,0.10975776493596794,0.2896478966786749,127.55513601665008,0.3116107348540079,294.81534078713696,0.08360869800881206,166.25,0.17988522757565767,120.75,127.75,134.75,321.25,295.0,268.75,True,
US-Slt,2016,NIRv,14,8,2,15,0.1025867353075395,double_logistic,0.9775348784853201,0.012057891546646257,0.9887078081792804,0.10782075115845219,0.2866752665651034,133.85810910727264,0.2781870264256936,295.95165042094345,0.0678712477147483,169.75,0.1788121915225892,126.0,134.0,141.75,328.5,296.0,263.75,True,
US-Slt,2017,NIRv,15,7,0,19,0.1025867353075395,double_logistic,0.9891160924449055,0.008162782411053011,0.9945495789118041,0.10648507158736271,0.298787798428655,134.00881722465036,0.15903512221154087,291.8659795240922,0.04026901308002347,172.75,0.19032302220034275,120.25,134.0,147.5,346.75,292.5,240.0,True,
US-Slt,2019,NIRv,15,6,2,18,0.1025867353075395,double_logistic,0.9802262625964643,0.009321785244133966,0.9905037928226084,0.10581210710988566,0.28063620145854606,133.21957983980639,0.3897947727128472,263.0099994621972,0.05218376124771534,153.0,0.17418596852127177,127.75,133.25,139.0,305.25,263.25,221.75,True,
US-Slt,2021,NIRv,12,5,1,21,0.1025867353075395,double_logistic,0.9920122313576982,0.005821029751039438,0.996136430086959,0.1080714930152387,0.2945206919097185,128.60775439226825,0.1339246202267121,273.4210883837486,0.03710482428805287,167.75,0.1818440822380919,112.25,128.5,144.0,333.5,275.0,220.5,True,
US-Slt,2022,NIRv,33,16,1,0,0.1025867353075395,double_logistic,0.9712694314727478,0.01369369512072085,0.9855563390291849,0.10505441349565023,0.2972545331326824,138.67793167728468,0.20560075967156036,278.92152525860513,0.06240961268637919,175.75,0.19179939744023314,128.0,138.75,149.5,314.25,279.0,244.25,True,
US-Ton,2013,NDVI,26,17,0,10,,double_logistic,0.954543941741562,0.01682391737191563,0.9772853160474473,0.3853173714187891,0.9456835354995559,69.23390370415997,0.04301076404288195,120.00000000000001,0.05429571988949112,93.25,0.3070003446808872,,,,,,,False,eos90_too_early
US-Ton,2014,NDVI,31,15,0,8,,double_logistic,0.8830538749401826,0.0337397240193835,0.940670686137151,0.38299177088936476,0.6847110996169966,71.25268068967068,0.1124859976047717,142.22934697866384,0.10538391603756814,106.0,0.2892964786969555,,,,,,,False,eos90_too_early
US-Ton,2015,NDVI,26,11,0,6,,double_logistic,0.9188286020504475,0.029648547603007246,0.9587321360537708,0.4814698351584234,0.979204430354527,118.36594879356555,0.0139150659942775,143.8666603427227,0.046757320750460234,91.0,0.1632981233354271,,,,,,,False,dates_missing_or_out_of_order;eos90_too_early
US-Ton,2016,NDVI,33,17,0,6,,fit_failed,,,,,,,,,,,,,,,,,,False,fit_failed
US-Ton,2017,NDVI,26,14,0,8,,double_logistic,0.9548421185053676,0.024485963693903715,0.9780434267511718,0.4745695794848635,0.9644848804853599,79.21364555190816,0.010750914221920753,146.6391440710408,0.05878829015386676,95.75,0.24325550855558747,,,,,,,False,dates_missing_or_out_of_order;eos90_too_early
US-Ton,2018,NDVI,30,16,0,6,,double_logistic,0.8744412469585412,0.034592312218554695,0.936127701429743,0.4008714638386445,0.8616313548818072,77.15441009095602,0.025969757412725596,143.62464631584632,0.07909529062976081,111.5,0.29315943417450724,,,,,,,False,dates_missing_or_out_of_order;eos90_too_early
US-Ton,2019,NDVI,24,14,0,5,,double_logistic,0.9603591508102541,0.01833942651452878,0.9800634071737645,0.431801747716596,1.0544071896956624,87.21116635556838,0.02719936578736466,138.63203287009839,0.04847204626384662,104.25,0.2832536358211351,,,,,,,False,dates_missing_or_out_of_order;eos90_too_early
US-Ton,2020,NDVI,31,15,0,0,,double_logistic,0.9429182124331325,0.024560753291628983,0.9711434178084236,0.39065936825008896,0.7199864758607346,51.14268984387957,0.026141761298818875,145.23044666620197,0.08219215620051647,109.25,0.2539122169132999,,,,,,,False,dates_missing_or_out_of_order;eos90_too_early
US-Ton,2021,NDVI,34,14,0,3,,double_logistic,0.5076994963829808,0.0738785466014284,0.7215528756638144,0.559852195188245,0.3808588563164913,143.139805362498,0.0835740031063372,316.64305236760987,0.9999999499985962,335.25,1.757138567981542e-08,,,,,,,False,low_r2;amp_below_noise
US-Ton,2022,NDVI,65,29,0,0,,double_logistic,0.9592577258631125,0.024375793881854377,0.9795268078094771,0.38598122699798776,0.6462990966816293,7.746369429338598,0.9999999999999999,139.56988291214725,0.08150870672776031,20.0,0.2603013932737308,,,,,,,False,eos90_too_early
US-Ton,2023,NDVI,59,28,0,0,,double_logistic,0.7910678427138751,0.028893076283731053,0.8918801256526872,0.4631278003539492,0.8791990667780193,121.81574576570789,0.03245182393388642,146.72116281026862,0.08263191073594664,121.5,0.16092965552475702,,,,,,,False,low_r2;eos90_too_early
US-Ton,2024,NDVI,56,31,0,0,,double_logistic,0.9806691998801195,0.01405169488857448,0.9903057362490577,0.40172969535656927,0.7651015354140004,50.573042047799824,0.021156335111889513,144.39193361425097,0.09401600159521302,110.5,0.2691460828832168,,,,,,,False,dates_missing_or_out_of_order;eos90_too_early
US-Ton,2025,NDVI,51,18,0,6,,double_logistic,0.8163908023290685,0.030470317184561228,0.905153823464351,0.42194961484607296,0.8699198532680471,101.41828781346567,0.027834669598427942,139.48840003184839,0.0780677892434595,111.0,0.20995018939849852,,,,,,,False,dates_missing_or_out_of_order;eos90_too_early
US-Ton,2013,NIRv,26,17,0,10,,double_logistic,0.9412585235827553,0.005246338668424163,0.9702613328780525,0.0834002573008672,0.2113335636316693,79.23055856294572,0.12325628240113139,120.00000000000001,0.03886548950686024,99.75,0.07846823673530956,,,,,,,False,eos90_too_early
US-Ton,2014,NIRv,31,15,0,8,,double_logistic,0.9315952572397717,0.0063033458137578225,0.9653181727142124,0.08631653470685524,0.21165218044901687,76.26268809978089,0.14957515321617268,120.00000000000001,0.026546716341757447,97.0,0.07583285566113035,,,,,,,False,eos90_too_early
US-Ton,2015,NIRv,26,11,0,6,,double_logistic,0.8294254912302124,0.00851595139173245,0.9108310848877585,0.09463938927212004,0.22169202619051445,94.98567412263772,0.060974199478477584,125.42630491943197,0.06620545782360836,109.5,0.05710732246573255,,,,,,,False,eos90_too_early
US-Ton,2016,NIRv,33,17,0,6,,double_logistic,0.9370346844970193,0.0057274587138507575,0.9685066954171729,0.10002847475214684,0.17483447936227592,75.2896394401657,0.09606451214513066,140.5958295980809,0.10331744512300514,108.75,0.06923018677117541,,,,,,,False,eos90_too_early
US-Ton,2017,NIRv,26,14,0,8,,double_logistic,0.9232789272745825,0.009966085973191296,0.9609902937213908,0.09204077720761601,0.25958519071228,88.86073712182065,0.10441621357177874,128.72139091792096,0.06308964854949803,108.25,0.11187904706423561,,,,,,,False,eos90_too_early
US-Ton,2018,NIRv,30,16,0,6,,double_logistic,0.9041733891519679,0.007427710753593024,0.9511214004260176,0.08802727526623483,0.2576562059387549,94.50398981852449,0.05861179881381459,130.18976024262682,0.05907350541842641,112.25,0.08167968516817134,,,,,,,False,eos90_too_early
US-Ton,2019,NIRv,24,14,0,5,,double_logistic,0.9406948550125183,0.006156152258356827,0.9700678005953797,0.09550013947589715,0.2719587878845588,95.60426248681374,0.05960288722395409,128.8166936634481,0.05982714508159096,112.25,0.0809630855309416,,,,,,,False,eos90_too_early
US-Ton,2020,NIRv,31,15,0,0,,double_logistic,0.902208840300464,0.0071290645604507544,0.9502811976583355,0.0863734527149148,0.18257735020680285,85.46943199972483,0.049071385590304425,132.70039275668537,0.10813152141660123,110.75,0.06642364968208199,,,,,,,False,eos90_too_early
US-Ton,2021,NIRv,34,14,0,3,,double_logistic,0.6209223808459088,0.01050942010280625,0.7906866730449907,0.0945909572407075,0.1607722451777875,84.29689630429394,0.19626661684291252,120.00000000000001,0.02818080957967469,101.25,0.03934226702671349,,,,,,,False,low_r2;eos90_too_early
US-Ton,2022,NIRv,65,29,0,0,,double_logistic,0.8441198204106259,0.01093380859020143,0.9198653671049059,0.07461318659373843,0.2452583078522902,33.549846447207614,0.02157368325722489,120.0000000501547,0.02032171477745727,78.75,0.07239490888048565,,,,,,,False,dates_missing_or_out_of_order;eos90_too_early
US-Ton,2023,NIRv,59,28,0,0,,double_logistic,0.8997638320056897,0.006587555182728306,0.9489198166419396,0.09032501926525904,0.23016055405784486,96.27388434897533,0.10631330842065288,120.42701643819308,0.036082592371707044,117.75,0.060353783782104375,,,,,,,False,eos90_too_early
US-Ton,2024,NIRv,56,31,0,0,,double_logistic,0.8779154763695247,0.00863929843760973,0.9398147230399787,0.09252831280639491,0.20286230861120097,93.82125751182917,0.054207621814729136,138.06660991380164,0.081552399075073,115.75,0.06918738892214683,,,,,,,False,eos90_too_early
US-Ton,2025,NIRv,51,18,0,6,,double_logistic,0.7822662624739647,0.008339294561379199,0.8895603205227767,0.0895025987532274,0.15536276666066037,68.60945029913634,0.09702525982865028,120.00000000000001,0.011007919533616392,104.75,0.03376933153067026,,,,,,,False,low_r2;dates_missing_or_out_of_order;eos90_too_early
US-UMd,2021,NDVI,14,8,13,9,0.43519587299107865,double_logistic,0.9949457324192097,0.012454416539126184,0.9974712019489022,0.43587889441428007,0.8826136643175447,138.74396818266968,0.42025284989161554,296.33001156026666,0.09787898846953864,171.25,0.44673209507735767,133.75,138.75,144.0,319.0,296.5,274.0,True,
US-UMd,2022,NDVI,20,14,15,4,0.43519587299107865,double_logistic,0.9896429796765469,0.01651436339952122,0.9948452373264816,0.4369232861240048,0.8977683483396823,144.15746662499686,0.41613340227196105,298.1122603830745,0.09336205258276241,175.25,0.4608391473485447,139.0,144.25,149.5,321.75,298.25,274.75,True,
US-UMd,2023,NDVI,15,7,13,11,0.43519587299107865,double_logistic,0.9667153819145249,0.020231207402181383,0.9839230300776649,0.4403462005168034,0.8714602762089007,140.14153948117468,0.9999999999999999,300.25645623107937,0.10723572047407565,157.75,0.43111396648518996,138.0,140.25,142.5,320.75,300.5,280.0,True,
US-UMd,2024,NDVI,26,13,12,7,0.43519587299107865,double_logistic,0.9890095518170745,0.016544968533165075,0.9945035992545352,0.4381956023852322,0.8713851571018698,133.36944845363945,0.26461165135474446,288.7511133248974,0.1987675027566069,200.75,0.4331895359267474,125.25,133.5,141.75,300.0,289.0,277.75,True,
US-UMd,2025,NDVI,20,13,14,7,0.43519587299107865,double_logistic,0.9920754451366794,0.013167932005983249,0.996096931004063,0.4295163732967409,0.8418059668361754,142.21714562062704,0.2573185743308986,294.56478102562266,0.19516604480144278,208.5,0.41228955648559634,133.75,142.25,151.0,306.0,294.75,283.5,True,
US-UMd,2021,NIRv,14,8,13,9,0.09286242329649118,double_logistic,0.9789473310927029,0.015111049647768693,0.9894766439391788,0.08970781115869195,0.34847538791314275,142.07355728376683,0.3240508909514066,281.01923011145817,0.07066989497812189,170.75,0.25863698894991727,135.5,142.25,149.0,312.25,281.25,250.0,True,
US-UMd,2022,NIRv,20,14,15,4,0.09286242329649118,double_logistic,0.9783995055484737,0.01567427628538868,0.9892429729571844,0.08868799624361659,0.3553013178818854,137.13116180289276,0.5556285702115061,287.69489315869544,0.12316517130651279,166.75,0.2666132121637068,133.25,137.25,141.25,305.75,287.75,270.0,True,
US-UMd,2023,NIRv,15,7,13,11,0.09286242329649118,double_logistic,0.9682133973919489,0.014491199479567788,0.9841557456620227,0.0863024197466319,0.3411350231135415,140.7261656650562,0.9999999999999999,288.6006026055474,0.0955242397738515,155.75,0.254831742266475,138.75,140.75,143.0,311.75,288.75,265.75,True,
US-UMd,2024,NIRv,26,13,12,7,0.09286242329649118,double_logistic,0.9651672513434232,0.01660652454180427,0.9824344789627271,0.09136392157221877,0.3570354590359837,136.6007979067544,0.24452877440485382,278.0843225183034,0.03790852638627062,162.25,0.26192015453337714,127.75,136.75,145.5,336.5,279.0,223.75,True,
US-UMd,2025,NIRv,20,13,14,7,0.09286242329649118,double_logistic,0.9453612262531016,0.01648447439460848,0.9732027201463636,0.08809284616841254,0.28178198557229217,142.3260924878787,0.24879777006431084,290.631833954096,0.09573029514479972,186.25,0.1936768043809178,133.5,142.5,151.25,313.75,290.75,267.75,True,
US-Var,2013,NDVI,27,18,0,10,,double_logistic,0.9704128220513943,0.016600478637336383,0.9853284722190272,0.3133599501218084,0.9051232609852775,40.66994405699501,0.03628274938674976,120.0000574981548,0.06712274045635105,84.25,0.44155898167280194,,,,,,,False,dates_missing_or_out_of_order;eos90_too_early
US-Var,2014,NDVI,31,15,0,8,,double_logistic,0.9166661847966295,0.04512112878439369,0.9583299030176596,0.3253270637011869,0.8432358810648158,64.32639353646373,0.09075489380632466,134.31540712137704,0.08703661233256355,98.75,0.47367051704632934,,,,,,,False,eos90_too_early
US-Var,2015,NDVI,25,10,0,9,,double_logistic,0.9344972699284446,0.03818554222117059,0.968328196721461,0.331389336609021,0.7174443540526292,13.2728086286327,0.08484651322115422,130.52384984329768,0.05418712364167828,62.25,0.3707778248844597,,,,,,,False,dates_missing_or_out_of_order;eos90_too_early
US-Var,2016,NDVI,33,17,0,6,,fit_failed,,,,,,,,,,,,,,,,,,False,fit_failed
US-Var,2017,NDVI,26,14,0,8,,double_logistic,0.9801314488033686,0.023684081811136886,0.9901493558828824,0.33292928230148106,0.9852924763947448,27.96102789400693,0.017974511147529442,139.5422990682369,0.0732505896966499,97.75,0.4783993515536951,,,,,,,False,dates_missing_or_out_of_order;eos90_too_early
US-Var,2018,NDVI,31,17,0,6,,double_logistic,0.904815248497628,0.04670432165551603,0.9526785494154595,0.31531845687806165,0.8132684433806333,25.688743110169394,0.023031837055147948,147.03435805967013,0.09303158480689137,109.0,0.42015354922736176,,,,,,,False,dates_missing_or_out_of_order;eos90_too_early
US-Var,2019,NDVI,25,14,0,5,,double_logistic,0.9899450190583011,0.01584901303394276,0.9950033025755409,0.32168438935298677,1.0495901776687233,48.64353580189211,0.02655900034112217,139.59073314139,0.05238777048623454,96.75,0.499497320770732,,,,,,,False,dates_missing_or_out_of_order;eos90_too_early
US-Var,2020,NDVI,32,15,0,0,,double_logistic,0.9893038320653318,0.017380646366531867,0.9946491386168957,0.31889647447969494,0.8047210087793226,15.477801652849207,0.02296063408425918,141.08323354463442,0.09015199708107864,101.75,0.4133108962837775,,,,,,,False,dates_missing_or_out_of_order;eos90_too_early
US-Var,2021,NDVI,34,14,0,3,,double_logistic,0.6014130687813266,0.10072716744136044,0.797698773687385,0.6543739451979144,0.34033736417275967,129.5838419092009,0.1230599907714817,317.7600343480051,0.9998539256565029,346.5,6.977751709769109e-13,,,,,,,False,low_r2;amp_below_noise;dates_missing_or_out_of_order
US-Var,2022,NDVI,65,30,0,0,,double_logistic,0.9748877216729331,0.027282397539971588,0.9874959900857604,0.34438250143779053,0.7349669304719567,1.0000000000000002,0.9999999999999999,131.62655017996403,0.073410512065738,12.25,0.3905182952194282,,,,,,,False,dates_missing_or_out_of_order;eos90_too_early
US-Var,2023,NDVI,59,29,0,0,,double_logistic,0.9343327825026806,0.03172413272836029,0.9670951519822296,0.3686121060368644,0.8566307472840837,52.8398653772945,0.01655654994790928,144.33143076070056,0.07417656789013262,104.5,0.31826580348732175,,,,,,,False,dates_missing_or_out_of_order;eos90_too_early
US-Var,2024,NDVI,56,30,0,0,,double_logistic,0.9960854662862164,0.011094958699133385,0.9980434109257074,0.31657822552567333,0.8147106293787355,10.830279806043405,0.026314197962173748,144.10173671781462,0.10559036310393739,106.0,0.4517375267387896,,,,,,,False,dates_missing_or_out_of_order;eos90_too_early
US-Var,2025,NDVI,52,20,0,5,,double_logistic,0.9580727900092659,0.02568317336478593,0.9792159298667379,0.3348919963137289,0.9706559772803729,69.89287671676125,0.027313790311609194,134.3520950028542,0.0793379982779851,103.0,0.4037629732224348,,,,,,,False,dates_missing_or_out_of_order;eos90_too_early
US-Var,2013,NIRv,27,18,0,10,,double_logistic,0.9674370379555891,0.005604247154458205,0.9837212839358711,0.0728997750162733,0.2600367408207959,57.779696373451365,0.04946218291699189,120.00000000000001,0.0736188401253008,90.5,0.13703312618966407,,,,,,,False,eos90_too_early
US-Var,2014,NIRv,31,15,0,8,,double_logistic,0.9563510687132217,0.01069835666612609,0.978044019195437,0.0925278096896328,0.26671260594271023,72.50269842213075,0.1571473492808173,130.48723748231285,0.11113974307819163,97.75,0.1664877476443124,,,,,,,False,eos90_too_early
US-Var,2015,NIRv,25,10,0,9,,double_logistic,0.923088655588929,0.010706282445420776,0.9615833828178134,0.08326572370513864,0.16721365870242125,22.7508149010263,0.16080241971142795,135.00909906013032,0.08802236456234279,65.0,0.08367742880251046,,,,,,,False,eos90_too_early
US-Var,2016,NIRv,33,17,0,6,,double_logistic,0.8917845024192929,0.015975154995281727,0.9473807627754763,0.09884287693983315,0.24576561257948523,49.23849499296906,0.04747840287831999,136.40431552361463,0.11645148761808129,105.25,0.1335089353550636,,,,,,,False,dates_missing_or_out_of_order;eos90_too_early
US-Var,2017,NIRv,26,14,0,8,,double_logistic,0.9822105527443346,0.008402958188143718,0.9913370199549701,0.08503158169736476,0.31004785411508307,35.839187829421284,0.02951723326190198,136.08836886760326,0.0917039986462697,100.75,0.1876695836632905,,,,,,,False,dates_missing_or_out_of_order;eos90_too_early
US-Var,2018,NIRv,31,17,0,6,,double_logistic,0.9506740845168546,0.009432141414893262,0.9753541975598456,0.0877174645805831,0.23810665902366313,57.843522108667855,0.03823699028831312,144.04651992865,0.13301947747337375,116.75,0.1321997771440898,,,,,,,False,dates_missing_or_out_of_order;eos90_too_early
US-Var,2019,NIRv,25,14,0,5,,double_logistic,0.9848028070134568,0.00700759150301964,0.9924826216554302,0.0845206382825276,0.3581196814769253,66.18443262606715,0.036499696584872995,134.18076243402464,0.07241030057146751,102.5,0.1911025095868839,,,,,,,False,dates_missing_or_out_of_order;eos90_too_early
US-Var,2020,NIRv,32,15,0,0,,double_logistic,0.9871328999517209,0.00593880356403997,0.9935474283679022,0.08066854867649736,0.26113787656037585,51.7608677970221,0.031835738286400087,132.82360138148675,0.10030625772735051,102.5,0.14231250026618533,,,,,,,False,dates_missing_or_out_of_order;eos90_too_early
US-Var,2021,NIRv,34,14,0,3,,double_logistic,0.4345603451139367,0.03369071524469033,0.6688682160206746,0.20859853054768202,0.08371607522087125,34.555954633267426,0.010000000000000002,322.7945429157218,0.21099434342365406,352.75,0.00475241248878322,,,,,,,False,low_r2;amp_below_noise;dates_missing_or_out_of_order;eos90_too_early
US-Var,2022,NIRv,65,30,0,0,,double_logistic,0.9808009243572561,0.009172578726526999,0.990355953464693,0.08400978445262919,0.24456662365402124,9.579125643321147,0.999999999999997,120.00000000000001,0.05747450513289435,18.25,0.16006734111370274,,,,,,,False,eos90_too_early
US-Var,2023,NIRv,59,29,0,0,,double_logistic,0.9193989332085007,0.011229777425604957,0.9591744552996592,0.08124354654729628,0.24984704249368367,61.001407449942505,0.03084400177534281,138.60561964612893,0.05635553419109232,101.0,0.11249762938556161,,,,,,,False,dates_missing_or_out_of_order;eos90_too_early
US-Var,2024,NIRv,56,30,0,0,,double_logistic,0.9652527539070518,0.010384535357502674,0.9827157139559535,0.09642218937738702,0.2544590698909129,45.806323640631696,0.05173897573333207,140.17404654507772,0.11868390164417762,106.25,0.14862990440682217,,,,,,,False,eos90_too_early
US-Var,2025,NIRv,52,20,0,5,,double_logistic,0.9402743821665397,0.008269637072036368,0.9696846484689584,0.09820437094221181,0.2351796113744793,67.19171701909872,0.08032112580187888,132.38757337613436,0.09612887850087375,101.5,0.12209916653164375,,,,,,,False,eos90_too_early
US-Vcm,2014,NDVI,13,5,12,10,0.27109131830806266,double_logistic,0.9263305042212581,0.02295491585012184,0.962607463988238,0.26516120218498895,0.5549763800576912,172.2913570549022,0.03891230561219621,286.954541468062,0.05406287296054093,234.75,0.25010687732817805,111.75,165.5,206.25,330.25,291.5,260.5,True,
US-Vcm,2016,NDVI,15,9,12,12,0.27109131830806266,double_logistic,0.8550009750980275,0.030829697780042586,0.9298552628924217,0.30151371046351777,0.5453073722910553,152.42289084136544,0.1539170033674101,289.08305123165087,0.10896964186739191,210.5,0.24371512986542126,138.25,152.5,166.75,309.25,289.25,269.0,True,
US-Vcm,2019,NDVI,12,7,16,11,0.27109131830806266,double_logistic,0.9924672909502308,0.007774988413085565,0.9962300972720419,0.26900532339054734,0.4946930795025955,154.16653477195663,0.19475286481721965,278.67610563700066,0.08369059881523336,194.75,0.22540365111054628,143.0,154.25,165.5,305.0,278.75,252.75,True,
US-Vcm,2020,NDVI,15,9,15,6,0.27109131830806266,double_logistic,0.9344407340464596,0.012825673814641423,0.9668614808134297,0.2647732247130572,0.3872481162858097,156.80503134009695,0.9999996217690861,268.33754212312095,0.06392009987513694,166.0,0.12228604855013903,154.75,157.0,159.0,302.75,268.5,234.25,True,
US-Vcm,2021,NDVI,15,10,13,12,0.27109131830806266,double_logistic,0.9956204246054922,0.0075718303277586855,0.9979822002248412,0.2640956770124685,0.6973705378971167,189.33914557786701,0.055274299032667555,263.20957353339645,0.04677356547837285,225.5,0.31817703495236005,144.5,181.25,207.25,317.25,274.25,244.5,True,
US-Vcm,2022,NDVI,24,11,15,10,0.27109131830806266,double_logistic,0.9955450753474245,0.008015927544967367,0.9977719168301307,0.2717714427317197,0.6080824755152922,187.64017756952288,0.09084067180454289,294.5937188215896,0.07671729474770897,237.75,0.3285617780940264,163.25,187.25,209.75,323.75,295.25,268.75,True,
US-Vcm,2023,NDVI,27,20,16,6,0.27109131830806266,double_logistic,0.8933533960418093,0.0247351783664952,0.9455961837297976,0.260779077973445,0.46743053493676784,155.4529496967036,0.9999999999999999,275.5763614225613,0.05498623643284393,164.5,0.2061682005815837,153.5,155.5,157.75,315.75,275.75,236.25,True,
US-Vcm,2024,NDVI,25,13,14,3,0.27109131830806266,double_logistic,0.9858461359023244,0.013858331653113554,0.9929326501340675,0.2659976264641712,0.632635972844004,171.2697520755524,0.07848261064176967,266.93548427805024,0.049139793310282884,212.25,0.3291348536481186,142.25,169.25,191.75,314.25,271.25,237.0,True,
US-Vcm,2025,NDVI,38,16,8,0,0.27109131830806266,double_logistic,0.9686262653599289,0.013591289209386088,0.9842882933869643,0.2695355414679201,0.4566853310589692,157.20072842051275,0.11867956010905475,303.18979615123635,0.11292108235503186,228.5,0.18706956869900654,138.75,157.25,175.75,322.75,303.25,284.0,True,
US-Vcm,2014,NIRv,13,5,12,10,0.0376558178856766,double_logistic,0.9294896258206967,0.0050709704173017515,0.964372344035577,0.035815907556186216,0.14009161200622136,209.54339633092943,0.02570515454526689,277.2474737664104,0.055566151455295504,240.0,0.05987782016308969,100.75,175.0,217.75,312.5,283.25,258.75,True,
US-Vcm,2016,NIRv,15,9,12,12,0.0376558178856766,double_logistic,0.9284584300821829,0.0073181087719457845,0.9661303626095582,0.04409211247320412,0.1335187652048598,149.05999893635288,0.12678184905225318,284.7520552231686,0.07874949955145105,203.25,0.08918824683296826,131.75,149.25,166.25,312.75,285.0,257.25,True,
US-Vcm,2019,NIRv,12,7,16,11,0.0376558178856766,double_logistic,0.9772378242510699,0.005038098852766198,0.9890592870233968,0.03918179410927956,0.13666918473781836,142.04443249406404,0.11987824646963534,276.0591417361856,0.04709416911943293,185.5,0.09560635680339508,123.75,142.0,159.25,323.25,277.0,233.25,True,
US-Vcm,2020,NIRv,15,9,15,6,0.0376558178856766,double_logistic,0.98962748359098,0.002219444390595404,0.9950829451011032,0.035615539259678385,0.1251058582151825,138.4194923952082,0.09565687705090949,247.56895951000465,0.02263625010950445,173.75,0.07237691387773679,119.0,137.75,155.75,355.0,264.75,203.75,True,
US-Vcm,2021,NIRv,15,10,13,12,0.0376558178856766,double_logistic,0.9595108790040455,0.00866040751705993,0.9816447901339687,0.04351989247983089,0.30821202583382756,192.32309264428855,0.04020759957641428,246.42691692085714,0.03412080721792098,222.0,0.12292484261688104,124.75,172.0,202.5,332.75,276.5,242.25,True,
US-Vcm,2022,NIRv,24,11,15,10,0.0376558178856766,double_logistic,0.980786947916851,0.005553372734348422,0.9904305733653935,0.03722013262617524,0.2326235327565295,194.3029878512186,0.03305056843050647,282.53565186751354,0.050493832673879316,240.5,0.13963878056880039,117.0,177.25,217.0,330.25,291.0,262.0,True,
US-Vcm,2023,NIRv,27,20,16,6,0.0376558178856766,double_logistic,0.9396811946994689,0.008025985280430529,0.9703730894451505,0.04251960452674172,0.1536858527713959,154.54041024162984,0.4621901731583876,258.364321151111,0.029313752458974853,166.5,0.10367874732283908,150.75,154.75,159.25,336.0,263.0,202.0,True,
US-Vcm,2024,NIRv,25,13,14,3,0.0376558178856766,double_logistic,0.9761045108613783,0.007539563299253325,0.9882289498759455,0.035705835294547274,0.34428804102979466,176.27055783557563,0.0476772601444588,232.5943527022739,0.029040573229397796,210.25,0.15168743664903225,129.5,165.25,191.75,334.25,269.25,231.25,True,
US-Vcm,2025,NIRv,38,16,8,0,0.0376558178856766,double_logistic,0.9518605195763032,0.0067262142336988765,0.9757902769985135,0.043853490531416545,0.1331664905112243,145.17342470787523,0.07264739817535508,292.48598567906396,0.05573146020971577,211.25,0.08762914850693052,114.75,144.75,173.25,332.5,293.25,256.25,True,
US-Vcp,2013,NDVI,14,11,10,12,0.5550375529473491,double_logistic,0.969883918124235,0.0015412579155090465,0.9851860970601477,0.554392808876533,0.5789934684974364,239.99999999999997,0.11707953186811687,286.0571832401105,0.3976377003540447,273.25,0.023958991298560828,221.0,239.75,256.75,291.75,286.25,281.0,True,
US-Vcp,2014,NDVI,17,6,6,11,0.5550375529473491,double_logistic,0.977971155178494,0.003211963558235443,0.9890851279082918,0.5543002076248245,0.6277877190388466,202.51476180498582,0.12777847699038192,275.83650719589986,0.07240119454462728,232.0,0.06887623640722496,185.0,201.75,216.75,307.25,277.75,252.5,True,
US-Vcp,2016,NDVI,24,11,10,4,0.5550375529473491,double_logistic,0.951929706275317,0.00827356396181134,0.9757348443805486,0.5552544356876761,0.7073707431371229,220.08794287087224,0.061432932046582116,276.0973759069863,0.08044750874229119,249.25,0.1146491197833246,179.5,212.5,235.0,306.5,281.25,262.75,True,
US-Vcp,2017,NDVI,18,9,5,10,0.5550375529473491,double_logistic,0.7036104459206529,0.01476745015567983,0.845032453252061,0.5598837357477082,0.7459354524662825,192.5501157778595,0.04338126288906347,243.62589323699262,0.02151933840057603,233.75,0.0761933680556417,,,,,,,False,low_r2;dates_missing_or_out_of_order
US-Vcp,2018,NDVI,19,10,4,11,0.5550375529473491,double_logistic,0.8680319565297234,0.007060507508952656,0.9337293948534432,0.5567437212757363,0.614964385114079,233.76710117267245,0.7878320459638327,306.0470317983856,0.3357262735727048,256.25,0.05822065946161137,231.0,234.0,236.75,312.75,306.25,299.75,True,
US-Vcp,2020,NDVI,20,13,9,9,0.5550375529473491,double_logistic,0.8077281089313214,0.009684061859850945,0.9053588696849686,0.5563140084526741,0.6119763646772087,192.93166473816598,0.08115594083154919,265.45343740795624,0.19341620709035914,240.75,0.05407260912305367,165.5,192.25,217.0,277.0,265.75,255.25,True,
US-Vcp,2021,NDVI,26,17,6,6,0.5550375529473491,double_logistic,0.9346439366601473,0.007922039708909657,0.9679700589216058,0.5559268634902245,0.6675004206739931,202.36825943003765,0.10982218426990382,262.7473676694893,0.059730636271165975,228.0,0.09282638329144366,181.5,200.25,215.25,303.0,268.5,243.5,True,
US-Vcp,2022,NDVI,40,18,7,0,0.5550375529473491,double_logistic,0.9878344544200303,0.005024327392459962,0.9939086931437726,0.5554845334689067,0.6799600883442363,202.37206810219413,0.14009174086309012,292.92743663441826,0.09410383152267385,240.5,0.12299240479586548,186.75,202.25,217.5,316.5,293.25,271.0,True,
US-Vcp,2023,NDVI,29,18,13,0,0.5550375529473491,double_logistic,0.9393124874528291,0.009334511155794634,0.9692518063348993,0.5556232449111866,0.6637068797299265,189.42997409289597,0.04744609078704939,285.292941857977,0.12337745986882245,252.75,0.10106310765580384,141.75,186.75,224.75,303.5,286.25,270.5,True,
US-Vcp,2024,NDVI,34,19,6,9,0.5550375529473491,double_logistic,0.9362118319167949,0.011802651094364784,0.9678435592650985,0.5648044965811925,0.8291274096488732,183.61359342574917,0.059998043704996284,231.5392040672333,0.02549993298490143,217.5,0.12496831962521582,158.75,180.25,201.25,349.5,276.75,237.25,True,
US-Vcp,2025,NDVI,53,23,0,0,0.5550375529473491,double_logistic,0.8975148823791883,0.012852568674673142,0.9475343949857805,0.5555682080400218,0.7926669281641558,196.87779823088198,0.042143299016432656,260.2310003915068,0.02493732128241076,236.0,0.11507585542277587,,,,,,,False,dates_missing_or_out_of_order
US-Vcp,2013,NIRv,14,11,10,12,0.09541369950569314,double_logistic,-0.1227839573687457,0.0018117711158120717,0.5317487154950847,0.09511948922380364,0.09992134387194886,147.5554480764595,0.867009532000946,266.76758750629534,0.315810930313215,180.25,0.0048018546481363306,,,,,,,False,low_r2
US-Vcp,2014,NIRv,17,6,6,11,0.09541369950569314,double_logistic,0.9045468329485629,0.002926254459417338,0.952045492698243,0.0950133496361872,0.15638792154118258,211.42735233929972,0.03581528084140947,257.5551812442555,0.06939790240629944,230.5,0.03263657853126013,131.25,184.0,214.5,287.0,263.5,244.5,True,
US-Vcp,2016,NIRv,24,11,10,4,0.09541369950569314,double_logistic,0.9356824839363784,0.0044754716594001065,0.9678874176753234,0.09573278219867624,0.13732848941626832,153.91992703882565,0.13148720878029482,280.2577773716746,0.0929265861981696,207.75,0.0415114132534833,137.25,154.0,170.5,304.0,280.5,257.0,True,
US-Vcp,2017,NIRv,18,9,5,10,0.09541369950569314,double_logistic,0.8763626071881088,0.005539749189265478,0.9382883608031538,0.09967388150680878,0.13563747240825053,128.69379446696237,0.9999999999087138,277.56531914508616,0.11234650068019744,145.75,0.03596357617713253,126.5,128.75,131.0,297.25,277.75,258.25,True,
US-Vcp,2018,NIRv,19,10,4,11,0.09541369950569314,double_logistic,0.8059276212679626,0.00550746836807733,0.8996383431192512,0.09510402686237525,0.12200443168955977,145.8679869946247,0.07367177764738284,301.74865886396094,0.11152573082305015,237.5,0.026848191408389357,116.25,146.0,175.5,321.5,302.0,282.25,True,
US-Vcp,2020,NIRv,20,13,9,9,0.09541369950569314,double_logistic,0.8181468795550014,0.007983885822496022,0.9053047234514484,0.09697554279365575,0.13983384257975134,142.4365544545196,0.1690669512191407,262.03677445559805,0.06853421751879175,180.75,0.04262996150179124,129.5,142.5,155.25,294.25,262.25,230.75,True,
US-Vcp,2021,NIRv,26,17,6,6,0.09541369950569314,double_logistic,0.8937892132443574,0.004977911542960233,0.9465193821401908,0.09644855271216503,0.13632460828208126,152.55344203813772,0.10606796640614512,274.01790483096823,0.05277399508311008,197.5,0.03884903226000823,131.75,152.25,171.5,316.25,275.0,237.0,True,
US-Vcp,2022,NIRv,40,18,7,0,0.09541369950569314,double_logistic,0.9215143752503578,0.005445459892999046,0.9602770400410037,0.09367003050770209,0.1758633285859915,190.46474248919137,0.04387286733732225,263.22035869465674,0.052640094718383566,227.5,0.05779094443031091,132.0,177.75,208.25,311.0,272.75,246.0,True,
US-Vcp,2023,NIRv,29,18,13,0,0.09541369950569314,double_logistic,0.9373188132942901,0.005299753517814627,0.9682745357199916,0.09414254800916552,0.15448548673861678,146.91273059597057,0.13091716017365546,282.57712603466877,0.047785842730181584,189.0,0.05941792989503905,130.25,146.75,163.0,329.0,283.25,239.75,True,
US-Vcp,2024,NIRv,34,19,6,9,0.09541369950569314,double_logistic,0.9055993694493675,0.007731458694436525,0.9518065511494189,0.10918779041209832,0.1710102953062455,155.73922411877382,0.11756297208766152,265.4981559862071,0.06506290849649925,198.25,0.06063950476143805,137.0,155.5,173.25,299.75,266.25,234.5,True,
US-Vcp,2025,NIRv,53,23,0,0,0.09541369950569314,double_logistic,0.9136895765036408,0.006457402561923362,0.9562539019110184,0.10381386569527172,0.15894228972428423,150.6223278557715,0.27497706680851125,272.09579042177074,0.0520683338083924,175.0,0.05471173979611295,142.75,150.75,158.5,314.5,272.5,231.5,True,
US-Wjs,2014,NDVI,14,6,2,18,0.1955118158550043,double_logistic,0.9836852898062127,0.008267008664160375,0.992044837286533,0.21166014771832956,0.5655662421420633,229.15195208866268,0.05686101357745091,271.8776103524892,0.04264547331370864,253.25,0.1720658022509481,184.25,216.75,239.0,340.75,296.0,269.0,True,
US-Wjs,2015,NDVI,16,8,2,16,0.1955118158550043,double_logistic,0.9417972670928277,0.010655948621297416,0.9708559924545848,0.2142608871318302,0.419749017959757,186.0986084235713,0.04323929326995712,264.61963452033785,0.02822121183364813,227.0,0.12273534629813312,130.25,174.0,205.25,362.0,293.5,251.25,True,
US-Wjs,2016,NDVI,13,5,2,20,0.1955118158550043,double_logistic,0.8889161583011919,0.014780700439744747,0.943381757568548,0.21062278996882786,0.42156558333855504,229.17869655500542,0.024114740248526906,292.45894785966476,0.058939060228652695,255.75,0.11641030761970964,111.5,189.75,233.75,321.75,296.75,273.75,True,
US-Wjs,2017,NDVI,15,7,0,19,0.1955118158550043,double_logistic,0.6984089593392083,0.017724945693139985,0.848874684237934,0.20637388672715717,0.40119345071629997,228.04795130189302,0.029365824380326463,289.37393246257244,0.03355995430074318,256.0,0.08735853291454165,,,,,,,False,low_r2;dates_missing_or_out_of_order
US-Wjs,2018,NDVI,16,7,1,15,0.1955118158550043,double_logistic,0.9770844934891794,0.009036944165947365,0.9886117005102635,0.20626078529024247,0.457509747240079,230.09052887704195,0.15738939997314477,276.35864967529795,0.04320129020843451,248.5,0.18011349700477788,219.25,229.5,239.5,335.75,290.0,262.0,True,
US-Wjs,2019,NDVI,13,7,1,21,0.1955118158550043,double_logistic,0.8710716133851449,0.004780431477893273,0.9344452125144153,0.21073178472864912,0.29774744427946487,117.4441941414626,0.051447865088121034,148.4563604215112,0.01739100913743514,162.0,0.03042274106490711,106.25,122.5,143.75,339.25,237.0,185.75,True,
US-Wjs,2020,NDVI,18,8,0,12,0.1955118158550043,double_logistic,0.755727818710568,0.010326410511367158,0.86965277623806,0.20953568574048861,0.3508450582438493,180.04774204994104,0.03194036344471341,226.30704819143764,0.016331985088932358,234.5,0.04482144195080903,,,,,,,False,low_r2;dates_missing_or_out_of_order
US-Wjs,2021,NDVI,16,10,1,16,0.1955118158550043,double_logistic,0.9927935062910384,0.007620551843820862,0.9964463684035489,0.20778553861394475,0.6036323086686181,203.05774032558716,0.1584446611160738,247.04981573238157,0.03727582905938579,221.75,0.265428212497292,194.0,203.0,212.75,317.75,265.5,235.25,True,
US-Wjs,2022,NDVI,26,12,2,0,0.1955118158550043,double_logistic,0.7698571157975074,0.017604215293387824,0.8820359071980396,0.20323073743090936,0.4472317393250114,217.34033680917594,0.0732555099828253,249.67873022443953,0.03907534568337534,240.75,0.10585207906414618,,,,,,,False,low_r2
US-Wjs,2023,NDVI,29,12,0,6,0.1955118158550043,double_logistic,0.7687145293029639,0.010474967839287683,0.8796720196704938,0.19851590669879543,0.3411398027010091,227.28874899691067,0.027519366402095156,278.66927404873485,0.030217591014913607,249.75,0.05068014708063001,,,,,,,False,low_r2;dates_missing_or_out_of_order
US-Wjs,2024,NDVI,26,14,1,4,0.1955118158550043,double_logistic,0.8468861625351805,0.013807719867701344,0.9210434552239454,0.21540344055412738,0.304939829480236,200.17126805875714,0.4858601151139635,282.2496910779311,0.04209408964491269,211.5,0.08483784884653015,196.25,200.25,204.5,336.0,284.75,240.75,True,
US-Wjs,2025,NDVI,29,12,0,0,0.1955118158550043,double_logistic,0.85877729654071,0.015372393209971432,0.9292315487271199,0.20444805802965044,0.3065804435453727,184.96793596429703,0.9999992468988662,299.9499293599394,0.04273816983429221,192.75,0.10105464063957892,183.0,185.0,187.25,351.75,300.5,251.0,True,
US-Wjs,2014,NIRv,14,6,2,18,0.0432126000359308,double_logistic,0.8898689879859916,0.005082640330104039,0.943394720513186,0.05262513995254295,0.14441001294190664,237.2787775923486,0.022643900328778485,286.3667110493311,0.055131435603927574,249.25,0.041572105192704045,102.75,184.0,227.75,311.25,289.25,267.0,True,
US-Wjs,2015,NIRv,16,8,2,16,0.0432126000359308,double_logistic,0.957224323804762,0.0038439160161572016,0.9787750283482964,0.04437020786197583,0.08864568884508947,140.9122704378916,0.03649962898665104,276.13589640481166,0.21880091198185883,249.75,0.043320116565603486,80.25,139.75,195.75,286.25,276.25,266.75,True,
US-Wjs,2016,NIRv,13,5,2,20,0.0432126000359308,double_logistic,0.9253754085172203,0.00360159089980659,0.9645632550379399,0.03865977220101797,0.09179356552540416,158.9380661602038,0.018511416280467718,301.5579560716619,0.051250380207833596,245.5,0.04138306188728954,25.5,134.75,207.0,342.5,305.5,273.75,True,
US-Wjs,2017,NIRv,15,7,0,19,0.0432126000359308,double_logistic,0.9375416458148518,0.0027941982572416814,0.9689670567207195,0.03893836742256248,0.11156489627441868,191.47426671193378,0.016865096053866047,289.9449585104166,0.027095340748489797,230.75,0.03575844545124835,,,,,,,False,dates_missing_or_out_of_order
US-Wjs,2018,NIRv,16,7,1,15,0.0432126000359308,double_logistic,0.9433130915155522,0.0038272698933919987,0.9717024626663614,0.04951675770572925,0.12886630270270424,239.99999999999997,0.06006259611379729,279.49669339123716,0.08961249166268291,259.5,0.04923894734596293,195.0,227.5,247.75,307.0,285.5,270.25,True,
US-Wjs,2019,NIRv,13,7,1,21,0.0432126000359308,double_logistic,0.9316759618785349,0.0023748533925336862,0.966609268941356,0.04235443112877464,0.06837553305234993,103.52852562959679,0.07199761861109218,269.5097562346121,0.02989667344113292,161.25,0.024635675742936056,72.75,102.5,129.75,345.25,273.25,211.0,True,
US-Wjs,2020,NIRv,18,8,0,12,0.0432126000359308,double_logistic,0.8853666844713879,0.002948524386884128,0.9411551161575574,0.041024394637194005,0.1108994843848144,161.2424824398952,0.019448952866186024,261.6094558295346,0.016013141637435294,219.5,0.02926838900264201,,,,,,,False,dates_missing_or_out_of_order
US-Wjs,2021,NIRv,16,10,1,16,0.0432126000359308,double_logistic,0.9960114410901503,0.0019311850665973413,0.9980646781190686,0.05550696259414304,0.2385253351076048,204.55492925280964,0.08567767081901075,234.38048857909047,0.06696308764245218,220.75,0.09402792516466182,174.25,196.25,211.25,277.5,248.75,231.0,True,
US-Wjs,2022,NIRv,26,12,2,0,0.0432126000359308,double_logistic,0.8330773091828407,0.003549998411573257,0.9130873620650248,0.04808930031126174,0.10723870920175653,231.67368989188176,0.022557998696293966,269.3307593330755,0.056558591461329084,232.75,0.023300053742391885,90.25,170.5,212.5,288.0,269.75,249.5,True,
US-Wjs,2023,NIRv,29,12,0,6,0.0432126000359308,double_logistic,0.9118126223513136,0.0026518750538748045,0.9559161747881985,0.04343224506876627,0.061858549021034714,125.69205483818794,0.07547058776941326,305.3454329861748,0.09566778081739319,224.75,0.018407616590120905,96.75,125.75,154.75,328.5,305.5,282.5,True,
US-Wjs,2024,NIRv,26,14,1,4,0.0432126000359308,double_logistic,0.8601693003445368,0.005126091861023396,0.9275638041950368,0.04263283576662312,0.13678475182179847,195.38905748052215,0.023606590579595733,266.273735427855,0.02565930883082877,228.25,0.03869708808211296,,,,,,,False,dates_missing_or_out_of_order
US-Wjs,2025,NIRv,29,12,0,0,0.0432126000359308,double_logistic,0.8081135102915348,0.007132910967875713,0.9015284253562019,0.0464559633682433,0.14456360578324215,207.4163898353031,0.022669029946465892,268.00995150888974,0.04109201459278352,226.75,0.04442194994796329,73.5,155.75,202.25,315.5,278.75,248.75,True,
US-Wkg,2013,NDVI,14,8,0,19,,double_logistic,0.8924289254175795,0.02479480159664849,0.944751727902546,0.1614800404238262,0.46318311376430515,198.24788859074044,0.18002890802710259,249.5088462201215,0.03373979951136581,216.5,0.21624949512145558,190.25,198.5,207.5,325.5,267.0,231.5,True,
US-Wkg,2014,NDVI,16,6,0,14,,double_logistic,0.9950759741672122,0.006777976246652421,0.9975412690611453,0.15437142394914158,0.40252470315519684,219.42221188188893,0.12194534425436843,324.3910203139678,0.0543422185003249,256.5,0.2394343575078953,201.25,219.0,235.5,365.75,325.75,289.75,True,
US-Wkg,2015,NDVI,19,8,0,9,,double_logistic,0.8210588518982932,0.0273624952706092,0.9067816026376577,0.18178327569184347,0.5660358334949244,239.45289490777847,0.016028267755345865,304.01163348717483,0.04355047682809725,253.75,0.17533059628594957,50.0,164.25,225.0,331.75,305.5,277.0,True,
US-Wkg,2016,NDVI,15,5,0,18,,double_logistic,0.9810754242671731,0.010750158647727083,0.9909315562455127,0.16183669869222325,0.46327779266176555,201.92435182303814,0.09014041047148354,277.0504124117805,0.04044447886741381,232.75,0.24074498068051878,177.25,199.5,217.5,337.5,287.25,252.75,True,
US-Wkg,2017,NDVI,14,8,0,22,,double_logistic,0.9908105597151946,0.011093888884601028,0.9955337512190119,0.1609521876820645,0.6192195690197095,197.11877218040112,0.13351183907894634,249.0164642738329,0.035675748507545596,218.75,0.31790164079152194,185.0,196.75,208.25,322.0,266.75,234.0,True,
US-Wkg,2018,NDVI,15,8,0,19,,double_logistic,0.9829719208866098,0.010359318266081278,0.9917680464459435,0.14030030556576778,0.5725540527286372,225.5476312176988,0.04847276583229682,277.299597213451,0.03326335496949373,256.0,0.20923378425054862,,,,,,,False,dates_missing_or_out_of_order
US-Wkg,2019,NDVI,14,6,0,19,,double_logistic,0.8150217566011551,0.026716734731655693,0.9029391020515392,0.178337342220712,0.4544005373398642,236.8596725510433,0.029516270081720156,297.99854916075645,0.09123632325760274,269.5,0.18073149712197653,147.0,212.75,251.0,317.0,299.75,283.5,True,
US-Wkg,2020,NDVI,16,7,0,16,,double_logistic,0.6993515387618268,0.02233994636292582,0.8453233917512145,0.15058978213106353,0.29160604044666705,100.12878068923033,0.08897901359111338,216.1576239839202,0.012214580793691764,139.75,0.09718067382107784,,,,,,,False,low_r2;dates_missing_or_out_of_order;eos90_too_early
US-Wkg,2021,NDVI,20,8,0,12,,double_logistic,0.8978265288559353,0.02849057748305952,0.9584569829215769,0.1576140064327513,0.5579726246273279,207.2791888709655,0.10071386490956592,258.84519397285055,0.029326523577691513,233.25,0.2446885861863633,192.75,206.75,221.0,352.0,287.0,250.25,True,
US-Wkg,2022,NDVI,37,17,0,3,,double_logistic,0.9731076616344762,0.02048379664345246,0.9864644897919064,0.1719266166077969,0.8935759902613937,195.79114233202205,0.08174203176113552,241.8403132313768,0.028863197619777063,224.0,0.38631437876530755,178.25,194.5,210.75,341.5,276.5,241.25,True,
US-Wkg,2023,NDVI,34,12,0,6,,double_logistic,0.6353958108831246,0.02751560638770507,0.8085424886860119,0.16593925208595592,0.2477367731723425,98.7656477348026,0.11051807183201767,338.2505809104558,0.0580345668298516,185.0,0.08178035870462438,,,,,,,False,low_r2;dates_missing_or_out_of_order
US-Wkg,2024,NDVI,30,13,0,9,,double_logistic,0.8484135028257411,0.013493284739014904,0.9219030451532797,0.17665557908909646,0.472159122663804,218.05811862697576,0.06796716382940393,241.6676410085949,0.05353273077054245,234.0,0.10294187719441622,180.25,205.75,223.0,302.0,266.5,245.75,True,
US-Wkg,2025,NDVI,33,13,0,0,,double_logistic,0.9481773836037498,0.01231549323613714,0.9749741051182279,0.1505727960292457,0.2902531613219132,209.01499324226393,0.10192595429003486,326.2469140663324,0.04939383085396693,252.25,0.13447624398667798,,,,,,,False,dates_missing_or_out_of_order
US-Wkg,2013,NIRv,14,8,0,19,,double_logistic,0.8514080729893896,0.008091985924287707,0.9230976829168284,0.0376944357003675,0.11295402260036977,198.7555709415104,0.18615089313492514,250.79540377534832,0.04399538479017101,216.5,0.05896028508852612,189.25,198.5,207.5,307.0,261.0,230.75,True,
US-Wkg,2014,NIRv,16,6,0,14,,double_logistic,0.9773433113114587,0.003278598526973616,0.9886081973201776,0.03707921066028139,0.10277884740516445,219.2427159661766,0.100094410471598,312.93046494876705,0.03779430807915546,253.0,0.057354352103305244,,,,,,,False,dates_missing_or_out_of_order
US-Wkg,2015,NIRv,19,8,0,9,,double_logistic,0.8535481851090891,0.006927519997543953,0.9246231599337894,0.02965644616829342,0.10430327294915669,164.35921343229666,0.015475680518614804,294.2406924105261,0.04908214909758389,238.75,0.05211422611799475,,,,,,,False,dates_missing_or_out_of_order
US-Wkg,2016,NIRv,15,5,0,18,,double_logistic,0.9512061577340896,0.004113470441489812,0.9763262337044327,0.03427704666877627,0.1413926462257399,206.95900827207024,0.05134918143538817,257.92015283209537,0.0409160310326726,234.25,0.05647341925961307,156.0,193.25,218.0,327.75,280.25,251.5,True,
US-Wkg,2017,NIRv,14,8,0,22,,double_logistic,0.9813552069686041,0.0044814013440929255,0.9909441724798695,0.03277157216548603,0.1511869352247191,194.61678932048648,0.13407004442887926,256.09494803000644,0.0348296756588862,217.5,0.08866222651073541,181.5,194.0,206.25,328.5,271.0,234.75,True,
US-Wkg,2018,NIRv,15,8,0,19,,double_logistic,0.9543172464733863,0.003510667288733463,0.9769915301326493,0.028257260825557955,0.11729912815894405,228.6409765898939,0.03856901784307586,277.46931221181734,0.04899467818778771,250.5,0.04349876964589359,153.0,203.0,233.0,331.0,292.75,267.25,True,
US-Wkg,2019,NIRv,14,6,0,19,,double_logistic,0.7993653141257322,0.0076581135303033536,0.8946091052126425,0.016145406208611785,0.11111738794308519,201.86042083837327,0.014659187914889097,312.3755549081593,0.037252918913187494,252.0,0.05512945723375656,,,,,,,False,low_r2
US-Wkg,2020,NIRv,16,7,0,16,,double_logistic,0.8989008127105442,0.0034938963718089016,0.950289242748471,0.02947169635792608,0.08688240593382161,104.53165949862452,0.05671705980650597,154.07836313232468,0.013837055318813922,151.5,0.02547779514022804,,,,,,,False,dates_missing_or_out_of_order;eos90_too_early
US-Wkg,2021,NIRv,20,8,0,12,,double_logistic,0.8311662474924185,0.010121698200803634,0.9352464237497605,0.03355156407597733,0.12972715003580573,208.7679114604687,0.10193824479923645,262.0587639796664,0.035564106828278375,233.5,0.06345075530195916,191.0,207.0,221.5,336.75,282.0,249.75,True,
US-Wkg,2022,NIRv,37,17,0,3,,double_logistic,0.9677802978312603,0.006744137718809708,0.9837699764429382,0.03609414199847017,0.3078723628205983,202.0235788098129,0.07502569490744379,236.40121834216228,0.04253436529488081,224.25,0.127099486281928,175.0,196.0,212.5,307.25,263.0,238.0,True,
US-Wkg,2023,NIRv,34,12,0,6,,double_logistic,0.7338389062497922,0.008279248917862447,0.8660202134113231,0.028219627750794014,0.061326761303500905,102.66820593086707,0.07202719363237754,342.8507439600914,0.05284093334479016,206.75,0.0330638677202323,,,,,,,False,low_r2;dates_missing_or_out_of_order
US-Wkg,2024,NIRv,30,13,0,9,,double_logistic,0.8170033451875778,0.004566255715609107,0.9065211985994351,0.041241181552382974,0.12436931369410055,220.57504230208065,0.04493876224551152,251.39805208408777,0.043785996699129526,236.75,0.027364621369938072,153.5,195.5,221.25,322.25,278.75,252.5,True,
US-Wkg,2025,NIRv,33,13,0,0,,double_logistic,0.8897513751545387,0.005498282028741525,0.9494575136725445,0.04098655568842724,0.08425440540627245,203.9331930224089,0.07102960925850264,307.472308066482,0.05810660454857767,252.25,0.040232647179379064,172.0,202.25,228.0,346.75,310.0,278.75,True,
