site_id,year,vi_index,n_obs,n_obs_after_doy200,n_obs_after_peak,n_winter_fill,n_clim_fill,background,method,r2,rmse,corr,vmin,vmax,S,greenup_kinetic_i,A,senescence_kinetic_i,peak_doy,amplitude,leaf_out_10,leaf_out_50,leaf_out_90,EOS10,EOS50,EOS90,qc_pass,qc_reason,EOS90_site_mean,EOS10_site_mean,solstice_doy,growing_season_length,total_gpp_growing_season,total_reco_growing_season,mean_radiation_growing_season,mean_temperature_growing_season,gpp_sos10_to_solstice,gpp_solstice_to_eos10,gpp_solstice_to_eos90,gpp_solstice_to_eos10_fixed,gpp_solstice_to_eos90_fixed,photoperiod_at_EOS90
AT-Neu,2017,NDVI,34,15,16.0,19,0,0.468160492899793,double_logistic,0.8801571342448241,0.0365395818738463,0.9447878121487542,0.4658178328706763,0.8051293162005434,95.95275960620306,0.1224253401273217,313.544231008572,0.0850860518232276,187.0,0.3392994357478452,78.25,96.0,114.0,339.5,313.75,287.75,True,,,,172,217.75,2724.2747501999997,3129.798553,165.8711417624521,10.341670498084293,1125.03717,1614.7126801999998,1524.87554,,,10.629295096803249
AT-Neu,2018,NDVI,42,24,26.0,13,0,0.468160492899793,double_logistic,0.9631965215840004,0.0213577941865277,0.9815120616002048,0.4683400520219433,0.7973616948198863,103.40787954114082,0.2259896115069704,323.2183210868139,0.0879162895145511,168.0,0.329021102504954,93.75,103.5,113.25,348.25,323.25,298.25,True,,,,172,219.75,2215.1931324,2790.01479,165.15663137254901,11.68783137254902,926.8941251999998,1300.6015072,1259.3194359999998,,,10.062577201273164
AT-Neu,2014,NIRv,13,7,7.0,0,28,0.0220071089708593,double_logistic,0.9103982390447748,0.0388332974066572,0.9563124849807304,0.0325910486659611,0.3526836866829097,96.12268689388036,0.0971719822597588,293.5017411109821,0.0643013215566162,177.25,0.3197906213543549,73.75,96.25,118.75,327.75,293.75,259.5,True,,266.4642857142857,334.75,172,197.5,2428.9928353,2643.2809399999996,157.6193464566929,10.920043307086614,943.30339,1493.5321253,1119.61036,1504.2884692999999,1188.5586700000001,12.246094227251678
AT-Neu,2015,NIRv,13,9,10.0,12,11,0.0220071089708593,double_logistic,0.964822365307777,0.0205615091433099,0.9845726093423444,0.0240204800058561,0.3348433106013344,102.31303223532616,0.1086319067886103,300.7451944802799,0.0677560161565491,181.25,0.3106695259234352,82.25,102.5,122.5,333.25,301.0,268.5,True,,266.4642857142857,334.75,172,198.5,2229.885668,2615.87169,165.0736294820717,11.195501992031872,866.1106100000001,1378.1298579999998,1081.51847,1381.315868,1061.95343,11.72498243284699
AT-Neu,2016,NIRv,24,12,16.0,8,6,0.0220071089708593,double_logistic,0.9603133699164212,0.0226437211753612,0.9801218263272848,0.0283756988089106,0.3132451195905728,87.92060166990909,0.1461753627869912,306.84428448823456,0.1087117942863207,182.5,0.2848687549574537,73.0,88.0,103.0,327.25,307.0,286.75,True,,266.4642857142857,334.75,173,219.0,2291.796178,2771.046988,162.01643529411768,10.655854901960787,975.853623,1321.1269949999999,1189.7557260000003,1329.228665,1071.6078160000002,10.684808366246163
AT-Neu,2017,NIRv,35,15,16.0,17,0,0.0220071089708593,double_logistic,0.9243205592483243,0.0285067034905322,0.9619597225107838,0.0140609028370391,0.3356342291563282,92.5516619043964,0.0665010368396331,299.9335589693236,0.0609744435763011,192.5,0.3206974471999379,59.5,92.5,125.25,336.25,300.25,264.5,True,,266.4642857142857,334.75,172,207.75,2757.6143524999998,3199.1018239999994,164.95702527075815,10.05124548736462,1158.7561125,1614.3333399999997,1268.6397,1614.5337359999999,1296.4654,11.956553882627345
AT-Neu,2018,NIRv,42,24,25.0,13,0,0.0220071089708593,double_logistic,0.9398107388355816,0.0248147152045006,0.9696256245877418,0.0198938203929513,0.3112643706436332,100.0376020880958,0.1359431336039278,302.297072331566,0.0778086604889955,176.25,0.291345292140699,84.0,100.25,116.25,330.75,302.5,274.25,True,,266.4642857142857,334.75,172,202.25,2233.2466082,2792.0517600000003,174.25602429149797,12.2891012145749,951.4334432,1294.115665,1076.014746,1290.498568,998.332526,11.393322469476239
AT-Neu,2019,NIRv,42,22,24.0,24,0,0.0220071089708593,double_logistic,0.8759382364593997,0.0361988363077536,0.936496124651416,0.010912923053817,0.3461317803000234,98.31284322355168,0.0704825267372813,298.3217508779358,0.0463768695538201,181.25,0.3327882925101035,67.25,98.25,128.75,346.0,298.75,252.5,True,,266.4642857142857,334.75,172,200.5,2593.1148295,3311.0813690000004,156.3369139784946,10.191157706093188,1023.5797200000001,1579.1078995,998.343436,1547.3837915,1207.3201760000004,12.649758992975533
AT-Neu,2020,NIRv,49,32,32.0,9,6,0.0220071089708593,double_logistic,0.969086411383716,0.020196123161647,0.9844642313876456,0.0039683029565602,0.3357681476273738,93.85598054391296,0.0547918511977592,299.7566326817548,0.0522906378582785,194.75,0.3291239223624498,53.75,93.75,132.75,342.0,300.25,259.25,True,,266.4642857142857,334.75,173,206.5,2844.11328,3245.606309,162.62962283737022,9.642892733564015,1289.5363699999998,1563.31117,1076.2150430000002,1559.223074,1205.032843,12.260557041613593
AT-Zoe,2018,NDVI,49,30,32.0,11,0,0.6437472170637523,double_logistic,0.9817523424316849,0.0124784541278025,0.9910402087167836,0.6474982961839989,0.8715280789941844,115.4717297101175,0.2717468160126441,289.6647676588996,0.1274763407866666,173.0,0.2240296685353463,107.5,115.5,123.75,307.0,289.75,272.5,True,,273.75,305.7142857142857,172,174.25,,,171.75636999999998,14.59337,,,,,,11.480976840801306
AT-Zoe,2019,NDVI,42,17,22.0,9,4,0.6437472170637523,double_logistic,0.9086693209763506,0.0298288395263413,0.9589800444754674,0.6528124154163999,0.8743218736431557,126.92973791925792,0.2885445734228904,289.1009587349823,0.1363937931527534,180.75,0.2215093337547715,119.5,127.0,134.75,305.25,289.25,273.0,True,,273.75,305.7142857142857,172,162.25,1003.5413681,567.723817,179.82169892473115,13.983032258064517,299.421602,713.1751661000001,653.8838030000001,713.1751661000001,653.8838030000001,11.451432715674043
AT-Zoe,2020,NDVI,40,24,26.0,1,8,0.6437472170637523,double_logistic,0.8224519105130612,0.0378866009895647,0.9230657906207164,0.6488645101381791,0.8672004176896949,119.89530448133064,0.1514601380668257,285.5027190964948,0.0882606760389534,183.0,0.2182947786361104,105.5,120.0,134.5,310.5,285.75,260.75,True,,273.75,305.7142857142857,173,165.75,1086.6720550999999,544.170497,168.97102926829268,12.551829268292686,436.90709000000004,651.7257951,538.16854,645.9340241,592.8956800000001,12.178227242481663
AT-Zoe,2021,NDVI,46,22,18.0,7,0,0.6437472170637523,double_logistic,0.981492682898602,0.0140296617988627,0.9910215680881168,0.6465757046123376,0.8679505336347214,148.6634415622594,0.2373308757751674,294.5213541766991,0.2514515635483327,223.5,0.2213748208564402,139.5,148.75,158.0,303.5,294.75,286.0,True,,273.75,305.7142857142857,172,146.0,1049.9254700000001,592.2691299999999,179.33484146341462,13.260871951219514,227.45123,832.69054,793.4988599999999,835.9334100000001,730.7186,10.693460007038144
AT-Zoe,2022,NDVI,48,20,21.0,5,6,0.6437472170637523,double_logistic,0.8822834050886246,0.0350067323713363,0.9419892176048366,0.6487735717238713,0.8686858842276864,127.60941465495078,0.221914202147873,280.07050230957924,0.1462250894498214,189.25,0.219911684814717,117.75,127.75,137.75,295.25,280.25,265.25,True,,273.75,305.7142857142857,172,152.5,1095.5102700000002,483.227876973644,184.90498314606742,14.020331460674155,363.5371100000001,740.9859599999999,646.1102400000001,752.980583,681.10615,11.910872663458974
AT-Zoe,2023,NDVI,38,24,24.0,12,5,0.6437472170637523,double_logistic,0.9521531467755704,0.0183682346191657,0.976504937444674,0.6476496058370378,0.8773582857912992,138.7999215913565,0.1994983568398223,298.8582579108062,0.122673484616647,201.25,0.2297063391812702,128.0,139.0,150.0,317.0,299.0,281.0,True,,273.75,305.7142857142857,172,160.0,1221.1790660000001,722.94399,170.49998421052632,13.988621052631578,313.91997,915.1596959999999,830.2025600000001,899.706835,789.39482,10.982119431802582
AT-Zoe,2024,NDVI,46,25,26.0,6,0,0.6437472170637523,double_logistic,0.9856664428505124,0.0123483838659674,0.9930336627974944,0.6445959746329414,0.867395289738231,121.02660506087771,0.2205678916184178,289.549889390698,0.1851205708553118,198.25,0.2227992960022964,111.25,121.25,131.0,301.5,289.75,277.75,True,,273.75,305.7142857142857,173,168.5,1058.24004,707.6786999999998,192.1612473684211,14.348873684210526,503.6668399999999,566.2475999999999,566.2475999999999,566.2475999999999,566.2475999999999,11.171882561616355
AT-Zoe,2016,NIRv,20,9,9.0,3,18,0.0844744864162498,double_logistic,0.9625337796940874,0.0126578203561598,0.9817532175380772,0.0891017940226424,0.3107098446274365,128.91415156366867,0.1462449608126811,256.32605281907206,0.0303167391746138,160.25,0.2079454031543006,114.5,128.75,142.25,331.25,260.5,200.75,True,,220.13888888888889,316.02777777777777,173,131.75,489.33215755,169.2655032,157.10612903225805,11.6110599078341,93.81708650000002,395.51507105,87.20656,394.98880065,179.94240299999998,15.293152568129523
AT-Zoe,2017,NIRv,34,20,26.0,3,4,0.0844744864162498,double_logistic,0.9833040921034716,0.0118723771181084,0.9917762639359344,0.0801654544040798,0.3075674896157002,132.4297498938664,0.2044425694627929,255.94442594229795,0.0438294308482335,160.5,0.2232569705367388,121.75,132.5,142.75,306.75,257.0,209.75,True,,220.13888888888889,316.02777777777777,172,124.5,817.293143,279.9764341,179.10933513513518,13.67571351351351,247.49468000000002,576.739393,223.09002999999998,576.739393,278.49876,14.941932995617634
AT-Zoe,2018,NIRv,49,30,35.0,11,0,0.0844744864162498,double_logistic,0.9794543473325336,0.010640163307435,0.9899061280243234,0.0816878389998362,0.2880211584514802,114.51362689459351,0.2152914097156459,265.6255761436552,0.041244218690947,145.25,0.2046277109539231,104.5,114.5,124.5,319.25,266.25,214.5,True,,220.13888888888889,316.02777777777777,172,151.75,,,166.38561860465114,14.255795348837207,,,,,,14.730432455261608
AT-Zoe,2019,NIRv,45,17,27.0,5,4,0.0844744864162498,double_logistic,0.9868029102048548,0.010374682672978,0.9935396171652332,0.0846843411243573,0.2836270691827666,123.9557115101465,0.1594985894602909,268.79448975825284,0.0581782874128618,167.25,0.1982041570520937,110.25,124.0,137.75,306.75,269.0,231.75,True,,220.13888888888889,316.02777777777777,172,145.0,1034.7131421000001,599.4673570000001,179.37447959183675,13.80636734693878,331.04010400000004,712.7284381000001,427.79666,716.1118661,349.70860999999996,13.853012531726485
AT-Zoe,2020,NIRv,41,24,29.0,1,5,0.0844744864162498,double_logistic,0.9742900096168432,0.0110770601221402,0.9871901979602238,0.0806692903636711,0.2558140617740077,115.97545167807893,0.1646294335402964,270.6978497195426,0.0503523935419913,157.75,0.1743728240510555,102.75,116.0,129.25,314.5,271.0,228.0,True,,220.13888888888889,316.02777777777777,173,155.0,1110.6357581000002,557.928007,167.54598113207547,12.350933962264152,455.58008,657.0165081,375.55812000000003,657.6211565,326.77076999999997,14.0553398346911
AT-Zoe,2021,NIRv,46,22,23.0,7,0,0.0844744864162498,double_logistic,0.9799494955855907,0.0115912366734153,0.9900812276027724,0.0848365325393788,0.2851300263007369,139.11176389471748,0.1391672127028969,270.3146967011152,0.0475233787812046,178.25,0.1969444592935935,123.5,139.0,154.25,317.0,271.25,227.5,True,,220.13888888888889,316.02777777777777,172,132.25,1106.624105097,658.4777320000001,173.0750412371134,12.389567010309278,277.777514,839.0628910970001,462.28524000000004,838.7801990970001,402.66571000000005,14.081912408717596
AT-Zoe,2022,NIRv,48,20,27.0,5,6,0.0844744864162498,double_logistic,0.989752797337906,0.0088590855911189,0.9948941455631092,0.0845490187771852,0.2841744204202072,126.34030262549994,0.2476651269892223,257.5764315019068,0.0543049573887286,155.0,0.1987030248970468,117.5,126.5,135.25,298.25,257.75,218.0,True,,220.13888888888889,316.02777777777777,172,131.25,1099.8407000000002,489.905826973644,183.26885082872926,13.983839779005525,363.5371100000001,745.3163899999997,369.37173,762.809141,382.42671,14.564918869474978
AT-Zoe,2023,NIRv,39,24,29.0,10,5,0.0844744864162498,double_logistic,0.9652921744874254,0.0135986400062074,0.9828568377334134,0.0844850795819594,0.3087664204247273,133.13371790930998,0.1786775360774233,278.2789246042192,0.0355574090790232,165.0,0.2196038594974194,121.0,133.25,145.0,340.75,279.5,222.0,True,,220.13888888888889,316.02777777777777,172,146.25,1267.6121834,785.561226,156.21228636363634,12.425454545454548,352.39716,923.1156234,428.4261299999999,914.3605769999999,411.4804199999999,14.367018055125117
AT-Zoe,2024,NIRv,47,25,32.0,6,0,0.0844744864162498,double_logistic,0.958151548037599,0.017276756395977,0.9793461138243772,0.0910446714551979,0.2819544839769078,120.7012802463652,0.2205638967438556,268.90476892374824,0.0541827785423089,155.0,0.190413187206164,110.75,120.75,130.75,309.75,269.25,229.0,True,,220.13888888888889,316.02777777777777,173,148.5,1059.28305,709.0726199999999,188.51764824120605,14.039698492462312,504.70984999999996,566.2475999999999,557.5755899999999,566.2475999999999,474.1817,14.001898019911824
BE-Bra,2016,NDVI,28,14,13.0,0,8,0.6072346906758207,double_logistic,0.8706613436429549,0.0276969527787591,0.9331998526546952,0.6578813476774958,0.8111943851371797,128.08556963143965,0.3595011134843819,304.9255602835235,0.6994481136188334,226.0,0.1533130374596838,122.0,128.25,134.25,308.25,305.0,302.0,True,,293.0,336.4166666666667,173,176.75,1407.091952,985.75807,161.9200267379679,15.848930481283423,441.43998999999997,973.6897819999999,956.815942,1005.9192780000001,938.53862,9.517745107381279
BE-Bra,2023,NDVI,35,11,13.0,0,11,0.6072346906758207,double_logistic,0.9188866789614076,0.0241153124570986,0.9604390911451502,0.6222401832990849,0.8220148468097097,124.61613835890076,0.1625868718697554,322.34921841815736,0.0622659492522058,183.75,0.1997256413505068,111.25,124.75,138.25,357.75,322.5,287.25,True,,293.0,336.4166666666667,172,197.75,1599.52191686,1313.0318000000002,149.53672357723576,14.57560162601626,533.4759200000001,1078.45039686,978.166973,1063.5389202,1002.242693,10.439932102203734
BE-Bra,2024,NDVI,25,16,16.0,2,16,0.6072346906758207,double_logistic,0.9479895934877872,0.0166624905851829,0.9745123424731827,0.6522649356464539,0.8278264488371839,120.70223006188652,0.1410653926641525,316.3814447012481,0.0819800555741635,195.0,0.1755482139357623,105.25,120.75,136.5,343.25,316.5,289.75,True,,293.0,336.4166666666667,173,195.75,1611.6002477,1266.0741699999999,143.5503487394958,14.310231092436975,563.90315,1052.6339177,982.15009,1047.3054087,993.8298699999999,10.278866467111238
BE-Bra,2016,NIRv,28,14,14.0,0,8,0.1036087411855906,double_logistic,0.979962096288884,0.0079849193179133,0.990175607778458,0.1040172766709788,0.2515989633475294,123.88886236564493,0.1026732341392336,283.2994371064168,0.0461710754413372,178.75,0.1458828025074763,102.5,123.75,144.5,331.25,284.0,238.25,True,,229.11111111111111,345.9166666666667,173,160.25,1511.2473300000001,1097.67951,149.11025327510916,14.253414847161572,520.36379,998.92136,609.85726,1012.2478560000001,534.2826699999999,13.689044002677022
BE-Bra,2017,NIRv,23,12,13.0,1,9,0.1036087411855906,double_logistic,0.9325619623750322,0.0149883868642474,0.965708307904182,0.107216854212561,0.2522654516089638,128.41463809641937,0.1542313100056631,290.8988014298065,0.0426782199925287,170.25,0.1439831230037521,114.25,128.5,142.5,342.75,291.25,241.25,True,,229.11111111111111,345.9166666666667,172,162.75,1495.344478,1119.82333771,142.46161842105263,14.386688596491227,473.86551999999995,1032.8767579999999,646.7494300000001,1031.957469,546.42996,13.495232233993008
BE-Bra,2018,NIRv,45,18,25.0,1,10,0.1036087411855906,double_logistic,0.96210409137013,0.0118496108263365,0.9810388389425908,0.1022778506858527,0.2465486319623453,113.29582615450477,0.199040910064907,290.3687669275848,0.0412232636120683,150.25,0.1437326851365447,102.5,113.5,124.25,344.0,290.75,238.0,True,,229.11111111111111,345.9166666666667,172,177.25,1286.41895563,855.9950090467601,161.76555371900824,15.23437603305785,516.3643000000001,781.5836556300001,444.45710599999995,783.51645563,391.133146,13.705096810984056
BE-Bra,2019,NIRv,40,18,21.0,2,3,0.1036087411855906,double_logistic,0.9752798779901524,0.0095750878253746,0.9876790593129648,0.1044944936986449,0.2642031642268622,116.1566708296188,0.1302193990933306,276.33798219118125,0.0309284282753655,156.0,0.1550503458103351,99.5,116.0,132.0,348.5,278.25,214.0,True,,229.11111111111111,345.9166666666667,172,162.25,1556.7557920000002,1300.29742,159.46442570281124,13.722718875502007,556.67149,1013.0518019999998,458.68346999999994,1011.894413,582.6767,15.132687929539186
BE-Bra,2020,NIRv,44,17,23.0,1,10,0.1036087411855906,double_logistic,0.967590865183696,0.0109600147757707,0.9841288228007048,0.1081646630840839,0.2678779318760447,113.0072880692267,0.1420672455522338,265.15071502570066,0.0290885411511446,148.5,0.1534963048654621,98.0,113.0,127.25,342.25,268.0,201.5,True,,229.11111111111111,345.9166666666667,173,155.0,1434.2223053,1177.4263799999999,167.45976326530612,14.689763265306123,560.4683399999999,882.4145553000001,279.28439000000003,884.6367263000001,507.51588,15.727386844870823
BE-Bra,2021,NIRv,32,9,11.0,3,13,0.1036087411855906,double_logistic,0.9877731249562736,0.0075757774620073,0.9938928927623224,0.1027397508601325,0.2643625136237838,128.51042865562053,0.1041563428476757,292.0849726568191,0.0424782213405209,182.0,0.1595185242770262,107.5,128.5,148.75,344.25,292.75,243.5,True,,229.11111111111111,345.9166666666667,172,164.25,1469.0348609999996,1190.12018,149.8452025316456,13.583649789029536,441.97590999999994,1033.172521,681.39022,1032.9373380000002,567.54016,13.34858573712898
BE-Bra,2022,NIRv,54,23,29.0,0,4,0.1036087411855906,double_logistic,0.9516063317194444,0.0147457140193776,0.976030118785821,0.1088674571989518,0.2770869652945611,116.83493544878296,0.1349761844077381,287.3862307050785,0.0287623082727912,156.5,0.1636170576313051,100.75,116.75,132.25,365.0,289.5,219.75,True,,229.11111111111111,345.9166666666667,172,172.75,1580.989453442,1276.0401,157.44146037735848,14.194796226415095,596.4851,995.739453442,497.00193,983.3263873999999,554.7479999999999,14.817292728801622
BE-Bra,2023,NIRv,35,11,14.0,0,11,0.1036087411855906,double_logistic,0.987083039588347,0.0072124330728193,0.9935371495163968,0.1073198917950167,0.2647022315230958,120.3462096248831,0.1256211109121357,283.89353024456807,0.040665032114633,167.25,0.1555900553108835,103.0,120.25,137.25,338.25,284.5,232.75,True,,229.11111111111111,345.9166666666667,172,164.25,1622.1860222,1276.16208,161.23256779661017,14.955584745762712,569.93921,1064.6512122,604.58295,1069.30872086,573.3331000000001,14.038142994277313
BE-Bra,2024,NIRv,25,16,17.0,2,16,0.1036087411855906,double_logistic,0.9414320942105644,0.0131370023909988,0.970483587445298,0.1059923683446802,0.2576297642296723,111.30061660943224,0.0871389892638139,291.6164197446145,0.0340056994683471,169.75,0.1483453295126256,86.0,111.0,134.75,357.0,293.0,233.0,True,,229.11111111111111,345.9166666666667,173,182.0,1687.58990082,1391.4332599999998,135.86853676470588,13.760772058823528,634.28725,1058.23947082,631.7347900000001,1052.72845002,592.0054100000001,14.022475894523259
BE-Dor,2019,NDVI,33,8,17.0,1,5,0.6362912253983508,double_logistic,0.8291694553861295,0.0262685497119895,0.9106116769816978,0.7201643105199304,0.852938775771679,73.33071065009528,0.1255411135385279,174.98091718683563,0.4887412167274363,152.0,0.1327658845644296,56.0,73.5,91.0,179.5,175.0,170.5,True,,,,172,101.5,1028.400703,784.36435,176.2436935483871,10.522532258064517,944.624503,93.31866,,,,16.196502391087908
BE-Dor,2019,NIRv,33,8,17.0,1,5,0.2096289191935391,double_logistic,0.8843766031399275,0.0257449741913242,0.9433008285768082,0.2441255080717489,0.4140656777804798,86.27970702853843,0.1106827441875037,178.06834885856037,0.1969290123829954,143.25,0.169451778699695,66.5,86.25,106.0,189.25,178.25,167.25,True,,,,172,92.0,1080.48053,852.2426800000001,193.0785365853659,11.364723577235772,902.46931,187.55367999999999,,,,16.17823147471179
BE-Dor,2020,NIRv,50,18,23.0,0,4,0.2096289191935391,double_logistic,0.8441206084455839,0.0231467935952813,0.9195428572010044,0.2252896751239777,0.342560860117434,57.32488200479913,0.0733176626306205,181.15240265907852,0.3342217417074256,155.25,0.1171615116915529,27.5,57.5,87.25,187.75,181.25,174.75,True,,,,173,123.75,1483.35822,1155.10475,171.22945625000003,10.18168125,1329.92076,169.01666,26.6551,,,16.195676983758702
BE-Maa,2016,NIRv,21,12,12.0,1,12,0.0842484858880746,double_logistic,0.985873575064111,0.0049496207037199,0.9932256821753184,0.0873955356231428,0.2050372563188037,144.5851701201293,0.0888121683289082,273.878972301828,0.0425562854900852,192.25,0.1124226096114128,119.5,144.0,166.25,326.75,276.0,231.25,True,,235.82142857142858,341.14285714285717,173,132.0,377.90173300000004,290.519755,158.3122946859903,14.52359420289855,106.54547899999999,273.820384,163.279663,277.37700440000003,171.12291299999998,14.106229070110663
BE-Maa,2017,NIRv,21,8,8.0,1,4,0.0842484858880746,double_logistic,0.972885196821023,0.0049918116117992,0.9863926513647242,0.0845403937165255,0.1665550255144459,144.31019435923304,0.087368675252698,289.9248843898368,0.0436851931826345,198.25,0.079816473867518,119.0,144.0,167.25,341.0,291.25,245.25,True,,235.82142857142858,341.14285714285717,172,147.25,239.6335659,204.382766,151.56802242152466,14.181986547085202,63.22216100000001,177.5360549,117.67691599999999,177.5360549,98.721136,13.219377349031951
BE-Maa,2018,NIRv,47,20,27.0,0,7,0.0842484858880746,double_logistic,0.946752784462548,0.0067491751544363,0.973246994813914,0.0871115525286123,0.1984720213945825,134.3461742140464,0.0813152747901656,221.06559922001185,0.021597022399943,170.0,0.077796804668207,114.0,133.5,152.75,341.0,250.0,195.5,True,,235.82142857142858,341.14285714285717,172,116.5,582.4859998,582.1321049999999,168.47033771929824,14.861035087719298,224.86442100000002,361.8685888,81.20411,361.8685888,160.56245180000002,15.90545290726381
BE-Maa,2019,NIRv,34,14,14.0,0,0,0.0842484858880746,double_logistic,0.9595463246746216,0.0067477104275177,0.9806451784914832,0.0840378211912969,0.1633139201104531,142.49678804737974,0.0833110107753089,290.1654731943545,0.0548907017142627,204.25,0.0781132653683186,116.0,142.25,167.5,330.5,290.75,252.75,True,,235.82142857142858,341.14285714285717,172,148.5,617.3372731000001,551.7557429999999,166.47461860465114,13.908516279069769,165.652611,456.9626421000001,342.37245,463.1772923,281.14428999999996,12.72847457376634
BE-Maa,2023,NIRv,37,11,11.0,0,7,0.0842484858880746,double_logistic,0.9689958132803757,0.0058274374507388,0.984711760280664,0.0896877522071908,0.172019348189451,134.00632861941702,0.0921947346613664,306.63718663027225,0.0556916914792487,202.5,0.0819342775526974,110.25,134.0,157.5,346.25,307.0,268.25,True,,235.82142857142858,341.14285714285717,172,173.0,901.0245527,858.427206,161.04040677966103,14.516343220338983,256.25413999999995,650.2018327000001,522.59306,647.2533127,369.17154,11.701368229999826
BE-Maa,2024,NIRv,31,18,20.0,2,12,0.0842484858880746,double_logistic,0.9689853571293594,0.0072883876778185,0.9848100809064712,0.0901324189453882,0.2184395922026062,131.3747280358946,0.0698900004657466,273.54020265933883,0.0318692807836064,184.25,0.1181525884531555,99.5,129.75,156.5,345.5,278.75,223.75,True,,235.82142857142858,341.14285714285717,173,149.0,1091.567947,995.81076,146.16482113821138,13.746329268292682,334.72762,760.504937,394.45556,758.563723,480.00995,14.554759225776486
BE-Maa,2025,NIRv,59,17,17.0,2,6,0.0842484858880746,double_logistic,0.944877535688984,0.0088213737484543,0.972374195740098,0.0923733335748623,0.191771606429224,130.66676877069082,0.0745145098031904,288.0871362208304,0.032808491234502,186.75,0.0944466994567739,100.75,129.75,156.0,357.0,291.25,234.0,True,,235.82142857142858,341.14285714285717,172,161.5,844.941468,805.4157700000001,156.57787159533078,13.954988326848248,293.128259,558.2261490000001,320.38506,546.182436,322.95829000000003,13.936287499398173
BE-Vie,2019,NDVI,18,9,9.0,3,11,0.8422295544776607,double_logistic,0.9534759431082044,0.0013395643522321,0.9769202493542334,0.8421801495187519,0.8553049532234306,150.7576311212319,0.279447338241668,254.9494671995052,1.0,231.25,0.0131248037017741,143.0,151.0,158.75,257.25,255.0,253.0,True,,,,172,104.0,1160.1788900000001,697.3220841578599,225.71631304347827,16.455626086956524,309.19698000000005,867.35821,841.0768,,,12.695050562837238
BE-Vie,2018,NIRv,17,9,12.0,4,19,0.1663863814658679,double_logistic,0.9831473064362612,0.0048192237704791,0.9918941804521706,0.1638077517211362,0.2597598142736735,127.17263713782496,0.1414423682088636,224.60461852418223,0.0579015266898731,160.0,0.092812301820582,111.5,127.0,141.25,263.25,225.75,191.75,True,,195.72222222222223,280.47222222222223,172,98.75,1435.71136,895.36997,220.06672368421053,16.415263157894735,605.10739,842.9759700000001,207.26873000000003,937.3671200000001,249.86243000000002,15.918850621910774
BE-Vie,2019,NIRv,18,9,10.0,3,11,0.1663863814658679,double_logistic,0.9119231071945748,0.0097405017714806,0.9577058983575186,0.1658040248954517,0.2546011386830489,141.21732243592868,0.139689610261683,245.34376862272,0.0538511764084858,175.25,0.0860466865021979,125.5,141.0,155.5,287.0,246.5,209.75,True,,195.72222222222223,280.47222222222223,172,105.5,1430.97568,904.4767741578601,199.49112345679012,14.698265432098767,429.9680200000001,1017.3839599999999,451.33738000000005,989.56238,276.0512,15.225149360613248
BE-Vie,2020,NIRv,22,9,11.0,1,17,0.1663863814658679,double_logistic,0.8661469152811859,0.0127384875204546,0.936946236510743,0.1660717020644004,0.3608216282611799,140.69632406435653,0.0671723596775055,190.25092764736172,0.033024337327596,169.5,0.1049114599000751,111.5,135.25,155.0,277.0,219.75,187.0,True,,195.72222222222223,280.47222222222223,173,84.5,1095.5714600000001,746.6120900000001,212.5780843373494,14.616373493975905,426.62848999999994,676.19029,104.96774000000002,687.29345,166.61139000000003,16.037811692751603
BE-Vie,2021,NIRv,15,7,8.0,3,18,0.1663863814658679,double_logistic,0.9909137104799176,0.0029792426749117,0.9972523900941151,0.1659160747733286,0.277492030726945,152.03553254554046,1.0,230.0651490567162,0.0568186791632988,159.0,0.1095370077651917,150.0,152.25,154.25,269.25,230.75,194.5,True,,195.72222222222223,280.47222222222223,172,78.5,1239.0361500000001,648.938686,189.21890833333333,15.565024999999999,222.75561000000002,1029.0521399999998,267.05931000000004,1089.3930099999998,273.25218,15.836416512772242
BE-Vie,2022,NIRv,29,12,17.0,1,7,0.1663863814658679,double_logistic,0.9504183376678956,0.0089345299281425,0.9759088732498382,0.1657441920312767,0.2627423633557361,131.24441169849493,1.0,238.3123330983055,0.043906087874274,138.75,0.0957347005191445,129.25,131.5,133.5,288.75,239.0,191.25,True,,195.72222222222223,280.47222222222223,172,107.5,1283.7039,767.0998099999999,209.67255974842766,15.606257861635218,420.68178,873.82952,223.15546999999998,844.82095,258.18668,15.932796673916389
BE-Vie,2023,NIRv,19,6,8.0,1,16,0.1663863814658679,double_logistic,0.9934826315130384,0.0028124927774417,0.9967389416374368,0.1665030315699197,0.2790832032593853,140.02849700893367,0.1008274876336,221.2681576930386,0.0338188255650446,170.25,0.0904558544082679,119.5,138.5,155.25,293.5,233.25,192.25,True,,195.72222222222223,280.47222222222223,172,94.75,1431.9648200000001,1071.07729,199.7616896551724,15.496563218390804,427.56251999999995,1015.2133999999999,214.52328,959.9299699999999,251.45718,15.90457946327602
BE-Vie,2024,NIRv,17,12,14.0,2,18,0.1663863814658679,double_logistic,0.970382350949396,0.0043821127449832,0.9852614777016988,0.1650881424658021,0.235003465889876,133.129307439627,0.2122690585903997,247.0995624870152,0.0680123921875582,164.75,0.0695730197143143,123.0,133.25,143.5,279.5,247.25,215.5,True,,195.72222222222223,280.47222222222223,173,114.0,1420.58205,1052.5441600000001,180.5099872611465,14.805834394904457,437.10907000000003,990.94194,488.21311999999995,996.67065,254.62702000000002,14.939664215916467
BE-Vie,2025,NIRv,27,9,15.0,3,11,0.1663863814658679,double_logistic,0.9869122307645528,0.0045282232820525,0.9934354933195236,0.1666312499376028,0.2795299153449183,131.15055786194733,0.2187532560773173,233.89811335466428,0.0328135289488567,152.5,0.1045450970043394,122.0,131.25,140.25,303.5,238.5,185.0,True,,195.72222222222223,280.47222222222223,172,107.25,1644.6869202999997,1121.20062,181.29415934065935,14.16826923076923,567.12991,1090.7082103,161.57577,1024.35016,268.06122,16.078557939113143
BE-Vie,2026,NIRv,26,9,13.0,13,4,0.1663863814658679,double_logistic,0.9539296736163908,0.0080254885609348,0.9774441463758008,0.1660557568152665,0.2631347192859102,129.3858000329871,0.1424241461343176,225.97264561948336,0.0612625813359293,162.75,0.094270448135219,114.0,129.25,143.5,262.5,227.0,194.5,True,,195.72222222222223,280.47222222222223,172,97.75,1132.9725600000002,761.76024,245.27219834710743,16.965322314049587,552.83125,591.7551099999998,264.78752,591.7551099999998,274.5924600000001,15.836416512772242
CA-Cbo,2016,NDVI,17,10,6.0,13,10,0.7782199355956877,double_logistic,0.9625764094661104,0.0075006072006359,0.9818565941701928,0.7783038097336622,0.8742931134719302,152.70679289625346,0.3709275866690245,282.74100684036347,0.4419305521212215,223.25,0.095989303737486,147.0,152.75,158.75,287.75,282.75,278.0,True,,268.57142857142856,288.17857142857144,173,130.0,1707.77758,1212.73522505265,230.78597872340427,20.305078014184396,355.41663000000005,1367.89375,1303.1367400000001,1372.82772,1223.9475499999999,11.25523290032655
CA-Cbo,2018,NDVI,27,10,10.0,20,4,0.7782199355956877,double_logistic,0.8329963038342139,0.0158177360498105,0.9181980045234276,0.7785222896863829,0.865483765942966,146.2082126179643,0.3474380634183601,280.2048035930799,0.2826099232370597,206.75,0.0869614761089774,140.0,146.25,152.75,288.0,280.25,272.5,True,,268.57142857142856,288.17857142857144,172,134.0,1698.2674850000003,932.05312,210.266355704698,18.85763758389262,428.73091000000005,1285.652275,1227.83325,1285.652275,1198.49716,11.541202283841258
CA-Cbo,2019,NDVI,26,14,10.0,28,0,0.7782199355956877,double_logistic,0.9274184798403448,0.0104124352132482,0.9638763831142132,0.7777054549546665,0.8652431667698518,154.46604634733703,0.3649210277143804,281.09869553028693,0.405926516600146,221.0,0.087537711810462,148.5,154.5,160.5,286.75,281.25,275.75,True,,268.57142857142856,288.17857142857144,172,126.75,1359.1939700000003,759.9481128026799,215.5265,17.808514492753623,238.85469,1135.5644799999998,1082.0343899999998,1139.5611499999998,1038.1887299999999,11.371872134676655
CA-Cbo,2020,NDVI,41,21,17.0,20,0,0.7782199355956877,double_logistic,0.9197102626734432,0.0119184141714464,0.960198450135056,0.777180621779403,0.8728936472138537,152.35756788987084,0.1578748379279568,272.8804522904795,0.2886248638749596,229.0,0.0957121908357399,138.5,152.5,166.5,280.5,273.0,265.5,True,,268.57142857142856,288.17857142857144,173,120.5,1585.5167657000002,1000.4936439999999,231.80721830985917,18.727943661971832,314.004062,1286.0521036999999,1195.4519908,1309.4388537,1218.4458907999997,11.908070622668085
CA-Cbo,2021,NDVI,36,19,13.0,22,3,0.7782199355956877,double_logistic,0.8473020609465366,0.016617626734535,0.9226790735863252,0.7778467933801082,0.8673430671497651,146.14257125570558,0.226021020754247,274.37894255694613,0.3194557244186908,220.5,0.0894962662753822,136.5,146.25,156.0,281.5,274.5,267.75,True,,268.57142857142856,288.17857142857144,172,128.25,1351.527532,937.64249,211.03365517241377,19.03333793103448,358.59249,1005.219842,949.8740399999999,1030.1010919999999,954.5408199999999,11.789943710346451
CA-Cbo,2022,NDVI,31,16,12.0,19,0,0.7782199355956877,double_logistic,0.9461232577219904,0.0107077340401672,0.9734380304428956,0.776115761377491,0.8816025116201904,151.8482687056904,0.1177473046579197,281.5388574503576,0.1852280689109133,229.75,0.1054686023096618,133.25,152.0,170.5,293.5,281.75,269.75,True,,268.57142857142856,288.17857142857144,172,129.75,1602.576534,970.10333,208.61360624999998,17.35401875,348.39203999999995,1265.3043940000002,1147.3175199999998,1257.4513000000002,1139.23095,11.685073664417073
CA-Cbo,2024,NDVI,30,18,21.0,19,0,0.7782199355956877,double_logistic,0.928642272773565,0.0102859788756817,0.9638717800242445,0.7774549600293055,0.8689285135936151,140.77213775344825,0.3109304478231263,274.8847367868676,0.0905942700914668,174.0,0.0914607556532507,133.75,141.0,148.0,299.25,275.0,250.75,True,,268.57142857142856,288.17857142857144,173,134.0,1530.487442,1075.17111,204.17940361445784,17.917210843373493,413.89378,1126.9120620000003,837.2488400000001,1111.3213600000001,982.42818,12.680034821222431
CA-Cbo,2016,NIRv,17,10,11.0,13,10,0.0859126239397986,double_logistic,0.9599832873072804,0.0127968753739533,0.982391749578864,0.101399846263873,0.3033930232318418,144.25329976976062,0.2393553912480551,288.3441545936724,0.0531783381919572,175.5,0.2013801363055558,135.25,144.25,153.5,329.75,288.5,247.75,True,,242.25,323.1875,173,144.25,1799.2172053,1406.1825850526502,200.05553092783506,17.37413917525773,391.989835,1422.7601703,961.33215,1422.5985805,908.24478,12.835077946492715
CA-Cbo,2018,NIRv,27,10,14.0,20,4,0.0859126239397986,double_logistic,0.942413394435742,0.017766724672296,0.976494482167544,0.0986824810946065,0.2972313236665423,140.26508782817382,0.1824220694575062,285.5441373377266,0.0435370586715875,174.75,0.1965984700251981,128.25,140.25,152.0,336.5,286.0,237.25,True,,242.25,323.1875,172,145.75,1754.4890681000002,1098.5478699999999,176.6854230769231,14.595139423076924,458.93494,1311.6698281,873.2675200000001,1312.4983441,929.4145800000002,13.366415564659231
CA-Cbo,2019,NIRv,26,14,15.0,28,0,0.0859126239397986,double_logistic,0.9442147403145702,0.0151734791831463,0.9734162909455732,0.088820709163237,0.288928597400147,139.776613334763,0.1139956922850637,287.12922906398734,0.052469627764807,191.0,0.1982448747864001,120.5,139.75,158.5,329.25,287.5,247.0,True,,242.25,323.1875,172,147.75,1454.3885375999998,943.6520688026799,180.69872248803827,13.785923444976078,302.40717219999993,1167.2065654,873.12365,1165.2382144,830.0448600000001,12.873659473166844
CA-Cbo,2020,NIRv,42,21,28.0,18,0,0.0859126239397986,double_logistic,0.9542468977962169,0.0162401599451341,0.9779444368861328,0.099731417243816,0.3011123440289473,146.45839460393404,0.2403492954257407,278.7908430435504,0.0671567136751794,179.5,0.201053722592745,137.5,146.5,155.75,311.75,279.0,246.5,True,,242.25,323.1875,173,132.5,1623.7681888000002,1088.011466,205.7145,16.75457471264368,314.293129,1324.0144598,1037.6068899999998,1332.2244618,990.7716899999998,12.899336493358046
CA-Cbo,2021,NIRv,36,19,21.0,22,3,0.0859126239397986,double_logistic,0.9350325488247992,0.0183002664193822,0.970042600767408,0.1090230639905207,0.2807829290019676,138.52155741159137,0.2831519368493297,278.616777190852,0.0703485417417784,170.25,0.1716544037044435,131.0,138.75,146.5,310.0,278.75,247.5,True,,242.25,323.1875,172,140.0,1410.6180705000002,1083.39128,193.40290000000002,17.339605555555558,376.06897200000003,1046.8338985,817.90393,1055.9155974999999,776.47372,12.847947055759558
CA-Cbo,2022,NIRv,31,16,19.0,19,0,0.0859126239397986,double_logistic,0.9638201928110076,0.0151992008724979,0.9823688281298816,0.0973520919957511,0.3075519602640103,136.97109889916072,0.186782620527421,282.2426657555938,0.0551501381608753,175.25,0.2094611121199218,125.25,137.0,148.75,322.25,282.5,243.25,True,,242.25,323.1875,172,145.5,1636.5779086999996,1061.2605150000002,195.81408629441626,15.990796954314721,364.89293999999995,1282.8048687,917.2351100000001,1282.8833323000001,909.0908200000001,13.065289792476383
CA-Cbo,2023,NIRv,33,13,17.0,17,0,0.0859126239397986,double_logistic,0.9235675733754032,0.017681883469835,0.9654670762382416,0.1010966589251506,0.2825023306963984,136.97551689565725,0.1455668129599754,280.1644625470969,0.0607730316840835,183.5,0.1806899037764454,122.0,137.0,152.0,316.5,280.5,244.75,True,,242.25,323.1875,172,143.5,1800.017341,1379.26262,193.62868717948717,15.65565128205128,374.349423,1438.2604179999998,1051.62764,1442.127701,1027.82004,12.98890978492781
CA-Cbo,2024,NIRv,30,18,21.0,19,0,0.0859126239397986,double_logistic,0.896520774425133,0.0232517774193847,0.9480991932550464,0.0950668132186353,0.3053911694644626,133.02389928523297,0.159548300912887,274.3008966728835,0.0403225962294257,168.5,0.2066834062387053,119.5,133.0,146.25,329.5,275.25,224.0,True,,242.25,323.1875,173,142.25,1593.1310440000002,1205.36271,183.1797142857143,16.052314285714285,453.7361,1149.713344,560.11933,1145.71235,750.85585,13.995893139790665
CA-TP1,2016,NDVI,16,8,6.0,13,6,0.5396327337424073,double_logistic,0.993013166472149,0.0112528645415018,0.996601567859252,0.540005859579237,0.858647209608944,142.78504584880545,0.2071372414225692,303.8337088384058,0.1704153911221129,216.0,0.3186411668068354,132.25,143.0,153.5,316.75,304.0,291.0,True,,275.2916666666667,321.125,173,161.0,1405.730106,1680.3444,246.0518097826087,17.882766304347825,383.35386,1029.567096,908.3015099999999,1050.596936,798.3558400000001,10.676355914514122
CA-TP1,2018,NDVI,22,9,10.0,10,10,0.5396327337424073,double_logistic,0.9888881594396448,0.0147323652004728,0.9945258728592716,0.5414530227761066,0.8514045409578548,139.0304300476855,0.2527820104124557,298.56951329559206,0.0868398419416815,183.0,0.3099333295010319,130.5,139.25,147.75,324.0,298.75,273.5,True,,275.2916666666667,321.125,172,159.5,2309.0781417000003,3286.73648,206.92470103092782,16.55248969072165,642.72264,1684.9900017,1510.6283320000005,1679.2773417,1515.525052,11.51781608886313
CA-TP1,2020,NDVI,28,11,17.0,11,0,0.5396327337424073,double_logistic,0.9915128101921036,0.0110230854464083,0.9957758616505704,0.5431396601413568,0.8504081340084508,142.48879536494246,0.2835292527064084,294.7984266000143,0.0844196581739253,180.75,0.3072422642596829,134.75,142.5,150.25,321.0,295.0,269.0,True,,275.2916666666667,321.125,173,152.5,1844.2215895,2514.2520600000003,223.17005882352942,17.041700534759357,448.84196,1414.5944295000002,1109.8049215,1414.5944295000002,1170.6463315,11.739904393699499
CA-TP1,2021,NDVI,34,17,18.0,8,7,0.5396327337424073,double_logistic,0.919742854508796,0.0360022253231394,0.9612334613119388,0.5438799950934886,0.8304327267991645,137.43282476578452,0.1879226505354019,298.31024587352454,0.0769448300271403,187.5,0.2864724543497942,125.75,137.5,149.25,327.0,298.5,270.0,True,,275.2916666666667,321.125,172,161.0,1656.7326089,2486.456254,212.67267326732673,16.470445544554458,337.63269,1330.1301189,1035.65534,1318.6429979999998,1088.83804,11.690454902211668
CA-TP1,2022,NDVI,19,8,7.0,19,8,0.5396327337424073,double_logistic,0.9861129444837264,0.0134247630125951,0.993257547438231,0.5417699028167331,0.8559306565378767,135.80537245003867,0.1536138958782126,292.7056700499834,0.1380622542849465,210.5,0.3141537885643697,121.75,136.0,150.25,308.75,292.75,277.0,True,,275.2916666666667,321.125,172,156.75,1823.544241,1990.73636,234.6985240641711,17.21144385026738,487.39117,1347.853971,1118.704743,1392.540868,1091.561643,11.346118425167791
CA-TP1,2023,NDVI,28,10,10.0,10,7,0.5396327337424073,double_logistic,0.9115511329957228,0.0373563926859033,0.9568186177084088,0.5380575779166343,0.8505358617528321,137.91719624956912,0.131776748986669,300.1329746524623,0.0757423789423373,199.75,0.312232121386839,121.25,138.0,154.75,329.25,300.25,271.25,True,,275.2916666666667,321.125,172,162.25,1871.8980450000004,2130.68714,208.2179423076923,15.444990384615384,460.70394,1422.8686050000001,1148.7856800000002,1407.7869600000001,1185.88758,11.628712187024524
CA-TP1,2016,NIRv,16,8,10.0,13,6,0.0931942450426306,double_logistic,0.9748918177971322,0.0165513182244949,0.9874386843589286,0.0920185310704421,0.3604970223416487,144.38869486703982,0.2088155803370814,280.75239422148945,0.0470907849099453,175.25,0.266197853699332,134.0,144.5,154.75,327.75,281.25,236.0,True,,233.5,322.60714285714283,173,136.75,1432.597926,1728.29638,238.34580927835052,17.199407216494844,371.32666,1068.4621160000002,474.8148,1054.6751060000001,455.31527,13.34684580914608
CA-TP1,2018,NIRv,22,9,13.0,10,10,0.0931942450426306,double_logistic,0.985722607582974,0.0120100845771719,0.9929169126382662,0.0900623679716319,0.3390271181377668,140.25457600045144,0.215424354154798,275.4670520355883,0.0489299378633889,171.0,0.2471428785660499,130.25,140.25,150.25,320.75,276.0,232.25,True,,233.5,322.60714285714283,172,135.75,2301.0263017,3265.81081,210.0628,16.88958947368421,642.72264,1676.9381617,1085.2478999999998,1681.0387817,1106.9552999999999,13.518742226520908
CA-TP1,2019,NIRv,21,10,13.0,9,4,0.0931942450426306,double_logistic,0.9986332840967584,0.0037098934879807,0.9993660465675016,0.0939201616257625,0.3637253439847485,142.03028147985663,0.1276681942180214,270.15937379102746,0.0315678709679861,176.75,0.2532012963139119,125.25,141.75,157.25,342.0,274.25,216.75,True,,233.5,322.60714285714283,172,132.5,1930.5190468,2354.80418,195.0909677419355,14.423488479262673,529.9055,1418.5544467999998,626.0003,1402.280735,888.9891,14.17654141684924
CA-TP1,2020,NIRv,28,11,18.0,11,0,0.0931942450426306,double_logistic,0.9889452928914076,0.010067305223788,0.994458007293883,0.0940263073110913,0.3415428738487057,144.51586565076923,0.2403416694788676,279.9759523720282,0.055311979204091,174.75,0.2466116163271438,135.5,144.5,153.75,320.0,280.25,241.0,True,,233.5,322.60714285714283,173,135.75,1838.7393635,2502.3135700000003,224.88136756756757,17.150313513513513,443.97099000000003,1413.9831735000002,790.6424615000002,1413.5372195,728.9055545000001,13.112223336838657
CA-TP1,2021,NIRv,34,17,19.0,8,7,0.0931942450426306,double_logistic,0.988068380496064,0.0098414882129398,0.9940217492857316,0.0932814257817646,0.312196547565805,136.86383477940072,0.1483705389785035,270.01247242693245,0.050301561037259,176.0,0.2163414228623265,122.25,136.75,151.25,314.0,270.5,228.75,True,,233.5,322.60714285714283,172,133.75,1628.468198,2390.388434,220.05588020833338,17.197427083333334,353.5103,1285.988098,529.7407000000001,1320.393208,604.6264000000001,13.67539975561234
CA-TP1,2022,NIRv,19,8,12.0,19,8,0.0931942450426306,double_logistic,0.9757716118457362,0.0148250103737863,0.9878656035580096,0.090661721800736,0.3455646807277288,137.27276006112422,0.1973525224909022,282.1243438629799,0.065456059223631,177.5,0.254541865766845,126.25,137.5,148.5,315.75,282.25,249.0,True,,233.5,322.60714285714283,172,144.75,1823.219817,2013.58161,233.23801058201056,17.191825396825397,456.30066999999997,1378.6200469999999,877.30865,1394.206298,692.46203,12.727089033409428
CA-TP1,2023,NIRv,28,10,12.0,10,7,0.0931942450426306,double_logistic,0.9406500935708956,0.022662203800609,0.9708049567974224,0.0913648373021709,0.3336145378869404,137.9327015769035,0.1325268858831752,272.8137162828663,0.0490047457982347,180.0,0.2387973625904778,121.5,138.0,153.75,318.0,273.5,230.75,True,,233.5,322.60714285714283,172,135.5,1845.4019550000003,2085.5992300000007,215.9311269035533,16.083137055837568,460.70394,1396.372515,780.7091300000001,1411.24297,810.8530400000001,13.58636178312834
CA-TP3,2016,NDVI,16,8,3.0,13,3,0.7167813760827941,double_logistic,0.9817153392575124,0.0079811410354084,0.9911540249051408,0.7158445610729206,0.8492224428523684,156.3551566413107,0.1045559754664975,304.1368076039564,0.241310079154758,257.0,0.1333727610564438,135.5,156.5,177.5,313.25,304.25,295.25,True,,292.65,313.4,173,147.75,1334.87351,905.3204499999999,252.1313202247191,18.558691011235954,323.46348,1018.6745199999999,929.26942,1018.6745199999999,917.00406,10.478781701685902
CA-TP3,2018,NDVI,22,10,3.0,12,7,0.7167813760827941,double_logistic,0.9247250230262596,0.0156303027826775,0.9617354020059748,0.7164241584704351,0.8361176527562266,151.2342953662591,0.1088066398572168,319.5826377811198,0.7795767182842279,296.75,0.1196934761420841,131.25,151.25,171.5,322.5,319.75,317.0,True,,292.65,313.4,172,168.5,1524.1077500000001,1008.92594,225.35161780104713,16.98046596858639,354.65389999999996,1178.42141,1172.592934,1164.82067,1094.0895,9.586917836412534
CA-TP3,2020,NDVI,29,10,10.0,5,0,0.7167813760827941,double_logistic,0.85921325211461,0.0191856737400113,0.93227778681242,0.7203068140269555,0.8369021961121238,154.01690109351546,0.258676998901061,300.8403425811914,0.1198515593854651,202.5,0.1165940781134322,145.75,154.25,162.75,319.25,301.0,282.75,True,,292.65,313.4,173,146.75,1526.03417,909.2898,231.15895977011493,17.581385057471266,290.99683000000005,1243.80526,1064.5822600000001,1217.26759,1127.6091700000002,11.06554369961987
CA-TP3,2022,NDVI,21,8,5.0,22,8,0.7167813760827941,double_logistic,0.9152824940958753,0.0148645494938065,0.9568758875629888,0.716208370006177,0.8357472100292123,145.6095817732964,0.2489045972057422,296.2936269757391,0.6424405267225783,253.25,0.1195388400226417,137.0,145.75,154.5,299.75,296.5,293.0,True,,292.65,313.4,172,150.75,1368.22324,843.25744,237.08871165644175,18.19400613496932,361.03978,1016.2515199999999,988.2113499999999,1081.59119,986.47674,10.581629190315843
CA-TP3,2023,NDVI,27,10,8.0,11,5,0.7167813760827941,double_logistic,0.853831932242045,0.0201835445509754,0.9264427049417592,0.7150004274287529,0.8396001993772229,152.22503564260825,0.1076774006171289,293.5751877819748,0.1185225457926474,225.75,0.1245141772519542,132.0,152.25,172.75,312.25,293.75,275.25,True,,292.65,313.4,172,141.5,1462.58622,823.03602,230.9103812154696,17.04578453038674,332.11956999999995,1140.04838,969.03081,1142.82112,1059.4140499999999,11.430911658792889
CA-TP3,2016,NIRv,16,8,11.0,13,3,0.1321949664046299,double_logistic,0.9571828010823548,0.0112118139024279,0.9783727092016332,0.131795308073046,0.2670992292616793,144.83607328456915,0.2782131507289195,283.71088858295354,0.0493032694928939,171.0,0.1346903539394858,137.0,145.0,152.75,328.5,284.0,240.25,True,,235.42857142857142,323.89285714285717,173,139.0,1377.485936,936.0708999999999,240.08202083333333,17.646375000000003,314.6847,1070.0657259999998,571.0200600000001,1061.0325,537.37958,13.149624096325919
CA-TP3,2018,NIRv,22,10,13.0,12,7,0.1321949664046299,double_logistic,0.9859692872484132,0.0064773801331841,0.9930597391791116,0.1310404813335461,0.2575735785458445,141.74185559762995,0.2721671807060065,279.7303488477261,0.0639438587697476,172.25,0.1263708527072705,133.75,141.75,150.0,314.25,280.0,245.75,True,,235.42857142857142,323.89285714285717,172,138.25,1498.6625840000002,992.2748300000001,232.6179392265193,17.779165745856353,342.00409,1165.6260540000003,732.6846600000001,1180.4862,629.49603,12.886171652683846
CA-TP3,2019,NIRv,19,10,11.0,14,3,0.1321949664046299,double_logistic,0.9289090370425171,0.0131731832835024,0.9672728395348044,0.1333423568430412,0.2728137222286299,145.26415893237413,0.0922381809330726,269.26882153179366,0.033947719209902,187.25,0.1285153436625326,121.5,144.25,164.75,336.75,274.0,222.75,True,,235.42857142857142,323.89285714285717,172,129.75,1620.1648506000001,945.5270499999999,212.19097209302322,14.982199999999999,351.85274000000004,1280.4303106,603.5030300000001,1262.4127836,750.8716099999999,13.936953573215035
CA-TP3,2020,NIRv,29,10,17.0,5,0,0.1321949664046299,double_logistic,0.975029265879499,0.0084046673539309,0.9878041488154709,0.1335065830063785,0.2629735361141235,146.77167854950088,0.2403343221572391,283.650702554347,0.0504318505138916,176.0,0.128786323283255,137.75,146.75,156.0,327.5,284.0,241.25,True,,235.42857142857142,323.89285714285717,173,137.25,1611.767363,951.87206,225.46744736842106,16.949057894736843,355.45745000000005,1265.077833,691.7764699999999,1252.711253,645.7660500000001,13.102134333501978
CA-TP3,2021,NIRv,28,12,17.0,9,7,0.1321949664046299,double_logistic,0.9214615923450342,0.0136788814528496,0.9618529386345664,0.1345841148881069,0.2477408567456976,138.57938994229823,0.9822786190240088,267.1432429633188,0.0500357784138216,147.75,0.1128557272136649,136.5,138.75,141.0,311.25,267.25,224.0,True,,235.42857142857142,323.89285714285717,172,128.5,1354.9566103999998,905.087877,222.78032,18.371634285714286,311.58114000000006,1052.0698804,447.16399440000004,1085.8029114,571.8885344,13.884212465786517
CA-TP3,2022,NIRv,21,8,13.0,22,8,0.1321949664046299,double_logistic,0.9166794817692848,0.015803179224072,0.9588445636539326,0.1315906833478713,0.2678212869610608,139.18285476638644,0.2749454664992801,279.0589565824617,0.0528850735498784,166.75,0.1358032358973965,131.25,139.25,147.25,320.75,279.25,238.25,True,,235.42857142857142,323.89285714285717,172,140.0,1484.2610950000003,909.16959,224.33397354497353,17.165560846560844,395.77356000000003,1097.5555949999998,578.4861,1101.249546,549.14397,13.243977635561329
CA-TP3,2023,NIRv,27,10,15.0,11,5,0.1321949664046299,double_logistic,0.8281868770314602,0.0203905134090041,0.9126961239881082,0.1313902147043223,0.2563141999675431,139.40490701587822,0.1937174872203825,280.97698475032485,0.046907674807951,173.0,0.1239540861565292,128.25,139.5,150.5,328.25,281.5,235.75,True,,235.42857142857142,323.89285714285717,172,142.0,1527.230152,857.7493840000001,220.46234,16.05128,353.86489,1182.9469920000001,637.26027,1175.392594,637.26027,13.360631841148587
CA-TP4,2018,NDVI,22,10,12.0,13,7,0.7218510750254585,double_logistic,0.9356062630520556,0.0149719328064383,0.9677523955948284,0.7231519169130717,0.8444101587098974,145.92110311644817,0.999999618051034,319.51578982292267,1.0,181.75,0.1212582417968257,143.75,146.0,148.25,321.75,319.75,317.5,True,,291.75,307.3125,172,173.75,1343.6536075999998,1256.8701500000002,198.68497191011232,17.570067415730335,287.30242,1063.4502776,1059.6509876,1043.2096216,998.690299,9.569004123856152
CA-TP4,2020,NDVI,28,9,7.0,5,0,0.7218510750254585,double_logistic,0.920076899106532,0.0155840903819774,0.960845561700501,0.7280493495476689,0.8508696624282891,146.88197215364195,0.4430841473307582,288.83759265428125,0.6448179034420448,227.5,0.1228203128806202,142.0,147.0,152.0,292.25,289.0,285.5,True,,291.75,307.3125,173,142.0,1322.7301630000002,1010.983121,244.86243708609274,19.559814569536417,285.53868,1045.996983,1014.3172619999999,1081.576485,1043.451543,10.933483363056403
CA-TP4,2022,NDVI,22,9,5.0,21,8,0.7218510750254585,double_logistic,0.9317752035759154,0.0140144867629836,0.9653599877767216,0.7217467496524276,0.8462620945018818,144.74349034437216,0.3003516083309345,295.44716775133173,0.7945363610492538,252.75,0.124515344849453,137.5,144.75,152.25,298.25,295.5,292.75,True,,291.75,307.3125,172,150.75,1237.786403,937.40197,234.92749068322982,18.731478260869565,336.10207,912.076933,880.8272000000001,934.1581847,878.13242,10.592974455077414
CA-TP4,2023,NDVI,26,9,7.0,10,9,0.7218510750254585,double_logistic,0.8513312201131624,0.0211507066690024,0.9248686831743262,0.7194253122429416,0.8495224140436147,151.44740302933263,0.1008950948870238,293.9489162889553,0.0956614456423634,221.0,0.1298595219831688,129.75,151.5,173.25,317.0,294.0,271.25,True,,291.75,307.3125,172,142.5,1467.2607540000001,1067.75554,213.65496276595746,17.200872340425533,314.17422999999997,1160.271224,991.52496,1138.4894,1080.4101500000002,11.628070088199127
CA-TP4,2016,NIRv,16,8,10.0,13,3,0.1316625644488736,double_logistic,0.9636908965432334,0.0119929498728456,0.9818184764426212,0.1305914403999173,0.2895464432245616,143.17601799726268,0.2175588096424458,280.21623437366054,0.0527856525317928,175.25,0.1581857053595678,133.25,143.25,153.25,322.0,280.5,239.5,True,,236.17857142857142,319.17857142857144,173,137.25,1401.9057980000002,1276.27793,229.9634656084656,18.03095767195767,339.37573,1072.779368,620.12613,1064.178828,598.28575,13.185249696929771
CA-TP4,2018,NIRv,22,10,13.0,13,7,0.1316625644488736,double_logistic,0.9779416373183414,0.0098510996907717,0.9890485744392942,0.130302917301384,0.2826880484800709,140.47469458976974,0.2458001207309732,276.43646120938536,0.0614631906549505,172.25,0.1520715014476913,131.75,140.5,149.5,312.25,276.75,241.25,True,,236.17857142857142,319.17857142857144,172,136.25,1419.7100116000001,1297.56887,209.47059668508288,18.242198895027624,373.52366,1053.2854416,682.78961,1061.4615216,633.7982000000001,13.10226648309424
CA-TP4,2019,NIRv,23,12,13.0,13,4,0.1316625644488736,double_logistic,0.9013997042833952,0.0196751157679504,0.9544339915700352,0.1327494850405736,0.2878043151499539,139.8909567092311,0.0953193078419335,272.3256916246185,0.0409816632646368,186.25,0.1487839400153123,116.75,139.25,160.25,327.25,274.5,227.25,True,,236.17857142857142,319.17857142857144,172,135.25,1458.3742029999999,1194.333386,202.63509478672984,15.683843601895735,426.66024000000004,1045.024863,552.2661,1031.295543,655.7979499999999,13.74434042968488
CA-TP4,2020,NIRv,28,9,16.0,5,0,0.1316625644488736,double_logistic,0.9841792997008216,0.0080520542012636,0.9921372767611862,0.1332691757783721,0.2870402515890604,144.3342565509958,0.258124000268469,282.86672173387603,0.0505924526037221,172.25,0.1530884309196124,136.0,144.5,152.75,326.5,283.25,240.5,True,,236.17857142857142,319.17857142857144,173,138.75,1443.337845,1134.172291,217.1038219895288,17.418041884816756,312.05474000000004,1140.0886050000001,663.9226919999999,1127.0939550000003,655.62843,13.137906946426256
CA-TP4,2021,NIRv,27,11,12.0,9,7,0.1316625644488736,double_logistic,0.9632014240037616,0.0117528188124506,0.9817468170540142,0.1323892172636483,0.2792767978982156,135.85445059360387,0.1550701456839706,267.2195888743462,0.0481953007302275,172.75,0.1448766533424617,121.75,135.75,149.5,313.25,268.0,224.5,True,,236.17857142857142,319.17857142857144,172,132.25,1699.9642780000001,1362.92492,211.75824999999998,18.0198125,483.28738,1228.529698,606.6185399999999,1243.970338,722.41642,13.863159469275429
CA-TP4,2022,NIRv,22,9,15.0,21,8,0.1316625644488736,double_logistic,0.9159924289764488,0.0178465880591217,0.9575725926649258,0.1311668108062646,0.2835924280643174,136.24753987631308,0.3432766073616753,276.75850107900686,0.0607446894689151,161.75,0.1522607718318323,130.0,136.25,142.75,313.0,277.0,241.0,True,,236.17857142857142,319.17857142857144,172,140.75,1338.7248647000001,1029.64806,228.65780978260867,18.09178804347826,392.54223,956.5752347,571.6650900000001,968.2301057,531.46442,13.114159009806064
CA-TP4,2023,NIRv,26,9,13.0,10,9,0.1316625644488736,double_logistic,0.8491372765170535,0.0214486461997619,0.9241449011660609,0.1299543164962815,0.2720715263977505,138.22733817266632,0.1727697929691608,279.0008383381217,0.0537437124145504,176.75,0.1413534328139689,125.5,138.25,150.75,320.0,279.25,239.25,True,,236.17857142857142,319.17857142857144,172,141.0,1498.049614,1085.23715,213.50359999999998,16.990866666666665,335.4534700000001,1169.7808440000001,719.1994,1166.392014,698.2053199999999,13.197052503158561
CA-TPD,2016,NDVI,15,7,3.0,11,3,0.5451564141474801,double_logistic,0.9978567148750764,0.0068139798992358,0.9989279932780633,0.5444349326602274,0.8879347017930606,139.89652547478065,0.2123685802430833,290.98624412874966,0.7532691086719678,256.5,0.3434997691249912,129.75,140.0,150.25,294.0,291.0,288.25,True,,283.07142857142856,311.92857142857144,173,151.0,1463.53046,1085.66094,248.5857272727273,19.915066666666664,369.58497000000006,1104.7481899999998,1079.5064500000003,1136.889036,1050.2332700000002,10.806109252829954
CA-TPD,2018,NDVI,23,10,11.0,11,7,0.5451564141474801,double_logistic,0.9927216406903268,0.013507044423044,0.9963664455689808,0.5445446682285586,0.8806170418074515,137.0854116129401,0.3572220177947847,296.6157987876164,0.1487505676880032,185.75,0.3360723409645394,131.0,137.25,143.25,311.5,296.75,282.0,True,,283.07142857142856,311.92857142857144,172,159.5,1267.222375,909.04557,206.84672625698323,18.530265193370166,354.67533999999995,922.122505,867.9313999999999,922.122505,872.60069,11.103999670056886
CA-TPD,2019,NDVI,22,8,11.0,8,4,0.5451564141474801,double_logistic,0.995960811745524,0.0100732357719988,0.998053176725044,0.5472326448318142,0.8901033816176599,143.2571850369344,0.4085913815683961,304.85772361680176,0.0799032054802082,173.0,0.3428598197033737,138.0,143.5,148.75,332.5,305.0,277.5,True,,283.07142857142856,311.92857142857144,172,161.5,1445.0863043,908.62372916963,198.8285076923077,16.148615384615386,273.27306000000004,1177.5566743,1085.6064499999998,1169.285511,1121.0665800000002,11.322297432334372
CA-TPD,2020,NDVI,29,10,15.0,5,0,0.5451564141474801,double_logistic,0.9935313140120852,0.0117681721697919,0.9967835506828872,0.5440148387979498,0.8867378290930533,141.5771280676392,0.3833243870367043,294.48916916155247,0.1325615314368259,183.0,0.3427228159934512,136.0,141.75,147.5,311.25,294.5,278.0,True,,283.07142857142856,311.92857142857144,173,152.75,1337.7910650000001,964.86087,230.22578977272727,18.691960227272727,297.28195999999997,1054.4784049999998,986.758612,1054.4784049999998,1014.564752,11.297916629393551
CA-TPD,2021,NDVI,30,14,14.0,8,4,0.5451564141474801,double_logistic,0.9841505112288944,0.0178610530780728,0.9921677089518242,0.5445335418859831,0.8478609668874326,134.2014866877052,0.2340733952241472,303.4945331009242,0.1453479796444026,200.25,0.3033272742392259,125.0,134.25,143.75,318.75,303.5,288.5,True,,283.07142857142856,311.92857142857144,172,169.25,1056.363087,1221.12031,207.69970103092783,18.652994845360823,305.04146099999997,754.937526,711.00456,750.2325410000001,690.4050400000001,10.794351599415764
CA-TPD,2022,NDVI,23,9,8.0,20,0,0.5451564141474801,double_logistic,0.9916574632588456,0.0128368431803637,0.995848792995079,0.5440134706936118,0.8841612193825487,133.2736347218716,0.1730050640371511,295.4907065079838,0.2467399695959939,227.75,0.3401477028383256,120.75,133.5,146.0,304.5,295.5,286.75,True,,283.07142857142856,311.92857142857144,172,162.0,1670.646256,1200.45164,227.7940163043478,18.787880434782608,443.360685,1243.267771,1204.94553,1250.4633900000001,1192.29126,10.876932150152575
CA-TPD,2023,NDVI,26,9,8.0,6,12,0.5451564141474801,double_logistic,0.8834913922285101,0.0476698867840163,0.9420941065872184,0.5422533801124051,0.8777104619369804,135.97787160764005,0.1703843157996513,295.6790201710061,0.1443394547361687,209.75,0.3354545382254189,123.25,136.0,149.0,311.0,295.75,280.5,True,,283.07142857142856,311.92857142857144,172,159.75,1516.3561909999999,1026.661152,212.19201063829786,18.112175531914893,369.07335,1157.497341,1091.58386,1157.497341,1107.30331,11.176466187940331
CA-TPD,2016,NIRv,15,7,10.0,11,3,0.0800819096834116,double_logistic,0.9656946296570788,0.0221982757940269,0.9827509930168526,0.07783139381445,0.4021624763713313,142.63334829054162,0.2130582474764201,279.1365727752001,0.0343072730188809,169.0,0.3159093127363974,132.75,142.75,152.5,344.25,280.75,222.0,True,,236.85714285714286,326.42857142857144,173,138.0,1507.27906788,1219.62084,208.80283018867922,16.97351886792453,361.83749000000006,1156.24427788,594.1276299999998,1148.4600249999999,714.78914,13.963241138892288
CA-TPD,2018,NIRv,23,10,14.0,11,7,0.0800819096834116,double_logistic,0.9907313420588754,0.0118244344700317,0.9953619755396236,0.0771127849299118,0.3730294789434798,138.72335102099703,0.2515899135059716,281.86517010114807,0.0529646417155112,168.75,0.2950235622320699,130.0,138.75,147.5,323.5,282.0,241.0,True,,236.85714285714286,326.42857142857144,172,143.25,1270.4235029000001,933.9658999999999,196.87591145833332,17.451953608247422,356.38088,923.6180929,623.8712600000002,924.0283722,577.1278100000001,13.111219439214187
CA-TPD,2019,NIRv,22,8,11.0,8,4,0.0800819096834116,double_logistic,0.9953572189545474,0.0088508642189022,0.9976974182220252,0.0795356418749261,0.3900110976873397,141.45881699561994,0.1568951679146386,276.9723377714832,0.0334459289663548,173.75,0.2989989310518336,127.75,141.5,154.5,344.0,279.25,221.0,True,,236.85714285714286,326.42857142857144,172,137.75,1463.5031018,959.1629191696301,190.1177834101383,15.10026728110599,288.950619,1180.2959128,583.9034399999999,1175.7208578,765.2674699999999,14.004501997996734
CA-TPD,2020,NIRv,29,10,17.0,5,0,0.0800819096834116,double_logistic,0.989073442216247,0.0127323636640209,0.9945243915520214,0.0820528746789179,0.383752974036405,143.5509752040182,0.2446451064174432,284.46503701061505,0.0564845568191789,174.75,0.3009412936239261,134.75,143.75,152.5,323.5,284.75,246.25,True,,236.85714285714286,326.42857142857144,173,141.0,1340.7861819999998,993.852,221.2727989417989,18.06719047619048,298.46855999999997,1056.286922,753.85537,1058.632572,665.24091,12.859807741176146
CA-TPD,2021,NIRv,30,14,15.0,8,4,0.0800819096834116,double_logistic,0.9726425282926808,0.0164841644465561,0.9862655959368298,0.0809230056035908,0.3205919721402053,132.67847328011473,0.1667769558109574,272.6246876649052,0.0458914201846189,169.0,0.237064834560118,119.5,132.75,145.5,321.0,273.25,227.25,True,,236.85714285714286,326.42857142857144,172,140.5,1062.8773517,1246.00264,205.68093564356434,18.29338613861386,311.34148600000003,755.1517657,389.38905,756.9863317,443.53248,13.739689972359518
CA-TPD,2022,NIRv,23,9,13.0,20,0,0.0800819096834116,double_logistic,0.9800395465263416,0.0174692481915165,0.9901355556050384,0.0783526996362728,0.3726889327851183,134.9618800814615,0.2733758253769536,284.7797892612617,0.097999779875233,177.25,0.2943256233318437,127.0,135.0,143.0,307.25,285.0,262.5,True,,236.85714285714286,326.42857142857144,172,150.0,1669.179231,1204.79748,229.4858729281768,18.92213812154696,438.09611500000005,1247.0653160000002,1042.14024,1262.3272216,800.77342,12.061913707174652
CA-TPD,2023,NIRv,26,9,12.0,6,12,0.0800819096834116,double_logistic,0.9187951188129284,0.0301155321920617,0.9597367939607296,0.0789125463873548,0.3531735522110888,135.77235278143243,0.1670865642394613,279.0033244981562,0.0519044408420197,175.0,0.2726357413282484,122.75,135.75,148.75,321.5,279.25,238.0,True,,236.85714285714286,326.42857142857144,172,143.5,1521.4386739000001,1059.737172,205.17753266331658,17.49921105527638,370.31538,1161.3377939,747.88288,1164.1136339,728.68979,13.252540854338232
CH-Aws,2017,NDVI,13,5,8.0,27,11,0.4146072699396338,double_logistic,0.9869891513128144,0.0141209859907667,0.9950111203414111,0.408067874538364,0.7516325624337705,148.2436369951811,0.2196553349683722,281.2439001788098,0.0536832030412808,179.5,0.341754337849676,138.25,148.25,158.25,322.5,281.5,241.5,True,,252.0,327.2857142857143,172,133.25,1318.7012083,951.9241780000001,188.13175543478263,8.858614130434782,404.727,923.6787383000001,639.0448,923.2688759,708.55616,13.249669724608896
CH-Aws,2018,NDVI,16,11,13.0,34,9,0.4146072699396338,double_logistic,0.969242205522164,0.0149082306458849,0.98658533218174,0.4110064368414574,0.7843041189950707,149.03425581538025,0.1771245757657959,289.7024440106304,0.0467445001169879,184.5,0.3698895838299041,136.75,149.0,161.25,337.0,290.25,244.75,True,,252.0,327.2857142857143,172,141.25,1346.23252975,1059.320111,178.5189751243781,9.01607462686567,478.81280000000004,883.0104297500001,632.397623,881.6210881999999,659.1298830000001,13.070808357143056
CH-Aws,2019,NDVI,13,10,10.0,33,0,0.4146072699396338,double_logistic,0.8910956390553734,0.0158682500986984,0.9488669298536002,0.4119663355965732,0.7786078328257954,167.58945550226014,0.1897710936173669,289.1533650095591,0.0704850020590538,204.25,0.3653720733037929,156.0,167.75,179.25,320.5,289.5,258.5,True,,252.0,327.2857142857143,172,121.75,1225.61479064,906.39745,182.83333939393938,9.855999999999998,263.8369,974.4103906399998,825.0832819999999,975.6801794399998,774.150932,12.298312086198676
CH-Aws,2020,NDVI,22,15,15.0,32,3,0.4146072699396338,double_logistic,0.9694018886720708,0.0187774075425553,0.9871598305994016,0.4150435184312301,0.7705641725867795,140.26999937977396,0.0939697760730996,288.23152316837974,0.0557539670336884,199.0,0.3516613001414065,117.0,140.25,162.75,328.0,288.75,250.75,True,,252.0,327.2857142857143,173,148.5,1599.1729776,1291.9851370000001,184.5796179245283,8.14736320754717,638.5110599999999,968.2701276,740.8280020000001,967.7222045999999,753.218312,12.736165407623302
CH-Aws,2021,NDVI,15,12,12.0,44,0,0.4146072699396338,double_logistic,0.870810238676224,0.0244581877807625,0.939133711151654,0.4104868590959125,0.7567341804832132,163.52585827297204,0.330721405038703,295.808970358212,0.1130711978615164,199.75,0.3462385093984556,157.0,163.75,170.25,315.25,296.0,276.5,True,,252.0,327.2857142857143,172,132.25,1401.2984461902,1132.654885,185.27843396226413,9.0181572327044,268.9298,1146.9905461902,1062.2378699999997,1144.9900424902,926.79721,11.277878183955222
CH-Aws,2022,NDVI,23,14,17.0,50,0,0.4146072699396338,double_logistic,0.9503327876348846,0.0237469045741379,0.978797424244768,0.4120634828504882,0.7762149315441828,138.26878604186518,0.1313304922543506,278.2838687884779,0.0485136368815864,181.75,0.3596123343832867,121.5,138.25,154.5,324.0,279.0,235.5,True,,252.0,327.2857142857143,172,140.75,1648.1465733999999,1335.22844,199.88612315270936,9.945532019704434,679.0473,986.5865733999999,727.95714,985.9668174,848.51502,13.573886155138197
CH-Aws,2024,NDVI,20,14,14.0,39,4,0.4146072699396338,double_logistic,0.9835532645630908,0.0127514110126467,0.9938312663305474,0.4076789009214704,0.769785905072131,150.6460504433108,0.1012467097872278,298.4048177855575,0.049023200342808,203.75,0.3569778010141416,129.0,150.5,171.25,343.75,299.0,256.5,True,,252.0,327.2857142857143,173,148.5,1549.4279674000002,1322.908839,167.68112558139532,8.240981395348836,571.4621799999999,988.9976874000001,851.9948100000001,990.492093,833.1408000000001,12.411709621231946
CH-Aws,2017,NIRv,13,5,8.0,27,11,0.1054985494244301,double_logistic,0.9966787137606884,0.0037939069034067,0.9990066354434352,0.1030941763386814,0.2817460682771229,151.87498791418747,0.1487735716001178,261.335932781451,0.0434389622412907,183.25,0.1711747626369189,137.25,151.75,165.25,313.25,263.5,219.25,True,,225.32142857142858,317.7857142857143,172,111.75,1327.814089,946.6425300000001,194.67953977272728,9.444772727272728,414.3266599999999,923.191959,494.57205,923.6064214,550.52616,14.392256282671665
CH-Aws,2018,NIRv,16,11,13.0,34,9,0.1054985494244301,double_logistic,0.9483006811860728,0.0135185892411183,0.9756990581359212,0.104976449556198,0.3070130171069,150.3483567424542,0.1587675864662436,270.00907775868785,0.0421703696839577,182.25,0.1958982827106224,136.75,150.25,163.25,323.0,271.5,224.5,True,,225.32142857142858,317.7857142857143,172,121.25,1343.9650673,1049.425544,187.76981818181818,9.767032085561498,478.81280000000004,880.7429672999999,495.14386,877.4824432999999,501.42636000000005,14.139891979870912
CH-Aws,2020,NIRv,22,15,15.0,32,3,0.1054985494244301,double_logistic,0.953775956243616,0.0124458892862317,0.9809929290407856,0.1108349978059008,0.2808561510644718,144.08789228026728,0.1306917930651842,265.27251814793,0.0880089842326137,194.75,0.1694529157040891,127.25,144.25,160.75,290.5,265.5,240.75,True,,225.32142857142858,317.7857142857143,173,121.25,1486.146821,1189.11159,207.19311656441715,9.45903680981595,559.4371999999998,934.317831,687.5108319999999,963.9423586,603.8064720000001,13.290652375325466
CH-Aws,2021,NIRv,15,12,13.0,44,0,0.1054985494244301,double_logistic,0.96073361795814,0.0094339211231401,0.9821081078497924,0.103013065816185,0.2839252075475752,164.56115614322758,0.3105245826381415,278.4520133117967,0.0589234700637352,187.25,0.1799198288735408,157.5,164.75,171.75,316.0,278.75,242.25,True,,225.32142857142858,317.7857142857143,172,114.0,1386.4219261901999,1126.556893,184.74100628930816,9.014459119496856,253.89170000000001,1147.1521261902,859.9566099999998,1147.3316711902,657.69739,13.208571932901826
CH-Aws,2022,NIRv,23,14,17.0,50,0,0.1054985494244301,double_logistic,0.9744772659379844,0.0102134891063649,0.9883056062192094,0.1045315494955587,0.3223297290173692,142.33311337591647,0.1115789240220453,252.9466357327312,0.0378329232477649,178.0,0.201727487201454,122.75,141.75,158.75,313.5,257.0,210.5,True,,225.32142857142858,317.7857142857143,172,115.25,1631.1767334,1318.9086300000001,207.20060732984294,10.431947643979058,672.60305,976.0609833999999,451.9655399999999,982.5736933999999,639.2078199999999,14.77814010030609
CH-Aws,2023,NIRv,17,13,16.0,39,5,0.1054985494244301,double_logistic,0.89723344319632,0.0125471552442469,0.9548712240664964,0.1033543284067508,0.2887166726340247,151.15126522948427,0.3098745521803471,270.3553031539312,0.0328819710441177,169.25,0.1782458096281197,144.5,151.25,158.0,338.5,272.75,214.0,True,,225.32142857142858,317.7857142857143,172,121.5,1494.1031756000002,1196.043452,177.201293814433,8.930567010309279,410.54710000000006,1095.4631755999999,470.74795000000006,1093.9878190000002,605.35762,14.629632476208753
CH-Aws,2024,NIRv,20,14,14.0,39,4,0.1054985494244301,double_logistic,0.9755915589770684,0.0097045962223345,0.9895967987837316,0.1028615155289078,0.3311284377113153,158.8851097976794,0.0711575201921947,259.26480727469016,0.0340872822012453,199.75,0.1899204212360398,127.25,156.0,179.5,329.75,269.25,226.0,True,,225.32142857142858,317.7857142857143,173,113.25,1552.910437,1313.941652,175.965301980198,8.892836633663366,573.0886299999999,990.853707,635.53888,988.047837,625.1019799999999,14.065411308733562
CH-Dav,2016,NIRv,17,10,11.0,17,3,0.0398067521919181,double_logistic,0.9452169670348848,0.0089325360006706,0.973376375825448,0.04037094007826,0.180039272816433,144.40853018055898,0.0757343152673715,253.4663324375253,0.0256295548508026,185.0,0.112903253765854,117.0,142.25,164.5,348.5,268.75,214.25,True,,212.92857142857142,338.7857142857143,173,126.5,1215.7373643,937.647889,165.77472413793103,7.380719827586207,363.78181000000006,861.9987543,356.07469,860.0335253,341.01193,14.640950918815012
CH-Dav,2017,NIRv,19,9,10.0,14,8,0.0398067521919181,double_logistic,0.964462839199077,0.0097327070261588,0.9829643573612536,0.0372069856373816,0.1784650473657457,138.00193181122825,0.0729260368567431,263.51694776028285,0.0370137978646311,187.0,0.1295465774968079,107.25,136.25,161.75,325.5,268.0,221.25,True,,212.92857142857142,338.7857142857143,172,131.75,1170.5384636,859.8275370000001,184.55320642201832,8.269151376146787,363.472834,814.8299096000001,411.74767,826.173159,351.81174,14.317063675163142
CH-Dav,2018,NIRv,19,14,16.0,24,4,0.0398067521919181,double_logistic,0.9776190522901717,0.0059672062010229,0.9889490803185916,0.0406442697018066,0.2152179487433022,138.8299583650589,0.0916584898644869,238.1970848449818,0.0225612399849634,173.75,0.1346793192759494,119.25,138.0,156.25,348.25,259.0,201.25,True,,212.92857142857142,338.7857142857143,172,121.0,1164.09389948,919.639265,176.22879475982532,9.059589519650656,382.9494899999999,789.38797948,208.67454999999995,784.2927795,289.66752999999994,15.152633546872757
CH-Dav,2019,NIRv,19,11,13.0,23,0,0.0398067521919181,double_logistic,0.9771671137288336,0.0069679526466982,0.9885991387203296,0.0393506451563496,0.1791042014481974,150.26079357772002,0.1207356309360478,262.0166133906869,0.0315959235955745,183.0,0.1264859100735197,132.75,149.75,165.5,335.25,268.25,215.25,True,,212.92857142857142,338.7857142857143,172,118.5,1069.720196,751.6757496,172.6257487684729,9.23885221674877,244.85459,832.0002960000002,345.51983,833.6987790000001,326.88154000000003,14.596459350805723
CH-Dav,2021,NIRv,29,20,20.0,27,4,0.0398067521919181,double_logistic,0.9659131703130196,0.0072641786547909,0.983267594866545,0.0381884817394304,0.1811697857729532,146.81087354034725,0.0616680819393175,260.7332080573969,0.031862435534763,194.0,0.12035783373344,109.75,143.25,170.5,335.75,270.75,223.5,True,,212.92857142857142,338.7857142857143,172,127.5,941.95056233,683.9209510000001,177.9942389380531,7.913796460176991,303.73921,642.9131923299999,294.22091,644.04199433,237.17040999999998,14.207349611333774
CH-Dav,2022,NIRv,32,15,20.0,14,5,0.0398067521919181,double_logistic,0.9364221193104264,0.0125370882146083,0.9702599014521684,0.0398819878670435,0.1828040007632061,131.15986568377986,0.090844046075483,253.7334190323657,0.0320498139545867,172.5,0.1298065471919494,107.0,130.0,150.5,325.75,259.5,206.75,True,,212.92857142857142,338.7857142857143,172,129.5,1089.1727946,965.261403,193.23765296803654,10.169881278538812,372.72907000000004,723.8651846,239.06415,733.1877066,273.83323,14.952543842448486
CH-Dav,2023,NIRv,29,16,21.0,17,0,0.0398067521919181,double_logistic,0.8853548055887152,0.0139622216316632,0.9504006287178562,0.0365150305938469,0.3136866235898927,129.38690467537884,0.0306406018161041,212.69555073976127,0.0210574876933129,177.75,0.1360764561550849,50.0,108.75,150.0,352.5,262.0,208.25,True,,212.92857142857142,338.7857142857143,172,153.25,1161.18084671,977.883609,167.61182508250826,6.9276237623762364,413.7686124,754.8387943099999,263.10679999999996,751.7931854999999,290.79170000000005,14.893570566712498
CH-Fru,2016,NDVI,30,19,19.0,7,3,0.6424841046709043,double_logistic,0.8499583557186349,0.0282773077750216,0.9256018447774764,0.6444513428854722,0.8342458467954325,107.86591750987252,0.1084609421352167,309.35088375409566,0.0753810657613898,192.5,0.189746565525009,87.75,108.0,128.25,338.75,309.5,280.25,True,,280.75,345.0,173,201.5,1727.8134767000001,1318.104333213324,170.72354581673306,10.884390438247012,628.4822829999999,1107.4263137,984.8662837,1120.9444377,984.8662837,11.050392357200222
CH-Fru,2017,NDVI,26,11,11.0,22,6,0.6424841046709043,double_logistic,0.8096477712927189,0.0209494517558357,0.901706347669452,0.6333413780214602,0.805995804064145,102.551394975748,0.0687677103401009,315.8883064660244,0.0711362675471218,210.75,0.1724556962417839,70.75,102.75,134.5,347.0,316.0,285.25,True,,280.75,345.0,172,213.25,2002.5716138,1431.6472795496588,174.34992057761733,10.516436823104694,853.309373,1160.6555408,907.3860787,1156.5792108,871.3691487000001,10.768498538688455
CH-Fru,2021,NDVI,40,23,25.0,18,3,0.6424841046709043,double_logistic,0.9132840119287878,0.0233312799800315,0.9560321217615204,0.6416780098399151,0.8340389603169486,122.98649708043162,0.1450358760984283,302.4429456683443,0.0802634170931302,189.5,0.1923262806131432,108.0,123.0,138.25,330.0,302.5,275.25,True,,280.75,345.0,172,179.5,2049.2959899999996,1491.96486,169.77617488789238,10.929116591928253,813.88615,1244.74233,1036.65777,1253.84411209,1072.6645,11.335903438422308
CH-Fru,2022,NDVI,54,23,32.0,17,4,0.6424841046709043,double_logistic,0.9096463864121076,0.0241396866656516,0.9541639952508516,0.6424645971080358,0.8329267942481345,115.77233954247323,0.1659952242866325,316.4036272540516,0.0543389633007443,170.25,0.1903719895836488,102.75,116.0,129.0,357.0,316.5,276.25,True,,280.75,345.0,172,200.5,2148.3139887,1984.4157398554298,176.9293882352941,11.782988235294118,773.96085,1384.9570387,1057.44066,1381.3569995,1087.11601,11.278570781993288
CH-Fru,2024,NDVI,38,20,13.0,14,3,0.6424841046709043,double_logistic,0.9013887434599288,0.0216328169389091,0.9495625483804712,0.621317928855043,0.8286171697529318,87.91634997593434,0.0348211597481971,318.56659210375284,0.0658754540658784,232.5,0.2052461431081211,24.5,87.5,148.5,352.25,319.0,286.75,True,,280.75,345.0,173,231.5,2879.7571819000004,2913.4930862,142.5156737804878,9.705725609756097,1203.612791,1682.0570309,1512.57648,1685.7624511999998,1475.03785,10.684830915943063
CH-Fru,2015,NIRv,18,12,15.0,10,12,0.199130954037767,double_logistic,0.8082838248173899,0.0226174078023349,0.9047194977991064,0.2102806297943463,0.3275427422998265,113.35338444356202,0.9758330801252254,295.27363724845657,0.0698682991489023,128.0,0.1172610545924715,111.25,113.5,115.75,326.75,295.5,264.0,True,,256.84375,334.65625,172,182.0,1627.4773408,1522.1621492089998,186.32672093023254,12.82240465116279,650.38023,986.3631508000001,853.4637799999999,991.5887778,817.6068600000001,11.98551803819243
CH-Fru,2016,NIRv,30,19,23.0,7,3,0.199130954037767,double_logistic,0.8292167803800853,0.0256240006010206,0.9145559329067016,0.2000851478392652,0.3522232390397329,110.03855859910986,0.1318348511201646,291.9362958670584,0.0650405940387618,173.75,0.1520340988866944,93.5,110.25,126.75,325.75,292.0,258.5,True,,256.84375,334.65625,173,181.75,1681.0859297,1246.685859213324,178.14821982758622,11.263435344827586,603.0395529999998,1086.1414966999998,921.6226760000001,1102.8786077,900.194776,12.303926074029768
CH-Fru,2017,NIRv,26,11,14.0,22,6,0.199130954037767,double_logistic,0.8358616229070003,0.0179018065471198,0.9160795425708638,0.1909728740233375,0.344372851800382,102.5865661017067,0.0600967302057156,294.25360934828296,0.0428360189520496,185.75,0.1509151631974438,65.75,102.25,137.0,346.0,295.25,246.5,True,,256.84375,334.65625,172,193.0,2006.1782342,1434.8165755496589,173.6213202846975,10.43917793594306,858.7030834,1158.8684508000001,656.564268,1140.8442528,720.327528,12.992153127708692
CH-Fru,2019,NIRv,36,19,20.0,22,5,0.199130954037767,double_logistic,0.8805820779060709,0.0215237315750142,0.9413464815778564,0.1991333987101899,0.3596160107000701,140.2230407884773,0.077013200077042,302.19936846443375,0.0357898059190595,198.75,0.154869381748956,111.5,139.5,165.75,364.75,304.25,249.5,True,,256.84375,334.65625,172,164.75,2307.9281508,2000.736828700524,161.24822134387352,10.753830039525692,934.1723999999999,1386.6539508,775.7763697999999,1337.5045708000002,872.5908098000001,12.821501147085025
CH-Fru,2020,NIRv,53,22,27.0,7,3,0.199130954037767,double_logistic,0.8602592509216836,0.0221184110486008,0.9276970721050734,0.212580313870991,0.3447081327522243,109.34636456150538,0.1558045919544323,297.3537645699428,0.0873128119391967,179.25,0.132120967950756,95.25,109.5,123.5,322.75,297.5,272.25,True,,256.84375,334.65625,173,188.0,2170.6665289000002,1862.706285635818,196.49536563876654,12.32119383259912,741.4630109999999,1440.0449179000002,1073.1612599999999,1470.6153079,940.98136,11.508445883305695
CH-Fru,2021,NIRv,40,23,25.0,18,3,0.199130954037767,double_logistic,0.8715806830474624,0.0233313708610304,0.9353182004749268,0.1988263133814648,0.3457262900212474,118.35995723808354,0.1775849733045688,290.05017156147466,0.0671208183201897,169.5,0.1468383118581568,106.0,118.5,130.75,323.0,290.25,257.5,True,,256.84375,334.65625,172,171.75,2050.2499319999997,1486.7162440000002,174.28119724770642,11.154412844036699,822.6977399999998,1236.884682,888.9458599999999,1244.94936552,880.61565,12.361719276797075
CH-Fru,2022,NIRv,54,23,35.0,17,4,0.199130954037767,double_logistic,0.9238741014472512,0.0186973541839557,0.961515658409932,0.1984230897504481,0.3569664600329811,113.7248151458422,0.1715883257280511,292.1220663259168,0.0477036477917801,158.5,0.1582005353424673,101.0,113.75,126.5,338.25,292.25,246.75,True,,256.84375,334.65625,172,178.5,2154.0197981,1952.9333524414878,188.96726470588237,12.745731092436975,790.25821,1374.3654881000002,817.6408799999998,1362.1735881,929.48459,12.977980575178048
CH-Fru,2024,NIRv,38,20,20.0,14,3,0.199130954037767,double_logistic,0.898110236689247,0.0198981953784144,0.9490613162841652,0.1935111114962769,0.3556721688602012,87.79422873581551,0.0581299577825575,294.3455889964281,0.0621435962572265,194.0,0.1615070180657704,50.0,87.75,125.0,330.0,294.5,259.75,True,,256.84375,334.65625,173,206.75,2777.6462942,2786.9361635000005,156.34479359430603,10.78403202846975,1114.069002,1669.4899321999997,1294.77215,1676.6101422,1266.30936,12.231625319320267
CH-Lae,2015,NDVI,17,12,12.0,7,12,0.6808349828159569,double_logistic,0.9591626506923482,0.0171266886008062,0.9800412766472422,0.6796449362115964,0.8607204571859108,113.03195773743386,0.2209996500169045,290.82363343655555,0.1407397686703322,183.5,0.1810754398707439,103.25,113.25,123.0,306.5,291.0,275.25,True,,277.9,307.275,172,177.75,1564.2145592000002,940.1363846571521,208.50320197044337,13.682906403940887,633.6908390000001,936.9078502,820.90175,938.7838902000001,829.7989299999999,11.327397471108153
CH-Lae,2016,NDVI,29,19,19.0,2,6,0.6808349828159569,double_logistic,0.987932083262201,0.0098321474285265,0.9939588623659188,0.6801672121941121,0.8639455473144061,122.24223341058936,0.2264695638773808,288.7922435658913,0.1825943541694827,197.0,0.1837783172984001,112.75,122.25,132.0,301.0,289.0,277.0,True,,277.9,307.275,173,166.75,1867.3159302999998,1391.7848234713058,202.02679894179894,15.202169312169312,589.1944849999999,1286.4910953,1200.236255,1280.1495303000002,1200.236255,11.22584185635081
CH-Lae,2017,NDVI,32,16,15.0,9,3,0.6808349828159569,double_logistic,0.9519669433818958,0.0182612938451244,0.9777337407093252,0.6816955163743393,0.8706446382622177,124.95554198324656,0.1999138432181407,284.80328290208485,0.2298224480419368,210.0,0.1889491076184711,114.0,125.0,136.0,294.5,285.0,275.25,True,,277.9,307.275,172,160.0,1651.9475630000002,1431.03121,216.13845303867402,16.078298342541434,528.495397,1136.462366,1061.906214,1158.854312,1074.725124,11.327397471108153
CH-Lae,2018,NDVI,51,28,39.0,4,9,0.6808349828159569,double_logistic,0.8680030364722127,0.0186014160026838,0.9331722892755524,0.6784345087039612,0.852693122782018,110.9375899518257,0.5390770730327735,299.95811715406546,0.0851315400463023,139.75,0.1742583748203463,107.0,111.0,115.25,326.0,300.0,274.25,True,,277.9,307.275,172,189.0,1702.1416360000003,1372.8031890000002,201.3594409090909,15.90765,718.8859800000001,996.380456,839.2132740000001,997.840737,855.5322540000001,11.385565708385462
CH-Lae,2019,NDVI,57,27,27.0,5,3,0.6808349828159569,double_logistic,0.9731187483037468,0.0145700148310195,0.9867263621846264,0.6803353736127932,0.8693784805739246,124.46522028907386,0.2521108285214614,292.74977900855384,0.2024196384994285,200.0,0.1890431046194286,115.75,124.5,133.25,303.75,292.75,282.0,True,,277.9,307.275,172,168.25,1837.958366,1319.5018,206.45004255319154,15.637675531914898,534.0389599999999,1317.976606,1202.4073019999998,1325.7265499999999,1183.51754,10.937768493491001
CH-Lae,2020,NDVI,50,20,26.0,2,9,0.6808349828159569,double_logistic,0.960291113525662,0.0162812209800548,0.9805938827663188,0.6796772482128345,0.8662206964195829,110.6251498614784,0.297526051931792,292.9680131868517,0.1636188813748142,176.5,0.186543446644971,103.25,110.75,118.25,306.5,293.0,279.75,True,,277.9,307.275,173,182.25,1751.764825,1348.2470399999997,202.83488177339902,15.283142857142858,682.6150700000001,1085.299955,985.3696799999999,1088.443455,973.30837,11.066974148161437
CH-Lae,2021,NDVI,45,20,16.0,6,3,0.6808349828159569,double_logistic,0.95120750729922,0.0190256234527644,0.9759005438163874,0.679496855350439,0.8645070685772032,128.35720467764418,0.2369252629197713,295.3456099382578,0.322817972168986,224.0,0.1850102131817015,119.25,128.5,137.75,302.25,295.5,288.75,True,,277.9,307.275,172,167.0,1793.670924,1493.69198,192.2598633879781,14.626415300546448,480.8651029999999,1324.879921,1272.811241,1327.0738657,1202.7740509999999,10.555596975731074
CH-Lae,2022,NDVI,57,15,29.0,2,4,0.6808349828159569,double_logistic,0.977375129770407,0.0133093392028123,0.9887208082665244,0.6810821797190535,0.8653926056766629,118.39880014614822,0.7739553474478995,295.19347876759684,0.1086989117359838,142.5,0.1843104130866566,115.75,118.5,121.25,315.5,295.25,275.0,True,,277.9,307.275,172,176.75,1649.7454115,1405.4117100000003,204.74181499999997,16.70505,567.16373,1089.7426115,895.9870500000001,1072.2251805,910.11617,11.341930795058092
CH-Lae,2023,NDVI,52,21,37.0,5,4,0.6808349828159569,double_logistic,0.9587928200734772,0.0144397821737185,0.9795851495360904,0.6806451656156363,0.851439031485941,123.51394301841609,0.7143804455260272,299.0507725195742,0.1282704488898252,152.25,0.1707938645287632,120.5,123.75,126.75,316.25,299.25,282.0,True,,277.9,307.275,172,175.5,1579.207756,1377.70266,202.7574285714286,16.53212755102041,543.91395,1044.012506,946.67737,1038.723207,917.1868499999999,10.937768493491001
CH-Lae,2024,NDVI,40,22,27.0,5,14,0.6808349828159569,double_logistic,0.8104226542140358,0.0331104774262394,0.9094017723975324,0.6853753524029118,0.8605448770540255,120.5352860123496,0.2778435177966862,284.90039481885617,0.1428639821130256,178.0,0.1751694634457188,112.75,120.75,128.5,300.5,285.0,269.75,True,,277.9,307.275,173,164.25,1796.8417175999998,1468.000252,187.52412234042552,15.531297872340426,558.2809639999999,1238.4274676,1096.865474,1254.2057176,1142.374591,11.648284845592396
CH-Lae,2014,NIRv,13,3,6.0,3,18,0.1115134078168391,double_logistic,0.9948302974800384,0.0064266237584199,0.9974344206990784,0.1077995449975886,0.3079333016820522,108.78157821680064,0.1392399456833129,276.0954766709704,0.05570424216165,161.25,0.1996665657753246,93.0,109.0,124.5,315.75,276.25,237.25,True,,218.0625,337.28125,172,167.25,1350.4696694,738.576476676356,185.00172197309416,12.478753363228702,552.902603,805.5646363999999,451.975892,862.1550988000001,326.122748,13.527973541990294
CH-Lae,2015,NIRv,17,12,14.0,7,12,0.1115134078168391,double_logistic,0.9669778191844164,0.016684599605815,0.9833643729284368,0.1025560677665355,0.3304082014929597,114.41162792022642,0.1758628611994799,280.4120239674751,0.0428906587084575,153.5,0.2266355285041209,102.0,114.5,126.75,332.0,280.75,230.5,True,,218.0625,337.28125,172,166.25,1590.5573182500002,1071.918838457152,194.04416017316018,12.768112554112554,639.7128290000002,957.2286192500001,504.62141,969.63795925,411.13677000000007,13.896155318076238
CH-Lae,2016,NIRv,29,19,22.0,2,6,0.1115134078168391,double_logistic,0.9581191395386074,0.0177051955453148,0.9796517958054276,0.1028329677092037,0.3245703365634825,119.37324880153332,0.1032063163930114,268.5792011019944,0.0404581199306877,168.0,0.2165545872588221,98.0,119.25,139.25,323.75,269.75,219.75,True,,218.0625,337.28125,173,150.5,1894.2471497000001,1537.704983471306,185.0311592920354,13.680623893805311,630.6646029999998,1271.9521967,667.5228699999999,1284.5950077,653.4915699999999,14.446853665056524
CH-Lae,2017,NIRv,32,16,20.0,9,3,0.1115134078168391,double_logistic,0.9380967187886788,0.0206635613896594,0.9697694332118232,0.1125880587797638,0.3639127439931001,128.47111687099783,0.1226924438680088,260.51921835621454,0.0324750928784062,165.0,0.2377000478235896,111.0,128.25,144.25,330.25,264.0,207.0,True,,218.0625,337.28125,172,135.75,1706.0528180000001,1648.82665,191.09554090909091,14.278363636363638,544.648097,1174.4149209999998,424.60889,1174.21323,555.16811,15.015713762602259
CH-Lae,2019,NIRv,57,27,37.0,5,3,0.1115134078168391,double_logistic,0.973441122059876,0.0144330813502734,0.9866694247907754,0.1100359566924696,0.3258857170070278,117.78007454763848,0.1993232974076806,282.1370110384512,0.0381517874059454,151.25,0.2141227865656239,107.0,117.75,128.75,340.0,282.75,226.75,True,,218.0625,337.28125,172,165.0,1908.4896549999999,1552.48947,183.22138034188035,13.721017094017093,591.6388999999999,1330.907955,656.60829,1330.8710270000001,536.5245099999999,14.0939853438859
CH-Lae,2020,NIRv,50,20,34.0,2,9,0.1115134078168391,double_logistic,0.9680457957095796,0.015174534219993,0.9839167293400588,0.1111282462995029,0.3403972038743352,109.75559188378888,0.2115680574855493,272.9963289001221,0.024340066116405,136.0,0.220494999741717,100.0,109.75,119.75,365.25,276.25,196.5,True,,218.0625,337.28125,173,166.5,1935.6378588000002,1538.999649961006,168.49184210526317,12.725304511278196,708.61908,1243.1689788,347.66118000000006,1214.2176128,522.55791,15.385905541729038
CH-Lae,2021,NIRv,45,20,26.0,6,3,0.1115134078168391,double_logistic,0.9640612186145155,0.0167547929454403,0.981942728609671,0.1111128051964421,0.3379625480996007,126.74591332816728,0.1754232633761132,279.3091756765425,0.0329284840881219,159.0,0.2218240834677735,114.5,126.75,138.75,347.0,280.75,219.0,True,,218.0625,337.28125,172,154.0,1859.1624009000002,1701.8126200000002,163.9587424892704,12.218703862660943,509.83246299999996,1361.4040379,592.1490610000001,1355.4110799,593.0737499999999,14.483191331796966
CH-Lae,2024,NIRv,40,22,28.0,5,14,0.1115134078168391,double_logistic,0.9687018911072468,0.0145871509672652,0.9843358438224022,0.1132068058433665,0.3361005340642146,114.58676964890736,0.1481427235043351,270.9408437724272,0.0305125819075733,150.25,0.2162981574120828,100.0,114.5,128.5,344.25,273.0,207.75,True,,218.0625,337.28125,173,158.5,1881.9195902000001,1656.6964509999998,160.4939224489796,13.170848979591838,602.07032,1279.7159841999999,503.340554,1278.9300501999999,634.587634,14.985492801489151
CN-Aro,2015,NDVI,13,9,8.0,10,11,0.2337150624996746,double_logistic,0.998983750053175,0.0077042998945248,0.999503148853229,0.2321844488895388,0.8307103484452829,154.7160162551076,0.0679990434043747,273.8161613454612,0.0874849484870217,220.0,0.5861913107478748,122.25,154.25,184.5,299.25,274.5,250.75,True,,252.825,305.35,172,120.25,729.4855822000001,586.614932,220.72958192090394,7.480779661016949,149.3582915,585.3098507,501.35296,586.7404180999999,507.29298,12.544764432532642
CN-Aro,2016,NDVI,20,14,12.0,11,12,0.2337150624996746,double_logistic,0.9960519603773064,0.014608815619238,0.9980243856997046,0.2239502370462193,0.8643024224409621,149.75878409855304,0.0592532337093246,275.7982105362553,0.0712956260133324,217.25,0.6191203886887411,112.25,148.75,182.25,307.25,276.75,249.0,True,,252.825,305.35,173,128.0,,,224.78674358974362,7.967097435897437,,,,,,12.617238870145739
CN-Aro,2017,NDVI,27,17,15.0,6,9,0.2337150624996746,double_logistic,0.995949269523365,0.014467296884839,0.9980024045022624,0.2339523235056013,0.8672393862597897,156.5492572522574,0.063157406891592,276.44715253195164,0.0825228898916287,222.5,0.6163083674278961,121.5,155.75,187.75,303.5,277.25,252.75,True,,252.825,305.35,172,121.5,819.4844761,575.8703197000001,216.4486043956044,7.839203296703297,155.7084281,671.9110079999999,569.69847,671.9868529999999,569.69847,12.461584047558166
CN-Aro,2018,NDVI,44,26,23.0,0,0,0.2337150624996746,double_logistic,0.994088849268839,0.018838061276216,0.9971054474190952,0.2320721313917879,0.8699763164753068,155.23859704744913,0.0688559496965269,273.85333384031674,0.0760091557262792,216.75,0.6205971231965394,123.0,154.5,183.75,303.25,274.75,248.0,True,,252.825,305.35,172,120.25,,,210.59335359116025,8.021364640883977,,,,,,12.658506493637587
CN-Aro,2019,NDVI,37,20,14.0,3,0,0.2337150624996746,double_logistic,0.995761560651002,0.0170321051310335,0.9979436406577292,0.2343032378847774,0.8559186501062168,153.82251848532056,0.0694251268179651,277.92150326123635,0.0870677731373423,221.5,0.6114663103064475,122.0,153.5,183.5,303.5,278.5,254.5,True,,252.825,305.35,172,125.0,586.970327,96.360637143089,211.7530989010989,7.800714285714286,119.9215272,472.02286979999997,428.58563,471.8582086,425.14438,12.388538982091106
CN-Aro,2020,NDVI,37,23,20.0,17,4,0.2337150624996746,double_logistic,0.9972117044368172,0.0129410132528292,0.9986132992359388,0.2285358881740754,0.8667734444353247,158.68738548758853,0.0647372825487987,281.51589727586673,0.080253859333412,225.25,0.6228645342556464,124.5,158.0,189.5,309.25,282.25,256.75,True,,252.825,305.35,173,124.25,796.60016133,313.199367,212.69543783783786,7.13291891891892,134.16074233000003,665.886629,519.2802799999998,664.884513,503.78523999999993,12.294331637343884
CN-Aro,2021,NDVI,39,20,17.0,10,0,0.2337150624996746,double_logistic,0.9897780135968626,0.0236550602015986,0.9949321967067069,0.233247813601121,0.8685560186316393,156.9132788504113,0.0699364463073814,277.89686378555035,0.0742307194447566,218.75,0.6192298507435415,125.25,156.25,185.25,308.0,278.75,251.25,True,,252.825,305.35,172,122.5,636.0835609,167.151496572998,216.6589016393443,7.667524590163935,103.3804513,538.5060296,472.09537,538.7741046,476.42055,12.524002398808406
CN-Aro,2022,NDVI,55,28,23.0,6,3,0.2337150624996746,double_logistic,0.9970509410326632,0.0124944581883187,0.9985250790240132,0.2305243572247163,0.8531003215011224,155.86008524805027,0.0684311820468249,278.11762906808,0.0818543618531507,221.25,0.6096944247573381,123.5,155.5,185.25,305.25,278.75,253.5,True,,252.825,305.35,172,123.25,661.2241470000001,220.63269200368902,214.15890109890108,8.65020879120879,105.21946979999998,558.6403672,483.31982,558.6403672,479.47792,12.430306390163773
CN-Aro,2023,NDVI,57,31,28.0,5,0,0.2337150624996746,double_logistic,0.9958366084738742,0.0155548604801776,0.99792423048995,0.2277095329174653,0.8490543811985071,158.08699079389592,0.0701292687432394,276.6058048223066,0.0851708840236735,221.75,0.6085180061146336,126.5,157.75,187.0,302.75,277.25,253.0,True,,252.825,305.35,172,119.5,825.169101,364.2890026,219.19169318181818,8.300619318181818,115.29793,715.419111,625.73004,716.770072,621.96311,12.451162958046329
CN-Aro,2024,NDVI,41,22,18.0,12,0,0.2337150624996746,double_logistic,0.9941330458400202,0.0190018364802941,0.9970634529916068,0.2334913124948372,0.8469025717677171,152.8828902532442,0.0709070067572048,284.15287699710296,0.0815745694417597,222.25,0.605052532951023,121.75,152.5,182.25,311.5,284.5,258.75,True,,252.825,305.35,173,132.0,660.547015848,104.02776721294799,212.68778421052633,8.864505263157893,132.717570248,534.4190456,474.99812799999995,535.0759235,457.85145,12.21037799161371
CN-Aro,2015,NIRv,13,9,8.0,10,11,0.0663184486414927,double_logistic,0.9991100093890244,0.0034160411354459,0.9995652453423408,0.0638663092317949,0.3835665632785097,164.54500612220986,0.0653741627815807,259.0318075139364,0.0747178758432055,214.0,0.2968872748160628,129.75,162.5,190.25,289.5,261.0,236.5,True,,240.2,295.3,172,98.5,719.7294655000001,561.2514289999999,224.20050625,8.01525625,140.6614415,584.250584,421.60808,586.2403826999999,445.0280499999999,13.12255859206273
CN-Aro,2016,NIRv,20,14,12.0,11,12,0.0663184486414927,double_logistic,0.9972011110106092,0.0059204634569716,0.9986006335431064,0.0629658494061887,0.3922447346139947,159.537138258554,0.0593782130856754,262.3131153303857,0.0741937111008696,214.75,0.3079351234340677,121.5,157.5,188.25,293.0,264.0,239.0,True,,240.2,295.3,173,106.5,,,229.33295930232558,9.001011627906978,,,,,,13.023658489387572
CN-Aro,2017,NIRv,27,17,15.0,6,9,0.0663184486414927,double_logistic,0.9934779288121276,0.009130408120603,0.9968333116862076,0.0662469097402842,0.3680557201720992,158.6100393942881,0.074721605723268,266.9729821829863,0.1045698352246602,220.0,0.296562324552812,129.0,158.25,186.0,288.25,267.5,247.5,True,,240.2,295.3,172,109.25,819.0506131,558.930634,220.2774,8.819225,158.4395701,668.7460029999999,542.4690700000001,673.554671,508.13002,12.679097136213212
CN-Aro,2018,NIRv,44,26,24.0,0,0,0.0663184486414927,double_logistic,0.9949224338374854,0.0086086339084683,0.9975370705510438,0.0648290580453895,0.4447806985450397,167.297650291963,0.0598309905502003,255.4820274570627,0.0608880661794201,211.5,0.3303286259472552,128.25,163.25,190.75,294.0,259.75,232.5,True,,240.2,295.3,172,96.5,,,211.86303012048197,8.750240963855422,,,,,,13.277863276947036
CN-Aro,2019,NIRv,37,20,14.0,3,0,0.0663184486414927,double_logistic,0.9914389809479276,0.0117583616543638,0.9959007862447392,0.0672983001321027,0.3892569769529125,160.8451942165826,0.0594678709849325,266.16375325570715,0.0886973689202075,221.0,0.3074467724310198,123.25,159.5,191.5,291.5,267.25,245.25,True,,240.2,295.3,172,107.75,586.1898188,94.710454053786,214.34123214285717,8.527452380952381,119.6054182,471.5584706,398.68922999999995,471.74863750000003,374.40394000000003,12.771367151102677
CN-Aro,2020,NIRv,37,23,20.0,17,4,0.0663184486414927,double_logistic,0.9904300061513358,0.0117526722800692,0.9952293197616456,0.0621182021646342,0.4323917101771933,171.9900235851529,0.0500330235012807,266.4081662423404,0.0630628663756954,222.25,0.3210303576276371,125.0,167.0,199.25,303.5,270.25,243.75,True,,240.2,295.3,173,103.25,794.9141333299999,309.5146020000001,214.52115642458102,7.490486033519553,134.16074233000003,664.200601,454.61366999999996,655.63516,440.84166,12.832494428313122
CN-Aro,2021,NIRv,39,20,17.0,10,0,0.0663184486414927,double_logistic,0.9907659171587108,0.0106359864823406,0.995432923191978,0.0644387632572599,0.4047046359243174,165.3409489585954,0.0649649655498533,261.61991514097605,0.0617653245835332,212.75,0.3094577114231795,130.0,162.75,190.0,299.0,264.5,236.25,True,,240.2,295.3,172,101.75,635.0905172,166.93377332823303,216.2788294117647,8.281317647058824,102.78615199999999,538.1072852,408.49853,538.1533332,426.68980999999997,13.132375359063126
CN-Aro,2022,NIRv,55,28,23.0,6,3,0.0663184486414927,double_logistic,0.992731673629593,0.0095356612279604,0.996365222517204,0.0650185855072184,0.422072399620452,168.94897783614587,0.0599423562713663,262.28294902108337,0.0695865567308128,217.75,0.3234649238830002,130.5,166.0,194.75,295.5,265.0,239.75,True,,240.2,295.3,172,99.0,657.4565520000001,212.79713440368903,215.95268484848484,9.14421818181818,107.6908018,552.4014402,430.74237,552.4014402,433.89013,12.993742753506138
CN-Aro,2023,NIRv,57,31,29.0,5,0,0.0663184486414927,double_logistic,0.9919303297699176,0.0101889771719889,0.9959733512435688,0.0638769511898364,0.3954123321461655,168.51379021723764,0.0695936012526237,262.92455360532347,0.0737682864235581,216.75,0.3097300920740799,136.0,166.75,193.25,293.75,264.75,239.75,True,,240.2,295.3,172,98.0,817.784879,355.8459054,220.65561392405064,9.081613924050632,112.73676499999999,710.5960539999999,547.15631,711.8285879999999,554.1575399999999,12.993742753506138
CN-Aro,2024,NIRv,41,22,20.0,12,0,0.0663184486414927,double_logistic,0.9952914194698412,0.0084542684300497,0.9976435550744372,0.0622769603941082,0.4017237731919307,162.90783852956065,0.0623225074898534,268.5234413886994,0.0628018165454137,215.75,0.3153840331775266,126.5,160.75,190.0,305.0,270.75,241.75,True,,240.2,295.3,173,110.0,662.1892705,104.02775907659401,213.26574301675979,9.3528156424581,133.702947,535.0759235,423.39960999999994,534.6989549000001,418.88708999999994,12.913459083313384
CN-Dsh,2016,NDVI,27,13,10.0,12,0,0.1859481610522655,double_logistic,0.991134171329699,0.0116708962273943,0.9956414677770202,0.1858384819298481,0.5225812040137737,173.07781430123083,0.0738341006370167,273.2371364958494,0.110426235367449,230.75,0.3289846667707715,143.0,172.5,200.25,293.5,273.75,255.25,True,,243.22222222222223,292.6666666666667,173,101.25,416.53337750000003,194.496645136368,246.34286754966888,5.306980132450331,57.383317000000005,362.4353905,328.62215000000003,362.88404249999996,296.18746,12.367469392287818
CN-Dsh,2017,NDVI,35,31,27.0,17,6,0.1859481610522655,double_logistic,0.9904070589667888,0.0175263485648808,0.995222074328166,0.195978832543077,0.6615893683868246,183.79730814348088,0.0919179287755735,263.7412906736997,0.0795895376539483,221.75,0.435906370144554,159.25,182.5,202.75,292.5,265.5,242.25,True,,243.22222222222223,292.6666666666667,172,83.0,,,234.16215789473682,5.0104661654135345,,,,,,12.919142185193959
CN-Dsh,2018,NDVI,58,29,26.0,13,0,0.1859481610522655,double_logistic,0.9886526690679712,0.0166291198721358,0.9943685176636232,0.1913295089899571,0.5910878090389323,166.81469827541474,0.0920272592836603,267.47749759368725,0.0836243190249051,215.25,0.3901704231445118,142.75,166.5,188.5,294.25,268.25,243.75,True,,243.22222222222223,292.6666666666667,172,101.75,434.11073,216.03704780861102,230.94632894736844,4.804986842105263,53.401891000000006,383.539499,289.727232,381.775352,289.727232,12.856582622395555
CN-Dsh,2019,NDVI,53,31,27.0,10,0,0.1859481610522655,double_logistic,0.9899545516219714,0.0144383251359294,0.9950165850964529,0.1892573081558862,0.5513089559596813,167.5981219942316,0.1163467712144228,267.3560642733945,0.0812224271424562,210.5,0.3560684696010887,148.75,167.5,185.5,294.75,268.0,242.25,True,,243.22222222222223,292.6666666666667,172,100.5,276.4499585,116.31072267529498,238.7984794520548,4.47231506849315,33.3399606,244.90879789999997,180.2730983,243.51077589999997,183.7170183,12.919142185193959
CN-Dsh,2020,NDVI,45,32,30.0,12,0,0.1859481610522655,double_logistic,0.9883913740535484,0.0155460517881593,0.994309030278028,0.1884907736063553,0.5776887006619589,182.13618732895972,0.1036381531370481,265.80145123914605,0.1000231603420153,223.5,0.3783435001171181,160.75,181.75,201.25,288.25,266.5,246.25,True,,243.22222222222223,292.6666666666667,173,84.75,455.695201,224.01854930000002,232.36484375,4.625375,44.07172,414.276291,343.17012199999994,417.179694,332.195792,12.751554691804065
CN-Dsh,2021,NDVI,50,21,17.0,9,0,0.1859481610522655,double_logistic,0.947987820417232,0.0317738113720487,0.9744166515348628,0.1830147141199691,0.5901407524182092,182.67827520542596,0.0861846854182621,257.2826318263653,0.0823605983930341,219.5,0.37341617998253,156.25,181.0,201.75,285.25,259.25,237.75,True,,243.22222222222223,292.6666666666667,172,78.25,355.38027550000004,159.73278633801502,242.9946589147287,5.505961240310078,24.6131428,332.87606270000003,268.27136,337.05681869999995,288.00658,13.10441192676863
CN-Dsh,2022,NDVI,64,35,31.0,8,0,0.1859481610522655,double_logistic,0.9918836628575832,0.0132826125456917,0.9959360065914356,0.188827110784767,0.6194000886272024,181.01934658731105,0.093012212981232,263.92566601412267,0.087809821967039,221.5,0.4106912322695266,157.0,180.25,200.75,289.75,265.0,243.25,True,,243.22222222222223,292.6666666666667,172,84.75,115.5080836,72.71470099999999,225.21604511278193,5.415225563909774,27.74457,89.31997360000001,30.445809999999998,90.6348176,30.445809999999998,12.877476146034407
CN-Dsh,2023,NDVI,72,37,33.0,6,0,0.1859481610522655,double_logistic,0.9938030843328648,0.0120672398516178,0.9969377304663912,0.1864294402102402,0.6265681644456333,179.4596306720621,0.0860050308911281,261.2160118035128,0.07899746544965,219.25,0.410797848141226,153.25,178.0,199.5,290.0,263.0,239.75,True,,243.22222222222223,292.6666666666667,172,85.0,466.24814000000003,243.71395218773603,248.35414598540143,5.267510948905111,25.526099,445.24365099999994,368.07575699999995,446.72533599999997,380.535897,13.022547548510095
CN-Dsh,2024,NDVI,57,24,24.0,10,3,0.1859481610522655,double_logistic,0.9897696942866284,0.0162403576736705,0.9948798764459515,0.1834002278811424,0.6007308546724242,171.1988585351214,0.0946307914986784,267.6956298610221,0.0596859403887377,211.75,0.3942326575900478,147.5,170.25,190.5,305.75,269.75,238.5,True,,243.22222222222223,292.6666666666667,173,99.5,,,214.81567721518988,6.151069620253165,,,,,,13.073808066004075
CN-Dsh,2016,NIRv,27,13,11.0,12,0,0.0429112590308457,double_logistic,0.9926409700074258,0.0031878914866465,0.996418138996299,0.0424189823499296,0.145383401339014,172.0321086276968,0.0818649938775473,263.51923556487765,0.1030837495612919,221.75,0.0998652365727377,145.0,171.5,195.75,285.25,264.25,244.75,True,,237.27777777777777,283.8888888888889,173,92.75,413.63713800000005,189.048906336368,246.94552482269506,5.791666666666667,55.92450100000001,360.997967,299.29440999999997,360.103809,278.99134,12.814680197848313
CN-Dsh,2017,NIRv,35,31,29.0,17,6,0.0429112590308457,double_logistic,0.9868709917961586,0.0062720981609391,0.9934850349857792,0.0435110373473322,0.1882397983516133,179.62484662097444,0.0983750411380973,252.63548899485545,0.0787874836806719,213.5,0.1334005953743434,156.5,178.25,196.75,281.75,254.75,232.25,True,,237.27777777777777,283.8888888888889,172,76.5,,,237.70167999999995,5.640464000000001,,,,,,13.32490637966948
CN-Dsh,2018,NIRv,58,29,26.0,13,0,0.0429112590308457,double_logistic,0.9946762672191064,0.0035009999640049,0.9974172539035572,0.043994302616071,0.1695320528823676,168.8762148588821,0.0881166859095501,260.83824356297254,0.0891750424437748,215.0,0.1213463548917459,143.75,168.25,190.75,286.0,261.75,239.5,True,,237.27777777777777,283.8888888888889,172,93.5,424.763468,214.04839180861103,233.54723076923077,5.335734265734265,52.257131,375.33699700000005,268.71247200000005,371.335817,260.607592,13.032824340287082
CN-Dsh,2019,NIRv,53,31,26.0,10,0,0.0429112590308457,double_logistic,0.9792078256623292,0.0064135886834582,0.9897490213293796,0.0443869126830206,0.1646975739491304,173.1467376963341,0.0946355040632052,255.4143245935361,0.0836918969111146,212.5,0.1142495054453492,149.5,172.25,192.5,282.5,256.75,234.0,True,,237.27777777777777,283.8888888888889,172,84.5,271.35420789999995,109.90296997529501,241.7654135338346,5.276022556390978,32.0653506,241.08765729999996,146.76111830000002,241.0226554,157.2870183,13.255551963571342
CN-Dsh,2020,NIRv,45,32,30.0,12,0,0.0429112590308457,double_logistic,0.9799256168017704,0.0060567896145642,0.9904987796389412,0.0422712170402673,0.167966424003633,183.29354354683824,0.0803946914460048,257.4141327041783,0.0964845691158852,222.5,0.1163558242582423,155.0,181.5,204.0,281.25,259.0,240.0,True,,237.27777777777777,283.8888888888889,173,77.5,459.780513,225.55565629999995,234.21217322834644,4.976007874015748,55.756606,406.676717,322.962802,408.67841799999997,309.254002,13.012258717687189
CN-Dsh,2021,NIRv,50,21,17.0,9,0,0.0429112590308457,double_logistic,0.987724123331147,0.0044565818422382,0.9939223246042408,0.0422328889346217,0.174898110458535,184.98333158654825,0.0817508560681595,249.68244741398985,0.0856541211516704,217.75,0.1160591368317427,156.5,182.25,202.5,277.0,252.5,233.25,True,,237.27777777777777,283.8888888888889,172,70.25,353.3188388,158.129724338015,245.73133057851237,5.865975206611569,24.6131428,330.81462600000003,255.61203,332.0679397,268.27136,13.285373134214899
CN-Dsh,2022,NIRv,64,35,30.0,8,0,0.0429112590308457,double_logistic,0.98498312614737,0.0055579363566951,0.9924762466935104,0.0438611497457742,0.1744412280980686,180.71928823379227,0.0888939215178488,260.95217134972813,0.108884804500914,223.75,0.1255579128791311,155.75,180.0,202.0,281.75,261.75,243.75,True,,237.27777777777777,283.8888888888889,172,81.75,114.9313316,73.36617199999999,225.34138888888887,5.980841269841271,30.16947,86.3183216,30.445809999999998,87.15429360000002,20.64599,12.856582622395555
CN-Dsh,2023,NIRv,72,37,32.0,6,0,0.0429112590308457,double_logistic,0.9926923976867272,0.0044239553153669,0.9963899734279706,0.0427959092801641,0.1932750576508998,180.43631276855947,0.0828075815568103,257.6005210372452,0.092666861586596,220.5,0.1405321494459964,153.0,179.0,201.0,282.25,259.0,239.25,True,,237.27777777777777,283.8888888888889,172,80.0,463.523316,242.707325187736,251.43829230769234,5.800915384615386,26.120162999999998,441.9247629999999,368.07575699999995,442.680844,360.661077,13.043088941047902
CN-Dsh,2024,NIRv,57,24,24.0,10,3,0.0429112590308457,double_logistic,0.992993455248914,0.0043666576968788,0.9965262245861368,0.0427096827401463,0.1979294993067673,174.38441949447983,0.0869234002731498,253.4648223384957,0.0538849119958155,208.5,0.1349709480785783,148.0,172.0,191.75,297.25,258.5,228.75,True,,237.27777777777777,283.8888888888889,173,86.5,,,217.60985333333335,5.70526,,,,,,13.461062025282057
CN-HaM,2013,NDVI,14,7,6.0,21,3,0.2223204185112751,double_logistic,0.9967708299847896,0.011559114014531,0.9984040582729676,0.2191541745201091,0.8391961261425919,159.93411956234132,0.0763404626352279,273.1073549172632,0.0655936699481411,213.25,0.5976435688557857,130.75,159.25,185.0,307.25,274.25,244.25,True,,,,172,115.0,1111.0543011,911.5851429999999,221.71312994350285,7.00676836158192,212.65551810000002,908.3257229999999,667.5875599999999,,,12.799336911328707
CN-HaM,2014,NDVI,17,7,6.0,19,7,0.2223204185112751,double_logistic,0.995851978788129,0.0149055888393212,0.998102501980374,0.222981712118344,0.8216973096938526,153.4387192675169,0.0957842823496458,274.73702714187743,0.0744723081778348,208.0,0.5913870169088283,130.5,153.25,175.25,304.5,275.25,247.0,True,,,,172,122.0,1082.0607764,1017.8354800000001,220.82273563218385,6.5808735632183915,183.10508600000003,907.9573304,766.8190599999999,,,12.688625341277977
CN-HaM,2013,NIRv,14,7,6.0,21,3,0.0551032553327359,double_logistic,0.9954765669841412,0.005851356294612,0.9977502216693652,0.0540589185079271,0.3257846716098118,167.67407858254668,0.0755506031115772,261.3818708489628,0.0706111218907499,213.5,0.254524802511947,137.75,166.25,190.75,293.75,263.25,237.25,True,,,,172,97.0,1076.6112050000002,881.03522,225.57590384615384,8.178102564102565,206.56149,879.9766549999999,604.99718,,,13.075722857060818
CN-HaM,2014,NIRv,17,7,6.0,19,7,0.0551032553327359,double_logistic,0.997634440489972,0.0048492031406744,0.9988420543142884,0.054119475157796,0.3223537374210176,163.9202746006422,0.0856517273920547,259.9829180858254,0.0752782342806453,209.75,0.257066500751178,137.75,163.0,185.75,290.0,261.25,235.5,True,,,,172,98.25,1064.220154,974.88507,223.67813071895426,7.480529411764706,175.745609,897.4761850000001,714.03383,,,13.143334147315391
CN-HeM,2013,NDVI,18,11,10.0,8,10,0.1773138594182222,double_logistic,0.975188713343832,0.0068217191647552,0.9888595174522068,0.1754595194843062,0.29595515237884,155.29045672121754,0.0943837829385075,265.5818346988691,0.0977556272144494,211.25,0.1192943217659352,132.0,155.25,177.75,288.25,266.0,244.25,True,,258.8958333333333,297.0833333333333,172,110.75,375.532583,248.78076900000002,259.45348407643314,22.841222929936304,,375.532583,290.42316000000005,382.5059287,330.08135,12.934640903937376
CN-HeM,2014,NDVI,32,16,13.0,3,0,0.1773138594182222,double_logistic,0.9864429841621052,0.0065737050375417,0.993200745232647,0.1768467948929389,0.3067077565120945,159.27835995566454,0.1117657551862887,269.7631449596898,0.1900315608336507,227.0,0.1297555766750515,139.75,159.5,179.0,281.5,270.0,258.25,True,,258.8958333333333,297.0833333333333,172,110.5,635.07492,359.157598,256.7049014084507,23.101556338028168,130.89658,510.2748,450.98879000000005,519.2270520000001,450.98879000000005,12.266128196493682
CN-HeM,2015,NDVI,31,16,13.0,4,0,0.1773138594182222,double_logistic,0.9783108798156492,0.0091767580567606,0.9892275708396678,0.1793080074439852,0.3330373217965086,156.09868412005622,0.0711632765405868,274.8662673010822,0.2100411843342801,241.0,0.1532396805991336,125.25,156.25,186.75,285.5,275.0,264.75,True,,258.8958333333333,297.0833333333333,172,118.75,875.106681,556.44476,264.07761250000004,22.1442125,259.24865,622.968481,561.9209500000001,637.2900179999999,532.8969700000001,11.951575916641604
CN-HeM,2016,NDVI,26,14,12.0,3,10,0.1773138594182222,double_logistic,0.9882660410648376,0.0067190777910459,0.994116781324834,0.1761861007341091,0.3349661846706019,160.10690647281885,0.063354964340614,279.11753984955845,0.1273135475132522,235.75,0.1568414723868304,125.25,159.75,193.0,296.5,279.5,262.75,True,,258.8958333333333,297.0833333333333,173,119.75,661.778993,402.147794,252.07596491228074,22.283415204678363,192.32533999999998,475.75714300000004,416.88314,476.4662,407.18493,12.048424083358398
CN-HeM,2017,NDVI,40,21,18.0,1,3,0.1773138594182222,double_logistic,0.9917121535408884,0.0061834564491941,0.995856242750472,0.1784185571592357,0.3314552684411634,152.03800238405145,0.1012948526913351,274.5935920658836,0.1194729788383964,217.5,0.1526684372762368,130.5,152.0,173.5,293.25,274.75,256.5,True,,258.8958333333333,297.0833333333333,172,122.75,554.575108,421.84086999999994,258.5776257668712,23.144214723926382,156.20289,402.284678,325.27811999999994,405.358484,333.60117999999994,12.350599179929734
CN-HeM,2018,NDVI,73,39,36.0,6,0,0.1773138594182222,double_logistic,0.9625785961990972,0.0160573390698876,0.981573455114918,0.1767069029163566,0.3821330025209082,151.99744254565644,0.0722084617165818,270.99666627981804,0.1118107176133909,222.0,0.2032697018590027,121.5,151.75,181.25,290.75,271.25,252.25,True,,258.8958333333333,297.0833333333333,172,119.5,803.596695,536.55699434342,260.36357396449705,22.0237573964497,250.40828999999994,561.467915,467.90795,564.548583,495.04414,12.55494620234597
CN-HeM,2019,NDVI,73,36,32.0,3,0,0.1773138594182222,double_logistic,0.9817486072239676,0.0111238832096336,0.9908650271658446,0.1788444431483093,0.3862443320208633,154.22880548687235,0.0810429634460617,280.1946798417957,0.0727992906030134,214.5,0.2041206935932187,127.0,154.0,179.75,310.75,280.75,252.25,True,,258.8958333333333,297.0833333333333,172,126.75,875.582827,452.94995837949,246.60905978260868,20.71479347826087,225.33008,654.874267,504.80733,636.2253869999998,535.9619799999999,12.55494620234597
CN-HeM,2020,NDVI,73,31,30.0,0,0,0.1773138594182222,double_logistic,0.9801466693241996,0.0120145008801095,0.9900618117256942,0.1838207920598494,0.3951606345801665,151.40575453957524,0.0786722212723778,282.39437874877984,0.0761052277405686,216.0,0.2086937839478382,123.5,151.25,178.0,311.5,282.75,255.25,True,,258.8958333333333,297.0833333333333,173,131.5,955.744214,569.5231100000001,250.77845744680855,20.16368085106383,307.93966000000006,654.7611039999999,518.5918800000001,638.2368049999999,530.2986400000001,12.410833381542991
CN-HeM,2021,NDVI,82,39,37.0,1,0,0.1773138594182222,double_logistic,0.9653062589078998,0.0120260721914674,0.9827860077204952,0.1826553056125503,0.3420127431541572,147.68629610119424,0.0886062282023494,286.34515512550433,0.0885459660192054,217.0,0.1586727435572304,123.0,147.75,172.25,311.25,286.5,262.25,True,,258.8958333333333,297.0833333333333,172,138.75,720.6709455,427.39141499999994,253.3349365079365,20.165656084656085,212.499707,514.8511785000001,476.2705900000001,517.2491763999998,466.46513,12.072633749260689
CN-HeM,2022,NDVI,93,45,41.0,1,0,0.1773138594182222,double_logistic,0.9651390913414072,0.0120819397100998,0.982539688681912,0.1830990652302881,0.3457102688925583,156.8854781354779,0.0854453038812926,281.8527834663948,0.0856669460081668,219.5,0.1610679129053854,131.25,156.75,181.75,307.75,282.25,257.25,True,,258.8958333333333,297.0833333333333,172,125.5,678.7097498999999,418.69887537814395,255.35051136363637,21.81500568181818,190.41125,493.52242989999996,413.8396,499.2334097,417.60767000000004,12.314415805314178
CN-HeM,2023,NDVI,94,42,37.0,5,0,0.1773138594182222,double_logistic,0.9793587310637516,0.0087466535004023,0.9896542803486066,0.1801210208804862,0.3174461859997965,149.6307041288155,0.1598681634165409,280.78144068357307,0.1534368749931727,214.0,0.1373156318141068,136.0,149.75,163.5,295.25,281.0,266.5,True,,258.8958333333333,297.0833333333333,172,131.25,701.5404000000001,420.92415,262.36484375,23.263968749999997,180.2215,526.95794,462.87407,528.8188759999999,435.6597,11.866856646568994
CN-HeM,2024,NDVI,97,46,40.0,0,0,0.1773138594182222,double_logistic,0.9704053748127914,0.0093367975101731,0.9852082997969166,0.1790136065719652,0.2999543867472757,147.04226618274964,0.1929010247137994,283.55200756754647,0.2425285896359543,222.5,0.1209406776155081,135.75,147.25,158.5,292.75,283.75,274.5,True,,258.8958333333333,297.0833333333333,173,136.5,621.012979,432.3149426,252.84945859872616,23.640738853503183,167.87941,459.218849,430.673738,461.648036,386.70628,11.48101456329472
CN-HeM,2013,NIRv,18,11,10.0,8,10,0.0421627279781157,double_logistic,0.9922812907966292,0.0013283278036037,0.9965564073731836,0.0418850873162899,0.0813897301498866,148.3027347710621,0.0800702016499708,269.1470653888468,0.1924656760872327,230.5,0.0394267492512329,121.0,148.5,175.5,280.75,269.25,258.0,True,,250.79166666666666,300.1666666666667,172,120.75,370.036915,239.53433999999996,264.86801249999996,23.1767125,,370.036915,330.08135,384.9005647000001,308.50338000000005,12.278204351029455
CN-HeM,2014,NIRv,32,16,13.0,3,0,0.0421627279781157,double_logistic,0.994888651029602,0.0014289284785241,0.9974425623417512,0.0418900547422746,0.0882669777351022,156.59323431126936,0.1041265359770829,273.1424860910696,0.1515594538655296,224.25,0.0463084776837871,135.5,156.75,177.75,287.75,273.25,258.75,True,,250.79166666666666,300.1666666666667,172,116.5,649.998155,372.704164,252.80527631578948,22.528894736842105,140.54505,515.5495650000001,450.98879000000005,521.36891,417.95729000000006,12.24196811229323
CN-HeM,2015,NIRv,31,16,15.0,4,0,0.0421627279781157,double_logistic,0.9891177727732884,0.0021993339262643,0.9945569973562626,0.0430365702873743,0.0947051177513555,147.8965834208273,0.0931300274569126,275.51213086750454,0.1278411398554252,220.25,0.0515632859884017,124.5,148.0,171.5,292.75,275.75,258.5,True,,250.79166666666666,300.1666666666667,172,127.75,886.012498,573.5356499999999,260.1396369047619,21.72425,260.83571,632.2872379999999,532.8969700000001,639.846583,495.05365,12.25404940982021
CN-HeM,2016,NIRv,26,14,12.0,3,10,0.0421627279781157,double_logistic,0.9805797881802746,0.0028876505062374,0.9902683648055648,0.0417966095860757,0.0946958916091154,153.16472950968392,0.0752077533333301,275.2807968583441,0.1014290276245928,221.5,0.0523658273110296,124.0,153.0,181.25,297.25,275.5,254.75,True,,250.79166666666666,300.1666666666667,173,122.5,665.0024799999999,406.66013399999997,251.38007471264368,22.151833333333332,194.83977000000004,476.4662,393.60296,478.48503100000005,378.40104,12.434899168824929
CN-HeM,2017,NIRv,40,21,21.0,1,3,0.0421627279781157,double_logistic,0.9752503516164074,0.0035266957981024,0.9877620257042078,0.0423393379170335,0.0973288497751041,151.05705642387812,0.0974262934627455,264.28952058285495,0.0676992212295288,199.75,0.0538275273367015,128.5,150.75,172.0,297.25,265.0,234.75,True,,250.79166666666666,300.1666666666667,172,114.25,559.400918,430.13683000000003,256.7756094674557,22.811029585798817,157.954894,405.358484,241.99339000000003,406.984506,302.94225,13.371572421424203
CN-HeM,2018,NIRv,73,39,37.0,6,0,0.0421627279781157,double_logistic,0.9867134422637855,0.0028956349783857,0.9934539883197367,0.0425564846867085,0.1042094828644136,144.3476344264937,0.0936581004429481,271.6140072030658,0.0952768283833153,208.5,0.0613513887972938,121.0,144.25,167.5,294.75,271.75,249.25,True,,250.79166666666666,300.1666666666667,172,127.5,809.422832,541.8142733434199,257.8807931034483,21.656028735632184,254.15808999999996,563.544252,454.27061,566.409118,459.00735999999995,12.698246143546385
CN-HeM,2019,NIRv,73,36,34.0,3,0,0.0421627279781157,double_logistic,0.9856412642721676,0.0032466088209687,0.992874042225175,0.0420282477433354,0.1116791640427839,150.4549357513474,0.0823505771446742,272.6671346681832,0.0647365561805356,206.0,0.0680218238921723,123.5,150.0,174.75,307.25,273.5,242.0,True,,250.79166666666666,300.1666666666667,172,123.5,878.394527,454.72285837949005,246.90777717391302,20.843668478260867,232.06635,650.949697,448.90632,641.228567,496.15549,13.039769039887267
CN-HeM,2020,NIRv,73,31,31.0,0,0,0.0421627279781157,double_logistic,0.989295639786468,0.0029424117960271,0.9946371362649978,0.0431889462643052,0.1152584269549585,148.45521668736248,0.0848613636802282,278.7870744538708,0.0595604688622879,204.75,0.0706020177524539,122.5,148.0,172.5,316.25,279.5,245.25,True,,250.79166666666666,300.1666666666667,173,131.5,965.565804,578.91227,248.11110309278348,19.77579381443299,311.67563,660.846724,474.86197000000004,642.560325,500.56642,12.887647831121813
CN-HeM,2021,NIRv,82,39,39.0,1,0,0.0421627279781157,double_logistic,0.9678479453347848,0.0038521537800596,0.9838828765439692,0.0435813236852265,0.0975608072115126,142.102756152133,0.1029189085636393,283.52069903247343,0.0688950741476685,201.25,0.0536713176837374,120.75,142.0,163.0,315.75,283.75,252.5,True,,250.79166666666666,300.1666666666667,172,141.75,720.6566025,431.03518999999994,251.54737435897434,19.69042564102564,214.36438,512.9721625,448.93348000000003,516.9159804000001,442.43374000000006,12.542964746530927
CN-HeM,2022,NIRv,93,45,42.0,1,0,0.0421627279781157,double_logistic,0.9737424937064,0.0035818827423028,0.9868126784398874,0.0430994136909916,0.1005221345908768,151.2708244408648,0.0773776994834083,278.44809031989934,0.0684981394734637,211.75,0.0563052115819853,122.75,151.0,177.5,311.0,279.25,249.0,True,,250.79166666666666,300.1666666666667,172,128.25,701.8880164,432.375348378144,253.59172486772488,21.311296296296298,213.25042,493.86152639999995,386.64548,501.08057969999993,390.69945,12.710143966471097
CN-HeM,2023,NIRv,94,42,43.0,5,0,0.0421627279781157,double_logistic,0.9617922852200408,0.0041405550899265,0.9807410697944708,0.0426794345939344,0.0930099858671208,147.80559238387983,0.1330596304934749,274.89968999772606,0.078538244791954,197.5,0.050147976455016,131.5,148.0,164.25,303.0,275.0,247.5,True,,250.79166666666666,300.1666666666667,172,127.0,719.6270319999999,436.24196699999993,258.74575,22.712738372093025,190.9385,534.3275719999999,387.57672,531.863182,401.48648000000003,12.7813711541362
CN-HeM,2024,NIRv,97,46,45.0,0,0,0.0421627279781157,double_logistic,0.977756588688887,0.0026977637681617,0.9888598442040506,0.0425622842251418,0.0847634154304285,142.58839501497593,0.1362744843412162,278.7087437202624,0.1126347264491276,205.0,0.0421821276744367,126.5,142.75,158.75,298.25,278.75,259.25,True,,250.79166666666666,300.1666666666667,173,136.0,648.321415,454.45464960000004,251.31105232558141,23.04531395348837,192.10337,462.303325,387.491808,463.611522,358.92736999999994,12.217798468683368
CN-Huz,2015,NDVI,19,10,10.0,11,8,0.129269506894389,double_logistic,0.8825743127111497,0.0112028307159788,0.9411016955118492,0.1317149302726581,0.2347843255720746,166.97120517801503,0.067641701559457,281.94724485216847,0.0498034532703206,218.5,0.0958101110379312,133.5,165.25,192.5,327.75,285.0,248.75,True,,253.75,326.4166666666667,172,119.75,,,211.1697422680412,16.10058762886598,,,,,,12.643966022323932
CN-Huz,2019,NDVI,61,31,24.0,8,0,0.129269506894389,double_logistic,0.8906388779702316,0.0147495131457227,0.94513888595557,0.1308174247276482,0.2428000295302859,171.88801544074278,0.0555023047310382,304.85686785526923,0.053438968322605,237.5,0.106142605688015,131.5,170.25,204.25,347.25,307.0,271.5,True,,253.75,326.4166666666667,172,136.75,,,206.02838888888888,14.61874537037037,,,,,,11.665735405791889
CN-Huz,2023,NDVI,78,39,33.0,13,0,0.129269506894389,double_logistic,0.8541602633143774,0.0047084270892301,0.9256365071869138,0.1290042750065191,0.1985804093798851,204.823880253616,0.0589126147492707,245.71137053994565,0.0493209306415832,226.75,0.0349666384244025,159.5,192.0,213.25,304.25,265.0,241.0,True,,253.75,326.4166666666667,172,73.0,,,231.44821379310346,20.190703448275862,,,,,,12.96838216469768
CN-Huz,2015,NIRv,19,10,10.0,11,8,0.0286275520971321,double_logistic,0.9674454543244736,0.0019957671837709,0.9835903177613188,0.0284205943490408,0.0656860925262832,150.94743770094124,0.0579021043150118,267.23406406577567,0.0474347191542455,205.5,0.0338549641615931,111.5,148.25,178.75,316.0,271.25,234.5,True,,252.225,312.6,172,123.0,,,219.75026829268296,16.613775609756097,,,,,,13.232267651145335
CN-Huz,2016,NIRv,37,23,20.0,7,4,0.0286275520971321,double_logistic,0.9554252352897156,0.0016419878685065,0.9776467720486546,0.0283032030221658,0.048713910830614,128.7072446671547,0.0372559522700073,283.45125386940845,0.0859604707175372,229.75,0.0197484022589256,68.75,127.0,180.0,309.5,284.25,260.5,True,,252.225,312.6,173,157.25,,,215.16780082987552,16.048634854771784,,,,,,12.140367687469917
CN-Huz,2017,NIRv,54,25,22.0,0,3,0.0286275520971321,double_logistic,0.8985461757669101,0.0053003149993341,0.949936782520154,0.0283909960182471,0.0985268665739699,180.33262272295255,0.0314761580233002,272.44823110674514,0.0416725460899959,227.25,0.0478397526759831,97.75,160.75,202.25,332.25,284.5,250.75,True,,252.225,312.6,172,123.75,,,213.2005191489362,15.358446808510637,,,,,,12.55899217148724
CN-Huz,2018,NIRv,51,24,19.0,11,0,0.0286275520971321,double_logistic,0.968589818735184,0.0016174497993097,0.9844119886931656,0.0296663883236395,0.0913796176352717,207.51716464680285,0.0213307381473417,265.8264611079387,0.0433395492028371,223.75,0.0275675758080102,64.25,151.0,199.0,304.75,273.25,245.0,True,,252.225,312.6,172,122.25,,,220.5279375,16.06693333333333,,,,,,12.802028478661335
CN-Huz,2019,NIRv,61,31,24.0,8,0,0.0286275520971321,double_logistic,0.9751257319423924,0.0022317780405696,0.9875612298833398,0.0298884792888282,0.0651473222872173,155.52044823003337,0.0580992010501065,292.21525753960606,0.0888533243597429,235.25,0.0346969897062871,117.5,155.0,191.0,317.25,292.75,269.25,True,,252.225,312.6,172,137.75,,,219.600255,16.82049,,,,,,11.762583801007128
CN-Huz,2020,NIRv,58,23,23.0,17,3,0.0286275520971321,double_logistic,0.8851193864302518,0.0035269676982242,0.943565018638476,0.0304942668119291,0.0548415425540828,133.74319391597274,0.0619364884397725,275.2384178639056,0.0752986689392212,210.0,0.0239550206876918,98.0,133.25,167.0,304.75,275.75,248.0,True,,252.225,312.6,173,142.5,,,230.8065362318841,17.133444444444446,,,,,,12.675718884322633
CN-Huz,2021,NIRv,58,26,22.0,11,0,0.0286275520971321,double_logistic,0.8689060696182372,0.0026735149236134,0.9333753341824772,0.0286799334169332,0.0473890982573402,137.67831448518993,0.0397542570807709,285.77089820088656,0.0667081287655637,225.25,0.0178263198592535,81.25,135.5,183.25,319.5,287.25,258.0,True,,252.225,312.6,172,151.75,,,219.77608403361342,15.55328151260504,,,,,,12.248188531677123
CN-Huz,2022,NIRv,85,38,34.0,3,3,0.0286275520971321,double_logistic,0.9330717029714704,0.0019543071222301,0.9659614546472708,0.0285206046553794,0.0756571886226502,200.65121278244771,0.0247482599387206,269.27373266975934,0.0439914192764597,229.0,0.0246622129981536,84.0,160.5,205.0,318.25,280.0,250.5,True,,252.225,312.6,172,119.5,,,219.1496042553192,16.639889361702128,,,,,,12.569636257897734
CN-Huz,2023,NIRv,78,39,34.0,13,0,0.0286275520971321,double_logistic,0.937476725764208,0.0018718357721327,0.9685227355112256,0.0284176291409837,0.0644710617819036,192.58253798669335,0.0292833808785942,257.64138420823184,0.0514141848282281,222.0,0.0203708395226518,96.75,162.0,200.75,301.25,267.0,240.75,True,,252.225,312.6,172,105.0,,,233.78631219512198,18.387004878048778,,,,,,12.978689626548245
CN-Huz,2024,NIRv,70,31,25.0,17,0,0.0286275520971321,double_logistic,0.9266885443959346,0.0022550160260711,0.96319629447818,0.029249121230133,0.0473850252625278,142.18414056330377,0.0799686594240959,283.56873858825986,0.1164095613031864,224.0,0.0180921728709024,114.75,142.25,169.5,302.5,283.75,265.0,True,,252.225,312.6,173,141.5,,,228.4683244680851,19.25692021276596,,,,,,11.94599903860795
CN-Sdq,2013,NDVI,18,11,9.0,8,8,0.203785562302037,double_logistic,0.988177471448664,0.0060058810372592,0.9940907075947174,0.2037939602171259,0.3426861091045085,159.93734019445563,0.1454811425905471,268.910271227122,0.231824107017771,225.75,0.1388762293624611,145.0,160.0,175.25,278.5,269.0,259.5,True,,257.8541666666667,291.3541666666667,172,109.0,364.75253299999997,269.7884,264.4938955223881,24.128194029850746,,364.75253299999997,341.78102,364.70825153000004,336.75788,12.205789099571783
CN-Sdq,2014,NDVI,32,16,13.0,3,0,0.203785562302037,double_logistic,0.9833827759691002,0.0092502350111916,0.9916580944832472,0.2032229528815842,0.3694198222048512,163.78088796229926,0.1260998789463276,266.7074914437848,0.2140730229593712,227.0,0.1661057499747148,146.5,164.0,181.25,277.0,266.75,256.5,True,,257.8541666666667,291.3541666666667,172,102.75,523.433931,335.85344,259.36477099236646,23.76517557251908,72.99817000000002,455.804601,408.5904699999999,464.48814973000003,412.34424999999993,12.35073343339723
CN-Sdq,2015,NDVI,30,16,14.0,4,0,0.203785562302037,double_logistic,0.9832138765671008,0.0108087818037922,0.9915748635593687,0.2057894604152859,0.4113691861783959,159.2409125382803,0.0918430875291204,273.416973785205,0.2337853183796819,238.25,0.205379521453541,135.5,159.25,183.25,283.0,273.5,264.25,True,,257.8541666666667,291.3541666666667,172,114.25,601.838445,362.5525,267.5260472972974,22.90027027027027,136.79487,469.86404500000003,445.85997999999995,472.628748,421.69964000000004,11.975778218121269
CN-Sdq,2016,NDVI,27,14,12.0,2,10,0.203785562302037,double_logistic,0.9757522930008244,0.0135172926997889,0.988440121095956,0.2025675884044013,0.414860815136248,166.15079129476177,0.0768476897394218,275.9008235803855,0.1236609390383073,231.5,0.2100308575398302,137.5,166.0,193.5,294.0,276.25,259.0,True,,257.8541666666667,291.3541666666667,173,110.25,403.35116199999993,351.29431,253.51831210191082,23.20596815286624,30.308148000000003,373.04301399999997,308.24944999999997,371.059627,301.85461,12.229972418373675
CN-Sdq,2017,NDVI,43,23,21.0,1,3,0.203785562302037,double_logistic,0.993235487666144,0.0077161756167695,0.9966137763424172,0.2041898732383587,0.4213813904920445,157.84643489722032,0.1266332523007565,270.2765293269624,0.1234588243465175,213.5,0.2168068422944719,140.5,158.0,175.25,288.25,270.5,252.75,True,,257.8541666666667,291.3541666666667,172,112.5,673.142043,436.65425,267.4045878378378,23.76108108108108,153.09598,526.9940230000001,454.47019000000006,529.416613,470.94493000000006,12.531181291740456
CN-Sdq,2018,NDVI,73,40,36.0,6,0,0.203785562302037,double_logistic,0.973620378917763,0.0181643917605002,0.9867707204789612,0.2043680088268627,0.4811631989180212,154.36149919459143,0.079294686781815,269.09878410876786,0.1268666210076209,222.75,0.2748072890872644,126.75,154.25,181.25,286.5,269.25,252.5,True,,257.8541666666667,291.3541666666667,172,115.0,646.1866072,582.5198320000001,266.205575,22.70934375,179.31060399999998,473.3130932,437.77457999999996,472.06078219999995,457.22229999999996,12.54317286641916
CN-Sdq,2019,NDVI,76,37,32.0,2,0,0.203785562302037,double_logistic,0.9828505674859636,0.0139140785422003,0.9914127242617844,0.207367997288058,0.4781627506876219,158.72337227061243,0.0846651563152309,275.7721433223078,0.0819704484529721,216.5,0.2666909208374453,132.75,158.5,183.25,303.0,276.25,250.75,True,,257.8541666666667,291.3541666666667,172,117.75,592.15778,377.19496000000004,244.61741520467834,22.05673099415205,88.38034,507.48498000000006,374.14374,491.56410000000005,405.64252,12.626952287276543
CN-Sdq,2020,NDVI,74,32,31.0,0,0,0.203785562302037,double_logistic,0.9819696277683426,0.0143546943764742,0.990950093445819,0.2116747512429032,0.4774917367609804,153.3280309433922,0.0869507841127232,275.9315846616118,0.0830471284855062,213.5,0.2629237017743355,128.0,153.25,177.5,302.75,276.25,250.75,True,,257.8541666666667,291.3541666666667,173,123.0,1049.73464,691.27242,244.6874285714286,21.35677714285714,310.95461000000006,745.96738,535.64221,713.0638299999999,578.77046,12.626952287276543
CN-Sdq,2021,NDVI,82,40,38.0,1,0,0.203785562302037,double_logistic,0.9791198897726198,0.0116130573833038,0.9895300213235444,0.2101724464419836,0.4134861712683876,152.69275654354416,0.1008672423630111,279.96528517765967,0.0963824805147396,215.0,0.2025480958096107,131.0,152.75,174.25,303.0,280.25,257.75,True,,257.8541666666667,291.3541666666667,172,127.5,708.2597229999999,424.70121700000004,259.20163005780347,21.720156069364165,155.41312,558.468703,461.68255000000005,546.1613200000002,461.68255000000005,12.290388882166171
CN-Sdq,2022,NDVI,94,44,40.0,1,0,0.203785562302037,double_logistic,0.9733187361554284,0.0134086179480934,0.9866255745291844,0.2100467967959426,0.4171156957702768,160.38400741216412,0.0990254414759161,276.3322644121343,0.1014455884664136,219.0,0.2058315965831933,138.25,160.5,182.0,298.25,276.5,255.25,True,,257.8541666666667,291.3541666666667,172,116.0,695.48181,510.7635,253.99016250000005,23.50874375,150.97061000000002,548.6276900000001,434.43269000000004,538.5768,443.58700000000005,12.410990741527705
CN-Sdq,2023,NDVI,91,41,35.0,4,0,0.203785562302037,double_logistic,0.9801119784602564,0.0108778704040519,0.990030668884576,0.2077558212975463,0.3860042696845271,155.1113951550386,0.1338833024240263,278.08395357045663,0.1662405601175844,222.5,0.1782096396065051,138.75,155.25,171.75,291.5,278.25,265.0,True,,257.8541666666667,291.3541666666667,172,123.0,639.593129,405.868211,267.3486339869281,24.169777777777774,136.67479,507.974479,461.81803,507.974479,428.54742000000005,11.939447624275726
CN-Sdq,2024,NDVI,97,46,39.0,0,0,0.203785562302037,double_logistic,0.9837037489388422,0.0089132262375776,0.9918220827545534,0.2056055764038815,0.365142116715056,152.93801878240717,0.1466582334835048,280.333400190142,0.2163453313255005,227.75,0.1595319704623515,138.0,153.0,168.0,290.5,280.5,270.25,True,,257.8541666666667,291.3541666666667,173,127.5,620.714543,425.684851,253.8589281045752,24.203856209150327,151.14866,475.783193,444.93238,477.168453,399.4657199999999,11.685463813335513
CN-Sdq,2013,NIRv,18,11,10.0,8,8,0.044638129317391,double_logistic,0.9794212591250452,0.0028322960904478,0.9900960890037912,0.0447075741529935,0.0934995102733007,155.1040256085887,0.1029849987029481,268.0024763400156,0.1782481078234057,224.75,0.0487326496205358,134.0,155.25,176.5,280.5,268.25,255.75,True,,249.02083333333334,294.875,172,113.0,364.9099301,272.41783999999996,263.867768707483,23.786673469387754,,364.9099301,330.9773,365.06589358,309.3661,12.386899276384298
CN-Sdq,2014,NIRv,32,16,14.0,3,0,0.044638129317391,double_logistic,0.9949683957717844,0.0018930208500585,0.997486138404328,0.0444650377735167,0.1070789600637888,160.56353515287756,0.124652231472066,267.33342591426026,0.145142852870754,217.5,0.0625169620680358,143.0,160.75,178.25,282.5,267.5,252.5,True,,249.02083333333334,294.875,172,106.75,534.308754,350.69386000000003,257.91855,23.391257142857143,77.58254300000002,462.095051,395.81230999999997,465.35477673,382.30747999999994,12.54317286641916
CN-Sdq,2015,NIRv,30,16,15.0,4,0,0.044638129317391,double_logistic,0.9898071157801632,0.003024593479091,0.994894556067554,0.0458026329494505,0.1211317897317743,153.81238453568923,0.0951751092341587,273.4380480685588,0.1221281444473193,220.0,0.0750808492714341,130.75,153.75,176.75,291.5,273.5,255.75,True,,249.02083333333334,294.875,172,119.75,612.0432539999999,380.7321,264.7647950310559,22.3005900621118,144.234976,472.628748,412.90327,473.50746599999997,388.79405,12.386899276384298
CN-Sdq,2016,NIRv,27,14,12.0,2,10,0.044638129317391,double_logistic,0.9727014594604256,0.0047576600006615,0.9866244376453804,0.0438772086890768,0.1210118288126816,162.03078606558316,0.0699479390231412,271.0396285338836,0.0911647774026813,222.0,0.0751166923928978,130.25,161.5,190.25,295.5,271.75,249.5,True,,249.02083333333334,294.875,173,110.25,409.137145,360.15986000000004,254.41689696969698,22.84131515151515,35.470678,373.66646699999995,271.92474000000004,373.04301399999997,271.92474000000004,12.686604423475826
CN-Sdq,2017,NIRv,43,23,23.0,1,3,0.044638129317391,double_logistic,0.9925583072456118,0.0028878559670102,0.9962750133972792,0.0448279525313917,0.1293025417374436,157.5602075302479,0.1032119787751789,260.5195101600059,0.0705387877505022,201.5,0.0822840137296114,136.25,157.25,177.0,292.25,261.5,232.75,True,,249.02083333333334,294.875,172,104.25,682.290622,451.22873000000004,266.1007948717949,23.551858974358975,158.93428999999998,530.304292,363.48907,532.239225,442.40578,13.46141715551776
CN-Sdq,2018,NIRv,73,40,38.0,6,0,0.044638129317391,double_logistic,0.9845185105836852,0.0047970198542002,0.9924186177235492,0.0452583916583445,0.139262165423892,149.71177706552953,0.0922750927013773,268.57307190182405,0.1107719499246501,213.75,0.0935331468958739,126.0,149.75,173.0,288.5,268.75,249.25,True,,249.02083333333334,294.875,172,119.0,647.9214852,586.6556420000001,265.7109631901841,22.57107975460123,181.419964,472.9386112,421.36671,471.5455582999999,421.36671,12.698514079107957
CN-Sdq,2019,NIRv,76,37,33.0,2,0,0.044638129317391,double_logistic,0.978884713601377,0.0054821696593142,0.9896802361628212,0.0448352701280388,0.1413408388209215,155.98293324860538,0.0804925399451128,271.790884888108,0.0754127180687999,212.5,0.0944048034068544,128.5,155.5,181.0,301.25,272.5,245.25,True,,249.02083333333334,294.875,172,117.0,590.4925967,377.992341,246.2462774566474,22.018878612716765,89.49717669999998,504.7029600000001,347.33779,495.6164600000001,369.75011,12.887989033329788
CN-Sdq,2020,NIRv,74,32,32.0,0,0,0.044638129317391,double_logistic,0.989283214598427,0.0039501249441708,0.9946615143696832,0.0460635994302289,0.1411610857824172,151.0872145211614,0.0909189628370771,274.0486960060379,0.0740058704125784,207.5,0.0938518938651616,127.0,151.0,174.0,304.0,274.5,246.25,True,,249.02083333333334,294.875,173,123.5,1061.09584,700.1043199999999,243.53543258426967,21.201983146067413,316.83305,751.45014,512.63626,721.92229,529.9725999999999,12.84082548234506
CN-Sdq,2021,NIRv,82,40,40.0,1,0,0.044638129317391,double_logistic,0.9807553927771042,0.0039407192517773,0.9903936436788616,0.0462393578073453,0.1193247852001231,148.20405121379906,0.1061958248364675,274.8362401341698,0.0780760668085265,203.5,0.0726026185081038,127.5,148.25,168.5,303.25,275.25,247.75,True,,249.02083333333334,294.875,172,127.0,714.133613,429.013627,260.1400227272727,21.748130681818182,161.28701,558.468703,418.39851999999996,549.8183090000002,428.89407,12.769815131307302
CN-Sdq,2022,NIRv,94,44,41.0,1,0,0.044638129317391,double_logistic,0.9834591160004208,0.0037413994141914,0.9917005153456776,0.0457693579642935,0.1217153669692635,156.67945290351258,0.084018893082344,274.08279643325056,0.0820911617854308,214.75,0.0747949176028252,130.5,156.5,181.25,301.25,274.5,249.25,True,,249.02083333333334,294.875,172,118.0,726.930578,529.65835,253.18135087719298,22.95349707602339,178.98454,552.0625279999999,407.91132,543.16663,407.91132,12.698514079107957
CN-Sdq,2023,NIRv,91,41,41.0,4,0,0.044638129317391,double_logistic,0.9681208282689744,0.0049537281158589,0.9839694450330624,0.0452071602627892,0.1122234866516541,153.00549856882202,0.1191695667453276,273.8820373923538,0.0822788226348822,204.25,0.0666502990536799,134.75,153.0,171.25,300.75,274.25,248.0,True,,249.02083333333334,294.875,172,121.25,659.325067,422.40462799999995,262.6950120481928,23.462975903614453,148.17442,516.2067870000001,386.36519,511.073946,391.14099,12.757950990793248
CN-Sdq,2024,NIRv,97,46,44.0,0,0,0.044638129317391,double_logistic,0.9878010318606952,0.0027931484537799,0.993887813690835,0.0453594630134311,0.1061353084210569,150.50772892997554,0.1129596989824151,276.5717887046006,0.1066750493985388,212.0,0.0606555019704828,131.25,150.5,170.0,297.25,276.75,256.25,True,,249.02083333333334,294.875,173,126.25,645.178171,452.2702709999999,250.84418674698802,23.549415662650603,168.80304,482.59244099999995,395.7664899999999,479.646981,366.68879999999996,12.362792368294349
CN-Xi2,2014,NDVI,16,9,9.0,15,6,0.1761995479781022,double_logistic,0.9808294321378564,0.0166562378529217,0.9905984360108196,0.1738018953855955,0.4659382160938345,158.79006437777758,0.1343406556583839,261.0271028056041,0.0590740404989098,194.5,0.2841173963165676,142.5,158.5,173.75,298.75,262.0,228.25,True,,240.96428571428572,299.5357142857143,172,103.5,448.204033,372.989593,230.80945512820514,14.354942307692308,86.40056,365.06119300000006,223.051885,365.694708,264.138005,13.75229774262742
CN-Xi2,2015,NDVI,20,9,7.0,25,3,0.1761995479781022,double_logistic,0.9859883396633868,0.015180089160986,0.9930150416749473,0.1716219721786121,0.5887441519781673,169.28761119515872,0.0572256591749261,251.08261991528929,0.0560018799599448,210.0,0.3421444489731536,127.5,163.5,190.5,294.25,257.25,229.75,True,,240.96428571428572,299.5357142857143,172,93.75,383.53458545399997,263.925675960967,235.166628742515,13.936485029940119,112.6675395,273.712405954,221.99739000000002,273.415116654,235.99933719999999,13.683679417717466
CN-Xi2,2016,NDVI,17,9,7.0,27,10,0.1761995479781022,double_logistic,0.9518868678229522,0.0187332175628528,0.975774298157368,0.1730947224957419,0.4402129169420228,165.6412283960265,0.0477430596190126,272.4951581354868,0.0746293381123228,226.75,0.2449053985448036,117.75,162.25,198.75,303.0,274.5,250.25,True,,240.96428571428572,299.5357142857143,173,112.25,,,225.41939247311828,13.881172043010753,,,,,,12.687307664991872
CN-Xi2,2017,NDVI,25,12,12.0,27,4,0.1761995479781022,double_logistic,0.9544993338699984,0.0141715522584016,0.9772116526831082,0.1736723988916462,0.3781481630100169,158.3883651053851,0.0478141044582413,263.208366543648,0.0715609147934159,217.5,0.1855622326859561,110.25,154.75,190.5,295.25,265.5,240.5,True,,240.96428571428572,299.5357142857143,172,110.75,241.914343,249.30065960000002,248.9013945945946,14.588924324324324,72.5497407,171.6300123,135.09065600000002,171.60709443000002,135.09065600000002,13.172280547500906
CN-Xi2,2018,NDVI,26,10,5.0,35,0,0.1761995479781022,double_logistic,0.9867215993048096,0.0170165519843659,0.9936896582707112,0.178082184889436,0.9641010232162742,216.5691925717096,0.0698870307606079,257.0872154312617,0.0648959386524885,237.0,0.4661111495418825,178.75,206.75,225.25,299.0,268.75,249.25,True,,240.96428571428572,299.5357142857143,172,62.0,273.31941420000004,243.608057818078,217.44489256198347,14.067214876033058,,276.3187918,246.7965682,276.3187918,223.94103819999998,12.737676197903163
CN-Xi2,2019,NDVI,42,22,22.0,20,0,0.1761995479781022,double_logistic,0.9405173270366216,0.0239990048378943,0.9700874715023532,0.17599487874964,0.4484513906249237,151.37293800865746,0.0753266861111282,270.46807287135846,0.0727187889030174,210.0,0.2658907128724578,122.0,150.75,178.0,301.25,271.25,243.25,True,,240.96428571428572,299.5357142857143,172,120.5,447.68294718999994,344.2969316000001,241.7952888888889,14.300038888888892,157.431847,293.23180019000006,248.99428000000003,293.05980019000003,238.17263000000003,13.03706100416286
CN-Xi2,2020,NDVI,31,19,19.0,31,0,0.1761995479781022,double_logistic,0.9817296054552168,0.0163704936116926,0.9908292848237144,0.1711406089492181,0.5674574229123482,162.0676753709045,0.0571284783944837,271.1127442041752,0.06679266781241,219.5,0.3697334911555523,122.5,160.0,191.75,305.25,273.25,245.5,True,,240.96428571428572,299.5357142857143,173,113.25,546.1901556,463.293992,232.06554644808742,13.128781420765028,133.151142,415.9851636,332.4486,415.01321659999996,314.14604,12.925422579037248
CN-Xi2,2014,NIRv,16,9,9.0,15,6,0.0374724539223302,double_logistic,0.9739963080938386,0.0045540982432861,0.9876585986243952,0.0366932420201691,0.1102595335554071,159.42150721909945,0.0985503800934302,248.83486198968512,0.061911269685416,197.0,0.0689411729859101,136.75,158.5,177.5,285.5,251.0,221.5,True,,233.32142857142858,288.5357142857143,172,92.5,456.96723399999996,377.117172,237.20312751677855,15.117463087248321,100.8547,359.37025400000005,209.032985,361.13276400000007,238.758455,14.050336500328397
CN-Xi2,2015,NIRv,20,9,7.0,25,3,0.0374724539223302,double_logistic,0.9886602167297902,0.0033321742006908,0.9944171422088366,0.0359542047052712,0.1507666619803298,173.87161482941383,0.0462465862050783,241.68702865000395,0.065240933312327,209.25,0.0837531042054582,119.25,162.5,191.5,279.0,248.25,225.75,True,,233.32142857142858,288.5357142857143,172,85.75,387.91836131,270.0918551,244.10929375,14.575531250000001,127.06038949999999,263.70333181000007,212.80346000000003,272.77446071,230.302435,13.864838104127742
CN-Xi2,2016,NIRv,17,9,8.0,27,10,0.0374724539223302,double_logistic,0.9443261669413532,0.004596793702201,0.9719717125559116,0.0362369544499735,0.1044159526378293,164.5477525788111,0.0479864799208734,257.2380380316886,0.0616271946298283,214.0,0.0579286757013264,115.25,158.5,191.25,295.5,261.75,235.0,True,,233.32142857142858,288.5357142857143,173,103.25,,,229.44034444444446,14.52147222222222,,,,,,13.437814299038175
CN-Xi2,2017,NIRv,25,12,12.0,27,4,0.0374724539223302,double_logistic,0.8839837705882727,0.0056580473478101,0.94440819534914,0.0371574615164201,0.0773853490882863,146.567544451018,0.0758614984564119,261.0383993568588,0.088984722230011,207.25,0.0394960775316112,117.5,146.25,173.5,286.0,261.5,238.25,True,,233.32142857142858,288.5357142857143,172,115.25,235.1896611,243.1184596,254.0705266272189,15.698633136094678,67.25909669999999,170.1959744,132.14301600000002,170.6350884,122.29886299999998,13.281766881621335
CN-Xi2,2018,NIRv,26,10,6.0,35,0,0.0374724539223302,double_logistic,0.979199298813772,0.006895211336206,0.9903054927382344,0.0402794596889282,0.2897031390357024,213.2571201772756,0.1163470893035799,247.79520511976145,0.0686395427505935,230.5,0.1615443516917647,193.25,209.5,221.75,286.75,258.25,240.5,True,,233.32142857142858,288.5357142857143,172,48.75,292.8951226,227.058065694382,215.51689247311825,14.641634408602151,,297.01877079999997,223.94103819999998,297.01877079999997,201.48240819999998,13.172280547500906
CN-Xi2,2019,NIRv,42,22,22.0,20,0,0.0374724539223302,double_logistic,0.960148543383222,0.0049463372341555,0.98027357462306,0.0397964485297031,0.1116136370056515,145.95699060217888,0.0731403888239641,261.77614451673713,0.0795226670626476,205.75,0.0700981995521123,115.75,145.5,173.25,289.75,262.5,236.75,True,,233.32142857142858,288.5357142857143,172,117.0,454.92149198999994,343.4290856,250.2095114942529,14.958580459770113,167.148337,290.75385499000004,218.08185,290.37919599,201.64251,13.354116191280294
CN-Xi2,2020,NIRv,31,19,19.0,31,0,0.0374724539223302,double_logistic,0.9593396330215151,0.0062998834610633,0.9802938375309675,0.0367173525224109,0.1512403705942387,161.42279303698217,0.0564212085715396,260.1413124032274,0.0623111872741725,212.25,0.1028510238896803,120.5,158.0,188.25,297.25,263.25,235.5,True,,233.32142857142858,288.5357142857143,173,105.25,547.2523426,461.602313,236.41061016949152,13.74474011299435,135.40254199999998,414.79595059999997,291.0035600000001,408.33889360000006,278.6872400000001,13.41398194568568
CN-YaS,2013,NDVI,15,10,8.0,5,17,0.1574631034556169,double_logistic,0.9859304868957176,0.0088089070792475,0.9929419200427724,0.1482003887750351,0.4015189969931449,174.94467085358545,0.0410251911071685,270.0982246063364,0.0515760955288898,224.75,0.2019741621278611,115.5,165.5,201.25,317.0,277.0,247.0,True,,260.1875,321.09375,172,111.5,401.15175904,355.194934,214.77192574257427,15.684113861386138,96.4617627,305.35149934000003,229.38810400000003,304.68972154,256.116821,12.691154983269048
CN-YaS,2014,NDVI,19,8,6.0,4,12,0.1574631034556169,double_logistic,0.9904352769274218,0.0056775636773166,0.995448483562962,0.1574898341125341,0.3559191636218823,178.79276498644165,0.045888254736252,281.69026912249376,0.1002163499913097,243.75,0.1845123871188416,129.25,175.75,214.75,304.25,283.0,264.0,True,,260.1875,321.09375,172,107.25,276.51120460000004,256.87533499999995,221.04281714285716,16.22986857142857,56.021289,222.2553856,183.18527199999997,225.59544959999997,174.21209199999998,11.989601362232438
CN-YaS,2015,NDVI,18,11,9.0,9,14,0.1574631034556169,double_logistic,0.9639659986062724,0.0112729063948759,0.9818686215820168,0.1520775232662876,0.3713611327692088,176.4537740305857,0.0284212975782662,288.091171805953,0.0532902996399707,239.5,0.1726492998913104,90.0,161.5,210.5,331.5,293.75,263.75,True,,260.1875,321.09375,172,132.25,372.4979286,327.194547,213.13122727272727,13.736714876033057,124.40388479999999,250.62295379999998,200.61547499999998,248.8191872,193.09103499999998,12.000000000000002
CN-YaS,2016,NDVI,21,12,9.0,5,9,0.1574631034556169,double_logistic,0.978465589339238,0.0129681982242689,0.9893307481064196,0.1604500309814977,0.4185544327157756,169.00895164632152,0.0445594001522369,292.16846483259434,0.0706324181198557,240.25,0.2413143123395741,118.25,166.25,207.0,324.25,294.0,267.25,True,,260.1875,321.09375,173,127.75,459.9357564599999,362.22188299999993,221.36359223300968,15.393373786407766,154.1847629,309.26846356,266.30488799999995,309.08373166,249.67638,11.854468640300777
CN-YaS,2017,NDVI,35,17,15.0,1,0,0.1574631034556169,double_logistic,0.9737806790289424,0.0142729573485127,0.986924336326787,0.1579611595804753,0.4733095837715221,179.2928850334191,0.0308323655184762,282.22134686813973,0.0571493531971562,237.25,0.247695068483078,99.5,165.5,210.5,322.75,287.5,259.75,True,,260.1875,321.09375,172,122.0,430.1353265,357.483593,221.7309820627803,14.92,131.2106521,301.3251244,243.442066,301.2242284,245.670316,12.166304105080048
CN-YaS,2018,NDVI,48,19,18.0,2,3,0.1574631034556169,double_logistic,0.9551720507945972,0.0161740783200655,0.9775367175065984,0.1551957877902757,0.4059464250857215,152.758650941682,0.0472516581374347,281.3900126740013,0.0448806599141667,216.0,0.2260713775463188,104.0,149.0,185.75,333.0,285.75,247.25,True,,260.1875,321.09375,172,136.75,386.52130391000003,378.49471900000003,216.01948260869565,14.254043478260867,120.26651700000001,268.04420690999996,197.7511609,266.15807391,228.5591639,12.68100411991802
CN-YaS,2019,NDVI,61,29,22.0,0,0,0.1574631034556169,double_logistic,0.97796928991527,0.0129412208297156,0.9892195813327164,0.1551182156881803,0.55176719004601,198.60107481001916,0.0320451547611786,276.10947537374744,0.0517319302346995,237.75,0.2606912224230461,116.0,177.25,215.75,322.25,285.0,257.75,True,,260.1875,321.09375,172,107.75,358.27202256,326.884421,214.08302415458937,14.700632850241545,63.2044317,296.20333086000005,247.95934000000003,296.35579986000005,254.45186999999999,12.24931635254619
CN-YaS,2020,NDVI,44,17,10.0,18,0,0.1574631034556169,double_logistic,0.9576837560037252,0.01318560169377,0.9788776566240605,0.161975172041421,0.5193370903311817,240.0,0.0330121295172823,288.7530126455616,0.0742774432969102,260.75,0.1979060898008048,154.25,211.5,244.25,313.75,293.0,274.75,True,,260.1875,321.09375,173,81.5,180.06724169,236.416603,206.9773459119497,15.319333333333333,12.07744538,168.69922230999998,140.45869381000003,169.50317840999998,115.58266881,11.54401668428722
CN-YaS,2013,NIRv,15,10,8.0,5,17,0.0225708101593167,double_logistic,0.9858892352666184,0.0026974142935577,0.9929313914058272,0.0215940679045442,0.100787996027299,172.47097087378205,0.0342005722517367,266.81573189221865,0.0535947914499314,223.5,0.0603450623730354,99.75,158.75,199.0,311.25,273.5,245.0,True,,254.65625,311.875,172,114.75,401.49351716,359.16382,222.09419811320754,15.670231132075472,96.07990475999999,306.0751154,225.630964,306.0751154,245.520924,12.772072894181498
CN-YaS,2014,NIRv,19,8,6.0,4,12,0.0225708101593167,double_logistic,0.9845752766045625,0.0018800270509781,0.9924768177841424,0.0226387202197175,0.0641932309183933,145.881732895739,0.0443642756722743,282.76276063647407,0.1131204724075414,238.25,0.0406071019447129,96.0,145.0,190.75,302.5,283.25,265.0,True,,254.65625,311.875,172,138.25,288.37852201300007,287.55691699999994,222.31693236714975,15.475149758454105,68.43274141299999,221.71125059999997,183.51789099999996,224.5276356,164.865587,11.94800898851277
CN-YaS,2015,NIRv,18,11,9.0,9,14,0.0225708101593167,double_logistic,0.982539358901388,0.0023079909771441,0.991234648183439,0.0229752367251249,0.0648627356887482,139.303499852711,0.0735054395621126,286.46547778348133,0.1011638243072048,222.75,0.0417304832322622,109.5,139.25,168.75,308.25,286.75,265.25,True,,254.65625,311.875,172,147.5,365.5785475,297.144312,227.69324120603017,15.559000000000005,122.53241499999999,245.5750425,206.20907499999998,246.23662210000003,180.37710399999997,11.937611983928033
CN-YaS,2016,NIRv,21,12,10.0,5,9,0.0225708101593167,double_logistic,0.979334048070762,0.003319135724381,0.9898393666667836,0.0215151084289121,0.0972344543957754,159.4571833204728,0.039713392670541,275.3327957202161,0.0461786596282351,219.75,0.0639897976972263,99.75,152.0,191.5,326.75,281.5,246.5,True,,254.65625,311.875,173,129.5,469.55600245999995,373.84011799999996,223.1579427312775,14.996066079295154,163.9526183,309.12085416,205.72830000000002,308.7205003,231.81347,12.711433402299384
CN-YaS,2017,NIRv,35,17,15.0,1,0,0.0225708101593167,double_logistic,0.9810165862977718,0.0030083291011511,0.990754474506352,0.0227401848032006,0.0850031940331497,153.4894809406763,0.0382571786737774,276.2844827663708,0.0686311766477872,226.25,0.0566924583102465,93.5,149.0,193.75,309.5,278.5,252.0,True,,254.65625,311.875,172,129.5,427.30094399999996,353.184093,225.50130555555558,15.43226388888889,131.106057,298.595337,225.116636,298.669409,230.602206,12.486836413504601
CN-YaS,2018,NIRv,48,19,18.0,2,3,0.0225708101593167,double_logistic,0.9439484783566128,0.0043620963009605,0.9717998533085224,0.0221767088436741,0.0794467980311175,142.217760897798,0.0486774609103183,269.2645628099375,0.0541845919723772,208.0,0.0530325982317749,95.5,139.25,176.5,311.5,272.0,238.5,True,,254.65625,311.875,172,132.75,385.46323830999995,376.996181,225.81202777777779,15.203611111111114,119.76915100000001,267.48350731000005,180.9827399,267.48350731000005,214.0974839,13.030816629193536
CN-YaS,2019,NIRv,61,29,23.0,0,0,0.0225708101593167,double_logistic,0.98383756642793,0.0026445932890784,0.9921679641845376,0.0225931311958913,0.1338649018104314,202.97901340811669,0.0276317955824756,266.1519365335645,0.0529289644923946,230.25,0.0611851215152798,100.25,169.0,209.0,305.75,274.0,249.0,True,,254.65625,311.875,172,105.0,359.54442600000004,329.046108,224.43396585365855,15.441229268292684,66.2198944,294.4602716,236.85608800000006,296.1706396,245.162719,12.609742393505329
CN-YaS,2020,NIRv,44,17,10.0,18,0,0.0225708101593167,double_logistic,0.9093195759818344,0.0046174328063202,0.9536276596671842,0.0222244168845946,0.0888963939763429,206.64711180016303,0.0214184060252385,295.3587296135822,0.0717105795674404,257.0,0.045747666811076,85.0,176.5,231.0,319.5,297.25,276.0,True,,254.65625,311.875,173,120.75,214.71018748999998,301.47803600000003,219.22081702127662,14.317825531914893,45.91803248,169.50158101,144.42467381,168.79008031,98.05668880999998,11.492620995382353
CN-You,2023,NDVI,15,8,5.0,47,0,0.1870386391970979,double_logistic,0.9671196506095068,0.0182280866136924,0.983548568188756,0.1853858177778002,0.4571332312667386,175.66351552508223,0.1082295932465304,255.2005222174224,0.1079383989772484,215.5,0.2644592256494591,155.25,175.25,194.0,276.0,255.75,237.0,True,,,,172,80.5,,,245.8580991735537,15.35609917355372,,,,,,13.10156053179311
CN-You,2023,NIRv,15,8,5.0,47,0,0.0376139653303047,double_logistic,0.9708113808775712,0.0048651211367974,0.9858526724329832,0.0371743789592822,0.1173989976799088,182.4680897712709,0.10221629208029,250.03966210259625,0.0947648701297556,215.5,0.0746453786804809,160.25,181.25,199.25,274.25,251.5,232.5,True,,,,172,70.25,,,245.18071052631575,16.04538596491228,,,,,,13.276326304468359
CZ-BK1,2017,NIRv,17,6,8.0,9,10,0.1049557907153655,double_logistic,0.9296822881198232,0.0086530066888431,0.9674570536946068,0.1067636331802995,0.1865731806475489,144.94449857296163,0.2695024120538364,240.0121894473029,0.0592687339396087,166.75,0.0785615054861837,137.0,145.0,153.0,277.5,240.75,205.5,True,,205.40625,295.71875,172,95.75,1462.1554959999999,860.56572,192.64804964539007,14.565815602836881,426.27642000000003,1049.0457760000002,491.29456999999996,1132.687395,491.29456999999996,15.31638068345061
CZ-BK1,2018,NIRv,23,14,15.0,14,8,0.1049557907153655,double_logistic,0.9376341843350268,0.0062967188165237,0.9685979934932218,0.10372785739041,0.1883674724303295,128.96281818594625,0.1212354890798822,243.2122652784029,0.0501579967610019,167.75,0.0819992080150966,110.75,128.75,145.5,287.75,244.5,205.0,True,,205.40625,295.71875,172,115.75,1877.4576489999997,1125.6490199999998,196.6215649717514,15.042683615819207,748.13357,1147.215279,468.51088,1177.3416,468.51088,15.337354685910185
CZ-BK1,2020,NIRv,24,10,11.0,9,9,0.1049557907153655,double_logistic,0.9457237944534066,0.0047785165871886,0.972687861129293,0.1047947595130696,0.1732143755386082,131.92750768496953,0.0977514516832547,244.5011163051049,0.0370450931189598,170.75,0.0627343492520103,109.5,131.0,150.25,306.5,249.0,202.5,True,,205.40625,295.71875,173,118.0,1731.9341519999998,1815.80655,164.44763451776652,12.110172588832485,510.68013699999995,1225.0053950000001,378.18698000000006,1184.0397350000003,401.99136000000004,15.438680855203048
CZ-BK1,2021,NIRv,19,7,10.0,13,10,0.1049557907153655,double_logistic,0.9496257363448364,0.0078971045972878,0.975646125621286,0.1066475799721363,0.1910524591814878,138.10727775370023,0.204702510783131,250.86051719906288,0.0518539690189061,166.25,0.0831034505496253,127.5,138.25,148.5,293.75,251.5,211.5,True,,205.40625,295.71875,172,113.25,1748.342346,1396.7162600000004,191.27255421686746,13.306180722891567,477.42385599999994,1288.52749,560.15139,1297.73066,446.6050899999999,15.047770517901293
CZ-BK1,2023,NIRv,28,14,15.0,12,9,0.1049557907153655,double_logistic,0.8646801483195221,0.0097025213271476,0.9306467350226664,0.1063032854564742,0.186943314173701,139.65751992767122,0.0592186141803637,250.94983966098647,0.0476483670730182,191.5,0.0725805999887218,100.75,136.75,166.25,299.5,255.25,219.5,True,,205.40625,295.71875,172,118.5,1880.272818,1353.17248,188.2630100502513,13.219829145728644,777.7670599999999,1113.761958,441.25658,1096.4122479999999,359.41709999999995,14.647758166277676
CZ-BK1,2024,NIRv,35,20,25.0,6,3,0.1049557907153655,double_logistic,0.9275111413807576,0.0087609498807183,0.965474048244893,0.1049513385000472,0.1887832853479103,125.26944136705568,0.3188580348570629,245.80413615669568,0.0432032480125346,145.25,0.0826145152817117,118.5,125.25,132.0,297.25,246.5,198.25,True,,205.40625,295.71875,173,121.25,1785.56546,1436.09117,195.15662011173183,14.445078212290502,645.2219100000001,1155.24875,289.3722,1147.44569,405.0032,15.59648294077921
CZ-BK1,2025,NIRv,42,18,20.0,3,0,0.1049557907153655,double_logistic,0.9040013412943452,0.0116386621000087,0.9522062089549556,0.1050819643419856,0.2284469866045672,138.6841009820379,0.0676776015812503,229.5050373216678,0.0343849456690586,177.5,0.0973698357814053,105.0,134.75,158.25,301.0,242.0,201.5,True,,205.40625,295.71875,172,107.25,2008.804059,1652.87489,188.84088832487308,12.12615228426396,757.96896,1265.838299,428.47942,1247.8299929999998,492.02922,15.477497045615825
CZ-BK1,2026,NIRv,30,10,16.0,18,0,0.1049557907153655,double_logistic,0.8475581143100304,0.0131911743167862,0.9280950399491462,0.1073518798713049,0.1907323849988304,136.2168225742552,0.1353547189188074,242.64562693129776,0.0381594735582466,167.5,0.0777051716808453,120.25,135.75,150.25,302.5,246.25,199.5,True,,205.40625,295.71875,172,110.5,1398.036735,1319.7033500000002,230.76135964912282,15.318236842105263,579.77521,828.496925,451.0629799999999,828.496925,545.5994400000001,15.552048388161298
CZ-Lnz,2016,NDVI,36,18,21.0,2,8,0.5211687500519945,double_logistic,0.9902608987533716,0.0156904409520501,0.9951712080389292,0.521289015235439,0.8544813190718343,108.31030355567842,0.2017431931921732,298.00620149858605,0.1222533076388278,181.5,0.3331919577479418,97.5,108.5,119.25,316.0,298.25,280.25,True,,280.04545454545456,313.9318181818182,173,189.75,1866.505442315,1170.19929,191.28236986301368,15.804429223744293,710.34119,1170.576852315,1128.25515,1171.3739823150001,1128.25515,10.996457172039781
CZ-Lnz,2017,NDVI,38,19,20.0,6,0,0.5211687500519945,double_logistic,0.9086938612161042,0.039296766407661,0.956852613133113,0.5308717303581408,0.8356619992696236,106.2755476517062,0.1544231656060232,295.09515153341243,0.127502824240234,192.25,0.3047891310950424,92.25,106.5,120.75,312.5,295.25,278.0,True,,280.04545454545456,313.9318181818182,172,188.75,1644.3216622999998,982.9911299999999,189.20765454545457,16.457136363636362,647.5009500000001,1008.5290123,954.0809800000002,1008.0646173,961.7367900000002,11.131905898012594
CZ-Lnz,2018,NDVI,65,36,42.0,0,6,0.5211687500519945,double_logistic,0.9730295887148814,0.021470333942821,0.9864625476950084,0.5194277412382459,0.8640748216124631,106.31872915989224,0.217518382577841,297.04031933536135,0.11175228116154,173.0,0.3446465782552782,96.25,106.5,116.5,316.75,297.25,277.5,True,,280.04545454545456,313.9318181818182,172,190.75,2025.553109,1219.66752,200.97404999999998,18.468213636363636,823.659769,1214.35804,1074.6878900000002,1204.76729,1088.89384,11.162094450094605
CZ-Lnz,2019,NDVI,55,24,27.0,1,3,0.5211687500519945,double_logistic,0.9923315691699846,0.0131007019470123,0.9961584749690854,0.5197175142053487,0.8648868071575497,109.63672693879484,0.2225497897913712,296.7166425109532,0.136761460871609,182.25,0.3451692049866273,100.0,109.75,119.75,313.0,296.75,280.75,True,,280.04545454545456,313.9318181818182,172,187.0,2000.9394020999998,1354.9915461,188.49851869158877,16.66478504672897,681.4611799999999,1332.7605221,1289.8347299999998,1332.7605221,1289.8347299999998,10.966453716281054
CZ-Lnz,2020,NDVI,51,26,28.0,1,0,0.5211687500519945,double_logistic,0.9887574076749694,0.0158469855600428,0.9944017128389708,0.5171490148460341,0.8733431210481125,111.54053933484008,0.2532864167198313,304.7519880489052,0.1451694846723918,183.25,0.3561940938051747,103.0,111.75,120.25,320.0,305.0,289.75,True,,280.04545454545456,313.9318181818182,173,193.25,2136.673748,1359.94319,189.52600917431192,15.572082568807339,729.6900699999999,1414.046418,1375.4506299999998,1414.7824139999998,1332.14474,10.434182219445615
CZ-Lnz,2021,NDVI,56,31,44.0,5,3,0.5211687500519945,double_logistic,0.958644998807841,0.0316814172921976,0.980099245759738,0.5243843064620105,0.8841708635279354,120.11010000167168,0.8021431154271843,300.499711930992,0.132311327972151,147.5,0.3597865563813206,117.5,120.25,123.0,317.25,300.5,284.0,True,,280.04545454545456,313.9318181818182,172,180.25,1986.9432468,1224.89022,206.348055,16.01165,593.3308799999999,1408.3108668,1360.01875,1408.512471,1338.56473,10.77241091707234
CZ-Lnz,2022,NDVI,71,24,35.0,0,0,0.5211687500519945,double_logistic,0.9869389130570831,0.0177480852003819,0.9934533692521638,0.5218396799844669,0.8552510327612836,119.35603675171254,0.3367285344747096,295.22088744113995,0.1179550760457179,167.25,0.3334112269747751,113.0,119.5,126.0,314.0,295.25,276.75,True,,280.04545454545456,313.9318181818182,172,175.75,1714.7093872000003,1174.4225000000001,195.72507425742572,17.02170792079208,627.4967900000001,1098.2238972,1027.39256,1098.9836452,1049.30213,11.20743251974519
CZ-Lnz,2023,NDVI,52,26,37.0,1,0,0.5211687500519945,double_logistic,0.9851950312682128,0.0175590148104508,0.9927350413172108,0.5295920081467832,0.8691833242562513,121.7292866708003,0.3566269750106172,310.15747174698055,0.0931294822366664,163.75,0.3395908039016916,115.75,121.75,128.0,334.0,310.25,286.75,True,,280.04545454545456,313.9318181818182,172,188.5,1939.2576625000002,1276.82346,178.78960730593607,16.299100456621,622.6127299999999,1330.8509325,1254.76583,1327.14936,1220.6355,10.609743338935692
CZ-Lnz,2024,NDVI,73,37,49.0,0,0,0.5211687500519945,double_logistic,0.9443804955172056,0.0346841365040862,0.9722905195425572,0.5232814974498563,0.8571460137210276,97.2826271203077,0.1934622984509161,296.2768003547518,0.0885123198874471,162.5,0.3338610044766342,86.0,97.5,108.75,321.25,296.5,271.5,True,,280.04545454545456,313.9318181818182,173,199.0,2100.3002957999997,1410.57481,188.76234322033898,16.964330508474575,941.22818,1176.1159158,1068.3663999999999,1175.3340494000001,1109.59529,11.526337653735366
CZ-Lnz,2025,NDVI,84,31,48.0,0,3,0.5211687500519945,double_logistic,0.9821191487870136,0.021913283021055,0.9911680638867154,0.521268371682056,0.8697343070549629,106.01191212392918,0.4871740558700768,296.7684784694294,0.1698424656091984,157.0,0.3484659353501435,101.75,106.25,110.75,309.75,297.0,284.0,True,,280.04545454545456,313.9318181818182,172,190.75,1880.4531121999999,1176.7597799999999,200.7357692307692,16.639586538461536,741.9573999999999,1151.1032122000001,1120.11951,1151.3804930800002,1107.0211800000002,10.77241091707234
CZ-Lnz,2026,NDVI,64,15,7.0,11,3,0.5211687500519945,double_logistic,0.8992138740690766,0.0466073706937298,0.9502496436436352,0.5221746971996064,0.8532305899645999,109.1948771881873,0.2512890184787222,274.7989586275028,0.5833470049802518,224.0,0.3310558927648508,100.5,109.25,118.0,278.75,275.0,271.25,True,,280.04545454545456,313.9318181818182,172,165.75,1155.4875299999999,641.4689799999999,258.8561641791045,19.66961194029851,634.00876,530.59276,530.59276,530.59276,530.59276,11.541577871472349
CZ-Lnz,2015,NIRv,15,7,11.0,1,18,0.0594306474868551,double_logistic,0.96108409675317,0.02207800445507,0.9808022340474584,0.0523110267862347,0.3329692341781464,114.10073674776253,0.193746981443025,266.315641275174,0.0362047358566413,145.5,0.2765275665279987,103.0,114.25,125.25,327.5,267.25,209.5,True,,218.5909090909091,338.95454545454544,172,153.0,1716.279938317,1045.97335,184.14955555555557,16.392635555555554,654.2730300000001,1074.121208317,432.4396799999999,1075.078885417,531.21463,15.045887085390351
CZ-Lnz,2016,NIRv,36,18,23.0,2,8,0.0594306474868551,double_logistic,0.9885760179628093,0.0113582463702918,0.9942749277317328,0.0545863027663412,0.3068715049577432,112.908635310679,0.1128618509543422,276.114492022868,0.0481147807776578,167.0,0.2504064180253443,93.5,113.0,132.0,322.0,276.5,232.0,True,,218.5909090909091,338.95454545454544,173,163.5,1875.5079713149998,1194.03744,187.70357205240177,15.426515283842795,718.56069,1171.359881315,734.6355900000001,1171.531206115,578.24852,13.895534526974183
CZ-Lnz,2017,NIRv,38,19,24.0,6,0,0.0594306474868551,double_logistic,0.966362820860046,0.0168030555036949,0.9834543195704056,0.0575061176990474,0.3111925180248774,110.87537931690215,0.093725079062509,268.7929147006491,0.0342510941502733,161.25,0.2452274998488244,87.5,110.5,132.25,334.25,270.75,213.5,True,,218.5909090909091,338.95454545454544,172,160.25,1650.81620144,1034.21355,175.82182186234817,15.3775991902834,650.9403699999999,1011.58413144,495.7928,1012.23883624,539.20766,14.863418966068597
CZ-Lnz,2018,NIRv,65,36,48.0,0,6,0.0594306474868551,double_logistic,0.941420136807271,0.0224430602347824,0.9704142466693116,0.0561574779186658,0.326923242120081,108.78935976689162,0.2129859047882536,279.3472768650233,0.0314514412227516,138.75,0.2670947095127755,98.75,108.75,119.0,349.75,280.25,213.75,True,,218.5909090909091,338.95454545454544,172,171.5,2088.979381,1313.1767599999998,179.1956733067729,16.722912350597614,821.753141,1279.69094,515.893,1261.5532300000002,568.6554,14.851628205260099
CZ-Lnz,2019,NIRv,55,24,34.0,1,3,0.0594306474868551,double_logistic,0.982855565948485,0.0127498340544436,0.9914354095222614,0.0601363870058977,0.3062860341172123,111.22758294662042,0.1608656032508428,285.8353697334388,0.0420934042672113,154.0,0.2449432228623093,97.75,111.25,124.75,338.25,286.25,235.0,True,,218.5909090909091,338.95454545454544,172,175.0,2003.1416948,1409.9570460999998,173.25208298755183,15.586950207468877,685.7062499999998,1330.7177448000002,913.09595,1330.7177448000002,692.5215000000001,13.724728075650718
CZ-Lnz,2021,NIRv,56,31,42.0,5,3,0.0594306474868551,double_logistic,0.9782458631223252,0.0173133280529272,0.989085540504714,0.0561489354890154,0.3498998874810283,121.16183449385636,0.1666648827456075,283.562531488102,0.0401472354536109,159.5,0.2912546565388217,108.0,121.25,134.25,338.75,284.0,231.0,True,,218.5909090909091,338.95454545454544,172,162.75,2003.48030677,1288.4781299999997,190.8014632034632,14.606181818181819,610.745126,1407.43368077,873.75419,1407.43368077,690.36389,13.951812483250448
CZ-Lnz,2022,NIRv,71,24,39.0,0,0,0.0594306474868551,double_logistic,0.9740763792969952,0.0172176886678354,0.9871792712771924,0.0620135336961539,0.3043163463900044,120.10913622172872,0.3712053307337495,273.89302774784613,0.0409351069657013,140.75,0.2411525730759525,114.25,120.25,126.0,327.75,274.25,221.5,True,,218.5909090909091,338.95454545454544,172,154.0,1719.2357295000002,1204.29101,186.70743192488263,16.307084507042255,627.4967900000001,1102.7502395,584.63933,1104.72122874,549.61453,14.466372875052567
CZ-Lnz,2023,NIRv,52,26,37.0,1,0,0.0594306474868551,double_logistic,0.9506488556194036,0.021577792599167,0.9750375994940788,0.0577617500188018,0.3123278231567226,116.2359312026973,0.1372798839559798,294.5690735405978,0.0343024153429755,160.0,0.2514481203877608,100.25,116.25,131.75,359.25,295.5,234.0,True,,218.5909090909091,338.95454545454544,172,179.25,1984.7829007999999,1365.74319,162.51432046332047,14.610617760617757,664.6779590000001,1334.3109418,768.4896500000001,1330.6179874999998,589.1174500000001,13.781977239475525
CZ-Lnz,2024,NIRv,73,37,51.0,0,0,0.0594306474868551,double_logistic,0.9847901695792428,0.0130696522240705,0.9924153868255684,0.0557059861455385,0.3323281056343485,98.88651508370737,0.1328855654003862,271.24046075985484,0.0324188893609146,141.25,0.2716022388802243,82.5,98.75,114.75,339.75,272.5,208.75,True,,218.5909090909091,338.95454545454544,173,173.75,2105.6504445,1447.25819,177.45943190661478,15.919894941634242,944.209083,1178.4851615,518.1446,1178.2234305,639.5367000000001,15.078733737363182
CZ-Lnz,2025,NIRv,84,31,51.0,0,3,0.0594306474868551,double_logistic,0.983446075722762,0.0149716179473495,0.9917749524318398,0.0579669744166875,0.3373694064357139,108.76411611487885,0.2042557962951424,268.33670949430126,0.0344427103857186,139.25,0.2756137301480724,98.25,108.75,119.25,332.75,269.25,208.5,True,,218.5909090909091,338.95454545454544,172,160.5,1887.9234235,1226.8839199999998,184.99278205128206,15.31223076923077,747.64036,1152.8905634999999,451.61553000000004,1152.6118775,588.66033,15.089581761196225
CZ-Lnz,2026,NIRv,64,15,33.0,11,3,0.0594306474868551,double_logistic,0.9883048864514892,0.0113411411610834,0.9944019110524506,0.0609597436801678,0.3384848948489561,111.310934076458,0.1316702166330343,266.4039263796064,0.0246089969156534,147.0,0.2610657792086082,95.5,111.25,126.5,358.5,271.25,197.0,True,,218.5909090909091,338.95454545454544,172,160.0,1163.884089,656.70018,257.1504244604317,19.250086330935254,642.4053190000001,530.59276,255.8861,530.59276,434.16831999999994,15.527179739480886
CZ-RAJ,2018,NDVI,38,22,25.0,13,0,0.7875117025608176,double_logistic,0.8668361357157808,0.0051103649603351,0.9319611036532514,0.7880716410546755,0.8192234395207548,125.60821025706636,0.7128531135786407,210.90587312010996,1.0,173.5,0.0311517984660792,122.75,125.75,128.75,213.25,211.0,208.75,True,,,,172,85.25,660.73888,377.16351999999995,242.2953736263736,17.189428571428568,376.99582,293.69777000000005,276.23604,,,15.167676369281278
CZ-RAJ,2017,NIRv,23,10,11.0,11,0,0.104974597049411,double_logistic,0.8881290415838039,0.0105218182692253,0.9451036857749102,0.1058965791821413,0.1894784531109759,132.85507245812343,0.1434041818068293,259.3170227025216,0.0370440521476322,166.5,0.0803152288434983,117.75,132.75,147.0,320.0,261.5,209.25,True,,199.25,331.10714285714283,172,128.75,1260.801254,818.7326599999999,183.48888177339902,13.522876847290641,404.8061,863.4012439999999,286.243,880.919432,209.40629,15.145120941265906
CZ-RAJ,2018,NIRv,38,22,26.0,13,0,0.104974597049411,double_logistic,0.926448535676491,0.0076443215569012,0.9654012955273724,0.1033481926420548,0.200369514697299,118.38244990255048,0.1263843829123004,219.64210448629697,0.0274233480655121,147.75,0.0828483608846273,103.0,118.0,132.25,306.25,230.5,175.75,True,,199.25,331.10714285714283,172,112.5,1139.20517,680.28638,203.9726225490196,15.97981862745098,523.39,625.7698800000001,35.54336,660.096359,234.31705,16.05078273602191
CZ-RAJ,2019,NIRv,35,11,15.0,6,5,0.104974597049411,double_logistic,0.9781690781039803,0.0049163012658437,0.9890758126183432,0.1052650170209423,0.2034817093909935,129.39325794029477,0.091758428519718,244.8836814725475,0.0279985839037557,167.75,0.0852329030550646,106.5,128.25,147.75,329.0,254.5,199.25,True,,199.25,331.10714285714283,172,126.25,1470.5639260000003,910.9380699999999,178.60669506726455,13.604143497757848,523.23135,956.488156,263.34802,957.453937,263.34802,15.553155168956941
CZ-RAJ,2020,NIRv,35,18,21.0,6,6,0.104974597049411,double_logistic,0.9475199609437684,0.0063771152841445,0.97386907126419,0.1016486979292061,0.1833490188908751,125.3220281679991,0.1076022167952316,271.42379668562825,0.0314900678562043,167.5,0.0778521263957886,105.0,125.0,143.5,343.0,274.5,214.5,True,,199.25,331.10714285714283,173,149.5,1311.7944336,999.23458,163.55324686192466,12.816,483.24358000000007,831.1436536000001,341.95021999999994,822.83036,233.31827,14.896544259771733
CZ-RAJ,2022,NIRv,44,17,24.0,9,0,0.104974597049411,double_logistic,0.9545898679695204,0.0095831136145064,0.9777901042342656,0.1057300124565967,0.2363706892831779,129.8561102974266,0.108556274689387,249.0120358849224,0.0289712241300966,165.5,0.1172961680006612,110.5,129.25,146.5,329.0,256.25,199.5,True,,199.25,331.10714285714283,172,127.0,1230.9830364,1746.3674499999997,177.91203652968036,14.757196347031963,401.41748000000007,839.4747763999999,260.90498,842.3672564000001,260.90498,15.544156195486236
CZ-RAJ,2023,NIRv,44,20,27.0,11,6,0.104974597049411,double_logistic,0.8787681183290619,0.0178601495241026,0.9401926183596088,0.1109951233725808,0.3061499255384067,135.50836687725192,0.1014026375937686,231.3552586490726,0.0196223265251269,168.25,0.1444876662513731,120.5,135.75,152.0,360.25,258.5,195.75,True,,199.25,331.10714285714283,172,122.75,1267.4939837000002,1761.3677699999998,156.50981249999998,12.445066666666667,419.1731900000001,857.9603536999999,218.55643,851.2125229,242.7342,15.671914672054907
CZ-RAJ,2024,NIRv,53,31,34.0,9,0,0.104974597049411,double_logistic,0.9562685386634632,0.0114318368665707,0.977930720979937,0.1038481451989552,0.3233090859925089,123.79858198265264,0.0565860970468631,235.71247053649583,0.0261380142726166,171.0,0.1711149383210582,84.5,119.25,147.5,330.25,252.75,200.75,True,,199.25,331.10714285714283,173,133.5,1704.9370759399999,2302.5302300000003,175.29463414634148,13.495727642276423,812.6906999999999,908.35977594,325.99099999999993,908.66835894,315.07649999999995,15.498168496054394
CZ-Stn,2017,NDVI,13,6,10.0,11,8,0.5504800862797791,double_logistic,0.9311250735977212,0.0239799514282622,0.9674337492313057,0.5599576812546365,0.8763656344606554,115.4400300536592,0.1647962906155822,298.4677443400333,0.0591556245231654,168.25,0.3162126363324515,102.25,115.5,128.75,335.75,298.5,261.5,True,,270.4166666666667,324.0,172,183.0,1468.4407952000001,925.99605,168.39860085836912,13.242163090128756,582.7905579999999,898.5132372,785.095271,895.8482794999999,816.5614620000001,12.13941370007786
CZ-Stn,2018,NDVI,26,16,19.0,11,5,0.5504800862797791,double_logistic,0.9512924607141828,0.0273270526235525,0.975491996359721,0.5608772069319559,0.8777181134830155,110.2792072563803,0.4774191238168038,295.93499374537896,0.0886592487785537,142.25,0.3168404489711383,105.75,110.5,115.0,320.75,296.0,271.25,True,,270.4166666666667,324.0,172,185.5,1701.6203013,1115.46485,195.79986511627908,16.484372093023257,725.2697,992.4409013000001,900.38701,991.0139643,895.0114100000001,11.535811553639405
CZ-Stn,2021,NDVI,23,13,19.0,12,4,0.5504800862797791,double_logistic,0.913310607394786,0.0367211555767053,0.9607718935414776,0.5601339339834124,0.8829762072378137,130.7502349175843,0.9985827873153612,296.76713462103453,0.1187346256238764,150.25,0.3228422631371492,128.75,131.0,133.0,315.5,297.0,278.5,True,,270.4166666666667,324.0,172,166.0,1505.7263902,784.14687,194.1010267379679,14.318326203208557,419.43989000000005,1095.8983002,1040.2815799999998,1099.3537686,996.3292899999999,11.090409975674564
CZ-Stn,2017,NIRv,13,6,10.0,11,8,0.0784796882098606,double_logistic,0.9458331188775382,0.0210293255232365,0.9725996894525802,0.0759714607486073,0.3609317043268296,119.20739492156316,0.1298386781492835,264.1266524092305,0.0325885209025989,157.0,0.2744431207608057,102.5,119.0,134.75,333.0,266.5,206.75,True,,220.96875,328.5,172,147.5,1468.1412522,921.52991,169.6705324675325,13.368112554112553,582.7905579999999,898.2136942,377.86958,894.9181322,500.86779,15.206309947817578
CZ-Stn,2018,NIRv,26,16,19.0,11,5,0.0784796882098606,double_logistic,0.9516512188384324,0.0216904594053463,0.9763564613607246,0.0721757776746641,0.3441758179542355,112.50542618081136,0.2611365908693018,272.392522943305,0.0452978911667785,141.75,0.2711389065348309,104.25,112.5,121.0,321.0,272.75,224.75,True,,220.96875,328.5,172,160.25,1703.0452013,1122.4369100000001,195.20384331797234,16.42509216589862,726.8619399999999,992.2735613,525.9324,993.8548773,495.54933,14.324606564857705
CZ-Stn,2019,NIRv,19,7,11.0,7,11,0.0784796882098606,double_logistic,0.96513171510213,0.0201601526999757,0.9829223007542272,0.077427685614404,0.3381388341074293,118.29236678232238,0.1363518615892209,266.0237686429008,0.0427466399708115,160.0,0.2570555837675755,102.25,118.25,133.75,318.0,266.75,217.75,True,,220.96875,328.5,172,148.5,1641.1073705,1044.2138,185.02875925925926,14.832249999999998,587.3363080000003,1065.2455625,534.99629,1066.6322573,566.33939,14.692158062927444
CZ-Stn,2020,NIRv,22,12,12.0,1,19,0.0784796882098606,double_logistic,0.9615074004393404,0.0176303508255459,0.9808891031429732,0.0753469481378489,0.3161879409510145,115.71139934534293,0.1893875552677607,271.376067360061,0.0392835633490606,149.5,0.2384511839056638,104.25,115.75,127.0,327.75,272.0,218.0,True,,220.96875,328.5,173,156.25,1559.2045809,1097.4593599999998,173.21200448430494,12.992058295964124,591.18582,976.0065609000001,457.48323,976.7958289000001,476.31183,14.67950153618607
CZ-Stn,2021,NIRv,23,13,17.0,12,4,0.0784796882098606,double_logistic,0.9679181232033404,0.0194567131055255,0.9841353884683112,0.0715587534792286,0.3442409120703013,130.03367368095363,0.2126469595869584,275.98537359567234,0.0479611219632355,162.75,0.2712339175997836,119.75,130.25,140.25,322.0,276.25,231.5,True,,220.96875,328.5,172,146.0,1519.7278562000001,828.2248400000001,188.60590640394088,13.682635467980294,430.0958076000001,1099.2438486,689.33555,1099.7344341,550.37765,13.948419391531512
CZ-Stn,2022,NIRv,25,9,15.0,6,6,0.0784796882098606,double_logistic,0.9793118924956764,0.0168643932975092,0.9898507258341004,0.0771549994414796,0.3381527965351943,115.4781830242626,0.2228634656674298,266.1309169642193,0.0441099390396081,146.5,0.2594121381636757,105.75,115.5,125.25,316.25,266.5,217.75,True,,220.96875,328.5,172,151.0,1552.1531567,972.84427,192.76196208530808,14.608971563981045,555.992504,1008.1913526999999,521.7208600000001,1010.0747156,549.95164,14.692158062927444
CZ-Stn,2023,NIRv,24,13,16.0,7,6,0.0784796882098606,double_logistic,0.9629554778327504,0.0213046961260773,0.9818329294856027,0.0712811251391162,0.3532563934295477,117.294753878288,0.1120776573637353,287.1514601141155,0.0374814447810407,167.25,0.2778189925880396,97.75,117.25,136.0,346.25,288.0,232.25,True,,220.96875,328.5,172,170.75,1755.0434412500001,1037.5285900000001,166.74938554216868,13.21512048192771,625.7772669999999,1144.64827425,667.59493,1141.653728,556.36756,13.905547470829687
CZ-Stn,2024,NIRv,27,18,23.0,1,15,0.0784796882098606,double_logistic,0.9618607533242216,0.017233258900911,0.9810020933776114,0.0785672852900227,0.3519160981785335,117.10353502763996,0.1046687912899832,276.6501287856693,0.0333009410907618,164.25,0.2650731322069313,96.25,116.75,136.5,343.75,278.5,219.0,True,,220.96875,328.5,173,161.75,1611.82132881,864.9216200000001,173.4931983805668,13.925198380566803,607.748047,1017.2937818099999,508.6662800000001,1011.04971481,518.73198,14.628501864448653
DE-Gri,2017,NDVI,14,11,11.0,11,18,0.5736473984818655,double_logistic,0.8781024548506142,0.0309693931726783,0.9553893271478884,0.6018879055965884,0.8534123133883755,97.6017581757876,0.1161923523128528,284.98633906043926,0.1578567755603588,204.5,0.2515226297896229,78.75,97.75,116.75,299.0,285.0,271.25,True,,,,172,187.25,1753.8192490000001,1562.58364,178.4110407239819,13.248339366515836,808.5835289999999,947.55755,855.1007600000002,,,11.503177125625353
DE-Gri,2021,NDVI,25,16,12.0,6,11,0.5736473984818655,double_logistic,0.8093323569238031,0.0427300125086686,0.903427561118828,0.5863482560984374,0.8182514604588617,105.50422517002328,0.092098789985859,300.317418420506,0.1813595176899763,232.25,0.2319002191964878,81.75,105.75,129.5,312.5,300.5,288.25,True,,,,172,194.75,1715.576015,1528.9881300000002,157.07910822510826,12.285770562770562,753.8316830000001,964.3962919999999,907.04719,,,10.396256009899334
DE-Gri,2016,NIRv,20,11,13.0,3,15,0.1457147366784495,double_logistic,0.8597081897010193,0.0297324083606892,0.9293724412060672,0.1793940772136895,0.3880269919814818,114.08947819625864,0.1057782421879258,265.617934000065,0.0655444022624742,174.75,0.2077534321936633,93.5,114.25,134.5,299.25,265.75,232.75,True,,,,173,151.5,1697.9516438999997,1515.53447,180.7405048543689,13.61509223300971,861.594843,848.0183008999998,484.016027,,,14.011653913175918
DE-Gri,2017,NIRv,14,11,11.0,11,18,0.1457147366784495,double_logistic,0.9251031285949872,0.0208345039650773,0.9655401740362766,0.1600448090942783,0.3516342943583467,100.45611453310929,0.1082482153692644,278.60370214138163,0.1055268306053105,188.5,0.1915613571372048,80.25,100.5,120.75,299.5,278.75,258.0,True,,,,172,178.25,1748.350669,1557.23786,179.32991324200916,13.287054794520547,803.114949,947.55755,776.80111,,,12.381078734992261
DE-GsB,2018,NDVI,52,23,38.0,4,6,0.5688711041325463,double_logistic,0.8350757858240367,0.0374147441660102,0.9196345334244116,0.5895460823251537,0.826609134085405,105.0988575634548,0.3581826890285092,164.76684130900094,0.1772192487598529,126.25,0.236684591730635,99.0,105.25,111.25,177.25,165.0,152.5,True,,145.83333333333334,217.16666666666666,172,59.75,653.94865,612.17797,235.78420253164558,15.719278481012653,623.67881,37.19315,,204.733299,,16.171910676043503
DE-GsB,2019,NDVI,42,11,24.0,1,7,0.5688711041325463,double_logistic,0.8521183218034951,0.03095275098279,0.9237886031603272,0.653208772381096,1.105270912161162,96.43495711335969,0.0794094059727452,116.98210742460188,0.0221798828551143,128.25,0.1644674181588288,91.25,101.5,115.5,264.75,184.5,145.5,True,,145.83333333333334,217.16666666666666,172,83.0,1186.35649,1153.3667639999999,214.2875780346821,15.311104046242773,623.47858,575.8264099999999,,326.29213,,15.917809958866464
DE-GsB,2020,NDVI,39,15,23.0,0,9,0.5688711041325463,double_logistic,0.8137568772803747,0.0254377840461348,0.9028248440486925,0.6677317559674696,0.9471625650682176,111.01534772497368,0.158241394580832,144.20837653445108,0.0421735600652,128.0,0.1678902282538109,102.75,111.0,120.0,209.5,164.25,139.5,True,,145.83333333333334,217.16666666666666,173,53.25,772.758567,731.63967,224.87978504672893,14.293794392523363,520.435587,257.59899,,312.57241,,15.653785478512019
DE-GsB,2016,NIRv,20,12,14.0,4,20,0.1565094110254541,double_logistic,0.8861796256314932,0.0182778611776833,0.941459054903096,0.1895372060978113,0.5269846031161803,102.3095701463743,0.0733016053513383,148.18374993839717,0.0209205377908877,136.5,0.1637906900807844,89.0,103.75,121.25,290.5,202.5,157.0,True,,151.0,247.5625,173,98.75,1313.0521789999998,1380.18599,196.54973267326733,14.853683168316829,714.3900100000001,603.176259,,464.1406,,16.300175275608645
DE-GsB,2018,NIRv,52,23,37.0,4,6,0.1565094110254541,double_logistic,0.9683083084635606,0.0116998994773425,0.9840538381261388,0.1643732674294181,0.3593264321989685,110.32514047345582,0.2531034423827208,168.02337245322454,0.0962659462635161,129.0,0.1887912130130612,101.75,110.25,118.25,191.25,168.75,148.25,True,,151.0,247.5625,172,58.5,709.3164200000001,667.2064700000001,247.3866888888889,16.1911,608.9607200000002,107.27901,,305.71171899999996,,16.025074391881375
DE-GsB,2019,NIRv,42,11,23.0,1,7,0.1565094110254541,double_logistic,0.9366861609648934,0.0158264303485679,0.9685662186270052,0.1898803273599641,0.5466821669709004,105.74809341028336,0.0753469226320557,137.02268622979054,0.0239547633321467,137.0,0.1475181917905578,95.25,108.0,123.5,268.25,193.0,154.5,True,,151.0,247.5625,172,85.0,1177.8775799999999,1151.5458639999997,214.60446242774566,15.44657225433526,603.47477,587.3513099999999,,493.7601,,16.232513317734796
DE-GsB,2020,NIRv,39,15,23.0,0,9,0.1565094110254541,double_logistic,0.9219554597227412,0.0127863102202469,0.9601865813694712,0.1924821784260079,0.3948030450042231,109.93203697205637,0.1520284627245867,153.87878366179922,0.0312165966219364,129.75,0.1280757564607707,102.0,110.75,120.5,240.25,178.75,144.25,True,,151.0,247.5625,173,68.0,965.8832100000001,969.37493,221.12056834532373,15.611143884892087,527.383887,443.775333,,484.29176300000006,,15.866076237325569
DE-Hai,2016,NDVI,23,15,15.0,4,12,0.5343710427795508,double_logistic,0.9799452154163172,0.0190906057547948,0.990008668993664,0.5457202505068759,0.8787754308722218,118.46736500067416,0.1015579154547865,301.4898626250938,0.058854005971112,189.0,0.3323540887188044,97.0,118.5,140.0,339.0,301.75,264.75,True,,274.28125,325.0,173,183.25,1588.85943563,956.93958,155.2467037037037,12.173897119341564,544.440642,1056.91059363,899.9543899999999,1056.68763453,969.4588199999998,11.933375586868305
DE-Hai,2018,NDVI,41,18,28.0,9,3,0.5343710427795508,double_logistic,0.9310438878944118,0.0296570339299653,0.9697925440952796,0.544499941319084,0.8943169341876577,110.1530755628475,0.2892961994586459,305.6855452146883,0.0605082929832706,148.5,0.3497857772402856,102.75,110.25,117.75,342.0,305.75,269.5,True,,274.28125,325.0,172,195.5,1104.897424,614.5036895,171.5599083333333,14.295204166666668,586.484261,528.673263,412.38205,508.4577739,425.18361,11.617158412640302
DE-Hai,2019,NDVI,36,12,19.0,2,8,0.5343710427795508,double_logistic,0.9370586767288946,0.0329224203607763,0.9702577077007832,0.5501140383321778,0.8838583767500103,113.57018010455278,0.2427618748431995,299.496887396658,0.0590951342477528,154.75,0.3336648051295581,104.75,113.75,122.75,336.75,299.75,262.5,True,,274.28125,325.0,172,186.0,1308.9160938999999,770.2664500000001,165.35193965517243,13.209771551724138,429.57703699999996,890.7000569000002,795.2843699999999,890.6002335000001,846.0852000000001,12.08327957081945
DE-Hai,2020,NDVI,43,21,23.0,1,12,0.5343710427795508,double_logistic,0.9810970915722206,0.019436129228545,0.9906657547584105,0.5539360082521971,0.8903893548110592,116.3013656705235,0.1892200383946384,297.61379881616347,0.0848734438966108,175.25,0.3364381415952016,104.75,116.5,128.0,323.75,297.75,271.75,True,,274.28125,325.0,173,181.25,1032.5942662,474.7975942,175.05277168949772,13.896867579908674,366.21637999999996,676.0906962,608.8997400000001,676.5713153,620.76508,11.467687119317185
DE-Hai,2021,NDVI,34,14,16.0,5,0,0.5343710427795508,double_logistic,0.9486915924140246,0.0346824189103818,0.9764644356999806,0.5580997034128556,0.8910953211192769,133.472480528443,0.4402216815247757,301.5162792209694,0.1313076042111731,174.25,0.3329955939762354,128.5,133.5,138.5,318.25,301.75,285.0,True,,274.28125,325.0,172,168.25,1107.446578,508.47166999999996,159.23727368421055,13.805884210526315,257.26474999999994,860.3628280000001,846.0098000000002,860.3628280000001,798.91246,10.597738276078685
DE-Hai,2022,NDVI,44,17,21.0,5,6,0.5343710427795508,double_logistic,0.9713233769440842,0.026334731713437,0.9859594466883428,0.5397450850532517,0.8803652625829343,117.06369074951056,0.2150757781951321,298.0941536836253,0.0907151227816862,173.5,0.3406141510365403,107.0,117.25,127.5,322.5,298.25,274.0,True,,274.28125,325.0,172,181.0,1423.1901303,901.658843,182.4183888888889,14.840689814814814,541.5730100000001,893.8453202999999,814.0964500000001,893.0257912999999,814.0964500000001,11.318550442643293
DE-Hai,2023,NDVI,38,12,13.0,3,5,0.5343710427795508,double_logistic,0.9790623516871624,0.0186798338061512,0.989738731428407,0.5629202062700688,0.8816339793446362,125.49803530501909,0.2267638045621211,294.72268794788204,0.1444151422091492,192.5,0.318713569110555,116.0,125.5,135.25,310.0,294.75,279.75,True,,274.28125,325.0,172,169.25,1570.223216,756.13835,185.08905641025643,14.971528205128205,464.16038000000003,1117.965036,1030.00868,1120.8124068,998.99581,10.939648616395715
DE-Hai,2024,NDVI,33,18,18.0,6,4,0.5343710427795508,double_logistic,0.9836942751515948,0.0179022064722776,0.9922239794777092,0.5506982976742614,0.8807300565778978,117.07823602651372,0.2361100831126964,297.1965362544844,0.2117570710539752,202.5,0.3300317576837774,108.0,117.25,126.5,307.75,297.25,287.0,True,,274.28125,325.0,173,180.0,1244.7701324,520.6444747999999,185.188355,14.358059999999998,500.07372,753.3351624000001,749.7954270000001,751.9658105000001,725.6682599999999,10.468842569344714
DE-Hai,2016,NIRv,23,15,16.0,4,12,0.077884263370696,double_logistic,0.9722023609276516,0.0164828508205485,0.9860896788291242,0.069290524338742,0.370396026850831,125.78432370149557,0.0818831345345806,269.4729862974901,0.0349891498440676,176.5,0.28523866914422,98.75,125.0,148.75,334.0,272.5,219.25,True,,218.625,334.78125,173,147.5,1585.27601563,941.7258799999998,157.72024152542372,12.47865677966102,542.0262869999999,1055.74152863,548.82199,1055.74152863,538.55679,14.821311388002371
DE-Hai,2017,NIRv,19,8,11.0,5,14,0.077884263370696,double_logistic,0.9855411412803629,0.0147643396121318,0.992845074565394,0.0862119856442192,0.3989276630541338,134.33793649498293,0.3274053465719729,266.2802155711878,0.0460140601867311,156.0,0.3105121199007131,127.75,134.5,141.0,314.25,266.75,220.25,True,,218.625,334.78125,172,132.25,1626.8971336,760.202103,165.03486631016042,14.436048128342247,468.23832000000004,1173.3048136,631.4198999999999,1176.0667987,604.7037,14.765153645491644
DE-Hai,2018,NIRv,41,18,29.0,9,3,0.077884263370696,double_logistic,0.9792260942489835,0.0156806322068722,0.9896229623144398,0.0788202268270653,0.4107516368589619,114.62080751049724,0.185520109551956,274.6396367924547,0.0253932734428298,143.5,0.3189051458233908,103.5,114.75,125.75,363.0,277.75,201.75,True,,218.625,334.78125,172,163.0,1106.63889,614.80114436,159.52720769230768,13.248761538461538,585.524469,531.374521,212.69225999999995,524.496628,283.15970999999996,15.684154849559073
DE-Hai,2019,NIRv,36,12,18.0,2,8,0.077884263370696,double_logistic,0.9810070671726796,0.0143939453055158,0.9905227878126992,0.0809345297179421,0.3597252684531198,120.11975953273335,0.1362206834312024,273.3477942336659,0.0320751799305083,158.25,0.2704717080516489,104.25,120.0,135.25,343.0,275.25,213.25,True,,218.625,334.78125,172,155.25,1309.2520518,783.61148,161.3141087866109,12.90228451882845,429.57703699999996,891.0360148000001,428.26534000000004,891.0907929000001,477.0821,15.144780689341223
DE-Hai,2020,NIRv,43,21,24.0,1,12,0.077884263370696,double_logistic,0.9765786321559128,0.0183935103483075,0.9887480393250409,0.0730095590313606,0.3647846890646194,120.64334436541084,0.1520380000113528,277.0174926933209,0.0543512309473012,166.75,0.2907855618657871,106.25,120.75,135.0,317.75,277.25,237.25,True,,218.625,334.78125,173,156.5,1029.6909775,463.9081602000001,178.50009952606635,14.114047393364926,363.81321999999994,675.5905675,455.74615000000006,676.6606159,326.54486,13.738653343936324
DE-Hai,2021,NIRv,34,14,17.0,5,0,0.077884263370696,double_logistic,0.9701370474821146,0.0224926463504562,0.9850631857199372,0.0802243002151927,0.3987639867670898,138.4518203116526,0.1832980854007581,283.15841033322243,0.036832775321315,170.0,0.3127043863286806,126.75,138.5,150.0,343.5,284.25,228.25,True,,218.625,334.78125,172,145.75,1110.898268,512.72701,143.65800921658987,12.367064516129034,260.71644,860.3628280000001,488.34801,860.3628280000001,415.44102,14.296880261233538
DE-Hai,2022,NIRv,44,17,24.0,5,6,0.077884263370696,double_logistic,0.973560792402686,0.0217597982125343,0.986712404347898,0.0773221537028516,0.4083205066418379,122.11441850971882,0.1277481047944164,260.7222385013939,0.0318251852877592,158.75,0.3155442956407235,105.25,122.0,137.75,331.5,263.75,204.25,True,,218.625,334.78125,172,141.75,1424.6903225,925.067843,176.84482743362832,14.28045575221239,542.9417000000001,893.9768225,340.60944000000006,893.7279911999999,465.85563999999994,15.577447659367893
DE-Hai,2024,NIRv,33,18,22.0,6,4,0.077884263370696,double_logistic,0.9524984560279948,0.0236396034982722,0.9763367035423168,0.0776319957530344,0.3713982870365289,118.44367936902292,0.1195557094302231,275.88475055363983,0.0401174759224393,165.0,0.2892503017846921,100.25,118.25,136.0,331.25,276.75,224.75,True,,218.625,334.78125,173,158.5,1262.2895055000001,558.910017185957,168.84022943722945,13.10708658008658,512.4092459999999,758.5190095,469.16576999999995,759.5698885,420.9446,14.505602211486691
DE-HoH,2015,NDVI,14,8,9.0,3,13,0.6203624986274203,double_logistic,0.9936859045525694,0.0095348182143256,0.9968459225455985,0.6203787221349264,0.8635812572313158,118.15783720047445,0.8718306094947478,284.9716830327441,0.9999988749243952,160.5,0.2432025350963894,115.75,118.25,120.75,287.25,285.0,283.0,True,,275.22727272727275,319.25,172,166.75,1710.5390159999997,1132.79416,207.34781976744185,14.97663953488372,639.7055999999999,1084.806916,1074.86903,1127.903155,1036.84163,10.680171531298344
DE-HoH,2016,NDVI,23,11,13.0,3,18,0.6203624986274203,double_logistic,0.9924115478927392,0.0100093443755958,0.9962272081580886,0.617264641312343,0.8960951885100811,125.2658468213878,0.2172116346944603,278.58927458651266,0.0552405705971701,161.5,0.2782919844665554,115.25,125.5,135.5,318.5,278.75,239.25,True,,275.22727272727275,319.25,173,153.25,1759.2965476799998,1136.357859,185.3826157635468,14.549359605911327,635.82477,1141.17077768,827.0305199999999,1140.67391568,1065.292582,13.671467643093072
DE-HoH,2017,NDVI,21,14,17.0,3,14,0.6203624986274203,double_logistic,0.9843178175208326,0.0133075385560397,0.9922389586970698,0.6225826435875399,0.8844240959724695,118.82109745664502,0.2345753938055294,296.3960065503337,0.0788705415328351,167.0,0.2618285391425653,109.5,119.0,128.25,324.5,296.5,268.75,True,,275.22727272727275,319.25,172,177.5,1809.8581367000002,1239.86733,160.2147209302326,13.845372093023256,620.345887,1206.3908497,1067.61492,1203.4448077,1108.0779699999998,11.6547871241094
DE-HoH,2018,NDVI,50,25,39.0,4,3,0.6203624986274203,double_logistic,0.9339633806356747,0.0254584734840387,0.9672138423210878,0.6160679073166662,0.8697313250622725,111.63475480071202,0.4992262047194281,300.7344914098037,0.0701224107066189,138.25,0.2536601299401269,107.25,111.75,116.25,332.25,300.75,269.5,True,,275.22727272727275,319.25,172,189.0,1649.2381172999999,1085.8817829999998,184.31851111111112,15.505786666666665,721.8303500000001,941.5810673,812.31789,937.6716870000001,840.75805,11.603067187848868
DE-HoH,2019,NDVI,34,10,17.0,1,8,0.6203624986274203,double_logistic,0.9668650428439146,0.0192331086203698,0.9836561550885852,0.6207276127204499,0.8473112029857405,113.03220947566976,0.5105676372531286,303.5632813882517,0.1382795702264866,155.75,0.2265835898879713,108.75,113.25,117.5,319.5,303.75,287.75,True,,275.22727272727275,319.25,172,190.5,1741.102357,1444.7750500000002,182.63263507109008,14.944364928909952,644.61868,1111.887477,1052.6730100000002,1111.887477,1000.19816,10.361765805972745
DE-HoH,2020,NDVI,38,13,15.0,0,6,0.6203624986274203,double_logistic,0.983120275707814,0.0149282136509464,0.991526781260942,0.6172571939083858,0.8763029999227702,117.53932804338037,0.2037960102120289,307.2348810987162,0.0815846878818639,175.0,0.2590383332100728,107.0,117.75,128.5,334.25,307.25,280.5,True,,275.22727272727275,319.25,173,189.5,2062.59107791,1674.7187999999996,168.96088157894738,14.182429824561405,769.3082899999999,1307.85448791,1205.56143,1305.62974166,1177.5647599999998,10.84942438841982
DE-HoH,2021,NDVI,34,15,16.0,5,0,0.6203624986274203,double_logistic,0.9741504812838144,0.0182072198488434,0.9876259079170224,0.6193292911844676,0.8759896289933828,129.94425652979982,0.3014940301156122,301.2342649990488,0.1882025005057079,196.75,0.2566603366095896,122.75,130.0,137.25,313.0,301.25,289.75,True,,275.22727272727275,319.25,172,171.25,2114.7756,1762.07869,169.43710994764396,15.549539267015707,694.88496,1440.15304,1397.03827,1441.24838,1337.43457,10.229199241790438
DE-HoH,2022,NDVI,52,21,28.0,0,3,0.6203624986274203,double_logistic,0.9691945457518985,0.0194400042118201,0.984667593552294,0.6187876839367389,0.8633840639443777,121.99259200126748,0.2751588057513311,305.0094531148906,0.0619832860912271,160.0,0.2445588152732747,114.25,122.0,130.0,340.5,305.25,269.75,True,,275.22727272727275,319.25,172,183.25,1762.1980357,1446.743896,178.2566592920354,14.588933628318586,698.84825,1078.8207857,923.64795,1072.8941011,950.56186,11.585832838799881
DE-HoH,2023,NDVI,35,9,15.0,2,12,0.6203624986274203,double_logistic,0.9847922869283326,0.0139542572024024,0.992397357084336,0.618421081282693,0.8686904562419191,125.0270300973937,0.193130389592939,299.47407527642497,0.0934653506452439,184.5,0.2502614160602904,113.75,125.25,136.5,323.0,299.5,276.0,True,,275.22727272727275,319.25,172,174.25,1910.474611,1599.339082,177.79288095238098,15.23160476190476,558.197249,1366.739962,1225.68799,1366.053166,1220.66584,11.15630478591358
DE-HoH,2024,NDVI,43,25,29.0,6,0,0.6203624986274203,double_logistic,0.9795356455279158,0.0157200177010283,0.9897188459043929,0.6200913492267391,0.8712158345004953,119.83209939980804,0.6841846150349163,298.90889384576053,0.1870402194308404,159.75,0.2511244852721632,116.75,120.0,123.25,310.75,299.0,287.25,True,,275.22727272727275,319.25,173,179.0,2021.5759080000003,1625.83363,189.43447422680413,16.138113402061855,657.3034299999999,1377.220978,1302.1264199999998,1384.8691649999998,1244.7770699999999,10.395057659452773
DE-HoH,2025,NDVI,57,19,23.0,6,6,0.6203624986274203,double_logistic,0.9843701945445208,0.01552500305249,0.9922651655381792,0.619322389104188,0.8807682172746537,112.38274497422404,0.2625963058623116,291.9782342022333,0.1364486354682051,175.5,0.2614457788691273,104.25,112.5,121.0,308.25,292.0,276.0,True,,275.22727272727275,319.25,172,179.5,2252.239826,1783.64545,188.26385294117648,15.079799019607846,848.4475300000001,1421.376396,1321.8779900000002,1421.0387415999999,1313.96683,11.15630478591358
DE-HoH,2015,NIRv,14,8,10.0,3,13,0.08546306104255,double_logistic,0.93522024818732,0.0243679036314665,0.9671000073586904,0.0763687360542777,0.3206526139762049,116.08647477242486,0.5445333679687658,279.66812115916724,0.0368630594621993,131.0,0.2431973784785068,112.25,116.25,120.25,339.5,280.0,221.25,True,,221.75,345.275,172,163.75,1774.6687867600003,1305.2765000000002,170.40207929515418,13.303502202643172,650.9178999999999,1137.72438676,606.2589499999999,1138.6687227599998,606.2589499999999,14.812678242948191
DE-HoH,2016,NIRv,23,11,13.0,3,18,0.08546306104255,double_logistic,0.9791103180172004,0.0138487225441981,0.9898121473831571,0.0871607901063668,0.3350155607554211,125.45122473502876,0.164550990391985,269.7542232755713,0.0473085101662889,163.5,0.2457670294709161,112.25,125.5,138.5,316.5,270.25,225.25,True,,221.75,345.275,173,144.75,1768.55504768,1145.080811,187.272387254902,14.561774509803922,645.84054,1140.4135076799998,683.1212299999999,1148.3842738800001,644.89604,14.570712032453525
DE-HoH,2017,NIRv,21,14,17.0,3,14,0.08546306104255,double_logistic,0.9818828432858384,0.0118267587251519,0.9909076634889512,0.082450530326398,0.3154600652143397,114.56195671579364,0.1298592491551266,287.738230222484,0.0497275670847883,168.0,0.2321809861231459,97.75,114.75,131.25,332.25,288.0,244.5,True,,221.75,345.275,172,173.25,1837.0073877,1285.61487,154.07554468085104,13.220229787234041,648.4948019999999,1205.3911857,867.04576,1212.5194347000001,633.9086199999999,13.319828468701662
DE-HoH,2018,NIRv,50,25,39.0,4,3,0.08546306104255,double_logistic,0.9587022309906132,0.0179047321174454,0.9793829273705528,0.0828784766680311,0.3368517733086038,111.98455791265556,0.3113018868509088,283.2424591981225,0.0269083027523956,133.0,0.2492276864401402,105.25,112.0,119.0,365.75,284.75,208.25,True,,221.75,345.275,172,172.75,1648.0696908000002,1140.898533715906,162.96940384615385,14.003596153846155,726.9527100000003,935.2902808,397.08956,940.9801095,512.60143,15.528211756262639
DE-HoH,2019,NIRv,34,10,17.0,1,8,0.08546306104255,double_logistic,0.9746322455984736,0.0138411384698067,0.9872763137649624,0.086379246299905,0.3171200830278896,116.37399401784457,0.1628540818184816,275.6964235153083,0.0251127621616468,148.0,0.2204327688392763,103.5,116.5,129.0,365.25,279.5,203.5,True,,221.75,345.275,172,163.0,1770.9793296999999,1579.42552,155.63479770992367,12.922885496183204,660.7312900000001,1125.6518397,425.68179000000003,1123.1995603,621.9074499999999,15.75445466003225
DE-HoH,2020,NIRv,38,13,17.0,0,6,0.08546306104255,double_logistic,0.9754977054609008,0.0158434588192447,0.9877764291027046,0.0826196929995465,0.3452247734231198,118.22259620155086,0.1428573947341161,289.83193763089656,0.0292162580571898,156.75,0.2562694171028298,103.0,118.25,132.75,366.0,291.5,222.25,True,,221.75,345.275,173,173.25,2086.41959481,1754.6525609999999,152.04154924242422,12.745606060606061,785.2997899999999,1315.69150481,703.24983,1309.05342681,692.68833,14.752978544685233
DE-HoH,2021,NIRv,35,16,22.0,5,0,0.08546306104255,double_logistic,0.9686914478144302,0.0186714967822094,0.9844995741412031,0.081524066593796,0.34392296078582,130.31759091170824,0.1974984419682985,283.9466828179922,0.0447855910016882,164.75,0.2608525140962157,119.25,130.5,141.25,333.25,284.25,236.25,True,,221.75,345.275,172,153.75,2136.81579319,1822.4416899999999,155.5769579439252,14.40477570093458,711.30688,1445.77131319,953.57142,1446.0460784900001,795.5916200000001,13.86954656231446
DE-HoH,2022,NIRv,53,22,29.0,0,3,0.08546306104255,double_logistic,0.9760532941688014,0.0152234434324615,0.9880101164032692,0.085392874153437,0.3346195036290234,120.13262128756324,0.1606717590291001,281.53471231222915,0.0313888844159051,155.25,0.2437021906267215,106.75,120.25,133.25,352.5,283.0,218.25,True,,221.75,345.275,172,162.75,1764.3023657,1469.8912280000002,171.75096747967478,13.54350406504065,717.0664400000001,1062.7069257000003,558.04362,1083.6747157,587.9397100000001,14.988289747539921
DE-HoH,2024,NIRv,43,25,30.0,6,0,0.08546306104255,double_logistic,0.9779143101254922,0.0136061845145271,0.9889209322085328,0.0843468111057376,0.325586561627109,118.05464055897886,0.2893289542617667,282.9084962884395,0.0322476389607773,141.5,0.2384693708098348,110.75,118.25,125.5,351.5,283.75,218.25,True,,221.75,345.275,173,165.5,2079.5991774,1670.328781129284,160.5487012448133,13.772360995850622,682.5030399999999,1410.0446374,750.34317,1402.354191,788.08207,14.988289747539921
DE-HoH,2025,NIRv,57,19,27.0,6,6,0.08546306104255,double_logistic,0.9835408268859162,0.0141494923591391,0.9917800505718412,0.0842509071430207,0.3482145736015282,113.44511845957518,0.1589812032436301,273.4730081060766,0.0389201519253956,152.0,0.2610754463306224,99.75,113.5,127.0,330.25,274.25,219.75,True,,221.75,345.275,172,160.75,2265.5230677,1872.6908700000001,175.37709523809522,14.046796536796538,860.40657,1422.7005977,727.1057,1429.5830907,753.4995,14.901160113778785
DE-Hzd,2022,NDVI,35,12,18.0,5,10,0.6942243542008517,double_logistic,0.8033450896409529,0.0261366993727502,0.9032676309353264,0.6965687378414881,0.8271867646276204,135.88396588387687,0.999999999999979,290.0501339151008,0.1083580452383987,153.0,0.1306179755708911,133.75,136.0,138.25,310.5,290.25,270.0,True,,280.6666666666667,331.75,172,154.25,1231.247243,1003.3748810000001,176.25246327683615,16.640158192090396,380.77255,862.223993,723.0174359999999,881.6562327000001,780.1036760000001,11.585630629191607
DE-Hzd,2023,NDVI,28,12,12.0,6,7,0.6942243542008517,double_logistic,0.9463006646336842,0.0145859629779138,0.9732512701828924,0.7005173830901107,0.8520102114346891,139.96287738800456,0.1828228230878431,315.17137929939645,0.1620247080019367,222.75,0.1514927403333638,128.0,140.0,152.0,328.75,315.25,301.75,True,,280.6666666666667,331.75,172,175.25,1386.68497003,1112.8979430943632,169.1608855721393,15.884169154228855,176.5910596,1220.91401043,1178.86185,1221.96594143,1102.9542300000003,9.56388035681999
DE-Hzd,2025,NDVI,51,21,25.0,3,3,0.6942243542008517,double_logistic,0.8872122746210279,0.0233575002675765,0.9441134405710736,0.6971615219357064,0.8573465303975959,123.09076863373124,0.1307697692251542,312.89021348585305,0.0510920256160751,181.5,0.1599134900849127,106.5,123.25,140.0,356.0,313.0,270.25,True,,280.6666666666667,331.75,172,189.75,1964.9170411999999,1701.28576,151.55468,13.22836,577.13831,1405.7941311999998,1235.878268,1389.627256,1281.9508179999998,11.569083984632496
DE-Hzd,2015,NIRv,16,10,10.0,3,11,0.1106221838278537,double_logistic,0.9655635443209076,0.0073333335583937,0.9836938811701902,0.1094213842092245,0.2250563303712522,127.36630431371805,0.1561831888397216,254.55411912471584,0.0326518290879219,158.0,0.1099369720617957,113.75,127.25,140.25,323.75,257.75,200.25,True,,211.13636363636363,330.52272727272725,172,130.5,1466.3435845,1658.7941495132818,166.52602857142858,13.894195238095238,367.815289,1110.5823954999998,422.36322,1110.6162034999998,548.46832,15.728248586444101
DE-Hzd,2016,NIRv,19,11,11.0,2,15,0.1106221838278537,double_logistic,0.977858837334546,0.0061498157855279,0.9889805223213702,0.1049077942698687,0.2539988390766103,136.2753951129327,0.0761755046071018,251.65637173575345,0.0330890345117492,179.75,0.1312096794459677,107.0,134.25,157.75,322.5,259.0,210.75,True,,211.13636363636363,330.52272727272725,173,124.75,2110.36653462,2338.5973400000003,159.6079537037037,13.223495370370369,527.8814700000001,1599.5165646199998,543.3075799999999,1637.6488426199999,562.48318,15.257571737481689
DE-Hzd,2017,NIRv,15,8,8.0,7,19,0.1106221838278537,double_logistic,0.9454292322999396,0.0084200290400716,0.9774127337938956,0.1130094375281491,0.2371900618288478,133.46972579913222,0.0934748646833346,249.0386081534696,0.0314734583212951,172.25,0.1107867304741996,110.25,132.25,152.0,323.0,256.0,204.25,True,,211.13636363636363,330.52272727272725,172,123.75,798.8123231999999,848.025712,155.62018779342722,14.426478873239438,,798.8123231999999,36.54489,803.5006112,97.84334,15.561572612043761
DE-Hzd,2018,NIRv,48,22,25.0,1,0,0.1106221838278537,double_logistic,0.9667511274908784,0.007643383864528,0.9833160586374264,0.1088559916306605,0.2239592126981705,121.65811368586442,0.1381075698950834,266.5149679795686,0.0349512715458459,159.0,0.1118195443036118,106.0,121.5,136.5,330.5,268.25,211.25,True,,211.13636363636363,330.52272727272725,172,146.75,1508.3724598,1341.2918173284602,175.4070888888889,15.669164444444444,602.39527,916.5539898000001,382.00353000000007,916.5539898000001,382.00353000000007,15.23266635753065
DE-Hzd,2019,NIRv,41,18,22.0,6,0,0.1106221838278537,double_logistic,0.953795879677685,0.0087181646435325,0.9771769134101984,0.1110752880727281,0.2209325316126716,123.33986951713872,0.1449439717096444,272.20099517561164,0.0326859616338342,159.25,0.1065859684911287,108.5,123.25,137.5,340.5,274.25,213.25,True,,211.13636363636363,330.52272727272725,172,151.0,1550.837294,1383.566111,167.58577586206897,14.342754310344828,533.4378220000001,1039.816072,476.92945,1030.743604,457.40635,15.131076209066885
DE-Hzd,2020,NIRv,40,20,22.0,0,6,0.1106221838278537,double_logistic,0.9326141943110324,0.0107225846831049,0.965767401960984,0.1078547798203471,0.2197783115037705,131.1898752569259,0.0977672184608848,267.66444808942816,0.0393617033108212,177.25,0.1075993147671555,108.5,130.75,151.25,324.75,269.75,220.5,True,,211.13636363636363,330.52272727272725,173,139.0,1131.6466674,1009.984087,161.1694212962963,14.62575925925926,217.4749388,923.2438086,462.53371000000004,925.9534145999999,388.84015000000005,14.739202769643052
DE-Hzd,2021,NIRv,26,17,17.0,4,12,0.1106221838278537,double_logistic,0.9437262563827432,0.0110257355111689,0.9716428460529408,0.1097364455992352,0.24343388573093,136.8844431899781,0.1705728780534012,270.7954078342276,0.0383846831357542,168.75,0.1305083100970442,124.25,136.75,149.25,328.75,272.25,219.25,True,,211.13636363636363,330.52272727272725,172,135.5,1554.4593028999998,1289.607716,151.86423039215686,14.166313725490195,405.36528999999996,1161.9455129,554.7150899999999,1163.2199749000001,463.9715,14.809160519424333
DE-Hzd,2022,NIRv,35,12,18.0,5,10,0.1106221838278537,double_logistic,0.9618389997827648,0.0107422562232251,0.98172791353972,0.1104847114024108,0.2584597745050251,130.9153219859219,0.1468188273556288,251.48506459102248,0.0304825320564202,161.0,0.1373873141812598,116.75,130.75,144.0,326.5,256.25,198.25,True,,211.13636363636363,330.52272727272725,172,125.5,1308.2271617000001,1112.04792,171.30535714285713,15.601419047619046,443.66496099999995,876.3115007000001,343.45671,880.1560327000002,461.85585000000003,15.805049329474416
DE-Hzd,2023,NIRv,28,12,13.0,6,7,0.1106221838278537,double_logistic,0.9733362035243464,0.009283497153413,0.9868298640062696,0.1097027109645917,0.2712465407665981,133.47437715122763,0.1210652703418641,271.51318484462473,0.0294804467593648,170.5,0.1519138409580347,115.75,133.25,149.5,348.5,275.75,213.75,True,,211.13636363636363,330.52272727272725,172,142.5,1400.76414693,1163.532105494363,157.34644635193135,14.3237339055794,195.4520305,1216.13221643,552.21028,1221.7200794300002,531.85558,15.105202993531782
DE-Hzd,2024,NIRv,45,30,31.0,4,5,0.1106221838278537,double_logistic,0.9689585075159866,0.0077327015986781,0.984452613728354,0.1073964970243082,0.2410116693834406,113.16629235775022,0.0743419727999368,273.8646637759076,0.0359153020905409,172.25,0.1285960034800938,83.25,112.5,139.25,336.25,276.0,222.0,True,,211.13636363636363,330.52272727272725,173,163.5,1422.5376728,1230.94030549158,160.80953754940708,14.543731225296442,492.79497940000005,945.3958934000001,621.2551199999999,940.7954644,549.0845599999999,14.654077880055105
DE-Hzd,2025,NIRv,51,21,31.0,3,3,0.1106221838278537,double_logistic,0.9810536752646498,0.0089697483970768,0.990519967107766,0.109676267162158,0.2757501698698265,123.60392515530712,0.1144824193282548,263.12131094438587,0.0332825296706004,163.75,0.1585488079244045,104.5,123.25,140.75,330.75,266.0,209.0,True,,211.13636363636363,330.52272727272725,172,142.75,1955.0543230000003,1664.751415,164.81549557522126,14.150026548672566,583.96353,1389.1061929999998,540.1182799999999,1389.1061929999998,567.61888,15.343115511316801
DE-Obe,2018,NIRv,25,13,16.0,12,4,0.1130053437546524,double_logistic,0.9458692933037978,0.0048184695785965,0.974210941205146,0.1116116958955847,0.1696720480321445,133.49650942480451,0.1098070481425954,232.73094919864909,0.0498731248923676,169.75,0.0545899681360378,113.25,132.75,150.25,278.25,235.25,198.5,True,,200.09375,285.96875,172,102.5,1114.47094,807.012011,206.2509515151515,15.122430303030303,503.38553999999993,618.56167,223.88665,646.9154199999999,238.44648,15.7696047353614
DE-Obe,2019,NIRv,26,9,11.0,10,3,0.1130053437546524,double_logistic,0.8946613042179007,0.0060058024592175,0.9489908936069898,0.1140049422437474,0.1657240702109924,142.2214687967977,0.1223999628261952,236.24127174646003,0.0448183497921951,174.0,0.0476884902944177,124.25,141.5,157.0,287.5,239.75,201.0,True,,200.09375,285.96875,172,98.25,1113.8471359999999,976.92497,197.04159509202452,13.858533742331288,354.32393,768.8317959999999,265.74321999999995,759.2512059999999,256.06804999999997,15.672985566908537
DE-Obe,2020,NIRv,23,12,12.0,1,10,0.1130053437546524,double_logistic,0.978116099911974,0.002400950549815,0.9891961430865864,0.1132175471773021,0.2146309068548554,161.27788633266692,0.0709411660154735,201.84197126418,0.0436289078109454,184.75,0.0526506292413104,129.0,153.75,172.0,268.25,224.75,199.0,True,,200.09375,285.96875,173,71.0,1171.180464,1006.9975900000001,201.50409285714284,14.243507142857144,357.008104,824.40936,258.19205999999997,881.859359,268.66315999999995,15.750842005202404
DE-Obe,2021,NIRv,16,9,9.0,12,12,0.1130053437546524,double_logistic,0.8781719680128094,0.0082940212445819,0.94268198313272,0.1137782207245966,0.1994432711150373,155.93385936290542,0.1160510520353375,229.800076196926,0.0369384771185032,182.75,0.0692014478419394,138.25,154.75,169.25,295.75,240.5,202.75,True,,200.09375,285.96875,172,85.75,1116.465331,889.39453,156.2248152866242,12.898535031847134,296.53864999999996,830.752481,300.50563,800.3064210000001,281.52281999999997,15.601308899982863
DE-Obe,2022,NIRv,26,9,15.0,8,3,0.1130053437546524,double_logistic,0.8525849683198896,0.0098087416627469,0.9268903411809918,0.1139887248560409,0.1868815494581439,140.10954142632193,0.1813997906995554,215.6363560033956,0.0444657158739039,161.75,0.0653979879713682,128.75,139.75,150.25,267.75,220.5,183.5,True,,200.09375,285.96875,172,80.75,1197.1323300000001,985.2723100000001,194.88234532374102,14.643755395683451,431.20075,776.87438,105.73066,877.70178,281.99118000000004,16.184219602380125
DE-Obe,2023,NIRv,22,11,12.0,10,11,0.1130053437546524,double_logistic,0.9755950961727404,0.0033267630356336,0.987760623200868,0.114394436087413,0.2629840182222666,155.35698522768644,0.061768844726395,202.78700583970425,0.0320092396540912,185.0,0.0743684038479073,123.75,149.0,169.75,294.75,236.0,202.75,True,,200.09375,285.96875,172,87.0,1467.4443220000003,1191.50579,187.28683040935675,14.071590643274854,376.65018999999995,1098.3437119999996,347.07357,1059.418152,323.03817000000004,15.601308899982863
DE-Obe,2024,NIRv,30,16,19.0,9,7,0.1130053437546524,double_logistic,0.9197974062150452,0.005218006852898,0.9598871520145448,0.1121832020970731,0.1658131360564212,126.69211624164946,0.0823874325631995,244.8484803910105,0.0579602907625726,178.0,0.0517676058559946,99.75,126.0,150.25,283.5,246.25,212.25,True,,200.09375,285.96875,173,120.25,1494.745015,1217.90528,176.29223913043478,13.37441304347826,601.2446110000001,903.2805539999998,461.64657,909.754234,318.99509,15.160958947210133
DE-Obe,2025,NIRv,38,19,22.0,5,3,0.1130053437546524,double_logistic,0.9307727341624884,0.0083311186777032,0.966323494287587,0.1124878659541527,0.2114386095583471,140.1802259228036,0.0916748282516585,236.4713446012825,0.0317806755529845,175.0,0.0827598815549563,117.0,138.5,157.5,312.0,247.0,201.0,True,,200.09375,285.96875,172,108.5,1845.2547949999998,1540.5123399999998,166.49739795918367,11.658500000000002,608.04458,1252.220115,386.47781000000003,1162.1481350000001,368.45921000000004,15.672985566908537
DE-RuC,2016,NIRv,14,13,13.0,6,22,0.1191971007735488,double_logistic,0.9810295681759,0.0028189497248878,0.9910196061297596,0.1176371424686583,0.2285768739239377,142.01083184588,0.1060362909378764,217.6922620626624,0.0330100370588233,170.5,0.0864829432110183,123.5,140.75,156.25,292.75,231.5,191.0,True,,204.95,307.25,173,90.75,919.4037400000001,1049.82548,170.76957396449706,13.602266272189349,320.03331,607.37209,138.79672,631.23849,223.56353000000001,15.970281639402796
DE-RuC,2017,NIRv,12,4,4.0,6,17,0.1191971007735488,double_logistic,0.9901821800457692,0.0032148402324381,0.9951418975405192,0.1194173887519707,0.2022618782095089,140.57807745499835,0.0976609382302784,270.9715443112922,0.0994586687331997,206.25,0.0825764945865492,118.25,140.75,163.0,293.25,271.25,249.25,True,,204.95,307.25,172,130.5,863.95095,982.59788,174.12547999999998,13.525765714285715,269.88696,601.67796,452.73724999999996,625.29209,214.41635,12.942235238420409
DE-RuC,2018,NIRv,27,13,18.0,1,14,0.1191971007735488,double_logistic,0.8596326357993933,0.0108551750475455,0.9389728716450714,0.1225858004799915,0.2128766823701721,130.52453300162003,0.1213479187116439,219.31811547975173,0.0398618824145333,160.25,0.0800774759479934,112.75,129.75,144.75,278.0,225.25,184.75,True,,204.95,307.25,172,95.5,982.4459180000001,914.4327299999999,202.49358433734938,14.859897590361445,435.2293,554.893488,113.38658000000001,603.354871,264.12288000000007,16.115244077715996
DE-RuC,2019,NIRv,18,7,10.0,5,7,0.1191971007735488,double_logistic,0.9600905447124536,0.0067420727093221,0.9803292927619198,0.1192240252104593,0.223134319074978,141.56688280950817,0.1038773795250073,234.24432493485293,0.0300049070723787,173.25,0.0858196540928585,122.25,140.5,157.25,314.5,246.0,198.5,True,,204.95,307.25,172,105.5,868.340682,889.7452000000001,167.33303645833334,12.772713541666667,298.85873000000004,578.022172,206.6573,570.75766,244.21475999999998,15.72844038203895
DE-RuC,2020,NIRv,22,11,11.0,1,13,0.1191971007735488,double_logistic,0.9027781864801468,0.0096636058343987,0.9531942225596208,0.1208829506459829,0.200475767864609,133.20831540414824,0.0774961502368322,249.22174756018373,0.0379610631713852,178.25,0.0721985832054811,104.25,131.5,155.0,310.0,254.25,209.5,True,,204.95,307.25,173,122.75,947.6219150000001,955.2982200000001,179.55317475728154,12.803922330097087,318.52853000000005,636.0197549999999,230.03640000000004,632.2138649999999,210.11180000000002,15.26134335922633
DE-RuC,2021,NIRv,16,7,7.0,6,13,0.1191971007735488,double_logistic,0.9971169221175462,0.0018363805459276,0.998594196071108,0.1187960293382054,0.2198647586169375,152.2033081069806,0.0998322793171117,255.2833721783955,0.0452869834264284,190.25,0.093803559715494,130.0,151.25,170.25,305.75,258.5,219.25,True,,204.95,307.25,172,107.25,1103.852058,1047.01541,159.4207215909091,12.996005681818183,283.68147999999997,826.813318,415.18831,828.5676539,297.63273,14.76131838648129
DE-RuC,2022,NIRv,24,9,11.0,5,15,0.1191971007735488,double_logistic,0.9826812506260838,0.0041831597899662,0.9916468780447768,0.1191824176396378,0.2112590632845186,132.23641345923718,0.1613268304151559,246.40981494468667,0.033449048259727,160.25,0.0861992898550585,119.25,132.0,144.5,314.5,250.25,196.5,True,,204.95,307.25,172,118.25,997.242608,840.6344299999998,184.64772307692309,14.205769230769231,361.21274999999997,644.234028,207.20047,635.882288,265.25981,15.799648157945592
DE-RuC,2023,NIRv,23,7,10.0,4,8,0.1191971007735488,double_logistic,0.9720081296429948,0.0058526287775672,0.9862334976194296,0.1208730721133768,0.2458650357164654,138.8248893370646,0.0810789785069677,221.9685718809343,0.0256491201602355,173.25,0.089922278799739,116.0,137.0,156.25,321.75,244.5,196.75,True,,204.95,307.25,172,107.5,1022.2449170000001,894.17003,174.2148737864078,13.628907766990293,343.0533,687.7420970000001,185.59136,677.7678940000001,236.53914,15.79100339529544
DE-RuC,2024,NIRv,16,11,12.0,3,26,0.1191971007735488,double_logistic,0.9768921568425608,0.0033891715320959,0.9885405822815196,0.1170869001922648,0.2729447282981692,143.62129251235032,0.033310956029797,222.06600921251524,0.0272871105223707,185.0,0.0829205672052322,64.5,122.0,160.25,326.0,255.0,211.25,True,,204.95,307.25,173,133.0,1373.022502,1329.199716,150.6569541984733,11.650717557251909,506.61554599999994,875.074066,323.52024000000006,846.5617000000001,275.30876,15.176761436798456
DE-RuC,2025,NIRv,36,8,14.0,3,8,0.1191971007735488,double_logistic,0.9888322071113792,0.0048146599052393,0.994508229138491,0.1198457731067321,0.2486262275385803,132.34216296569406,0.1164100627959372,236.134436320352,0.0294849011581742,164.0,0.111911806272714,114.75,131.75,147.25,316.0,245.25,192.75,True,,204.95,307.25,172,113.5,1213.5612310000001,947.75953,180.6093366336634,13.265306930693072,437.98481,784.741911,191.23911999999999,770.7157609999999,301.78695999999997,15.920157404050103
DE-RuR,2018,NIRv,22,12,20.0,7,14,0.2023272981465275,double_logistic,0.8802568907443302,0.0188955981611428,0.93870242943243,0.2402303207400954,0.52442648249597,107.89292257257011,0.8905227955991656,138.76565582456143,0.025769999027802,113.5,0.1848751102213549,107.5,108.75,110.75,242.25,167.25,125.5,True,,162.5,290.25,172,58.5,1325.22021,1040.35958,232.72632592592592,15.551229629629631,737.5469499999999,592.3578600000001,,841.4124,,14.75983082697501
DE-RuR,2019,NIRv,18,8,11.0,4,9,0.2023272981465275,double_logistic,0.8895575277780199,0.0189045698053202,0.9445926800991724,0.1981657097728475,0.4089289793213682,100.6290943074976,0.0760419334204946,215.95979523959204,0.0234986675204755,142.0,0.1705443973473205,74.0,99.0,121.25,319.5,232.5,173.25,True,,162.5,290.25,172,133.5,2026.825461,1868.2623099999998,173.93373577235772,11.571154471544714,944.33278,1092.822881,22.2413,1012.9851299999999,,16.251157139881375
DE-RuR,2020,NIRv,22,10,15.0,1,13,0.2023272981465275,double_logistic,0.8365969947667287,0.0244341688512057,0.9147854039987048,0.203741894687719,0.3481758511973361,104.61352512879284,0.2097008655075292,245.54465676122692,0.0350917383317886,132.25,0.1413354617531319,94.5,104.75,114.75,309.0,247.0,188.75,True,,162.5,290.25,173,142.25,1829.5090300000002,1539.9168699999998,193.8019581395349,12.898716279069767,845.6702,998.58233,199.24063,951.47072,,16.047587899963524
DE-RuW,2016,NIRv,14,13,13.0,5,22,0.1054570259105678,double_logistic,0.9773321007351908,0.0036438236276085,0.9897294027237344,0.1028926645102893,0.2047361919004332,137.3413838089053,0.0937411040424195,236.8805101011049,0.0305407792214313,172.25,0.0857007708905406,115.0,136.0,154.5,315.25,247.5,199.25,True,,207.30555555555554,321.55555555555554,173,111.5,1713.10446,1460.92456,164.12142786069654,13.064452736318408,500.57747000000006,1220.96939,321.5072,1238.903068,463.7827,15.700814335503305
DE-RuW,2017,NIRv,12,3,4.0,3,21,0.1054570259105678,double_logistic,0.9096537770703268,0.010123933447472,0.957522413890913,0.1062678145251977,0.2000669465777086,135.3311527594126,0.0860911830468743,261.35822670120933,0.0351907105550844,179.75,0.0867703230600006,109.5,134.25,156.25,326.25,265.75,215.75,True,,207.30555555555554,321.55555555555554,172,131.5,1721.93338,1345.4883829999999,161.6227142857143,12.632654377880185,602.49177,1132.35741,466.88527000000005,1125.68588,362.01118,14.948677592391618
DE-RuW,2018,NIRv,29,14,19.0,1,9,0.1054570259105678,double_logistic,0.810713604464691,0.013410690183374,0.9140583524989716,0.1133323608187736,0.2041094512095511,126.25152114911688,0.1049038242277277,232.80919760507385,0.0370404649015284,162.0,0.0825473311053556,105.5,125.25,143.25,295.0,237.75,192.0,True,,207.30555555555554,321.55555555555554,172,112.5,1473.3197196,1290.6021460000002,211.46292631578942,15.723668421052633,537.275619,948.5361005999999,164.65003000000002,1027.0018122,307.60607,15.942411547819058
DE-RuW,2019,NIRv,18,7,10.0,4,7,0.1054570259105678,double_logistic,0.9663696358351728,0.006652489786994,0.9833632120986668,0.1082426476873065,0.2305520678316271,137.4391851542875,0.0753615109098198,239.30955252100705,0.0239396710125739,176.5,0.0939435145524239,111.25,135.5,157.0,343.25,259.25,204.5,True,,207.30555555555554,321.55555555555554,172,123.75,1733.6544906999998,1409.401549058828,167.61406465517243,12.861603448275861,521.718831,1225.8856597,371.1647899999999,1185.782327,394.11403999999993,15.48863512794424
DE-RuW,2020,NIRv,22,12,12.0,1,13,0.1054570259105678,double_logistic,0.931559778798102,0.0076330114781231,0.9661106214807524,0.1060496270826051,0.1993206353509044,123.60888106603814,0.0459279034676557,255.4558816136497,0.0377010622963578,185.75,0.0819075015474644,73.0,119.0,155.75,317.5,262.0,218.25,True,,207.30555555555554,321.55555555555554,173,143.0,1511.272488,1275.9756217999998,201.71795918367346,12.554224489795917,615.9199100000001,902.7506679999999,404.48043000000007,913.006619,320.7623700000001,14.815770748094362
DE-RuW,2021,NIRv,17,8,8.0,7,8,0.1054570259105678,double_logistic,0.9897320016318442,0.0034279762799683,0.9951041860186624,0.1101758721919873,0.2208223158542694,150.97340437648748,0.0728423638662366,253.13996661007948,0.0412185654252601,193.5,0.0971435648489666,119.75,148.5,172.25,310.0,259.25,220.25,True,,207.30555555555554,321.55555555555554,172,110.75,2036.4457750000001,1821.5963189999998,159.0712827225131,12.240874345549738,637.8658400000002,1412.2596350000001,704.76332,1448.212977,540.0392400000001,14.706647099548361
DE-RuW,2022,NIRv,23,8,8.0,5,16,0.1054570259105678,double_logistic,0.9828129916390608,0.0043858207654008,0.991568313716918,0.1093806090893994,0.2131878482968012,130.99572768880284,0.0904568752501421,246.57471571194716,0.0291594877789381,169.75,0.0907945449068266,107.25,129.75,149.75,327.0,255.25,201.5,True,,207.30555555555554,321.55555555555554,172,125.5,1863.616109,1745.8888810457038,181.9321909090909,13.363359090909093,701.8244999999998,1173.212509,336.45484000000005,1154.081679,428.34518,15.61341959917614
DE-RuW,2023,NIRv,22,6,7.0,5,7,0.1054570259105678,double_logistic,0.9845196973475338,0.0045571858267771,0.9922386888792574,0.1113958098567004,0.2456295643921867,136.68719783520774,0.0662136310581455,224.9022921334892,0.0252894387813817,175.5,0.094781099686969,106.5,133.25,156.5,327.0,248.75,200.5,True,,207.30555555555554,321.55555555555554,172,115.5,2142.3129119999994,2035.5663474492042,174.11545701357468,12.710615384615386,612.4447,1544.941112,367.80688999999995,1519.9275220000002,446.61391999999995,15.652940069186704
DE-RuW,2024,NIRv,16,10,11.0,3,26,0.1054570259105678,double_logistic,0.9853318422663516,0.0028367153813084,0.9931018344502188,0.1054953355265321,0.2870493596450025,146.1501353785535,0.0289742343558234,222.9746947402655,0.0262781690396496,186.25,0.0881997344476232,50.75,117.25,159.75,332.75,259.25,213.75,True,,207.30555555555554,321.55555555555554,173,142.0,2383.7387256,2135.761011,147.57202482269503,10.82463829787234,918.4168093999999,1475.4816161999997,672.81072,1440.726603,557.27552,15.051973294757788
DE-Tha,2017,NDVI,18,12,13.0,9,12,0.6934592675810658,double_logistic,0.8975240768081978,0.0219807844948442,0.95120496741635,0.7010825036081819,0.8718692857164242,137.11855059292927,1.0,286.76057990411863,0.0957725554101719,152.25,0.1707863021008575,135.0,137.25,139.5,309.75,287.0,264.0,True,,269.5,311.25,172,149.75,1278.137764,826.6622500000001,179.58054285714286,15.836519999999998,345.67819,943.719274,776.0355500000001,945.650531,801.22543,11.983412765304518
DE-Tha,2018,NDVI,53,27,40.0,1,0,0.6934592675810658,double_logistic,0.8985635178808494,0.0216607741757691,0.948872885172596,0.6929906049846275,0.8459455274229407,112.2575147051902,1.0,296.4092829650455,0.0697642264112629,126.75,0.152953737615469,110.25,112.5,114.5,328.0,296.5,265.0,True,,269.5,311.25,172,184.0,1206.5620040000001,867.9005199999999,181.92677064220183,15.944683486238532,527.37321,686.479934,516.52873,663.5861110000001,532.5534499999999,11.917066350451858
DE-Tha,2020,NDVI,39,18,21.0,0,7,0.6934592675810658,double_logistic,0.9695478435457232,0.0118070315642833,0.9848260401390432,0.697401398484307,0.8501939070704502,123.74601752649464,0.3008363028521597,290.9406636392308,0.0540680753257433,154.0,0.1526825198580678,116.5,123.75,131.25,331.75,291.0,250.5,True,,269.5,311.25,173,167.25,1085.101577,816.14221,170.05108372093028,14.504027906976743,407.86452999999995,686.3294070000001,414.58288999999996,646.540397,511.25603,12.875934218898202
DE-Tha,2021,NDVI,30,16,22.0,7,12,0.6934592675810658,double_logistic,0.9348871043895728,0.0185092819809829,0.9675208445785108,0.6960460563649026,0.8597029754350174,131.57550536249994,0.9892777961210716,295.2980566803333,0.1214849787193012,151.25,0.1636569143825545,129.5,131.75,134.0,313.5,295.5,277.25,True,,269.5,311.25,172,163.75,1452.043616,930.4574700000001,173.86139673913044,15.080489130434783,400.49127,1061.453696,940.42636,1056.674776,902.6473000000001,11.107664936679388
DE-Tha,2022,NDVI,41,16,17.0,4,4,0.6934592675810658,double_logistic,0.9450742816737752,0.0165736798394622,0.9726376181110792,0.6943778525695251,0.8484906036458322,127.49592398841844,0.2499645479971971,286.8939546069949,0.1338055194190376,184.75,0.1541124785147867,118.75,127.5,136.5,303.5,287.0,270.5,True,,269.5,311.25,172,159.5,1274.01652,871.1602,197.98435675675677,16.74888108108108,488.67274999999995,796.4121700000001,656.06163,818.4907410000001,650.4912300000001,11.552560056670071
DE-Tha,2023,NDVI,33,15,15.0,5,3,0.6934592675810658,double_logistic,0.9482903717579486,0.0164035342060437,0.9748589756689328,0.6950369043108574,0.8656300748153533,137.04964975185297,0.2045625874798012,286.28480033739135,0.1532004871680653,201.75,0.1705924606933969,126.5,137.25,148.0,300.75,286.5,272.0,True,,269.5,311.25,172,149.25,1353.364393,824.04869,202.07282758620693,17.161856321839082,407.37416,957.7793330000001,842.7747100000001,989.4601930000001,831.3031100000001,11.453381862943035
DE-Tha,2024,NDVI,51,31,28.0,2,0,0.6934592675810658,double_logistic,0.8590602373948055,0.025757056399752,0.9316724780872536,0.6983627255109779,0.8428321463789988,120.36789626428892,0.3822262602768137,289.2946643522392,0.9999998486168044,213.75,0.1444694208680209,114.75,120.5,126.25,291.5,289.5,287.25,True,,269.5,311.25,173,169.0,1325.5655299999999,777.0174299999999,200.69214124293785,17.10162711864407,519.99621,814.47001,795.97668,881.277394,717.88747,10.459306784687106
DE-Tha,2015,NIRv,15,8,9.0,3,13,0.0975243156781867,double_logistic,0.9764388960687516,0.0080362684300259,0.9881876639116104,0.0967840037595308,0.266788606546171,121.72159749219357,0.1689208812987286,262.7541893456525,0.0281783454898632,151.25,0.16181363414464,109.25,121.75,133.75,342.75,266.25,199.5,True,,208.125,337.15,172,144.5,1391.221416,946.85827,165.86186695278968,13.768047210300429,538.5613699999999,861.7937059999999,227.66356000000002,853.305496,301.30239000000006,15.757403476288903
DE-Tha,2016,NIRv,21,12,13.0,3,16,0.0975243156781867,double_logistic,0.9350380472577268,0.0143746123531973,0.9685643316230118,0.0899801915122623,0.2610636617675114,126.35143361037488,0.1027603320891979,266.2378859688032,0.0342075158631954,169.75,0.1630452187279286,105.0,126.0,145.25,332.25,269.0,213.75,True,,208.125,337.15,173,143.0,1520.953465,1080.78151,162.1716140350877,13.587364035087719,601.4510699999998,928.943585,403.35371999999995,932.518763,362.10776999999996,15.105060692068824
DE-Tha,2017,NIRv,18,12,12.0,9,12,0.0975243156781867,double_logistic,0.965722282684088,0.0102506294571488,0.983411031810805,0.0956037141003025,0.2765064930102365,128.95990997818424,0.1116111012396251,258.0119552831586,0.0302462004746544,166.25,0.1675154405355396,109.75,128.5,145.75,333.5,263.0,204.75,True,,208.125,337.15,172,134.5,1455.3078950000001,941.94007,162.34914285714285,13.775236607142856,494.42467999999997,972.1429149999999,308.60316,974.109525,340.13573,15.539416457939032
DE-Tha,2018,NIRv,53,27,35.0,1,0,0.0975243156781867,double_logistic,0.969588206142026,0.0104857476878012,0.9847499584453384,0.0964565024659538,0.2592113371592325,115.94235465514272,0.1793414399782921,268.452978213944,0.0334054944357585,148.0,0.1593783577995868,104.0,116.0,127.75,335.0,269.75,208.5,True,,208.125,337.15,172,153.75,1249.6622300000001,910.85353,178.18240948275863,15.468568965517239,565.62927,691.3241,281.56672,693.037872,281.56672,15.366922318917677
DE-Tha,2019,NIRv,46,18,25.0,4,0,0.0975243156781867,double_logistic,0.9643300730174044,0.0112056651163797,0.9820959058303536,0.1007100747190846,0.2549971963830735,116.7974745704573,0.2086327735937261,273.5677688548732,0.0340140262471523,146.25,0.151952919875573,106.5,116.75,127.0,338.75,274.5,213.25,True,,208.125,337.15,172,157.75,1293.8065139999999,887.73775,175.39293534482758,14.417241379310346,465.50665999999995,838.621354,337.94965999999994,836.829174,299.92925,15.13093257856625
DE-Tha,2020,NIRv,41,19,22.0,0,7,0.0975243156781867,double_logistic,0.9533103176003568,0.0131192767112949,0.97645608286883,0.1011975500317903,0.262330703088971,121.57045374445094,0.1564916483948742,264.3031890877144,0.036874552407137,156.5,0.1574852323713983,107.75,121.5,135.0,324.75,265.75,210.5,True,,208.125,337.15,173,144.25,1119.683007,832.42751,177.69539631336406,14.702668202764974,453.76072,675.014647,234.98765999999998,692.6303499999999,226.4501,15.269797479517932
DE-Tha,2021,NIRv,30,16,19.0,7,12,0.0975243156781867,double_logistic,0.8778799228702183,0.0250575420743489,0.9370534809066724,0.1012451516059421,0.3061078218582933,132.12668961708084,0.1779338920506309,251.3181935889198,0.024657960835513,157.25,0.184205772274629,121.5,132.25,143.25,345.25,259.75,192.75,True,,208.125,337.15,172,127.5,1532.877348,990.7168320000001,154.03499553571424,13.049973214285714,442.25824,1100.5204580000002,207.21462,1093.064849,372.62144,15.991378844095992
DE-Tha,2022,NIRv,41,16,21.0,4,4,0.0975243156781867,double_logistic,0.9383011912657852,0.0177066371429313,0.9691151378048712,0.1016808432025521,0.2850912198664354,124.53560086473196,0.1809501239794811,260.15859324494625,0.0349806180658824,154.25,0.1781617786022302,112.75,124.5,136.0,324.0,262.0,204.75,True,,208.125,337.15,172,137.5,1349.5348649999999,933.0522880000001,183.92676886792452,15.820268867924527,519.27288,841.330385,285.98188,849.675307,309.69621,15.539416457939032
DE-Tha,2023,NIRv,33,15,18.0,5,3,0.0975243156781867,double_logistic,0.9735222736852566,0.0116575563119663,0.9870026290448624,0.0972424324277767,0.2990969160514671,129.4782265963019,0.1391877007375036,277.0009644955588,0.0266092438504577,163.5,0.1907070397608045,114.5,129.25,143.75,362.0,281.25,211.75,True,,208.125,337.15,172,152.0,1516.2647576,975.165402,159.40465322580644,13.658346774193546,484.9581500000001,1043.0957076,394.69419,1020.4853425000001,365.23226999999997,15.20741321249845
DE-Tha,2024,NIRv,51,31,34.0,2,0,0.0975243156781867,double_logistic,0.9187862378759912,0.0171172660225066,0.958736016804829,0.0982157163968975,0.2618939945323082,110.26936332078228,0.0952077284618882,274.5542692037054,0.0378423484629822,164.0,0.1602441616089205,87.25,110.0,132.0,333.25,275.75,221.75,True,,208.125,337.15,173,165.75,1581.281926,955.05405,172.68814634146344,14.735861788617886,674.80406,915.378556,405.87784999999997,921.1114689999999,304.69928000000004,14.668231106259013
DK-Sor,2016,NDVI,16,6,3.0,5,16,0.5917678539883061,double_logistic,0.9870586003206316,0.0123809036521777,0.9937043525716902,0.6122608714835466,0.881946703070714,127.426639915391,0.2968367319323926,302.99731556875065,0.7915006675405873,247.5,0.2696858315871674,120.25,127.5,135.0,306.0,303.0,300.25,True,,263.92857142857144,338.07142857142856,173,175.5,2188.298201,1497.9565699999998,176.79944623655913,14.179467741935483,833.22839,1374.1800110000001,1364.2206769999998,1386.3699499999998,1186.08461,9.214500316735139
DK-Sor,2017,NDVI,14,5,7.0,4,10,0.5917678539883061,double_logistic,0.971304672926276,0.0179796412869416,0.9859706527441464,0.5920270533393891,0.8814431559397178,126.22408832296676,0.1622687754647372,288.2693686491041,0.0325613213714581,161.75,0.2838833545071489,113.0,126.25,139.25,356.5,289.5,226.5,True,,263.92857142857144,338.07142857142856,172,163.25,2116.4509967999998,1676.7193500000003,134.85584016393443,11.547127049180327,778.89442,1357.3504768,804.1968299999999,1351.0126544000002,1159.6365900000003,14.839242288718212
DK-Sor,2018,NDVI,48,18,31.0,3,13,0.5917678539883061,double_logistic,0.8512054529061029,0.0322640882317648,0.9281832940164544,0.6191103939384158,0.8587555435948673,120.95170437730468,0.3890075202543501,303.1444179757063,0.0639903525018926,150.75,0.2396289904143752,115.5,121.0,126.75,337.5,303.25,269.0,True,,263.92857142857144,338.07142857142856,172,182.25,1846.1366573999999,1326.6710200000002,174.7915135135135,14.194418918918918,816.6264,1043.8484574000001,861.3717899999999,1044.7020834000002,822.18468,11.58942351339278
DK-Sor,2019,NDVI,28,9,14.0,0,9,0.5917678539883061,double_logistic,0.9411671299848732,0.026542310665369,0.9713887108973542,0.6053457882566382,0.8635358664736477,118.05787917093213,0.1985275565735413,301.26701063647624,0.0445422098021264,157.75,0.25766098024284,107.0,118.25,129.25,350.75,301.5,252.5,True,,263.92857142857144,338.07142857142856,172,183.25,2117.488456,1756.9031199999997,148.07316393442622,12.321545081967214,847.03378,1289.8799760000002,1065.3455000000001,1285.5673729000002,1149.7631100000003,12.878436222166576
DK-Sor,2021,NDVI,24,5,7.0,7,13,0.5917678539883061,double_logistic,0.9883187738419498,0.0139093176573456,0.99418058342404,0.591144507594477,0.8795728221522638,130.06985559567633,0.2023323187341623,301.1459814575058,0.0492620595059808,169.25,0.2878902306555531,119.25,130.25,141.0,346.0,301.25,257.0,True,,263.92857142857144,338.07142857142856,172,171.0,2059.80947901,1434.7907,142.17798237885464,12.659607929515419,699.65152,1374.7334590100002,1140.12707,1372.7164945000002,1182.9395299999999,12.527736306192605
DK-Sor,2022,NDVI,41,17,21.0,2,3,0.5917678539883061,double_logistic,0.9323128144702468,0.03044744110644,0.9666418929911846,0.598681906732113,0.8552152771098194,122.4723440594361,0.2538005843458844,305.3487363647043,0.0574228372992016,161.0,0.2564543871995695,114.0,122.5,131.25,343.75,305.5,267.25,True,,263.92857142857144,338.07142857142856,172,183.0,2280.47128614,1711.8670399999999,159.49615217391303,12.97938695652174,872.37261,1427.0443761399997,1237.77596,1426.8373996,1202.17997,11.726217490309839
DK-Sor,2023,NDVI,38,10,12.0,2,13,0.5917678539883061,double_logistic,0.9841462650351376,0.0144603921223867,0.9921946271973492,0.6026705086752067,0.8773293993127333,126.39394258311184,0.2218094315905455,300.3410032626806,0.0862174267250898,178.25,0.2746487482716231,116.5,126.5,136.5,326.0,300.5,275.0,True,,263.92857142857144,338.07142857142856,172,174.0,2215.082724,1505.1812400000001,175.1363,13.576409523809525,757.21104,1477.434084,1342.65429,1479.8079971999998,1244.80237,11.121563777833432
DK-Sor,2016,NIRv,16,6,9.0,5,16,0.1225015140171453,double_logistic,0.9801459934748902,0.0137916749163912,0.9905375130488936,0.1302896741654882,0.3961813269629824,129.22930896274346,0.2564512175476432,268.0485555633718,0.035291199336833,153.0,0.2607865533255047,121.0,129.25,137.5,331.0,269.25,211.0,True,,198.03571428571428,343.7142857142857,173,140.0,2197.3915331,1564.17223,159.70680094786726,12.879729857819905,833.22839,1383.2733431,630.8125999999997,1389.023506,421.7006,15.876697614909757
DK-Sor,2017,NIRv,14,5,9.0,4,10,0.1225015140171453,double_logistic,0.9636288158327224,0.0201437716373286,0.9822655820704042,0.1317151689493074,0.3937155922613146,129.3308356433699,0.186591801793684,243.84947008455464,0.0410091465600555,156.75,0.2532763404283995,117.75,129.25,140.25,298.5,245.5,197.5,True,,198.03571428571428,343.7142857142857,172,116.25,2063.214,1500.9044200000003,170.15292817679557,13.860392265193369,760.1748899999999,1322.83301,429.11708,1353.5014277000002,443.60248,16.606091884136497
DK-Sor,2018,NIRv,48,18,32.0,3,13,0.1225015140171453,double_logistic,0.9065847684398268,0.0273217652549292,0.952587722246108,0.1411955366524683,0.4327609597984983,124.10017841862602,0.1879686084564083,240.2984077437183,0.0195118200053739,147.25,0.2470452218261971,115.5,124.5,134.5,362.5,256.25,180.5,True,,198.03571428571428,343.7142857142857,172,131.75,1857.5491293400003,1379.2317199999998,158.242,13.084995951417003,816.6264,1055.26092934,134.40630000000002,1047.1962874,311.71675999999997,17.146197503244345
DK-Sor,2019,NIRv,28,9,15.0,0,9,0.1225015140171453,double_logistic,0.9800111015446316,0.0115636385041397,0.9899551732237518,0.1313969627599276,0.3738692029651468,120.11362941501844,0.1363433547694825,254.65132204033665,0.0211588223327519,151.25,0.2145935862687944,106.25,120.25,134.0,365.0,265.75,190.25,True,,198.03571428571428,343.7142857142857,172,145.5,2122.9797495000003,1786.9482799999998,140.2189498069498,11.852741312741314,847.03378,1295.3712695000002,351.703,1287.9884959,476.60479999999995,16.8972646615803
DK-Sor,2021,NIRv,24,5,8.0,7,13,0.1225015140171453,double_logistic,0.9628386207562176,0.0203871321642466,0.981864091639193,0.1295720877078646,0.4337658305076395,134.61483037682055,0.1143757633851628,247.9655429817832,0.0229636028130082,167.0,0.2558815582801662,118.25,134.25,150.0,352.0,262.0,198.5,True,,198.03571428571428,343.7142857142857,172,127.75,2068.3597120100003,1454.93077,138.82603846153845,12.469059829059828,704.30854,1378.62667201,439.49636999999996,1374.45640668,439.49636999999996,16.559735336693116
DK-Sor,2022,NIRv,41,17,21.0,2,3,0.1225015140171453,double_logistic,0.9759542346152084,0.0159067760604626,0.98830596636222,0.1256497445980217,0.4267325148101651,126.2339869792372,0.1229638423324453,253.06377864198984,0.0246749277017518,159.25,0.2689087778908786,110.0,126.0,141.25,347.25,262.0,196.0,True,,198.03571428571428,343.7142857142857,172,136.0,2301.58809114,1745.7760600000001,159.0106848739496,12.675747899159665,893.1346299999998,1427.39916114,470.2031,1427.0443761399997,501.7512,16.672952585111076
DK-Sor,2023,NIRv,38,10,14.0,2,13,0.1225015140171453,double_logistic,0.9846507978891844,0.0126806460111263,0.9923531247255044,0.1267294140280033,0.4006991535879427,128.64890745448884,0.1563185558656233,274.5385582134282,0.0298429337788285,161.25,0.2632898709246989,115.0,128.5,141.75,349.75,277.25,212.5,True,,198.03571428571428,343.7142857142857,172,148.75,2225.3957282,1550.57278,159.54625531914894,12.193408510638298,761.9025399999999,1483.0555881999999,680.95137,1481.2045192,469.10110000000003,15.783858617122098
ES-LJu,2013,NIRv,15,9,15.0,0,20,0.0423390801104115,double_logistic,0.9749181174145908,0.0016042942165093,0.9874454381642792,0.0429453059620462,0.0927025964318991,110.46783717624224,0.0588913756169498,181.1469134420791,0.0242883266203941,148.25,0.0294682017522317,79.25,106.25,129.75,295.0,216.5,171.25,True,,172.52272727272728,286.22727272727275,172,110.25,,,242.80411574074074,14.869810185185186,,,,,,14.5349006064381
ES-LJu,2014,NIRv,25,8,15.0,0,13,0.0423390801104115,double_logistic,0.9532959381226304,0.0016221075720664,0.9765225306780236,0.0449057790673592,0.0744046505204588,106.31603490029322,0.0692477509673012,180.11643965693042,0.0298931238602297,140.75,0.0200593839219669,76.5,102.25,123.75,267.75,202.25,162.0,True,,172.52272727272728,286.22727272727275,172,100.0,,,265.7024188481675,16.152759162303667,,,,,,14.487691788706552
ES-LJu,2015,NIRv,26,14,19.0,1,7,0.0423390801104115,double_logistic,0.955544486232252,0.0020633732651936,0.9775354688165196,0.0426975486619232,0.0897857288945237,115.8052363036184,0.0648001087218582,179.792787164759,0.0266387256509429,150.0,0.0277949451119576,87.75,112.0,133.25,283.75,212.25,171.0,True,,172.52272727272728,286.22727272727275,172,100.25,,,237.9430663265306,16.877622448979594,,,,,,14.534600031918899
ES-LJu,2016,NIRv,59,30,44.0,0,3,0.0423390801104115,double_logistic,0.8268227955495565,0.002506178444325,0.910402306039763,0.0426268673571656,0.0679653703685652,107.99011403777624,0.0873063776532843,182.6932355647201,0.030023565428758,139.25,0.018377721992741,85.75,106.0,124.0,267.75,201.5,160.25,True,,172.52272727272728,286.22727272727275,173,95.5,,,247.48642857142858,16.26389010989011,,,,,,14.47055291644972
ES-LJu,2017,NIRv,78,50,59.0,2,0,0.0423390801104115,double_logistic,0.8716743679402393,0.002566328582884,0.935362583642795,0.0431926402817972,0.0766912055062465,118.1392442940799,0.0772100529388523,187.3934789913969,0.0240863015138654,151.75,0.0212011098249722,97.25,116.75,135.5,299.5,219.5,173.5,True,,172.52272727272728,286.22727272727275,172,102.75,,,239.91157425742574,17.053633663366337,,,,,,14.535146549743692
ES-LJu,2018,NIRv,79,42,54.0,0,0,0.0423390801104115,double_logistic,0.903902232843864,0.0032596334472468,0.9511059704719718,0.0445487263839434,0.0984443761313537,127.82717607378798,0.0534662213534063,188.05208216006108,0.0231765680161134,166.0,0.0274917924043833,96.75,123.25,147.5,314.25,233.75,188.75,True,,172.52272727272728,286.22727272727275,172,110.5,,,202.20045412844036,14.55106880733945,,,,,,14.421923366363812
ES-LJu,2019,NIRv,109,42,63.0,0,0,0.0423390801104115,double_logistic,0.8473835818337335,0.0030751959860027,0.9207325792879548,0.0461681172333083,0.1005077456450902,118.82682228860251,0.0441220505777768,160.83853442341146,0.0302305364646715,149.0,0.0206264759619888,67.75,104.0,131.0,266.5,204.25,168.75,True,,172.52272727272728,286.22727272727275,172,100.25,,,229.5970100502512,14.969989949748742,,,,,,14.529439537583016
ES-LJu,2020,NIRv,93,44,60.0,2,0,0.0423390801104115,double_logistic,0.8264986088288577,0.0039319794804142,0.9109079020447756,0.0488828628420134,0.1141311975868987,124.06869634804912,0.0512561928495507,160.73064277793253,0.0323527838718564,152.25,0.0246189368284437,84.5,113.5,136.5,260.25,202.5,170.0,True,,172.52272727272728,286.22727272727275,173,89.0,,,229.08451136363635,15.983210227272728,,,,,,14.532851733131789
ES-LJu,2021,NIRv,77,38,50.0,4,0,0.0423390801104115,double_logistic,0.9020329479208112,0.0035784635074519,0.9498644330475008,0.0444502505620186,0.1169509977994462,131.25886314210533,0.0360953262811949,186.00475077781695,0.0276804360198636,165.0,0.0299491556141257,60.25,109.75,143.25,297.5,228.75,188.25,True,,172.52272727272728,286.22727272727275,172,119.0,,,206.18489029535866,14.699827004219411,,,,,,14.428709116327527
ES-LJu,2022,NIRv,102,47,68.0,4,0,0.0423390801104115,double_logistic,0.893587133655116,0.003121658130029,0.9459380132310408,0.0485821143173953,0.1051243551240433,115.87391450175,0.0654605243543122,142.6502722134413,0.0196918091552755,153.0,0.0208263582917808,108.0,120.75,138.0,308.5,218.0,173.25,True,,172.52272727272728,286.22727272727275,172,97.25,,,232.21320895522385,18.09421393034826,,,,,,14.53533785061797
ES-LJu,2024,NIRv,106,50,70.0,0,0,0.0423390801104115,double_logistic,0.8780874166474807,0.0038156884709373,0.937220214571846,0.0440638832006228,0.1196814943745527,110.03688114742344,0.0330823017838515,168.55171315490097,0.025902041245097,145.75,0.0309062566612388,31.25,85.75,122.25,287.75,214.25,170.75,True,,172.52272727272728,286.22727272727275,173,128.5,,,249.54578125000003,15.0015859375,,,,,,14.534244839892953
FI-Hyy,2021,NDVI,16,3,5.0,25,7,0.6588669720724694,double_logistic,0.931364509579114,0.0151313115253766,0.9677805137519732,0.6591336182657384,0.8271758818409182,149.64022801057286,0.1635076727137402,300.1482138528591,0.0589997881961464,194.25,0.1676037146676359,136.25,149.75,163.0,337.5,300.25,263.5,True,,254.58333333333334,337.0833333333333,172,150.5,1046.10832717,855.370971,133.15205970149253,10.775950248756219,295.81320000000005,763.06952717,683.9903499999998,763.06952717,653.97722,12.025134116201926
FI-Hyy,2022,NDVI,16,8,8.0,34,0,0.6588669720724694,double_logistic,0.9447991152413024,0.0156915425707248,0.9732794276990292,0.657873631080914,0.8421957210575258,151.78993890998066,0.2441152153803077,291.2488388117522,0.0651454215448614,185.5,0.1840853215523675,143.0,152.0,160.75,325.0,291.5,257.75,True,,254.58333333333334,337.0833333333333,172,139.5,1112.3690132299998,893.501152,139.86820218579234,11.611311475409835,225.18611,899.37670323,792.2962,901.12787131,780.46859,12.603130713988238
FI-Hyy,2024,NDVI,26,11,13.0,24,3,0.6588669720724694,double_logistic,0.9544273144655904,0.0138050772588574,0.9775640944598714,0.6587480801400825,0.8459243110483561,143.79626691642514,0.1924390731479483,294.158393860738,0.0405236928095762,176.75,0.185253999412748,132.5,143.75,155.0,348.75,294.75,242.5,True,,254.58333333333334,337.0833333333333,173,151.0,1152.4117578999999,846.9420630000001,137.1889166666667,11.431273148148147,320.66863,843.6473279,609.5187,841.2177758999999,688.11285,14.13166794600568
FI-Hyy,2018,NIRv,25,9,14.0,32,0,0.1118635970039765,double_logistic,0.8885429166828941,0.0107991717387586,0.943495341586464,0.1113734523108797,0.1999634729626279,142.1115617799644,0.161914597958017,256.44208423775063,0.0484597404240028,174.25,0.0864855588138211,128.75,142.0,155.0,302.5,257.5,215.75,True,,213.0,304.84375,172,115.5,1101.8003290000001,731.797464,182.72953448275862,13.914666666666667,360.0924399999999,750.6361690000001,376.51213,751.3440331,362.64878,16.725097927744443
FI-Hyy,2019,NIRv,17,6,10.0,30,6,0.1118635970039765,double_logistic,0.9319635464758302,0.0098033470479635,0.9692611486231408,0.1123104978779964,0.1944794236126864,141.66984722942644,0.71124785690785,255.2179617171132,0.0737542225619818,155.25,0.0821121138394385,138.75,141.75,145.0,285.25,255.25,225.75,True,,213.0,304.84375,172,113.5,951.608801,674.79085,171.64221088435374,13.101414965986393,247.35479,713.2089609999999,447.99398999999994,731.737753,354.60215999999997,15.781516449696836
FI-Hyy,2020,NIRv,23,9,10.0,10,6,0.1118635970039765,double_logistic,0.9196270879808284,0.0095123944978361,0.9621137922067202,0.1154874146828534,0.2137336601494965,160.6187118328283,0.1078855545977613,249.47867643816969,0.0371268366716614,191.75,0.0846318013360522,140.75,159.5,175.75,313.25,257.0,215.75,True,,213.0,304.84375,173,97.5,814.8324050000001,776.4196100000001,161.50582080924858,12.893595375722544,185.79405000000003,636.655675,297.90274999999997,631.04493,285.84718999999996,16.725097927744443
FI-Hyy,2021,NIRv,16,3,8.0,25,7,0.1118635970039765,double_logistic,0.9744890713292108,0.004975181682116,0.9871691674994502,0.1116216055954483,0.1948503674499813,151.06371549911862,0.2110781678419583,250.45517414904225,0.045396774125011,174.75,0.0800776400167915,141.0,151.0,160.75,300.0,252.25,209.5,True,,213.0,304.84375,172,101.25,1022.6595889999999,799.80178,161.41596875,13.3498625,277.28293,758.1510589999999,377.35146999999995,761.015418,400.6488499999999,17.283360943316453
FI-Hyy,2022,NIRv,16,8,8.0,34,0,0.1118635970039765,double_logistic,0.9724313271974528,0.0054863646965583,0.9867413961707596,0.1118032901207345,0.2117677534723284,153.25100285801906,0.157345937039403,257.990939421051,0.0459432185378238,183.25,0.0959569931231408,139.5,153.0,166.0,307.0,259.75,218.0,True,,213.0,304.84375,172,106.75,1125.0764621,880.93707,157.24729166666668,12.661988095238096,242.20187,895.0683921,493.94168,893.9563609999999,444.30134,16.51725893755001
FI-Hyy,2023,NIRv,26,8,10.0,35,0,0.1118635970039765,double_logistic,0.9379480997267404,0.0083708627676813,0.9710971569955597,0.1118514644995948,0.255885690180699,154.86114632905716,0.0777015840111271,231.291780645986,0.0296971701412101,188.25,0.1026452173287204,129.0,152.0,171.75,317.75,251.25,209.75,True,,213.0,304.84375,172,99.25,1142.518580012,845.713861,150.93167195767194,11.733783068783069,339.09481,812.269160012,355.1439500000001,810.0180668,384.41537999999997,17.26166375158688
FI-Hyy,2024,NIRv,26,11,13.0,24,3,0.1118635970039765,double_logistic,0.9453963799790314,0.0076408777722911,0.9726595168187288,0.1120792224512415,0.2161966674084116,144.70401749185174,0.1909792310477467,253.09265712105287,0.0363347633821428,169.75,0.0984466202687519,133.75,144.75,155.25,315.5,256.25,205.25,True,,213.0,304.84375,173,111.5,1143.298073,804.97119,160.78859340659344,13.601802197802199,316.58099,838.621283,301.89698999999996,828.9923269999999,377.08344000000005,17.64235267515026
FI-Hyy,2025,NIRv,21,5,8.0,24,4,0.1118635970039765,double_logistic,0.9371025441860892,0.008953974359592,0.9684463268590068,0.1121402317144104,0.2385298303139938,153.7733550427878,0.0908965294089009,228.03157902391527,0.0358656568687607,184.0,0.0971766748176877,130.5,151.5,169.0,297.5,241.25,204.25,True,,213.0,304.84375,172,89.75,1068.37307,721.6798100000001,160.29792215568864,13.172790419161679,284.12587,785.7318000000001,280.47435,789.570054,359.50592,17.723823937430534
FI-Let,2016,NDVI,14,5,5.0,21,8,0.6713185383427926,double_logistic,0.965319635561818,0.0119398824699226,0.9825805776461748,0.6720448358468311,0.806973546281992,145.75485286065324,0.2327963417105686,288.164231928962,0.1659034165755353,205.75,0.134928438807755,136.5,146.0,155.25,301.5,288.25,275.0,True,,279.8333333333333,336.4166666666667,173,142.25,807.4634079999998,926.6466300000001,149.6413272727273,12.542854545454546,220.47153,594.3477780000001,559.2602750000001,601.3873804218,570.6127050000001,10.924969239165756
FI-Let,2018,NDVI,28,12,15.0,35,0,0.6713185383427926,double_logistic,0.8926492134795132,0.0169762640500937,0.9448454853469426,0.6689515742444976,0.8142808136036883,141.71572519606798,0.2084978918668471,308.1948303907538,0.0595580811695079,183.5,0.1452188697414114,131.25,141.75,152.25,345.25,308.25,271.5,True,,279.8333333333333,336.4166666666667,172,166.5,817.25152782,924.2630849999999,136.5117242990654,11.717364485981308,87.516678,733.73375982,665.4675720000001,733.16082302,686.5956620000002,11.25907176165419
FI-Let,2024,NDVI,39,15,15.0,22,3,0.6713185383427926,double_logistic,0.8407425006755431,0.0208979875185217,0.919607626585401,0.6711882487823769,0.7954607610337077,149.62258263923485,0.1759391486810568,327.6512237633684,0.0631256115993337,201.0,0.1242158822631095,137.25,149.75,162.25,362.5,327.75,293.0,True,,279.8333333333333,336.4166666666667,173,178.0,625.022411646,850.2377299999999,119.99977777777778,10.888853333333333,186.36164,438.660771646,394.23400699999996,430.92633299999994,362.0958299999999,9.223036921353017
FI-Let,2016,NIRv,14,5,6.0,21,8,0.1129786450812336,double_logistic,0.9877752647821604,0.0035877002483631,0.9947082506361994,0.1122168885026938,0.2187493084696259,144.62570247405773,0.15771130363602,251.36402162182915,0.038900049325546,173.25,0.1005088297730999,131.0,144.5,157.0,309.75,254.5,207.0,True,,223.05555555555554,301.19444444444446,173,110.0,835.007703,969.6557700000001,145.87822905027934,11.985614525139665,244.33253000000002,598.031073,249.51235000000003,594.3477780000001,355.02448999999996,17.176860569138007
FI-Let,2017,NIRv,18,6,7.0,14,5,0.1129786450812336,double_logistic,0.9348026472023636,0.0086078531790091,0.9676159164281974,0.1127929986463541,0.2275506016228385,161.21992251875622,0.0851922855233618,242.17327352475772,0.0430338567831834,194.75,0.0953256129850386,134.5,158.5,178.25,298.0,250.25,216.0,True,,223.05555555555554,301.19444444444446,172,91.75,1044.675743,930.8800500000001,150.7603048780488,11.752256097560975,166.51111,886.9668329999998,455.30886999999996,889.3774549999999,531.18551,16.442290711151795
FI-Let,2018,NIRv,28,12,15.0,35,0,0.1129786450812336,double_logistic,0.9271403958820847,0.0086230633848535,0.9638390401975976,0.11254568872041,0.2003152679332444,142.33684880001616,0.1406956665563618,268.2359283391424,0.0681796883740021,187.0,0.0872623516968625,126.75,142.5,157.75,300.75,268.5,237.0,True,,223.05555555555554,301.19444444444446,172,126.0,814.431568,859.951491,173.95294252873563,14.427068965517238,98.618168,719.8123099999999,514.44774,720.6251649999999,425.22757999999993,14.543273222421236
FI-Let,2019,NIRv,26,7,7.0,24,8,0.1129786450812336,double_logistic,0.9312434616318244,0.0099188822523822,0.9691015022103336,0.113996851752789,0.203119286189299,152.19944894876525,0.1331739971256301,256.2104974244108,0.0765860857960844,192.75,0.0880365272814252,135.75,152.25,168.0,285.25,256.75,229.25,True,,223.05555555555554,301.19444444444446,172,104.5,945.935577,934.94192,174.60363333333333,13.6628,78.96175,878.856127,578.71005,888.1964368000001,513.11523,15.262890787506189
FI-Let,2020,NIRv,34,10,10.0,4,6,0.1129786450812336,double_logistic,0.9714246326110406,0.0071471280038842,0.9865902322193704,0.1136723513743592,0.2094033337862685,158.3522659929398,0.1433051890117715,266.0555389630608,0.065995199394505,196.0,0.0943675107923929,143.0,158.25,173.0,299.75,266.5,235.0,True,,223.05555555555554,301.19444444444446,173,108.25,1185.6863059999998,988.8338399999999,171.97555414012743,13.824095541401276,246.15474000000003,951.6488659999999,676.7098100000001,952.018578,547.1019200000001,14.730328308808685
FI-Let,2021,NIRv,23,8,11.0,25,7,0.1129786450812336,double_logistic,0.9046733498115096,0.0126017682506243,0.9550575764111132,0.1134286499256487,0.2183550439301205,155.17444235054964,0.1009394259816256,255.9206419206369,0.0477612197958835,193.0,0.0977189541580499,133.0,154.25,173.0,303.75,259.0,221.5,True,,223.05555555555554,301.19444444444446,172,104.75,1298.0101260000001,1142.05487,167.20788888888887,13.602122807017542,394.88649999999996,919.5083260000001,572.13767,917.047769,591.4170599999999,15.96324834355073
FI-Let,2022,NIRv,19,8,8.0,32,9,0.1129786450812336,double_logistic,0.8674534226906931,0.0138001861898736,0.9474270487688526,0.1146463418063784,0.2370431958432416,155.53305204384964,0.1016720829261784,257.82308017761284,0.0382133953764433,191.25,0.1103251775713582,134.0,154.5,172.5,318.5,263.0,219.5,True,,223.05555555555554,301.19444444444446,172,108.5,1125.895337,1079.77726,153.78284324324326,12.609237837837837,283.63016,855.383677,514.636015,842.2401169999999,552.2580350000002,16.139519119611382
FI-Let,2023,NIRv,44,14,14.0,32,0,0.1129786450812336,double_logistic,0.84343865097466,0.0137434827120725,0.9237105795681718,0.114054114700033,0.2458244602178402,159.42630395465372,0.0590507741820885,244.1440565649129,0.0473426394274566,199.75,0.1062661415846754,119.0,153.75,180.25,295.5,252.25,220.75,True,,223.05555555555554,301.19444444444446,172,98.5,1164.7077677,1034.36742,173.07742937853104,13.277446327683617,338.55096,834.9166277000002,481.41679,839.8405027,507.95519,16.029602720411674
FI-Let,2024,NIRv,39,15,16.0,22,3,0.1129786450812336,double_logistic,0.9640168542893548,0.0060172048481932,0.9824440189754148,0.1167815064212737,0.205349273829989,146.154606692913,0.1526835638772092,258.4152369285688,0.0542282211861898,180.75,0.0868264135772535,131.75,146.0,159.75,299.5,259.25,221.5,True,,223.05555555555554,301.19444444444446,173,113.25,616.673345,712.49761,165.24170833333332,14.538791666666665,212.65024,404.02310499999993,56.58768,405.552663,69.38494,15.96324834355073
FI-Var,2016,NDVI,16,9,6.0,34,0,0.6443344261083783,double_logistic,0.8995503390613997,0.0143926783804753,0.9498926110983588,0.6442579807610971,0.7539415603180593,162.14856374613117,0.4292722748526511,286.719660427795,0.4519204897982514,226.0,0.1096835795566926,157.25,162.25,167.5,291.75,286.75,282.0,True,,266.1875,297.0625,173,124.5,413.791415,409.08914400000003,112.05217910447762,9.518947761194031,51.20581,367.22991499999995,363.06426,368.14919330000004,348.184592,9.58611238292765
FI-Var,2020,NDVI,17,6,4.0,52,3,0.6443344261083783,double_logistic,0.953186686759646,0.0082168483791941,0.9767777221258912,0.642927738830419,0.765225024747059,194.47707334478565,0.0823683835140376,263.68638278514527,0.0666970582327912,227.0,0.1046987343217399,166.0,191.5,211.5,299.25,268.0,244.25,True,,266.1875,297.0625,173,76.5,402.77636200000006,401.05625,116.65973880597014,9.128492537313432,28.86596,377.775022,297.68234689999997,377.63028239999994,356.78936689999995,14.581260303412057
FI-Var,2021,NDVI,16,6,4.0,45,3,0.6443344261083783,double_logistic,0.9122467611373428,0.0105437147240254,0.9551755597013208,0.6440849804151482,0.7194425920003251,164.8486184083089,0.6501676527164274,288.07240320916344,0.9999793780157388,218.5,0.0753576115851769,161.5,165.0,168.25,290.5,288.25,286.0,True,,266.1875,297.0625,172,123.25,380.0712345,331.932975,118.1485503875969,9.008875968992248,24.507122999999996,355.79090949999994,353.7662125,356.7036595000001,340.205959,9.049031610063347
FI-Var,2023,NDVI,23,8,6.0,58,0,0.6443344261083783,double_logistic,0.8563408745804179,0.0113310609328212,0.926018496267972,0.6435251217494947,0.7404425099169843,175.02617641962368,0.0931155694921099,277.83999799452124,0.0773409321444818,222.75,0.0944430653715283,151.25,174.5,196.5,306.75,278.5,252.5,True,,266.1875,297.0625,172,104.0,527.5701178899999,489.245242,114.8924129032258,7.908393548387096,91.53562,438.88209789,399.1981905,438.5000327999999,424.6377314999999,13.48290148038549
FI-Var,2016,NIRv,16,9,12.0,34,0,0.0935156438785995,double_logistic,0.9090562305450456,0.0078761177581388,0.95376733629634,0.0940792918189779,0.1512848919840128,160.64333989693426,0.9947182225408584,244.82121292321423,0.1041630392926068,170.75,0.057177642986242,158.5,160.75,163.0,266.0,245.0,224.0,True,,230.4,267.85,173,84.25,391.708662,369.20518999999996,130.42587037037038,11.088268518518522,48.16838,348.184592,244.06214,349.158415,261.06551,17.372732403978993
FI-Var,2021,NIRv,16,6,4.0,45,3,0.0935156438785995,double_logistic,0.8306718937658571,0.0072683738563217,0.9150747762282244,0.0930753479329417,0.1380235002969947,169.74245314982105,0.1144268155858302,247.4619709178544,0.1462347423092931,212.5,0.0443444980254174,150.5,169.75,188.0,262.75,247.75,233.5,True,,230.4,267.85,172,78.0,383.021,296.45997,154.566,10.906696428571431,51.548809000000006,331.698989,257.517424,341.218679,248.648024,16.040776392646713
FI-Var,2023,NIRv,23,8,8.0,58,0,0.0935156438785995,double_logistic,0.9295531991547992,0.0049446187958722,0.9651843386798435,0.0930953305224466,0.1463463024153556,165.7334087789369,0.1239670253427174,250.1961771257771,0.1147180806231353,206.75,0.0525612509348647,148.0,165.75,182.5,269.5,250.5,232.25,True,,230.4,267.85,172,84.75,530.3372115,450.17783199999997,143.78532786885248,10.967081967213115,104.25788,428.92693149999997,324.86993999999993,426.4067715,311.85990999999996,16.213368246031617
FI-Var,2024,NIRv,28,22,21.0,40,0,0.0935156438785995,double_logistic,0.8609149550082789,0.0077863370859651,0.9290576177068368,0.0929189411764741,0.1529093942737097,166.45403652211746,0.1037529370743035,247.2489959516874,0.0745236001959555,202.25,0.0565360698840964,144.75,165.5,183.75,277.75,249.0,224.0,True,,230.4,267.85,173,83.5,517.928364,466.79783,155.70059398496238,12.954736842105262,117.18032999999998,406.11672400000003,260.11652000000004,395.004677,284.71698000000004,17.372732403978993
FI-Var,2025,NIRv,23,13,5.0,40,0,0.0935156438785995,double_logistic,0.9550378841868428,0.0040688762808274,0.9777216558299736,0.0931404337218303,0.1594150993621721,183.39432179149324,0.0594117537643189,249.03436935001767,0.1572346927511384,226.0,0.0596649148841026,144.5,180.25,208.0,263.25,250.0,238.25,True,,230.4,267.85,172,69.75,506.057356,412.65603,146.4590420168068,11.864470588235292,104.776071,406.739575,330.80242499999997,413.437275,306.46415,15.39088902283765
FR-Bil,2018,NIRv,24,13,18.0,0,8,,double_logistic,0.9721111730937552,0.0034657304081858,0.9859713703768672,0.1356932135408849,0.1908925255330145,140.75129351307945,0.1454834336402826,225.0296952861486,0.060787982484168,170.0,0.0525471942000334,125.5,140.25,154.0,262.25,226.75,195.75,True,,,,172,86.5,986.1383699999999,762.73731,248.21989051094891,19.824204379562044,452.87595,543.14761,250.9397,,,15.050187289950525
FR-FBn,2013,NIRv,18,11,13.0,0,14,0.1205623731893066,double_logistic,0.8854590281452109,0.0049725037048279,0.9415487012565475,0.1250895642235067,0.18466684758028,126.09006872360791,0.0563365087227381,228.89440028608757,0.019367696129338,172.25,0.0405485412339365,93.25,123.0,149.75,364.25,263.0,202.5,True,,211.4,341.9,172,140.0,1279.285296,791.502306,228.10794464944652,15.90178966789668,511.89975200000003,774.6024339999999,205.73569999999998,725.143397,246.30728,14.726900122721618
FR-FBn,2014,NIRv,24,10,14.0,0,14,0.1205623731893066,double_logistic,0.8276679299594043,0.0067175880049705,0.9114880108463194,0.1223992364297563,0.1600233708823589,114.18159672176834,0.1026541418896375,276.17585849819204,0.0400255630477323,166.25,0.036989061208895,92.75,114.0,134.5,331.75,277.25,225.25,True,,211.4,341.9,172,163.25,1280.1770508999998,856.03254,229.83804184100418,17.536104602510456,584.86301,703.8378109,251.07242000000002,726.9934579,208.85487,13.866054606417947
FR-FBn,2015,NIRv,23,8,12.0,0,11,0.1205623731893066,double_logistic,0.9468646431574128,0.0049701146620945,0.9733854415900792,0.1224529694354551,0.1735272294743582,120.0701112033518,0.1230640388569294,281.79859360276623,0.0322470507941785,162.5,0.0497327026638674,102.5,120.0,136.75,351.0,283.5,221.25,True,,211.4,341.9,172,163.5,1270.451567,963.56475,228.8558514056225,17.59933333333333,539.8533000000001,737.838767,238.56445,700.2174669999999,207.4672,14.037970663105549
FR-FBn,2016,NIRv,38,19,25.0,0,5,0.1205623731893066,double_logistic,0.8394675097758015,0.004783738352195,0.9170323379724572,0.1213158364219381,0.1484421785253532,111.3706242485312,0.1728483350014459,269.7099139326414,0.039432663516677,147.75,0.0268566193491877,98.75,111.5,123.75,325.75,270.25,216.5,True,,211.4,341.9,173,158.75,17.40063,12.677769999999999,239.4723392070485,17.626167400881055,17.40063,,,9.3221,,14.23239587799742
FR-FBn,2018,NIRv,46,19,29.0,1,3,0.1205623731893066,double_logistic,0.8925268922259952,0.0054156501639926,0.9462301423718866,0.1306383562610233,0.1676199289042055,114.22103194995168,0.180682634655585,271.7066385867,0.0485550531792211,153.25,0.0368324458695508,102.25,114.25,126.25,317.25,272.0,227.5,True,,211.4,341.9,172,157.75,1435.695918,1001.6394400000001,229.8618046511628,19.261995348837207,605.4171699999999,838.482108,391.70788,929.0324780000001,302.82264000000004,13.766468437770666
FR-FBn,2020,NIRv,45,19,23.0,0,3,0.1205623731893066,double_logistic,0.9263739435132556,0.0056564386675863,0.9630633131263828,0.1244404040378557,0.199602242606457,132.36013968167376,0.0619015721403326,240.66160024798515,0.0229127437024597,176.75,0.0565211250869721,99.25,129.0,154.75,350.25,262.75,206.5,True,,211.4,341.9,173,133.75,1392.598121,950.1814499999999,221.67143027888443,17.01151792828685,670.35609,732.412331,231.37178,709.1372839999999,251.40147,14.599347948022148
FR-FBn,2021,NIRv,64,35,37.0,0,0,0.1205623731893066,double_logistic,0.8155590362339191,0.0070483996573678,0.9036791259729356,0.126540379967932,0.1841725196269668,122.67859036644622,0.0518402750028472,241.5713563520661,0.0246068683429744,173.25,0.0446822621744109,79.5,117.5,148.25,342.25,260.25,205.0,True,,211.4,341.9,172,142.75,1256.637781,820.2217700000001,221.22901901140685,16.440730038022814,685.34383,580.3649009999999,169.88071,575.179771,185.37255,14.648599313932078
FR-FBn,2022,NIRv,78,35,45.0,0,0,0.1205623731893066,double_logistic,0.8215080579596903,0.0048319890264778,0.907172072436799,0.1211715816581083,0.154160152775071,109.6755973943832,0.0755117680134607,250.74252636685185,0.0230633715082047,156.25,0.0286849453825677,81.75,108.25,132.0,352.75,262.25,195.0,True,,211.4,341.9,172,154.0,1289.0323210000001,872.22021,222.71923616236163,17.995439114391143,586.2861899999999,706.4155410000001,72.49642,669.705637,103.61934,14.93082185088299
FR-FBn,2023,NIRv,86,42,48.0,0,0,0.1205623731893066,double_logistic,0.8768786090800588,0.0043815594022159,0.9374382407398014,0.1205764087361345,0.1545722877128799,127.92254874129452,0.0689692062913414,282.69798443822106,0.0284351855247337,183.0,0.0313654226613071,95.75,126.5,153.75,363.25,288.25,226.75,True,,211.4,341.9,172,161.75,1274.3018395,1026.87877,216.91356716417909,17.575033582089553,553.44795,729.3376795,228.24760000000003,664.8573755,194.57853,13.799878941154025
FR-FBn,2024,NIRv,73,36,48.0,0,0,0.1205623731893066,double_logistic,0.816033996015429,0.0066114995620498,0.9051875105176151,0.1237921542963978,0.1679346762365703,115.02675016908056,0.0957578919959238,237.3339923025273,0.0280034248886075,153.75,0.0392095578840095,93.0,114.0,133.25,320.5,245.5,187.75,True,,211.4,341.9,173,131.5,1275.910438,934.79309,238.25142543859647,18.79669298245614,619.5781199999999,663.466338,103.80564999999999,729.914638,213.02394,15.078559478007946
FR-Pue,2015,NIRv,15,8,10.0,0,19,0.1188453764077987,double_logistic,0.9874009146088448,0.0048492782602549,0.9938538308874338,0.1205715286063803,0.2428283956851908,124.23873517941745,0.0762421003445378,260.3105902663679,0.0282503178595254,171.5,0.1098176659458469,95.5,122.75,146.75,342.5,267.75,209.0,True,,216.0909090909091,333.29545454545456,172,145.0,1358.708411,1120.67614,223.91379757085025,17.701157894736845,484.33606100000003,884.49665,199.84274000000002,861.919944,223.28107,14.559763154362082
FR-Pue,2016,NIRv,24,10,13.0,1,8,0.1188453764077987,double_logistic,0.8189692148678269,0.0101806835695256,0.911116905568662,0.1325299755610533,0.2201148121507327,126.93708085238256,0.0439788489048399,240.6552161898269,0.0259313072740622,179.25,0.0648017224866584,73.5,118.75,153.25,338.25,260.75,209.5,True,,216.0909090909091,333.29545454545456,173,142.0,1190.715276,1046.57565,216.05049433962262,16.729037735849055,696.5936399999999,501.025036,183.23906999999997,493.566856,201.70186,14.541763042540753
FR-Pue,2017,NIRv,38,20,25.0,0,3,0.1188453764077987,double_logistic,0.9692666675022452,0.0057270426606038,0.984520442392374,0.1201208324733573,0.2224162443893513,111.076613327404,0.0493933239156677,246.1234447319501,0.0286731761939577,168.75,0.0866598380914452,64.5,106.5,140.25,329.25,257.0,203.5,True,,216.0909090909091,333.29545454545456,172,150.5,1042.6687259999999,918.77648,227.6765056603774,17.4579320754717,690.487868,359.106768,160.94516,371.01272800000004,193.26625000000004,14.745886579006527
FR-Pue,2018,NIRv,39,20,25.0,0,8,0.1188453764077987,double_logistic,0.9559784269663576,0.0065001459662065,0.9779813407824464,0.1289078612849021,0.2057562880043799,121.86706080960128,0.0855642305102851,259.7908152366401,0.0449175658624817,174.5,0.0743757989834725,96.0,121.25,145.0,309.75,261.25,217.25,True,,216.0909090909091,333.29545454545456,172,140.0,1117.764747,916.84935,229.73285981308413,19.391056074766354,572.8984059999999,553.9806609999999,278.36560999999995,624.9868861,276.10614999999996,14.242482739530155
FR-Pue,2019,NIRv,39,15,19.0,0,8,0.1188453764077987,double_logistic,0.9193470586536968,0.0075652078000218,0.960257313298858,0.1165340690995331,0.2228086854405734,115.54739892244169,0.031214519388422,248.99162974374872,0.0236212579824947,180.0,0.0763222502024352,36.75,101.25,147.5,357.0,272.25,215.5,True,,216.0909090909091,333.29545454545456,172,171.0,1276.1821049999999,976.95874,201.61591588785046,15.87236448598131,774.596374,507.9677509999999,183.60473999999996,463.62235300000003,185.23381999999995,14.31318386339995
FR-Pue,2020,NIRv,37,17,21.0,0,3,0.1188453764077987,double_logistic,0.9680001132864722,0.0063649781961779,0.983986289567224,0.120243769925716,0.2164330047851995,115.15113954929204,0.0550418020653965,277.0200663520333,0.0365561378784728,184.5,0.0909588758057828,74.25,113.5,148.25,339.0,280.0,229.0,True,,216.0909090909091,333.29545454545456,173,166.5,1388.189907,1148.40463,214.8953283018868,17.231030188679245,643.882431,753.037176,265.13563999999997,735.654556,219.36999,13.729538117562916
FR-Pue,2021,NIRv,39,16,18.0,0,6,0.1188453764077987,double_logistic,0.9077210379713372,0.0074560996375233,0.953298643519518,0.1188265169263557,0.220326468701182,127.2081072701116,0.0356795936049101,235.33200518223225,0.0280554375526078,180.25,0.0703681802051921,57.25,113.5,153.0,327.5,256.5,209.5,True,,216.0909090909091,333.29545454545456,172,143.0,1338.4752520000002,1137.07615,210.8610111111111,16.4854962962963,672.6513380000001,674.116364,259.41845,682.4427830000001,297.17800000000005,14.541763042540753
FR-Pue,2022,NIRv,49,14,20.0,0,6,0.1188453764077987,double_logistic,0.933502421262677,0.0076212667272906,0.9666844129511856,0.1210628418051489,0.2177489311616063,126.54938678882417,0.0658598087999251,232.40589685160649,0.0271798552254066,169.25,0.0764806980870137,93.5,123.25,148.0,322.75,248.0,197.5,True,,216.0909090909091,333.29545454545456,172,124.75,973.1654899999999,1041.17893,224.84806986899562,20.439615720524017,497.59151799999995,480.072292,83.33416,510.54527500000006,101.85810900000001,14.921506045937353
FR-Pue,2023,NIRv,50,25,25.0,0,0,0.1188453764077987,double_logistic,0.9766791639134128,0.0034417231644485,0.9882888195656724,0.1162320760146632,0.1923695009713153,135.2605573219063,0.0350634081539171,261.4653502308603,0.0351583606749681,198.5,0.061159562781168,66.25,125.0,168.0,330.5,272.0,229.0,True,,216.0909090909091,333.29545454545456,172,147.0,945.0496989999999,1063.09785,211.66845075757576,18.37243939393939,552.6517100000001,398.17900899999995,157.43987700000002,403.184775,145.054836,13.729538117562916
FR-Pue,2024,NIRv,44,22,22.0,0,0,0.1188453764077987,double_logistic,0.91312876441608,0.0096788035983017,0.9576886724312904,0.1158181265870709,0.2089304477891813,113.74826859423273,0.0343335095789505,266.5352222018639,0.0423561013548409,195.0,0.0834308241567113,46.5,108.0,157.25,321.25,271.25,230.0,True,,216.0909090909091,333.29545454545456,173,163.25,1342.83108808,1120.41173,200.55085818181814,17.216894545454547,705.0349036800001,646.7809344,284.24517,679.7531014,251.65165,13.683302728872128
FR-Pue,2025,NIRv,60,32,37.0,0,0,0.1188453764077987,double_logistic,0.9163436937531644,0.0086581935424354,0.9576380575683656,0.1239930788832923,0.2068595090363801,116.2310185603924,0.0562860558108074,278.82639761078184,0.032670376471946,182.5,0.0775100193870588,76.25,114.5,148.0,348.5,283.0,227.25,True,,216.0909090909091,333.29545454545456,172,168.5,1258.0414689,1136.01441,202.4246323529412,17.735154411764707,595.558435,667.6565339,282.255059,658.8886325999999,257.29398,13.809597605018363
IT-Cp2,2015,NIRv,13,5,8.0,0,26,,double_logistic,0.8315849750798141,0.0071114643021092,0.9176790781071594,0.1928035461768579,0.2421934390296099,136.9543208774376,0.8049611055794892,215.61570688863776,0.0246043262827263,143.75,0.0419834878617516,135.5,137.25,139.75,312.25,228.0,167.75,True,,176.625,318.6875,172,90.75,1270.678708,718.74494,218.8625536723164,21.697005649717514,305.49672,974.907498,,1017.646138,45.39591,15.018392064416174
IT-Cp2,2018,NIRv,49,26,36.0,0,4,,double_logistic,0.8123985313779577,0.0070034921461095,0.9017473164846962,0.1872342577800702,0.2409990167817338,139.8282241299154,0.9999997260919016,196.3096527020243,0.0232082696474911,145.25,0.0409390080821432,139.0,140.25,142.25,304.0,217.5,163.0,True,,176.625,318.6875,172,77.25,,,224.56077108433738,22.34151807228916,,,,,,14.982681693336767
IT-Cp2,2023,NIRv,53,25,33.0,0,0,,double_logistic,0.9072215149302392,0.0073718433688116,0.9526827905855888,0.1364920078211611,0.2885406906435089,126.41300063973604,0.0543984617241498,171.79797271386434,0.0230715763064295,163.25,0.0654338560410632,102.25,123.75,146.0,306.25,227.0,184.5,True,,176.625,318.6875,172,103.25,1617.5725917999998,1264.6468959999997,219.35778921568627,21.90810294117647,610.6566399999999,1018.6465518,165.5349,1042.6245941,63.4073,14.954546412997017
IT-Cp2,2025,NIRv,74,39,52.0,0,3,,double_logistic,0.8313247163997344,0.0095561077460386,0.9177984263666245,0.1214918293676053,0.1920605703502705,109.28404166404812,0.0648681041249289,237.60623349285936,0.0212902527556767,156.75,0.0567608903596315,77.5,107.0,132.75,352.25,256.25,191.25,True,,176.625,318.6875,172,149.25,2774.0302899999997,2383.2777,194.74404,19.40865818181818,777.4796799999999,2002.6785100000002,132.45108,1678.4564,32.90337,14.847688055581822
IT-Lav,2015,NIRv,12,6,6.0,3,18,0.1251785810600327,double_logistic,0.9990252026979176,0.0007893891561507,0.9995281952877146,0.1249822197014734,0.2210571724541617,128.13670233420086,0.1546325041317739,254.19260150484808,0.0653960638851953,169.5,0.0955386596884323,114.0,128.25,142.25,288.0,254.5,221.5,True,,220.25,292.25,172,126.25,1625.62325,292.08017937976706,203.80140571428572,13.55473714285714,600.54538,1037.49547,519.15946,1062.34427,511.21224,14.234768626423643
IT-Lav,2016,NIRv,36,20,22.0,4,3,0.1251785810600327,double_logistic,0.8220916335356494,0.0149980305862209,0.9125645908206452,0.1250467208669087,0.230209750520075,131.905230807782,0.0681649778847479,257.9907131606656,0.0531828033432823,189.25,0.1004457129999438,99.0,130.75,159.25,300.5,259.75,223.75,True,,220.25,292.25,173,129.0,1827.07249,301.664949357649,205.3967772277228,11.950019801980195,694.84286,1144.8110299999998,522.09047,1096.30188,495.10226,14.128320105917963
IT-Lav,2017,NIRv,52,30,39.0,1,3,0.1251785810600327,double_logistic,0.94047763715233,0.0106978953743857,0.9703513449038078,0.1258786473522009,0.2317803969589874,132.31153213130574,0.241460256335691,248.64825941691944,0.0582854933918085,159.75,0.1051696602375588,123.25,132.5,141.25,286.5,249.0,212.25,True,,220.25,292.25,172,116.5,1563.29141,287.2086314,232.63358282208588,14.053380368098159,499.49269,1074.98062,446.11654000000004,1106.88591,523.0794800000001,14.643837598589204
IT-Lav,2018,NIRv,54,35,40.0,7,6,0.1251785810600327,double_logistic,0.9155522941266114,0.0107060958345447,0.9585891976172282,0.1282748442208163,0.232557406283141,128.81427283557062,0.0890989966185535,250.66083641026603,0.0586630229044633,180.0,0.1015773449115209,104.0,128.5,151.25,288.75,251.75,217.25,True,,220.25,292.25,172,123.25,1861.040817,343.71224200000006,218.11319459459457,14.39431891891892,714.23202,1159.1107970000003,528.73743,1184.915737,559.4657199999999,14.42885633902113
IT-Lav,2020,NIRv,72,30,36.0,7,0,0.1251785810600327,double_logistic,0.940522451132367,0.0099312490639888,0.971109652219748,0.1264225709896125,0.217960581566255,125.91616523853573,0.1496659079709515,261.3881286860352,0.0614044267715872,169.5,0.0910804000954698,111.25,126.0,140.5,297.5,261.75,226.5,True,,220.25,292.25,173,135.75,1932.28836,415.619983109234,216.42144086021509,12.881102150537636,715.5347999999999,1228.1282600000004,608.0867999999999,1195.17639,539.79687,13.995116321693887
IT-Lsn,2021,NDVI,78,34,37.0,0,3,,double_logistic,0.8739715455105339,0.0312296962163809,0.9359228545116024,0.4763153606044982,0.6773203184297409,115.94771210078056,0.115418616225921,294.0496818108952,0.0672477980643394,184.5,0.2008044578472025,97.0,116.0,135.0,326.75,294.25,261.75,True,,263.3333333333333,322.9166666666667,172,178.25,1182.5182833000001,1230.54527,209.58536521739126,18.145721739130437,460.92373900000007,730.5813643000001,607.51131,728.512055,612.5393,12.11040738766964
IT-Lsn,2023,NDVI,86,41,39.0,0,0,,double_logistic,0.8283205131152871,0.0342121194484287,0.9101299467853692,0.537579565162459,0.7088736019222527,112.13524327691506,0.0937720771327561,279.6396900319128,0.1296922114196432,208.0,0.1712568767765914,88.75,112.25,135.75,296.75,279.75,262.75,True,,263.3333333333333,322.9166666666667,172,167.5,1401.9543562,1294.0992070288,217.1597451923077,19.717105769230766,592.644341,820.3553152000001,739.85236,854.8616192,745.05768,12.055207695703105
IT-Lsn,2025,NDVI,100,50,51.0,0,0,,double_logistic,0.8899426901902592,0.0248683025296828,0.9436736880037162,0.5200540256143438,0.7119202482212657,85.8272532420626,0.0573719476811796,304.8177949238477,0.0545280274523078,193.0,0.1910266573967139,47.5,85.75,123.5,345.25,305.0,265.5,True,,263.3333333333333,322.9166666666667,172,219.25,1655.8758699999998,1606.1769100000001,189.88392617449665,16.328771812080536,686.6567349999999,977.380615,778.3546999999999,946.121809,767.3698899999999,11.903391346885721
IT-Lsn,2016,NIRv,49,25,30.0,0,0,,double_logistic,0.9220847563110696,0.015277550739319,0.9605110426388792,0.0754636570489228,0.2344022389951763,103.52385378784878,0.0544685653379404,278.2925427010401,0.0263690995185519,170.25,0.1461515538899732,62.25,101.25,135.5,365.25,284.5,218.5,True,,220.20833333333334,341.7916666666667,173,183.25,1149.332582,1103.527435,177.07292409240927,15.70271287128713,414.1759149999999,743.919787,294.55138,725.1008499999999,309.81678,14.35438343697836
IT-Lsn,2017,NIRv,63,32,38.0,0,0,,double_logistic,0.9345844652853798,0.0166580474638257,0.9670210416023506,0.0651462874833798,0.247570873599207,114.04711277600713,0.0551776482352469,267.4452075296664,0.0277799450993092,174.5,0.1633295937063716,73.0,111.25,143.75,351.0,275.0,215.5,True,,220.20833333333334,341.7916666666667,172,163.75,1163.52871692,1113.9640630000001,192.4896487455197,16.72411111111111,459.26003,713.73352692,286.18615000000005,709.434095,311.6761,14.486350037857077
IT-Lsn,2020,NIRv,82,37,38.0,0,0,,double_logistic,0.9638943005877396,0.0121640274834825,0.9818158663043246,0.0913996458408965,0.4813325951014993,151.71928126339162,0.0278231868708779,228.2686088335407,0.0233880972756103,194.0,0.1772586569150373,54.25,122.0,166.25,355.25,273.0,223.25,True,,220.20833333333334,341.7916666666667,173,151.0,1395.6726809,1273.71776,187.84963122923588,16.121358803986713,535.336076,872.3509048999999,494.26920000000007,862.691585,465.56856000000005,14.13559252122575
IT-Lsn,2021,NIRv,78,34,40.0,0,3,,double_logistic,0.8828973530800841,0.0183156062385364,0.939832558572158,0.0950581719340469,0.2428756184028313,111.63011129533874,0.0556393990880111,262.98782996405555,0.0401239800130258,178.75,0.1395019094344822,71.25,110.0,144.0,319.5,266.0,219.5,True,,220.20833333333334,341.7916666666667,172,156.0,1178.2347770000001,1216.99046,213.47680645161293,17.552701612903224,460.92373900000007,726.297858,385.52685,739.6045882999999,396.27035,14.309278671478921
IT-Lsn,2023,NIRv,86,41,49.0,0,0,,double_logistic,0.9403228274003016,0.013165758758043,0.9697102136126988,0.1086336339599862,0.2615784775065525,103.25027690742766,0.0496108688517059,266.3323906761384,0.0383509060336128,177.5,0.1442881827101872,57.75,101.25,139.5,325.5,269.5,220.75,True,,220.20833333333334,341.7916666666667,172,168.25,1528.2091522,1387.13419452349,195.1253656716418,17.620712686567167,680.978644,858.2758081999999,446.00879,877.8689242,446.00879,14.25215912874694
IT-Lsn,2025,NIRv,100,50,64.0,0,0,,double_logistic,0.9615328555925592,0.0104295332288265,0.9806490948991866,0.1102509396957165,0.2504615200618731,85.06198110517673,0.0656953876372989,276.4121352520045,0.0383881932591809,161.0,0.1376115405048942,51.5,84.75,116.25,334.25,277.5,223.75,True,,220.20833333333334,341.7916666666667,172,192.75,1632.616386,1583.2278299999998,195.6227632508834,16.882303886925797,679.136575,961.6412909999999,469.00395,971.2870849999999,436.19975,14.11192559272825
IT-MBo,2016,NDVI,31,23,26.0,16,5,0.3486437134756821,double_logistic,0.9909711010627612,0.0175965293044776,0.995502064104829,0.3481466583981766,0.7864132615587671,131.52054769107318,0.2014713374984749,296.10010588634566,0.0670712904378684,176.75,0.4380720290422235,120.75,131.75,142.5,329.0,296.25,263.5,True,,262.80555555555554,337.5,173,164.5,1573.1443706599998,1365.483509,175.78418660287085,9.479760765550239,474.039833,1114.71483766,937.22766,1118.5843778449998,929.33392,12.01393503952733
IT-MBo,2017,NDVI,34,21,27.0,31,4,0.3486437134756821,double_logistic,0.9779500085056276,0.0217715966479083,0.9893671737181604,0.3431308292230403,0.7582380366352952,132.04525546072725,0.2182216731801486,294.01599570685994,0.0558789350611896,170.0,0.4145966301823312,122.0,132.25,142.25,333.5,294.25,255.0,True,,262.80555555555554,337.5,172,162.0,1551.3148234999999,1434.897551,201.32007547169812,9.829122641509434,538.73453,1024.5443934999998,782.80011,1024.3199092,822.21852,12.486825679439978
IT-MBo,2018,NDVI,30,24,29.0,46,6,0.3486437134756821,double_logistic,0.9016207135493032,0.0352202832153177,0.950239591117654,0.3425858831762837,0.7564363501569248,131.42433857255742,0.1975975651047408,300.4376527929598,0.055737406458231,173.5,0.413399320648443,120.5,131.5,142.5,340.0,300.5,261.25,True,,262.80555555555554,337.5,172,169.0,1591.4653904,1527.54855,183.17970909090909,10.099745454545454,588.3327899999999,1016.9193004,862.30112,1015.1036584000001,866.9172699999999,12.13932970486364
IT-MBo,2019,NDVI,25,13,11.0,49,4,0.3486437134756821,double_logistic,0.9478997068956656,0.0234218557878826,0.9766727523115688,0.3470938476401488,0.7890098162511799,140.63602120968608,0.1482090170984116,300.74171654300403,0.1256662110477506,214.75,0.4418995131584018,126.0,140.75,155.5,318.25,300.75,283.5,True,,262.80555555555554,337.5,172,160.0,1516.6097916190001,1374.980564,191.68268393782384,10.583445595854922,429.6628,1100.322991619,1020.42232,1097.328814319,891.0616000000001,10.909769724825633
IT-MBo,2020,NDVI,41,27,32.0,45,0,0.3486437134756821,double_logistic,0.9221640550151388,0.0375227004904289,0.961198071833383,0.345150305229829,0.8283663673656211,125.24016574336684,0.1836492171766694,291.9970483369014,0.0324395225604873,158.5,0.4758669676326982,113.5,125.25,137.0,360.5,293.0,228.75,True,,262.80555555555554,337.5,173,167.75,1713.2286857999998,1531.9717199999998,181.0131174089069,8.37648987854251,632.8511299999999,1095.9474558,579.4835800000001,1092.3566645,867.40084,13.887754118819505
IT-MBo,2021,NDVI,33,24,26.0,49,3,0.3486437134756821,double_logistic,0.9321577285852104,0.0345463388162804,0.9661260266608812,0.3421264802660327,0.7780777703948115,137.05639669922968,0.2137392963388544,302.0137161138894,0.0516990631240766,174.5,0.4352087597387156,127.0,137.25,147.5,344.75,302.25,260.0,True,,262.80555555555554,337.5,172,165.0,,,175.2275275229358,8.668825688073396,,,,,,12.208955324025466
IT-MBo,2022,NDVI,44,30,36.0,59,0,0.3486437134756821,double_logistic,0.8167281493699509,0.0593002235541155,0.905249969477156,0.3459933919261745,0.7230386186813353,128.35525733762,0.2971567260756092,304.18578181893554,0.0672132883355391,164.75,0.3770055737743988,121.0,128.5,135.75,337.0,304.25,271.75,True,,262.80555555555554,337.5,172,175.75,4.4747565,38.638450000000006,185.80767281105992,10.221341013824885,,4.4747565,,4.4747565,,11.554766271419206
IT-MBo,2023,NDVI,36,25,25.0,47,5,0.3486437134756821,double_logistic,0.8949565032507043,0.0410562760005278,0.9491185449324192,0.3448912374128333,0.7487174705024426,124.67764975686904,0.1499370512346714,298.3421604428227,0.1135464912122513,200.5,0.4038155236546251,110.25,124.75,139.5,317.75,298.5,279.0,True,,262.80555555555554,337.5,172,173.75,1444.723576332,1337.9273900000003,239.5941062801933,11.039299516908214,524.29143,934.419446332,858.4536200000001,938.049197632,759.47709,11.154796396752484
IT-MBo,2024,NDVI,33,23,26.0,38,4,0.3486437134756821,double_logistic,0.9577150158378936,0.0319911047729037,0.9788826640221092,0.3425418809846609,0.7969143955786768,125.70605027273923,0.1697493370147704,309.20686535301,0.0463705804564091,171.0,0.4534173311844679,113.0,125.75,138.75,356.75,309.5,262.5,True,,262.80555555555554,337.5,173,183.75,1473.0637190999998,1429.123457,167.44143442622953,9.026016393442623,461.0406488,1024.9004703,841.17639,1021.791774,841.17639,12.069672690713205
IT-MBo,2016,NIRv,31,23,26.0,16,5,0.0998307934081383,double_logistic,0.9648283343130528,0.0171438831457655,0.9827319195278368,0.0941308426251049,0.3477364574351433,133.19940523463583,0.2016532206620709,271.3722126324433,0.0418806951125362,163.5,0.2503060151988939,122.5,133.25,143.75,324.25,272.0,222.0,True,,201.63888888888889,330.1388888888889,173,138.75,1564.81551,1351.498709,179.7981089108911,9.666554455445544,468.75275999999997,1111.67305,542.35876,1115.3944106600002,379.25807,14.2159744469262
IT-MBo,2017,NIRv,34,21,28.0,31,4,0.0998307934081383,double_logistic,0.9676231154182294,0.0136477972255748,0.9839536921303824,0.0973126427993852,0.3037438674757877,132.8317297896395,0.2440702406780166,273.14138321846787,0.0431174413122882,160.0,0.2046003623568953,124.0,133.0,141.75,324.5,273.75,224.25,True,,201.63888888888889,330.1388888888889,172,140.75,1543.3598105,1415.054866,207.44814427860695,10.382547263681591,531.91074,1023.4131705,521.7717,1023.0600625,326.85024,14.108761265956089
IT-MBo,2018,NIRv,30,24,29.0,46,6,0.0998307934081383,double_logistic,0.9125399183850708,0.0233963267800741,0.9555655904998536,0.1032498884639278,0.4604870251844771,133.5467077847557,0.1266170376093339,221.0588203299623,0.0227941984073233,161.0,0.2740780720835507,121.0,133.75,147.25,330.25,242.0,185.75,True,,201.63888888888889,330.1388888888889,172,108.25,1587.9539097999998,1514.9548100000002,188.58608571428573,10.583533333333333,588.3327899999999,1013.4078198,178.2663,1013.4078198,342.74946,15.448398756020099
IT-MBo,2019,NIRv,25,13,15.0,49,4,0.0998307934081383,double_logistic,0.8605970655612253,0.0253929615623658,0.9314389559645392,0.0979761277605226,0.3375530077677089,144.068042833895,0.16281299475231,285.9018094040502,0.0523016607158407,183.75,0.2380624360919572,130.75,144.25,157.5,328.25,286.25,245.25,True,,201.63888888888889,330.1388888888889,172,142.0,1498.5722763190001,1378.640738,182.24264141414142,10.276747474747474,416.7579999999999,1095.190276319,753.8894799999999,1096.551957319,359.39234,13.022484048657192
IT-MBo,2020,NIRv,41,27,32.0,45,0,0.0998307934081383,double_logistic,0.9085245153491024,0.0274027456193741,0.9550552856552604,0.1107830402879156,0.5299551664545998,130.996008329404,0.1114880246909505,206.1992431556968,0.0221703046345223,159.5,0.292557615750172,118.25,131.5,145.75,323.25,234.5,182.0,True,,201.63888888888889,330.1388888888889,173,103.0,1683.6280944999999,1479.03468,202.32775609756098,10.041882926829269,612.6632899999997,1086.5347045,144.82930000000002,1092.3566645,373.25433,15.501803567421451
IT-MBo,2021,NIRv,33,24,27.0,49,3,0.0998307934081383,double_logistic,0.9318102625554958,0.0246715085855675,0.9653303988508471,0.0987947262210328,0.4626853164127548,141.28916134185147,0.1620399533636626,237.91033752651288,0.0258828383687972,165.75,0.3084167991231484,130.25,141.5,152.75,330.0,250.0,192.75,True,,201.63888888888889,330.1388888888889,172,108.5,,,181.45671499999997,9.455945,,,,,,15.304813862560676
IT-MBo,2022,NIRv,44,30,38.0,59,0,0.0998307934081383,double_logistic,0.8110347328335816,0.0361106677503113,0.9060835600981416,0.1109639326121729,0.452818456197017,132.12036425898185,0.1995977243880622,211.3592086243281,0.0226244602948157,152.0,0.2647377654397874,125.25,133.0,141.75,321.0,231.75,174.5,True,,201.63888888888889,330.1388888888889,172,98.75,3.4816729999999994,17.40893,195.20247448979592,11.201790816326533,,3.4816729999999994,,4.877156599999999,,15.556455605562313
IT-MBo,2023,NIRv,36,25,32.0,47,5,0.0998307934081383,double_logistic,0.8802568230552424,0.0270344615367724,0.9402137654569824,0.0985913314251235,0.4121780430680581,130.61784950000052,0.1276642892374354,250.3129547722894,0.0232599801306846,161.75,0.2723527485226212,115.75,130.5,145.0,351.5,261.75,195.5,True,,201.63888888888889,330.1388888888889,172,131.25,1437.8018458320003,1364.217013,217.0557711864407,9.568483050847458,512.58155,939.2075958319999,274.54886999999997,938.098198632,335.50944,15.2337092818617
IT-MBo,2024,NIRv,33,23,27.0,38,4,0.0998307934081383,double_logistic,0.9548321259466256,0.0221369206966188,0.9774524439770332,0.1003460290153285,0.4738912238044544,132.0878338206965,0.1011519605643636,232.2874669849592,0.0231746419029113,165.25,0.2957274627305456,114.25,131.5,148.5,338.25,250.75,192.75,True,,201.63888888888889,330.1388888888889,173,119.25,1469.791585,1406.834245,175.8746830357143,9.948218749999999,460.67292199999997,1021.996063,238.57911000000001,1019.62373,358.51909,15.304813862560676
IT-Ren,2015,NIRv,12,7,8.0,10,11,0.1268174198348324,double_logistic,0.982719577307306,0.0023529627807748,0.9915836487208184,0.1272516590585418,0.1720026190473268,147.88551430339788,0.999994960333292,233.02167627982556,0.1371612606917612,160.0,0.0447487148973103,145.75,148.0,150.25,249.25,233.25,217.25,True,,216.86363636363637,274.4318181818182,172,85.25,903.34919,637.8638900000001,241.141375,13.661403846153847,249.98639,664.1333999999999,439.93751,805.7825310000001,431.11832,14.484942101095761
IT-Ren,2016,NIRv,25,17,21.0,16,3,0.1268174198348324,double_logistic,0.9752044678545844,0.0031063783858484,0.9876320101104864,0.1267132444199854,0.1771546156588453,148.46746162286962,0.9999999999999856,249.16496465375383,0.0819088430615801,158.5,0.0504091392523716,146.5,148.5,150.75,276.0,249.25,222.5,True,,216.86363636363637,274.4318181818182,173,100.75,1047.3646899999999,571.30682,220.08784615384616,12.00993076923077,236.21448999999998,821.4466,429.92938,813.19728,386.22026000000005,14.23792621396171
IT-Ren,2017,NIRv,40,22,25.0,8,3,0.1268174198348324,double_logistic,0.9477462538678908,0.0047493372827386,0.9746896590122656,0.1275187253138412,0.1756063388084269,149.526952220245,0.3064243994037462,242.5690763598321,0.1347674851496296,179.75,0.0480729221937547,142.5,149.75,156.75,259.0,242.75,226.5,True,,216.86363636363637,274.4318181818182,172,93.0,969.4676199999999,553.43964,247.02690598290596,12.907529914529917,250.46103999999997,727.25145,490.51199999999994,830.8245989999999,419.8111200000001,14.040644884054304
IT-Ren,2018,NIRv,32,27,30.0,36,5,0.1268174198348324,double_logistic,0.9585907405681098,0.0051395053416741,0.9798631722188222,0.1276010356547137,0.193135177175278,166.04259298656874,0.9999999999999992,240.7131571096712,0.0806045060267411,174.0,0.0652098394606052,164.0,166.25,168.25,268.25,241.0,214.25,True,,216.86363636363637,274.4318181818182,172,74.75,854.9671128,486.43803,230.1,13.10637142857143,80.56089,783.9671528,402.39097999999996,831.0726928,416.65018,14.619067915428602
IT-Ren,2019,NIRv,28,11,11.0,32,4,0.1268174198348324,double_logistic,0.938505627878638,0.0051417253656032,0.9697846580098451,0.1267203832892217,0.1813895247336804,154.93916921226474,0.1157520481997155,250.17679773787728,0.0692179891840172,193.5,0.052986004999398,135.75,154.5,172.0,282.5,251.25,222.5,True,,216.86363636363637,274.4318181818182,172,96.75,1179.8164800000002,757.99958,221.31522448979595,12.033646258503401,304.97622,883.0367500000002,434.19512000000003,831.6800200000001,379.70202,14.23792621396171
IT-Ren,2020,NIRv,52,25,29.0,16,0,0.1268174198348324,double_logistic,0.9656442415330436,0.0035924298050862,0.9830034505202648,0.1270523228123535,0.1743498849368022,147.78410509771547,0.386137721888703,246.167146592982,0.0964258039642843,170.25,0.0472581980669998,142.25,148.0,153.5,269.0,246.25,223.5,True,,216.86363636363637,274.4318181818182,173,98.25,1066.79712,683.4544999999999,212.40092913385828,14.147141732283465,274.69523999999996,802.2645799999999,459.87743000000006,838.78085,397.76813,14.18928551867241
IT-Ren,2021,NIRv,41,28,30.0,32,0,0.1268174198348324,double_logistic,0.954434739903793,0.0047884717364649,0.9776036701664602,0.1265656201454511,0.1927186805015483,159.95945145559622,0.1795305212810988,240.54775059025368,0.0599262480902686,185.0,0.0631343090943225,147.75,159.75,170.75,278.25,242.25,210.5,True,,216.86363636363637,274.4318181818182,172,82.5,,,208.9664045801527,11.34854961832061,,,,,,14.778521296677852
IT-Ren,2022,NIRv,73,31,37.0,11,0,0.1268174198348324,double_logistic,0.9379538045616144,0.0056641936540347,0.9698568320900226,0.1270970270511821,0.1849779606529545,148.6966989681968,0.2004002045043814,239.00216294518077,0.058189949115462,174.0,0.0562314496432815,137.75,148.75,159.0,277.5,240.0,205.75,True,,216.86363636363637,274.4318181818182,172,91.25,1177.209833,645.056064,244.96126428571426,11.768407142857145,334.28556999999995,852.7382130000001,311.42097999999993,836.5266429999999,401.80878999999993,14.965774664803043
IT-Ren,2023,NIRv,56,32,36.0,13,6,0.1268174198348324,double_logistic,0.881753238120343,0.0079048067662351,0.9430638973301316,0.1280351383627697,0.1805649631896495,152.392584222983,0.1329750596084413,246.70997331303536,0.063717990016891,186.75,0.0508640323200521,135.75,152.0,167.25,282.0,247.75,216.75,True,,216.86363636363637,274.4318181818182,172,95.75,1193.9740499999998,648.4089,221.9397755102041,11.790557823129252,400.04819,799.28409,265.65761,729.9099300000001,265.65761,14.507674813426716
IT-Ren,2024,NIRv,50,31,32.0,16,3,0.1268174198348324,double_logistic,0.9044771080638928,0.0079082320343975,0.9542017749179592,0.1270070452720231,0.1908897992801031,154.10670050882064,0.0754001544048367,251.1141097651784,0.0553405386560011,197.75,0.0584222623901783,124.0,152.25,176.0,292.75,254.25,222.75,True,,216.86363636363637,274.4318181818182,173,102.0,1367.674302,695.04241,194.77676923076922,10.295579881656804,394.58563200000003,980.2712099999999,439.42291,904.6965399999999,371.71841,14.225810578026394
IT-Ren,2025,NIRv,56,36,36.0,18,4,0.1268174198348324,double_logistic,0.9433898792051568,0.0054740504806863,0.972692254368393,0.127254057885538,0.2172417463269008,156.68916693193057,0.0948986999325879,224.44117422982896,0.0415600099356936,185.0,0.0696196663210867,133.5,154.25,171.0,284.25,235.5,203.25,True,,216.86363636363637,274.4318181818182,172,81.25,1288.97657,635.7976900000001,221.72401324503312,11.066741721854305,345.7109000000001,955.39527,303.59728,889.70555,417.38161999999994,15.057000490257984
IT-Tor,2016,NDVI,16,12,13.0,30,4,0.4213442922170678,double_logistic,0.981401805227606,0.0189260102880398,0.9907584738128902,0.4137007569061797,0.8188549225975809,152.90773405629224,0.1000249314248266,256.3822770248456,0.0451322513010895,191.0,0.3762419943443595,130.75,152.0,171.0,307.0,259.75,220.25,True,,227.33333333333334,317.1111111111111,173,107.75,818.1317436,559.0164970000001,215.02550847457627,8.423627118644067,163.02651689999996,665.2267267,413.25874999999996,662.89449417,454.76003,14.283632605900063
IT-Tor,2017,NDVI,26,18,23.0,36,0,0.4213442922170678,double_logistic,0.9907532034573164,0.0116709602014397,0.995373906090256,0.4171657801939375,0.7382966507225686,146.72829139415413,0.7973369011808867,265.74851725133595,0.072182183875641,159.25,0.3209688485490919,144.0,146.75,149.5,296.25,266.0,235.5,True,,227.33333333333334,317.1111111111111,172,119.25,642.767011,416.10853000000003,231.1552222222222,9.956477124183007,116.74301999999999,532.233231,384.06588999999997,544.29879826,348.71679,13.53323174251159
IT-Tor,2018,NDVI,30,23,28.0,46,0,0.4213442922170678,double_logistic,0.945367606832393,0.0179788504066013,0.973743684708634,0.4202057876989492,0.7513601651735113,158.97724544146104,0.9999999999933707,271.3871805687958,0.0555151546715364,167.75,0.3300560334746444,157.0,159.0,161.25,311.25,271.75,232.5,True,,227.33333333333334,317.1111111111111,172,112.75,817.0318472,609.435519,211.6288,9.686638709677418,72.34962000000002,751.1463872,438.37885000000006,750.9631425,409.67291,13.687520020694524
IT-Tor,2019,NDVI,29,17,19.0,44,0,0.4213442922170678,double_logistic,0.9832723398082952,0.0120564717551542,0.9918322260015084,0.4170058442589328,0.75413317174671,153.6395149103418,0.1441253169172825,271.6693342751224,0.0506220180699124,189.75,0.3300378742311121,138.5,153.5,168.0,315.75,272.75,232.25,True,,227.33333333333334,317.1111111111111,172,119.25,787.7412405499999,520.859569,213.95833333333334,9.050909604519774,113.10451499999999,679.1080855499999,435.02668,679.41777215,409.28738,13.700254142733682
IT-Tor,2020,NDVI,46,33,40.0,35,0,0.4213442922170678,double_logistic,0.9782081096995274,0.0196619469547163,0.9893121583193072,0.4129133698684506,0.7682755598098077,138.711353607248,0.1871069419476655,274.94202474126206,0.0470664249221718,172.0,0.3518889585473428,127.0,138.75,150.25,322.0,275.5,230.5,True,,227.33333333333334,317.1111111111111,173,136.75,809.2851989000001,418.8901532737731,205.54947448979593,7.934301020408164,215.097309,602.1664198999999,415.06681,598.7156589,392.97119000000004,13.788821306804092
IT-Tor,2021,NDVI,31,23,25.0,49,6,0.4213442922170678,double_logistic,0.9788516986639736,0.0160057197689918,0.989887830826185,0.4187751543035458,0.7575017935966424,152.00377924226,0.2044206642790036,285.9973100211254,0.0686066858041127,189.75,0.3381170781386467,141.25,152.0,162.75,318.25,286.25,254.25,True,,227.33333333333334,317.1111111111111,172,134.25,710.1831201800001,385.79869199999996,201.73266101694912,8.000197740112993,129.28247100000002,588.76211918,483.48929,588.0261161799999,330.08155,12.525240111913075
IT-Tor,2022,NDVI,37,21,33.0,47,0,0.4213442922170678,double_logistic,0.9748889847588872,0.0167354086318007,0.9883058643479729,0.4244569199567575,0.8068690128581094,134.52098675356737,0.2100525261239481,234.1665677060264,0.0250684039173636,155.25,0.3310967095119998,126.25,134.75,143.75,328.25,245.0,184.0,True,,227.33333333333334,317.1111111111111,172,110.25,733.4043752980001,531.8165389000001,211.25323267326732,9.32108910891089,220.71823,517.921595298,84.74405,516.4660896180001,325.61276,15.453295445013909
IT-Tor,2023,NDVI,35,25,29.0,49,0,0.4213442922170678,double_logistic,0.9678326855082194,0.0180077794943163,0.9838084450244248,0.4144833490737971,0.7845531826316805,142.0936456790487,0.1547316756802559,276.3410885243855,0.036741523295977,175.5,0.3590912588831532,128.0,142.0,155.5,337.25,278.0,224.0,True,,227.33333333333334,317.1111111111111,172,136.0,832.703886,526.892115,190.98857619047618,8.180433333333333,163.73092400000002,676.0143619999999,424.60672999999997,674.4440678999999,439.33388,14.10788667752059
IT-Tor,2024,NDVI,32,22,25.0,50,4,0.4213442922170678,double_logistic,0.9807230002948782,0.0169247722194163,0.990449651577352,0.416830491104984,0.8039114253892597,145.30878203955942,0.0989763062468857,272.1162553828902,0.048850570882523,192.25,0.3757321396324699,123.0,145.0,165.5,318.0,273.5,232.75,True,,227.33333333333334,317.1111111111111,173,128.5,781.6549979270001,472.801951,189.79409693877548,8.48990306122449,78.734523027,704.9000948999999,496.28165,705.0215278999999,460.10576999999995,13.67476614840141
IT-Tor,2016,NIRv,16,12,13.0,30,4,0.11516759105329,double_logistic,0.9014289663720916,0.0236659210023678,0.9518673451788638,0.1121678251359762,0.360799084176672,162.44394984972644,0.0870213738304058,236.61988761094497,0.042743518339491,193.75,0.1990277540162353,136.5,159.5,178.25,293.75,246.25,213.25,True,,210.55555555555554,299.8611111111111,173,86.75,808.3556546,546.694444,224.7098280254777,8.957605095541401,158.387329,660.0898256,361.09754,664.5144695999999,336.60536,14.591559248022742
IT-Tor,2017,NIRv,26,18,20.0,36,0,0.11516759105329,double_logistic,0.9661085845525492,0.0115180816148712,0.982948560285536,0.1119412448216642,0.2863543518389956,147.51884142068002,0.1363198252765564,250.025720237889,0.0544936334578503,181.75,0.1686634989234222,131.5,147.25,162.25,291.25,251.25,215.25,True,,210.55555555555554,299.8611111111111,172,104.0,653.7957426,429.101233,235.66015,9.883824999999998,130.7764256,529.228557,282.03344,535.114615,246.55496000000002,14.506530957744479
IT-Tor,2018,NIRv,30,23,28.0,46,0,0.11516759105329,double_logistic,0.8473164482774282,0.0220369626374456,0.9316344190854032,0.116087907551521,0.2782843246285092,159.67016372011557,1.0,257.9141380886876,0.0681118239517425,168.5,0.1618061387033313,157.5,159.75,162.0,290.25,258.0,226.25,True,,210.55555555555554,299.8611111111111,172,98.25,797.6024109999998,581.21299,231.70664661654132,10.581458646616541,70.81568000000001,733.2508910000001,402.70059999999995,747.3973209999999,300.91331999999994,13.99935470976804
IT-Tor,2019,NIRv,29,17,19.0,44,0,0.11516759105329,double_logistic,0.9361120374495392,0.0142835827060582,0.968737496076868,0.1133600594583308,0.3029264490859497,158.8035695477156,0.1170857135684125,248.91570665601557,0.0439908490813687,190.0,0.1715692714519267,140.0,158.0,173.75,301.5,253.25,215.25,True,,210.55555555555554,299.8611111111111,172,95.25,778.226349,497.79188899999997,227.1849012345679,9.92995061728395,112.154826,670.5428830000001,337.01953,667.6209829999999,301.06530999999995,14.506530957744479
IT-Tor,2020,NIRv,46,33,40.0,35,0,0.11516759105329,double_logistic,0.9582888953373458,0.0157865394286699,0.980522843207619,0.1102205228118191,0.3269726669182234,142.9463242641882,0.1435864178117916,249.88776555082876,0.0377037302791956,173.0,0.2025783835367145,128.0,142.75,156.25,310.25,253.5,205.75,True,,210.55555555555554,299.8611111111111,173,110.75,799.0499748999999,400.81019127377306,211.81184153005466,8.306431693989072,214.347732,592.6807729,255.24358,586.1909547,287.37648,14.885942428283737
IT-Tor,2021,NIRv,31,23,26.0,49,6,0.11516759105329,double_logistic,0.913272346348972,0.021165934407528,0.9608903759389849,0.1135537117922555,0.3262256354751688,155.99637273796978,0.1717190642522722,254.7444006094407,0.0362265453541845,181.25,0.1960539883482313,144.0,155.75,167.25,318.0,259.25,211.25,True,,210.55555555555554,299.8611111111111,172,103.5,708.07202618,383.52785200000005,200.0859257142857,8.047274285714286,127.17137700000002,588.76211918,253.14343,582.5256399999998,249.44330000000002,14.67398998135264
IT-Tor,2022,NIRv,37,21,32.0,47,0,0.11516759105329,double_logistic,0.9686633902337944,0.0107579081780665,0.9845558435072824,0.1172253255327037,0.3389472422743918,137.5176433870769,0.1572056027619142,204.1632213601904,0.0323820931282836,159.0,0.1726979301949076,126.75,137.5,148.25,280.5,218.25,177.75,True,,210.55555555555554,299.8611111111111,172,80.75,712.1576600000001,499.34248,246.12827272727273,10.979564935064936,220.71823,496.67488,40.55691,509.260883818,239.61167000000003,15.518835858507744
IT-Tor,2023,NIRv,35,25,28.0,49,0,0.11516759105329,double_logistic,0.9405036717056472,0.014426503585505,0.9708199387676936,0.1128258920724446,0.3568538445499301,149.12702155492636,0.075769360369131,239.07562802695404,0.0295239364429977,185.75,0.1878311812095791,121.25,146.25,167.5,323.25,255.0,210.0,True,,210.55555555555554,299.8611111111111,172,108.75,832.7335101,517.0738919999999,201.16676237623764,8.849405940594059,165.373679,674.4012311,327.69291000000004,670.63662248,327.69291000000004,14.724117881366373
IT-Tor,2024,NIRv,32,22,27.0,50,4,0.11516759105329,double_logistic,0.9481494540697404,0.0180522986164738,0.9747583430481098,0.1147001181700229,0.3255273353948226,146.6143114665037,0.1177312362194523,252.76299093762043,0.0599156305131327,186.25,0.2050149487846696,127.75,146.25,163.75,290.0,253.75,220.25,True,,210.55555555555554,299.8611111111111,173,107.5,760.8481430269999,410.666068,206.7421288343558,9.273858895705523,76.596828027,686.2309349999999,403.71682,697.554432,317.55995,14.283632605900063
IT-TrF,2016,NDVI,19,15,9.0,25,4,0.5574740784156684,double_logistic,0.9623326952242806,0.0211177595762824,0.9827819759047172,0.5592523111347633,0.798761432747738,157.0765313159693,0.1614374071088841,291.1330949805274,0.3546436607348975,247.75,0.2395089665700759,143.5,157.25,170.75,297.5,291.25,285.0,True,,274.25,302.25,173,134.0,,,224.28312987012987,9.623025974025973,,,,,,10.836682626936662
IT-TrF,2017,NDVI,30,20,20.0,27,0,0.5574740784156684,double_logistic,0.8344346945642465,0.0370907484194829,0.9250382483883296,0.5614699069741869,0.7781137987056724,150.30497122890827,0.1902497329371832,281.3357059647424,0.2090716796309162,218.75,0.2166429627052486,139.0,150.5,162.0,292.0,281.5,271.0,True,,274.25,302.25,172,131.0,,,240.11053896103897,10.789383116883117,,,,,,11.599079659526682
IT-TrF,2019,NDVI,32,18,14.0,43,0,0.5574740784156684,double_logistic,0.9839319609569304,0.0112591620810876,0.9920460230181324,0.5551745908587741,0.7935237406051604,165.53528561540975,0.1904051337536569,290.3506632469077,0.1140269633301696,214.0,0.238286272544511,154.0,165.75,177.25,309.75,290.5,271.25,True,,274.25,302.25,172,124.75,,,214.74910256410257,10.569294871794872,,,,,,11.585292066770556
IT-TrF,2020,NDVI,42,32,31.0,35,0,0.5574740784156684,double_logistic,0.9675768459676364,0.017756496964291,0.9837181191038642,0.5550502789832539,0.7740898622369767,145.67852472485737,0.2215142164229518,288.0411608425319,0.1559904340604029,205.5,0.2190386375045824,136.0,145.75,155.75,302.25,288.25,274.0,True,,274.25,302.25,173,142.5,,,223.32077844311377,9.255017964071856,,,,,,11.433909279553777
IT-TrF,2021,NDVI,30,23,21.0,47,3,0.5574740784156684,double_logistic,0.9637100132052382,0.0160336446755891,0.982030064464363,0.5560612515279654,0.7930477008506989,161.0462608317433,0.2463187772989908,290.392380312893,0.1708763400204531,215.0,0.2369854461417104,152.25,161.25,170.0,303.5,290.5,277.75,True,,274.25,302.25,172,129.25,,,210.71684768211924,9.670503311258278,,,,,,11.228545061601865
IT-TrF,2022,NDVI,43,26,32.0,38,0,0.5574740784156684,double_logistic,0.9288697416849356,0.0248528670969793,0.964408072126487,0.5559881469200688,0.7823189784591977,142.62515023249753,0.2729674761586371,282.46856217695546,0.1166790327283682,186.75,0.2263263072769508,134.75,142.75,150.75,301.5,282.5,263.75,True,,274.25,302.25,172,139.75,,,237.32347904191613,11.305700598802396,,,,,,12.000000000000002
IT-TrF,2023,NDVI,34,26,25.0,46,0,0.5574740784156684,double_logistic,0.9823272865985558,0.0111016072991854,0.991246583954568,0.5558083682234322,0.7877156313011217,160.23891138256803,0.2416995689295855,291.4927405639384,0.1027221776023125,201.75,0.2318740805022775,151.25,160.25,169.5,313.0,291.5,270.25,True,,274.25,302.25,172,131.25,,,215.56135802469132,10.808481481481481,,,,,,11.640464007886116
IT-TrF,2024,NDVI,35,26,14.0,50,5,0.5574740784156684,double_logistic,0.9562576010002404,0.0214084057204985,0.978783730212575,0.5583632066283059,0.8037282520978846,155.0160190304417,0.1204626458547805,289.6127132598954,0.2530858692283133,244.25,0.2453572461887189,137.0,155.25,173.5,298.5,289.75,281.0,True,,274.25,302.25,173,134.5,,,208.0654938271605,10.085722222222223,,,,,,11.051892388180846
IT-TrF,2016,NIRv,19,15,15.0,25,4,0.0879014973901527,double_logistic,0.9742144303439406,0.0090672449481285,0.9870287885986756,0.0852260582951586,0.2178963173758752,155.73314647142735,0.1479631765326793,280.9169975858371,0.0821029554458857,203.0,0.1323279469037689,141.0,155.75,170.5,307.75,281.0,254.5,True,,229.55555555555554,317.05555555555554,173,125.25,,,218.62430538922158,9.491107784431138,,,,,,12.511106944540295
IT-TrF,2017,NIRv,30,20,23.0,27,0,0.0879014973901527,double_logistic,0.9512864859814326,0.0112652026791677,0.9755308149850505,0.0873701446377197,0.2304883063757127,149.0643706769171,0.1422759862458644,265.74078494717986,0.0520616264083889,185.5,0.1401584195387126,133.75,149.0,163.5,308.5,266.75,227.25,True,,229.55555555555554,317.05555555555554,172,117.75,,,230.2227942857143,10.304199999999998,,,,,,13.949000294646202
IT-TrF,2018,NIRv,31,25,26.0,44,7,0.0879014973901527,double_logistic,0.8505505441149707,0.0123864362072577,0.9223413699184456,0.0856662069065972,0.2429123665856729,156.22824401207356,0.0944225109445648,266.00211044261044,0.036525683246784,194.75,0.1423670099752859,132.75,155.0,174.75,329.25,271.25,225.25,True,,229.55555555555554,317.05555555555554,172,116.25,,,200.44807614213198,9.064324873096448,,,,,,14.046344179750019
IT-TrF,2019,NIRv,32,18,19.0,43,0,0.0879014973901527,double_logistic,0.9355049937870424,0.0121369660137415,0.9676192802241504,0.0858075217805446,0.2394051893472066,163.69044538237844,0.1291949035717269,270.81890920279886,0.0405585587272188,196.5,0.1442274669411185,146.75,163.25,178.5,326.75,274.0,229.0,True,,229.55555555555554,317.05555555555554,172,110.75,,,203.33277222222225,9.144955555555557,,,,,,13.86252543924738
IT-TrF,2020,NIRv,42,32,35.0,35,0,0.0879014973901527,double_logistic,0.9713297949842896,0.0091590254876849,0.9858882683279876,0.0830285694875114,0.2258298150671914,145.24851974348,0.170598558441524,267.0749235105868,0.0502036233903951,178.5,0.1406581603878853,132.5,145.25,157.75,311.25,267.75,226.25,True,,229.55555555555554,317.05555555555554,173,122.5,,,216.97925139664804,9.099011173184357,,,,,,13.997877503903323
IT-TrF,2021,NIRv,30,23,25.0,47,3,0.0879014973901527,double_logistic,0.9549512910009798,0.0098146140222417,0.9775380658378504,0.0856738607332808,0.2268534815135157,160.51005060556827,0.2035158308527207,273.4799667280152,0.0464105455046931,187.5,0.1380375187646654,150.0,160.5,170.75,321.5,274.5,230.75,True,,229.55555555555554,317.05555555555554,172,114.0,,,197.90532558139535,8.757651162790697,,,,,,13.774925806125898
IT-TrF,2022,NIRv,43,26,34.0,38,0,0.0879014973901527,double_logistic,0.972698636035823,0.0089079876465179,0.9864996437608626,0.0856971486630503,0.2271104181994424,140.99771565917283,0.2056597031956247,262.2279568378921,0.0452486722704653,169.0,0.1389169685762759,130.5,141.0,151.25,311.25,263.25,217.5,True,,229.55555555555554,317.05555555555554,172,122.25,,,231.08813812154696,10.97843093922652,,,,,,14.406169430374282
IT-TrF,2023,NIRv,34,26,27.0,46,0,0.0879014973901527,double_logistic,0.9672271671683932,0.0075484031747093,0.9840268606691774,0.085212420859703,0.2215682153163158,153.80420388475733,0.1204279797006879,271.11660212474044,0.0382082014602808,189.75,0.1287534695147713,135.75,153.25,169.75,330.5,274.25,225.75,True,,229.55555555555554,317.05555555555554,172,121.0,,,202.51354871794868,9.648384615384614,,,,,,14.022163175925922
IT-TrF,2024,NIRv,35,26,27.0,50,5,0.0879014973901527,double_logistic,0.95627797753605,0.0118574558603119,0.9779224399377016,0.0849680457261224,0.2392679371986634,156.86286656582678,0.1004768947211764,263.93787439266845,0.0526915780274497,198.0,0.1472288168698028,134.75,156.25,175.75,306.75,265.75,229.75,True,,229.55555555555554,317.05555555555554,173,109.5,,,201.61204069767442,9.87561046511628,,,,,,13.825115716026977
JP-Api,2022,NDVI,13,7,7.0,27,5,0.544783840212602,double_logistic,0.986001217097226,0.015648706436227,0.9932000907863262,0.5415076066278065,0.8908557945292908,128.4546412055709,0.171528424253257,290.6695028700762,0.2388364505600068,222.0,0.3493481240109135,115.75,128.5,141.5,300.0,290.75,281.5,True,,,,172,162.25,1214.22211952,789.29673,180.74397297297298,14.69541081081081,375.7260017,848.78261782,822.7316110000002,,,11.205634409643428
JP-Api,2022,NIRv,13,7,8.0,27,5,0.0851617811413081,double_logistic,0.9650477898822498,0.0222685029966255,0.9833360253453884,0.0783630799257335,0.4035902007811501,130.37521635095428,0.1954154802154562,270.6300690841788,0.0568875575827035,167.0,0.324081136008871,119.25,130.5,141.5,309.5,271.0,232.75,True,,,,172,140.5,1216.14406512,796.7185000000001,177.1647052631579,14.425289473684208,375.33111799999995,851.0994471199999,525.8445699999999,,,13.360818265292952
JP-Fhk,2016,NDVI,21,11,11.0,3,15,0.5513271491079164,double_logistic,0.9970774576386624,0.0074450737305112,0.9985459860351802,0.5521639365044106,0.8613637456899231,125.33231909925418,0.1858373262421042,313.6206575107989,0.1237191425748873,202.0,0.3091992974629225,113.75,125.5,137.25,331.5,313.75,296.0,True,,291.84375,322.875,173,188.25,1741.0874138999998,1451.83473,173.6315871559633,15.356830275229356,624.10586,1125.0990339,1059.0478820000003,1121.0298387,1031.2485120000001,10.804047027574944
JP-Fhk,2017,NDVI,18,11,11.0,6,15,0.5513271491079164,double_logistic,0.9844561543802092,0.013097495894324,0.992200038781422,0.5548090536658625,0.8615882759552613,127.50084417746848,0.2020280616371739,306.1865681087013,0.2312875519918054,222.5,0.306779219667151,116.75,127.75,138.5,315.75,306.25,296.75,True,,291.84375,322.875,172,178.5,1829.2048241,1444.8871099999997,182.82850753768844,15.765603015075376,539.39796,1296.8240041,1264.2234530000003,1299.4647011,1253.80017,10.778223313315651
JP-Fhk,2018,NDVI,22,12,12.0,7,14,0.5513271491079164,double_logistic,0.9901486111341816,0.0124089521038522,0.9951145425816208,0.5579215179556681,0.8686732134155233,118.42833866907138,0.211654511345186,306.4929120891497,0.1172906779683661,187.25,0.3107512867836551,108.25,118.5,129.0,325.25,306.5,288.0,True,,291.84375,322.875,172,188.0,1913.7181776,1601.2741,191.08992165898616,15.921866359447005,612.6013800000001,1314.2845975999999,1227.6069140000002,1315.6145516000001,1242.5840239999998,11.087544508660422
JP-Fhk,2019,NDVI,22,7,7.0,5,15,0.5513271491079164,double_logistic,0.9920307888264082,0.0106869941732512,0.9961256807417572,0.5550073117654987,0.8714981546190879,129.7663735184884,0.1797443289494503,309.6781369011624,0.103055273265344,197.25,0.3164861940508353,117.75,130.0,142.0,331.0,309.75,288.5,True,,291.84375,322.875,172,179.75,1769.0843870000003,1473.5794799999999,168.92885981308413,15.468322429906543,508.64324999999997,1274.635537,1188.5545499999998,1268.919613,1195.00557,11.069443902550399
JP-Fhk,2020,NDVI,23,14,14.0,4,14,0.5513271491079164,double_logistic,0.9978802728064468,0.0062183151990698,0.9989525731459772,0.5554330532973865,0.8733464319925182,129.33086232981847,0.2748851035664952,304.29112210281943,0.1829625500831115,200.25,0.3179133758900843,121.5,129.5,137.5,316.5,304.5,292.5,True,,291.84375,322.875,173,175.0,1857.7160239,1557.37027,173.4748205128205,16.258446153846155,571.18579,1297.9566338999998,1233.117785,1297.121947,1227.081365,10.926374988879736
JP-Fhk,2021,NDVI,33,18,15.0,1,16,0.5513271491079164,double_logistic,0.9838450603240864,0.0144526979194476,0.9919629830128958,0.5611735207770103,0.8604936269434449,123.43415384717014,0.1501906338215898,303.3849210724375,0.2072021584159764,226.75,0.2993200135512861,109.0,123.5,138.25,314.0,303.5,293.0,True,,291.84375,322.875,172,180.0,1744.3611606,1430.7534299999998,183.85033495145632,15.47271844660194,703.64545,1056.2564106,1019.977527,1060.8732426,1013.3520669999999,10.908725575977572
JP-Fhk,2022,NDVI,27,11,11.0,8,5,0.5513271491079164,double_logistic,0.9816280450187362,0.0163618940129061,0.9909754608026116,0.5598314812880762,0.8486495730082456,124.29311436046152,0.5700247621982366,307.095486694876,0.9999999999974932,188.75,0.2888180917201693,120.5,124.5,128.25,309.5,307.25,305.0,True,,291.84375,322.875,172,182.75,1731.7129909999999,1415.55842,182.61844973544976,16.326650793650796,546.23402,1198.4203710000002,1184.6809210000001,1213.8014702,1139.82337,10.504844252582231
JP-Fhk,2023,NDVI,42,21,26.0,2,8,0.5513271491079164,double_logistic,0.985705133343899,0.0157968069817732,0.9928280041708522,0.5622282887932172,0.8748004195930292,118.86828145815818,0.1758884667863371,307.0714355657665,0.0682650626292221,175.25,0.3125180950132468,106.5,119.0,131.5,339.5,307.25,275.0,True,,291.84375,322.875,172,188.25,1884.4019903,1478.1899270000001,191.6394635193133,15.430244635193132,616.45826,1284.5908303,1138.6232,1282.7229092,1223.09637,11.570752537655261
JP-Fhk,2016,NIRv,21,11,12.0,3,15,0.0669806650924786,double_logistic,0.9784661036153632,0.0117916314015549,0.9894141045271734,0.0677162466485932,0.2728111482512164,122.35914324376022,0.1709736576967349,284.0778549125881,0.0403016405881052,160.0,0.2033946357428185,109.75,122.5,135.0,339.0,284.5,231.75,True,,247.0625,322.8125,173,162.0,1762.9319801,1478.10843,173.05620000000002,14.913095652173912,644.68303,1126.3664301000001,646.5416799999999,1121.0298387,776.8285119999999,13.187313169914042
JP-Fhk,2017,NIRv,18,11,11.0,6,15,0.0669806650924786,double_logistic,0.980375470917578,0.0087897093471726,0.9935766830578204,0.0704274138258479,0.3048285336375406,129.95394236026007,0.0989834035707252,283.4169355708347,0.0581222647326183,190.25,0.2327646858003658,107.75,130.0,151.75,321.5,283.75,247.0,True,,247.0625,322.8125,172,153.75,1851.4250781,1495.7860199999998,183.91288317757008,15.207514018691588,559.1111240000001,1299.3310941,944.6979399999999,1299.4647011,944.6979399999999,12.636200139213617
JP-Fhk,2018,NIRv,22,12,12.0,7,14,0.0669806650924786,double_logistic,0.9854855789408612,0.0080262262649349,0.9928840942124506,0.0735119893479289,0.2508429381802807,115.40990280737816,0.1147241192538004,295.48688467178044,0.0838599348308916,193.0,0.1772739811124285,96.5,115.5,134.75,321.75,295.5,269.5,True,,247.0625,322.8125,172,180.0,1930.6455712999998,1632.36503,195.06969777777778,15.702164444444445,628.2499249999998,1315.5634463000001,1096.327934,1315.6145516000001,960.8200300000001,11.780010878616284
JP-Fhk,2019,NIRv,22,7,7.0,5,15,0.0669806650924786,double_logistic,0.9768734096958336,0.0116771762328986,0.9886917382838556,0.0759492425903781,0.295643714579897,131.28822226088684,0.1234734683529859,286.5683432004945,0.0654420480905112,188.5,0.2191487297106874,113.5,131.25,149.0,320.25,286.75,253.5,True,,247.0625,322.8125,172,155.5,1769.1552030000003,1455.1606499999998,171.79191304347825,15.772821256038648,516.16127,1267.1883329999998,943.24731,1268.919613,875.4783699999999,12.39133748054466
JP-Fhk,2020,NIRv,23,14,14.0,4,14,0.0669806650924786,double_logistic,0.985509128573585,0.0091104447366813,0.9928929095113556,0.0746779367020133,0.2701188046792783,128.03377950284542,0.2438566423008855,277.4827209968737,0.0579366159755634,161.5,0.1951494624243558,119.25,128.25,137.0,315.5,277.75,240.0,True,,247.0625,322.8125,173,149.5,1865.776392,1563.72653,175.00074489795918,16.260948979591834,579.1978999999999,1298.004892,850.020745,1297.121947,909.428765,12.894310392756134
JP-Fhk,2021,NIRv,33,18,18.0,1,16,0.0669806650924786,double_logistic,0.9782394588379691,0.0099757622605333,0.9891048494800572,0.0701917328736952,0.2691122799457796,121.70330377491268,0.1189187911982033,280.67562119645163,0.0674443951062074,182.25,0.1985120596432701,103.25,121.75,140.25,313.5,280.75,248.5,True,,247.0625,322.8125,172,159.0,1754.7295316,1444.38006,183.6583619047619,15.305985714285715,714.3121899999999,1055.9580416,754.22551,1060.8732426,748.64508,12.580055493318863
JP-Fhk,2022,NIRv,27,11,14.0,8,5,0.0669806650924786,double_logistic,0.9929074228742109,0.0064299389459036,0.9965459773121116,0.0674973956009528,0.2610482047276325,124.41008742365447,0.6486059064268591,286.0868866097679,0.0649526039662009,142.25,0.1935320268749711,121.25,124.5,128.0,320.0,286.25,252.5,True,,247.0625,322.8125,172,161.75,1742.5556498,1450.23018,181.21013065326636,15.901859296482414,541.34324,1214.1538098,907.7536799999999,1213.8014702,871.1048,12.42924746234474
JP-Fhk,2023,NIRv,42,21,26.0,2,8,0.0669806650924786,double_logistic,0.990100763218643,0.0083662116647481,0.9951460028949358,0.0693646836810697,0.2894012222030799,120.58088815392544,0.1091580833651367,280.8856890650378,0.0441349523116384,172.75,0.2174532534450684,100.5,120.5,140.0,331.0,281.5,233.75,True,,247.0625,322.8125,172,161.0,1902.3695406000002,1488.6587299999999,194.94202597402597,15.72390043290043,633.57277,1285.4438706,740.1092100000001,1282.7229092,868.8842099999999,13.117643228196822
JP-Fjy,2016,NDVI,19,9,9.0,3,15,0.6629941997281206,double_logistic,0.9591302083287416,0.015631845412978,0.9803872051919604,0.6669563920848598,0.8419246595149968,129.6068539836705,0.253817756283665,312.7511491227477,0.1437460769100562,197.25,0.1749682505375321,121.0,129.75,138.5,328.25,313.0,297.5,True,,295.4166666666667,316.6666666666667,173,183.25,1714.8698100000001,1447.7291699999998,172.59580288461535,16.013014423076925,540.38586,1181.22138,1048.24511,1140.06882,1035.8863900000001,10.752035586754033
JP-Fjy,2020,NDVI,25,13,13.0,2,14,0.6629941997281206,double_logistic,0.8948001939682579,0.0237503227455347,0.9479721472917598,0.6643997799205419,0.8515477143762581,133.31671134117823,0.2618034521261699,301.89003548189686,0.2907645151535635,221.75,0.1871479344250211,125.0,133.5,141.75,309.5,302.0,294.5,True,,295.4166666666667,316.6666666666667,173,168.5,1535.1695409999998,1312.68398,163.72527567567568,16.928686486486484,434.37101,1110.068821,1038.4053609999999,1136.0560309999998,1042.5105909999997,10.85565015922344
JP-Fjy,2021,NDVI,36,20,16.0,1,10,0.6629941997281206,double_logistic,0.991750283725392,0.0064925624973858,0.99590067791525,0.6661566098048899,0.8408265515078952,130.8673599844764,0.2093811789452719,303.1152381561927,0.2445525097533565,223.25,0.174669940433338,120.5,131.0,141.5,312.25,303.25,294.25,True,,295.4166666666667,316.6666666666667,172,172.25,327.453343,229.04272,175.30884895833333,16.178291666666667,327.453343,,,,,10.864385348273023
JP-Fjy,2016,NIRv,19,9,10.0,3,15,0.095201497961417,double_logistic,0.9880030929958568,0.0062606444262818,0.9939844552412752,0.0945177327791505,0.243757434254043,123.24535913874792,0.1714794226564099,276.5624835186804,0.035001652480235,157.0,0.1465459657978741,110.75,123.25,135.5,340.0,277.75,218.75,True,,249.16666666666666,320.1666666666667,173,154.5,1809.089365,1510.62618,170.9094391304348,15.16276956521739,603.08113,1212.745665,457.0100499999999,1154.9761899999999,742.2845599999999,13.612547700410355
JP-Fjy,2017,NIRv,20,11,11.0,1,15,0.095201497961417,double_logistic,0.8918604137602695,0.0137582206425276,0.9540218242677164,0.0972099816045413,0.2414065525858725,127.4180137810488,0.1157344343329317,287.4382250722682,0.0735919603298908,192.0,0.1439864694375635,108.5,127.5,146.5,317.5,287.5,258.0,True,,249.16666666666666,320.1666666666667,172,160.0,1752.288923,1377.79792,182.5909090909091,15.591000000000001,557.54533,1201.045663,871.6784199999998,1211.441293,781.0947600000001,12.220078442287516
JP-Fjy,2018,NIRv,23,12,12.0,3,14,0.095201497961417,double_logistic,0.9407254955846294,0.0116247819333382,0.970998480885862,0.0975026096850371,0.2238319958634715,116.94413086652348,0.120775685114724,294.79240443823926,0.0913447849271853,194.75,0.1263053313285659,98.75,117.0,135.25,319.0,295.0,271.0,True,,249.16666666666666,320.1666666666667,172,178.0,1748.2005379999998,1443.2013900000002,190.5439185520362,16.08564705882353,592.63759,1164.2451580000002,963.02644,1168.092018,813.5606499999999,11.72266585628445
JP-Fjy,2019,NIRv,22,6,6.0,4,17,0.095201497961417,double_logistic,0.9037897111266788,0.0142849373737726,0.953929589640108,0.0990458605538359,0.2417642538826359,131.09067986937524,0.1172272435450647,288.20997858496884,0.066265285786454,191.0,0.1423642242087989,112.5,131.25,149.75,321.5,288.5,255.5,True,,249.16666666666666,320.1666666666667,172,157.25,1769.713622,1579.58307,169.51267464114835,15.887052631578948,495.55167,1285.166952,913.49134,1280.893252,846.1248300000001,12.315445666567518
JP-Fjy,2020,NIRv,25,13,13.0,2,14,0.095201497961417,double_logistic,0.9533625107481448,0.0103969619691848,0.9776165184421512,0.0994902179702469,0.2326625111003676,127.98239954927172,0.2049538351344685,277.3500838404113,0.069269364800123,169.75,0.13306966538931,117.5,128.0,138.75,309.25,277.5,245.75,True,,249.16666666666666,320.1666666666667,173,149.5,1580.2798109999999,1339.03799,167.27825520833335,16.736416666666667,479.48127999999997,1110.068821,728.6427199999999,1150.7573309999998,758.73617,12.68306605477583
JP-Fjy,2021,NIRv,36,20,20.0,1,10,0.095201497961417,double_logistic,0.9753950007767912,0.0079000980355121,0.988315807410184,0.0953098382467392,0.2289117701221138,122.27582863326724,0.1014067696669198,279.4459526859636,0.0643070383323674,186.0,0.1330663093543729,100.75,122.25,143.75,313.75,279.75,246.0,True,,249.16666666666666,320.1666666666667,172,157.5,431.564333,275.73115,180.680455399061,15.46431455399061,431.564333,,,,,12.673759932301497
JP-Fmt,2014,NDVI,15,8,9.0,0,20,0.4840445438872601,double_logistic,0.9804789419490436,0.0172048291284836,0.9901958037427931,0.4902943085779103,0.770752252889976,108.69620922647596,0.2194937611848565,328.5274330413708,0.0891034533661022,175.0,0.2804574889870119,98.75,108.75,118.75,353.25,328.75,304.0,True,,305.5625,352.59375,172,220.0,,,174.81543921568627,18.092698039215687,,,,,,10.526123478776814
JP-Fmt,2016,NDVI,27,12,11.0,1,12,0.4840445438872601,double_logistic,0.9619114064527158,0.0255163382654627,0.9818004296197343,0.5058949414904292,0.7833855139243858,110.51371917420217,0.2106237389251351,325.7572543493599,0.2144002242325305,219.0,0.2774905723690397,100.25,110.75,121.0,336.25,326.0,315.75,True,,305.5625,352.59375,173,215.25,,,171.58016101694918,19.49771186440678,,,,,,10.172276164731908
JP-Fmt,2017,NDVI,34,14,15.0,0,4,0.4840445438872601,double_logistic,0.9779104715539793,0.0187579561289197,0.988921783018368,0.4939664769187374,0.7694113362537094,110.42582085884028,0.2191563189787133,330.67221521260734,0.1191937633570836,189.75,0.2754448376018167,100.5,110.5,120.5,349.25,330.75,312.25,True,,305.5625,352.59375,172,220.25,,,177.4307309236948,18.460144578313255,,,,,,10.271570468236504
JP-Fmt,2018,NDVI,33,18,18.0,3,8,0.4840445438872601,double_logistic,0.9752760707402046,0.0195964319667051,0.9876168129126688,0.4905388151090837,0.7836199158372539,103.28678668532524,0.1796692771106739,329.87180385004933,0.067588789865894,169.25,0.2930733601590414,91.25,103.5,115.75,362.5,330.0,297.5,True,,305.5625,352.59375,172,226.5,,,177.4069446494465,18.437335793357935,,,,,,10.743447407335154
JP-Fmt,2019,NDVI,40,19,19.0,0,5,0.4840445438872601,double_logistic,0.979952653337709,0.0177108916740505,0.9899380374704916,0.5026354194785296,0.7840002370970672,109.45957301073712,0.2005874279591711,336.08544292877576,0.0968104913398943,185.75,0.2813646196014179,98.75,109.5,120.5,359.0,336.25,313.5,True,,305.5625,352.59375,172,226.75,,,168.44898850574714,18.093352490421456,,,,,,10.235457626950375
JP-Fmt,2020,NDVI,32,15,15.0,0,7,0.4840445438872601,double_logistic,0.9607003358026556,0.023513355898459,0.9803977031178724,0.5142044630195417,0.7916485525352194,111.4012803847092,0.1181222917337098,323.9288578400217,0.0922107460891566,205.75,0.2774349454214995,93.0,111.5,130.0,348.0,324.0,300.25,True,,305.5625,352.59375,173,212.5,,,169.52522265624998,18.390464843750003,,,,,,10.649936125960458
JP-Fmt,2021,NDVI,49,26,27.0,0,3,0.4840445438872601,double_logistic,0.9548114815334592,0.0242021080074364,0.9774152957787752,0.5037523876187969,0.7795051774209947,101.48282108098924,0.1354643607299568,325.6379230392365,0.0717022728668598,182.25,0.2757384550815747,85.5,101.5,117.75,356.5,325.75,295.25,True,,305.5625,352.59375,172,224.25,,,173.702036900369,18.287531365313654,,,,,,10.821488631502687
JP-Fmt,2023,NDVI,64,34,32.0,1,0,0.4840445438872601,double_logistic,0.9677095229476907,0.0202475067243229,0.983725077181645,0.5093186132862765,0.7754476185765738,103.92798738999616,0.1036713283055995,330.85796714608915,0.0879436621441787,209.0,0.2661181576385657,82.75,104.0,125.25,356.0,331.0,306.0,True,,305.5625,352.59375,172,227.0,,,189.52664233576644,19.406357664233578,,,,,,10.4620202064784
JP-Fmt,2014,NIRv,15,8,10.0,0,20,0.0759099374902515,double_logistic,0.9863123627503838,0.0083285219833101,0.9933038264627304,0.0741135193590803,0.2587210750790014,107.38654398924096,0.1649648160745133,294.2254372049146,0.0355375565651748,148.25,0.1833643442527118,94.25,107.5,120.5,356.5,294.75,234.25,True,,223.05555555555554,354.47222222222223,172,187.25,,,174.71105725190841,17.81765648854962,,,,,,13.108086136388678
JP-Fmt,2015,NIRv,21,12,13.0,0,17,0.0759099374902515,double_logistic,0.9896396664085562,0.0073254268164112,0.9950006403535162,0.0760340022199214,0.2815129400702726,111.83263660230608,0.1733378691101494,276.809142152146,0.0335527108402269,146.5,0.2024140382409533,99.25,112.0,124.25,343.0,277.75,215.75,True,,223.05555555555554,354.47222222222223,172,165.75,,,174.54386885245904,19.218065573770495,,,,,,13.71378939770807
JP-Fmt,2016,NIRv,27,12,13.0,1,12,0.0759099374902515,double_logistic,0.9824604318753024,0.0104404542890968,0.9911988249864554,0.0765172776886884,0.3037462448579204,110.78513724792889,0.0971724406225649,276.9231255285077,0.0262071526945731,157.25,0.2153087964944402,88.5,110.25,130.75,363.25,281.0,210.0,True,,223.05555555555554,354.47222222222223,173,170.75,,,163.84181090909092,18.07898181818182,,,,,,13.875167409253011
JP-Fmt,2017,NIRv,34,14,17.0,0,4,0.0759099374902515,double_logistic,0.9746230234577332,0.012577933002856,0.9872652208624628,0.075979315205049,0.2824862214921452,112.0438256892616,0.1570649290961917,290.8895322307847,0.0320270675445704,150.75,0.2037397909544308,98.25,112.0,125.75,360.0,291.75,226.5,True,,223.05555555555554,354.47222222222223,172,179.75,,,174.33459160305344,17.870935114503816,,,,,,13.375182679852717
JP-Fmt,2018,NIRv,33,18,18.0,3,8,0.0759099374902515,double_logistic,0.980312948140472,0.0098805897173512,0.990271888473018,0.0749179231361356,0.2664749446698489,102.38586491020412,0.155124942631577,296.9769788845133,0.0378282818138956,148.0,0.190714060718289,88.25,102.5,116.5,355.25,297.25,240.25,True,,223.05555555555554,354.47222222222223,172,194.75,,,180.41750561797753,18.683621722846443,,,,,,12.891649408452968
JP-Fmt,2020,NIRv,32,15,17.0,0,7,0.0759099374902515,double_logistic,0.9834327262741992,0.0094964100508163,0.991734941694106,0.0788460838671257,0.309809670442605,113.87939852079803,0.0880167460772491,263.3981752859142,0.0275171376445015,160.25,0.2143594531716878,89.25,113.0,135.0,346.25,268.75,204.5,True,,223.05555555555554,354.47222222222223,173,155.75,,,168.93621400778213,18.330108949416342,,,,,,14.013793838541003
JP-Fmt,2021,NIRv,49,26,28.0,0,3,0.0759099374902515,double_logistic,0.981116054448274,0.0095039825211927,0.990529727845074,0.0740169619551644,0.2635684353064763,99.6330463510904,0.1268349100739877,282.50963492077096,0.0338159949538409,146.5,0.1871683555949094,82.5,99.5,116.5,348.0,283.5,221.25,True,,223.05555555555554,354.47222222222223,172,184.0,,,175.6300977443609,18.58063157894737,,,,,,13.545891767975576
JP-Fmt,2022,NIRv,57,23,26.0,0,7,0.0759099374902515,double_logistic,0.952356595005885,0.0141389402947293,0.976167827899368,0.0761877486439884,0.2661629547692958,109.29141880979805,0.1199145600873813,284.2818854746653,0.0312436269436917,154.5,0.1859011886938738,91.0,109.25,126.75,355.5,285.75,220.5,True,,223.05555555555554,354.47222222222223,172,176.5,,,171.08256226415094,18.35074716981132,,,,,,13.569488664886771
JP-Fmt,2023,NIRv,64,34,41.0,1,0,0.0759099374902515,double_logistic,0.9795325920211932,0.0101061045046245,0.9897251545279804,0.0749155441798915,0.2610627091494115,103.07588496242808,0.0891840378239656,295.7063654003095,0.033224373770668,163.5,0.1830263472480367,78.5,103.0,126.5,362.5,296.75,234.5,True,,223.05555555555554,354.47222222222223,172,193.75,,,187.52819014084506,19.015014084507044,,,,,,13.09921736254658
JP-NsM,2014,NIRv,12,3,3.0,0,21,0.0966339993324935,double_logistic,0.9779330367727972,0.0079887391186044,0.988931936053308,0.0949943957597917,0.3460492225979313,171.12348233848152,0.0294628327461274,254.60150531233475,0.0311260137183255,212.5,0.1404622961232862,77.75,144.25,186.5,341.75,279.0,238.25,True,,,,172,134.75,1903.210861,1633.9003400000001,175.86623106060605,15.928371212121213,864.033712,1048.9745090000001,537.4555700000001,,,13.011000281198944
JP-SMF,2014,NIRv,12,4,6.0,0,0,,double_logistic,0.9815970957527812,0.0076349119417367,0.9907799334496098,0.121454854117653,0.2552402705693822,120.74943818454608,0.1418665959100322,279.1112864354963,0.0340338159042311,159.75,0.1309950641566718,105.5,120.75,135.5,344.5,280.5,220.25,True,,,,172,159.75,1481.270822,1641.94081,185.09975313807533,19.32178661087866,468.64006500000005,1019.244137,331.21432,,,13.555171872659763
JP-Spp,2015,NDVI,14,6,6.0,15,8,0.5597486487794793,double_logistic,0.9719048691090812,0.0198355238757111,0.9860160554059108,0.5549473189018032,0.8591671204346134,135.50185604542955,0.1943297628137786,285.8258143317512,0.1325438834123245,197.75,0.304215514765946,124.25,135.75,147.0,302.5,286.0,269.25,True,,,,172,150.25,1237.181744,1226.474036,183.86991573033708,15.322123595505616,409.0003,839.895644,742.049151,,,11.724409815449242
JP-Spp,2016,NDVI,12,7,7.0,21,10,0.5597486487794793,double_logistic,0.993911339812354,0.0051924628888171,0.996983545534192,0.5614339953764382,0.8761059136503395,140.73919805094704,0.4573158722556338,289.48812401999965,0.2188036055232974,190.0,0.3146719181114619,136.0,140.75,145.75,299.75,289.5,279.5,True,,,,173,148.75,1325.390936,1281.1655,191.4811829268293,16.216365853658537,349.44363000000004,989.4581059999999,936.689706,,,11.215319893250193
JP-Spp,2015,NIRv,14,6,8.0,15,8,0.1014603776468886,double_logistic,0.9793902070175446,0.012426947997791,0.990059121719858,0.0948954510058239,0.3372076633965353,133.67996313542378,0.1457405481339895,273.2018848725204,0.0646788523441512,180.5,0.2414472749765471,118.75,133.75,148.75,307.25,273.5,240.0,True,,,,172,139.75,1261.826078,1271.654306,183.4296984126984,15.067015873015874,431.73434999999995,841.805928,541.3965709999999,,,13.17299713844774
JP-Spp,2016,NIRv,12,7,9.0,21,10,0.1014603776468886,double_logistic,0.972557614621308,0.0111462928293365,0.9864390861322352,0.1000599914165278,0.3714977677223592,141.1539559889647,0.3416133425538145,273.2413249408111,0.0474421644168211,162.25,0.2698416011504142,134.75,141.25,147.5,319.75,273.5,228.25,True,,,,173,132.25,1339.2139005,1352.95109,179.03705405405407,14.681124324324326,353.91352000000006,998.8111805000001,615.67273,,,13.717260359728552
JP-Tak,2018,NDVI,19,10,11.0,17,8,0.6768521093316858,double_logistic,0.814474105444164,0.0408712655671422,0.911502274832604,0.6781564123983781,0.9010851932967622,136.965976407686,0.3162926996144281,285.5032251146003,0.1545454953809453,187.25,0.2229286965965244,130.25,137.0,144.0,299.75,285.75,271.5,True,,282.5,307.9166666666667,172,148.75,813.8295190000001,321.00834299999997,189.46023076923078,15.751674556213015,227.22746700000002,593.125982,549.968891,597.015659,569.5071409999999,11.695961446158426
JP-Tak,2020,NDVI,18,8,9.0,11,6,0.6768521093316858,double_logistic,0.9780618651125824,0.0133618230522705,0.9894479843477324,0.6772069540991583,0.885769106833115,146.74204776058534,0.5065747929730388,300.5132922838477,0.1332028527303878,180.75,0.2085621212523523,142.5,146.75,151.25,317.25,300.75,284.25,True,,282.5,307.9166666666667,173,154.0,632.7409876999998,233.81214469999998,160.54884571428568,14.664074285714287,109.45999,528.8566877,497.75041070000003,524.1120917000001,497.6390617,11.204266138937216
JP-Tak,2021,NDVI,15,6,5.0,17,7,0.6768521093316858,double_logistic,0.9983484638425044,0.0040946734149398,0.9992036810501204,0.6767512656485853,0.8964289372889518,147.05570303012115,0.3109537692903327,299.2348356859583,0.2933632965499304,221.0,0.2196776715940012,140.0,147.25,154.25,306.75,299.25,291.75,True,,282.5,307.9166666666667,172,152.0,730.457962,293.363027,166.9548622754491,15.07922155688623,126.463056,612.284486,596.8740310000001,612.3945199999999,574.433991,10.92535286622457
JP-Tak,2018,NIRv,19,10,12.0,17,8,0.1283596945956702,double_logistic,0.99149079665734,0.0085411454829499,0.9957389485368564,0.1264430116969205,0.3656465292783041,136.6997837374592,0.211483981598343,271.2233734648534,0.0669010202912049,173.25,0.238758362365041,126.5,136.75,147.25,304.25,271.5,238.75,True,,234.0,313.4166666666667,172,134.75,820.7018830000001,329.20732599999997,184.4707415730337,15.243634831460675,231.66748199999998,595.5583310000001,427.40933000000007,597.7325983000001,409.2128200000001,12.964323840429932
JP-Tak,2020,NIRv,18,8,9.0,11,6,0.1283596945956702,double_logistic,0.9743367240241536,0.0129543830781692,0.98726088731067,0.1245436809259557,0.364013042095574,143.4835854884176,0.1898118281053727,271.588831186146,0.0407930564523655,173.0,0.2343731988680776,132.0,143.5,154.5,326.25,272.75,222.75,True,,234.0,313.4166666666667,173,129.25,646.5994297,253.47557070000002,162.34078974358974,14.19877948717949,118.83875099999999,533.3363687,225.16332000000003,527.1306916999999,296.4256,13.5266554664287
JP-Tak,2021,NIRv,15,6,7.0,17,7,0.1283596945956702,double_logistic,0.9703531465782662,0.014368722418251,0.985245847620929,0.1265855139849532,0.3339829073560708,141.99760996079303,0.219161563095939,274.71039347956827,0.0631539608213872,176.0,0.206871065198207,132.0,142.0,152.0,309.75,275.0,240.5,True,,234.0,313.4166666666667,172,133.0,739.641835,307.812659,165.44256741573034,14.828353932584271,134.931716,612.999699,403.25941999999986,615.077,376.03638,12.899169704426296
JP-Tef,2021,NDVI,21,11,10.0,30,0,0.7602153003940468,double_logistic,0.9057481498006154,0.0133999641555728,0.9533333381419778,0.7606133084077618,0.8772414713645509,155.33163480939714,0.1348420726350574,289.98084663358713,0.1141639549806802,217.75,0.1165717957708276,139.25,155.5,171.75,309.25,290.0,271.0,True,,268.8333333333333,312.0833333333333,172,134.5,1295.4590600000001,1062.4032000000002,176.07932352941177,14.99194705882353,283.85556,1022.3243,881.8020799999999,1030.42989,858.5618199999999,11.609695075744305
JP-Tef,2022,NDVI,16,6,6.0,31,6,0.7602153003940468,double_logistic,0.9717935195921412,0.0070933453187277,0.986308758091041,0.7585871048913029,0.8923992648266363,153.215317458977,0.0855527805760149,294.07597740812616,0.0668019345840315,216.5,0.1324717123657831,127.5,153.0,178.0,327.25,294.5,262.75,True,,268.8333333333333,312.0833333333333,172,141.5,1781.8949400000001,1377.55422,157.25227,13.631550000000002,464.71520999999996,1329.1224300000001,1018.1982399999999,1301.04991,1071.55243,12.053903721138996
JP-Tef,2023,NDVI,15,4,4.0,30,7,0.7602153003940468,double_logistic,0.9904726860874574,0.0042686130167987,0.9954860894136004,0.7595760504697846,0.8691866106096384,148.57861499481967,0.1255830005150094,286.0897326166649,0.1624803881533327,225.25,0.1095977652680155,131.25,148.75,166.25,299.75,286.25,272.75,True,,268.8333333333333,312.0833333333333,172,137.5,1291.07871,423.25254708916907,164.12233928571428,16.595,366.51905000000005,935.32866,793.0293740000001,956.397391,761.6868440000001,11.515826069765064
JP-Tef,2021,NIRv,21,11,11.0,30,0,0.1598259995230027,double_logistic,0.9580087254801606,0.0095899198548856,0.9789453454514528,0.1585889549151662,0.2878090451505934,148.2904731268056,0.1346747381072582,278.6897769161461,0.0771977016161278,198.5,0.1288065459255745,132.0,148.25,164.5,307.25,279.0,250.75,True,,243.41666666666666,302.75,172,130.75,1340.01147,1084.0615500000001,180.21422727272727,14.943454545454545,332.91693,1017.81534,715.7665199999999,1008.66773,642.24955,12.697816883255165
JP-Tef,2022,NIRv,16,6,7.0,31,6,0.1598259995230027,double_logistic,0.9556639739881048,0.0101670904349067,0.9790878235912496,0.1583835973172592,0.3107725340521649,146.40000303900177,0.0963243715179429,272.1914480642699,0.0517061997909445,194.75,0.1482264197937723,123.5,146.0,167.25,315.5,273.25,234.5,True,,243.41666666666666,302.75,172,127.25,1771.9488000000001,1366.2398950000002,164.31596354166666,14.264244791666664,478.43199,1305.4595100000001,731.3508299999999,1274.1066700000001,853.39813,13.541309150452406
JP-Tef,2023,NIRv,15,4,4.0,30,7,0.1598259995230027,double_logistic,0.9597843078213508,0.0102814361079263,0.9797025668667084,0.1589888376481686,0.3113241848796528,141.79504223089558,0.082535826139759,264.9188549727935,0.1072623654065061,210.0,0.1513702426400382,115.25,141.75,167.75,285.5,265.25,245.0,True,,243.41666666666666,302.75,172,123.5,1299.513607,410.026540285661,171.47276470588235,16.34960588235294,432.95579,877.326817,622.8751880000001,939.49967,611.0063980000001,13.001742850480005
JP-Tmd,2017,NDVI,12,5,7.0,26,11,0.4548216971999436,double_logistic,0.978970216739442,0.0174997534297339,0.990046421789052,0.456259570762298,0.7413213439799448,149.1231908407446,0.2132537075294685,266.71781564641213,0.0770585609806186,183.75,0.2844088841933699,139.0,149.25,159.5,295.5,267.0,238.5,True,,256.8333333333333,306.2083333333333,172,117.75,1313.81113,1226.15621,175.13681528662417,15.638662420382165,343.61487,978.7966600000001,699.05111,996.5875910000001,830.6731900000001,13.23349910755127
JP-Tmd,2019,NDVI,19,9,9.0,27,10,0.4548216971999436,double_logistic,0.9792269467417553,0.0140387501877258,0.9895651237310212,0.4527622936914297,0.7286921683335413,143.4172534643521,0.1933265152105531,285.42369142492856,0.097548042942869,193.5,0.2758774729125431,132.25,143.5,155.0,308.0,285.5,263.0,True,,256.8333333333333,306.2083333333333,172,142.0,1072.282879,1108.6719300000002,164.5796193181818,15.622232954545455,280.64705,793.642729,662.8585900000002,790.3114390000001,628.1287400000001,12.03728031239767
JP-Tmd,2020,NDVI,13,6,6.0,15,15,0.4548216971999436,double_logistic,0.9929805397940312,0.0085904892554791,0.9964987877140936,0.4542184989554366,0.7227675682001311,152.3167584318444,0.4794336830812062,289.15554776879554,0.1189028880597145,181.75,0.2685481061107366,147.75,152.5,157.0,307.75,289.25,270.75,True,,256.8333333333333,306.2083333333333,173,136.75,1027.5444155999999,1120.10148,153.49449375,15.983724999999998,183.22541,853.7099256000001,738.7998256000001,852.1634956000001,669.3213356000002,11.652486879296829
JP-Tmd,2021,NDVI,30,14,15.0,26,0,0.4548216971999436,double_logistic,0.987024738125711,0.0144187890038383,0.9935391957725748,0.451826322939209,0.7531414082508049,147.80550995804316,0.1537563339032037,274.63778364819103,0.0697815149068784,191.0,0.3000452284281873,133.5,148.0,162.0,306.25,275.0,243.75,True,,256.8333333333333,306.2083333333333,172,127.0,1122.29859,1110.9160000000002,170.06134104046242,16.107433526011558,269.19921999999997,863.7534700000001,604.6510900000001,863.7534700000001,690.4057699999998,12.98358954985354
JP-Tmd,2022,NDVI,15,9,9.0,28,8,0.4548216971999436,double_logistic,0.950133830408873,0.0230803256932034,0.9750221988102952,0.4517724998115584,0.7442045589824974,147.65362879446766,0.1314708203017319,278.16316539171777,0.0688287188900351,195.75,0.2909059466648047,131.0,147.75,164.25,310.25,278.5,247.0,True,,256.8333333333333,306.2083333333333,172,130.75,1184.7534640000001,1182.2247699999998,158.13374444444446,15.858827777777778,341.05348,858.2089840000001,647.0878799999999,852.993475,694.1939699999999,12.826452037241157
JP-Tmd,2023,NDVI,18,9,8.0,33,0,0.4548216971999436,double_logistic,0.9617152032454042,0.0234402377223268,0.9822365903062134,0.4564474958515961,0.7463366822631112,144.8075676042963,0.1754097398055329,293.696668596766,0.1399163579347827,211.5,0.2898838438974655,132.5,145.0,157.5,309.5,293.75,278.0,True,,256.8333333333333,306.2083333333333,172,148.75,1185.445383,1401.2420000000002,158.4917740112994,17.10932203389831,324.18053000000003,873.619253,794.053892,869.1876729999999,712.1669969999999,11.295431426694343
JP-Tmd,2017,NIRv,12,5,7.0,26,11,0.0844290964797812,double_logistic,0.9977909077944728,0.0042056664460798,0.998974848173948,0.082484997623438,0.3119653941735995,148.46271895486498,0.1174576828426307,250.43345698163532,0.0577812627230484,186.25,0.2213104065086069,129.75,148.0,165.25,289.25,251.75,218.0,True,,231.375,298.875,172,103.75,1353.2069300000003,1280.38614,177.1029,15.552325000000002,395.27864999999997,966.5286800000002,522.8242100000001,983.1801750000001,641.6417099999998,14.133164746483203
JP-Tmd,2019,NIRv,19,9,9.0,27,10,0.0844290964797812,double_logistic,0.992639960540096,0.0046223394413183,0.9963391944935877,0.0832442522613899,0.2619129882383755,142.64483646611376,0.1820233931544682,268.66390788448274,0.0709389041625176,181.75,0.1781495625226969,130.75,142.75,154.75,299.75,268.75,238.25,True,,231.375,298.875,172,126.0,1065.5915770000001,1090.14388,169.1349467455621,15.923124260355028,288.71023999999994,778.888237,522.64208,778.362131,480.71928,13.245257774387312
JP-Tmd,2020,NIRv,13,6,6.0,15,15,0.0844290964797812,double_logistic,0.9924825679911432,0.0050492690610423,0.9966320871368528,0.0834842984952538,0.2758203107258047,152.0631820302009,0.1275352226350946,269.79266330791177,0.071013301347381,197.25,0.1906262376740179,135.0,152.0,168.75,301.0,270.25,240.25,True,,231.375,298.875,173,118.25,1072.3197756,1148.93334,159.5456107784431,15.73688622754491,240.44267,841.2680256000001,592.27723,834.3268056000001,527.26579,13.150805593714578
JP-Tmd,2021,NIRv,30,14,15.0,26,0,0.0844290964797812,double_logistic,0.9873808584250684,0.0084423561072828,0.9937070310380056,0.0826406546556829,0.2763467784934908,144.3186052834913,0.1309866865703563,252.74936059118932,0.0580351259319809,182.0,0.1891848057630382,127.5,144.25,160.0,291.25,253.75,218.75,True,,231.375,298.875,172,109.5,1115.1199430000001,1076.40066,177.76640853658535,16.585786585365856,288.61117,837.162873,427.63241000000005,852.5228529999999,525.1386,14.103222754948815
JP-Tmd,2022,NIRv,15,9,10.0,28,8,0.0844290964797812,double_logistic,0.9709733641651904,0.010611750487777,0.9855381099426112,0.0830997643530842,0.2885369393755149,145.5261919287169,0.1081003472185884,256.74195357831155,0.0509894604780561,186.0,0.1974574319732402,125.0,145.0,163.5,300.75,258.5,220.5,True,,231.375,298.875,172,113.5,1196.651883,1187.17733,166.09421022727273,16.152142045454546,369.27688,841.8840030000001,447.58592000000004,838.748153,536.3352899999999,14.032281744835736
JP-Tmd,2023,NIRv,18,9,9.0,33,0,0.0844290964797812,double_logistic,0.9442844565133016,0.0157851705488762,0.972356483625745,0.0844868880307517,0.2439826364670438,139.78200234610554,0.1423312936902499,281.7143582312744,0.07448305349921,191.5,0.1592021391746396,124.5,140.0,155.25,311.25,282.0,252.5,True,,231.375,298.875,172,142.0,1216.177171,1436.0466099999999,159.16783957219252,16.692839572192515,352.30424,876.2273309999999,696.4432869999999,853.6302720000001,575.2733600000001,12.55736938423192
JP-Yms,2015,NDVI,12,8,7.0,0,23,0.6655477652439188,double_logistic,0.9956716715967314,0.004608891882727,0.9978535171907018,0.6714243546348481,0.8564464823006062,111.35696901599056,0.0535617333496027,306.48991258099915,0.0562896323662487,211.0,0.1832836325627151,70.25,111.25,150.75,345.75,307.0,269.25,True,,295.3888888888889,343.55555555555554,172,195.75,1499.2295949,1439.9055985130522,178.33817090909093,19.034323636363638,527.333358,979.3039169,768.30149,979.7912149,845.6491300000001,11.79459791485898
JP-Yms,2016,NDVI,17,8,8.0,0,15,0.6655477652439188,double_logistic,0.9859068585235772,0.0094806213707248,0.9929857483319838,0.6731564750561431,0.8571540624039568,125.65250322127648,0.1984129867256786,323.7945869667643,0.0926361875685093,191.25,0.1839963220359048,114.75,125.75,136.75,347.75,324.0,300.25,True,,295.3888888888889,343.55555555555554,173,198.25,1265.2586602000001,1001.01339,184.1697639484979,20.696128755364807,427.523292,845.8830582,712.163793,837.5330082,698.1357929999999,10.692134309217959
JP-Yms,2017,NDVI,18,12,11.0,0,21,0.6655477652439188,double_logistic,0.9327444377616044,0.0173123951661984,0.9658565623785366,0.6939071601591447,0.8375282981461504,117.34145037114456,0.2055480996828155,318.60934437479443,0.1647239035647571,207.5,0.1436211350853913,106.75,117.5,128.25,332.0,318.75,305.5,True,,295.3888888888889,343.55555555555554,172,201.25,1452.5017520000001,1081.70653,166.44311946902653,20.577004424778767,499.46148999999997,956.846212,864.360404,975.1362670000001,825.0434230000001,10.525617809707569
JP-Yms,2018,NDVI,31,12,14.0,0,3,0.6655477652439188,double_logistic,0.94139227997424,0.017506204645276,0.9707556523965002,0.6727231615255336,0.8431731148149414,108.97237585200509,0.1968836366399241,324.4617746445489,0.0922630525334182,180.25,0.1704495323364715,98.0,109.0,120.25,348.5,324.5,300.75,True,,295.3888888888889,343.55555555555554,172,215.5,1802.2217010000002,1619.21738,186.62066932270918,19.55708764940239,672.0270100000001,1141.0581909999999,975.382561,1130.281751,949.0241809999999,10.675904163429486
JP-Yms,2019,NDVI,29,14,13.0,0,7,0.6655477652439188,double_logistic,0.896474422414475,0.0211471722191239,0.9481501950346476,0.6904849241347949,0.8451048796221426,122.26909504673016,0.1546809804563619,321.7492914755177,0.1403059626511456,217.5,0.1546198248578056,108.25,122.5,136.5,337.5,321.75,306.25,True,,295.3888888888889,343.55555555555554,172,199.25,1558.440851,1350.4559193999999,187.49530567685588,20.34347598253275,547.84523,1020.776221,960.964213,1027.6701469999998,928.038103,10.502579187644736
JP-Yms,2020,NDVI,26,14,14.0,0,13,0.6655477652439188,double_logistic,0.9413727636313312,0.0172998981970731,0.9707896995215372,0.6784789166277233,0.8519101560326269,120.30745418579428,0.1421448388505004,325.2150873229953,0.0860691213452809,199.75,0.1734255345489895,105.0,120.5,136.0,350.75,325.25,299.75,True,,295.3888888888889,343.55555555555554,173,204.75,763.8956980000002,576.3968368186099,179.37874390243903,19.494869918699187,130.2253122,637.9765457999999,474.32797580000005,622.0056058,453.96575580000007,10.70843746500915
JP-Yms,2021,NDVI,34,14,13.0,0,9,0.6655477652439188,double_logistic,0.9512722648738098,0.0162519230901821,0.9753339109158998,0.6783527492044387,0.8559790426006948,111.07232957015516,0.1027770556341151,317.7263829370804,0.0858592328416052,206.0,0.1776038880283236,89.75,111.25,132.5,343.5,317.75,292.25,True,,295.3888888888889,343.55555555555554,172,206.5,2232.482419,2232.6743699999997,180.58267716535434,19.0965905511811,822.48203,1424.7714890000002,1195.081056,1424.7714890000002,1219.393266,10.960872228862929
JP-Yms,2022,NDVI,45,20,23.0,0,0,0.6655477652439188,double_logistic,0.9552517782445747,0.0161967376245821,0.9774773781186932,0.6845931099500594,0.8500867386639313,109.79798081891684,0.3697381317160795,320.4424978079037,0.0998854826837367,157.5,0.165493610953472,104.0,110.0,115.75,342.5,320.5,298.5,True,,295.3888888888889,343.55555555555554,172,210.5,2407.90823,2218.99835,190.2041338912134,20.13392468619247,818.35514,1597.41302,1393.68415,1600.40833,1375.73365,10.749506126049878
JP-Yms,2023,NDVI,44,28,27.0,1,0,0.6655477652439188,double_logistic,0.8887121214526874,0.0236199329715894,0.9446414749977764,0.6852884800890726,0.8495210530819828,112.5436457553684,0.0844833108790641,314.67354807046013,0.076206655691994,209.0,0.16413288536343,86.75,112.75,138.5,343.75,314.75,286.0,True,,295.3888888888889,343.55555555555554,172,202.0,2356.426523,2152.28657,196.16433073929963,19.835455252918287,920.392143,1448.2511800000002,1181.0568899999998,1448.2511800000002,1238.7857000000001,11.180560466753088
JP-Yms,2015,NIRv,12,8,9.0,0,23,0.1366285039699734,double_logistic,0.9816377207812286,0.0076674224787014,0.9907837314835276,0.1311295220775506,0.3197479176188439,116.00383094696316,0.1382661102638266,263.016765860501,0.0266207332816479,150.25,0.1780474969169131,100.75,116.0,130.5,348.0,267.25,198.0,True,,220.28125,349.59375,172,151.25,1460.1484669,1380.809075513052,180.3589274193548,19.907274193548385,483.13606999999996,984.4200769,233.03062,986.5399269,453.05582,14.08642303568219
JP-Yms,2016,NIRv,17,8,9.0,0,15,0.1366285039699734,double_logistic,0.983526055384823,0.0099276574911022,0.9917656919698848,0.1340762898469703,0.3327097499525608,122.43662948831492,0.1521985267532201,286.98574011744665,0.0351061408583281,161.25,0.1957189636036024,108.25,122.5,136.5,350.25,288.0,228.5,True,,220.28125,349.59375,173,165.5,1305.5721102,1046.7125,183.06978925619833,20.388181818181817,459.316272,854.4035282,382.30025,850.0076581999999,339.96424,13.266973795592651
JP-Yms,2017,NIRv,18,12,12.0,0,21,0.1366285039699734,double_logistic,0.9825149806869392,0.0094534023391257,0.9912824388770876,0.1299098395969914,0.3184931060006383,113.87190339830453,0.1125570923512862,286.2499601816137,0.0355704290876395,163.25,0.1855146599887171,94.5,113.75,132.5,348.75,287.25,229.0,True,,220.28125,349.59375,172,173.5,1524.755457,1152.5322,161.97852755905512,19.4251968503937,543.4596200000001,985.1017869999998,357.73875,986.6464769999999,298.60065,13.250493873950122
JP-Yms,2018,NIRv,31,12,15.0,0,3,0.1366285039699734,double_logistic,0.9694064149864846,0.0127011446269997,0.9846229588785482,0.1369618627675981,0.3251818811626196,110.46124948788392,0.1500269458303215,286.8237282996312,0.0290998530910895,148.5,0.1842940067073001,96.0,110.5,124.5,363.25,288.5,218.0,True,,220.28125,349.59375,172,178.0,1838.480191,1661.8282000000002,180.39246641791044,18.75107089552239,679.0399600000001,1170.303731,459.38199999999995,1142.561631,478.04857999999996,13.594861458178277
JP-Yms,2020,NIRv,26,14,15.0,0,13,0.1366285039699734,double_logistic,0.9817986087202026,0.0081917783970057,0.9910059799226768,0.137011494362083,0.3219336043110109,120.68777953337278,0.1779116378001188,296.07158882525255,0.0359585978811321,157.75,0.1833991074248645,108.5,120.75,133.0,357.5,296.75,237.25,True,,220.28125,349.59375,173,176.0,776.3807580000001,591.04935481861,175.92911646586344,19.158734939759036,124.66099220000001,656.0259258,104.7559518,636.2350258,79.7998178,12.96962563264754
JP-Yms,2021,NIRv,34,14,16.0,0,9,0.1366285039699734,double_logistic,0.9892799163794652,0.0071898710007754,0.9946373761936982,0.13981760234652,0.3365235933045211,113.16891313042596,0.0978658889123548,275.04182870870045,0.0359713504751943,164.25,0.1917989641764738,90.75,113.0,134.0,337.0,276.5,220.5,True,,220.28125,349.59375,172,163.5,2213.2343390000005,2210.17284,182.7217246963563,19.394425101214573,817.2942300000001,1410.711209,586.77916,1441.0515890000001,586.77916,13.520257763048516
JP-Yms,2022,NIRv,45,20,25.0,0,0,0.1366285039699734,double_logistic,0.9662240660281404,0.0148442188726938,0.983027871475859,0.1388656519148281,0.3680610386145738,114.29928075806156,0.1292260711311429,270.8039041691334,0.0300420520538389,153.25,0.2211961080146152,97.5,114.25,130.0,345.5,273.25,208.0,True,,220.28125,349.59375,172,159.0,2445.06363,2262.16925,191.11524193548388,19.934778225806454,847.0476699999999,1605.87589,504.87093999999996,1613.9524399999998,677.23203,13.86658999929764
JP-Yms,2023,NIRv,44,28,31.0,1,0,0.1366285039699734,double_logistic,0.9742686080025365,0.0107493678100096,0.9871480174363744,0.1357091901072165,0.3203741998132757,108.89805025501978,0.1006523433243447,281.3325307975351,0.0341469941259741,160.75,0.1807118449039507,87.0,108.75,129.5,346.5,282.75,223.0,True,,220.28125,349.59375,172,174.0,2363.5681369999998,2161.89833,194.9402653846154,19.760719230769233,920.392143,1455.392794,691.20038,1465.043844,665.5830100000001,13.44335867174151
NL-Loo,2014,NIRv,12,6,6.0,0,20,0.1253634347258669,double_logistic,0.9646697722656692,0.0041227997567323,0.9822840896980348,0.130170582593395,0.220585737830331,149.96578359041786,0.0431611586121569,249.8093194517563,0.0245053818082878,198.5,0.0604847021137845,96.25,140.5,174.0,357.5,277.25,227.0,True,,,,172,136.75,1288.01731,846.43115,136.51921455938697,13.040072796934865,409.79636999999997,886.02629,441.97582,,,14.469720066608309
NL-Loo,2024,NIRv,29,20,19.0,0,13,0.1253634347258669,double_logistic,0.8494330201413338,0.0073975458011879,0.9227100575173612,0.1382897344308357,0.1966465887345307,139.05874050112843,0.0537292158654704,289.1475958919846,0.0390163641498011,206.0,0.0546090958688444,97.0,137.0,171.75,347.5,292.5,245.75,True,,,,173,155.5,1536.88295338,1331.24991,144.926780876494,13.726326693227092,541.19768,1001.32815338,657.10594,,,13.238918982935061
NL-Vkp,2019,NIRv,41,18,24.0,1,6,0.2261167037748059,double_logistic,0.896914210476993,0.0147419573415626,0.949351913911594,0.2314154650804994,0.4509211779049015,99.00333271854991,0.0406756913887002,132.7568483833842,0.1838451188232484,117.0,0.1367386468815246,32.5,79.75,105.75,139.75,132.5,124.5,True,,,,172,52.75,476.86503,392.743719,133.29242056074764,8.402429906542057,762.6222500000001,,,,,14.845711876942348
RU-Fy2,2019,NDVI,22,9,11.0,15,8,0.6605190442432114,double_logistic,0.9627815503365922,0.0176711082276737,0.982377466033329,0.6588504059826225,0.8902113806348854,131.5321931254343,0.2836974117173532,280.6456027933804,0.049243854711291,158.75,0.2306879130130328,124.0,131.75,139.25,325.5,281.0,236.75,True,,249.5,300.65,172,149.25,1510.305502307,1547.600504,149.54009900990098,12.425272277227721,486.41482999999994,1032.159592307,736.0789599999999,1020.7026839999999,846.5842700000001,14.16514619581333
RU-Fy2,2021,NDVI,18,7,14.0,21,4,0.6605190442432114,double_logistic,0.96097490130215,0.0178111300874044,0.980410225681757,0.6647966778157037,0.8788563693736593,136.88655538280472,0.963189889712335,267.890619917046,0.1277333299596433,154.0,0.2140595737649367,134.75,137.0,139.25,285.25,268.0,250.75,True,,249.5,300.65,172,131.0,1395.207604,1348.19988,184.5531589403973,15.429900662251656,438.80144000000007,974.419864,840.8793599999999,990.2644459999999,834.34242,13.052008475238475
RU-Fy2,2022,NDVI,23,12,3.0,29,9,0.6605190442432114,double_logistic,0.8901821406095943,0.0294601893439183,0.9513025363294596,0.6636504131116101,0.8752002376408212,146.46224315393212,0.1667932973090424,272.05294162726443,0.8936317106467013,250.75,0.2115498174839079,133.5,146.5,159.75,274.75,272.25,269.75,True,,249.5,300.65,172,125.75,1448.26498,1262.5945299999998,201.59442553191488,15.508042553191489,366.9198,1097.4866800000004,1078.4739900000002,1139.524404,984.11549,11.513516809842917
RU-Fy2,2023,NDVI,27,9,10.0,22,5,0.6605190442432114,double_logistic,0.9866064997371043,0.0081936335926655,0.9933504395739012,0.659721629011006,0.8726559531628252,132.32433647794412,0.204808069252866,272.7290766001857,0.0924182236592335,178.75,0.2128825311559599,121.75,132.5,143.25,296.75,272.75,249.0,True,,249.5,300.65,172,140.25,1505.2868470000003,1467.60468,180.6854514285714,14.513445714285714,494.32754000000006,1025.800007,876.50674,1025.8539913,876.50674,13.192756225647466
RU-Fy2,2024,NDVI,31,20,24.0,24,0,0.6605190442432114,double_logistic,0.9223258130160572,0.0153302503181273,0.960884634740614,0.6590807318626835,0.876785985420653,125.94652928988006,0.1845238200338255,280.7744297552353,0.0549083661920043,166.5,0.2171735810366578,114.25,126.0,137.75,321.0,281.0,241.25,True,,249.5,300.65,173,155.0,1494.1164584,1546.48809,173.92168599033818,14.491057971014492,564.85306,942.3689984000001,678.46573,920.2800294000001,742.73415,13.811169071104963
RU-Fy2,2018,NIRv,28,12,15.0,27,0,0.0935633838738808,double_logistic,0.96317053952778,0.0127784642067995,0.9826381255435984,0.093567079599954,0.2887295625947765,132.16321936902557,0.1831160558422442,252.92184473853996,0.0467597317479353,162.75,0.1916070380363798,120.25,132.25,143.75,300.5,253.75,209.75,True,,209.57142857142858,302.60714285714283,172,121.5,1772.79347,1601.24177,182.04518888888887,14.69977222222222,651.9433199999999,1138.1352500000003,479.4083,1139.6223860000002,479.4083,16.11373162301397
RU-Fy2,2019,NIRv,22,9,10.0,15,8,0.0935633838738808,double_logistic,0.872377381992704,0.0256598119715209,0.9375096695381566,0.0884502292711678,0.2876863109605119,132.46721034434378,0.143966607773106,254.84856244309603,0.0394461201217454,166.0,0.1918404321785319,117.5,132.25,146.5,311.75,256.75,207.5,True,,209.57142857142858,302.60714285714283,172,124.5,1533.286051,1542.3025899999998,162.00937113402063,12.912190721649486,515.5491400000001,1026.0058309999997,470.98746000000006,1022.327198,499.05946000000006,16.253113922173032
RU-Fy2,2020,NIRv,17,7,7.0,9,9,0.0935633838738808,double_logistic,0.993518217549552,0.0054284547087583,0.9967822730632452,0.0920923249405457,0.2717405705284137,147.16671149743917,0.1242238573857111,256.7308689275157,0.0642666265987886,188.0,0.1763870654881823,129.5,147.0,163.75,291.25,257.5,225.25,True,,209.57142857142858,302.60714285714283,173,110.5,1387.353219,1357.6218600000002,169.49537654320986,14.588086419753083,355.93674,1043.7371789999997,676.5791299999999,1058.53972,484.62471,15.042121640571814
RU-Fy2,2021,NIRv,18,7,14.0,21,4,0.0935633838738808,double_logistic,0.9891793125286418,0.0077892225167749,0.994623020274758,0.0931432068794684,0.277992132839985,135.62931212663813,0.5372974366501977,247.82825463121284,0.0600325646146947,150.5,0.184251705321614,131.75,135.75,139.75,284.5,248.0,212.0,True,,209.57142857142858,302.60714285714283,172,112.25,1410.25275,1361.19644,186.06171895424836,15.4687385620915,454.81300999999996,973.45344,526.6297400000001,991.231898,499.22656,15.969474280822501
RU-Fy2,2022,NIRv,23,12,14.0,29,9,0.0935633838738808,double_logistic,0.9642921984443106,0.0138988812092869,0.982284212058305,0.0935814106066958,0.3105244325053757,148.44477324980096,0.1561264110957066,247.88355303239808,0.040152410607718,176.25,0.2025826752456641,134.75,148.25,160.75,304.5,251.25,206.5,True,,209.57142857142858,302.60714285714283,172,103.0,1488.862756,1370.27005,174.38452352941175,13.87875294117647,361.95919,1143.0450660000001,536.80049,1140.001786,576.2111500000001,16.313381293462566
RU-Fy2,2023,NIRv,27,9,13.0,22,5,0.0935633838738808,double_logistic,0.9571441346590042,0.0124266577929519,0.9803762748510212,0.0911676337009805,0.2789028547954603,133.85988380763112,0.1396507128697967,250.4976448632591,0.0361580152370904,166.0,0.1772024421525761,118.5,133.5,147.75,313.25,253.75,202.75,True,,209.57142857142858,302.60714285714283,172,120.25,1528.2316288299999,1531.8040100000003,167.2792564102564,13.444948717948717,512.0212100000001,1031.05111883,435.84783,1025.78902853,514.8159899999999,16.529333031796572
RU-Fy2,2024,NIRv,31,20,24.0,24,0,0.0935633838738808,double_logistic,0.956902223478285,0.0105215968837603,0.9792864354026752,0.0912506909120104,0.2914290261811108,135.14753595807292,0.1011854682168537,246.1390596391538,0.0347857791027743,172.25,0.1813700093960108,113.5,134.25,152.5,312.5,251.75,203.25,True,,209.57142857142858,302.60714285714283,173,117.5,1486.6207694,1525.81302,180.52595477386936,14.999417085427135,567.2486599999999,932.4777094,362.23672999999997,921.5400064,420.42069000000004,16.501504232764447
RU-Fyo,2014,NDVI,12,4,5.0,14,14,0.8349279356417505,double_logistic,0.9975069647596256,0.0004971272157781,0.9989203568160118,0.8346487003626285,0.8648008645540132,160.27717721321608,1.0,231.284323634612,0.1389737844484498,170.75,0.0301446177651221,158.25,160.5,162.5,247.25,231.5,215.5,True,,202.65,254.35,172,71.0,864.9188500000001,778.90729,204.26393258426964,16.799741573033707,135.75966,737.70118,474.93061,790.23267,346.84453999999994,15.738520449768783
RU-Fyo,2018,NDVI,27,14,17.0,27,4,0.8349279356417505,double_logistic,0.8722289437030248,0.0076999751083217,0.9370173843793624,0.8351395583308624,0.8827150811686026,140.29146352694298,0.9999999999999998,241.8625996070629,0.0935663195659713,151.25,0.0475648040850643,138.25,140.5,142.5,265.5,242.0,218.5,True,,202.65,254.35,172,101.5,1235.7727699999998,1122.8454800000002,197.5837559055118,16.192740157480316,348.68960000000004,899.85177,498.02401,816.3163000000001,304.70876,15.531128986306369
RU-Fyo,2019,NDVI,24,9,14.0,13,7,0.8349279356417505,double_logistic,0.8401374543141784,0.0075540779388132,0.9169815630499089,0.835838872624728,0.8853539221564227,142.28740952715185,0.590717290398332,205.3332246282302,0.0402858277560782,151.0,0.0442396926979741,139.5,142.5,146.0,263.0,210.75,170.5,True,,202.65,254.35,172,68.25,1259.43087,1210.54696,194.43822580645164,15.819991935483872,340.22816,928.97397,,872.8033499999999,354.07993,17.44241969557625
RU-Fyo,2020,NDVI,21,8,8.0,9,5,0.8349279356417505,double_logistic,0.987968349618464,0.0018476601215556,0.9948758737418708,0.8346038425309555,0.889745423466866,167.6488485406278,0.2516184208417453,222.84237401112324,0.0913231415997318,185.5,0.0527674474266993,159.0,167.5,175.5,247.5,224.0,203.0,True,,202.65,254.35,173,56.5,864.3736299999999,844.93959,194.62677528089887,17.3453595505618,128.83863,748.6972,340.7365,793.5375400000001,328.9421,16.518164734978765
RU-Fyo,2023,NDVI,21,8,11.0,22,5,0.8349279356417505,double_logistic,0.8326414917940966,0.005322040358184,0.9205722223323848,0.8349121592345822,0.8675087367020797,160.20550655881715,1.0,226.86054992808656,0.1018766761854721,168.5,0.0325033388477647,158.25,160.25,162.5,248.5,227.0,205.75,True,,202.65,254.35,172,66.75,838.1833869999999,863.3346600000001,205.85846666666666,17.40718888888889,151.76703,698.8893569999999,312.859437,738.640387,284.00312699999995,16.360456612671022
RU-Fyo,2014,NIRv,12,4,5.0,14,14,0.113769966069673,double_logistic,0.998992216918043,0.0014626620672527,0.999506360108924,0.1132004611447101,0.2374006018848019,136.12865702760908,0.2097062126821755,256.09991107302767,0.0555701792231136,166.25,0.1231391647547033,125.75,136.25,146.5,296.0,256.5,218.25,True,,218.16666666666666,292.6666666666667,172,120.25,1299.0132155000001,1231.38935,177.10001169590643,14.319093567251464,393.34132,914.2138855000002,499.84963,913.5615000000001,499.84963,15.54865114355159
RU-Fyo,2018,NIRv,27,14,15.0,27,4,0.113769966069673,double_logistic,0.9463837865348806,0.0118775456461325,0.9732768496683916,0.1121097440199209,0.2521611417123837,133.1302065692717,0.2199295698795715,254.6698811907041,0.0500842653422369,161.25,0.1384742521967112,123.25,133.25,143.0,299.0,255.25,213.0,True,,218.16666666666666,292.6666666666667,172,122.0,1496.496847,1360.19368,178.26291477272727,14.250778409090907,477.91578,1031.349667,439.73664,1013.6526600000001,498.02401,15.906168502805768
RU-Fyo,2019,NIRv,24,9,11.0,13,7,0.113769966069673,double_logistic,0.8963310285592417,0.0183736558206656,0.9474692690672768,0.1093570179999535,0.2616847018492569,134.5095482201166,0.1504325752991198,247.80064721697,0.0380362126448228,165.0,0.1445289406892631,120.25,134.25,147.5,307.25,250.5,201.5,True,,218.16666666666666,292.6666666666667,172,116.25,1479.359758,1466.6115,159.61450802139038,13.171930481283422,466.53403,1022.5969879999998,344.71912,1003.253211,519.96491,16.600299804567094
RU-Fyo,2020,NIRv,21,8,8.0,9,5,0.113769966069673,double_logistic,0.9762564899201276,0.0081718308990108,0.9883169609260966,0.1124938588195665,0.2516599338287551,151.63069835450852,0.1415042684138548,249.96932283956556,0.0715865043140312,188.0,0.1367321665156472,136.0,151.5,166.25,281.0,250.5,221.75,True,,218.16666666666666,292.6666666666667,173,99.0,1182.6112,1111.78195,170.56156164383563,15.074486301369863,279.42292,916.35048,536.96155,943.6884399999999,510.3071,15.299734767551419
RU-Fyo,2021,NIRv,18,7,13.0,17,4,0.113769966069673,double_logistic,0.955139993888416,0.0121648218247252,0.9776152304787958,0.1121191582295823,0.244758614942322,143.78344537546678,0.3262499677568912,249.0538317342892,0.0733220764640374,166.75,0.1322487970530635,137.25,144.0,150.5,279.25,249.25,219.5,True,,218.16666666666666,292.6666666666667,172,105.25,1114.6034750000001,1017.95751,180.86166901408453,15.563471830985915,317.56690000000003,806.2361450000001,434.34244,841.9499150000001,424.4712299999999,15.460630393038956
RU-Fyo,2022,NIRv,22,11,3.0,24,9,0.113769966069673,double_logistic,0.9893519936482984,0.0050926171331869,0.9948493976488172,0.1141664918506422,0.2228375418021176,146.54109192083024,0.2315045213194701,269.88992483911034,0.9915278804856964,245.25,0.1086710499358735,137.25,146.75,156.25,272.25,270.0,267.75,True,,218.16666666666666,292.6666666666667,172,123.25,905.7238504900001,833.444503887124,199.12317777777778,15.479874074074074,284.60870000000006,632.83515049,629.03706329,658.1330476899999,439.10125000000005,11.6754144328247
RU-Fyo,2023,NIRv,21,8,13.0,22,5,0.113769966069673,double_logistic,0.9734563613576792,0.0069941725244195,0.9874022815929542,0.1141763087272795,0.2444896868730852,135.88369653520368,0.2004144057070118,245.7647137973528,0.038962672391111,160.75,0.1248465726987038,125.25,135.75,146.0,303.5,248.0,198.75,True,,218.16666666666666,292.6666666666667,172,112.25,1278.268374,1361.2658999999999,172.51911235955052,13.635179775280898,409.52220000000005,881.219174,255.55694999999997,867.604304,428.771747,16.743167313173807
RU-Fyo,2024,NIRv,34,22,25.0,25,0,0.113769966069673,double_logistic,0.9500563364482076,0.0091265610115479,0.9749135615100184,0.1126956231176808,0.2568959674760225,137.37207441393244,0.1239691402811767,245.14923786663948,0.0407903933793439,171.25,0.1353237776788362,119.75,137.0,152.5,300.75,248.25,203.75,True,,218.16666666666666,292.6666666666667,173,111.25,1456.6618520000002,1511.39608,187.6480276243094,15.855745856353593,397.08899600000007,1071.847456,425.65266,1050.197286,618.6749599999999,16.476044262299403
RU-Fyo,2025,NIRv,31,12,15.0,10,4,0.113769966069673,double_logistic,0.9506167876391188,0.0086016696107909,0.9753670059871948,0.1132484409235454,0.2100922466225184,138.77542655792183,0.1715758021775066,255.8458420484102,0.0567909078631078,172.75,0.0957033581701013,126.0,138.75,151.25,295.0,256.5,219.25,True,,218.16666666666666,292.6666666666667,172,117.75,1208.0133300000002,1056.04087,156.13205294117648,14.109970588235292,366.8771499999999,853.6307800000001,406.31229,849.05749,395.16879,15.478315605481685
SE-Svb,2016,NDVI,14,7,6.0,26,3,0.7052000275191532,double_logistic,0.8999936659812244,0.0144269372880262,0.949336614172043,0.7027505137248619,0.8413801542700861,166.34360212962704,0.0895540289470826,278.31657304973646,0.0316128150759407,205.25,0.1219835868937843,142.0,165.0,185.0,352.5,286.0,235.75,True,,241.33333333333334,343.5,173,121.0,1117.5073898,962.024353,120.80489573459717,7.0253886255924165,253.80587000000003,870.2188097999999,612.2800599999999,870.8979614000001,656.81461,15.127565834492845
SE-Svb,2021,NDVI,23,12,14.0,40,0,0.7052000275191532,double_logistic,0.8940825570204708,0.0144192222573963,0.9498682282288502,0.7043482482698252,0.8139151916693613,165.95944249052187,0.2683165529425256,278.09011804202214,0.0507148851293473,189.0,0.1081587151359998,158.0,166.0,174.0,321.75,278.75,237.25,True,,241.33333333333334,343.5,172,112.75,835.07696117,780.309638,130.06090853658534,10.103103658536584,120.22113,721.02928117,543.2925799999999,719.9029499600001,571.5429399999999,14.95993485238194
SE-Svb,2022,NDVI,27,17,17.0,37,0,0.7052000275191532,double_logistic,0.8960971522923437,0.0125641858050085,0.946709226579828,0.7032573758006915,0.8255943879523533,161.1401174372317,0.1352936922715889,300.5171922098026,0.0400424758079311,200.0,0.1195560473670294,145.0,161.0,176.5,356.25,301.75,251.0,True,,241.33333333333334,343.5,172,140.75,959.8075300400001,917.6202365,114.08598584905661,7.597594339622642,190.59132,776.39437004,642.18091,777.17951757,586.3020499999999,13.423078995332231
SE-Svb,2016,NIRv,14,7,6.0,26,3,0.1237291843824689,double_logistic,0.95909330153366,0.0033593635811759,0.9802486004113744,0.1239210019408339,0.1650676146973759,168.82007126822316,0.1171714450390814,236.0327618600671,0.2878554002115636,214.25,0.0408691983057348,150.25,168.75,187.25,243.75,236.25,228.75,True,,221.95833333333334,266.2916666666667,173,67.5,858.1904099999999,625.49121,203.32648387096776,12.929290322580647,193.16789000000003,671.53981,570.40895,799.9377700000001,520.80291,15.90848317710329
SE-Svb,2018,NIRv,35,15,23.0,41,3,0.1237291843824689,double_logistic,0.9552486158970518,0.002380703233836,0.9776195342410892,0.123610393012964,0.1486871901401391,150.34272985183262,0.4443176794872481,240.7127307478189,0.12596033497205,172.5,0.0250708151150816,145.5,150.5,155.5,258.25,240.75,223.5,True,,221.95833333333334,266.2916666666667,172,90.25,662.5495370000001,549.329788,205.98351327433627,13.982469026548673,192.51181,478.65683699999994,325.754427,506.378927,315.035337,16.491021573920882
SE-Svb,2019,NIRv,25,15,15.0,46,0,0.1237291843824689,double_logistic,0.9695176917996596,0.0023314828634823,0.9852259830132049,0.1238618991703301,0.154528489989569,172.61384264986484,0.1802699753216465,243.4601996574972,0.1053079319515016,200.75,0.0301378414471994,160.5,172.5,184.25,264.75,244.0,224.25,True,,221.95833333333334,266.2916666666667,172,71.5,728.425,588.31429,185.82245192307693,12.786240384615384,89.18832,645.4994800000001,406.99246999999997,653.1074100000001,393.97783999999996,16.408063653680916
SE-Svb,2020,NIRv,21,11,11.0,39,6,0.1237291843824689,double_logistic,0.9433653601786336,0.0034138891801339,0.9717526834369046,0.123444145942472,0.1601648417236763,164.96898244761246,0.4105087257741472,250.5612708808536,0.0973778750595971,184.25,0.0366497614345902,159.75,165.0,170.5,273.25,250.75,228.25,True,,221.95833333333334,266.2916666666667,173,85.75,802.44327,655.86072,180.6410701754386,13.049868421052633,116.84951000000001,694.1516099999999,437.1638,676.30103,382.76586999999995,15.964120076428852
SE-Svb,2021,NIRv,23,12,13.0,40,0,0.1237291843824689,double_logistic,0.929266964647766,0.0043298445512317,0.9662335750856612,0.1230345086552139,0.1737505018578041,172.04812596069323,0.1329191861498453,234.09387591052317,0.0477612899085349,195.25,0.0416361697284496,156.0,170.75,183.5,284.75,241.75,212.0,True,,221.95833333333334,266.2916666666667,172,71.0,832.8289194000001,730.47134,163.56167441860464,12.944651162790697,134.10395,704.8984194000001,373.12661,676.345028,439.50971,17.742779897294945
SE-Svb,2022,NIRv,27,17,17.0,37,0,0.1237291843824689,double_logistic,0.9420189935780404,0.0045477837007825,0.972654766984381,0.122634371963872,0.1736354936363801,166.54124629805574,0.1314398282029471,239.02407601570863,0.067327999492089,194.75,0.0473166951795337,149.5,165.75,180.0,273.0,241.25,215.0,True,,221.95833333333334,266.2916666666667,172,75.5,863.9900100000001,771.6176,175.61100806451614,13.175887096774195,160.86727,710.3009000000001,391.79225,693.8356999999999,448.06853,17.421090973401565
US-Aud,2013,NDVI,21,13,10.0,0,16,0.1576040300736229,double_logistic,0.9527879652457252,0.0242090098613513,0.977507995924768,0.1782836916705127,0.4587029592372956,196.59568088676187,0.2471057007800152,285.47011180323994,0.0691348433840355,220.0,0.2765567352338576,187.75,196.75,205.25,317.5,286.0,255.75,True,,254.375,335.075,172,89.25,218.48500413999997,214.762594636503,239.23899230769229,19.413,,196.66099913999997,190.00449880000002,185.49155214,186.93840880000002,12.264182772662242
US-Aud,2014,NDVI,29,12,12.0,0,7,0.1576040300736229,double_logistic,0.9919382422695384,0.0097954856271361,0.995994085719832,0.1752051923170819,0.4788448180247283,196.13068269630503,0.2450555142298012,308.81099284404866,0.0430973349825622,219.25,0.2963255742737056,187.5,196.25,204.75,360.5,310.0,263.0,True,,254.375,335.075,172,113.75,,,214.8601213872832,16.928086705202315,,,,,,12.024814104558033
US-Aud,2015,NDVI,33,15,11.0,0,0,0.1576040300736229,double_logistic,0.8880130966656922,0.02152401494334,0.942429473608668,0.1687175595363809,0.580249219161117,229.7674676297773,0.0220010235314988,299.1876975174594,0.0382085095794896,255.5,0.1972665512630637,94.5,180.0,229.0,354.5,312.0,279.0,True,,254.375,335.075,172,132.0,-35.21422113,231.186063081072,252.8202923076923,18.014507692307692,-56.927242199999995,20.543431070000004,42.48091257,30.77159107,14.912788899999999,11.498971853401887
US-Aud,2016,NDVI,42,15,11.0,0,0,0.1576040300736229,double_logistic,0.975820859717536,0.0160990862679962,0.987892199131367,0.1804725058248303,0.7564040801245445,211.3327030854526,0.0560577055806166,266.7734170004016,0.0415219201266131,240.25,0.3371747317370822,166.25,200.75,224.25,333.25,286.5,257.25,True,,254.375,335.075,173,85.75,400.16517735,337.56025900000003,243.2679880239521,19.995293413173652,-6.762581,406.14850234999994,291.37875394,405.89405845,277.29237394,12.214788394112654
US-Aud,2017,NDVI,44,22,21.0,0,0,0.1576040300736229,double_logistic,0.9860349283783468,0.0141200413812781,0.9929958971695104,0.1735860191519397,0.628400992129919,198.4202351817712,0.201743629728011,249.76567565746805,0.0405543272891651,215.25,0.3500724765258221,190.25,198.5,206.75,311.25,261.5,229.75,True,,254.375,335.075,172,63.0,305.51712910000003,255.20524500000002,246.4598181818182,20.84980165289256,,300.42157515,201.67421605,297.90402888,297.44947605,13.083878864229202
US-Aud,2018,NDVI,72,29,22.0,0,0,0.1576040300736229,double_logistic,0.9768817078976992,0.013949342971831,0.988380146414346,0.1731474899148175,0.5536238862861828,203.11545588636,0.0891170828256247,268.85133757465314,0.0360227708386987,231.75,0.2737941564834203,179.75,200.5,217.75,340.0,285.0,250.25,True,,254.375,335.075,172,84.5,309.64091861,282.83041399999996,227.5646894409938,18.552962732919255,,309.83533291,223.8340904,309.15974760999995,237.7116104,12.444216599668236
US-Aud,2019,NDVI,70,30,21.0,1,0,0.1576040300736229,double_logistic,0.9344231731588784,0.0189870364516518,0.9666805214763586,0.1855603644100943,0.5704038869072997,228.06550966751183,0.0574402077603494,281.38153283726933,0.0438645123802263,255.75,0.2253000263785433,183.75,217.25,240.5,344.25,300.0,272.25,True,,254.375,335.075,172,82.75,316.42907949000005,267.208908,220.53150931677015,19.06676397515528,,318.59990329000004,222.75034923,316.37839133,175.37871423,11.719375308571374
US-Aud,2021,NDVI,81,34,27.0,0,0,0.1576040300736229,double_logistic,0.9822347188087108,0.0164791344488641,0.991102692821574,0.1758639150902902,0.9267110286068884,211.0990754596241,0.0833011490432132,246.71395009165175,0.0353071056241411,235.5,0.361825780340154,192.75,208.75,223.75,331.25,278.75,250.0,True,,254.375,335.075,172,70.0,475.75136166,339.39401499999997,233.10745323741008,18.902568345323743,,467.79153218,320.93114598000005,468.70543218,350.89960597999993,12.452348792073524
US-Aud,2022,NDVI,106,44,37.0,0,0,0.1576040300736229,double_logistic,0.987931074417082,0.0125247703622379,0.9939558980429544,0.1640619788577106,0.5839892918890636,214.5413150870584,0.140479278545738,288.1784955074218,0.0387598960187804,238.75,0.3524887938707914,200.25,214.0,226.5,350.0,296.75,259.0,True,,254.375,335.075,172,82.75,412.11535030000005,296.673088,208.19274,16.134680000000003,,415.722976,298.54656470000003,411.1957317,275.0276147,12.157053070631253
US-Aud,2024,NDVI,112,55,51.0,0,0,0.1576040300736229,double_logistic,0.8360215775418446,0.0247850237681344,0.9146849217056914,0.1857837980465779,0.4108329705440411,190.00808882442223,0.1414745549954927,247.95964549661903,0.0412477433412737,211.5,0.1738561856042489,176.5,189.25,200.75,308.25,259.25,227.5,True,,254.375,335.075,173,70.0,129.70404831000002,194.81166631999997,263.8524772727273,22.895969696969694,,128.91498331,118.27823829999998,127.6356108,131.77400241,13.149252349953283
US-Aud,2013,NIRv,21,13,11.0,0,16,0.0264439501218107,double_logistic,0.9376485686705632,0.0065178568368734,0.9686535763794828,0.0376005655560372,0.1061648709828102,196.0661977291501,0.2872993380891789,270.69089217660286,0.0572488240308429,213.25,0.0656094457609472,188.75,196.0,203.25,310.0,272.25,239.0,True,,250.25,319.275,172,76.25,224.22984214,213.20291768400003,242.04709836065572,19.697155737704918,,201.45775514000002,133.4745388,195.93780913999998,172.23366879999998,12.803466135510511
US-Aud,2014,NIRv,29,12,12.0,0,7,0.0264439501218107,double_logistic,0.9660524506095,0.003837896157199,0.9833387857349072,0.0354113542844569,0.0951750910269294,197.2481878695796,0.2531372749154731,294.8957536792097,0.0529417078103168,219.25,0.0584669029980104,188.75,197.25,205.5,337.0,295.75,257.25,True,,250.25,319.275,172,98.5,,,227.10002684563756,18.344308724832214,,,,,,12.214788394112654
US-Aud,2015,NIRv,33,15,11.0,0,0,0.0264439501218107,double_logistic,0.9297255017618948,0.0032624244172526,0.9643652991894456,0.0258830977754465,0.0970040208918637,212.88792428835453,0.0204069746078087,291.3445670149716,0.0417716931685533,245.0,0.0378438816980205,72.0,164.5,217.25,338.0,300.0,268.5,True,,250.25,319.275,172,135.5,-44.699521329999996,231.200911460076,259.3516367041198,18.377734082397,-74.7278374,28.858726070000003,30.2480206,40.37488007,7.0268189,11.842946929368747
US-Aud,2016,NIRv,42,15,11.0,0,0,0.0264439501218107,double_logistic,0.9613547135344076,0.0047741106164285,0.9804872847052146,0.0310657902360161,0.2029555094699413,214.5205876490492,0.0479286789217488,258.9554266083477,0.0419670954995175,238.5,0.0793651008819047,157.25,197.0,222.5,329.0,283.25,255.25,True,,250.25,319.275,173,86.25,389.05923705,343.16883800000005,251.2264011627907,20.486267441860466,-17.522025,405.80200604999993,280.80980394,405.74990955,264.02458694,12.280624691428626
US-Aud,2017,NIRv,44,22,21.0,0,0,0.0264439501218107,double_logistic,0.973329257906441,0.0046558141031939,0.9866029874584809,0.0309097541223069,0.1419530737192556,199.56266965630093,0.1610500551219949,247.9581388472651,0.0441971617616882,218.0,0.0822860405885067,188.5,199.0,209.0,305.25,260.0,231.75,True,,250.25,319.275,172,61.0,305.9849312,257.13844499999993,250.33629059829062,21.154076923076918,,300.95376725,213.50267605,299.32265165,288.04298604999997,13.02474836726113
US-Aud,2018,NIRv,72,29,22.0,0,0,0.0264439501218107,double_logistic,0.9627693020312952,0.0036093421668626,0.9812158132478772,0.0300017387166944,0.1498683213337328,211.60148989575023,0.0623393800343796,249.9999506883004,0.053296801263703,232.0,0.060414115950399,168.5,199.25,219.25,304.0,267.75,245.5,True,,250.25,319.275,172,68.5,302.920758,279.391985,252.99191911764706,21.443507352941175,1.009611,302.04464,209.7755804,309.761704,223.8340904,12.597730608209652
US-Aud,2019,NIRv,70,30,21.0,1,0,0.0264439501218107,double_logistic,0.9029175735969672,0.0060549037721373,0.9503232645379256,0.0305326008281837,0.1568258307014544,237.5312157959318,0.0306234652627947,288.5738842270479,0.0446862695567605,257.0,0.0566674805294585,138.75,200.75,236.75,342.25,303.25,275.75,True,,250.25,319.275,172,102.5,360.50158893,305.150388,251.18558823529412,19.791313725490195,42.79002100000001,318.07139193,232.01954923000002,302.76220823,156.26207422999997,11.604681110515669
US-Aud,2021,NIRv,81,34,27.0,0,0,0.0264439501218107,double_logistic,0.97694246017424,0.0045916110969707,0.9884357699810892,0.040476070910605,0.1986105447983434,214.6941330726265,0.1117121083603887,251.735737058901,0.0496540351828292,234.0,0.0953946550401614,197.25,212.0,224.5,307.25,268.5,246.0,True,,250.25,319.275,172,56.5,464.36018599999994,315.206901,246.7991,20.01409090909091,,459.32561198,291.11787598,463.99043498,320.93114598000005,12.581679915501304
US-Aud,2022,NIRv,106,44,37.0,0,0,0.0264439501218107,double_logistic,0.969901221901826,0.0044426210764914,0.9848368017184386,0.0332650616534056,0.1569999967649268,219.563705159142,0.1126467452481781,269.11483441233787,0.0467542499287025,241.75,0.0874110746400164,201.25,217.25,230.75,324.25,282.0,255.75,True,,250.25,319.275,172,64.75,402.133513,281.05059900000003,218.32123577235768,17.8270487804878,,406.7366257,279.8160347,404.53604670000004,252.00617469999997,12.264182772662242
US-Aud,2024,NIRv,112,55,51.0,0,0,0.0264439501218107,double_logistic,0.891724446494573,0.0045499512682563,0.9443426490203752,0.0333790464433839,0.091601723175636,189.57378807859044,0.0990804453312195,241.17783414837749,0.0474051281998024,213.25,0.0408977824719544,167.5,186.5,201.5,295.75,254.0,227.75,True,,250.25,319.275,173,67.5,130.16022550999998,204.14624019999997,270.55227343750005,23.7226171875,-2.2198249999999997,132.51284651,118.27823829999998,128.48554080000002,132.38351001,13.142051705158707
US-Bar,2015,NDVI,15,11,9.0,15,6,0.7610327616356253,double_logistic,0.9796783218443456,0.0078741945822261,0.9898371908653684,0.7607683309565227,0.8791897217295047,141.9666719388163,0.290919646602188,279.1212108082851,0.6871590260947672,237.5,0.1184213907728363,134.5,142.0,149.75,282.5,279.25,276.0,True,,262.03125,277.8125,172,137.25,1064.428615,735.17535,222.59581756756754,17.467959459459458,268.12732,803.588705,784.84379,789.35573,722.2508399999999,11.364555991810773
US-Bar,2016,NDVI,21,9,8.0,16,0,0.7610327616356253,double_logistic,0.9839046067559496,0.0071498249924454,0.9922313953585646,0.7607731032268487,0.8816834425793767,145.21610595991925,0.3503000399722913,268.2561592666579,0.9999999985488957,235.25,0.120910339352525,139.0,145.25,151.5,270.5,268.5,266.25,True,,262.03125,277.8125,173,123.25,1241.60446,765.07771,242.70707575757575,18.644992424242425,353.90576,898.6542,875.3424399999999,930.30533,843.8955799999999,11.869841596275323
US-Bar,2017,NDVI,17,11,12.0,17,3,0.7610327616356253,double_logistic,0.975258966816162,0.0080524943381989,0.9875722049908754,0.758107565086698,0.880179768139571,142.05496634245569,0.4237624669281681,267.09197664504944,0.120893061492343,172.0,0.1220705850996466,137.0,142.25,147.25,285.5,267.25,249.0,True,,262.03125,277.8125,172,125.0,1340.0515736000002,977.69813,214.46337583892617,17.309315436241608,337.0053906,1013.4174830000001,805.52073,991.5939300000001,904.75327,12.763786825658823
US-Bar,2018,NDVI,25,11,14.0,20,0,0.7610327616356253,double_logistic,0.8624895748415761,0.0208918795300339,0.932585233839866,0.7616347922353764,0.8829193947472047,141.7951755612298,0.436228647512953,265.62503413098017,0.1414773464698574,174.0,0.1212842219372096,137.0,142.0,147.0,281.25,265.75,250.25,True,,262.03125,277.8125,172,123.75,1049.6373600000002,712.81035,217.62985517241378,17.98808275862069,289.93398999999994,768.4089899999999,591.30968,744.0918999999999,658.1575300000001,12.699702131984688
US-Bar,2019,NDVI,26,15,18.0,23,0,0.7610327616356253,double_logistic,0.8541018131396574,0.0172727247257026,0.9381796688911606,0.7631501205611164,0.8777677309175471,153.8385214533441,0.5352148123374394,270.168994571471,0.1345220321714348,179.25,0.114616909063723,149.75,154.0,158.0,286.75,270.25,254.0,True,,262.03125,277.8125,172,116.25,1193.46875,743.30204,225.18995620437954,17.309817518248174,196.51932,1005.42156,848.53656,977.9248600000002,897.55143,12.506476360710963
US-Bar,2020,NDVI,20,12,12.0,18,3,0.7610327616356253,double_logistic,0.8176017794782555,0.0240295803972672,0.9120927633543684,0.7616084700557203,0.8801197010560999,165.1528360941674,0.9999999999999996,264.68162910758133,0.98400038349188,200.5,0.1185112310003796,163.0,165.25,167.5,267.0,264.75,262.5,True,,262.03125,277.8125,173,99.5,848.3344699999999,553.2239000000001,228.65956190476194,19.05773333333333,94.60602000000003,760.93003,739.79033,805.44497,739.79033,12.06508686873286
US-Bar,2022,NDVI,29,16,14.0,25,4,0.7610327616356253,double_logistic,0.978391032085694,0.0076596751176583,0.9892730871698808,0.7602448218008492,0.8752865349419052,139.09977656595473,0.353728480578228,273.0045125543988,0.7246282556823217,228.5,0.1150417131410528,133.0,139.25,145.5,276.25,273.25,270.0,True,,262.03125,277.8125,172,134.0,1165.802646,840.44477,226.2588263888889,17.81407638888889,330.64601000000005,846.886036,817.1963559999999,851.3018959999999,791.857336,11.6748731275772
US-Bar,2023,NDVI,32,17,10.0,28,0,0.7610327616356253,double_logistic,0.9048899977617388,0.0135575668228441,0.9528090140206316,0.7603151779816584,0.8607034507915923,143.72355557731012,0.1671626585535426,270.2882900097553,0.9859352319279472,250.5,0.100388270694115,130.75,143.75,157.0,272.75,270.5,268.25,True,,262.03125,277.8125,172,126.75,1193.97332,867.4529499999999,211.76564788732392,17.49199295774648,325.29826299999996,879.2373570000001,845.886157,907.120737,793.6236170000001,11.765797429466014
US-Bar,2015,NIRv,15,11,12.0,15,6,0.1183008671564509,double_logistic,0.9764923390716396,0.0146282204434519,0.9881831590141268,0.1171427752609965,0.3245596556369608,129.77540764214874,1.0,281.3632648959912,0.16289076833677,152.5,0.2074168801891759,127.75,130.0,132.0,295.0,281.5,268.0,True,,241.41666666666666,303.02777777777777,172,151.5,1117.1779999999999,814.4052200000001,215.18504166666668,16.60432738095238,296.9892899999999,827.4761200000002,752.8303299999999,834.6536330000001,568.80896,11.778796489242822
US-Bar,2016,NIRv,21,9,11.0,16,0,0.1183008671564509,double_logistic,0.9869782771226548,0.0120563280375654,0.9934683014473058,0.1175309539958261,0.3623792808704646,142.56486792670373,0.3235993427572423,274.0112430846408,0.0822276951650706,172.5,0.2447750867787508,136.0,142.75,149.5,300.75,274.25,247.5,True,,241.41666666666666,303.02777777777777,173,131.5,1324.1170501000001,877.23991,220.4025757575758,16.89367272727273,362.71239,972.3601600999998,743.6689599999999,973.9275741000001,697.0767500000001,12.840434565368477
US-Bar,2017,NIRv,17,11,13.0,17,3,0.1183008671564509,double_logistic,0.9636527665417804,0.0164194934900913,0.9816625985295868,0.1135654925156146,0.3507613903019221,138.76766479904873,0.2702104406221908,271.23381789350253,0.0671910685901677,169.25,0.2368826807734465,130.75,139.0,147.0,304.0,271.5,238.75,True,,241.41666666666666,303.02777777777777,172,132.5,1395.3086475999999,1093.9406499999998,202.79433333333333,16.488201149425286,354.0045136,1051.675434,726.31579,1049.638514,754.0357099999999,13.280359924603351
US-Bar,2018,NIRv,25,11,16.0,20,0,0.1183008671564509,double_logistic,0.9762035241064168,0.0142233312762794,0.9882381723781064,0.1163311268710726,0.3536985654956908,138.47962255420356,0.2386941110976972,267.6189302168846,0.0448379880598669,164.75,0.2345860686956324,129.5,138.5,147.5,317.0,268.25,221.25,True,,241.41666666666666,303.02777777777777,172,129.75,1102.2737519999998,815.67372,194.58977659574467,15.246765957446808,298.62724999999995,812.352122,386.97596,801.4518860000001,528.9099400000001,14.099015697571797
US-Bar,2019,NIRv,26,15,24.0,23,0,0.1183008671564509,double_logistic,0.9645335896841042,0.0173089888815887,0.9823871114962882,0.1144739960944563,0.3422649119374481,132.92138118167043,0.7298089614918428,271.3703541377479,0.0647744683186841,147.25,0.2277109610133568,130.0,133.0,136.0,305.5,271.5,237.75,True,,241.41666666666666,303.02777777777777,172,138.5,1273.0905269004002,886.03218,208.29510227272723,15.640045454545453,255.4187531004,1026.1439038,720.0076100000001,1023.6107238000001,749.1470700000001,13.329666082233562
US-Bar,2020,NIRv,20,12,13.0,18,3,0.1183008671564509,double_logistic,0.9710465062902848,0.0161617557028251,0.9865504264796788,0.1173347215510683,0.3564958094994068,144.13364667849314,0.2263837662699357,267.68996818862735,0.0678908897523895,176.75,0.2385154941174981,134.5,144.25,153.75,300.25,268.0,235.75,True,,241.41666666666666,303.02777777777777,173,123.75,1130.974091,824.7476200000001,213.61915060240966,16.940018072289156,291.73130999999995,846.4443609999998,555.37584,847.93696,607.40333,13.427549269749424
US-Bar,2021,NIRv,22,18,18.0,22,9,0.1183008671564509,double_logistic,0.988317433667881,0.0092992388136438,0.9941465094195844,0.1167156069413423,0.307633912570497,129.02254942557363,0.6910807247396148,272.14729691803524,0.1003587473835555,149.5,0.1909173077481297,126.0,129.25,132.25,294.25,272.25,250.5,True,,241.41666666666666,303.02777777777777,172,143.0,1207.5360300000002,909.39819,200.68924852071007,17.235260355029585,353.5486500000001,864.62158,646.73682,880.0967929999999,571.6306799999999,12.686863822123035
US-Bar,2022,NIRv,29,16,20.0,25,4,0.1183008671564509,double_logistic,0.979741959786756,0.0135484912383048,0.9898552395917458,0.1128913585199194,0.3421640871811485,136.70919347697398,0.3956054666388745,272.2625698197384,0.0688490053007129,160.5,0.2291496650169286,131.25,136.75,142.5,304.25,272.5,240.5,True,,241.41666666666666,303.02777777777777,172,135.75,1277.2060470000001,964.61337,209.89152023121386,16.517930635838148,331.568721,957.366726,635.87012,952.920946,645.51945,13.193533728418227
US-Bar,2023,NIRv,32,17,22.0,28,0,0.1183008671564509,double_logistic,0.9550006639583144,0.0149309746807946,0.9777981917520214,0.1144149430636532,0.3007666746207402,132.8988033725543,0.1944922058060118,269.0240338557777,0.0592915051387278,169.5,0.1856923008305898,121.75,133.0,144.25,306.25,269.25,232.75,True,,241.41666666666666,303.02777777777777,172,136.25,1289.6787989999998,1023.09153,192.1029351351351,15.886118918918918,341.071382,959.169717,552.5931369999998,957.161705,627.1218369999999,13.57236823073797
US-CMW,2014,NDVI,16,6,4.0,0,14,0.2439816942223722,double_logistic,0.9603266186727276,0.0276704346052778,0.9801215356988496,0.2148876649821779,0.8223599089094835,189.75863050405192,0.0194292621978773,307.71596946385534,0.047889309198475,255.25,0.4289843025657216,57.25,159.0,222.25,351.0,313.25,281.5,True,,288.5833333333333,342.125,172,154.25,882.4256745499999,753.9541919999999,259.73589115646257,19.415819727891158,208.14755791000002,678.90365664,588.2110220000002,676.30630964,607.0801919999999,11.416654678033828
US-CMW,2015,NDVI,20,9,6.0,0,9,0.2439816942223722,double_logistic,0.971095502733164,0.0244625262785497,0.9856984833773972,0.2379667582361272,0.6382463038404294,157.39011785987938,0.0333866242842621,302.1030260858582,0.0638119860199274,245.25,0.3696927323260491,89.0,153.0,205.75,337.5,304.25,275.0,True,,288.5833333333333,342.125,172,151.25,760.36957053,681.740297,231.46735742971885,20.405851405622492,158.396001,605.60674953,494.40743900000007,606.51276553,537.499509,11.628132234002344
US-CMW,2016,NDVI,37,18,13.0,0,0,0.2439816942223722,double_logistic,0.98020553849003,0.0206051245193995,0.9900794198083313,0.2417458314166649,0.6163958964830651,144.15961820267563,0.0453157894066741,316.19016558050873,0.0668706391627406,243.25,0.3676627479424357,95.25,143.5,189.0,349.5,316.75,285.75,True,,288.5833333333333,342.125,173,173.25,929.3991956,600.3472562,234.21670472440948,20.223728346456692,211.19910170000003,723.7165238999999,649.23392,725.9401054,657.04796,11.280805070427895
US-CMW,2018,NDVI,58,27,21.0,0,0,0.2439816942223722,double_logistic,0.973222953057688,0.0253390351236993,0.9865289916717568,0.2486239611265424,0.6197615377149933,137.73939268825953,0.0792648494778454,320.6544589583455,0.0982328133593858,237.75,0.3708959562542269,110.25,137.75,165.5,343.25,320.75,298.5,True,,288.5833333333333,342.125,172,183.0,1116.6982051999998,830.138334,254.9555236051502,20.99319313304721,260.060458,862.8648872,806.0652580000001,862.3375682000001,780.7166599999998,10.89100796076553
US-CMW,2019,NDVI,58,26,21.0,0,0,0.2439816942223722,double_logistic,0.9793153895640148,0.0219985898232477,0.9896197257287976,0.2568146748858491,0.6003911925668215,122.65326091441608,0.1334641760026017,314.2777893734132,0.1811339965983416,232.0,0.3435762441541587,106.25,122.75,139.25,326.5,314.5,302.25,True,,288.5833333333333,342.125,172,191.75,919.4800908,459.54760409999994,282.15646363636364,21.579809090909087,278.53981000000005,647.3185407999999,641.552805,650.9841941,593.7934250000001,10.783194109854726
US-CMW,2020,NDVI,68,30,30.0,0,0,0.2439816942223722,double_logistic,0.9648364926073384,0.0254120733889151,0.9823198945641456,0.2675395247325094,0.5953576233169975,117.3901964466082,0.0783113409785727,316.6427481349255,0.0777043629913954,216.75,0.3275418134195946,89.5,117.5,145.5,345.0,316.75,288.5,True,,288.5833333333333,342.125,173,199.25,1011.73261635,747.455264,284.59033984375003,21.207675781249996,342.768868,676.5252183499999,611.205164,676.5920313500001,611.205164,11.19422938898115
US-CMW,2013,NIRv,15,9,9.0,0,16,0.0273720153969403,double_logistic,0.9532697822747636,0.0095343100883375,0.9770471557271362,0.027942891263946,0.1522030760118538,144.2292683978509,0.0825494208799776,302.3034865500692,0.0393073450773276,201.5,0.1208512891153728,117.5,143.75,168.5,359.0,303.75,252.75,True,,264.78125,341.375,172,160.0,926.0225767,596.656488,249.63656198347107,19.907338842975207,137.8986041,792.8352226000001,516.53205,790.4527936000001,582.8535300000001,12.3636651947848
US-CMW,2014,NIRv,16,6,5.0,0,14,0.0273720153969403,double_logistic,0.95432103749358,0.0084415979101907,0.9771135984576717,0.0338730872739615,0.1318060652949618,127.90083687314292,0.0557625811372558,298.09731284036354,0.0777816688448961,224.5,0.0971680375548399,88.5,127.75,166.0,326.5,298.5,271.0,True,,264.78125,341.375,172,170.75,875.45071541,722.215844,272.78876050420166,21.14796218487395,207.55844041,672.517815,553.54312,676.03658264,510.90502,11.759817664316731
US-CMW,2015,NIRv,20,9,8.0,0,9,0.0273720153969403,double_logistic,0.9771992024681102,0.006429435252919,0.9885645128958208,0.0211119423506831,0.2920154344069874,198.30214370474204,0.0248151651059394,261.2681314795875,0.0355559114253258,222.25,0.1204190865152319,76.0,152.5,197.25,329.5,280.25,245.5,True,,264.78125,341.375,172,127.75,758.90518764,684.4270280000001,233.86020472440944,20.589641732283464,158.39010905,604.14825859,389.46484000000004,606.33711253,449.17629900000003,12.599442155739316
US-CMW,2016,NIRv,37,18,17.0,0,0,0.0273720153969403,double_logistic,0.9888734303142775,0.0042286698186541,0.9944233282291376,0.0283181613551902,0.130271966213954,134.40341931700522,0.0712398248423013,305.71270936744946,0.055948776416512,211.75,0.1010145487562944,103.5,134.25,164.25,345.25,306.25,268.25,True,,264.78125,341.375,173,172.0,928.1327773999999,593.4732532,236.07332644628096,20.49754132231405,208.300607,725.3486003999999,577.30362,726.0435683999999,554.6508599999999,11.85077737144373
US-CMW,2018,NIRv,58,27,28.0,0,0,0.0273720153969403,double_logistic,0.9776181109337104,0.0070555360204433,0.9888196579765528,0.0318357163287915,0.1461840778106967,134.3127571591003,0.1023461390183578,304.402225330314,0.055843683013656,198.25,0.1138802247643831,113.0,134.25,155.5,344.0,304.75,266.0,True,,264.78125,341.375,172,170.5,1114.5448672,827.803915,253.95871120689654,20.961146551724134,257.73626,863.0357472000001,681.6317100000001,862.0131332000001,671.60864,11.925354948833853
US-CMW,2019,NIRv,58,26,24.0,0,0,0.0273720153969403,double_logistic,0.9784683460440524,0.0074029432040563,0.9892941061539968,0.028209235921995,0.1434935479402426,122.73417006024064,0.1192189232613826,308.9439188041882,0.1071315210543419,211.25,0.1152780168338094,104.5,122.75,141.25,329.5,309.0,288.5,True,,264.78125,341.375,172,186.25,925.0954438,470.6177041,280.82825333333335,21.390493333333335,280.622181,650.8515228,593.7934250000001,651.2528910999999,490.94879000000003,11.19422938898115
US-CMW,2020,NIRv,68,30,34.0,0,0,0.0273720153969403,double_logistic,0.967843943429735,0.0083014552151034,0.9839376770140008,0.0347104866471075,0.144959133484045,122.31553630958123,0.1404426786118019,308.3510462690201,0.0594352905214838,182.0,0.1101630627605932,106.75,122.5,138.0,345.5,308.5,271.75,True,,264.78125,341.375,173,186.0,977.20980635,726.85788,282.86878242677824,21.669359832635983,308.246058,676.5252183499999,552.689254,676.45899635,526.9537039999999,11.735062012439267
US-CMW,2021,NIRv,63,24,24.0,0,0,0.0273720153969403,double_logistic,0.9385609406056536,0.0137725135747263,0.96884093167496,0.0379430975384057,0.1752992066550182,137.03526691782736,0.0764861169714788,300.6105218194916,0.0435657449029045,201.25,0.1345649926896016,108.25,136.75,163.75,351.75,301.75,254.5,True,,264.78125,341.375,172,165.0,1073.8255249,793.3893853,270.7348148148148,20.383164609053498,225.284129,855.7459059,609.0591099999999,851.728835,659.8393,12.306136265963232
US-Ced,2014,NDVI,14,5,4.0,7,17,0.5908044049196666,double_logistic,0.8721381928087095,0.0266651948298957,0.9412717055398132,0.6083056561074756,0.8109837335118313,157.13106642952457,0.1024134102105536,290.5554850590379,0.0912205418610373,220.5,0.202031308256552,135.75,157.25,178.5,314.75,290.75,267.0,True,,,,172,133.5,1302.2427360000001,1092.6633199999999,185.96646368715082,18.14971508379888,286.86235,1026.007686,838.98945,,,11.854165847514524
US-Ced,2014,NIRv,14,5,6.0,7,17,0.1185177005447369,double_logistic,0.9767296566051554,0.0061638101468273,0.9889798590937238,0.1201053647387387,0.2634447300236676,152.03222616836717,0.0777126343971797,233.92167839150403,0.0361510311145872,186.5,0.1122561640771876,123.25,148.75,169.5,302.25,246.25,208.25,True,,,,172,97.5,1328.090959,1099.50408,192.85451396648045,18.65860335195531,343.34116,995.377099,350.67857,,,14.244099962342798
US-ChR,2017,NDVI,18,12,13.0,0,17,0.4577414649005592,double_logistic,0.9927224003037742,0.0145864054492326,0.9964020045653696,0.4636126595574215,0.8585747140464016,107.37552239706278,0.1806921591068791,308.897237861316,0.1131490509420712,186.5,0.3949614285955436,95.25,107.5,119.75,328.5,309.0,289.5,True,,287.4166666666667,333.1666666666667,172,201.5,,,210.3803261802575,19.642884120171672,,,,,,11.015767166856088
US-ChR,2018,NDVI,32,15,18.0,1,6,0.4577414649005592,double_logistic,0.9933476898975704,0.0142095823424207,0.996677827152348,0.4629553329618367,0.8694326543593563,112.85890308333263,0.1910321923316479,311.5463116674104,0.0929703484502194,180.5,0.4064742487857876,101.5,113.0,124.5,335.25,311.75,288.0,True,,287.4166666666667,333.1666666666667,172,198.75,916.5994950000002,348.09060972961504,200.83302136752135,19.56016239316239,57.9559,865.387995,836.8780600000001,860.9559250000001,834.7967600000001,11.07092805405329
US-ChR,2019,NDVI,33,18,20.0,1,5,0.4577414649005592,double_logistic,0.9911890829708156,0.0167245369955474,0.9956288711096124,0.4669070164847707,0.8648496572672204,107.7025709952115,0.1384002045514103,310.0777393466764,0.0862136598296109,187.5,0.3979260419694634,92.0,107.75,123.75,335.75,310.25,284.75,True,,287.4166666666667,333.1666666666667,172,202.5,1447.8404936,696.927175,217.38254098360653,20.057704918032787,607.492688,849.2827256,751.60428,844.8702556000001,758.4379299999999,11.19179698696746
US-ChR,2017,NIRv,18,12,14.0,0,17,0.0713665834013038,double_logistic,0.9804957886388622,0.0150112965576057,0.9902993502034804,0.0545264968697265,0.3692356347452343,111.67710847224528,0.110925636199487,274.9426701298032,0.0335192383241244,158.0,0.3067497622596067,92.0,111.5,130.25,341.5,276.5,216.5,True,,217.0,341.9166666666667,172,165.0,,,204.91820400000003,19.114092,,,,,,13.71023022872378
US-ChR,2018,NIRv,32,15,22.0,1,6,0.0713665834013038,double_logistic,0.9733761310597496,0.0187204326567207,0.9868337812924244,0.0684677308830622,0.3700895810614162,116.60531398440249,0.1498419464532606,273.9104171843711,0.0317406422233673,152.75,0.2939759395901035,102.25,116.5,130.5,344.25,275.75,212.0,True,,217.0,341.9166666666667,172,159.25,918.7771117200001,353.89977972961503,195.68408264462815,18.998355371900825,57.9559,867.5656117200001,392.73300000000006,865.129144,416.8564100000001,13.840902977110828
US-ChR,2019,NIRv,33,18,23.0,1,5,0.0713665834013038,double_logistic,0.9868229916271068,0.0119599676592524,0.993399936639908,0.0707242494448704,0.3457286926358902,110.95150542749263,0.1228418948007829,279.0107920904849,0.0363194882666287,157.0,0.2708133209637975,93.25,111.0,128.25,340.0,280.0,222.5,True,,217.0,341.9166666666667,172,169.0,1448.0640236,699.01106,214.8022105263158,19.832178137651823,608.799745,848.1991986,418.8848099999999,849.8450686,377.80444,13.522611598141141
US-EML,2018,NDVI,17,13,13.0,44,0,0.5463691632569435,double_logistic,0.961351295440638,0.0148193069583035,0.98089648721101,0.5454874734559598,0.7651081554949384,167.16303244333702,0.1500637068515131,254.37916197889945,0.091572468345294,202.25,0.2166512985592275,152.5,167.0,181.25,278.75,254.75,232.0,True,,230.0,275.2,172,87.75,343.7985378999999,258.554816,181.34587301587305,10.990119047619048,47.28165,298.7964579,232.29894000000002,297.1709149,226.49596,15.482839826119102
US-EML,2020,NDVI,24,12,14.0,45,0,0.5463691632569435,double_logistic,0.93781641197068,0.0191801657530134,0.970696394005542,0.5463316356171404,0.7852449828903298,156.58266678216478,0.1644253837742718,249.13060138703804,0.0633939132669075,186.5,0.2327568384622311,143.25,156.5,169.0,284.25,250.0,218.25,True,,230.0,275.2,173,93.5,529.1855098000001,382.27097200000003,175.52070921985816,9.992014184397162,158.39112,375.5355598,262.84964,369.68890080000006,312.43553999999995,16.96937364829275
US-EML,2021,NDVI,16,8,8.0,50,0,0.5463691632569435,double_logistic,0.9300322426831548,0.0208370132022193,0.9655026099703776,0.5446384713663291,0.790117958179446,162.7250428037891,0.1264067788904514,245.8912036853452,0.0811621400130229,197.5,0.237749125775727,145.25,162.5,178.25,273.5,246.75,222.25,True,,230.0,275.2,172,84.25,390.80044846000004,244.838512524698,188.581796875,9.897703125,83.74764,312.46031846,243.74074,311.61978626000007,268.18423650000005,16.54139533050478
US-EML,2022,NDVI,16,6,5.0,68,3,0.5463691632569435,double_logistic,0.9419483145422496,0.0189537086608624,0.970850830605865,0.545510122542898,0.7648811225864638,165.81834536142426,0.142156448310601,251.5529371190938,0.1851014232494301,213.5,0.21893025379079,150.5,166.0,181.25,263.5,251.75,240.0,True,,230.0,275.2,172,85.75,521.5084509999999,342.793675,193.999778761062,11.867778761061947,71.27602,454.2526409999999,404.28157,468.15518799999995,363.99990999999994,14.606607700651788
US-EML,2023,NDVI,17,11,7.0,60,0,0.5463691632569435,double_logistic,0.9454233712900498,0.0232883338705697,0.9724983735214716,0.545907866000811,0.8044538139960239,173.23021903469402,0.1229001641834042,255.8840795929694,0.1112566011696462,213.0,0.2544397642251077,155.25,173.0,190.0,276.0,256.25,237.5,True,,230.0,275.2,172,83.25,,,164.33393388429755,10.955297520661158,,,,,,14.880779573976199
US-EML,2018,NIRv,17,13,12.0,44,0,0.1058617501793712,double_logistic,0.9532701895973684,0.0095983144291059,0.976782130519862,0.1052295331427796,0.2286515924480373,164.55532264693787,0.0927990756021888,248.6277816617095,0.1388380372479686,213.25,0.1211893666833919,140.75,164.25,186.5,264.75,249.0,234.0,True,,224.5625,269.5,172,84.75,354.7030949,253.437328,199.38595967741935,11.20617741935484,67.08675,289.89591490000004,236.17348,293.5883309,209.40614999999997,15.264146333628421
US-EML,2019,NIRv,23,5,5.0,39,3,0.1058617501793712,double_logistic,0.870776079273893,0.0161054376289003,0.9485891688230504,0.1095170746514718,0.2374342969297999,155.1280512700784,0.1118269550544006,240.43953728335117,0.0697067368338834,190.5,0.1216949746849225,135.25,154.5,171.75,273.0,242.0,214.75,True,,224.5625,269.5,172,87.5,498.1907714,351.470052,187.7128188405797,11.852471014492755,96.40830099999997,408.4714303999999,238.66932,408.79079119999994,287.03358999999995,17.33888804646581
US-EML,2020,NIRv,24,12,14.0,45,0,0.1058617501793712,double_logistic,0.8873696765171503,0.0164848214257932,0.9456431984292568,0.1059807832503507,0.2530796097848196,154.5999793828657,0.1267298155419608,239.61305284910367,0.0785702991621808,189.5,0.1425412079210944,137.25,154.25,170.25,268.25,240.5,215.25,True,,224.5625,269.5,173,86.25,518.5599328,358.1400929999999,190.80808396946566,10.524076335877862,158.39112,364.9099828,252.66447000000002,365.84704380000005,287.4849300000001,17.286443633536262
US-EML,2023,NIRv,17,11,11.0,60,0,0.1058617501793712,double_logistic,0.9419321473207172,0.0154253113420315,0.976963789414097,0.1084450265843648,0.2670991909511792,183.46297145346037,0.9999994060379104,252.94497437530703,0.1167119931132271,192.75,0.1584985619061147,181.5,183.5,185.75,272.0,253.0,234.25,True,,224.5625,269.5,172,69.5,,,148.8389230769231,10.961593406593407,,,,,,15.236787611279091
US-GLE,2017,NDVI,13,6,3.0,43,3,0.5261931648425928,double_logistic,0.8344497388399803,0.0193379704179673,0.9172396688665938,0.5251221068372428,0.6464442333407184,183.52562336512415,0.2271271889514583,299.15630773542244,0.2121584072218892,239.5,0.1213213746354187,174.0,183.75,193.25,309.75,299.25,289.0,True,,244.66666666666666,290.8333333333333,172,115.5,565.7168290000001,402.01658399999997,199.8384632352941,7.527242647058824,,574.392009,560.959687,562.254227,443.97682000000003,10.824854045035469
US-GLE,2018,NDVI,26,20,20.0,54,0,0.5261931648425928,double_logistic,0.9001766123617544,0.0164997489003083,0.953218813756294,0.527490430146629,0.7512854592613283,178.9191507478929,0.2082010010821945,224.2856431596052,0.0509912428902261,194.5,0.175190727958126,170.25,178.75,186.75,272.75,233.0,207.0,True,,244.66666666666666,290.8333333333333,172,54.25,549.21474,403.98401999999993,239.16226470588234,11.702068627450977,11.12585,544.02782,234.48,570.0473509999999,458.88942,14.412371853805793
US-GLE,2019,NDVI,19,17,16.0,66,0,0.5261931648425928,double_logistic,0.9443535716249728,0.0126369583463856,0.972136537527188,0.5255407747949122,0.6931583504317226,196.10483615567168,0.2658619266452885,261.9128494820185,0.0800434283964263,215.0,0.1626892300814489,188.0,196.0,203.75,290.0,262.75,238.0,True,,244.66666666666666,290.8333333333333,172,66.75,551.8080649999999,428.571906,227.051213592233,9.798932038834954,,621.770485,406.55026999999995,621.770485,446.34311,13.1975185241643
US-GLE,2017,NIRv,13,6,6.0,43,3,0.0727038907796805,double_logistic,0.943640664324608,0.004660021419351,0.9793395873474418,0.0724985216511015,0.1660780819140189,181.72097445675817,0.119587339568427,234.66499036502657,0.0460211001053956,204.0,0.0691409941752215,164.5,180.0,193.0,289.75,246.25,218.75,True,,222.08333333333334,275.6666666666667,172,66.25,593.6141069999999,404.21334100000007,221.78464000000002,9.059032000000004,36.967710000000004,560.959687,298.42646,544.9351049999999,316.52466,14.002145812231293
US-GLE,2018,NIRv,26,20,20.0,54,0,0.0727038907796805,double_logistic,0.8986440286481071,0.0079415018441608,0.9497835066317656,0.072800721583971,0.1447383807551456,173.638497619434,0.2392633078980141,232.50414353133957,0.0991861242852547,193.5,0.0698501557128602,164.5,173.5,182.0,255.0,233.25,213.0,True,,222.08333333333334,275.6666666666667,172,59.75,526.58075,391.84631,244.3352197802198,12.066890109890107,37.27471,495.24496999999997,281.05063999999993,551.63302,346.13156999999995,14.212759028757029
US-GLE,2019,NIRv,19,17,16.0,66,0,0.0727038907796805,double_logistic,0.9647942357587233,0.0049677480459857,0.9836329829909212,0.0721105866884435,0.1448480498661975,191.9072263342269,0.5233139116879028,257.6699087760618,0.0904970204530811,204.5,0.0720507898344174,187.75,192.0,196.25,282.25,258.0,234.5,True,,222.08333333333334,275.6666666666667,172,66.0,540.2937499999999,418.12522999999993,232.49480000000003,10.701073684210526,,610.25617,378.23087,593.511,295.6150599999999,13.352487262369353
US-Ha1,2015,NDVI,12,9,10.0,14,12,0.6299026270825847,double_logistic,0.99168754584728,0.0097381589260399,0.9965291115246976,0.6465176385754396,0.8883974039847918,142.0211365550932,0.7209956570373773,286.9483736325671,0.2881075777586626,184.25,0.2418797654093035,139.0,142.25,145.25,294.75,287.0,279.5,True,,273.0,305.40909090909093,172,144.75,1664.0330119,776.41458,226.86467948717947,18.112128205128204,340.85109000000006,1335.0891219,1270.50723,1341.0976563,1235.64749,11.227602887440412
US-Ha1,2016,NDVI,23,9,11.0,8,3,0.6299026270825847,double_logistic,0.9468384937729202,0.0283500075038776,0.9746105637006032,0.6329675258465485,0.8942502243279409,143.25997097767612,0.3943810242533935,292.84010486603864,0.1202303678779984,180.5,0.2612822333351851,137.75,143.5,149.0,311.25,293.0,274.75,True,,273.0,305.40909090909093,173,149.5,1463.5196935,806.3386800000001,215.58838505747127,18.597229885057473,368.91610000000003,1105.7850935000001,993.52698,1099.5515110000001,989.92106,11.458712126759616
US-Ha1,2017,NDVI,21,13,16.0,13,0,0.6299026270825847,double_logistic,0.9907206685194094,0.01048485742299,0.9953603509446308,0.6330997302388216,0.8823588797293401,138.6600536286141,0.9997653063062032,291.50973454501167,0.0972752727083717,154.25,0.2492587108249041,136.5,138.75,141.0,314.25,291.75,269.0,True,,273.0,305.40909090909093,172,153.0,1327.0246643,750.53505,188.9774719101124,16.58920224719101,245.63078000000002,1090.9824343,949.4820300000001,1087.239572,972.4296400000002,11.741023976309945
US-Ha1,2018,NDVI,29,13,21.0,12,0,0.6299026270825847,double_logistic,0.9861663572082918,0.01428157309259,0.9931794411516964,0.6327149645197131,0.894165221214309,141.08548064183825,0.999854106963754,288.25248377763097,0.0910436410060107,155.5,0.2614486391397536,139.0,141.25,143.5,312.5,288.5,264.25,True,,273.0,305.40909090909093,172,147.25,1413.34578,716.76369,187.41687931034483,16.58205747126437,327.90550999999994,1097.98897,938.8663399999999,1091.739411,1000.3968199999999,11.975318122299415
US-Ha1,2019,NDVI,23,14,14.0,13,3,0.6299026270825847,double_logistic,0.9844691789807346,0.0138134676000159,0.9923958542395698,0.6333086155569754,0.8836258277104201,142.36471033538052,0.3725317059481101,286.87085197418907,0.1381955752867905,183.5,0.2503170003164404,136.5,142.5,148.5,303.0,287.0,271.0,True,,273.0,305.40909090909093,172,144.5,1338.6433391,646.188501,214.23677245508983,17.376832335329343,274.4997,1073.8027490999998,986.8211200000001,1074.9899040999999,998.8885100000001,11.642599544131725
US-Ha1,2020,NDVI,24,13,16.0,18,3,0.6299026270825847,double_logistic,0.994957281879988,0.0079495231170836,0.9975345275242344,0.6287939501489689,0.8789131336254893,143.51951702366648,0.8767430631258545,289.3274781704821,0.118113555448649,162.75,0.2501190911746076,141.25,143.75,146.25,308.0,289.5,270.75,True,,273.0,305.40909090909093,173,145.75,1153.2483457,726.74806,218.38079041916166,17.80979640718563,252.66122000000001,912.2800257,843.33379,908.9886957,851.81693,11.654891575203258
US-Ha1,2021,NDVI,27,19,19.0,16,9,0.6299026270825847,double_logistic,0.989857646409552,0.0113428860364411,0.9949278470712736,0.6287837474320143,0.8669486667582044,137.6604990793388,0.3168304713856955,294.7127433965689,0.1619532405888892,192.25,0.2381648971945625,130.75,137.75,144.75,308.5,294.75,281.25,True,,273.0,305.40909090909093,172,157.0,1071.841211,598.2883999999999,202.76701685393255,17.358016853932583,222.52624,857.331781,792.429208,855.2399379999999,757.1804480000001,11.14313630636507
US-Ha1,2022,NDVI,39,22,26.0,21,3,0.6299026270825847,double_logistic,0.9726631021094672,0.0197636790186829,0.9866926704978676,0.6300120282887025,0.88469762621491,137.4214005015101,0.5850701417792182,286.72305652556,0.1969187568439042,176.5,0.2546855978008342,133.75,137.5,141.25,298.0,286.75,275.75,True,,273.0,305.40909090909093,172,149.25,1305.5025861999998,699.2169799999999,227.64287272727273,17.500193939393938,312.18528,1003.5229062,935.4518800000001,1007.2969111999998,925.6875200000001,11.40986395812276
US-Ha1,2023,NDVI,39,19,22.0,6,0,0.6299026270825847,double_logistic,0.8787022641641324,0.0352112769660744,0.940731877731428,0.6300344276676694,0.8590669030816136,133.34064583833117,0.3484777929376372,289.4991294130621,0.1687176789916045,185.75,0.2290324670075227,127.25,133.5,139.75,302.75,289.5,276.5,True,,273.0,305.40909090909093,172,156.0,1496.348658,786.41296,206.17816,17.307937142857142,338.8646,1168.925158,1079.280958,1168.0209009,1059.2525979999998,11.373289936605902
US-Ha1,2024,NDVI,43,23,24.0,9,3,0.6299026270825847,double_logistic,0.980043403220186,0.0166714820441595,0.9900365711385714,0.6302627144996649,0.87976182096426,139.19112120901042,0.4464095917303419,286.70975387960334,0.1645210445827656,180.5,0.2494990975873873,134.5,139.25,144.25,300.25,286.75,273.5,True,,273.0,305.40909090909093,173,147.5,1477.1119720000002,727.12323,204.77285542168676,17.563831325301205,365.95161,1123.6858619999998,1031.8507000000002,1128.074217,1031.8507000000002,11.519893596390343
US-Ha1,2025,NDVI,48,26,28.0,12,0,0.6299026270825847,double_logistic,0.9863266840377074,0.0130436027709002,0.9931430426772858,0.6294036854662056,0.8780287603925367,134.2737805315572,0.2346473977824961,286.3792911586127,0.1115922538066656,185.5,0.2486203675023509,125.0,134.5,143.75,306.25,286.5,266.75,True,,273.0,305.40909090909093,172,152.0,1362.883996,788.07061,199.58687912087916,16.72026923076923,324.617086,1049.58411,936.4496699999999,1049.28421,976.3233899999998,11.851942314918412
US-Ha1,2015,NIRv,12,9,10.0,14,12,0.1121957597603762,double_logistic,0.9935932291070652,0.0074596149131739,0.9968090195604548,0.1115973043894934,0.3430511458441476,134.22295825939992,0.2201284464910898,288.0396428268029,0.0917717975526745,182.25,0.2314338483352089,124.25,134.25,144.25,312.0,288.25,264.25,True,,241.27272727272728,315.0,172,154.0,1750.2886088,958.6314300000001,218.78195212765957,17.328968085106382,417.53891,1344.6568988,1166.76059,1347.9232198999998,912.17386,11.975318122299415
US-Ha1,2016,NIRv,23,9,11.0,8,3,0.1121957597603762,double_logistic,0.9908437282466795,0.0106066973557157,0.9955112388449278,0.1182124505009703,0.3641335272527633,139.97937507274926,0.2638090650485462,281.34791643477945,0.0718151869333448,174.0,0.2457796724737774,131.75,140.0,148.5,312.0,281.5,251.0,True,,241.27272727272728,315.0,173,141.5,1481.3528434999998,840.8914,216.33344198895028,18.38665745856354,385.62022,1106.9141235000002,839.41377,1109.3536535,759.55034,12.626710063394102
US-Ha1,2017,NIRv,21,13,15.0,13,0,0.1121957597603762,double_logistic,0.9822974912311562,0.0123993712104482,0.9911165564430778,0.1089034585712824,0.3457420554955571,135.73692002676538,0.1660206864667343,276.7512910654484,0.0555050525877498,176.0,0.2356635140160894,122.5,135.75,148.75,316.5,277.0,238.25,True,,241.27272727272728,315.0,172,141.25,1374.3235773000001,822.42623,186.88711340206186,15.825288659793813,292.401467,1091.5106603,702.99993,1091.1260793,740.5540299999999,13.236570539390016
US-Ha1,2018,NIRv,29,13,19.0,12,0,0.1121957597603762,double_logistic,0.984607590675722,0.0142861068904799,0.9922866247722544,0.1091114163356999,0.3774018245622949,137.96647781821278,0.1836885563911671,272.6620009161414,0.0491824911518535,172.0,0.2658887618071303,126.0,138.0,149.75,317.75,273.25,229.75,True,,241.27272727272728,315.0,172,135.25,1464.8811180000002,796.2875999999999,186.06439583333335,15.984484375000001,374.35100000000006,1103.078818,631.99158,1100.891259,761.1167800000001,13.623920474466937
US-Ha1,2019,NIRv,23,14,15.0,13,3,0.1121957597603762,double_logistic,0.9666323623802296,0.016936340143591,0.9833503699443472,0.1142852080336043,0.3388306236856659,142.29337380906233,0.2984259909159477,279.43296763717746,0.0661150780137933,171.25,0.2243301038590466,135.0,142.5,149.75,312.75,279.5,246.5,True,,241.27272727272728,315.0,172,137.0,1350.9224560999999,679.462581,208.22906741573036,16.710764044943822,281.83927,1078.7422960999997,792.0337999999998,1079.9726879999998,751.8265299999998,12.84482293968184
US-Ha1,2020,NIRv,24,13,14.0,18,3,0.1121957597603762,double_logistic,0.9815624721295207,0.0130738901299141,0.9908041300110522,0.1127428543198353,0.3642501067288336,146.290046351241,0.1740448393937273,275.6144136970118,0.0460075068903324,179.5,0.2477479794709448,133.75,146.25,158.5,323.75,276.5,231.0,True,,241.27272727272728,315.0,173,130.25,1172.8146356,782.4263899999999,210.60374210526314,16.621163157894735,271.57961,912.9279256000001,575.66588,914.5945226000001,672.7382299999999,13.568265715540152
US-Ha1,2021,NIRv,27,19,21.0,16,9,0.1121957597603762,double_logistic,0.956284121414642,0.0191728018398728,0.9788874540576806,0.1097159864801356,0.3188856711698822,135.60981572753818,0.295793411322542,279.71026496785913,0.058214464160645,164.0,0.2088744801447085,128.25,135.75,143.25,317.5,280.0,242.25,True,,241.27272727272728,315.0,172,144.25,1079.3111296000002,615.9394199999999,198.9198095238095,16.81104761904762,225.25466,862.0732796,546.1340979999999,861.5332980000001,538.5755479999999,13.048187164141998
US-Ha1,2022,NIRv,39,22,26.0,21,3,0.1121957597603762,double_logistic,0.9811513381528252,0.0157166158509466,0.9905690385953624,0.1080267403540335,0.3725701460193575,139.1251149706181,0.2641991904410053,276.5347234000865,0.0755004828404053,173.25,0.2644027129588394,131.0,139.25,147.5,305.75,276.75,247.75,True,,241.27272727272728,315.0,172,137.5,1316.3593512,724.7391,225.32381714285708,17.265600000000003,319.26804000000004,1007.2969111999998,739.6389499999999,1015.2019822,690.3331599999999,12.784488947264403
US-Ha1,2023,NIRv,39,19,23.0,6,0,0.1121957597603762,double_logistic,0.9563857032263724,0.0171046992552404,0.9780487115250468,0.1107712908944949,0.3076064048763097,132.11790797648368,0.2907418826954748,279.9748482728724,0.0661768196024744,163.75,0.1967253017238629,124.75,132.25,139.75,313.25,280.0,247.0,True,,241.27272727272728,315.0,172,147.75,1501.818632,813.6929399999999,200.12199999999999,16.500089947089947,342.19617600000004,1171.063556,878.27878,1172.3213759999999,815.28582,12.82071495299343
US-Ha1,2024,NIRv,43,23,27.0,9,3,0.1121957597603762,double_logistic,0.9838411764229972,0.0132679180122489,0.9918962575543412,0.1092530417010257,0.3734414562846812,137.01062026946056,0.2336681481176329,265.5501955366101,0.0409058740533356,162.5,0.2596613999616837,127.75,137.0,146.25,319.75,266.5,216.0,True,,241.27272727272728,315.0,173,129.5,1505.554381,792.47828,194.72227083333334,16.455302083333333,379.594306,1138.485575,545.8975700000001,1135.641971,790.86839,14.195858334517691
US-Ha1,2025,NIRv,48,26,31.0,12,0,0.1121957597603762,double_logistic,0.978913104934246,0.0139150409149939,0.989502924071934,0.1127375083315442,0.3389595325207322,133.2803248125567,0.2072131708588598,276.7768795472097,0.0591777386516699,169.75,0.2257029269286099,122.75,133.5,144.0,314.0,277.0,240.25,True,,241.27272727272728,315.0,172,143.5,1367.710943,804.6620599999999,193.99891145833337,16.283541666666665,326.389725,1052.638418,751.3957599999999,1052.768724,759.3490999999999,13.142787661461478
US-ICh,2018,NDVI,15,9,8.0,61,0,0.4843051152408334,double_logistic,0.974289952934332,0.0125466938928308,0.9871157156711792,0.483352359956905,0.7515567063962872,191.6398132933113,0.1226679049602965,239.7871928300925,0.1276866022859761,216.0,0.2430655775036884,173.0,190.25,204.5,258.0,241.25,227.5,True,,225.25,255.45833333333334,172,51.0,137.82436957999997,102.26443400000001,136.69715116279068,6.5241860465116295,,138.37971258,112.70458488,135.72846658,112.25151200000002,17.128929714014564
US-ICh,2019,NDVI,22,9,8.0,56,0,0.4843051152408334,double_logistic,0.9685478706877384,0.0125364204996667,0.9847390712384146,0.4854780865592983,0.6707501378845235,165.00005277659724,0.1552579518325338,243.1252254865069,0.2405807491678273,211.25,0.1850446027310164,151.0,165.0,179.25,252.5,243.25,234.25,True,,225.25,255.45833333333334,172,78.25,164.06409900000003,106.526655,168.87210784313731,7.973049019607845,31.374417,135.199582,129.83031499999998,135.5377808,121.925842,16.129524643603904
US-ICh,2020,NDVI,17,6,6.0,58,0,0.4843051152408334,double_logistic,0.9673534731217728,0.0130543531696851,0.9835665116137882,0.4829064489416925,0.6572794161192173,166.2055967906596,0.2568366035577983,232.02565401539908,0.1592934596832473,192.5,0.1738488839213764,157.75,166.25,174.75,246.0,232.25,218.5,True,,225.25,255.45833333333334,173,66.0,162.636672,105.445972,186.77791011235956,7.664617977528089,23.40721,141.924622,117.23324600000001,143.1301573,127.95965599999998,18.53118199265746
US-ICh,2021,NDVI,15,7,6.0,64,0,0.4843051152408334,double_logistic,0.9612541096629488,0.0149033388460688,0.9815177160258124,0.4826730607990206,0.7041536249099185,177.3838890984504,0.1374370916991458,242.73351752835796,0.118548358057971,208.25,0.2146878548680555,161.25,177.0,191.75,261.75,243.25,226.5,True,,225.25,255.45833333333334,172,66.25,157.18806149,124.4719455,153.86085,7.551089999999999,7.054878,151.22023349,137.260526,148.95887268999996,135.899046,17.280191443822083
US-ICh,2024,NDVI,20,8,8.0,73,0,0.4843051152408334,double_logistic,0.9622438227268828,0.0138947727259432,0.9827069459915828,0.4834283910070237,0.7454285461810753,176.04046415874728,0.1571481036655195,232.11629110214147,0.0699556786755768,197.25,0.2319501309634048,162.0,175.25,186.5,265.5,235.5,212.5,True,,225.25,255.45833333333334,173,60.25,239.18192499999998,161.741141,161.88129807692306,7.558711538461538,26.869679999999995,215.75748500000006,134.79204000000001,206.03884100000002,172.38532,19.53883780403767
US-ICh,2025,NDVI,16,6,3.0,74,0,0.4843051152408334,double_logistic,0.969448894520482,0.01506588472532,0.9854136073234704,0.48223254095686,0.7293919321166172,178.59688012012757,0.1916318859060395,240.43411411376712,0.2642589144410591,213.75,0.2466525210937766,167.25,178.75,190.0,249.0,240.5,232.25,True,,225.25,255.45833333333334,172,61.75,270.5390176,266.177914,174.44400000000002,9.37309756097561,17.51071,256.68325760000005,243.75435299999998,257.197459,228.31706,16.42211987462164
US-ICh,2018,NIRv,15,9,8.0,61,0,0.1186059747988618,double_logistic,0.944102984634627,0.0085793636946579,0.9724211709964528,0.1182963724314297,0.2268252434801994,187.15275711584565,0.1745375113584119,239.0307169161003,0.1449822999440688,211.25,0.1050351084160266,174.5,187.0,198.25,254.5,239.5,226.0,True,,221.15,248.95,172,52.5,133.36457058,96.709158,139.0837375,6.6248249999999995,,135.40938258,112.26070488000002,129.84039658,106.32270700000002,17.356183066937543
US-ICh,2019,NIRv,22,9,9.0,56,0,0.1186059747988618,double_logistic,0.9354175736003352,0.009349592615986,0.9696890846303808,0.1178759010441254,0.2128783990950133,165.69519283867604,0.1153584941611449,231.69401621165176,0.1278041213061636,200.0,0.091594881692531,146.5,165.25,182.25,249.25,232.25,217.0,True,,221.15,248.95,172,67.0,165.32417000000004,107.24654799999999,172.68753398058254,7.950961165048543,33.449011,134.385059,111.23380000000002,134.07966000000002,117.326209,18.776040984680506
US-ICh,2020,NIRv,17,6,6.0,58,0,0.1186059747988618,double_logistic,0.9522504595101828,0.008309195328239,0.9765567771984206,0.1178055956194942,0.2049672719139929,164.74693104877508,0.2675872771129758,224.3570346122389,0.2495642221650247,193.75,0.087082597261851,156.75,164.75,173.0,233.25,224.5,215.75,True,,221.15,248.95,173,59.75,155.74951900000002,89.401065,200.61080519480518,8.07079220779221,23.953832000000002,134.49084700000003,112.189196,142.912209,122.49197599999998,18.983328913220156
US-ICh,2021,NIRv,15,7,6.0,64,0,0.1186059747988618,double_logistic,0.971605192610126,0.0065755105074692,0.9868108928910236,0.1179987170419649,0.2245964403805746,179.81707522608772,0.1309897626064383,237.43495782667208,0.1431013648249448,209.5,0.102536162386946,162.75,179.25,194.25,253.25,238.0,224.25,True,,221.15,248.95,172,58.75,153.02942269,116.42682849999998,159.67798901098902,8.055483516483514,6.547639,147.56883369,134.098626,145.0280101,129.65950999999998,17.6241759009213
US-ICh,2024,NIRv,20,8,8.0,73,0,0.1186059747988618,double_logistic,0.972250834378179,0.0066866119829442,0.9871479894664472,0.1187770095239604,0.229822472363195,176.08122106216172,0.2343966108630744,238.2449087646466,0.13596656989921,200.5,0.1100319692402904,166.75,176.25,185.25,254.5,238.5,222.75,True,,221.15,248.95,173,62.25,220.12908099999999,132.954821,165.47044318181818,8.142602272727272,18.46332,205.11100100000002,165.97519,200.74184400000001,162.82677,17.85659164093241
US-ICt,2018,NDVI,15,9,8.0,58,0,0.4980937324725051,double_logistic,0.9791899736292584,0.0108834450504091,0.9895438641538218,0.496658510850589,0.7509031588073856,192.025931096416,0.1289039615224698,239.69036243658135,0.1289182354255647,215.75,0.2317333734172256,174.25,190.75,204.5,257.75,241.25,227.5,True,,225.58333333333334,254.5,172,50.5,224.079934,179.032334,141.02497590361446,7.11975903614458,,230.718874,202.42311999999998,229.019779,199.62571,17.128773767303016
US-ICt,2019,NDVI,22,9,7.0,56,0,0.4980937324725051,double_logistic,0.9708761366759042,0.0116472385663657,0.9863627557173592,0.5002459964606233,0.6717258106643225,165.02318675089475,0.1650098197286926,242.7292747839544,0.371676762450508,217.25,0.1714355858739585,151.75,165.25,178.5,248.75,242.75,237.0,True,,225.58333333333334,254.5,172,77.5,222.116894,143.098702,179.7757113402062,8.502103092783505,43.347480000000004,181.59288399999997,177.409852,182.58536859999995,166.89256100000003,15.731185118933187
US-ICt,2020,NDVI,16,5,5.0,57,0,0.4980937324725051,double_logistic,0.9725955653103748,0.0113569249018445,0.9863097956559296,0.4969025769180901,0.6595429966560795,166.16793752255597,0.2644713912254526,232.38805750672967,0.1610077669295169,192.5,0.1622229800566364,158.0,166.25,174.5,246.25,232.5,219.0,True,,225.58333333333334,254.5,173,66.25,217.9639014,128.71962399999998,199.90557303370784,8.281359550561797,37.29327,184.17841140000002,151.28939,186.27869699999997,163.59058999999996,18.450202027517868
US-ICt,2021,NDVI,15,7,6.0,64,0,0.4980937324725051,double_logistic,0.9596280565064904,0.0148150432304346,0.9809038368401062,0.4961891731349813,0.7166625483372765,180.34790186306597,0.1209383138559691,241.5910381932355,0.1154377214671886,210.5,0.2089427525593902,161.75,179.75,195.25,261.25,242.5,226.25,True,,225.58333333333334,254.5,172,62.75,108.02525210000002,28.491131410815,161.92363,8.107640000000002,2.9587187,105.8487504,93.31862000000002,90.6726704,93.04753800000002,17.31799240539304
US-ICt,2024,NDVI,21,8,8.0,70,0,0.4980937324725051,double_logistic,0.9633912399139604,0.0132754815500518,0.9831030188584152,0.4975160678322495,0.753573712604394,176.55693751925264,0.1569507868445234,230.01397145910687,0.0686325800583153,197.0,0.2220436038679789,162.5,175.5,186.75,264.5,234.0,211.25,True,,225.58333333333334,254.5,173,58.5,290.727593,149.934807,171.6168235294117,8.442313725490196,29.37621,265.540453,139.18154199999998,254.954872,195.160752,19.75989929998161
US-ICt,2025,NDVI,16,6,3.0,73,0,0.4980937324725051,double_logistic,0.9664198567646414,0.0152555875515161,0.9836963600898811,0.4959452475060364,0.7319853906474334,178.8218879922331,0.195327012817407,240.33535755588588,0.2747471071354497,214.0,0.2356256324086917,167.75,179.0,190.0,248.5,240.5,232.5,True,,225.58333333333334,254.5,172,61.5,334.014846,200.19297000000003,183.03972839506173,10.102469135802469,15.08559,321.86271600000003,306.2509599999999,325.173346,283.39191,16.38527060659721
US-ICt,2018,NIRv,15,9,8.0,58,0,0.1234505292015522,double_logistic,0.9298376973743038,0.0098821750612107,0.9651374414157596,0.1228540917547864,0.2320640478791263,187.63868608380716,0.1823664080011635,238.7385203487691,0.1430625093451834,210.75,0.1056633644037133,175.5,187.5,198.25,254.5,239.25,225.5,True,,221.45,248.95,172,51.75,219.751269,174.14102000000005,142.60039240506327,7.198531645569623,,229.019779,199.62571,225.445232,190.58928,17.43225584558431
US-ICt,2019,NIRv,22,9,9.0,56,0,0.1234505292015522,double_logistic,0.9295944966731464,0.009649501446198,0.967161898769108,0.1226082178551312,0.2139698515261602,164.99793581957582,0.1170153030733676,231.61689919401013,0.1346036526262756,200.0,0.0885883989876798,146.0,164.5,181.75,248.25,232.25,217.25,True,,221.45,248.95,172,67.75,227.605687,146.79607000000001,183.2525242718447,8.542271844660194,48.836273000000006,181.59288399999997,148.46323099999995,181.59288399999997,159.38940100000002,18.73471095901734
US-ICt,2020,NIRv,16,5,5.0,57,0,0.1234505292015522,double_logistic,0.9447313942464616,0.008650626878382,0.9725900408404264,0.1226761162729969,0.2055706775886565,164.21550297387702,0.2744814668544977,225.05724435738043,0.2706100072034849,194.5,0.0828529803649963,156.25,164.25,172.25,233.25,225.25,217.0,True,,221.45,248.95,173,61.0,211.00703999999996,117.32700899999999,214.9423246753247,8.709948051948052,38.5909,175.92391999999998,146.29273,185.11991940000001,155.62387999999999,18.775800145165338
US-ICt,2021,NIRv,15,7,6.0,64,0,0.1234505292015522,double_logistic,0.9756641326873832,0.0059948326124483,0.9885530589253672,0.1227936173217757,0.2292386458898472,180.16313982378176,0.1280450143857429,237.563809076064,0.1373259083771241,209.5,0.1018050434416992,162.75,179.5,194.75,254.0,238.25,224.25,True,,221.45,248.95,172,58.75,92.92065739999998,12.443950621147,166.65446739130434,8.572000000000001,3.0302040000000003,90.6726704,92.42726300000001,85.7768184,90.753938,17.6239980384526
US-ICt,2024,NIRv,21,8,8.0,70,0,0.1234505292015522,double_logistic,0.9768562368505822,0.0060321812062969,0.9892450415104722,0.1236285149711264,0.2345199741362331,176.07334849170755,0.2323785841623168,238.57614626320955,0.1375502208733097,200.75,0.1099275210911353,166.75,176.25,185.25,254.75,238.75,223.25,True,,221.45,248.95,173,62.5,272.12116199999997,135.032668,173.69317045454545,8.852261363636364,21.35536,254.954872,188.485242,247.071362,181.569912,17.778640239782654
US-Jo1,2017,NDVI,52,27,24.0,0,3,0.1430254210460173,double_logistic,0.9162242373920336,0.0096823013464272,0.9573392534475031,0.1593560632107542,0.319752476176822,213.46092863236012,0.095961400951414,272.9880296259305,0.0357236005706614,240.0,0.110997926350981,193.25,211.25,227.0,345.75,290.75,257.25,True,,,,172,79.5,158.78747900000002,91.3468706,219.79092763157897,19.973684210526315,,158.78747900000002,98.13561,,,12.22320923183125
US-Jo1,2021,NDVI,72,33,32.0,0,0,0.1430254210460173,double_logistic,0.9423542565616198,0.0096233167195439,0.97075116649551,0.1508653428017282,0.3435498408880386,189.805739444466,0.1346957218432549,253.8099043612586,0.0258590858217309,213.75,0.1348467441873542,179.5,190.25,202.0,354.0,278.0,232.75,True,,,,172,87.75,170.10631460000002,133.25694641,224.92752000000004,19.64566857142857,,171.4869336,90.34564439999998,,,13.03407390588609
US-Jo1,2013,NIRv,15,9,6.0,0,19,0.0365816957963467,double_logistic,0.9924300020561622,0.0010722110875778,0.9966550056009688,0.0389571530340921,0.0955411517199227,240.0,0.0775276983527719,289.1797013929301,0.0576806767007207,264.25,0.0382369400027599,208.0,233.5,251.75,334.75,300.25,278.0,True,,267.96875,344.0,172,66.75,167.15898669999999,109.62065960000001,221.39936220472438,19.140401574803143,,188.29595070000002,141.80777899999998,193.62750069999998,119.83785900000001,11.513011867462344
US-Jo1,2015,NIRv,16,9,9.0,1,16,0.0365816957963467,double_logistic,0.9387584260579156,0.0011754417726187,0.9693937031062548,0.0359763553800516,0.0494144568431831,125.22261773337976,0.044179635087143,298.02216012520347,0.0399341052346697,208.5,0.0127410029716646,74.25,123.0,166.25,354.75,300.75,253.25,True,,267.96875,344.0,172,177.75,285.5738417,191.76147029999998,249.94445,19.849882142857144,132.56747900000002,153.9322637,80.49237,149.35873270000002,88.463237,12.359838738614874
US-Jo1,2016,NIRv,31,14,15.0,0,3,0.0365816957963467,double_logistic,0.8302356093554542,0.0026611474182687,0.9128801450699886,0.0367716212798607,0.0516309737087592,120.31973907987113,0.0694790838062287,310.9895801303816,0.0430712077868574,197.5,0.0146788588402727,88.75,120.0,150.5,362.5,311.75,262.75,True,,267.96875,344.0,173,191.75,225.10391879999997,118.8921246,252.05077372262772,20.242423357664233,95.49925600000002,130.6445928,67.6366728,120.2895068,71.80337479999999,12.034381796915573
US-Jo1,2017,NIRv,52,27,24.0,0,3,0.0365816957963467,double_logistic,0.8709906371822796,0.0049537498336099,0.9335362789170109,0.0408074884194075,0.1352197909704174,220.027230858772,0.0437646472277359,266.31667322781175,0.0466746933425463,242.5,0.0453404367750704,154.5,198.75,226.0,326.25,285.0,259.0,True,,267.96875,344.0,172,86.25,151.58312800000004,88.297304,253.11836046511627,22.919546511627903,,151.58312800000004,101.20396000000001,158.43633100000002,112.90214000000002,12.16320957904061
US-Jo1,2018,NIRv,84,37,27.0,0,0,0.0365816957963467,double_logistic,0.8532463840053035,0.0029313726976606,0.924310540429008,0.0373487293710784,0.0915748842212549,220.19225676134127,0.0170221536708252,293.1280414301079,0.0286801965847265,239.25,0.0219410550905984,35.25,144.75,206.25,361.75,310.25,268.75,True,,267.96875,344.0,172,165.5,282.51048790000004,133.39257883,240.3196993865031,19.028711656441715,117.2590482,166.4174397,100.885578,160.22603900000001,99.763038,11.828212830181565
US-Jo1,2019,NIRv,71,33,30.0,0,0,0.0365816957963467,double_logistic,0.8589859231303485,0.0028881702603716,0.9287229327566652,0.0364558087435791,0.0541799903113696,104.2632131020735,0.0628245329712647,310.9110801331968,0.0728520914625169,214.25,0.0176910277826154,69.5,104.25,139.0,341.25,311.0,281.25,True,,267.96875,344.0,172,206.75,311.5676835,132.23475358279998,261.6416066176471,20.17689338235294,156.79365900000002,157.0943345,113.71378099999998,158.17327550000002,102.626841,11.40382738874648
US-Jo1,2021,NIRv,72,33,31.0,0,0,0.0365816957963467,double_logistic,0.9344104221655644,0.0032070001017433,0.966969299277183,0.0395710238708547,0.1365454492633991,205.94375213441268,0.0540811458883711,246.43166891757252,0.0391588727753591,230.75,0.0428253525098375,160.25,193.0,215.75,324.0,275.5,247.0,True,,267.96875,344.0,172,82.5,166.86776149,156.72974420999998,250.75835365853655,22.579646341463413,2.75075809,164.22446539999999,121.34871439999999,168.7364121,137.3292774,12.57107289371877
US-Jo1,2022,NIRv,71,29,18.0,0,0,0.0365816957963467,double_logistic,0.8707088991342057,0.0034583363646357,0.9334247647145534,0.0389744908673885,0.0883971662381202,240.0,0.0205516506571088,315.2844001165905,0.0534980328096821,273.0,0.0281229724625078,103.5,195.75,247.5,346.75,319.25,293.75,True,,267.96875,344.0,172,123.5,142.88657904,95.19575324082,252.64793004115225,21.076296296296295,33.83530184000001,109.7156372,109.7156372,109.7156372,85.13259020000001,10.99724227666032
US-KFS,2017,NDVI,41,24,24.0,2,3,0.3315114762498192,double_logistic,0.98434558942556,0.0191908053936291,0.9922288463103804,0.3343622431699483,0.7317938624088998,116.98314404221254,0.0757491835594296,303.8094285705096,0.0411089593902512,188.0,0.3922351217393923,88.0,116.75,144.75,357.75,304.5,253.5,True,,271.1666666666667,352.75,172,187.75,904.3518329,697.440755471996,201.54117777777776,17.065007407407407,228.33444959999997,682.1861332999999,614.81863,690.0783832999999,678.55129,12.446153393692851
US-KFS,2018,NDVI,60,26,30.0,4,0,0.3315114762498192,double_logistic,0.938869611694544,0.0357772886965684,0.9692543700024604,0.3355696898840709,0.6751692116772448,125.59385378513336,0.1639407526164466,321.74469246612307,0.0623973664586082,184.0,0.3395131140888558,112.25,125.75,139.0,357.0,322.0,286.75,True,,271.1666666666667,352.75,172,196.25,929.3999610000001,895.9601690000001,185.4278081632653,18.17755918367347,334.60838,600.151681,576.7265747,599.6793223,548.965447,11.011033065030052
US-KFS,2019,NDVI,64,33,37.0,6,0,0.3315114762498192,double_logistic,0.9779531332783264,0.0243798245542818,0.9889567077068696,0.3399081224268783,0.7322301118101742,118.3326493845376,0.1173911942638109,308.2368328705442,0.0625118574690902,187.75,0.3919985586890654,99.75,118.5,137.0,343.5,308.5,273.25,True,,271.1666666666667,352.75,172,190.0,901.8338027,906.8892519999999,194.39425819672132,21.650999999999996,283.504524,625.2323187000001,602.19357,624.2065317299999,596.1129500000001,11.586321370103343
US-KFS,2016,NIRv,28,11,13.0,0,6,0.073719394064691,double_logistic,0.9579984939572782,0.0126843971854818,0.9793262042783946,0.0760189500574547,0.222125630599564,117.56854845978442,0.10515625229515,307.3473491298155,0.0403989961437689,176.75,0.1450743502111826,96.75,117.5,138.0,362.0,307.75,254.75,True,,248.0,350.0625,173,190.25,1485.46532737,1344.614142,199.6300789473684,17.864642857142858,514.3546200000001,982.80720737,695.89075,971.8776493700001,649.35502,12.392006842221804
US-KFS,2017,NIRv,41,24,25.0,2,3,0.073719394064691,double_logistic,0.9822817378984312,0.0088954973346304,0.9911242017556056,0.0767021219476807,0.2574836329715641,124.66838210787132,0.0738025505182676,279.2515465549267,0.0372024306153895,183.0,0.1734743963613624,94.5,123.75,150.75,339.75,281.5,229.75,True,,248.0,350.0625,172,157.75,905.7733702,670.1190701842629,213.5738081632653,18.30745306122449,222.65091360000002,689.2912066000001,488.36286,689.8007167,596.0826299999999,13.433679981225003
US-KFS,2018,NIRv,60,26,31.0,4,0,0.073719394064691,double_logistic,0.9237065069084116,0.0170650702908396,0.9613801579793264,0.0748956494521151,0.2211868765857639,127.76929771237155,0.1848127601397788,305.0256452105117,0.0441820601743835,168.25,0.1458623146172751,116.0,127.75,139.75,355.0,305.25,256.0,True,,248.0,350.0625,172,177.5,927.7979290000001,890.493222,186.01506666666666,18.31935,333.593366,599.564663,484.09186700000004,598.7331423,455.44412,12.337757473737527
US-KFS,2019,NIRv,64,33,37.0,6,0,0.073719394064691,double_logistic,0.8503955063798264,0.0279145102925582,0.923491571755859,0.0762177040780129,0.2486186772414627,122.83712041751362,0.0964521140646417,296.4858612481885,0.0471258801884877,184.75,0.1710764028822629,100.0,122.75,145.0,343.5,297.0,251.5,True,,248.0,350.0625,172,174.25,901.8338027,906.8892519999999,194.39425819672132,21.650999999999996,283.504524,625.2323187000001,511.95266000000004,624.84697273,503.63147000000004,12.532536756104141
US-Kon,2016,NDVI,17,6,6.0,1,20,0.3036983516662099,double_logistic,0.99249487038919,0.0159233148471037,0.9962677944969583,0.3035707648413985,0.7441304646282845,132.64070269712144,0.1845467390148621,288.7152632111049,0.0804040467679112,183.25,0.4404295491758634,120.75,132.75,144.75,316.25,288.75,261.5,True,,257.5625,314.75,173,156.0,1605.9954885000002,1416.5810299999998,222.58581122448982,21.996321428571427,372.45544050000007,1249.0937480000002,1082.7499699999998,1247.512173,1056.2969999999998,12.098299538950837
US-Kon,2017,NDVI,25,13,15.0,0,4,0.3036983516662099,double_logistic,0.9944174851805884,0.0147570403111495,0.9972072166073496,0.2964684191770179,0.7807671318718326,126.75544342620704,0.1480145341520881,275.91022708972315,0.0517754377342185,170.75,0.4814975108164128,112.0,126.75,141.5,318.5,276.25,234.75,True,,257.5625,314.75,172,149.5,1695.8573886999998,1373.905868,218.88715458937196,21.3183381642512,675.461795,1036.7556937,710.575737,1035.97513,905.2889769999998,13.236337219256185
US-Kon,2018,NDVI,31,12,16.0,4,5,0.3036983516662099,double_logistic,0.9317473883332158,0.043342459670772,0.9662321814691708,0.3088980910166342,0.662045586072065,130.47785304699497,0.426939465710107,294.39047180589404,0.197400284398428,183.5,0.3531474948933596,125.5,130.5,135.75,305.75,294.5,283.5,True,,257.5625,314.75,172,164.0,1415.297376,1218.6383100000003,236.04311666666666,21.956238888888887,573.0993999999998,848.4279059999999,816.09177,853.275897,680.7337499999999,11.146492524952508
US-Kon,2019,NDVI,42,19,24.0,4,0,0.3036983516662099,double_logistic,0.9935203451654716,0.0173726565358857,0.9967688043423388,0.3079174124743257,0.7955020388542144,126.43204958961957,0.1947842250877316,284.3081424128614,0.0643409265287633,170.0,0.487172423295217,115.25,126.5,137.75,318.5,284.5,250.5,True,,257.5625,314.75,172,158.0,1698.5413091000003,1455.2470309999999,207.72969950738917,21.118103448275864,486.53079,1224.9041191,955.21251,1226.4658011,1003.1436699999999,12.57613723598279
US-Kon,2016,NIRv,17,6,6.0,1,20,0.0647889330645447,double_logistic,0.9990774077318462,0.0023841232701766,0.9995660186004636,0.0645517508918581,0.2579675759857508,136.46023573754408,0.2478627770624034,277.622703890178,0.0671593250675057,170.75,0.1932288710049175,127.75,136.5,145.5,310.5,277.75,245.25,True,,227.3125,311.25,173,141.25,1598.3877750000001,1383.39304,224.87865573770492,22.585819672131148,369.365308,1244.576167,959.7739000000001,1245.53465,764.90298,12.80059845289765
US-Kon,2017,NIRv,25,13,15.0,0,4,0.0647889330645447,double_logistic,0.9885606054318672,0.0097313687602923,0.994272745241901,0.0604064014692677,0.3318230251942147,135.92357671229078,0.1256777673423035,246.55125308927504,0.0364514687368393,169.0,0.2520636378382718,118.75,135.5,150.75,309.25,250.5,202.0,True,,227.3125,311.25,172,115.0,1681.2726300000002,1342.620688,226.0642722513089,22.312314136125654,664.8620000000001,1032.7707300000002,401.39973,1034.1358610000002,630.531847,14.35465960142911
US-Kon,2018,NIRv,31,12,21.0,4,5,0.0647889330645447,double_logistic,0.9156698601758988,0.0199096648424713,0.9578477313188242,0.0653949982901163,0.2187223307887533,131.18878672111606,0.999999999833327,280.40564759812565,0.0664316948703685,143.0,0.153309549320057,129.0,131.25,133.5,313.5,280.5,247.5,True,,227.3125,311.25,172,149.25,1402.709631,1218.27927,228.58297837837836,21.230162162162163,555.80385,853.1357109999999,622.1079099999998,851.8765739999999,487.59937,12.704810935534768
US-Kon,2019,NIRv,42,19,22.0,4,0,0.0647889330645447,double_logistic,0.9881112208269914,0.0112827889781479,0.994055774028756,0.064729959824037,0.3310306737826675,140.70386236272392,0.1123762565724691,257.1804394829732,0.041391047453252,178.75,0.2526730279645257,121.0,140.25,157.75,311.75,259.75,214.5,True,,227.3125,311.25,172,119.5,1690.2548361,1439.723838,211.20167015706807,21.950041884816752,476.36173999999994,1226.7866961,634.10554,1226.7866961,760.55629,13.987667640674246
US-MMS,2017,NDVI,14,6,6.0,2,16,0.4303971951923609,double_logistic,0.9983180782407106,0.0080201781428636,0.9991754006369458,0.4366768318030038,0.8789805514214567,110.023708050506,0.2906198712122365,306.1846493950385,0.1066801170559542,165.25,0.4423035416066814,102.5,110.25,117.75,327.0,306.25,285.75,True,,287.2142857142857,323.75,172,196.0,1650.0436446999997,1146.7401009999999,208.1554977777778,18.21792,573.2264079999999,1088.7095367000002,1038.8668599999999,1089.8685283,1049.36049,11.043661304033034
US-MMS,2018,NDVI,31,13,18.0,6,6,0.4303971951923609,double_logistic,0.9935681243896042,0.0163399677649992,0.9968273076914826,0.4423269810874389,0.8956244507186241,126.4735082202421,0.9999999999995414,306.41694319034195,0.2143809064915382,159.5,0.4532974696311735,124.5,126.5,128.75,316.75,306.5,296.25,True,,287.2142857142857,323.75,172,180.0,1739.6094574999997,1080.87092,213.10696875,20.154447916666665,487.67041,1262.9672475000002,1243.176573,1263.2357003000002,1206.3857429999998,10.611852213706268
US-MMS,2019,NDVI,18,12,14.0,7,11,0.4303971951923609,double_logistic,0.9636011291907186,0.0341992694026054,0.9817300833241648,0.4444200222712743,0.895384447175775,120.67425424808296,0.3559234943851728,312.3625177541926,0.0745865148902043,157.5,0.4509591665261641,114.75,120.75,127.0,342.0,312.5,283.0,True,,287.2142857142857,323.75,172,191.75,1697.5940407,1070.248634,193.1484956140351,17.40344298245614,531.74514,1177.0844007,1131.36941,1176.2378405,1145.3059700000001,11.160426349328041
US-MMS,2020,NDVI,36,21,23.0,2,3,0.4303971951923609,double_logistic,0.995191058644416,0.0138268609663818,0.9976038548059388,0.4356670381758663,0.8929929108869683,120.56083601046164,0.2958803821453377,296.76895244560654,0.1108825008832685,171.0,0.4573253202121685,113.25,120.75,128.0,316.75,297.0,277.0,True,,287.2142857142857,323.75,173,176.25,1697.9432102,1029.19394,207.98729556650244,19.06036945812808,487.61307,1220.4801402,1162.03921,1214.9469775,1203.47372,11.418888321388398
US-MMS,2021,NDVI,34,18,18.0,5,0,0.4303971951923609,double_logistic,0.9949465205389944,0.0145987105941443,0.9975123755301508,0.4350891196223105,0.8831963942596733,118.39291982381935,0.1877975343096622,314.24507280548767,0.1337138027921295,201.0,0.4481070737232098,106.75,118.5,130.25,330.75,314.25,298.0,True,,287.2142857142857,323.75,172,195.75,1683.0571645,1073.454512,192.6691785714286,18.23025,452.535734,1240.9895305,1222.6362680000002,1241.4571896000002,1182.03037,10.542606216064547
US-MMS,2022,NDVI,34,17,18.0,4,4,0.4303971951923609,double_logistic,0.9975389972977065,0.0106376050309554,0.9987701432915972,0.4328362908871676,0.9016396343010254,123.9264947201457,0.2808677651426158,297.2491086692495,0.1694839151251304,190.25,0.4688033333635885,116.25,124.0,131.75,310.25,297.25,284.5,True,,287.2142857142857,323.75,172,173.25,1736.3485667,1074.42534,219.6697628865979,20.053103092783502,540.3032499999999,1208.9823167,1180.62662,1207.4403115999999,1189.56123,11.09658327861585
US-MMS,2023,NDVI,33,16,18.0,1,3,0.4303971951923609,double_logistic,0.9976199396981752,0.0104199007868463,0.998810755648056,0.4353693313151009,0.8928815844704575,119.6165216582456,0.2607450990317172,304.16147248548833,0.1193654622032086,179.5,0.4575120196848432,111.25,119.75,128.25,322.75,304.25,286.0,True,,287.2142857142857,323.75,172,184.5,1956.1038175999997,1125.11255,216.0942037914692,18.716004739336494,582.25945,1389.9109675999998,1349.11167,1389.6391695999998,1351.70707,11.033109258134289
US-MMS,2017,NIRv,14,6,6.0,2,16,0.0598686119551666,double_logistic,0.9847592168816932,0.0127903474044152,0.9924196515837164,0.0601547525299055,0.369361215358504,112.88404510372224,0.2206181001941439,281.33159479503814,0.0468765957778021,148.25,0.3084774326390228,103.0,113.0,123.0,328.5,281.5,235.0,True,,237.78571428571428,329.25,172,168.5,1649.8374586999998,1148.145651,207.8252654867257,18.17121681415929,573.2264079999999,1088.5033507,713.7046700000001,1088.7441407000001,735.8944700000001,13.236889540808175
US-MMS,2018,NIRv,31,13,22.0,6,6,0.0598686119551666,double_logistic,0.9738488065780624,0.0218719252912101,0.9868591006259976,0.0642603535119122,0.4056863636851637,126.6428928481552,0.3545798817256324,283.52786163423747,0.0368787775071486,147.25,0.3389697177434888,120.5,126.75,133.0,343.5,284.0,226.0,True,,237.78571428571428,329.25,172,157.25,1750.20556382,1143.9574169999999,195.34686995515693,17.900511210762332,496.66935,1264.56441382,725.8428200000001,1262.84583012,840.94441,13.592998326154508
US-MMS,2019,NIRv,18,12,14.0,7,11,0.0598686119551666,double_logistic,0.9830201714361732,0.0156416231532363,0.9914750537391592,0.0503532453120239,0.3820818084661103,119.34446870361673,0.1507086879783007,285.4669520218376,0.0396068212810637,161.0,0.32872628057139,105.0,119.5,133.75,341.25,286.0,232.25,True,,237.78571428571428,329.25,172,166.5,1704.9259663000003,1100.227244,193.21845147679326,17.264552742616033,539.3911926000001,1176.7702737,743.0191599999999,1178.5263135,789.39156,13.34818093836936
US-MMS,2020,NIRv,36,21,26.0,2,3,0.0598686119551666,double_logistic,0.9816995629035548,0.0172802667806397,0.9908137176675308,0.0562113152822281,0.3889122171597899,123.42534612255372,0.2024439758261972,271.926673748795,0.0461969785660115,157.0,0.3306923493307568,112.75,123.5,134.25,319.75,272.25,225.75,True,,237.78571428571428,329.25,173,148.75,1698.0884698999998,1036.8367300000002,206.9814637681159,18.843449275362318,488.98272000000003,1219.2557499,669.9644999999999,1214.3479619,818.4482999999999,13.602526404464815
US-MMS,2021,NIRv,34,18,20.0,5,0,0.0598686119551666,double_logistic,0.9721523418690946,0.0204293126680221,0.9861354198536316,0.0643190796600355,0.364740929755646,122.15262667119693,0.1598639839122533,287.3117533636783,0.0468749705549771,165.5,0.2991362414955597,108.5,122.25,135.75,334.5,287.5,241.5,True,,237.78571428571428,329.25,172,165.25,1682.4667478299998,1072.9785020000002,191.4515486725664,18.039070796460177,451.669394,1241.26545383,860.8924400000003,1241.7985255,816.6561800000002,12.966890741865711
US-MMS,2022,NIRv,34,17,22.0,4,4,0.0598686119551666,double_logistic,0.9795462395703646,0.0199961888359573,0.989805924421688,0.0605174481312245,0.398838379298163,124.85343872887256,0.25771078037536,283.4584870585962,0.0737690274649551,164.0,0.3382565093878629,116.5,125.0,133.5,313.25,283.5,253.75,True,,237.78571428571428,329.25,172,158.5,1737.147912,1080.43498,218.50417766497463,19.945345177664972,540.3032499999999,1209.7816619999999,948.7031700000001,1206.5771006,786.19163,12.43950118469159
US-MMS,2023,NIRv,33,16,18.0,1,3,0.0598686119551666,double_logistic,0.9831835578629308,0.0173210277224347,0.9915726600496958,0.0601439996703491,0.3741461176822745,119.86413243304436,0.1512781645675824,286.7895765544849,0.0594732691961343,171.5,0.3135448479705948,105.5,120.0,134.5,324.0,287.0,250.25,True,,237.78571428571428,329.25,172,167.0,1968.591383,1150.47748,213.92387671232876,18.463438356164385,594.94065,1389.7173329999998,1058.16484,1389.0218665999998,920.32523,12.591964775374079
US-MOz,2016,NDVI,22,11,15.0,2,9,0.462111288066413,double_logistic,0.9977965716617934,0.0089517368913711,0.998898350602788,0.4646168957603599,0.8872255737081298,120.84704522110488,0.4747389221149639,298.68842590892524,0.0769138408554661,149.0,0.4226037897718854,116.25,121.0,125.5,327.5,298.75,270.25,True,,277.0,322.4583333333333,173,177.75,1610.6511929999997,1157.534228,215.19869194312795,21.671928909952605,573.30778,1045.044053,898.6223520000001,1040.2457880000002,939.479342,11.719721936906591
US-MOz,2017,NDVI,38,30,34.0,0,10,0.462111288066413,double_logistic,0.9717147434780192,0.0282949004610064,0.986025480287517,0.4632657008189202,0.8664439782619958,113.14299481522087,0.9999238146166616,300.7255243927684,0.0917757415701463,131.0,0.403178201065846,111.0,113.25,115.5,324.75,300.75,277.0,True,,277.0,322.4583333333333,172,187.5,1591.83034,1055.52997,219.79293925233648,19.856,596.60176,1007.10538,905.77759,1006.024876,905.77759,11.43079389787608
US-MOz,2018,NDVI,50,21,25.0,2,0,0.462111288066413,double_logistic,0.994675004236168,0.0136984840650645,0.99733828427232,0.4645509739955195,0.8672063674434198,126.11253942053249,0.5156859061466998,299.49872180137226,0.1569418890852965,168.25,0.402655392844524,122.0,126.25,130.5,313.5,299.5,285.5,True,,277.0,322.4583333333333,172,173.25,1268.7752881,867.2860959999999,213.04335416666666,22.182234374999997,502.11280999999997,775.5055281,730.8976,779.3482326999999,705.42189,11.073661107269814
US-MOz,2019,NDVI,50,27,38.0,4,0,0.462111288066413,double_logistic,0.9855780376612806,0.0207642034676189,0.9928894088102092,0.4668749143193291,0.8661210321334418,116.10059930831171,0.9886816277623252,301.16841494690783,0.0931130331273925,134.25,0.3992460403741083,114.0,116.25,118.5,325.0,301.25,277.75,True,,277.0,322.4583333333333,172,185.0,1455.5633607,1006.67381,205.68069811320757,19.492150943396222,494.75613,965.5130007,872.74394,964.7695507000001,872.74394,11.398923140865024
US-MOz,2020,NDVI,58,35,41.0,2,0,0.462111288066413,double_logistic,0.9902834825284048,0.0177308234198541,0.995136124639264,0.4718362479731084,0.8758907617061754,122.48839265968245,0.2527790933529412,289.5355559668714,0.0844306009016175,167.5,0.4040363483558184,114.0,122.5,131.25,315.75,289.75,263.75,True,,277.0,322.4583333333333,173,167.25,1427.632829888,1006.9052999999999,214.45131188118816,20.136455445544552,470.788327,970.606302888,837.04411,974.9124008879999,908.37471,12.000000000000002
US-MOz,2021,NDVI,58,35,37.0,5,0,0.462111288066413,double_logistic,0.9938449772419528,0.0145564008912596,0.996924490677284,0.4654696244781626,0.8621624036950047,123.74758309152996,0.2662367425568723,307.81684030515095,0.1083797675265417,179.5,0.3966922752590188,115.5,123.75,132.25,328.25,308.0,287.75,True,,277.0,322.4583333333333,172,184.25,1430.950669,1039.7671799999998,205.39353521126762,20.31308450704225,470.542141,969.2101080000001,899.9202799999999,965.07185,861.41319,10.980969453728713
US-MOz,2016,NIRv,22,11,16.0,2,9,0.0741166799824881,double_logistic,0.99076144849571,0.011530802910173,0.9953752555567332,0.0689043322861128,0.3710248592526949,121.9099165556018,0.3420953216917753,260.7169764893633,0.0330596046230159,140.5,0.2960260162692938,115.75,122.0,128.25,328.0,262.0,200.0,True,,207.08333333333334,329.3333333333333,173,140.0,1614.7275859999997,1164.728548,214.3328779342723,21.615450704225353,577.2683,1045.159926,308.34772,1045.615327,398.10981999999996,14.374229767947343
US-MOz,2017,NIRv,38,30,33.0,0,10,0.0741166799824881,double_logistic,0.9805231436023186,0.0144550507901052,0.9902238531136746,0.05683803514305,0.3700591338866602,114.04525482518198,0.1325091641023807,267.7089166863467,0.0346381234374325,154.0,0.3056734325005406,97.5,114.0,129.75,332.0,269.25,210.75,True,,207.08333333333334,329.3333333333333,172,155.25,1623.9640409999997,1135.8844319999998,216.45293617021278,19.53467659574468,624.519406,1011.3214350000001,403.04708,1010.163974,381.76551,14.08146009771242
US-MOz,2018,NIRv,51,22,31.0,2,0,0.0741166799824881,double_logistic,0.9859946845429968,0.0136404409147402,0.9929769529598363,0.0717180500067009,0.3661278646427473,127.67615416565992,0.3739249668061821,266.2095485430071,0.0339177838768195,145.25,0.2892112442292967,122.0,127.75,133.5,331.75,267.5,206.5,True,,207.08333333333334,329.3333333333333,172,139.75,1278.4197787,885.6872960000001,203.40340476190477,20.45775238095238,502.11280999999997,785.1500187,308.0793100000001,784.5999996999999,315.9497300000001,14.205917351666269
US-MOz,2019,NIRv,50,27,39.0,4,0,0.0741166799824881,double_logistic,0.9880208772574516,0.0118072308755521,0.9940384789709258,0.0738363894792773,0.354680486574379,118.72973388150388,0.8749061201380839,261.97373338663743,0.0346685649454526,127.75,0.2780880767794229,116.5,118.75,121.25,325.75,262.75,201.5,True,,207.08333333333334,329.3333333333333,172,144.0,1446.6950606999999,994.5363400000001,206.08356459330145,19.558492822966507,485.88783,965.5130007,312.16909000000004,967.8318047000001,364.33876,14.337922938517782
US-MOz,2020,NIRv,58,35,43.0,2,0,0.0741166799824881,double_logistic,0.9864877165765608,0.0130133936342848,0.993235528227538,0.0688139734390504,0.368093782970434,125.29080418655248,0.1747078017919205,261.7221607495277,0.040759849961187,158.0,0.2939936291668067,112.75,125.25,137.5,316.25,262.75,212.0,True,,207.08333333333334,329.3333333333333,173,137.5,1428.731023888,1011.1757,213.77726960784315,20.039112745098038,471.075993,971.4168308879999,415.40963999999997,975.087921198,377.23224000000005,14.042890410176883
US-MOz,2021,NIRv,58,35,41.0,5,0,0.0741166799824881,double_logistic,0.9742339695195548,0.0163134991052481,0.9870681296841408,0.0713809283593937,0.3529377701333706,119.57018160951966,0.1154862676184215,270.7594076932538,0.0313591563492071,161.0,0.270492258859399,100.75,119.25,137.0,342.25,273.5,211.75,True,,207.08333333333334,329.3333333333333,172,154.25,1473.3442801,1101.161781,201.3224462809917,18.97463636363636,502.930478,979.2153821,443.80971,969.8454330000002,403.2917,14.05067255038606
US-Mpj,2016,NIRv,28,15,16.0,6,6,0.0579904888451872,double_logistic,0.9144739031248846,0.0027502961831317,0.9563234895893108,0.0579142125260098,0.0804413365991866,131.2352136959104,0.1038373820327734,268.8779274036753,0.0752232179024985,190.75,0.0224176041607527,110.25,131.25,152.0,298.25,269.25,240.5,True,,232.19444444444446,312.19444444444446,173,138.0,403.69633500000003,339.831556,284.11815425531915,17.067803191489364,186.01647,220.30280500000006,133.86954999999998,233.2363508,114.26454,12.843846222737465
US-Mpj,2017,NIRv,41,22,21.0,3,0,0.0579904888451872,double_logistic,0.8030026372736611,0.0034265055032368,0.9068975069618558,0.0570832235167653,0.1032686693998831,195.73992583994377,0.0272559731125444,254.02285408842835,0.0361514549632915,218.75,0.0200200650618581,84.25,154.25,195.5,324.75,275.0,241.0,True,,232.19444444444446,312.19444444444446,172,120.75,541.098561,466.173041,272.79817083333336,15.482783333333334,206.54281400000002,335.89779699999997,147.83863699999998,309.53711699999997,121.390527,12.826292434331855
US-Mpj,2018,NIRv,87,35,23.0,7,0,0.0579904888451872,double_logistic,0.8462875707617838,0.0028197019076627,0.9201841822321576,0.0581569780685928,0.0929835268146816,228.56026613677432,0.0312127469611329,279.4452278951164,0.0774544250218239,251.0,0.0198098637581997,138.75,199.5,233.75,302.0,282.75,265.0,True,,232.19444444444446,312.19444444444446,172,83.25,225.96313910000003,281.94805,270.2361646341463,18.49138414634146,13.905102999999999,212.3857181,153.2403321,226.91599009999996,77.15169410000001,11.953889049998427
US-Mpj,2019,NIRv,82,41,58.0,11,0,0.0579904888451872,double_logistic,0.807935540844495,0.0037873376075229,0.9005891142798982,0.0577941554636603,0.0807111160020643,121.66860640667596,0.1793072014305499,240.8394276679641,0.0279514538154723,147.25,0.0211248613890764,110.5,121.75,132.75,322.75,246.5,184.25,True,,232.19444444444446,312.19444444444446,172,124.75,202.87630642599999,213.3043764,270.51931603773585,16.321320754716982,98.430707,105.07423442600002,8.6509197,101.6907901,37.5439689,14.251921296575256
US-Mpj,2020,NIRv,102,49,61.0,6,0,0.0579904888451872,double_logistic,0.8574477634450037,0.0029646731544053,0.9260311396299143,0.0584402427947413,0.0762325015026893,124.56507311615272,0.1738357935844261,285.6088359558907,0.0503454849296659,166.25,0.0177359931171196,112.0,124.75,137.25,329.5,285.75,242.75,True,,232.19444444444446,312.19444444444446,173,161.0,210.41216400000002,216.988432,274.3532339449541,17.858866972477067,74.790888,136.02788499999997,50.83497400000001,124.75699800000001,41.38342,12.764545372467477
US-Mpj,2021,NIRv,98,47,43.0,5,0,0.0579904888451872,double_logistic,0.8789835242386954,0.0042223964175324,0.9391064411119938,0.061667996373418,0.1113521535386456,200.3448497682027,0.161600230269523,251.70473278724967,0.0480885799124477,219.25,0.0388259458445532,188.25,199.5,210.0,303.25,261.0,233.5,True,,232.19444444444446,312.19444444444446,172,61.5,333.47036299999996,306.99973800000004,255.07291304347828,17.440017391304348,,361.952456,216.46605300000004,370.29715,212.44750300000004,13.08479495043975
US-Mpj,2022,NIRv,98,41,35.0,5,0,0.0579904888451872,double_logistic,0.8667121348835339,0.0044518598103694,0.9322597091946448,0.0595387593873429,0.1391973606805698,215.2980943490495,0.0371936593678362,254.6010108606051,0.0721047518064172,229.5,0.0389067030658141,135.75,186.0,214.5,281.25,260.25,242.5,True,,232.19444444444446,312.19444444444446,172,74.25,150.6375578,219.36396,268.55201369863016,19.07065068493151,-7.72921,158.75806880000002,115.71688280000002,194.71156091000003,88.3361728,12.773394772600536
US-Mpj,2023,NIRv,106,50,65.0,8,0,0.0579904888451872,double_logistic,0.8445832576433615,0.0040626914158427,0.9217042677381636,0.05830187121675,0.0833027899659452,133.23967564404683,0.2793856999142437,259.03114273513427,0.0346968641326624,154.0,0.0242885667161125,125.75,133.25,140.75,323.5,260.75,203.25,True,,232.19444444444446,312.19444444444446,172,127.5,129.03867465,176.09766038,274.6472424242424,18.04189393939394,69.382247,60.53135565,17.251268000000003,57.20555365,28.22665945,13.951818326809708
US-Mpj,2025,NIRv,116,51,47.0,4,0,0.0579904888451872,double_logistic,0.9178666187014948,0.003826746564583,0.958572436985858,0.0632064105789439,0.1171483465777159,168.55920985211313,0.03783671795653,258.40385146121145,0.0386524924549401,213.5,0.0375285749122473,101.0,154.0,190.25,324.5,272.5,237.0,True,,232.19444444444446,312.19444444444446,172,118.5,333.2955313,310.07724699999994,272.83696875,16.944745535714286,70.945188,263.19293730000004,136.0067663,248.6621323,127.90043630000001,12.965512721977346
US-MtB,2016,NIRv,26,9,10.0,4,9,0.0899390969532518,double_logistic,0.8959754611887049,0.0086615435482029,0.9501118392024228,0.0970452348475393,0.1610414494569133,132.14020941677077,0.1110057381545773,272.2904335226726,0.0648943875224616,187.0,0.0635999466333074,112.5,132.25,151.5,306.5,272.5,239.5,True,,236.78125,307.15625,173,140.25,800.339765,582.6462200000001,275.0167268041237,14.398092783505154,254.90921999999998,549.032985,290.668515,551.922545,275.687675,12.813614233095482
US-MtB,2017,NIRv,30,14,16.0,4,7,0.0899390969532518,double_logistic,0.932605804949286,0.0064406517907492,0.9662301239691458,0.0943374185158354,0.1540844132637421,123.25563037224528,0.1063661421231846,274.00903121019365,0.064207370473054,183.0,0.0594706142398248,102.75,123.25,143.75,308.5,274.25,240.5,True,,236.78125,307.15625,172,151.0,789.29978,419.4907128,292.9694902912621,14.660514563106796,286.56036,505.67089000000004,267.02957000000004,503.05731000000003,252.32919,12.781246313993705
US-MtB,2018,NIRv,40,13,13.0,3,4,0.0899390969532518,double_logistic,0.9775281269107856,0.0040903465990642,0.9889323190396612,0.0947164943668707,0.1624922948926346,126.33090038100482,0.1022712372223942,269.01371969798714,0.0704417480088458,186.75,0.0674300059037413,105.0,126.25,147.5,300.5,269.25,238.75,True,,236.78125,307.15625,172,143.0,867.4572879999998,560.926705,283.56110714285717,14.550204081632653,265.36709,606.8922180000001,387.96722000000005,631.9288280000001,375.95768000000004,12.83778407025145
US-MtB,2019,NIRv,40,16,17.0,7,4,0.0899390969532518,double_logistic,0.924310796141338,0.0073547311307618,0.9641261583344513,0.09731193761324,0.1700389049281399,136.051787742577,0.0692285347706734,269.81443135126585,0.0533153800140867,196.5,0.0702056732231401,104.0,135.25,164.0,312.0,271.25,234.25,True,,236.78125,307.15625,172,136.0,1030.5090799999998,745.910376,280.91181818181815,13.657004784688997,328.88686,706.4389899999999,313.07664000000005,694.40334,322.94944,12.98069444552489
US-MtB,2021,NIRv,46,20,20.0,1,0,0.0899390969532518,double_logistic,0.9487772952405726,0.003539216660818,0.9745991545488504,0.0895456406725517,0.1322045452632959,138.8620265864211,0.0660149690081154,271.1128721309614,0.0766625992363886,208.75,0.0418852064212372,105.5,138.5,169.75,300.25,271.75,244.75,True,,236.78125,307.15625,172,133.25,772.4662940000001,707.9650059999999,277.7971641025641,14.259492307692309,204.90299399999998,568.76064,286.01309,596.79135,232.83037,12.642051180248751
US-MtB,2022,NIRv,54,24,28.0,6,0,0.0899390969532518,double_logistic,0.9634727705776264,0.0044317325993097,0.9822856411461034,0.0892207513380209,0.1504762380768095,133.1654423964695,0.0985220032957205,261.08564656902433,0.0553585882158772,183.0,0.0600052482043276,110.75,133.0,154.0,301.25,262.0,225.0,True,,236.78125,307.15625,172,129.0,715.9317570000001,450.34794948082396,271.77815183246076,14.440748691099476,336.50603000000007,382.3693569999999,119.32591699999998,398.25474799999995,162.55298699999997,13.260447542096422
US-MtB,2023,NIRv,57,26,32.0,18,4,0.0899390969532518,double_logistic,0.9474590824516356,0.0052244307039462,0.973635950987602,0.0914072857896116,0.1492242831574797,137.37390507482343,0.1644942711735415,281.46535263185945,0.0566880650016602,179.25,0.0575826146565795,124.0,137.5,150.75,320.5,281.75,243.5,True,,236.78125,307.15625,172,144.25,857.664452,532.70596,294.66781725888325,15.203045685279188,269.59472999999997,593.8571219999999,294.82606,558.618991,261.82813000000004,12.683246210359487
US-MtB,2024,NIRv,58,34,35.0,9,0,0.0899390969532518,double_logistic,0.9372683728781784,0.0072638407905872,0.9691567551011137,0.0961668575772639,0.1760312638813537,148.81280592625995,0.089554633875163,263.5378231929024,0.0510748264307969,194.75,0.0762691748743737,124.0,148.0,170.0,307.75,265.5,228.0,True,,236.78125,307.15625,173,117.5,827.324131,574.2693945999999,288.6302663043478,16.25028804347826,285.47220999999996,545.518331,309.40648999999996,545.518331,340.22034999999994,13.172086047537087
US-NC2,2016,NDVI,20,10,10.0,0,16,0.6607039006915503,double_logistic,0.9849464281213708,0.0100646321137821,0.992644211935767,0.6593465791300414,0.8605439363163233,121.94848450306948,0.1090570582931723,307.7352428062932,0.0500142721724535,185.25,0.2005567856386725,102.0,122.0,142.0,351.75,308.0,264.5,True,,265.84375,355.8125,173,186.0,2130.3308779999998,1534.7255567,188.516276,19.885991999999998,762.1350199999999,1383.562758,934.414292,1394.429948,938.687312,11.970895846042605
US-NC2,2017,NDVI,23,11,11.0,1,6,0.6607039006915503,double_logistic,0.9835723476891222,0.0108058477962512,0.9918221838845354,0.6586678859841517,0.8730171135277124,121.52201226662456,0.0739018886642864,314.0738210130013,0.0450119972745539,198.5,0.2124530000492798,91.75,121.5,150.25,363.25,314.5,267.25,True,,265.84375,355.8125,172,193.0,2096.897469,1419.288586,182.6580698529412,19.228382352941175,735.69118,1372.741389,934.5494,1349.8308929999998,920.0390899999999,11.86422598040459
US-NC2,2019,NDVI,42,16,23.0,0,0,0.6607039006915503,double_logistic,0.929707773093258,0.0200911289274445,0.9650418698310536,0.6968032612386519,0.8684537949871266,103.2004273923588,0.2776062721714669,282.1586611998012,0.0474699636958934,134.75,0.1714667883893135,95.5,103.25,111.25,328.5,282.25,236.25,True,,265.84375,355.8125,172,179.0,1777.5053149999999,1540.9964035999997,204.44124034334766,21.524755364806868,772.1101400000001,1014.8541349999998,773.9500499999999,1044.903127,857.4158139999998,13.043078949454546
US-NC2,2020,NDVI,28,11,9.0,0,10,0.6607039006915503,double_logistic,0.980212334570056,0.0111562023190529,0.990058112961505,0.6559478586903327,0.8728213008005747,130.78044808379332,0.0404331536941299,294.8913834999913,0.0348173461949591,209.0,0.1976906287827745,74.25,126.75,170.75,361.0,300.0,249.75,True,,265.84375,355.8125,173,173.25,1086.9006105,1672.841112335049,177.71335191637633,18.684550522648085,295.2291725,797.637038,536.28914,796.538769,590.626481,12.540209006480401
US-NC2,2021,NDVI,39,23,21.0,0,6,0.6607039006915503,double_logistic,0.9415501094901711,0.0150562671055295,0.970529397545516,0.6702387074302302,0.8346015546572347,128.79151944997747,0.074427820789594,324.02333935848014,0.0562706601977117,215.0,0.1637393443779619,99.25,128.75,158.0,363.25,324.25,285.75,True,,265.84375,355.8125,172,195.5,716.45052763,1039.5001213,192.29664015151513,19.35528787878788,149.972372,569.76074563,418.71717,563.53916263,369.874837,11.158410027792227
US-NC2,2022,NDVI,46,24,23.0,0,0,0.6607039006915503,double_logistic,0.9389048431324314,0.0178638390957648,0.9689840032496112,0.6863145783034499,0.869872862030158,115.05608513477846,0.0688162116519732,315.69397978941583,0.0505341737902558,202.5,0.1825123421119128,83.25,115.0,146.25,359.5,316.0,273.5,True,,265.84375,355.8125,172,201.0,1386.6310101,1353.992798,187.25470652173914,18.702365942028987,408.48562899999996,985.7802710999999,805.3085900000001,983.9972541,769.36977,11.622673015808402
US-NC2,2024,NDVI,39,15,17.0,0,3,0.6607039006915503,double_logistic,0.9481007611298328,0.0163055406229514,0.9738275021008316,0.7204190783133377,0.8816031351967384,102.4746808625802,0.1609692099671033,316.7946130508644,0.0554605602351609,162.25,0.1611428398865027,89.0,102.5,116.25,356.5,317.0,277.25,True,,265.84375,355.8125,173,214.5,1578.21126,1377.7974090000002,183.58938432835822,19.18208208955224,555.2653399999999,1032.5731,975.84291,1032.5731,858.3963,11.4788737209857
US-NC2,2025,NDVI,58,24,28.0,0,0,0.6607039006915503,double_logistic,0.8950119048040724,0.0205274823781818,0.946184912071708,0.7308982232133978,0.8806430328923159,107.65739398890511,0.1064530937600171,317.38138986400054,0.0485558502050324,178.5,0.1494891221807619,87.25,107.75,128.25,362.75,317.5,272.5,True,,265.84375,355.8125,172,209.75,137.6647801,130.96564999999998,185.43195999999998,18.737389090909087,,137.6647801,,119.24322009999999,,11.661191947661006
US-NC2,2016,NIRv,20,10,10.0,0,16,0.1282763118265003,double_logistic,0.9946922988089272,0.0055766038350176,0.9974302931705058,0.1262123248516218,0.3255349957130358,119.63689630118346,0.0878066880096581,273.29495898325126,0.0381430410718108,173.0,0.1932466257650983,94.5,119.25,142.25,332.0,275.0,223.0,True,,223.85,339.8,173,155.75,2136.643102,1533.0775600000002,198.60029411764705,20.53429411764706,813.6429999999999,1338.367002,559.3064800000001,1362.5146720000002,559.3064800000001,13.499191049124885
US-NC2,2017,NIRv,23,11,14.0,1,6,0.1282763118265003,double_logistic,0.9942614084538908,0.0054888383464972,0.9971528192629024,0.1241342145067195,0.3225403307579161,111.28690026090256,0.0989563098648145,271.2124373889026,0.0354491284428367,161.25,0.1930586177273243,89.0,111.0,131.75,334.25,272.75,216.25,True,,223.85,339.8,172,161.75,2021.898263,1367.119,193.99320325203252,20.653752032520327,750.7247,1282.708663,480.99980000000005,1298.2703430000001,551.1072800000001,13.70952234988559
US-NC2,2018,NIRv,37,18,21.0,2,4,0.1282763118265003,double_logistic,0.9843367431454582,0.0072525557079636,0.992172355155048,0.1263968298867345,0.2951310778495334,115.16867719033824,0.1080549537486892,281.7654067444236,0.0347420685976026,163.75,0.1651024330691,95.0,115.0,134.25,345.75,283.25,224.25,True,,223.85,339.8,172,168.25,2018.670522,1530.072589,186.28879282868527,20.41303187250996,678.13972,1350.254242,569.8729099999999,1329.538042,560.7205299999999,13.458381042848456
US-NC2,2019,NIRv,42,16,22.0,0,0,0.1282763118265003,double_logistic,0.985336096306274,0.0081740686867288,0.9927852104392834,0.1323787010231245,0.30562192625648,104.79518509745996,0.1345325927304724,265.0386686136609,0.0358712818772427,146.5,0.1701803895976918,88.5,104.75,120.5,327.0,266.25,208.5,True,,223.85,339.8,172,161.5,1815.1904290000002,1559.3097736,203.8955815899582,21.279686192468617,810.1556960000001,1014.4936929999999,440.64576999999997,1028.676227,630.5285200000001,13.926460258526008
US-NC2,2020,NIRv,28,11,12.0,0,10,0.1282763118265003,double_logistic,0.9766025512929628,0.0109389972849498,0.9883053556278818,0.1248945451173674,0.3005683309876705,121.73586392646288,0.0481598095752061,271.4852836305404,0.046560333064412,195.75,0.1658174811402167,75.0,119.5,158.75,320.25,274.0,233.75,True,,223.85,339.8,173,154.5,956.5405515,1462.5207100000002,192.07659349593493,20.594792682926833,295.2291725,667.276979,443.5949400000001,721.9814389999999,357.84022999999996,13.132660684337438
US-NC2,2021,NIRv,39,23,26.0,0,6,0.1282763118265003,double_logistic,0.97802519305249,0.0075148714372421,0.9890712199978882,0.1285098368228157,0.2704969013119599,114.53005596330529,0.0816131628806292,296.07894310014217,0.0321258579908654,174.25,0.1381310026202097,87.5,114.25,139.25,365.5,298.0,235.5,True,,223.85,339.8,172,183.75,727.87793143,1069.0436823,193.1169676258993,19.102895683453237,160.6180427,570.5424787300001,258.39155700000003,563.08448103,192.037137,13.070097740896141
US-NC2,2022,NIRv,46,24,25.0,0,0,0.1282763118265003,double_logistic,0.9813813864287436,0.0085329850266219,0.9907134647126512,0.1351249696657941,0.3060238108484852,109.9854203512998,0.0696889608634419,281.7296300892488,0.0414611336313577,178.75,0.1671356084915569,78.25,109.5,139.0,335.5,283.0,233.75,True,,223.85,339.8,172,173.5,1380.955145,1339.359479,195.7228871595331,19.757513618677045,424.40345399999995,964.186581,569.06592,968.742019,500.28672,13.132660684337438
US-NC2,2023,NIRv,46,21,22.0,1,0,0.1282763118265003,double_logistic,0.9866285054697024,0.0081762170258543,0.9935096069372032,0.1294620276353036,0.3139028967564535,109.28033178383384,0.073477593859495,288.3325633591521,0.0341549788452174,173.5,0.1792280671661893,79.25,108.75,136.5,353.75,290.0,231.5,True,,223.85,339.8,172,181.25,1559.60777,1359.05857,190.36234671532844,18.695105839416062,458.157064,1105.988896,603.1697899999998,1083.475753,530.00738,13.212039817316207
US-NC2,2024,NIRv,39,15,20.0,0,3,0.1282763118265003,double_logistic,0.9632089940435458,0.0137778000674394,0.9818571830451712,0.1423814111908637,0.3268957503648919,105.4853058434736,0.1049141979374003,271.81409485981885,0.0316479073536989,153.0,0.1790632964786023,84.75,105.25,124.75,342.5,273.75,211.0,True,,223.85,339.8,173,168.5,1585.322633,1382.9352589999999,188.0458100775194,19.504356589147285,562.376713,1032.5731,360.6014899999999,1032.5731,482.38188,13.859681894600124
US-NC2,2025,NIRv,58,24,32.0,0,0,0.1282763118265003,double_logistic,0.9787094397603046,0.0093047851990905,0.9893833729544091,0.1447721745077816,0.3081428402596598,104.59218560145528,0.1218471054931883,279.02146933416213,0.0354957799854252,152.0,0.1610863389996283,86.75,104.5,122.0,341.5,280.0,221.0,True,,223.85,339.8,172,175.5,95.44902699999999,87.04825999999998,192.5423882352941,19.713117647058823,,95.44902699999999,,93.978099,,13.563340029704502
US-NGB,2019,NDVI,15,4,4.0,63,5,0.4765172863119471,double_logistic,0.8065602842085945,0.0184283029419946,0.9106829999166092,0.477132134034635,0.6776346993748213,185.75379814513212,0.1243348686326269,257.31735303792107,0.0430210171330214,211.5,0.1681430050085306,168.75,184.5,198.5,313.0,265.0,230.75,True,,,,172,80.5,,,98.77704827586207,3.396413793103448,,,,,,17.508770810650233
US-NGB,2019,NIRv,15,4,4.0,63,5,0.0937942126984061,double_logistic,0.8789125804947201,0.0062221104733943,0.9390570360589038,0.0937081024467716,0.1432320187970394,185.93907712352464,0.2786184836614314,247.35457212541212,0.1287489586615491,207.25,0.049111832961944,178.25,186.0,193.75,264.5,247.5,231.0,True,,,,172,61.5,,,120.64362790697677,6.385790697674417,,,,,,17.462072740157666
US-NGB,2023,NIRv,15,9,4.0,72,0,0.0937942126984061,double_logistic,0.9704344726690156,0.005627530055816,0.9853817221064388,0.0942545785023149,0.1776737317920109,197.05266372909503,0.1952289680575227,245.92551909524104,0.1544832235512726,219.25,0.0810065736390773,185.75,197.0,207.25,260.5,246.5,233.5,True,,,,172,49.5,,,137.80670666666668,6.297719999999999,,,,,,17.00289809772037
US-Prr,2014,NDVI,13,7,6.0,34,5,0.6308439989205181,double_logistic,0.9611116407684148,0.0116503435377029,0.9817113183609828,0.6319427100759287,0.7858342518890366,159.07115354245545,0.2461629648793522,251.4312246248596,0.999999999999999,232.0,0.1538915387948377,150.25,159.25,168.0,253.75,251.5,249.25,True,,241.10714285714286,259.7857142857143,172,92.25,384.64806000000004,316.9759400000001,176.54851456310683,12.53280582524272,74.21353,314.9703,308.66825,325.34279,292.8850699999999,13.684295494913284
US-Prr,2016,NDVI,15,6,6.0,27,4,0.6308439989205181,double_logistic,0.9785743979448508,0.0106060102942989,0.99006232716448,0.6281246500070666,0.8084888380245391,145.4115874412773,0.1194306749026645,249.71670262775544,0.1136231129673744,196.5,0.1795354784832117,127.0,145.5,163.5,269.25,250.0,231.0,True,,241.10714285714286,259.7857142857143,173,104.5,409.959135,323.27928099999997,180.95906993006994,12.726090909090908,127.76737,285.717345,227.02471,279.05967499999997,255.81406999999996,15.81717014431694
US-Prr,2017,NDVI,14,6,4.0,41,3,0.6308439989205181,double_logistic,0.9927994919581774,0.0055793955975372,0.996538775447056,0.6298160176689153,0.821804607957882,150.07889622479212,0.0904854839992762,250.0905617845323,0.5342848671932481,232.75,0.1918621987141437,126.0,150.25,174.5,254.25,250.25,246.0,True,,241.10714285714286,259.7857142857143,172,100.0,540.690249,458.16729599999996,200.09144961240312,15.59924031007752,153.206809,393.19372999999996,374.46535000000006,404.06008,357.67987,14.062878812175919
US-Prr,2018,NDVI,23,18,14.0,50,7,0.6308439989205181,double_logistic,0.9450672762139962,0.0189840801358092,0.9730521221730066,0.6316052454392832,0.8106042796352027,152.8941755909455,0.1660508840086159,252.85907055629232,0.4170769056344446,222.75,0.1789967632658108,139.75,153.0,166.25,258.25,253.0,247.75,True,,241.10714285714286,259.7857142857143,172,100.0,537.9298300000002,464.31495000000007,191.15073949579826,13.736747899159662,113.49424,428.9865900000001,407.9329900000001,430.36424,397.20453000000003,13.858959723364286
US-Prr,2019,NDVI,30,11,18.0,47,0,0.6308439989205181,double_logistic,0.9722542016229168,0.0134917980827972,0.9867775475033164,0.6317840989691165,0.8032893109300415,151.7649379376979,1.0,244.4069758670876,0.296495393216185,174.0,0.1715052117757963,149.75,152.0,154.0,252.0,244.5,237.0,True,,241.10714285714286,259.7857142857143,172,92.5,496.52234,375.2832199999999,203.74668932038838,14.646980582524277,115.24412000000001,387.1321,340.89417000000003,401.61451,356.09963,15.114198693609605
US-Prr,2020,NDVI,31,20,20.0,43,3,0.6308439989205181,double_logistic,0.983854852444036,0.0102772442830301,0.9919567111523386,0.629524248142892,0.8082135504500946,150.82750871344206,0.3083080015647002,252.8410743926847,0.1877970284887778,190.5,0.1786869601854139,143.75,151.0,158.0,264.75,253.0,241.25,True,,241.10714285714286,259.7857142857143,173,102.0,622.0269930000002,606.7209899999999,197.75145454545455,12.731495867768595,162.099,462.29628299999996,435.68141999999995,458.466044,435.68141999999995,14.61720193389102
US-Prr,2021,NDVI,30,14,16.0,48,0,0.6308439989205181,double_logistic,0.9121258178351508,0.0217169471949897,0.9551867686097172,0.6295559985617056,0.8241867638988032,153.39826206348727,0.1763322269092491,250.69726790283585,0.1424510550594701,197.5,0.1944496427325017,141.0,153.5,166.0,266.25,250.75,235.5,True,,241.10714285714286,259.7857142857143,172,97.25,693.082774,619.0835,204.40404761904762,12.354206349206349,187.97933,512.9491840000001,403.79325,500.49003000000005,430.95865,15.28981851331038
US-Prr,2014,NIRv,13,7,7.0,34,5,0.0600039034202958,double_logistic,0.9565907406753564,0.0077558719508238,0.978762470053826,0.0586189427094652,0.1921022125613665,144.54998270761536,0.1119192928762055,243.2959938122736,0.076419510929552,186.75,0.1305573486634954,124.75,144.25,162.75,272.5,244.0,217.25,True,,221.82142857142858,271.75,172,99.75,461.217289,382.00868,173.9726081081081,11.012743243243241,129.85844,335.89461900000003,206.66126,335.56147300000003,222.38096,17.426171642749395
US-Prr,2016,NIRv,15,6,8.0,27,4,0.0600039034202958,double_logistic,0.9729419263434812,0.0085140608362145,0.9870118378525632,0.0580002304105037,0.1909665887035495,132.24320746792893,0.1362317638389518,247.24893641712976,0.0761852877272891,176.25,0.13204350270846,116.25,132.25,148.0,276.25,247.5,219.5,True,,221.82142857142858,271.75,173,115.25,428.95601,339.911292,176.28089374999996,11.958612500000001,143.5227,288.95889,183.15695,286.23636000000005,191.21939,17.16402209819564
US-Prr,2017,NIRv,14,6,7.0,41,3,0.0600039034202958,double_logistic,0.9574028627454948,0.0087063256248593,0.9794692736131836,0.0594998838487592,0.20303972080511,146.10414127407782,0.1273268795150143,248.04560454436157,0.0963255890091865,191.25,0.1424822263533885,129.0,146.0,163.0,271.0,248.25,226.0,True,,221.82142857142858,271.75,172,102.25,563.7272379999999,494.359911,184.70880419580416,14.83834965034965,149.49194999999997,419.945578,299.57598,419.945578,277.15368,16.40343746737205
US-Prr,2018,NIRv,23,18,15.0,50,7,0.0600039034202958,double_logistic,0.988047329060461,0.0062426969240639,0.99409153673678,0.0592636867140915,0.2070556079268108,156.69098558172908,0.082911342432198,250.15786909658328,0.1205394240038241,210.25,0.144876110606748,130.0,156.25,181.25,268.75,250.5,233.5,True,,221.82142857142858,271.75,172,94.25,574.17035,504.05015,182.71624460431653,13.05934532374101,136.0246,442.69675000000007,366.77391,446.11342700000006,315.90887999999995,15.524119832995346
US-Prr,2019,NIRv,30,11,15.0,47,0,0.0600039034202958,double_logistic,0.9718457480045524,0.0090656427574117,0.9865047502881829,0.0598899404890269,0.2086609189651866,139.74693123740624,0.1193031781634476,238.9480300650916,0.078828494220706,181.25,0.1461677358277206,121.25,139.5,157.0,267.25,239.5,213.25,True,,221.82142857142858,271.75,172,100.0,596.1458319999999,459.682121,196.3697191780822,13.034671232876711,190.39342200000002,411.60629,231.41266,416.529167,264.13907,17.889550037295713
US-Prr,2020,NIRv,32,21,22.0,42,3,0.0600039034202958,double_logistic,0.9620555975013674,0.0094399367629897,0.9813257363945044,0.0584990084110851,0.1919756126162999,144.09850878032196,0.1824032774298621,243.678242491305,0.0881930829616701,179.25,0.1328046551902494,132.25,144.25,156.0,268.75,244.0,219.5,True,,221.82142857142858,271.75,173,99.75,678.098251,666.05382,203.73102205882356,12.220492647058824,212.62532000000002,467.841221,286.09727000000004,472.74750300000005,303.43779,17.16402209819564
US-Prr,2021,NIRv,30,14,16.0,48,0,0.0600039034202958,double_logistic,0.9072502490159676,0.0134008182275413,0.952584423003776,0.05779260800773,0.2131026371326431,150.11320528204615,0.0938858406373827,248.76137243620667,0.0773422960599023,195.75,0.1506672917745323,126.5,149.5,171.0,277.75,249.75,223.75,True,,221.82142857142858,271.75,172,100.25,764.203493,702.98268,197.77243708609274,11.049960264900662,248.44054,523.6086929999999,336.24701,520.294143,318.98803,16.66707423132513
US-Rls,2014,NDVI,14,7,11.0,7,13,0.2938169441630948,double_logistic,0.9960234795779168,0.0015208650586616,0.9981040256916376,0.2936450593404214,0.3882304551818278,95.91507574212424,0.1072280110968272,156.82485012585056,0.1765294275211151,132.0,0.0914841248835446,75.25,95.5,113.75,169.5,157.25,146.0,True,,161.80555555555554,189.97222222222223,172,61.75,,,251.95474468085106,9.576404255319147,,,,,,14.81806762140836
US-Rls,2015,NDVI,14,6,12.0,9,14,0.2938169441630948,double_logistic,0.974067529486084,0.0058084608189967,0.98756503995831,0.2947338034090679,0.3841338389165972,88.67167502632368,0.9541200078023904,168.47370135870585,0.2285606339151037,105.25,0.0893999760560218,86.5,88.75,91.0,178.25,168.5,159.0,True,,161.80555555555554,189.97222222222223,172,79.75,398.58148,261.80795000000006,263.60563043478265,11.635543478260868,376.61650000000003,26.855579999999996,,48.73855,,15.095163954684296
US-Rls,2016,NDVI,34,18,26.0,17,3,0.2938169441630948,double_logistic,0.9957548198607225,0.0026916467970783,0.997919382797302,0.293720184399286,0.4189174419009203,95.90791162596992,0.1362738957562218,167.9670274235363,0.2488107919539401,141.0,0.1247769181125512,80.0,96.0,112.0,177.0,168.0,159.5,True,,161.80555555555554,189.97222222222223,173,72.0,364.59346999999997,222.88022,256.9496224489796,11.153969387755101,351.38889,16.408559999999998,,43.13865,,15.10246785724036
US-Rls,2017,NDVI,47,30,42.0,19,5,0.2938169441630948,double_logistic,0.9852164137517688,0.0054895070403733,0.992713024006086,0.293378177340554,0.4303295457586374,102.40718159509156,0.135499529496733,178.60680498554993,0.1282452390718745,139.75,0.1351557406699178,86.25,102.25,117.75,196.0,179.0,162.5,True,,161.80555555555554,189.97222222222223,172,76.75,441.30522400000007,315.95018999999996,263.8521727272728,12.567745454545456,343.04869399999995,103.88762,,84.69637999999999,,15.140709906241707
US-Rls,2018,NDVI,60,37,52.0,17,0,0.2938169441630948,double_logistic,0.8845963838380284,0.0148263639695108,0.9423020488205834,0.2950484014803957,0.5600026595346163,135.96653740601877,0.0481090898460407,165.89064350966692,0.0897383621994905,146.25,0.1257855739505121,73.75,112.75,134.75,187.75,170.75,156.75,True,,161.80555555555554,189.97222222222223,172,58.0,394.842198,297.11972600000007,247.7225087719298,10.187122807017543,344.90922800000004,55.84336,,60.813019999999995,,15.059072404919702
US-Rls,2019,NDVI,61,32,46.0,21,3,0.2938169441630948,double_logistic,0.9726471147907292,0.0074062036573682,0.9865834045650104,0.2931574238611834,0.4065951275439031,106.10002291618991,0.1029351633128473,186.50377879960288,0.1152670847524503,148.0,0.1106136140805285,84.5,105.75,125.5,206.0,187.0,169.5,True,,161.80555555555554,189.97222222222223,172,81.25,534.4064940000001,385.08578,261.5698442622951,11.861459016393445,367.467274,171.54835000000003,,105.27481,,15.19168410187269
US-Rls,2020,NDVI,62,36,48.0,15,0,0.2938169441630948,double_logistic,0.877290478697226,0.0117006940378697,0.9383158278059538,0.2936877405955314,0.3965326908894356,111.55703287100287,0.1950708788636473,177.54357797761404,0.1120517256833045,137.5,0.1010522921267886,100.25,111.5,122.25,197.5,178.0,159.5,True,,161.80555555555554,189.97222222222223,173,66.5,436.21378,293.77802,271.676587628866,12.055865979381444,329.09197000000006,113.245,,78.2986,,15.10246785724036
US-Rls,2022,NDVI,66,41,58.0,38,5,0.2938169441630948,double_logistic,0.969678203403206,0.0050612569695641,0.9848224967070224,0.293452952637288,0.3973480653291901,109.21105749941388,0.2217336188429455,184.88615993425708,0.1445656272807396,140.25,0.1036251735367482,99.5,109.25,119.25,200.25,185.0,170.0,True,,161.80555555555554,189.97222222222223,172,75.75,473.0780823999999,312.63806,259.65767326732674,11.593495049504948,331.3218524,148.65402,,108.15211,,15.193234226461962
US-Rls,2023,NDVI,69,47,61.0,32,0,0.2938169441630948,double_logistic,0.8705995684599901,0.0157299118286426,0.9363168210309858,0.2945172627728725,0.4310116447711266,127.82975061322296,0.2027130151787522,185.11361247157708,0.1794421355065938,155.0,0.1353316203600894,117.0,127.75,138.5,197.5,185.25,173.5,True,,161.80555555555554,189.97222222222223,172,57.5,489.15756,304.84136,280.5925802469136,14.992456790123455,354.41008,141.84600000000003,14.26109,102.94249,,15.196195149969176
US-Rls,2014,NIRv,14,7,11.0,7,13,0.0384077301916841,double_logistic,0.9910464855642364,0.0011921134064814,0.9959052684120364,0.0380177463898844,0.122951632269533,109.85478329196572,0.0623525982213343,151.8606961446221,0.0431327638536754,134.0,0.0426367446519589,70.75,99.75,120.25,219.75,175.25,149.0,True,,160.8,248.0,172,75.5,,,261.6053959731544,12.919570469798655,,,,21.220249999999997,,14.896154969175448
US-Rls,2015,NIRv,14,6,11.0,9,14,0.0384077301916841,double_logistic,0.9644084431340624,0.0027369046686437,0.9821432728450984,0.0369629274567067,0.1061011965163577,91.03657507774108,0.0594306876196548,169.77966115277405,0.0253733578363403,129.75,0.0444608867974606,57.5,86.25,110.5,275.5,199.0,153.5,True,,160.8,248.0,172,112.75,607.5969676,489.02345,245.3049128440367,14.364376146788992,438.97754,173.5100276,,151.89807999999994,,14.997849270709699
US-Rls,2016,NIRv,34,18,28.0,17,3,0.0384077301916841,double_logistic,0.976382481268676,0.0022471905408187,0.9883374309595374,0.0390284639330747,0.1305005710197786,101.79466030895176,0.0693559711012932,148.04662394028242,0.0333916762662411,129.75,0.0477837962395451,74.75,97.0,115.75,235.0,178.5,146.5,True,,160.8,248.0,173,81.5,464.252963,307.323061,274.98303726708076,14.522080745341617,359.8534900000001,107.603453,,120.63925900000001,,14.831629728957713
US-Rls,2017,NIRv,47,30,40.0,19,5,0.0384077301916841,double_logistic,0.9550967581688512,0.0036206297197338,0.9778245860381344,0.0386117754142227,0.1411742158010235,117.07225030450914,0.0550800122848534,170.5882662041747,0.0340054380601879,147.5,0.0542712126321332,75.25,107.5,131.0,255.25,199.25,166.0,True,,160.8,248.0,172,91.75,550.938842,430.70466000000005,255.4115611111111,15.645633333333333,361.57320400000003,194.99672800000002,,182.727348,,15.17298695447413
US-Rls,2018,NIRv,60,37,52.0,17,0,0.0384077301916841,double_logistic,0.954379069452554,0.003591417775512,0.9772927187312548,0.0400640440223279,0.1479195540382195,122.32144730744372,0.058667247190006,160.86269509211655,0.0408874979636313,146.0,0.048305569849167,81.25,111.0,132.0,235.0,188.75,161.5,True,,160.8,248.0,172,77.75,457.89708999999993,353.82396800000004,267.5298246753246,14.706487012987013,337.803113,126.004367,,142.723181,,15.129034105736272
US-Rls,2019,NIRv,61,32,46.0,21,3,0.0384077301916841,double_logistic,0.9723397178733836,0.0029617942259407,0.986106923065544,0.0377355515258173,0.1210700911700464,115.17866789246852,0.0630735411638519,183.59677492277365,0.0301303996554692,149.5,0.0527876353405141,81.75,109.75,132.25,273.0,208.75,170.25,True,,160.8,248.0,172,99.0,693.527378,513.17799,251.93357812500003,13.806984374999999,370.11502599999994,328.021482,,286.49172000000004,,15.193903775913396
US-Rls,2020,NIRv,62,36,48.0,15,0,0.0384077301916841,double_logistic,0.9743706251890356,0.0023023531053043,0.9873700177824486,0.0385153305963274,0.0939134486565635,111.7814880783402,0.0906738033270314,186.1267239939152,0.0459740057233145,142.75,0.0456090109562,86.75,109.25,127.5,238.75,194.0,162.25,True,,160.8,248.0,173,84.75,593.98101,401.704291,266.0926644736842,14.029131578947368,358.41517000000005,241.68903000000003,,265.35336,,15.137892231303912
US-Rls,2021,NIRv,84,40,58.0,15,0,0.0384077301916841,double_logistic,0.9349702782244336,0.0023482630272241,0.967744842332702,0.0385028883353038,0.0957558581973879,133.1889693424697,0.0764954947262565,166.133311813,0.0495671312998564,153.25,0.0273159415547659,103.0,125.5,142.0,226.25,188.0,165.75,True,,160.8,248.0,172,62.5,504.359674,346.08849,288.74531451612904,17.216862903225806,358.62880199999995,150.77241200000003,,203.848032,,15.17112883151272
US-Rls,2022,NIRv,66,41,57.0,38,5,0.0384077301916841,double_logistic,0.8875055997697694,0.0044387400740998,0.9430936285375154,0.0406814713763224,0.1306636758129405,114.54863586976305,0.0638058494600273,164.0630818870838,0.0268645089957559,147.0,0.0450490344027349,89.75,111.25,131.25,273.75,204.5,166.25,True,,160.8,248.0,172,93.25,696.6976084,512.01579,254.65517934782608,15.175630434782608,365.9319224,337.66347599999995,,279.67409,,15.174775737859637
US-Rls,2023,NIRv,69,47,61.0,32,0,0.0384077301916841,double_logistic,0.9407805727023256,0.0042581816311053,0.97060046384181,0.0401657115792853,0.1498527746748363,128.53550565114557,0.0892001796468129,167.104444095538,0.0360096527218305,152.5,0.0573701100585813,110.75,126.25,141.0,247.75,195.75,167.0,True,,160.8,248.0,172,69.5,641.3853260000001,432.87804000000006,270.73832116788327,16.870211678832117,371.25795000000005,277.225896,,278.950466,,15.17972517607305
US-Rms,2016,NDVI,30,18,26.0,29,0,0.3583303223632006,double_logistic,0.9902840871541396,0.0082723043194808,0.9951550780320306,0.3570286107923562,0.6391669462146728,141.70128806598217,0.1209910800752548,204.58717397068452,0.0541211228795779,166.5,0.2369058460183866,123.25,140.25,154.25,248.75,210.75,183.25,True,,189.96875,268.53125,173,70.5,719.5943859999999,444.03153000000003,298.39273599999996,13.393959999999998,276.5383,453.28368600000005,94.36095,488.90126,151.48141999999999,15.122846993436918
US-Rms,2017,NDVI,43,29,39.0,29,0,0.3583303223632006,double_logistic,0.9937597940485569,0.0070304372165816,0.996917092340755,0.3611021029224167,0.6526157583103872,148.50003835883922,0.2460554831796839,211.22550178937857,0.0498506289184036,165.0,0.2601118744638114,140.5,148.5,156.0,258.0,215.75,183.25,True,,189.96875,268.53125,172,67.25,684.402779,470.24159999999995,289.846279661017,16.86930508474576,197.08093,497.1689489999999,120.63255,509.947745,180.9106,15.122846993436918
US-Rms,2018,NDVI,58,36,48.0,30,0,0.3583303223632006,double_logistic,0.9890580943930106,0.009604947061596,0.9945278726995692,0.3560707417776486,0.6567929670098274,136.55221032170812,0.1642116624196658,199.9748508496832,0.0537354608760155,158.0,0.2635631281683765,123.5,136.0,147.0,243.75,204.75,175.5,True,,189.96875,268.53125,172,68.75,753.6973,509.7401899999999,288.8326333333333,13.877625,321.67778999999996,443.10201,41.28375,517.12477,163.36882999999997,15.182279746361209
US-Rms,2019,NDVI,54,35,46.0,38,0,0.3583303223632006,double_logistic,0.985799551074683,0.0086675247417202,0.9930761002189964,0.3617278013226741,0.5409894586520202,147.2122383996417,0.3514838468955839,232.85073440552677,0.070201719207478,165.25,0.1774017350120792,141.0,147.25,153.5,264.5,233.25,203.0,True,,189.96875,268.53125,172,86.0,720.56081,459.6335299999999,277.1106532258065,13.296766129032257,148.70756,576.77967,260.55782999999997,590.21534,139.2496,14.694229360171525
US-Rms,2020,NDVI,50,37,45.0,53,0,0.3583303223632006,double_logistic,0.9790065616765538,0.0119406209959082,0.9894537519277056,0.3566764938212055,0.6722750963531994,149.2998409059918,0.1482291360905332,208.842742331386,0.0422114290653435,170.5,0.2503327689102483,136.25,148.5,160.0,267.0,219.0,186.75,True,,189.96875,268.53125,173,70.5,789.5379300000001,538.25635,275.1120916030534,14.906,196.75640999999996,602.7537000000001,137.74481,605.7197000000001,168.92660999999998,15.074668525197247
US-Rms,2021,NDVI,56,34,42.0,49,0,0.3583303223632006,double_logistic,0.8502102801110589,0.0195206371341856,0.9318181072022198,0.3672194406177045,0.605131522874608,161.7488624622594,0.1395804425924024,202.76991868889323,0.0349358349016524,181.75,0.1470268386448481,152.25,162.0,172.25,280.75,226.0,195.25,True,,189.96875,268.53125,172,64.0,724.44559,504.4365700000001,277.0084609375,16.302078125,125.35096,607.0430299999998,207.17997,579.22698,151.12157000000002,14.905920472125402
US-Rms,2022,NDVI,56,39,50.0,67,0,0.3583303223632006,double_logistic,0.9572095964172218,0.0167314085804741,0.9788328844329652,0.3569265762526707,0.6635740558169743,154.76083945377894,0.1314479346295534,227.952583383995,0.0344745156310121,179.75,0.2466601674494872,140.25,154.0,167.0,298.75,239.5,199.75,True,,189.96875,268.53125,172,85.5,958.7747200000001,649.5930000000001,261.2792088607595,14.350563291139238,186.89821999999998,780.54886,306.95029,709.1154499999999,191.2193,14.789199853708034
US-Rms,2023,NDVI,49,35,46.0,53,0,0.3583303223632006,double_logistic,0.958476326230121,0.0170633656561397,0.980229505298784,0.361578635620573,0.6731940964084515,150.48179793877603,0.1428666321656924,220.7734135525328,0.0367722564286051,173.75,0.2538282353154806,137.0,150.0,162.0,286.75,231.0,193.0,True,,189.96875,268.53125,172,81.0,854.58994,573.7965099999999,255.43328666666667,13.656646666666665,195.04780000000005,666.3541399999999,197.14137000000002,616.354747,157.23434,14.957416473448268
US-Rms,2016,NIRv,30,18,25.0,29,0,0.0631931620706914,double_logistic,0.970908308386552,0.005776799784557,0.9855494824601692,0.0630512052455464,0.2172786869019297,146.1707977257019,0.0942275223404645,195.35021720706797,0.0384708208090137,170.75,0.0972535784859969,125.75,143.5,158.75,265.5,215.5,186.0,True,,192.53125,275.1875,173,72.0,747.605464,469.08906,288.9646571428571,13.033500000000002,271.97344,485.859624,121.78421999999999,499.40517,172.94707,15.086078065979743
US-Rms,2017,NIRv,43,29,38.0,29,0,0.0631931620706914,double_logistic,0.9886749027051852,0.0042724921409,0.9944484240588808,0.0632881967976867,0.2332769680628729,153.6863007174917,0.1112680346035505,200.32616828108732,0.0423146651513978,175.75,0.1121521555623288,136.75,151.75,165.0,263.0,217.0,189.75,True,,192.53125,275.1875,172,65.25,703.1890810000001,492.20969,281.600125984252,15.965393700787402,208.32776,504.70842099999993,180.9106,520.737985,212.4565,15.023249304431538
US-Rms,2018,NIRv,58,36,47.0,30,0,0.0631931620706914,double_logistic,0.9897654030773914,0.0036624633687751,0.9948745165806314,0.0625527768804128,0.2133155971753773,140.7307134223442,0.1186532649480562,194.26001432129112,0.0405992600097254,163.5,0.1076781037841673,124.5,139.25,152.25,257.5,208.75,178.75,True,,192.53125,275.1875,172,69.5,793.89319,534.44238,283.9057969924812,13.920827067669174,319.06194,485.91375,70.54652,530.76214,183.61485999999996,15.165427424946923
US-Rms,2019,NIRv,54,35,41.0,38,0,0.0631931620706914,double_logistic,0.9856528200851448,0.0035161462810981,0.9928151983856308,0.0625889891653075,0.1493512921122695,152.1674228787738,0.1196133768393769,228.47989711932183,0.0496832086993976,180.5,0.076605977499524,133.75,151.0,166.0,275.5,233.25,201.0,True,,192.53125,275.1875,172,82.25,766.0156200000001,497.38553200000007,263.371676056338,12.117485915492958,165.38106000000002,605.56098,243.54310000000004,605.56098,163.01132999999996,14.753690139160812
US-Rms,2020,NIRv,50,37,45.0,53,0,0.0631931620706914,double_logistic,0.9835962847253236,0.004088679517866,0.9917642719813148,0.0632407942531868,0.2089159507388105,150.13654299309104,0.1152939091695709,201.3569866453879,0.0373364600022431,173.0,0.0984174698326616,134.75,149.0,162.0,271.75,219.5,188.25,True,,192.53125,275.1875,173,70.5,805.220767,551.42814,270.7654233576642,14.530620437956205,203.61827,611.5746770000001,158.00231,624.709707,197.88664999999997,15.050104713904757
US-Rms,2021,NIRv,56,34,42.0,49,0,0.0631931620706914,double_logistic,0.9352132571432086,0.0054545462694276,0.969492624825164,0.0666629849437006,0.1636757642148275,161.29712771494616,0.1292119005756591,207.54089601033715,0.0338612539030352,182.75,0.0620388523907768,150.25,161.25,172.5,287.0,230.0,197.5,True,,192.53125,275.1875,172,68.75,744.284917,528.05051,270.9401094890511,15.419583941605842,135.53656999999998,616.696747,226.74571,596.1750399999999,179.52330000000003,14.849785393328244
US-Rms,2022,NIRv,56,39,48.0,67,0,0.0631931620706914,double_logistic,0.9768926434418136,0.0054136771859844,0.9887370197213048,0.0639511869950705,0.2297170323164342,157.38993557022562,0.0967843465166906,215.40539465857844,0.0309670273722544,184.25,0.1085630053704325,139.75,156.0,171.25,301.25,238.75,202.0,True,,192.53125,275.1875,172,82.75,965.9669980000001,656.8706999999999,259.0542469135802,13.970382716049384,190.20626000000001,784.4330980000001,337.80742,731.18154,227.806,14.724360025494216
US-Rms,2023,NIRv,49,35,46.0,53,0,0.0631931620706914,double_logistic,0.9772432701820312,0.0059803637940306,0.988908012259332,0.0626209867673902,0.1915997313520812,151.15505636904047,0.1332499211441987,225.5812376418476,0.0435781133041295,176.75,0.1111312171023389,135.25,150.25,163.5,280.0,232.0,197.0,True,,192.53125,275.1875,172,81.75,839.42615,565.51487,260.5031448275862,13.926689655172414,196.85984000000002,649.3783099999999,233.12082,634.53234,187.36385,14.862651236128332
US-Ro4,2015,NDVI,15,11,10.0,15,10,0.3541920992837102,double_logistic,0.9973836674493776,0.0091310647923811,0.9987051702804608,0.3539060233896242,0.8109870163702739,156.77985339841055,0.0939607003672248,273.59080512388874,0.0621972850905845,206.0,0.44591577288594,133.25,156.5,178.25,309.5,274.5,242.0,True,,245.38636363636363,312.8636363636364,172,118.0,1170.73397972,800.233504,201.3847840909091,17.410613636363635,217.320976,967.37420372,822.15989,967.6790189200001,844.15306,13.143002794848469
US-Ro4,2016,NDVI,21,14,14.0,18,6,0.3541920992837102,double_logistic,0.9948983854584252,0.0127441907397974,0.9974841232159024,0.3458341080367241,0.836646848909327,146.5614383001149,0.0827394821835162,279.8823446038454,0.0485304886275767,200.0,0.475022458187431,119.75,146.0,170.25,326.0,281.25,240.5,True,,245.38636363636363,312.8636363636364,173,135.25,1139.98055628,891.915312,195.22204347826084,16.463579710144927,231.5456764,922.7835798799999,794.2194199999999,921.16003398,828.2621199999999,13.219595300814492
US-Ro4,2017,NDVI,31,17,17.0,14,0,0.3541920992837102,double_logistic,0.9930777655453442,0.0144494690778531,0.9965344402696492,0.3505127482719214,0.8079486614859097,150.61342759314556,0.1010955700892444,275.2032054359205,0.063456423886817,201.5,0.4505653531125886,128.75,150.5,171.25,310.25,275.75,243.0,True,,245.38636363636363,312.8636363636364,172,125.25,976.7801146900001,740.7936009999999,194.01231868131867,16.43615934065934,147.884835,839.77237969,727.54007,840.22577269,739.8412900000001,13.09169700926497
US-Ro4,2018,NDVI,38,20,21.0,31,0,0.3541920992837102,double_logistic,0.9923047244886868,0.0174266672636842,0.9962710312109104,0.3531713384994602,0.8293082955710718,150.8937429949854,0.1630277759029673,274.8941610620287,0.0708696631943305,192.0,0.474218400097111,137.5,151.0,164.25,306.0,275.25,244.5,True,,245.38636363636363,312.8636363636364,172,124.25,1262.4677415699998,891.994729,184.5902426035503,17.345171597633136,242.007298,1033.77214357,927.4643699999999,1033.7833325699999,934.0512499999999,13.014398883160204
US-Ro4,2019,NDVI,39,16,14.0,27,0,0.3541920992837102,double_logistic,0.9619923565843362,0.0348668710657014,0.981321244506164,0.3527000040813081,0.8219116724042482,161.54361219028144,0.0957840950293612,284.1901259172951,0.0620660754212595,212.5,0.4602577766042838,138.5,161.25,183.0,320.0,285.0,251.75,True,,245.38636363636363,312.8636363636364,172,123.75,1017.6210647,736.3429243,181.8231043956044,14.915686813186815,118.188778,908.4850667,822.2972299999999,907.2937253999999,790.8918699999999,12.636083851695847
US-Ro4,2020,NDVI,46,24,24.0,26,0,0.3541920992837102,double_logistic,0.991701109723201,0.0172232705307464,0.9958419591095552,0.3558482041788545,0.8147303039739515,155.95725736353702,0.128463312662813,273.7102531582668,0.0812589140325181,203.75,0.4563414939911298,139.0,156.0,172.75,301.0,274.0,247.5,True,,245.38636363636363,312.8636363636364,173,118.0,1052.6018629,731.932816,206.9996380368098,17.26355828220859,166.85133869999999,895.0057642000002,814.00192,901.5517722000001,801.73266,12.858707709926458
US-Ro4,2021,NDVI,53,30,30.0,26,3,0.3541920992837102,double_logistic,0.9812997926895568,0.0210723102221284,0.9906586195872262,0.3495882235457428,0.790573669268287,152.24123659453002,0.119934090396006,276.16073732762527,0.056053870355427,196.0,0.4338020478664971,134.0,152.25,169.5,315.75,276.75,239.75,True,,245.38636363636363,312.8636363636364,172,124.5,924.0343079,701.082025,202.55204945054945,17.83037362637363,170.62413949999998,760.8196984,629.5299099999999,759.9631694,659.9280799999999,13.257716728715154
US-Ro4,2022,NDVI,54,28,26.0,36,0,0.3541920992837102,double_logistic,0.9919392506726804,0.0162745625041444,0.9959688630634036,0.3551398284370444,0.7971526568850653,156.54106262209456,0.1099520835296539,273.26186896548904,0.0826680072490114,208.25,0.4384786487207808,136.5,156.5,176.0,300.0,273.5,247.75,True,,245.38636363636363,312.8636363636364,172,117.0,863.7506414,659.4749979999999,205.5168414634146,17.994231707317073,102.535233,769.6605084,662.56978,773.8373564999999,650.66995,12.845673944822883
US-Ro4,2023,NDVI,62,36,35.0,43,0,0.3541920992837102,double_logistic,0.9826159698296614,0.0218608444578645,0.9913407163016662,0.3475146389996995,0.7939028110009061,152.53742369462145,0.0870622892373095,282.667206129439,0.0561317704311881,206.75,0.4362353366968494,127.25,152.25,175.75,322.5,283.5,247.25,True,,245.38636363636363,312.8636363636364,172,131.25,899.850228299,706.558449,196.5446564102564,17.08623076923077,178.057851,732.5055772989999,619.3071199999999,728.761008299,605.67846,12.871732877812175
US-Ro4,2024,NDVI,75,37,38.0,9,0,0.3541920992837102,double_logistic,0.9898800574249376,0.0187470377783186,0.9949354214922058,0.3506651394947189,0.8263057612267766,142.50974457927924,0.1084668840259656,281.97450222792907,0.0634324726954533,197.0,0.4721948838752461,122.25,142.5,162.25,316.75,282.25,248.5,True,,245.38636363636363,312.8636363636364,173,139.75,1255.3966157,851.857788,198.73988144329894,17.288819587628865,201.760373,1059.0352727000002,885.93619,1057.0699047,861.1944400000001,12.80652255282891
US-Ro4,2025,NDVI,73,31,31.0,20,0,0.3541920992837102,double_logistic,0.9807474369633912,0.0259504368408454,0.9903793926846288,0.353301324362578,0.8342484186872972,154.02879398324538,0.1329014474896382,279.43085186114024,0.0644575246878125,198.75,0.4770516270951301,137.5,154.0,170.25,313.75,279.75,246.75,True,,245.38636363636363,312.8636363636364,172,125.75,1121.6261812999999,775.8521453699999,191.02485795454547,16.757835227272725,224.355222,909.9222593,795.5842299999998,909.3473092999999,789.8737099999998,12.89775682186011
US-Ro4,2015,NIRv,15,11,10.0,15,10,0.0683713056910577,double_logistic,0.996747122800588,0.0054932479213716,0.9983730538104412,0.0677924894187576,0.3046117085955366,155.76142127117612,0.1003167713866943,261.8322803800025,0.069024924065259,201.25,0.2308127067511681,133.75,155.5,175.75,294.25,262.75,233.5,True,,224.86363636363637,300.27272727272725,172,107.25,1169.9241336999999,786.960826,212.83557763975153,18.154428571428575,217.320976,966.5643577,755.4390500000001,966.9327446,677.1304799999999,13.570141321182426
US-Ro4,2016,NIRv,21,14,15.0,18,6,0.0683713056910577,double_logistic,0.9887546271394776,0.0112552805992224,0.9945888894081648,0.06602410453938,0.3511438682718261,153.19890407370494,0.0894439281615273,253.54364115445435,0.0464603647579597,192.75,0.261091077519608,128.0,151.75,172.5,303.0,257.25,220.0,True,,224.86363636363637,300.27272727272725,173,105.5,1133.78635517,864.852641,205.73474431818184,17.924551136363636,227.677819,920.45723617,612.11635,919.97849077,651.54853,14.200848008183048
US-Ro4,2017,NIRv,31,17,17.0,14,0,0.0683713056910577,double_logistic,0.983502722942564,0.0106306893436625,0.9919786724423932,0.0657256518608281,0.3129079976968652,149.68924263337297,0.0871206933411737,254.15947563076907,0.0547292246466082,193.5,0.2332361500611876,124.0,148.75,170.5,295.5,256.25,222.5,True,,224.86363636363637,300.27272727272725,172,107.5,978.03217823,738.94799,208.84215697674415,17.60497093023256,150.53032000000002,838.3789582299999,580.02221,839.4606468300001,602.99081,14.089765303499012
US-Ro4,2018,NIRv,38,20,23.0,31,0,0.0683713056910577,double_logistic,0.983148677330618,0.0144621730856934,0.9919066113520336,0.0667826602734267,0.3659349492671058,154.78714022448912,0.1262028845311273,249.6186283262975,0.0486463615493565,187.0,0.2805298581157881,137.25,154.25,169.5,296.25,252.25,215.0,True,,224.86363636363637,300.27272727272725,172,98.0,1260.4938824,883.709307,190.3310880503145,18.079006289308175,242.007298,1031.7982844,647.5612799999999,1032.2513428,760.7339700000001,14.413295409972642
US-Ro4,2019,NIRv,39,16,15.0,27,0,0.0683713056910577,double_logistic,0.9692464194094348,0.0166313238201311,0.9854600808112262,0.0679126053371118,0.3306038987103153,160.19371866737302,0.0796404101138301,265.35439986639807,0.0564184547001515,206.5,0.2471162836633073,132.0,159.0,182.75,305.5,267.5,234.75,True,,224.86363636363637,300.27272727272725,172,108.5,1020.6792033999999,745.970728,192.96083333333337,16.457350574712642,123.38267499999999,906.3493083999999,717.5281299999998,905.0593514,622.37592,13.508479792202113
US-Ro4,2020,NIRv,46,24,24.0,26,0,0.0683713056910577,double_logistic,0.9877886686426696,0.0103021675648211,0.9939595763886686,0.0706692245548022,0.3350723869768041,156.22560402375925,0.0860559571391263,254.66346579566587,0.0550979481825226,198.0,0.2461763663067333,130.0,155.0,176.5,296.0,257.25,224.5,True,,224.86363636363637,300.27272727272725,173,102.25,1058.9761727999999,741.0385960000001,209.79702395209577,17.476293413173654,174.30157859999997,893.9298342000001,622.35164,894.7256022000001,622.35164,13.99881380978353
US-Ro4,2021,NIRv,53,30,32.0,26,3,0.0683713056910577,double_logistic,0.9769140871350832,0.0124578787175938,0.9884661094084004,0.0649799307344394,0.31409968524902,153.2013874517875,0.103197698784548,249.58460128123693,0.0442629260667781,188.5,0.227131653824646,131.75,152.0,170.0,301.75,253.75,215.0,True,,224.86363636363637,300.27272727272725,172,101.75,919.8230619,692.3000360000001,211.9832941176471,18.78714705882353,173.41383949999997,753.8187524,474.38255000000004,753.7661303,538.25355,14.413295409972642
US-Ro4,2022,NIRv,54,28,28.0,36,0,0.0683713056910577,double_logistic,0.9859472983866162,0.0104662580605514,0.9930825636917576,0.0681503374999765,0.3013125851710048,159.15862937018522,0.0983787653185742,258.303050261078,0.0614335505057289,200.25,0.2227326348742676,136.5,158.5,178.25,295.0,260.0,228.75,True,,224.86363636363637,300.27272727272725,172,101.5,862.5330919999999,655.065831,209.06923899371063,18.26284905660377,102.535233,768.442959,519.16393,769.6605084,490.4579,13.800018861348894
US-Ro4,2023,NIRv,62,36,37.0,43,0,0.0683713056910577,double_logistic,0.9871670248033791,0.0092456190701973,0.993634080085793,0.0643316131320258,0.3076766356455653,157.98877243351004,0.0821430880754593,260.0907336127829,0.046721513916938,199.75,0.2220149160581672,130.5,156.25,178.5,309.5,264.0,227.0,True,,224.86363636363637,300.27272727272725,172,107.75,892.2066573989999,689.010796,204.72888826815645,17.86293854748603,174.33730500000001,728.582552399,468.30384,725.931325399,454.24599,13.882733583329504
US-Ro4,2024,NIRv,75,37,39.0,9,0,0.0683713056910577,double_logistic,0.9859031401826056,0.010613467206208,0.9930081192766554,0.0651997403344237,0.3306889747047931,149.67345579735377,0.0884242931476597,260.4833901359781,0.0472342111233008,193.25,0.24933142407435,124.25,148.75,170.25,308.5,263.25,224.5,True,,224.86363636363637,300.27272727272725,173,114.5,1250.563735,841.416658,204.63764673913042,17.836206521739133,199.82026700000003,1056.1424980000002,664.0569999999999,1051.185975,664.0569999999999,13.99881380978353
US-Ro4,2025,NIRv,73,31,31.0,20,0,0.0683713056910577,double_logistic,0.9821437230014688,0.0126061116672913,0.9910469296288208,0.0678755912329522,0.3427164146380815,156.12346928166883,0.0950825119166343,259.0226487812067,0.0581102081423225,198.5,0.2621131265234236,132.75,155.25,176.0,297.75,260.75,228.0,True,,224.86363636363637,300.27272727272725,172,105.5,1125.7253154,779.51984337,200.51403636363636,17.863042424242426,235.067852,903.3087634000002,652.4107200000001,904.8165864,615.8559399999998,13.835608409628383
US-Rpf,2014,NDVI,12,7,4.0,34,4,0.5112962999472493,double_logistic,0.9927132895222514,0.0086679233565122,0.9963832568345516,0.5114283527419922,0.7509381123672324,154.70812776441232,0.1379128464550023,252.33208537040525,0.9999999998628704,238.75,0.2395072407396729,139.0,154.75,170.75,254.75,252.5,250.25,True,,242.47222222222223,267.77777777777777,172,97.75,424.43558300000007,438.60711000000003,176.6165344827586,11.901663793103449,90.64094300000001,337.06292,331.19379,347.3939118,314.46653000000015,13.567629215383507
US-Rpf,2016,NDVI,18,7,7.0,29,3,0.5112962999472493,double_logistic,0.9877852411747438,0.0122800768708102,0.9941948308833372,0.5069738183830198,0.7959984803092316,141.38444541684677,0.1148649355148639,254.37615100341472,0.1238758101109564,199.75,0.2883384341167226,122.25,141.5,160.5,272.25,254.5,237.0,True,,242.47222222222223,267.77777777777777,173,113.0,522.742554,475.98160100000007,173.4458533333333,11.975486666666667,149.14558100000002,377.23557300000004,325.58477,374.87862000000007,339.22338,15.113610379797407
US-Rpf,2017,NDVI,12,5,3.0,39,6,0.5112962999472493,double_logistic,0.9628286859567168,0.0189955776719199,0.9848796521596246,0.5142283733088642,0.8111963083756804,145.8309562005278,0.1429791346009175,252.31985028968643,0.3602290197430231,220.25,0.2969579742934083,130.5,146.0,161.25,258.5,252.5,246.25,True,,242.47222222222223,267.77777777777777,172,106.5,591.6311499999999,486.12891,190.960578125,13.43678125,146.28857999999997,451.9188299999999,428.54841,459.56352400000003,414.46542,14.033366221773775
US-Rpf,2018,NDVI,25,18,18.0,52,4,0.5112962999472493,double_logistic,0.970777913491652,0.0217924933234752,0.9867193001760524,0.5174309680024233,0.8209206177670038,150.08673260405453,0.2244821121601191,256.43581361087496,0.2006274940966844,200.5,0.3034818990401644,140.5,150.25,160.0,267.5,256.5,245.5,True,,242.47222222222223,267.77777777777777,172,106.25,621.686289,482.00112999999993,168.3835590551181,12.014015748031493,124.17240000000001,504.706899,475.23782000000006,504.706899,465.97836,14.1207826521193
US-Rpf,2019,NDVI,23,8,10.0,46,0,0.5112962999472493,double_logistic,0.987796856822699,0.0139246255592977,0.9939912263947672,0.511526455891702,0.8119915011791525,139.23462842503656,0.229889658877538,246.8073729958313,0.1825505002365314,187.5,0.3004545167249977,129.75,139.25,149.0,259.0,247.0,235.0,True,,242.47222222222223,267.77777777777777,172,107.75,654.383477,450.92547,199.6045923076923,13.68956923076923,208.66979999999998,453.25689700000004,393.44759,455.6513647,421.63367,15.347741155499568
US-Rpf,2020,NDVI,30,18,19.0,45,0,0.5112962999472493,double_logistic,0.99499313548669,0.0098016534942925,0.9975095332430884,0.5139248132160076,0.8309699021320566,146.4508373338432,0.2576432848792566,257.7519810719013,0.1734420550979806,192.25,0.317039017946345,138.0,146.5,155.0,270.5,258.0,245.25,True,,242.47222222222223,267.77777777777777,173,111.5,686.034914,412.93179999999995,217.5252105263158,12.112488721804512,185.22947599999998,503.90690800000004,437.17103000000003,501.50158300000004,423.86378,14.149928112617642
US-Rpf,2021,NDVI,26,12,12.0,51,0,0.5112962999472493,double_logistic,0.9393427182984282,0.0218867501455035,0.9695885114255852,0.5084923504380454,0.838743237479573,147.58256670404512,0.1336624528750018,255.872428050228,0.1503837874790007,204.5,0.3299412602038881,131.25,147.75,164.0,270.5,256.0,241.5,True,,242.47222222222223,267.77777777777777,172,108.25,707.05455,526.461723,189.4956618705036,11.868640287769784,164.94746,550.12507,455.84371999999996,544.86229,459.91006,14.58751631594762
US-Rpf,2023,NDVI,17,8,5.0,57,0,0.5112962999472493,double_logistic,0.978118792646971,0.0191176266917376,0.9890103755451716,0.5097418342921267,0.8535227591911666,151.7299597729237,0.2005075963100622,260.8232899878852,0.2027591117521553,206.5,0.343769419128646,141.0,151.75,162.75,271.75,261.0,250.0,True,,242.47222222222223,267.77777777777777,172,109.25,835.494219,545.80637,152.24454198473282,12.710404580152673,184.64352,660.5902390000001,630.6985099999998,658.6072670000001,606.36193,13.596715103329728
US-Rpf,2024,NDVI,30,15,19.0,48,0,0.5112962999472493,double_logistic,0.8524871831660026,0.0510524318922832,0.9307947206089424,0.5126718099642269,0.8598883667453231,143.09021105848456,0.2301147547765298,258.15702147396723,0.0816570510626492,176.5,0.3466167289001417,133.75,143.25,152.75,285.25,258.25,231.5,True,,242.47222222222223,267.77777777777777,173,115.0,717.1741056999999,472.55555000000004,153.6950986842105,11.15904605263158,222.20216,504.1302857,415.88034000000005,498.05732599999993,455.3701500000001,15.757818359653758
US-Rpf,2014,NIRv,12,7,7.0,34,4,0.0706854289439901,double_logistic,0.9761559128740528,0.0074287424675595,0.988155129148996,0.0700118415601667,0.1920508217535851,151.4018471426194,0.1902927109986953,248.00639185838625,0.1454655516100339,194.0,0.1219549148311491,140.0,151.5,163.0,263.25,248.25,233.0,True,,234.08333333333334,265.02777777777777,172,96.75,431.7371006000001,457.18091000000004,170.57934677419354,11.977032258064517,88.999583,346.00579760000005,281.20609999999994,346.5738448,286.03306999999995,15.582026481568299
US-Rpf,2016,NIRv,18,7,7.0,29,3,0.0706854289439901,double_logistic,0.959931380539826,0.0122349353794942,0.9806348284001912,0.067105741783626,0.2254249068655265,140.5852300926816,0.1043717644485341,249.36832434225616,0.1012209002569388,194.25,0.1571409677600318,119.5,140.5,161.0,271.25,249.75,228.5,True,,234.08333333333334,265.02777777777777,173,109.25,526.35854,477.484513,174.49599342105262,11.95491447368421,152.91299100000003,377.084149,295.60338,373.57036800000003,315.03848000000005,16.109507107203314
US-Rpf,2017,NIRv,12,5,5.0,39,6,0.0706854289439901,double_logistic,0.973546646480598,0.0090828720193856,0.9868233668439668,0.0706901561039275,0.2332307704776386,148.8934822178686,0.1325815669767735,250.50170108387104,0.2025500510430667,209.0,0.1624480745793107,132.5,149.0,165.5,261.5,250.75,239.75,True,,234.08333333333334,265.02777777777777,172,101.75,591.3356739999999,489.94918999999993,188.7153643410853,13.413527131782946,143.00198,454.909954,404.36393,457.2920050000001,382.97272000000004,14.791984617421397
US-Rpf,2018,NIRv,25,18,18.0,52,4,0.0706854289439901,double_logistic,0.99082922951113,0.0073822863680811,0.9956730216216416,0.0693463404325501,0.2434919120512017,150.4360150685648,0.2172646104022231,254.06615503352032,0.1815427910072262,198.0,0.1741332962820012,140.5,150.5,160.75,266.25,254.25,242.0,True,,234.08333333333334,265.02777777777777,172,103.75,621.232232,480.2477099999999,169.44962698412698,12.059825396825396,124.17240000000001,504.25284199999993,465.97836,503.9743479999999,433.75281999999993,14.529127009504256
US-Rpf,2019,NIRv,23,8,12.0,46,0,0.0706854289439901,double_logistic,0.9865461465200868,0.0080391382589415,0.9933576321899472,0.0698699697357265,0.2396767354282235,140.93430743041864,0.1924968443175206,237.8371701407167,0.1066354173425784,177.5,0.1693856892827442,129.75,141.0,152.25,258.5,238.0,217.5,True,,234.08333333333334,265.02777777777777,172,97.0,653.779962,448.52734000000004,200.36678294573642,13.734875968992247,208.66979999999998,452.6533820000001,293.2571900000001,454.9872867,389.4372300000001,17.39592494254557
US-Rpf,2020,NIRv,30,18,19.0,45,0,0.0706854289439901,double_logistic,0.989836860205793,0.0072876431004255,0.9949135593291898,0.0694330387880721,0.2339186198516309,145.2671289932832,0.2636030119253758,250.10299141740043,0.1602537730642317,186.0,0.1644763238147888,137.0,145.5,153.75,264.0,250.25,236.5,True,,234.08333333333334,265.02777777777777,173,104.75,681.934306,402.14972,225.60386718750001,12.38640625,186.767936,498.26784000000004,395.76252,499.33629,383.79858,15.172126822969874
US-Rpf,2021,NIRv,26,12,12.0,51,0,0.0706854289439901,double_logistic,0.9226030908794844,0.0138779213202542,0.9614198139697402,0.0694466380547984,0.2451237830300846,150.04926535190296,0.1251720996025611,253.06531241690965,0.1178816529243513,200.25,0.1750031639012713,132.5,150.0,167.5,271.75,253.25,234.75,True,,234.08333333333334,265.02777777777777,172,103.25,707.22306,528.244922,188.68582014388488,11.792028776978418,163.49836,551.7426800000001,436.3845999999999,541.7126200000001,436.3845999999999,15.377019077599234
US-Rpf,2023,NIRv,17,8,7.0,57,0,0.0706854289439901,double_logistic,0.925876304668354,0.0220802517089624,0.965240505283198,0.0691752078852149,0.2826641806402415,154.7726264133966,0.1229778907256011,254.15037262207383,0.1202548829444151,204.0,0.2124768273043961,137.0,154.75,172.5,272.5,254.25,236.5,True,,234.08333333333334,265.02777777777777,172,99.5,844.268877,555.41468,155.18923529411762,12.607316176470588,193.12800000000001,660.8804170000001,573.35439,656.977915,562.09836,15.172126822969874
US-Rpf,2024,NIRv,30,15,13.0,48,0,0.0706854289439901,double_logistic,0.8711094413560762,0.0332778830372104,0.9373548380862168,0.0718043922592719,0.2791304743358991,145.38028703399834,0.1686176408757924,247.20795642779683,0.2441907911306513,204.75,0.2073102553969879,132.5,145.5,158.5,256.25,247.25,238.25,True,,234.08333333333334,265.02777777777777,173,101.75,704.015462,414.3570000000001,174.7244435483871,12.902443548387097,223.73160000000001,489.442202,439.10659000000004,496.59965399999993,427.71487,14.96737045054124
US-Rwf,2014,NDVI,15,6,10.0,10,6,0.2705775711769427,double_logistic,0.9979134495412744,0.0026665735185318,0.9989657707496392,0.2706785972944134,0.4379322006820398,117.97183932397496,0.1212852792100484,184.0426834787292,0.090388814954309,147.75,0.1567927480353324,99.5,117.25,132.5,209.25,185.5,165.25,True,,173.025,235.75,172,68.25,458.19116,200.41341500000004,282.3143818181818,12.5488,259.96072,205.08434,,256.18621399999995,13.75586,15.164477745713045
US-Rwf,2015,NDVI,12,6,9.0,13,14,0.2705775711769427,double_logistic,0.935465728723986,0.0155575518618386,0.967966570185372,0.2691704771014815,0.5929457036495013,138.83520873805273,0.0486099505061628,179.44061583977012,0.0583505498577371,157.5,0.1602486790241868,79.5,119.0,143.25,225.5,192.75,171.5,True,,173.025,235.75,172,73.75,632.61920349,464.2917799999999,256.63377397260274,12.161527397260274,342.03018348999996,299.72516999999993,,326.57041000000004,17.969520000000003,15.193439842514723
US-Rwf,2016,NDVI,32,17,26.0,22,0,0.2705775711769427,double_logistic,0.9876706912267488,0.0070374192669904,0.9939420870907748,0.2714484893226185,0.5021565955552626,122.36401462384154,0.1370471402415334,182.0221666420861,0.0609321177293016,145.5,0.1989217057497179,106.0,121.25,133.75,221.0,186.75,161.25,True,,173.025,235.75,173,65.5,553.7117522000001,309.925437,284.26327586206895,13.473543103448277,325.5690022,235.4072,,276.08880000000005,7.26445,15.123259496012514
US-Rwf,2017,NDVI,42,27,37.0,21,0,0.2705775711769427,double_logistic,0.9604015218181032,0.0126590038714883,0.9806740799824568,0.2749654293276049,0.6551326066310428,139.93957336711935,0.0735117989980951,180.05853269269173,0.0483368124153697,162.0,0.2054335080958048,107.25,132.25,150.0,239.25,199.5,175.75,True,,173.025,235.75,172,67.25,645.47616,415.65982,275.8578636363636,14.579969696969696,289.558783,365.51038700000004,36.61909,359.30451700000003,18.31954,15.188053532981213
US-Rwf,2018,NDVI,57,34,50.0,23,3,0.2705775711769427,double_logistic,0.8390643865440282,0.0282355270044365,0.9189350723742952,0.2723482811086586,0.495677609522314,126.6522773786095,0.1293834101605423,187.96941398874807,0.0681686696841649,151.5,0.1975459837442588,109.25,125.5,139.0,222.25,191.5,167.75,True,,173.025,235.75,172,66.0,682.7460639999999,474.27986999999996,282.4777699115044,14.33795575221239,346.5963239999999,345.64366,,384.27619999999996,18.6757,15.18130403611557
US-Rwf,2019,NDVI,55,31,44.0,33,0,0.2705775711769427,double_logistic,0.9782501545425636,0.0094724607651324,0.989145002998128,0.2702207891571638,0.550562868937466,134.8762328716535,0.0879487529804278,188.15559522653808,0.0384882882534288,160.75,0.1818095681609823,111.75,131.5,148.0,257.5,207.25,176.75,True,,173.025,235.75,172,75.75,668.151391,469.5575,270.96330821917803,14.033054794520549,244.344756,429.570985,38.3888,383.99115000000006,13.282340000000001,15.183833822144981
US-Rwf,2020,NDVI,53,34,43.0,42,0,0.2705775711769427,double_logistic,0.9849923943564854,0.0068665125659165,0.9925146840181516,0.2705276205708058,0.4965178645047876,135.66260717287687,0.0892261617386698,196.80945057937356,0.0570887021195313,163.25,0.1792275022840049,109.25,132.25,149.75,239.75,204.25,179.25,True,,173.025,235.75,173,72.0,726.76241,533.71571,269.4923769230769,13.88133076923077,324.12442,413.88219000000004,73.43444,399.87077000000005,11.2442,15.168397837442548
US-Rwf,2021,NDVI,71,38,50.0,34,0,0.2705775711769427,double_logistic,0.8985233265068262,0.0109221407715638,0.9512827269587746,0.2741303318805891,0.4395684252178688,151.98434041889476,0.1609324235085273,181.3526388665649,0.060419049253897,166.75,0.1029511343336037,141.0,150.75,159.75,226.25,194.5,176.0,True,,173.025,235.75,172,43.75,506.28443000000004,353.3757099999999,293.19362790697676,18.601558139534884,197.12761,317.49606,39.9985,343.26301,15.17305,15.187103727038176
US-Rwf,2022,NDVI,63,39,56.0,48,0,0.2705775711769427,double_logistic,0.938337185290166,0.0165557727660753,0.9691769485378032,0.2723221532364945,0.6453611616045439,138.85274108163074,0.0762860481567471,180.1733669741689,0.0370868718361691,164.0,0.1930750165025017,114.25,134.25,151.5,258.75,208.0,179.25,True,,173.025,235.75,172,73.75,843.314336,574.42706,263.63087500000006,15.019513888888891,300.514456,552.89778,77.32122000000001,469.68300999999997,19.815959999999997,15.168397837442548
US-Rwf,2023,NDVI,64,42,56.0,43,0,0.2705775711769427,double_logistic,0.9064827325101164,0.018299847975984,0.9542131867486532,0.2837511073475205,0.6679018089404803,141.18132933177964,0.0990099840744243,173.9999957062925,0.0353158615456653,164.0,0.1893213639881589,128.25,140.5,153.5,258.0,205.5,177.5,True,,173.025,235.75,172,65.0,760.128821,565.56586,267.60512307692306,15.713807692307693,329.57694,439.825481,44.475860000000004,361.525771,17.826810000000002,15.179934373428534
US-Rwf,2014,NIRv,15,6,10.0,10,6,0.0406270610622913,double_logistic,0.995601501074155,0.0012312822005277,0.9978537042207862,0.0402384896350169,0.1219494696704167,121.58979940472744,0.0892654773334961,176.2004619609121,0.0374718484841389,147.75,0.053570025375283,99.25,118.5,135.0,247.25,195.25,164.25,True,,177.875,266.125,172,76.75,532.2042540000001,254.06285400000004,271.67938513513513,13.663121621621622,259.96072,279.097434,,300.150382,41.8343,15.155810574382535
US-Rwf,2015,NIRv,12,6,9.0,13,14,0.0406270610622913,double_logistic,0.9677736967713046,0.0035060213369816,0.9839183689493972,0.0405856809707031,0.1497673461547596,131.6402394676721,0.0495330083047425,182.02758565919905,0.037609184188512,159.75,0.0544793996461291,79.75,117.5,143.0,259.5,208.5,177.5,True,,177.875,266.125,172,91.0,692.4832412899999,517.2183719999999,253.42076666666668,12.909894444444443,342.03018348999996,359.5892078,51.42202,367.6940568,51.42202,15.179934373428534
US-Rwf,2016,NIRv,32,17,25.0,22,0,0.0406270610622913,double_logistic,0.9822826064383724,0.0025591118506472,0.9913271168346908,0.0423511205184598,0.1581158941071366,122.60022353912696,0.0811260939891471,167.67423143660628,0.0328737587847169,149.25,0.0629456366336396,102.0,120.0,136.5,254.75,197.5,165.5,True,,177.875,266.125,173,77.5,611.1092378,366.573797,275.07860784313726,13.904503267973856,326.85300359999997,291.5206842,,295.4782009,36.18932,15.166472333950571
US-Rwf,2017,NIRv,42,27,36.0,21,0,0.0406270610622913,double_logistic,0.9720096494351096,0.0037511929119579,0.986512156094002,0.0420179057346594,0.1851123330436886,138.86598720784292,0.0698746908780195,180.55036835049827,0.0361445609047568,165.0,0.071293440101812,111.0,133.25,151.75,262.25,210.25,180.75,True,,177.875,266.125,172,77.0,671.146992,450.85528,267.3250592105263,15.255322368421053,287.515824,393.22417800000005,82.05816,393.5619975,53.50875,15.155810574382535
US-Rwf,2018,NIRv,57,34,48.0,23,3,0.0406270610622913,double_logistic,0.967226253792483,0.0040386212089999,0.9838924279256828,0.0411212958687639,0.1621270902560791,129.5261846753402,0.0825517071074676,173.81754273660056,0.0333775785772433,155.75,0.0657544996700333,109.5,127.0,143.0,259.5,203.25,171.5,True,,177.875,266.125,172,76.25,776.436437,545.15187,270.54916,14.870033333333334,346.5963239999999,439.334033,,451.577393,57.051179999999995,15.193439842514723
US-Rwf,2019,NIRv,56,32,41.0,33,0,0.0406270610622913,double_logistic,0.9545311001782788,0.0046467317410529,0.9777110466608062,0.0406625168885079,0.1459526049572935,137.71949790986827,0.0690013848575486,192.15149169296572,0.0317197345093622,167.75,0.0602842363364883,109.75,133.0,152.75,280.5,220.5,186.0,True,,177.875,266.125,172,87.5,691.9910359999999,509.28184999999996,256.03516374269003,12.942625730994152,246.06902899999997,451.686357,116.50869,440.21760299999994,46.640660000000004,15.092506218861027
US-Rwf,2020,NIRv,53,34,43.0,42,0,0.0406270610622913,double_logistic,0.9842079128310668,0.0023015121503634,0.9921357033155532,0.040603028280734,0.1502717533857932,136.53410758257013,0.0730548126709079,184.0537798630979,0.0346172366269509,164.0,0.0601402997572689,110.25,132.0,150.25,266.5,211.75,180.25,True,,177.875,266.125,173,79.75,796.765488,603.6026099999999,262.3281987179487,14.564307692307693,322.70988000000006,485.299808,80.60050000000001,485.299808,51.23064,15.160281714251388
US-Rwf,2021,NIRv,71,38,49.0,34,0,0.0406270610622913,double_logistic,0.9378720868767956,0.0034019324150512,0.9688310246669498,0.0417607423670598,0.1148667066538404,147.39678449214023,0.0850391530405302,184.8654201446047,0.0398937396899364,170.5,0.0377602731965028,126.0,143.75,159.0,258.0,210.75,184.25,True,,177.875,266.125,172,67.0,629.6655470000001,457.70417,277.2586165413534,17.036052631578944,246.38063,391.62415699999997,105.27579999999999,403.927397,49.18366,15.116890168007213
US-Rwf,2022,NIRv,63,39,55.0,48,0,0.0406270610622913,double_logistic,0.9460030327647966,0.0049187163712478,0.9733879393626318,0.0423496253946664,0.165956281031837,137.2517336987232,0.0650543502007132,182.63313876724075,0.0287259534664722,168.0,0.0598746521750752,112.5,133.5,153.0,286.25,221.75,186.0,True,,177.875,266.125,172,88.25,901.0884859999999,633.55126,251.33998275862072,14.567362068965515,303.75095600000003,607.4354300000001,143.423,572.44237,59.32829,15.092506218861027
US-Rwf,2023,NIRv,64,42,56.0,43,0,0.0406270610622913,double_logistic,0.9419187201031212,0.0051660930911353,0.9709555488723004,0.0409370516325483,0.1425174668594225,138.34596299235764,0.1026468823585343,196.0456451230828,0.0293826960330978,164.75,0.0662895225711653,123.0,137.5,152.25,286.75,220.75,182.75,True,,177.875,266.125,172,83.25,835.0530569999999,629.7817,246.4331036585366,14.355024390243903,341.50829999999996,502.81835699999993,79.81602999999998,457.08334100000013,44.475860000000004,15.135193367504085
US-Rws,2014,NDVI,16,8,12.0,5,10,0.2512482497057342,double_logistic,0.8513106759175315,0.0074607789569869,0.9288797007310904,0.2520327789898187,0.3128427978317741,69.19867250110798,0.1313500058230726,140.9463054854232,0.4374789753066947,122.25,0.0607357874372357,52.5,69.25,86.0,146.0,141.0,136.0,True,,129.375,161.1875,172,71.75,,,209.8957340425532,8.47295744680851,,,,,,14.506999678650178
US-Rws,2015,NDVI,17,8,13.0,9,10,0.2512482497057342,double_logistic,0.9536780152145898,0.0063555790342038,0.9774927661118396,0.2522217806158593,0.3351148147581496,67.3350508517371,0.0741210951596023,142.2130891806985,0.1127031747393503,110.0,0.077386886132833,36.75,65.75,90.25,162.5,143.5,126.75,True,,129.375,161.1875,172,77.75,218.587309,182.25182299999997,206.89892857142857,9.192492063492065,229.126937,,,,,14.156407252332118
US-Rws,2017,NDVI,48,31,46.0,14,5,0.2512482497057342,double_logistic,0.8915191991174274,0.009092853294177,0.9456080834689792,0.2513479906623377,0.3525988015168263,99.19575949868334,0.3328398551915593,146.48156056348753,0.0897791775389795,112.5,0.0954818682207032,92.75,99.25,105.0,171.75,148.0,127.5,True,,129.375,161.1875,172,48.75,256.4031582,176.18453,241.91055696202534,11.457101265822786,259.18775819999996,,,,,14.186649928546576
US-Rws,2020,NDVI,76,46,63.0,8,0,0.2512482497057342,double_logistic,0.828322387393401,0.0067955348709301,0.9114183277548374,0.2511699586640381,0.3248731683768631,98.13216679094204,0.1133664944271155,137.6568129105882,0.093145612467632,117.25,0.0565494500676632,76.75,94.75,108.0,164.5,142.5,127.25,True,,129.375,161.1875,173,47.75,262.883238,161.446603,232.10443181818184,9.741727272727273,287.516358,,,,,14.176601480956233
US-Rws,2014,NIRv,16,8,12.0,5,10,0.0337707028063341,double_logistic,0.9681354792117698,0.0013396833045868,0.98526042294746,0.034268911478099,0.0590687213940085,74.01973956782311,0.1420828498152362,164.79195444825186,0.0580020201991502,105.0,0.023749728798032,58.5,73.75,87.75,203.75,166.5,133.25,True,,146.35,233.725,172,92.75,,,246.19136551724137,12.693972413793105,,,,,,14.40816447249842
US-Rws,2015,NIRv,17,8,13.0,9,10,0.0337707028063341,double_logistic,0.8982209967782206,0.0034441258666818,0.9503308059186076,0.0363262448357425,0.0985664026708684,86.99001172440478,0.0636714582964994,130.5073142590687,0.0323628331130849,115.5,0.0298183843687326,58.0,81.25,101.0,223.0,165.25,132.75,True,,146.35,233.725,172,84.0,252.43598,255.151641,247.18543975903611,14.585969879518073,213.901226,39.696023999999994,,47.02395699999999,,14.389674966247306
US-Rws,2016,NIRv,38,19,32.0,14,0,0.0337707028063341,double_logistic,0.8523876294237641,0.0042514411702035,0.9262068251133898,0.0345024461341512,0.0838196874420361,82.00304493332179,0.0595596357216442,148.19516621885077,0.0392998739297803,114.5,0.0327338226039574,41.25,74.25,97.75,215.5,165.25,133.5,True,,146.35,233.725,173,91.0,357.97517200000004,263.75305699999996,242.87967816091952,13.058247126436783,306.70408,53.258542,,68.515878,,14.417350699918117
US-Rws,2017,NIRv,48,31,45.0,14,5,0.0337707028063341,double_logistic,0.9259751840694376,0.0026625252187821,0.9632084765422756,0.0335915935536964,0.0714833858152579,87.47812017724189,0.0901050565123538,186.21026004762064,0.0295023434630453,123.0,0.031325978110148,64.25,86.0,105.0,268.0,198.25,149.5,True,,146.35,233.725,172,112.25,414.35782859999995,334.1595763,242.13453921568626,16.137186274509805,309.0329922,108.10943639999999,,78.36462440000001,,14.91091338425581
US-Rws,2018,NIRv,67,38,60.0,13,3,0.0337707028063341,double_logistic,0.957199800856251,0.0017524376141269,0.9789674310546918,0.0340091436794406,0.0596289058822591,79.55841515381017,0.1273149300941029,172.16751272424807,0.0534090032397075,112.0,0.0242238694356357,62.25,79.0,94.25,214.5,174.25,139.5,True,,146.35,233.725,172,95.25,263.361668,225.19093199999998,252.20326315789475,13.732151315789475,215.393337,49.526791,,57.865272999999995,,14.625348972243453
US-Rws,2019,NIRv,69,34,54.0,11,0,0.0337707028063341,double_logistic,0.9269271697616132,0.0030849045897637,0.96389105172207,0.0342522698589894,0.0692751546603702,104.1539103069598,0.2576902527084301,181.02687550257863,0.0375301451887897,121.0,0.0312417489399347,97.0,104.25,111.75,243.0,187.0,143.75,True,,146.35,233.725,172,82.75,258.9767471,229.78018300000002,271.03286394557824,16.119537414965986,203.90734999999998,56.98935710000001,,54.8893655,,14.756800402061964
US-Rws,2020,NIRv,76,46,61.0,8,0,0.0337707028063341,double_logistic,0.961160637522134,0.0016645392827691,0.9806110033525928,0.0332683843558723,0.0659997998137069,89.8620269958501,0.0779633408586714,177.43324493190087,0.0367645271874761,126.0,0.0265933298550562,61.0,87.0,108.0,243.5,187.75,149.0,True,,146.35,233.725,173,100.75,460.03071750000004,320.00222399999996,248.4613825136612,14.079371584699457,299.5891225,164.322385,,149.79611400000002,,14.89866849015323
US-Rws,2021,NIRv,91,39,60.0,7,0,0.0337707028063341,double_logistic,0.8804802772871101,0.0015776546586588,0.9397183808037316,0.0337331831484776,0.0481296221432151,106.38927390223763,0.0599669983143255,183.24265307719463,0.0646384556451286,145.5,0.0119830732255842,66.5,101.25,127.0,220.25,188.25,163.75,True,,146.35,233.725,172,87.0,337.421891,230.58534200000003,268.5480714285714,15.33655194805195,266.32508,73.213111,,90.76833099999998,,15.156542968400078
US-Rws,2022,NIRv,78,41,59.0,28,3,0.0337707028063341,double_logistic,0.8458923259067015,0.0025495533484117,0.9221164057643916,0.0340759819985017,0.0745717371419119,103.05649017726532,0.0594639727304504,165.764978683081,0.0280433073685439,137.5,0.0232510022558096,69.75,97.5,120.25,265.75,197.75,158.25,True,,146.35,233.725,172,100.25,431.0986971,326.51037800000006,248.58986734693877,15.532520408163265,266.09562700000004,167.9485601,,120.04387709999999,,15.086411723004158
US-Rws,2023,NIRv,79,47,64.0,12,0,0.0337707028063341,double_logistic,0.8575799563365973,0.0038864888494909,0.9281486301041442,0.036940676957585,0.0741637557742767,122.18939262802336,0.1796833207485335,187.202761620019,0.0449771727627286,142.25,0.0318850173463125,111.0,121.75,131.75,240.0,193.75,160.25,True,,146.35,233.725,172,72.0,417.223172,271.70399,271.9399,18.1629,250.76741,170.11053199999998,,159.425388,,15.11565244063181
US-SRG,2013,NDVI,22,15,11.0,0,13,0.1760454301207434,double_logistic,0.951568440419813,0.015703687001119,0.97566040123652,0.2008952601198533,0.6910692154016577,230.34276685275543,0.0860127285597819,259.24802793950266,0.0675588643463527,246.25,0.2468163726868529,200.0,222.0,236.75,302.25,273.75,256.5,True,,258.84375,336.34375,172,51.75,192.0663998,160.01183999999998,228.64653398058252,23.404563106796118,,209.4158928,178.03323200000003,199.72862143999998,185.16855200000003,12.241363690001815
US-SRG,2014,NDVI,31,12,12.0,0,3,0.1760454301207434,double_logistic,0.938940476143573,0.0179371131156697,0.9690156471347104,0.217876624788934,0.4069686703813306,195.36802989048576,0.4110454578121533,309.0026669145687,0.0777493013879799,216.75,0.1889182445368123,190.25,195.5,200.75,337.5,309.25,281.0,True,,258.84375,336.34375,172,113.75,350.0599278000001,321.707747,214.5851768707483,21.36523809523809,,350.55099959999995,303.34435240000005,350.4580291,256.1506728,11.429985103961267
US-SRG,2015,NDVI,28,12,8.0,0,4,0.1760454301207434,double_logistic,0.910724788802622,0.0281605351300681,0.954586773863039,0.2018360003738871,0.8197638231834596,239.9999999985533,0.0218215625481672,303.53996714544,0.0417930883797032,261.0,0.2892112831159019,102.25,187.75,235.75,348.75,313.0,283.0,True,,258.84375,336.34375,172,125.25,541.2420782000002,490.52566,242.22194715447154,21.017723577235774,72.83830499999999,468.6419102,390.15093390000004,466.33487590000004,321.9817279,11.365338490335576
US-SRG,2016,NDVI,46,20,13.0,0,0,0.1760454301207434,double_logistic,0.9314988687236756,0.0306958853611097,0.9651499240256324,0.2055445684044108,0.9435537215788978,215.2168570303023,0.0442346386476465,262.1952674041184,0.0418879644041329,239.5,0.3443802205966259,151.5,195.0,222.5,331.25,285.25,256.75,True,,258.84375,336.34375,173,90.25,476.3357196,515.675938,246.95392222222222,23.531577777777773,10.3039876,465.44375,340.82981400000006,466.1402672,347.69322400000004,12.233065625341787
US-SRG,2017,NDVI,46,22,22.0,1,3,0.1760454301207434,double_logistic,0.973422355519834,0.0147512261951495,0.9867733935314132,0.1989875772413229,0.5976545472178618,201.72448036883543,0.17880070481072,247.1402733294449,0.0396331288615779,219.0,0.2828721494584403,193.25,201.75,210.75,312.25,262.25,232.5,True,,258.84375,336.34375,172,60.5,238.59707160000005,215.51294600000003,235.56236134453778,23.805042016806727,,242.55438960000004,134.11096630000003,250.4510406,202.59071630000003,13.010194522081216
US-SRG,2019,NDVI,61,24,20.0,2,0,0.1760454301207434,double_logistic,0.8278887445496234,0.0333982743818235,0.9099217775284368,0.2521360778807277,0.4941999846490194,214.130851094782,0.4894224470999375,294.16936478654304,0.0382875064940836,225.0,0.2248862483726724,210.5,214.25,218.5,353.75,298.0,251.75,True,,258.84375,336.34375,172,83.75,357.85446171999996,287.60145800000004,208.72351748251748,20.14168531468531,,401.11509894000005,229.69451722000002,391.39320124000005,248.23272722000002,12.398400625725058
US-SRG,2021,NDVI,74,30,26.0,0,0,0.1760454301207434,double_logistic,0.990440674925492,0.0153964114219052,0.9952114994302496,0.1838932167324862,0.8444537569443672,205.26334472138143,0.1079523492958598,264.6030968278933,0.0320852982875522,230.75,0.4542359093555921,189.25,204.25,218.5,346.0,284.75,248.25,True,,258.84375,336.34375,172,80.5,494.8241207,406.61676199999994,220.8477898089172,21.43596815286624,,503.1744747,342.202744,499.689488,387.50751399999996,12.513092703799433
US-SRG,2022,NDVI,102,40,36.0,0,0,0.1760454301207434,double_logistic,0.9616614243194682,0.0269608931374764,0.9807594511424942,0.200910835052144,0.6421945529521732,198.01939861876787,0.1010959861123557,298.33987510069244,0.0382560508912554,233.25,0.3953178754555108,176.25,197.0,215.0,359.0,304.0,261.0,True,,258.84375,336.34375,172,107.0,639.8777832,641.0443480000001,211.55908196721307,19.67738797814208,,643.7259521999999,440.7574818,634.2545238,423.60750179999997,12.091674632211529
US-SRG,2013,NIRv,22,15,11.0,0,13,0.0405273144154557,double_logistic,0.900165705704489,0.00597870809384,0.9488599676555604,0.0575168154399208,0.1922981292227801,232.7239484397448,0.0913331166050136,257.1954399027196,0.094224596020938,244.75,0.0692213248874986,202.0,223.25,236.75,286.75,266.25,253.0,True,,249.5,331.21875,172,43.0,186.700146,151.05501900000002,231.73689411764695,24.287058823529414,,205.71500999999998,166.28231200000002,205.82730143999999,156.357592,12.357207505233205
US-SRG,2014,NIRv,31,12,12.0,0,3,0.0405273144154557,double_logistic,0.8096379633840111,0.0082901279066504,0.9007327999168624,0.0573974718718508,0.1261183055984596,196.36405056777653,0.4037269042019812,272.13780213021,0.0459287491409787,209.25,0.0647209190969794,191.5,196.5,201.5,321.5,274.75,235.0,True,,249.5,331.21875,172,78.25,346.086205,311.54720000000003,222.03173846153848,22.313084615384614,,346.92607780000003,194.64455379999998,349.48916679999996,231.58836679999996,12.934055480286888
US-SRG,2015,NIRv,28,12,9.0,0,4,0.0405273144154557,double_logistic,0.9266162017338416,0.0079048397528746,0.9630662519249972,0.0423338978459655,0.2334736088673063,229.38250581867825,0.0240794224373823,293.5299842745041,0.0386933650389914,253.25,0.0890707854757987,104.75,183.25,228.5,351.25,308.0,275.75,True,,249.5,331.21875,172,124.75,538.8468512670001,488.403429,240.60046558704454,20.803692307692305,70.56159299999999,468.523395267,372.0119639,464.1504959,292.02702790000006,11.601599374274944
US-SRG,2016,NIRv,46,20,13.0,0,0,0.0405273144154557,double_logistic,0.9202252312915966,0.0097110860373569,0.959369675292526,0.0487957093533609,0.2736838746821598,214.2087882855228,0.0372343949869944,261.7615168214164,0.04240540252039,235.75,0.0992308101580433,134.5,186.25,217.5,327.25,282.5,254.0,True,,249.5,331.21875,173,96.25,492.98080859999993,526.272473,258.35846113989635,23.487502590673575,28.631462600000003,463.76136399999996,333.64749400000005,465.44375,323.396893,12.32417904864528
US-SRG,2017,NIRv,46,22,22.0,1,3,0.0405273144154557,double_logistic,0.9731923370686336,0.0059572239221153,0.9866688563738714,0.0461449957281686,0.2076781799728854,198.87293584993256,0.1761724515111717,247.52066066327143,0.0325902834664346,217.25,0.1115587562817779,191.25,199.5,208.25,327.5,267.25,232.0,True,,249.5,331.21875,172,67.75,242.8199576,230.431129,228.58409558823527,23.304029411764706,,248.2360276,134.11096630000003,249.5102066,188.1256263,13.02526422753087
US-SRG,2018,NIRv,62,23,22.0,0,0,0.0405273144154557,double_logistic,0.8284188270037072,0.0108162364756289,0.9104588716050752,0.0621497965906365,0.1566642648839167,183.9469438138925,0.0905594417164609,267.97505841877813,0.0310529395802,216.25,0.0739075287517475,161.25,182.0,200.25,347.5,282.25,239.25,True,,249.5,331.21875,172,100.25,502.195425,403.33031700000004,228.4333870967742,21.256806451612906,11.191892000000001,494.312043,298.1568659999999,484.25215199999997,315.368846,12.801886313093279
US-SRG,2021,NIRv,74,30,26.0,0,0,0.0405273144154557,double_logistic,0.9826767140464492,0.0064613703035806,0.9913740032586116,0.0435494951086523,0.2466283718263543,205.9937124219269,0.1212651965405834,261.9650648577397,0.036163347186155,229.25,0.1440354796304444,191.25,205.0,218.0,333.25,278.75,245.25,True,,249.5,331.21875,172,73.75,485.46107300000006,390.04882,226.11248591549298,21.985309859154928,,497.80419699999993,328.24260400000003,496.55065599999995,347.202434,12.610473193631602
US-SRG,2022,NIRv,102,40,35.0,0,0,0.0405273144154557,double_logistic,0.932175876151816,0.0101997973497335,0.9654936623883336,0.0485470867546447,0.1795947698080542,195.46922027974847,0.069799367371108,292.7906495085838,0.0386292351390985,236.5,0.1105998926046587,162.5,192.25,216.25,354.75,301.0,261.75,True,,249.5,331.21875,172,108.75,649.0251585999999,659.549532,217.82631770833333,20.491874999999997,7.124825,642.7586535999999,440.7574818,629.2517908,384.5747018,12.066679515866447
US-SRM,2014,NDVI,14,6,6.0,0,21,0.186087852038158,double_logistic,0.8810820282412076,0.0149519631521723,0.9400010829483602,0.2038976556498416,0.3137597492877091,195.4058748586185,0.3757248731994672,321.7219218602323,0.0615054483511263,217.25,0.1096545076457296,189.75,195.5,201.25,357.5,322.0,286.5,True,,257.55,347.35,172,126.5,230.20573036,205.191732,209.78888690476188,21.26829166666667,,227.28559552999997,192.61898217,227.19701299999997,142.04211017,11.252481837105137
US-SRM,2016,NDVI,38,17,10.0,0,4,0.186087852038158,double_logistic,0.9257148188562744,0.0233140075432877,0.9621685922593564,0.2229594947208653,0.7451971633493081,214.9159364623137,0.0443587109431403,261.5830203717273,0.0395824973956916,240.0,0.2371491548359967,152.5,195.25,222.75,336.0,287.25,257.75,True,,257.55,347.35,173,92.0,357.84684254,316.27180599999997,248.04552717391306,24.317260869565217,1.69257453,356.35488201000004,273.628218,357.12358221,273.628218,12.20009751319785
US-SRM,2017,NDVI,39,19,19.0,1,0,0.186087852038158,double_logistic,0.8878025573302307,0.0238592521110746,0.9440221302030972,0.2092655532174884,0.477971144870188,200.0427388020496,0.1926314388658266,256.01118166297283,0.0284034152168421,218.25,0.1923865934119531,193.5,200.75,209.25,346.25,276.75,235.0,True,,257.55,347.35,172,76.0,149.6545096,188.96229800000003,220.9526666666667,23.18976470588235,,142.91565,94.1540104,143.292133,118.53355540000001,12.935226779251144
US-SRM,2021,NDVI,62,26,19.0,0,0,0.186087852038158,double_logistic,0.9716790930025818,0.0217917476670223,0.985761286839686,0.2016321408510375,0.8535798298312921,215.40261498725167,0.0983603111754233,260.1106249513208,0.0317128950675995,240.25,0.3732883137632347,200.75,214.5,228.5,348.5,289.0,256.0,True,,257.55,347.35,172,74.5,411.3149944,257.756143,218.82439189189188,21.518283783783783,,402.8856778,290.9586824,402.2023378,295.1800824,12.258273547640062
US-SRM,2022,NDVI,82,30,24.0,0,0,0.186087852038158,double_logistic,0.9474219970435592,0.0248852369933247,0.973490297640034,0.2195538706712274,0.7146536322954944,208.29676674793643,0.0954586869048949,265.29778335447435,0.0320053309206117,235.0,0.3230861930200897,190.0,206.75,222.25,348.5,288.0,252.5,True,,257.55,347.35,172,81.25,447.2411914999999,360.956746,213.3272955974843,20.59834591194969,,473.9482356,303.5864287,473.54519159999995,322.4700087,12.374164319100933
US-SRM,2014,NIRv,14,6,5.0,0,21,0.0420367307464822,double_logistic,0.833451643456516,0.0051774446476326,0.914742033908097,0.0372303493462108,0.1028458241496122,183.2860478677985,0.0159231401085305,307.64764877953263,0.0393594869847798,247.5,0.0426344915053872,16.0,137.75,210.5,357.5,314.25,277.5,True,,259.92857142857144,332.5,172,176.5,293.37883388,293.9254074,244.91314035087717,20.772377192982454,66.17853595,227.28559552999997,183.04492817,224.84051677000002,145.44132016999998,11.543554418487597
US-SRM,2016,NIRv,38,17,10.0,0,4,0.0420367307464822,double_logistic,0.9092371345264132,0.0092715933881779,0.953622110268726,0.047441549372421,0.2435582666535722,222.11408856692796,0.0254500093889083,276.07003581889285,0.0417888155909463,239.25,0.0844482881360214,101.0,174.75,216.5,326.5,289.0,259.75,True,,259.92857142857144,332.5,173,114.25,446.24173542999995,358.799485,272.6826283185841,23.97957522123894,90.49294653,355.9494029,281.624168,355.97977720000006,281.624168,12.13347782658886
US-SRM,2017,NIRv,39,19,19.0,1,0,0.0420367307464822,double_logistic,0.8652025067233979,0.0080258679678001,0.930396279704824,0.0529892484286939,0.1447317723374665,201.36037527386463,0.1882512081835247,245.85901947992696,0.0404549140823181,218.0,0.0654584694421895,193.25,201.5,210.0,309.5,260.5,231.25,True,,259.92857142857144,332.5,172,59.0,143.9940835,177.568811,244.09451724137935,25.02040517241379,,137.2552239,86.1712204,139.4901811,120.14736740000001,13.049080486544927
US-SRM,2019,NIRv,60,25,33.0,1,0,0.0420367307464822,double_logistic,0.9160399895416208,0.0052260191104943,0.9571218284691638,0.0446374173222866,0.0877747892707075,96.35210094230165,0.1839334443502045,332.5621899588219,0.0690413298101774,164.75,0.0431368226675795,84.5,96.5,108.5,364.5,332.75,300.75,True,,259.92857142857144,332.5,172,236.25,432.04745017,405.24856,251.26962142857144,21.378039285714287,185.237456,247.96528417000002,209.68704309999998,229.08720110000002,128.31053409999998,10.818568323151354
US-SRM,2021,NIRv,62,26,19.0,0,0,0.0420367307464822,double_logistic,0.9658373367187528,0.0084411741777321,0.9828005144087284,0.0480588821347652,0.2945636494631605,217.627202667245,0.1035464614560455,256.15275446548344,0.0397850429801413,239.5,0.1394606807279618,201.75,215.75,229.0,327.0,279.5,252.75,True,,259.92857142857144,332.5,172,63.75,402.60218399999997,243.664027,230.69980158730158,22.62134126984127,,395.32179740000004,272.0602824,397.8465684,302.7907924,12.365911012868182
US-SRM,2022,NIRv,82,30,24.0,0,0,0.0420367307464822,double_logistic,0.9355802265539056,0.0082749838709541,0.9672931211319312,0.0513696332313698,0.2823518583378094,216.57603449243405,0.068871130324598,248.92984831636952,0.0492674969161628,236.25,0.1030708330697068,181.0,206.5,224.5,310.5,272.0,249.25,True,,259.92857142857144,332.5,172,65.5,434.72796560000006,355.425204,234.0771307692308,23.726853846153848,,442.3472587,293.8327487,463.2496637,331.5145187,12.481031489554693
US-SRM,2025,NIRv,87,39,33.0,0,0,0.0420367307464822,double_logistic,0.9366574014195996,0.0019233572569116,0.9679505385024958,0.0441568295449422,0.0669717389468077,178.24906903284284,0.0747876293595604,280.5512493648527,0.0451244581056963,221.5,0.0204655576395976,147.75,176.0,199.75,332.0,285.25,248.25,True,,259.92857142857144,332.5,172,109.25,85.89936700999999,158.031807,260.14634594594594,25.332005405405408,-9.80868799,95.831688,46.869216200000004,95.831688,58.5879022,12.513733869162742
US-Seg,2013,NDVI,21,12,10.0,4,15,0.1652253146096838,double_logistic,0.9330810514879916,0.0124322766249276,0.9689977112149606,0.1669065733939909,0.3001404877005394,212.0477728139558,0.3219358571383021,296.08360650401204,0.08112735329275,232.5,0.1322881983484971,205.25,212.25,218.75,323.5,296.5,270.0,True,,254.6818181818182,304.1136363636364,172,84.25,227.7392687,143.56499100000002,231.25327966101696,17.598966101694913,,242.01288239899998,193.149779699,237.58191869900003,149.13930969900002,11.770367272288667
US-Seg,2014,NDVI,25,8,5.0,1,7,0.1652253146096838,double_logistic,0.9850577451017154,0.0054781070431213,0.9926476797262797,0.1652342453329494,0.2753177386447611,224.70494997114832,0.29868331165673,304.0765051105537,0.1032937335604486,247.75,0.1096444746144521,217.5,224.75,232.0,325.5,304.25,283.25,True,,254.6818181818182,304.1136363636364,172,79.5,182.03497799999997,133.199327,213.7543055555556,15.923453703703704,,189.50086742,157.66293942,180.67193142000002,102.93838341999998,11.29081582324149
US-Seg,2016,NDVI,49,24,18.0,2,0,0.1652253146096838,double_logistic,0.9117403959755414,0.0066537307800083,0.955731795314086,0.1691643125273398,0.2710083859636944,228.4945789242494,0.2186231383545553,259.7925092241292,0.1020298420297004,241.25,0.0825985087775345,218.25,227.5,235.0,283.75,263.75,249.75,True,,254.6818181818182,304.1136363636364,173,36.25,100.11929850000001,82.00908900000002,245.0367076923077,19.910230769230772,,132.66977150000002,101.748135,138.46212635,112.53395499999999,12.512001630151172
US-Seg,2017,NDVI,67,33,30.0,0,0,0.1652253146096838,double_logistic,0.8972240029177684,0.0082901035627101,0.9472213150876096,0.1651361720495775,0.2353319712082876,209.8767407274537,0.5025760736526315,301.74217634884906,0.0589455007557993,223.25,0.069430991446443,205.75,210.0,214.25,339.25,302.25,266.25,True,,254.6818181818182,304.1136363636364,172,92.25,157.06472358,123.511008,215.26969402985074,16.8099776119403,,166.56750337999998,121.7076698,155.6416519,118.1862798,11.908059192352619
US-Seg,2018,NDVI,115,47,42.0,2,0,0.1652253146096838,double_logistic,0.9361100284391624,0.0064852914868532,0.9675912292073016,0.165178547264758,0.2409317762242361,202.6628198945973,0.3976340431950064,264.8510438380327,0.0639604561506425,215.5,0.0722028203215147,197.5,202.75,207.75,300.25,266.5,237.0,True,,254.6818181818182,304.1136363636364,172,63.75,128.34599783999997,92.587635,247.20087378640778,20.420883495145638,,142.95516204,106.34590619999999,143.62588484,124.63328519999999,12.96268577104696
US-Seg,2020,NDVI,121,57,52.0,0,0,0.1652253146096838,double_logistic,0.829945211003156,0.0047785203706974,0.911891931629987,0.1651476796383294,0.1998698463079687,214.0974267974459,1.0,258.4142702603748,0.1447374644966973,221.5,0.0345357558744031,212.0,214.25,216.5,273.75,258.5,243.75,True,,254.6818181818182,304.1136363636364,173,44.25,28.94666514,36.708977000000004,238.19019354838713,22.769354838709674,,33.43473544,34.177891499999994,28.690461785999997,31.38129714,12.726927994393286
US-Seg,2021,NDVI,124,58,51.0,0,0,0.1652253146096838,double_logistic,0.8491486388705194,0.0192147943693518,0.922213123062564,0.1670896468772407,0.2807529269538301,199.6049153863358,0.4012564109646258,296.9963791242938,0.0941680165657899,221.0,0.1135534703859925,194.25,199.75,205.25,320.5,297.25,274.0,True,,254.6818181818182,304.1136363636364,172,97.5,164.50007720000005,111.34613544,239.72367460317463,18.59314285714286,,173.54034156800003,155.14664336799999,171.853514368,137.912667368,11.624129941633813
US-Seg,2022,NDVI,138,57,48.0,0,0,0.1652253146096838,double_logistic,0.8464720812283664,0.0128449835443203,0.9215904545015624,0.1659728394582089,0.4019747320760452,210.5815972840685,0.0725772281658218,244.7552496217187,0.0545597284872913,229.75,0.1167592566057849,175.5,201.0,218.5,298.5,263.25,242.0,True,,254.6818181818182,304.1136363636364,172,62.25,100.88089604000001,102.37380420000001,245.5928699186992,20.92825203252033,,101.07774604000002,94.82566630000002,101.06438934,102.63106729999998,12.78875356230094
US-Seg,2023,NDVI,135,61,34.0,1,0,0.1652253146096838,double_logistic,0.8581762504636925,0.0037960146945434,0.9271208109125588,0.1652112251711006,0.1976937002753894,239.99999999999997,0.1824809683079864,284.11355482627226,0.3079626461536022,266.5,0.0320840146537636,228.0,240.0,251.5,291.5,284.25,277.5,True,,254.6818181818182,304.1136363636364,172,44.25,58.3854252,42.376524,256.45053125000004,21.267671874999998,,65.43346500000001,57.225986999999996,69.8485662,29.825177,11.497037218048714
US-Seg,2024,NDVI,140,71,68.0,0,0,0.1652253146096838,double_logistic,0.9129577902955728,0.0040017842153153,0.9559165233054618,0.1656588259965431,0.2267943044517549,201.61303302755255,0.3970517401422238,227.5511696877432,0.0962323550154191,210.0,0.0494914383173329,197.0,201.5,205.75,253.0,231.75,217.25,True,,254.6818181818182,304.1136363636364,173,30.25,69.740653,56.583945,307.301701754386,25.065157894736846,,96.95745063,65.51802063,115.87647483,97.54969663,13.590626062463512
US-Seg,2025,NDVI,154,72,74.0,1,0,0.1652253146096838,double_logistic,0.8831566693945669,0.0089035917557574,0.9397802496802272,0.1649561648948251,0.2298672219641903,177.8725781707849,0.2782730100948662,285.2550761175626,0.044179545783318,198.5,0.0633275866066685,170.25,178.0,185.5,335.75,286.5,240.75,True,,254.6818181818182,304.1136363636364,172,108.5,149.24458844,118.03214197133099,249.64035757575758,21.049557575757575,3.97257,147.13277844,101.27140899999999,144.088219,108.28996100000002,12.832632648810808
US-Seg,2013,NIRv,21,12,10.0,4,15,0.0306497574682257,double_logistic,0.9646347742967486,0.0035244765999567,0.9825446877149304,0.0442861821871023,0.0946481311473671,210.01160394476656,0.2829529215277396,293.9267410480836,0.0855221964545605,232.75,0.0500135347628815,202.25,210.0,217.75,319.75,294.25,269.25,True,,251.27083333333334,319.0208333333333,172,84.25,231.902107,146.006103,235.0396068376068,18.074897435897444,,241.44154469899996,190.57111969899998,241.44154469899996,145.45174369900002,11.797871297842628
US-Seg,2014,NIRv,25,8,5.0,1,7,0.0306497574682257,double_logistic,0.9583409000625728,0.0028567514691413,0.9796068448453732,0.0443296537893808,0.0839447287837568,223.2391307427644,0.231305499450286,285.6892872685612,0.1289631286667087,247.25,0.039185618924844,213.75,223.25,232.5,303.0,286.0,269.5,True,,251.27083333333334,319.0208333333333,172,62.75,175.423691,131.211368,228.75927777777775,18.185611111111108,,179.57191142000002,129.48779742,187.85189742,98.52060341999999,11.788700940734378
US-Seg,2015,NIRv,28,13,12.0,5,3,0.0306497574682257,double_logistic,0.969984053569224,0.0010955803844854,0.984893247870164,0.0306016042884183,0.0456561515968817,98.22029763232574,0.0666967299312465,289.0740028516456,0.116881651568981,216.75,0.0150457901091442,65.5,98.25,131.25,308.0,289.25,270.5,True,,251.27083333333334,319.0208333333333,172,191.0,160.20918350000002,145.90601900000001,258.4570987654321,18.26196296296296,82.20783209999999,79.1640414,74.0610956,79.01126880999999,69.6838396,11.752043679284453
US-Seg,2016,NIRv,49,24,18.0,2,0,0.0306497574682257,double_logistic,0.8098693260602055,0.0047494649512439,0.9017769627015384,0.0304427943997228,0.0610053733728254,140.5935865851419,0.0238333194227897,290.18369389982155,0.0696504180440095,239.25,0.0270493865280072,42.75,131.0,198.5,321.5,292.0,266.0,True,,251.27083333333334,319.0208333333333,173,161.0,265.35271245,211.639404,258.8869892473118,17.399670250896058,126.68042969999999,139.93728275,125.67079300000002,139.63638875,106.291565,11.917250421833806
US-Seg,2017,NIRv,67,33,30.0,0,0,0.0306497574682257,double_logistic,0.816191731542196,0.0042110225228901,0.903927232164804,0.0388317927967856,0.0720364654804842,204.1268421670233,0.1166000635199952,283.9060515072034,0.0364530170635771,232.0,0.0276153962856358,186.5,203.0,218.0,349.75,293.25,253.75,True,,251.27083333333334,319.0208333333333,172,90.25,162.00926618,136.8123182,221.52129447852764,16.663496932515336,,165.72954248,117.68011879999999,163.0999939,116.41114579999999,12.366757140538777
US-Seg,2018,NIRv,115,47,39.0,2,0,0.0306497574682257,double_logistic,0.8697370835087322,0.0039164352178161,0.9330550349462332,0.0387062904653224,0.0785449444638303,197.33601051945865,0.080335481506123,251.7644943956369,0.0633427265394244,223.5,0.0298016074967049,167.0,192.25,210.5,291.5,259.5,237.75,True,,251.27083333333334,319.0208333333333,172,67.25,142.58133433999998,113.15206000000002,267.0178639999999,22.073096,1.8532440000000001,141.48384034,106.34590619999999,145.63911944,121.2531642,12.936878745455905
US-Seg,2019,NIRv,118,58,81.0,1,0,0.0306497574682257,double_logistic,0.8906507050209553,0.0019822355205903,0.9438453320222696,0.0302436685792261,0.0452291700205794,95.03910522588308,0.1204976917412018,272.39593959774254,0.0357134075080384,143.5,0.0147933681784067,77.0,95.0,112.75,334.5,273.25,214.5,True,,251.27083333333334,319.0208333333333,172,178.25,152.80231170000002,133.338536,259.467515503876,17.476232558139536,93.674379,59.4334217,22.1029574,59.7149608,37.0966804,13.667650950237181
US-Seg,2020,NIRv,121,57,49.0,0,0,0.0306497574682257,double_logistic,0.8379209844060455,0.0026541713327304,0.9163372756769804,0.0306048699894947,0.0762445263881062,203.96567229406864,0.0247278470993177,264.1192397463316,0.0338435555390021,226.0,0.0190365344489072,79.25,156.0,201.0,337.5,285.75,250.0,True,,251.27083333333334,319.0208333333333,173,129.75,91.730013016,99.296555345406,253.05154263565893,18.74990697674419,69.11743732999999,22.787235686000002,33.23684464,26.162659986,33.46496364,12.502962781951284
US-Seg,2021,NIRv,124,58,53.0,0,0,0.0306497574682257,double_logistic,0.8785224591405162,0.0060965774324775,0.9383058002283944,0.0370169432756843,0.07971595428227,196.36860139648743,0.3556886210775996,293.0684968475448,0.0672121333341487,215.75,0.0424207333418152,190.25,196.5,202.5,326.0,293.5,261.5,True,,251.27083333333334,319.0208333333333,172,97.0,170.68461279999997,117.18328168087598,237.68549264705882,18.260404411764707,,174.24752916800003,146.836418368,173.518700868,128.88157736800002,12.082749578166194
US-Seg,2022,NIRv,138,57,48.0,0,0,0.0306497574682257,double_logistic,0.8768825814195687,0.0043023179739231,0.937777202244177,0.0372190174608179,0.122560692574163,230.33243128443743,0.0319869361593337,261.84270532886086,0.0738728667633688,235.25,0.0355243694942643,132.5,189.5,220.0,279.5,264.0,248.0,True,,251.27083333333334,319.0208333333333,172,74.5,89.71560123,102.50703068219998,274.46128571428574,22.579727891156463,-6.590937630000001,96.80870586,100.1302353,99.00320953999999,101.6205873,12.575104514714141
US-Seg,2024,NIRv,140,71,65.0,0,0,0.0306497574682257,double_logistic,0.8519224129407745,0.0032459854241732,0.9242313041464888,0.0298248742163961,0.0791179111792023,188.65791207635505,0.0223858807491251,258.4960255191971,0.0331083192448011,215.0,0.0222686860897173,53.75,138.25,187.75,330.0,278.0,240.5,True,,251.27083333333334,319.0208333333333,173,139.75,111.90326589000001,135.22035180446397,277.0847545126353,19.097559566787,-6.184600400000001,118.75996528999998,87.84625163,117.43073502999998,95.08744863,12.841378613753912
US-Seg,2025,NIRv,154,72,70.0,1,0,0.0306497574682257,double_logistic,0.9417520606554692,0.0032142637033026,0.9704739686921134,0.0343016392406357,0.0733981823337309,168.54237382804396,0.0901767903583529,269.54064159767427,0.0403420004717363,206.5,0.0350120055679326,143.75,167.0,187.0,327.25,274.75,234.0,True,,251.27083333333334,319.0208333333333,172,107.75,172.17400800000001,141.038459171331,266.33446195652175,22.19174456521739,26.438195699999994,147.5965723,93.14268899999999,147.3683931,106.87545600000001,13.06478470212436
US-Ses,2013,NDVI,23,14,9.0,4,12,0.1725974233944411,double_logistic,0.8601817526806737,0.0147450014663511,0.9350146082740936,0.1736842703917446,0.2896479107625953,221.0971432366844,0.2480438122933628,292.5629762498616,0.1094304792668829,245.25,0.115023691740748,212.25,221.25,229.75,312.75,292.75,273.25,True,,247.25,294.6666666666667,172,71.5,134.502165,78.229701,237.4684,18.270260000000004,,148.36413628,116.22097128,140.30278828000002,73.98467428,11.651811262732565
US-Ses,2020,NDVI,123,59,54.0,0,0,0.1725974233944411,double_logistic,0.8213948183801417,0.003016329217283,0.9098876351235428,0.1731073257888824,0.1987483171690066,212.81811569001496,1.0,245.6418105146687,0.1109969733908591,218.25,0.0243592191307507,211.0,213.0,215.0,266.0,246.75,229.75,True,,247.25,294.6666666666667,173,33.75,39.3293399,41.33056,276.2145,22.937446428571427,,46.934499999999986,30.9480871,57.13814333999999,41.073416099999996,13.204800838316267
US-Ses,2021,NDVI,120,58,58.0,0,0,0.1725974233944411,double_logistic,0.8450912396052184,0.0084043006585735,0.9198378892331456,0.1724287977148695,0.228400139302099,192.25203411542867,1.0,269.0654002008558,0.071206843745228,199.75,0.0555410421836398,190.25,192.5,194.5,300.25,269.5,239.5,True,,247.25,294.6666666666667,172,77.0,56.02901551,72.9005458,259.5217909090909,20.011836363636366,,52.586738610000005,45.4470052,54.73730061,49.88718620000001,12.875424775822255
US-Ses,2022,NDVI,137,59,46.0,0,0,0.1725974233944411,double_logistic,0.9344894931412152,0.0078030965099485,0.9670756691851224,0.1746167047152579,0.4187068331377047,225.9408878196096,0.0967792164539314,251.81843527561173,0.0622169975365164,241.75,0.1156216861873627,202.25,220.0,233.0,300.0,269.5,251.75,True,,247.25,294.6666666666667,172,49.5,,,236.31066326530612,19.26928571428572,,,,,,12.43912044919176
US-Ses,2023,NDVI,138,64,41.0,1,0,0.1725974233944411,double_logistic,0.9028329733872682,0.004354339484207,0.9508429239269138,0.1731721011708732,0.2640110819110449,238.10169066022377,0.1336483631369154,264.7774774994855,0.0651524359007539,253.0,0.0511247647412957,223.25,235.5,245.5,308.25,279.0,262.0,True,,247.25,294.6666666666667,172,43.5,38.0451656,45.37564360000001,244.73707058823533,19.206529411764706,,28.69722084,18.441850239999997,26.243924840000002,11.12897024,12.064303532643779
US-Ses,2024,NDVI,139,69,60.0,0,0,0.1725974233944411,double_logistic,0.938405717749986,0.0062541866570249,0.969108993242528,0.1763280238156878,0.3469140284453327,200.77361979319605,0.1136328529870745,223.40059065298203,0.0534253160793303,217.25,0.0764459631534449,186.75,198.5,209.25,280.75,246.25,227.25,True,,247.25,294.6666666666667,173,47.75,104.2247139,79.39014999999999,292.9850319148937,23.354531914893617,,114.84698790000002,84.01200400000002,117.7425759,101.49743500000001,13.28559595352058
US-Ses,2013,NIRv,23,14,9.0,4,12,0.0391655185057154,double_logistic,0.8896148293797219,0.0049563019347681,0.9436404502127242,0.0387484594614719,0.0942826276168824,226.3766638585549,0.0631207192507999,288.1871994068637,0.0807934698632841,259.0,0.0444525170628802,188.0,220.25,243.75,318.0,292.5,273.5,True,,247.21428571428572,300.75,172,72.25,150.48564688000002,98.47286300000002,244.27970992366414,18.98364885496183,,150.30598028,116.22097128,143.01968928,73.98467428,11.642698954857842
US-Ses,2015,NIRv,31,14,12.0,3,3,0.0391655185057154,double_logistic,0.8538324488352665,0.0013591395081973,0.927385838622624,0.0392473660461452,0.049146815143187,171.07818368327167,0.0812400629408493,265.9965835342867,0.1144614301674588,224.75,0.0096872069075342,143.75,170.75,195.75,285.5,266.5,248.5,True,,247.21428571428572,300.75,172,95.75,71.94612402,72.8701895,277.06054225352113,22.67951408450704,17.049789,55.361468020000004,45.55689999999999,59.04094872,44.972002999999994,12.55657765561888
US-Ses,2016,NIRv,51,24,29.0,1,0,0.0391655185057154,double_logistic,0.8419936046433101,0.0024504779344887,0.9176099208828212,0.0394138094474288,0.0516851279202103,100.89110175740105,0.2088717221449046,274.0090467155398,0.1453368210380827,173.0,0.0122713097751276,90.5,101.0,111.5,289.25,274.25,259.0,True,,247.21428571428572,300.75,173,173.25,196.55540999999997,111.595959,290.3356984924623,20.788422110552766,105.255595,92.39575499999998,73.59174700000001,96.70586700000001,58.322606,12.174439300149263
US-Ses,2021,NIRv,120,58,55.0,0,0,0.0391655185057154,double_logistic,0.8860698624467032,0.0033480626450295,0.9422920203383088,0.0401719760275436,0.0728317959763298,186.4173718671244,0.1139735362650151,259.0043864753032,0.0500872476967998,214.25,0.0282082715165403,167.0,185.0,200.25,306.25,264.5,233.75,True,,247.21428571428572,300.75,172,79.5,49.31832223,85.38984171999999,262.60614999999996,20.2527,-3.1936809999999998,51.778618230000006,45.310506,52.586738610000005,49.88718620000001,13.072182924748793
US-Ses,2022,NIRv,137,59,46.0,0,0,0.0391655185057154,double_logistic,0.9200128422623682,0.0037219803853309,0.959342557254424,0.0403687022627556,0.1408833408294453,231.90681473975044,0.0579557534084619,260.2207054109191,0.0863796716498236,243.0,0.0473541986281098,180.5,213.25,232.5,287.75,267.5,253.0,True,,247.21428571428572,300.75,172,54.25,,,260.09857009345797,21.5066261682243,,,,,,12.39370952380359
US-Ses,2024,NIRv,139,69,56.0,0,0,0.0391655185057154,double_logistic,0.8944255553877238,0.0036062386434111,0.9460082562888656,0.0425083281684336,0.1176331492323645,202.9198098511108,0.0626519411421081,233.80799928506067,0.0507156701607379,221.25,0.0310469905318048,160.5,189.75,209.0,294.25,256.75,234.25,True,,247.21428571428572,300.75,173,67.0,121.70469890000001,96.43713779999999,283.19389552238806,22.962410447761194,4.481472,117.7425759,91.798425,120.61379690000001,101.49743500000001,13.055341815700508
US-Ses,2025,NIRv,154,71,71.0,1,0,0.0391655185057154,double_logistic,0.901550394081508,0.0027194931794826,0.9495394573571048,0.0408380308119334,0.0673542022468668,151.01329297280287,0.0575718875722113,262.2421770872592,0.0381730189501125,200.25,0.0227707890861046,110.75,147.0,176.25,324.25,269.75,228.5,True,,247.21428571428572,300.75,172,122.75,44.74495589199999,88.261454893892,272.5187943925234,19.842976635514017,-12.729541,57.968475892,35.03937298,54.196650479999995,42.38564598,13.245413151939289
US-Slt,2014,NDVI,16,8,8.0,6,15,0.6500735206157392,double_logistic,0.9836242334597386,0.0102611726003849,0.9918365977060486,0.6509506244479404,0.8289810795599659,139.17074685713226,0.7336155292974845,293.5077359137278,0.3262967432801323,186.5,0.1780304551120253,136.25,139.25,142.25,300.25,293.75,287.0,True,,280.69444444444446,312.97222222222223,172,154.5,1353.7734570000002,1074.08944,202.62589634146343,19.332615853658538,317.85096999999996,1048.6029869999998,1017.87213,1061.5136431,987.9707999999999,10.969486773982288
US-Slt,2015,NDVI,16,8,8.0,9,14,0.6500735206157392,double_logistic,0.9944291308721448,0.0065213276864768,0.9972120231923992,0.6514163246352775,0.8497123816517103,133.33105438038254,0.2698379643556747,293.7211966503391,0.1971684476221102,201.75,0.1982960524720103,125.25,133.5,141.5,305.0,293.75,282.75,True,,280.69444444444446,312.97222222222223,172,160.25,1380.6173351,946.4184610000001,202.51403333333332,19.82213333333333,414.28083000000004,972.9919950999999,942.694973,972.24503551,929.291683,11.153450444660749
US-Slt,2016,NDVI,37,16,16.0,5,0,0.6500735206157392,double_logistic,0.9908906044535042,0.0091448808523473,0.99558945484331,0.6516470894313525,0.8561749023915312,145.05550910929637,0.3765425187704569,299.8020667859361,0.2238083254897022,203.5,0.2045278128143252,139.25,145.25,151.0,309.75,300.0,290.0,True,,280.69444444444446,312.97222222222223,173,154.75,1465.9635560000002,999.65485,208.08477647058822,20.331558823529413,341.98964,1133.3265860000001,1073.114846,1138.65997,1012.1213759999998,10.84165757076789
US-Slt,2017,NDVI,41,22,19.0,1,0,0.6500735206157392,double_logistic,0.9940448648993992,0.0074067372376597,0.9970320590763938,0.6518850738819826,0.857537899847873,134.069709679832,0.1633868732059487,303.6211620845356,0.1552730362411992,216.75,0.2056522613843483,120.75,134.25,147.75,318.0,303.75,289.5,True,,280.69444444444446,312.97222222222223,172,169.5,1596.489125,1060.5126653999996,191.08896464646466,18.63020707070707,380.334564,1228.686761,1144.102888,1221.4940980000001,1115.8591169999997,10.86283195007338
US-Slt,2018,NDVI,47,15,14.0,3,5,0.6500735206157392,double_logistic,0.8722377780713761,0.0333051191660791,0.9378048947554832,0.6567755937059878,0.8566436846493451,147.40211347429943,0.2503664756873969,303.81552518905323,0.1881897340204595,215.25,0.1998680710166898,138.75,147.5,156.25,315.5,304.0,292.25,True,,280.69444444444446,312.97222222222223,172,156.5,1346.8929739,1014.19295,179.7288700564972,19.78662146892655,373.55282000000005,983.2401838999999,944.65311,979.6446519000001,897.69565,10.747075240455592
US-Slt,2019,NDVI,58,20,24.0,1,0,0.6500735206157392,double_logistic,0.9525310654570688,0.0186542355976065,0.9760078277110402,0.6516050530089956,0.847657461090658,134.14294630557143,0.1577269372660197,282.1395238339309,0.0607399478101141,179.75,0.1955156300354505,120.25,134.25,148.0,318.5,282.25,246.5,True,,280.69444444444446,312.97222222222223,172,148.0,979.7948817000001,655.13831251203,184.62645454545455,19.337863636363636,334.331169,651.5757927,487.32575299999996,651.527374,598.21988,12.769970821395209
US-Slt,2020,NDVI,50,29,30.0,0,0,0.6500735206157392,double_logistic,0.9708570008919856,0.0156816556157058,0.9853606496794288,0.6551808976465031,0.857542780342412,147.56186784379963,0.2354455462096203,296.126541859632,0.0821286196144145,189.25,0.2023196441456599,138.25,147.75,157.0,323.0,296.25,269.5,True,,280.69444444444446,312.97222222222223,173,148.5,929.5949777000001,638.39428,194.29072972972975,19.575470270270273,198.98572999999996,735.8797377,639.44998,732.485891,686.5865999999999,11.741448144344414
US-Slt,2021,NDVI,53,29,26.0,6,3,0.6500735206157392,double_logistic,0.9624224847736106,0.0166176020481551,0.9814591970940044,0.6563536830518802,0.8484717974704525,133.78694184510886,0.1222877676737313,303.6287557228436,0.1272256004796336,220.25,0.1921084495893253,116.0,134.0,152.0,321.0,303.75,286.5,True,,280.69444444444446,312.97222222222223,172,169.75,1159.8524082,810.2662433,187.33606796116504,19.10280582524272,298.26115000000004,871.2996882000001,825.8171,865.9871791999999,806.7024700000001,10.99096546803033
US-Slt,2022,NDVI,82,41,46.0,3,0,0.6500735206157392,double_logistic,0.9664875907959428,0.0175152549902042,0.9834021345688446,0.6525686304664862,0.855409508173209,139.8544939838318,0.5166688301168284,293.83648300139663,0.1865733218209092,182.25,0.2028408774601557,135.75,140.0,144.25,305.75,294.0,282.25,True,,280.69444444444446,312.97222222222223,172,154.0,457.88824000000005,356.69766000000004,215.40151764705882,20.526770588235298,310.31984000000006,155.38566,155.38566,155.38566,155.38566,11.175285264689748
US-Slt,2014,NIRv,16,8,8.0,6,15,0.1145395686794637,double_logistic,0.9521542357101188,0.0131660329531352,0.975850276480436,0.1162723847705296,0.2777392773529916,137.56786335532522,0.148112579808755,265.86070305718584,0.0430153242445767,173.0,0.1577021942733756,122.75,137.5,151.5,317.75,267.0,220.0,True,,228.02777777777777,325.1111111111111,172,129.5,1401.7625961,1186.5554200000001,191.73570256410255,18.248020512820514,345.7238,1068.7192960999998,495.01362000000006,1072.8562207,551.42654,13.854409280037421
US-Slt,2015,NIRv,16,8,8.0,9,14,0.1145395686794637,double_logistic,0.9881760187334409,0.0073558459387457,0.9940850933592128,0.1144536612876947,0.273527496158885,129.01055278431332,0.2698636278331259,288.8235421503262,0.0640144073595493,164.0,0.1590073684803261,121.0,129.25,137.25,323.25,289.0,254.75,True,,228.02777777777777,325.1111111111111,172,159.75,1394.17482651,1017.4938809999999,193.25177832512318,19.04535467980296,426.42848,974.40183651,775.6566779999998,977.3604865099999,598.8964980000001,12.404160073507647
US-Slt,2016,NIRv,37,16,21.0,5,0,0.1145395686794637,double_logistic,0.9742650172165832,0.0114347685513328,0.987344731311674,0.1140691348111781,0.2849092857811572,140.23362091734234,0.2590187763689012,284.8188678969914,0.0517408975703534,169.5,0.1703163287868809,132.0,140.25,148.75,327.5,285.0,243.0,True,,228.02777777777777,325.1111111111111,173,144.75,1502.0702726,1086.7416400000002,199.16261224489799,18.94610714285714,357.14924199999996,1154.2737006,785.5172,1152.3821126,644.32587,12.922668318326
US-Slt,2017,NIRv,41,22,26.0,1,0,0.1145395686794637,double_logistic,0.984699652755412,0.0086992615119872,0.9923253622323568,0.1124897462821744,0.2978331254035688,132.17980422372227,0.1355821758514294,276.5721790789921,0.0347696352940529,169.75,0.1798029771840488,116.25,132.0,147.25,340.75,278.5,221.25,True,,228.02777777777777,325.1111111111111,172,146.5,1624.2865783,1132.4513954,182.29440178571426,17.46165625,390.636744,1246.1820343,546.35689,1234.3991433,620.94734,13.808297237493708
US-Slt,2018,NIRv,47,15,26.0,3,5,0.1145395686794637,double_logistic,0.9470799795697828,0.0172573509013194,0.9737139444926886,0.11644016158305,0.2959961141560089,131.50239487987284,0.3548118921625797,273.94993907781907,0.0398780186065452,151.5,0.1780575407709652,125.5,131.5,137.75,329.5,274.5,221.0,True,,228.02777777777777,325.1111111111111,172,143.0,1406.4465076,1103.68633,172.5943137254902,18.4054068627451,423.08687999999995,993.2596575999999,492.38148000000007,992.6411286,547.3166100000001,13.817573222242794
US-Slt,2019,NIRv,58,20,27.0,1,0,0.1145395686794637,double_logistic,0.9803071556169156,0.0088259667891494,0.9903326690119229,0.1144920366326299,0.281460862943965,131.2170505973462,0.1332070334955645,252.4159691158792,0.0347572000234797,164.75,0.1575017790652635,115.0,131.0,145.75,317.5,255.75,202.75,True,,228.02777777777777,325.1111111111111,172,124.75,982.7373467300001,664.2112365120299,184.9343103448276,19.239438423645325,337.19279673,651.65663,241.86744000000002,655.9352147,397.628583,14.407865313462244
US-Slt,2020,NIRv,50,29,32.0,0,0,0.1145395686794637,double_logistic,0.9821028734779036,0.0087490240917407,0.9911326186383048,0.1138314849342561,0.2819262548161083,140.7150559240048,0.1614941648601076,271.68898588037285,0.0432748468630209,175.0,0.1649128446162459,127.25,140.75,153.75,323.0,272.75,225.0,True,,228.02777777777777,325.1111111111111,173,132.0,955.8567977,677.02955,196.34603571428573,19.210683673469386,225.24755,735.8797377,383.76101,737.1691407,403.20520000000005,13.666118383945111
US-Slt,2021,NIRv,53,29,32.0,6,3,0.1145395686794637,double_logistic,0.9788451450181432,0.0084233738687495,0.9894835866064924,0.1155515556181703,0.267350540451177,127.72383650297468,0.1156166599278893,275.2226446016679,0.0414763816855647,173.25,0.1488386909778881,108.75,127.5,145.75,328.75,276.25,226.75,True,,228.02777777777777,325.1111111111111,172,148.75,1176.8384472,839.2259333,184.9514727272727,18.446390909090905,310.81759999999997,875.7292772000001,474.83406999999994,874.7610912,494.21592,13.597944415128717
US-Slt,2022,NIRv,82,41,49.0,3,0,0.1145395686794637,double_logistic,0.9759306112157032,0.0104693875030025,0.9879190879158604,0.1152465723334237,0.2767537113234048,137.52687797436693,0.2340495791060987,277.31198628275206,0.0544235841718731,169.0,0.1609615375031912,128.25,137.75,147.0,318.0,277.5,237.75,True,,228.02777777777777,325.1111111111111,172,139.75,475.61544,388.55695000000003,207.75827368421054,19.90721052631579,328.04704,155.38566,155.38566,155.38566,155.38566,13.147762058829908
US-Ton,2014,NDVI,32,15,26.0,0,8,0.3501405589042384,double_logistic,0.8988155388638397,0.035204472038487,0.949357192430938,0.3606278195797688,0.6946588353857578,69.19132566699028,0.1073502442682938,139.30454714505674,0.1032749943452837,103.75,0.3177660104282809,48.25,68.5,86.25,161.25,140.25,122.0,True,,,,172,71.75,623.6877810000001,473.62731,255.52321238938055,16.95508849557522,653.7458409999999,,,,,13.651452606404499
US-Ton,2013,NIRv,26,17,26.0,0,10,0.0768861266760823,double_logistic,0.9688606980355124,0.0038268555093527,0.9844885193108194,0.0799943215142317,0.2326061399526201,73.82083476086211,0.0814545153023642,113.98630004514906,0.0468420856770121,96.0,0.0851489142522175,46.5,68.0,84.5,174.5,133.5,109.5,True,,120.02272727272727,163.88636363636363,172,65.5,544.487299,446.85353,267.325046875,16.7128359375,537.721599,9.88181,,,,13.177977873111981
US-Ton,2014,NIRv,32,15,27.0,0,8,0.0768861266760823,double_logistic,0.9345183509890128,0.0071037671508787,0.9670853901524256,0.0895199325299992,0.1789575576885308,77.34588917250045,0.2211841919859153,136.82878353425556,0.0808070701339444,96.75,0.084855604066364,67.5,77.25,86.0,164.75,138.25,115.0,True,,120.02272727272727,163.88636363636363,172,61.0,596.802894,410.33438000000007,279.1352474226804,17.725402061855668,617.3799640000001,,,,,13.392085526049733
US-Ton,2015,NIRv,25,10,18.0,0,9,0.0768861266760823,double_logistic,0.8848063510496864,0.0077898443562963,0.940969768552944,0.088714636822803,0.1620899449000197,65.88442859959261,0.0398023529772272,136.55483353209672,0.0972972584409661,107.75,0.0575193583023058,4.0,55.0,89.25,159.0,139.0,122.25,True,,120.02272727272727,163.88636363636363,172,84.0,617.8644237000001,412.763005,210.86659615384613,14.563410256410256,656.9811237000001,,,,,13.660397260957387
US-Ton,2016,NIRv,42,21,33.0,0,0,0.0768861266760823,double_logistic,0.853989364841788,0.0100790444056963,0.9279341298665352,0.0962360470006566,0.1843357902854592,68.36614599181051,0.0675877456139808,137.30839250602267,0.1012028506444618,107.0,0.0781533459033603,34.0,65.25,89.5,160.25,139.25,122.25,True,,120.02272727272727,163.88636363636363,173,74.0,586.5552180999998,526.04323,228.43368503937006,15.958275590551182,627.3318781,,,,,13.660397260957387
US-Ton,2017,NIRv,37,22,34.0,0,7,0.0768861266760823,double_logistic,0.9547214587008104,0.0072566903708302,0.977123559110738,0.0885597288725094,0.3228387597130422,92.3364123932611,0.0487035034635767,129.8231951758401,0.0687812407960323,108.5,0.1170880506684264,32.5,71.75,95.25,166.0,139.5,121.0,True,,120.02272727272727,163.88636363636363,172,67.75,686.3600025000001,569.82602,229.3037313432836,15.027597014925371,700.2408324999999,,,,,13.615438564364691
US-Ton,2018,NIRv,67,37,57.0,0,3,0.0768861266760823,double_logistic,0.9453341164257356,0.0065416270718947,0.9723563151982112,0.0874026340606876,0.2277298164418072,84.73274552442844,0.0464145570742217,135.38039159218232,0.0811711545410038,110.25,0.0913042051657231,27.5,69.5,95.75,164.0,140.75,123.25,True,,120.02272727272727,163.88636363636363,172,71.25,661.687492,538.53151,237.66483941605838,14.137160583941606,686.8763919999999,,,,,13.695934341295262
US-Ton,2019,NIRv,63,33,54.0,0,0,0.0768861266760823,double_logistic,0.9499771088315244,0.0060403968638447,0.9746834278870676,0.0882704017872342,0.2981318941028702,96.45636048428932,0.045720836645088,131.00013907799428,0.0631029315695276,109.75,0.0923565651338608,30.0,71.75,96.25,170.5,142.25,123.0,True,,120.02272727272727,163.88636363636363,172,70.5,660.1218660000001,586.54817,222.081390070922,14.394638297872339,668.6665760000001,,,,,13.687086712416926
US-Ton,2020,NIRv,80,43,66.0,0,0,0.0768861266760823,double_logistic,0.9544378069100112,0.0051751932134512,0.9770252808204748,0.0821307950575152,0.1944420248661789,74.2723303351715,0.0416388417110984,130.88642568603797,0.103171446035127,106.0,0.0806518376129869,13.0,60.5,90.5,151.25,133.5,118.5,True,,120.02272727272727,163.88636363636363,173,73.0,609.7805940000001,545.06954,207.56249640287768,13.829201438848921,693.112834,,,,,13.523825573591868
US-Ton,2023,NIRv,93,42,71.0,0,0,0.0768861266760823,double_logistic,0.9272597774217928,0.0060939731032956,0.9633335519021594,0.0905805576999959,0.2411216933163761,104.67426672873188,0.0737675042499988,130.51263492363668,0.08057524599688,117.0,0.0693990084923597,65.25,91.5,107.5,165.25,141.5,126.5,True,,120.02272727272727,163.88636363636363,172,50.0,542.2551400000001,348.99248000000006,263.03396000000004,14.793120000000002,568.2974800000001,,,,,13.808623145997915
US-Ton,2024,NIRv,93,47,77.0,1,0,0.0768861266760823,double_logistic,0.9560395186578884,0.005807756061517,0.9779126429137622,0.0905120124464056,0.1868172164630614,68.70685367307419,0.0405159878344186,141.06506851091967,0.1043423885122377,112.75,0.077691297799445,8.75,59.25,93.75,162.0,143.0,127.25,True,,120.02272727272727,163.88636363636363,173,83.75,687.2658568,587.52128,211.2932922077922,14.316993506493507,721.9557368000001,,,,,13.83398485428185
US-Ton,2025,NIRv,93,35,71.0,0,5,0.0768861266760823,double_logistic,0.845711924033738,0.008316108841244,0.9214526864256988,0.0983004810895274,0.2592361899077911,85.02868485877984,0.1059258467567022,107.7324280508462,0.0537143580718273,101.75,0.0698880374272777,69.0,82.0,93.5,165.25,131.0,111.75,True,,120.02272727272727,163.88636363636363,172,49.0,512.31987,310.54456,279.6335670103093,16.63750515463918,541.85434,,,,,13.266521334116756
US-UMd,2016,NDVI,13,7,8.0,18,9,0.4501844165851855,double_logistic,0.9868353983795786,0.020036970684184,0.993552980796728,0.4466917585298324,0.8856122615526045,141.93083145672384,0.3128348080886192,296.2195552103175,0.0928105122114119,180.25,0.4389084832302659,135.0,142.0,149.0,320.0,296.25,272.75,True,,275.425,324.4,173,154.25,1326.956213,828.44443,205.61941397849463,16.523962365591398,321.34925999999996,1017.719953,888.6141899999999,1021.817285,898.5719419999999,11.507173873433066
US-UMd,2017,NDVI,15,10,12.0,17,12,0.4501844165851855,double_logistic,0.994741932493858,0.011815885963874,0.9975532810696366,0.4491934909807781,0.893593108197874,140.5648634473487,0.4637186136738238,308.98345970760136,0.0539931239318106,162.25,0.4442195188330891,136.0,140.75,145.5,349.75,309.0,268.5,True,,275.425,324.4,172,168.25,1396.19273635,815.181912,167.15309813084113,12.877182242990655,290.41031,1118.36152635,969.9504100000001,1112.4253254,1010.95236,11.739524649211553
US-UMd,2018,NDVI,34,16,17.0,39,0,0.4501844165851855,double_logistic,0.9929133837394748,0.0147625686909147,0.9964945688674028,0.449706415973266,0.8887409999753989,141.8138172280118,0.3303245795052447,298.09462015388686,0.1449112511698873,191.25,0.4390344656261677,135.25,142.0,148.5,313.5,298.25,283.0,True,,275.425,324.4,172,156.25,1274.419996,696.08065,200.71976966292135,16.14862359550562,329.19119000000006,955.853506,913.3809299999999,956.73315546,883.9604099999999,10.953597950831725
US-UMd,2019,NDVI,28,14,13.0,32,0,0.4501844165851855,double_logistic,0.9854551889141973,0.0158154407846668,0.9927074822124176,0.4470878546605156,0.8834628561373217,149.34653888416997,0.2176041808981999,300.8882293910676,0.1101225485572264,202.25,0.4363622697250079,139.25,149.5,159.5,321.0,301.0,281.0,True,,275.425,324.4,172,151.5,1312.4949146620002,726.7771429999999,192.03480219780218,14.094060439560439,219.82094,1104.669474662,1046.0584700000002,1105.3867056620002,1013.79398,11.060545939252744
US-UMd,2020,NDVI,38,16,24.0,24,0,0.4501844165851855,double_logistic,0.9832380784292384,0.0237147405625695,0.9916750371857256,0.4513845605402423,0.8858742951075079,147.00842947330364,0.4308382981488273,302.0689828390389,0.0603392461299235,170.0,0.4343177572503976,142.0,147.25,152.25,338.5,302.25,265.75,True,,275.425,324.4,173,155.0,1449.8475322900001,834.2186449999999,185.10738071065987,14.286025380710662,260.71891,1200.75302229,1057.1074099999998,1196.5700102,1120.3933399999999,11.890276643380485
US-UMd,2021,NDVI,45,23,33.0,31,0,0.4501844165851855,double_logistic,0.980357508976732,0.0214472516701997,0.9901558452703332,0.4536329432892514,0.8772410590027044,145.71268496591222,1.0,299.6845161590403,0.0953165591136436,161.25,0.423607252218816,143.75,145.75,148.0,322.75,299.75,276.75,True,,275.425,324.4,172,154.0,1484.1028887999998,828.59565,191.297843575419,16.215050279329606,308.74399999999997,1183.1648788,1076.6310999999998,1184.5041918,1074.75004,11.289694577434691
US-UMd,2022,NDVI,42,19,31.0,26,0,0.4501844165851855,double_logistic,0.9891403612615616,0.0191377993380974,0.9945762143536632,0.4522212702269829,0.8912443220450419,135.39780954748264,0.999999999999956,298.37284190112297,0.1091707092958794,153.5,0.4390229863873767,133.25,135.5,137.75,318.5,298.5,278.25,True,,275.425,324.4,172,163.0,1561.8516749,806.39958,206.57252972972972,15.646237837837838,340.76214,1234.4881348999997,1159.0010200000002,1235.382105,1135.1905900000002,11.208557584310617
US-UMd,2023,NDVI,43,19,22.0,27,0,0.4501844165851855,double_logistic,0.9640857354773972,0.0221605076517657,0.9823439700541916,0.4533087472359606,0.8810969400867245,136.63499907823868,0.2535016669094593,298.7137558223323,0.1042207995097374,186.25,0.4277832434804106,128.0,136.75,145.5,320.0,298.75,277.75,True,,275.425,324.4,172,162.0,1387.88559416,724.99657,193.4812383419689,15.595347150259068,377.76119,1019.58032416,940.35374,1022.21417516,928.6358,11.23557416094353
US-UMd,2024,NDVI,49,24,29.0,13,0,0.4501844165851855,double_logistic,0.9787182479931458,0.0236328690924114,0.9893592811693008,0.454585690916944,0.8765410268763041,135.1015287608561,0.2457875788590813,296.4085615819871,0.0887672215884713,181.0,0.4219350154448426,126.25,135.25,144.25,321.25,296.5,271.75,True,,275.425,324.4,173,161.25,849.8763485,337.36448459999997,216.15865128205132,16.47902051282051,337.03427,520.7411585,489.26679000000007,520.8944085,496.03952000000015,11.561749112300491
US-UMd,2025,NDVI,47,22,21.0,31,0,0.4501844165851855,double_logistic,0.9404602413809066,0.0344541210281175,0.9700643860210084,0.4454681406837937,0.8493423847646405,141.41270186178284,0.1658247327162379,298.6581551852514,0.1094685801754069,205.5,0.4038494087168018,128.25,141.5,154.75,318.75,298.75,278.75,True,,275.425,324.4,172,157.25,337.600559,70.106086716025,210.70040526315793,16.030273684210528,76.719045,263.447444,239.461568,263.447444,235.663773,11.181571646141089
US-UMd,2016,NIRv,13,7,8.0,18,9,0.0919859738683298,double_logistic,0.9854304438381302,0.0120931656580809,0.9935262220944298,0.0854852448624639,0.3657738390628623,148.90114027249805,0.1581153583024853,257.2821669135891,0.0390456838881771,177.75,0.2653703820613492,135.25,148.75,161.25,315.25,260.25,212.5,True,,248.0,317.225,173,111.5,1319.313803,814.03629,209.0015722222222,16.84168888888889,319.23169999999993,1012.195103,430.92403,1014.6502929999999,708.4907900000001,14.59604754715173
US-UMd,2017,NIRv,15,10,11.0,17,12,0.0919859738683298,double_logistic,0.9921651867542808,0.0082054245137781,0.996153979401475,0.0876417639990514,0.3275155278166479,145.1911491771134,0.2091445023326997,283.55589321069203,0.0588873001707367,180.25,0.2391712198888417,134.75,145.25,155.75,321.0,283.75,246.75,True,,248.0,317.225,172,138.5,1392.1409454,788.781507,187.59378074866308,14.959754010695187,292.85101,1111.8690354,782.5265,1110.0319958,798.4741,12.926041985276758
US-UMd,2018,NIRv,34,16,21.0,39,0,0.0919859738683298,double_logistic,0.9803908529113444,0.0148214434143174,0.9901871462802389,0.0908729940693041,0.3543169946957465,144.37914426484733,0.2975859789024697,285.8897040608438,0.0550772364898476,171.25,0.262879177616591,137.0,144.5,151.75,326.0,286.0,246.5,True,,248.0,317.225,172,141.5,1273.31936676,706.271517,189.6833894736842,14.764036842105263,327.13263000000006,956.8114367599999,672.43224,955.9503459,688.99664,12.939454060747261
US-UMd,2019,NIRv,28,14,15.0,32,0,0.0919859738683298,double_logistic,0.9774350894871764,0.0120703637775139,0.9887833397449414,0.0896060425224649,0.3339124994527567,151.9304206195231,0.1936001186418881,290.63545700383816,0.0724502614574843,193.5,0.2440139642939803,140.75,152.0,163.25,321.0,290.75,260.5,True,,248.0,317.225,172,138.75,1309.8769446620001,724.0224429999998,191.8636132596685,14.129685082872928,217.20297,1104.669474662,918.12016,1104.5295596,831.5051000000001,12.178272031401772
US-UMd,2020,NIRv,38,16,23.0,24,0,0.0919859738683298,double_logistic,0.979510041082878,0.0156571708399959,0.9897080503688428,0.089959398469812,0.3412315104285852,148.8087238002885,0.2903922242108406,279.6169164815021,0.0759640271671045,179.5,0.2511132472491718,141.25,149.0,156.5,308.75,279.75,251.0,True,,248.0,317.225,173,130.75,1434.9538272,787.54048,207.4555149700599,15.9055748502994,260.71891,1185.8593172,942.94508,1193.5995712,912.9245299999999,12.69675797742059
US-UMd,2021,NIRv,45,23,31.0,31,0,0.0919859738683298,double_logistic,0.9502953951985258,0.0203695141085071,0.974872250802232,0.089937512395081,0.3348908247123657,144.1411723360873,0.3514839656564347,279.44212040619084,0.0583365790788339,167.75,0.2445303513653344,138.0,144.25,150.5,317.25,279.75,242.25,True,,248.0,317.225,172,135.5,1514.7189008,858.26856,196.4615722222222,16.71398888888889,341.85271,1180.6721808,803.6334999999999,1180.6721808,856.8594999999999,13.165903995869268
US-UMd,2022,NIRv,42,19,28.0,26,0,0.0919859738683298,double_logistic,0.9660984230897096,0.0206517300047089,0.9830035762350746,0.0892275138032461,0.3431363044407376,136.82662784710092,0.564140439617679,288.3174479682916,0.1041245529339488,163.0,0.2539081457572226,133.0,137.0,140.75,309.5,288.5,267.25,True,,248.0,317.225,172,151.5,1557.5265653,790.1117199999999,215.07116384180793,16.19422598870057,343.40834,1227.5168253,1080.9364500000001,1234.0828428999998,912.0220799999998,11.80802261187145
US-UMd,2023,NIRv,43,19,24.0,27,0,0.0919859738683298,double_logistic,0.9511603317686708,0.0169377336657141,0.9753056033541256,0.0900645593287382,0.3387878751082895,139.39702907807137,0.2819925268403916,286.9865017277065,0.071828271548677,173.25,0.2486351330130849,131.75,139.5,147.25,317.75,287.0,256.5,True,,248.0,317.225,172,147.5,1375.06661616,705.81509,192.8953440860215,15.703709677419356,367.90534,1016.61719616,793.5891,1016.61719616,743.2143399999999,12.397276317089982
US-UMd,2024,NIRv,49,24,31.0,13,0,0.0919859738683298,double_logistic,0.9721857192584205,0.0153238060072256,0.986030250296537,0.0900770900423024,0.3283846519819685,137.24209027272363,0.2649369238334493,279.5157899887169,0.0582529370156389,167.5,0.2378801112813096,129.0,137.25,145.5,317.5,279.75,242.25,True,,248.0,317.225,173,142.5,843.8058157999999,331.4465776,218.76513756613758,16.73636507936508,331.77584,519.9290558,417.9029300000001,519.9290558,436.31845999999996,13.165903995869268
US-UMd,2025,NIRv,47,22,24.0,31,0,0.0919859738683298,double_logistic,0.9508049393567488,0.0161648043828581,0.9751120322525826,0.0883138042972997,0.2872164551149108,143.37272128031864,0.170591308313888,286.10418921001195,0.0688594205993735,188.25,0.1985731639900837,130.5,143.5,156.25,318.25,286.25,254.5,True,,248.0,317.225,172,142.75,336.56741999999997,68.842743716025,209.46632446808508,16.078297872340425,75.685906,263.447444,187.40094,263.447444,176.97245,12.506458783777422
US-Var,2014,NDVI,31,15,26.0,0,8,0.2943236361269763,double_logistic,0.8978464680632293,0.0462313954061982,0.9488279680509908,0.3222830343565554,0.7897276811717984,62.01806924546715,0.0909130821047354,133.43410142447766,0.0918912326496207,97.75,0.4330044719527928,37.0,60.5,80.5,158.25,135.0,115.5,True,,,,172,74.5,591.9656160000001,478.57890699999996,252.07600000000005,15.68504918032787,584.751732,,,,,13.410237296163654
US-Var,2014,NIRv,31,15,26.0,0,8,0.0704702927465823,double_logistic,0.95013508207585,0.0097195512779513,0.9747644773869364,0.087162459207923,0.2402729381502891,71.15014535740464,0.1481074629513413,128.31263848929103,0.099177004703457,95.75,0.1433776340868783,56.0,70.5,83.25,151.25,129.75,111.25,True,,111.0,154.08333333333334,172,59.25,568.4267570000001,421.68126300000006,266.6546666666666,15.879479166666664,557.72366,,,,,13.24615965761999
US-Var,2015,NIRv,25,10,23.0,0,9,0.0704702927465823,double_logistic,0.8949012147496953,0.0114886398457601,0.9463551192354632,0.0800479774126557,0.1577233821068485,20.768299682195224,0.176788838084,132.99590910809633,0.09101069901665,61.5,0.0775017040922853,8.5,20.75,33.25,157.25,133.25,109.25,True,,111.0,154.08333333333334,172,112.5,543.5686368,473.35877300000004,225.45736241610737,14.001818791946308,539.4590146,,,,,13.167322151243033
US-Var,2025,NIRv,94,38,74.0,0,5,0.0704702927465823,double_logistic,0.9697216795959452,0.0059358932247137,0.9847478117390308,0.0911348650949667,0.2274291258671558,66.51896638013943,0.0768679530313979,127.4953154728644,0.0899798530644146,98.25,0.1162074228279114,35.75,63.0,83.5,153.75,130.5,112.5,True,,111.0,154.08333333333334,172,67.5,658.6596399999999,555.341411,239.34742372881354,13.911694915254234,666.6370519999999,,,,,13.294927427713882
US-Vcm,2014,NDVI,12,4,4.0,16,11,0.2671435805037753,double_logistic,0.9094655993610736,0.024388494375001,0.954347273125432,0.262464246760464,0.5268446520032561,163.22940642541195,0.0425782404502503,291.2885607326545,0.059264005319072,234.25,0.2434224101835578,109.5,159.75,201.25,329.75,293.75,263.0,True,,258.3636363636364,320.6136363636364,172,134.0,318.3808973,397.330839,258.76336818181824,8.938736363636364,76.024286,244.09037130000002,184.546994,239.28012800000005,175.06512400000003,12.029195791621365
US-Vcm,2016,NDVI,16,10,9.0,23,8,0.2671435805037753,double_logistic,0.8345225816022861,0.0332154403612524,0.919952280498502,0.2727154574823968,0.5534590805579215,149.67417869536348,0.1057743669410289,295.04084096831264,0.0724547616180086,211.0,0.2796814474060834,129.0,149.75,170.25,325.5,295.25,265.25,True,,258.3636363636364,320.6136363636364,173,145.5,434.681788,336.15175999999997,247.87802538071062,10.244035532994925,109.92303900000002,327.43180900000004,250.59923,323.787104,233.67441,11.941611228374557
US-Vcm,2017,NDVI,23,14,20.0,20,6,0.2671435805037753,double_logistic,0.8521794859815093,0.0405943312374925,0.9269438199657074,0.269804961140603,0.483272517141122,145.7944657436078,0.9999997272914488,300.8694688054671,0.0770268275656381,159.25,0.2134633432189766,143.75,146.0,148.0,329.5,301.0,272.5,True,,258.3636363636364,320.6136363636364,172,155.0,452.6760748,429.59868200000005,243.76309139784945,10.575112903225806,87.46756,368.63289480000003,305.79849,364.129465,272.86719000000005,11.660124474753973
US-Vcm,2018,NDVI,26,11,3.0,37,0,0.2671435805037753,double_logistic,0.9045925471400657,0.0278609376235361,0.9512607273340464,0.2597816751936381,0.516781927006227,170.14290831670525,0.0387163428059562,300.2135729006041,0.2026321110518917,272.25,0.2512742474342847,112.75,169.0,221.75,311.0,300.5,290.0,True,,258.3636363636364,320.6136363636364,172,131.5,388.85444400000006,396.68862900000005,262.33393969849243,11.122603015075377,117.709429,273.673485,260.929528,276.515694,211.19107200000002,10.999052611476401
US-Vcm,2019,NDVI,27,19,20.0,38,4,0.2671435805037753,double_logistic,0.9852878459218748,0.0102358335213631,0.9926727315810508,0.2665103460023968,0.4930916184751333,154.2657227226693,0.3054122787162168,283.1184112413913,0.0801961668980277,184.5,0.2264759090955589,147.25,154.5,161.5,310.75,283.25,256.0,True,,258.3636363636364,320.6136363636364,172,128.75,344.31903710000006,249.47043,263.68969325153375,11.17982208588957,72.99362,275.4583971,222.33738,279.2775201,225.62342999999998,12.301175818338292
US-Vcm,2020,NDVI,35,22,25.0,35,0,0.2671435805037753,double_logistic,0.9253466477242428,0.0143048651234909,0.9620059509559796,0.2647373946803326,0.4035932451552544,143.53648995929262,0.1819383921278238,259.5674321927833,0.0468458787170483,173.25,0.1358425140357394,131.5,143.5,155.0,307.0,260.5,217.0,True,,258.3636363636364,320.6136363636364,173,117.0,247.305559,236.546246,264.47609090909094,12.617721590909092,82.080871,167.45176800000002,72.58229600000001,168.7763152,126.981971,13.692455515966698
US-Vcm,2021,NDVI,36,22,19.0,38,0,0.2671435805037753,double_logistic,0.9781349364695716,0.0155256688641996,0.9890282785293284,0.2614552414911226,0.8803115786116154,196.59319545189655,0.0443006201282171,250.75131497717544,0.0388197798407046,225.0,0.3154614502447246,135.5,179.0,207.25,324.5,274.5,243.5,True,,258.3636363636364,320.6136363636364,172,95.5,495.2728847000001,407.86504425,241.73732275132275,10.824370370370369,78.2358603,419.8420544,288.00753,417.4987244,335.23771999999997,12.77884673334627
US-Vcm,2022,NDVI,44,21,18.0,42,0,0.2671435805037753,double_logistic,0.9903879766095652,0.0124768556765533,0.9952831864590224,0.2675188958369309,0.6098954791430163,185.7667995403228,0.0742646897303514,297.0103053312772,0.0826764596920014,243.75,0.3336820619959551,156.0,185.25,212.5,324.0,297.75,273.25,True,,258.3636363636364,320.6136363636364,172,112.5,376.50524669999993,380.379055,222.32507100591715,10.027408284023668,43.103557,334.5580897,304.87215699999996,335.800621,258.645277,11.631138179478203
US-Vcm,2023,NDVI,44,29,38.0,46,0,0.2671435805037753,double_logistic,0.8747026638637178,0.0286194985581193,0.9352908279356242,0.2631436668940103,0.4725152800110787,147.7489529294435,0.606423619561938,279.00627140450405,0.0536645990873789,162.0,0.2089428074708905,144.25,147.75,151.5,320.0,279.25,238.5,True,,258.3636363636364,320.6136363636364,172,131.5,312.8318843,399.178894,259.4679318181818,12.079420454545453,88.68404,227.96077430000003,140.70535300000003,227.96077430000003,178.86308500000004,12.964374185061189
US-Vcm,2024,NDVI,35,18,17.0,56,0,0.2671435805037753,double_logistic,0.9886080851139948,0.0124590533126637,0.9943335555089003,0.2637067614249941,0.6418467802249479,169.35649285609057,0.0769863001674771,267.91764637977417,0.046054227577146,211.0,0.3377843344106531,139.75,167.25,190.25,318.5,272.75,236.5,True,,258.3636363636364,320.6136363636364,173,105.5,385.68815589999997,499.573895,249.11009497206706,12.390983240223466,70.11697000000001,317.8887959,196.557731,319.6047319,261.977321,13.037322219962649
US-Vcm,2025,NDVI,71,30,23.0,25,0,0.2671435805037753,double_logistic,0.9616570448759856,0.0158564026410548,0.980667122178918,0.2657088234493905,0.4639072063497582,153.13241486499413,0.0935334562041972,306.1689974011586,0.1105409048832858,235.25,0.1980288935697471,129.75,153.25,176.75,326.25,306.25,286.5,True,,258.3636363636364,320.6136363636364,172,153.0,438.092168,551.9469,252.37253807106597,11.491558375634515,111.23793,329.621318,303.80524999999994,329.175348,243.53027999999998,11.12786711653836
US-Vcm,2014,NIRv,12,4,4.0,16,11,0.0443602114571727,double_logistic,0.927492583793582,0.0039467573888982,0.964207352783948,0.0423620671311402,0.1019445307502264,183.39362995475727,0.0280554846102929,277.25971448445154,0.0902367285712249,243.0,0.0475718564827477,96.5,169.0,217.75,299.75,279.0,260.5,True,,243.27272727272728,317.45454545454544,172,110.0,307.542241,378.116267,273.868315270936,9.850773399014777,83.670818,225.60518299999998,178.51299400000002,237.02934900000002,137.079134,12.126478978688056
US-Vcm,2016,NIRv,16,10,10.0,23,8,0.0443602114571727,double_logistic,0.9523032926612706,0.0061967176599635,0.9777322571151896,0.0462191675163475,0.1311612469645286,149.52964751751787,0.1323749315844417,283.09410459638224,0.0847517637895564,203.75,0.084775365921628,133.0,149.75,166.0,309.25,283.25,257.5,True,,243.27272727272728,317.45454545454544,173,133.5,416.070247,323.906758,256.1228305084746,11.143169491525423,105.043187,313.70011999999997,231.2849,321.28681600000004,191.95697,12.243030378398375
US-Vcm,2017,NIRv,23,14,20.0,20,6,0.0443602114571727,double_logistic,0.9045180032764668,0.0112323532726561,0.9520350283985806,0.046594113847863,0.1218016526312999,145.37618118002237,0.7808447237162529,287.4377944550497,0.0946996527990755,163.25,0.0752068863668326,142.75,145.5,148.25,310.75,287.5,264.25,True,,243.27272727272728,317.45454545454544,172,142.0,445.029887,409.180302,254.10904166666666,11.297339285714285,90.66634,357.787927,288.13656999999995,362.236663,226.11245,11.980535965383947
US-Vcm,2018,NIRv,26,11,7.0,37,0,0.0443602114571727,double_logistic,0.899532610532182,0.0094568010944011,0.9495008947870592,0.0403708167792976,0.1316216329261828,161.87208283235725,0.0372657708901409,285.5752441702285,0.0757072794936465,238.0,0.0837764945584182,100.5,157.5,204.25,315.5,287.5,263.0,True,,243.27272727272728,317.45454545454544,172,130.0,399.8886359,410.511787,262.7516790697675,10.35386976744186,127.64087789999999,274.77622799999995,222.915372,274.749059,170.87825199999997,12.029195791621365
US-Vcm,2019,NIRv,27,19,23.0,38,4,0.0443602114571727,double_logistic,0.9640847220254204,0.0058374888442907,0.9839486428737888,0.0458122556447199,0.1303724326453635,158.9564978304814,0.9999999999999936,273.9668339539862,0.0613973920367629,168.25,0.0844242768274223,157.0,159.0,161.25,310.0,274.25,238.5,True,,243.27272727272728,317.45454545454544,172,115.25,325.3091971,237.401909,263.51659740259737,11.432532467532466,53.983779999999996,275.4583971,187.53302999999994,278.0448361,198.62914999999998,12.964374185061189
US-Vcm,2020,NIRv,35,22,25.0,35,0,0.0443602114571727,double_logistic,0.9563678580458392,0.0043113240695136,0.978349403133789,0.0440813354030293,0.1187045837054826,142.27374621029958,0.1063187729460886,236.17836431771684,0.0284316536534185,173.75,0.0612702926156113,123.75,141.5,157.75,321.25,249.0,199.25,True,,243.27272727272728,317.45454545454544,173,107.5,260.4715062,261.0874309999999,261.1743383838384,11.67300505050505,92.904491,169.79409520000002,53.67294,168.7867792,113.63613000000001,14.149982875047998
US-Vcm,2021,NIRv,36,22,19.0,38,0,0.0443602114571727,double_logistic,0.9740608935360868,0.0061435548760104,0.9873647850513776,0.0445949240724886,0.2845100513680533,193.4529563216117,0.0408485192053503,247.9406675476899,0.0382607447834409,221.5,0.1180530956307073,125.5,172.75,202.75,322.75,272.0,240.75,True,,243.27272727272728,317.45454545454544,172,99.25,513.3049627,421.62047125000004,246.50910152284266,10.771162436548225,97.56332030000002,418.5466724,278.56555000000003,415.38495939999996,288.00753,12.881406263423631
US-Vcm,2022,NIRv,44,21,19.0,42,0,0.0443602114571727,double_logistic,0.9706105185173448,0.0072712988566886,0.9854618445498872,0.0439213080904253,0.1962169720039341,181.601417703269,0.04429527904482,284.20951141695525,0.057287906444328,236.5,0.1306959779893703,128.25,175.5,211.25,325.25,288.75,259.75,True,,243.27272727272728,317.45454545454544,172,113.25,453.8476466999999,420.166886,240.04612182741118,9.902756345177666,119.77593700000001,335.22810969999995,261.564757,337.32561999999996,208.60098699999998,12.15564224074936
US-Vcm,2023,NIRv,44,29,38.0,46,0,0.0443602114571727,double_logistic,0.9326416573649998,0.0090409338024865,0.9669704986961796,0.0450893919067782,0.1540405947754355,148.39090444559525,0.4353791601559996,254.44223368821548,0.0308284588841748,161.25,0.1027197016812126,144.0,148.5,153.25,328.0,258.25,198.75,True,,243.27272727272728,317.45454545454544,172,109.75,315.9690209,411.470652,254.14324324324323,11.55472972972973,90.46889999999998,229.3130509,69.26482999999999,227.84419510000004,150.66770300000002,14.160231389989137
US-Vcm,2024,NIRv,35,18,17.0,56,0,0.0443602114571727,double_logistic,0.9843775426957102,0.0058426258177856,0.992235169683103,0.0417140357343406,0.2495663817230242,172.64885042170854,0.0564219095254068,248.15307888558215,0.03537238279888,209.0,0.1425517065115943,130.5,165.0,190.5,322.0,266.0,230.25,True,,243.27272727272728,317.45454545454544,173,101.0,392.6380679,522.3678849999999,246.314609375,11.857135416666665,76.692395,318.26328290000004,175.37739100000002,317.5571829,218.749201,13.259575611186845
US-Vcm,2025,NIRv,71,30,29.0,25,0,0.0443602114571727,double_logistic,0.9602631409339892,0.0059650138044376,0.980186195735442,0.0455301731339741,0.1256156785533408,141.19436813185845,0.0832895656586885,294.9155820633795,0.0678512505415592,211.5,0.0795788664299013,114.75,141.25,167.0,327.5,295.25,263.5,True,,243.27272727272728,317.45454545454544,172,154.0,452.893315,578.8692500000001,252.72196713615025,10.926464788732396,126.55395800000002,329.106437,258.5948,327.300998,215.1648,12.009732069366962
US-Vcp,2014,NDVI,17,6,5.0,7,11,0.5212795771560361,double_logistic,0.9925098301853684,0.0022777267017432,0.996442885822618,0.5205122187881911,0.5914492659066105,195.09428277973345,0.2442225069677639,282.0642770511512,0.1040606420743039,223.5,0.0707085811812276,186.25,195.25,204.0,303.25,282.25,261.5,True,,270.1666666666667,299.9166666666667,172,87.0,507.437386,508.38052,212.58757264957265,13.533769230769229,,531.746883,357.354473,512.478993,385.004283,12.087497618300826
US-Vcp,2015,NDVI,12,4,4.0,13,12,0.5212795771560361,double_logistic,0.8790031696262223,0.0076039297420861,0.9402341394869306,0.5219910212524073,0.6189133687748335,167.54051382548397,0.3002071513258587,297.4750209093618,0.1141459477448516,205.75,0.0969185865780692,160.25,167.75,175.0,316.75,297.5,278.25,True,,270.1666666666667,299.9166666666667,172,129.75,675.2696106000001,605.504784,215.54642307692308,13.301602564102565,42.09055060000001,633.1110606,562.9379406,591.0943206000001,541.2367206000001,11.439472209735078
US-Vcp,2017,NDVI,31,17,16.0,9,5,0.5212795771560361,double_logistic,0.8852274385183404,0.0109096839036244,0.9429737443393404,0.524088507862036,0.6229608765910132,166.65175991375688,0.0797071491432279,285.10093549633297,0.2109374155036742,249.25,0.0986844852977801,139.25,166.75,194.0,295.75,285.25,275.0,True,,270.1666666666667,299.9166666666667,172,118.5,654.317195,549.637651,242.98741025641024,14.550282051282052,159.40915999999999,498.027475,401.14766499999996,520.676245,381.224245,11.564041261675957
US-Vcp,2019,NDVI,31,20,13.0,26,3,0.5212795771560361,double_logistic,0.9652993730744884,0.0085359141657869,0.9826445977532128,0.5206574820214724,0.6278378847580237,174.62506886045085,0.0819528440372752,285.89076973369646,0.2705197749249385,256.75,0.1070121761682861,148.0,174.75,201.25,294.25,286.0,278.0,True,,270.1666666666667,299.9166666666667,172,111.25,700.1226300000001,573.44145,250.09300000000002,15.177557823129252,134.74183999999997,570.49046,504.13689999999997,582.29612,472.93747999999994,11.449019934507497
US-Vcp,2020,NDVI,42,27,24.0,24,6,0.5212795771560361,double_logistic,0.864296683158011,0.0119764584197052,0.9321571104609836,0.5210646902867794,0.594175265835308,152.52472297842735,0.1298842149238993,269.3364530308826,0.2471648047724137,227.5,0.0731039015833584,135.75,152.75,169.5,278.25,269.5,260.5,True,,270.1666666666667,299.9166666666667,173,116.75,410.417417,357.19344,257.7511188811189,16.499727272727274,144.43029000000004,268.649847,217.53750699999998,306.515239,251.210397,12.126365590472254
US-Vcp,2021,NDVI,54,32,26.0,20,0,0.5212795771560361,double_logistic,0.9453070848631606,0.0093554327440399,0.9724414419054684,0.5217749066992521,0.61838735783717,189.68347890243132,0.1176062522440652,286.07751912066806,0.161633808045161,244.25,0.0963431610524753,171.0,189.75,208.25,299.75,286.25,272.75,True,,270.1666666666667,299.9166666666667,172,96.5,416.483703,320.38793,218.66777519379846,14.68391472868217,2.26985,415.402643,323.76769600000006,415.402643,317.7981960000001,11.650772082784343
US-Vcp,2022,NDVI,59,27,20.0,27,0,0.5212795771560361,double_logistic,0.9768963802745472,0.0074114404163505,0.9885624886561476,0.5217934194957348,0.6606227426010204,197.4950058444826,0.1112416559235478,292.21854639301904,0.1623407261087426,252.25,0.1383050428740557,177.75,197.5,217.0,306.0,292.5,279.0,True,,270.1666666666667,299.9166666666667,172,95.0,772.02824,524.480336,204.94593798449614,13.498782945736437,,806.57413,654.7680499999999,775.28259,582.4154199999999,11.410867258723206
US-Vcp,2023,NDVI,46,27,18.0,39,0,0.5212795771560361,double_logistic,0.951873229642274,0.0113090908538198,0.9756589541103896,0.5217504535345522,0.6395597490944849,165.22396994151103,0.0966000986787967,286.877106913378,0.2527375172289491,250.5,0.117766167874865,142.5,165.25,188.0,295.75,287.0,278.25,True,,270.1666666666667,299.9166666666667,172,121.75,706.9650899999999,451.54159302999994,268.94877777777776,15.688777777777776,159.99063,552.0400599999999,481.40793999999994,566.79333,445.91421,11.439472209735078
US-Vcp,2024,NDVI,50,27,26.0,26,0,0.5212795771560361,double_logistic,0.9428187297988856,0.0145729228168516,0.9722773170192722,0.5258707368367255,0.6793725122619305,166.41737617896678,0.1192385848880524,277.5815063360839,0.0698518258533122,210.25,0.1513024202338669,148.0,166.25,184.0,309.5,278.0,248.25,True,,270.1666666666667,299.9166666666667,173,111.75,897.7065400000001,695.0773859999999,246.14817283950617,15.209746913580245,184.78417,718.27432,470.92331,687.3089500000001,588.2708499999999,12.598654590944257
US-Vcp,2014,NIRv,17,6,5.0,7,11,0.0909953346790403,double_logistic,0.8993802998260346,0.0029340387024927,0.9495401113194872,0.0906570482189895,0.1271601842320027,184.08671881766855,0.0383963010646231,258.18907304394014,0.1261561754870855,232.25,0.0302068110276779,121.5,175.25,212.5,274.75,259.25,245.75,True,,248.27083333333334,297.7291666666667,172,84.0,573.396653,580.10762,255.29285620915033,14.54328758169935,173.71975999999998,401.533253,302.764793,503.89998299999996,309.731903,12.693481200692712
US-Vcp,2015,NIRv,12,4,4.0,13,12,0.0909953346790403,double_logistic,0.9974024076194828,0.0004856227759262,0.9987928160734474,0.0906968534116648,0.1432332217033444,164.78893975762372,0.124393957343454,267.66011898241925,0.1133148772238926,214.25,0.0523015017233985,147.25,164.75,182.25,287.25,267.75,248.75,True,,248.27083333333334,297.7291666666667,172,103.0,684.5764306000001,606.2758739999999,237.4753357142857,15.115707142857143,121.5704906,562.9379406,451.25379060000006,585.7137406,451.25379060000006,12.579604245802248
US-Vcp,2016,NIRv,26,13,13.0,15,4,0.0909953346790403,double_logistic,0.9249536962838372,0.0054695259458194,0.9625129178208623,0.0908878806167164,0.1371987132062814,154.69007256021715,0.1812053694863325,273.4456178601848,0.1115834510567599,201.5,0.0462861400904733,142.75,154.75,167.0,293.25,273.5,254.0,True,,248.27083333333334,297.7291666666667,173,118.75,596.79882,569.32688,246.81145695364236,14.572609271523179,129.89942000000002,469.14644,327.16223999999994,477.97375999999997,303.36886,12.378176420368924
US-Vcp,2017,NIRv,31,17,20.0,9,5,0.0909953346790403,double_logistic,0.9215178384627368,0.0052288066972579,0.96277044496998,0.0916568647904363,0.1363894966586036,133.73031141758776,0.5007884186167199,277.0789117326514,0.1330522660103477,166.0,0.044732610516706,129.5,133.75,138.25,293.75,277.25,260.75,True,,248.27083333333334,297.7291666666667,172,143.5,700.2761049999999,570.530931,244.61668902439027,14.234963414634144,217.19514000000004,486.200405,336.625415,509.676575,302.749425,12.116650369267743
US-Vcp,2018,NIRv,49,23,22.0,14,0,0.0909953346790403,double_logistic,0.8702060277319423,0.0046703323536439,0.9340448733327588,0.0912761477601102,0.116908224187537,135.83261617151172,0.1917057355388201,272.368226432924,0.1853791290102159,203.0,0.0256319441847666,124.5,136.0,147.5,284.25,272.5,260.75,True,,248.27083333333334,297.7291666666667,172,136.5,597.43657,609.1853257099999,257.01339375000003,15.881393749999997,96.56500399999999,503.594606,384.68009600000005,552.1626,317.84573599999993,12.116650369267743
US-Vcp,2019,NIRv,31,20,20.0,26,3,0.0909953346790403,double_logistic,0.9663199491565232,0.004021462581457,0.983441456538312,0.0903654206249211,0.1456713373439892,159.35940964391335,0.1249297867120419,272.13986998637324,0.064545694081999,201.25,0.0544485712473926,141.75,159.25,176.0,306.5,272.75,240.5,True,,248.27083333333334,297.7291666666667,172,113.5,756.32298,619.55708,246.13816363636363,14.045236363636363,165.87661,595.55604,349.37709,578.0399,372.66819,12.889867021636181
US-Vcp,2020,NIRv,42,27,29.0,24,6,0.0909953346790403,double_logistic,0.8845226803328272,0.0073827723960112,0.9422139923591204,0.0914923969088385,0.1402436442472061,141.23092246619552,0.2499155364842691,259.71167659715934,0.0793180836649451,173.25,0.0486837465692307,132.5,141.25,150.0,287.5,259.75,232.25,True,,248.27083333333334,297.7291666666667,173,118.5,444.769297,382.0991,257.81645806451615,16.240729032258066,162.77843000000001,284.653587,124.533617,303.528277,168.488897,13.188407343353951
US-Vcp,2021,NIRv,54,32,33.0,20,0,0.0909953346790403,double_logistic,0.9070727340915344,0.0053257435519863,0.9543514517722078,0.0909497159163108,0.1294741678393882,152.0800208100586,0.2243398443555375,280.35946745631315,0.0834623550628517,190.0,0.0384962414218117,142.5,152.25,162.0,306.75,280.5,254.25,True,,248.27083333333334,297.7291666666667,172,128.25,485.997936,401.41675,230.04453048780488,14.701146341463417,49.11980299999999,438.06692300000003,298.666371,410.5595430000001,287.7556,12.36853090977486
US-Vcp,2022,NIRv,59,27,24.0,27,0,0.0909953346790403,double_logistic,0.9119470865338978,0.0057795943506094,0.9556183341999068,0.0899818606458276,0.1464549731745259,170.65298903732184,0.0584342179013632,277.1445491916643,0.0893131522406547,232.0,0.0539643571290233,132.25,169.25,202.0,302.5,278.25,256.25,True,,248.27083333333334,297.7291666666667,172,109.0,887.2493199999999,632.158936,229.21556470588234,14.266188235294118,103.54724,789.3315,498.75118,766.2495700000002,454.93624000000005,12.291231027133835
US-Vcp,2023,NIRv,46,27,28.0,39,0,0.0909953346790403,double_logistic,0.9582964668658196,0.0053307370400133,0.979221307072942,0.0907785847299233,0.1548978896730113,149.74787217562624,0.1553719477877566,282.2879268607839,0.0740850802692531,195.75,0.0639637089421647,135.75,149.75,163.75,312.0,282.5,253.0,True,,248.27083333333334,297.7291666666667,172,132.75,791.70904,497.84563102999994,257.151197740113,14.573124293785309,196.91852,599.8561199999999,357.14072,559.24114,342.1595199999999,12.416715989249028
US-Vcp,2024,NIRv,50,27,31.0,26,0,0.0909953346790403,double_logistic,0.9307256110480744,0.0081264273692344,0.9672399242289584,0.0948562456611198,0.1800638087020655,152.815650691899,0.1383290332350372,267.06253437581654,0.0416789605983629,186.25,0.0815424603992513,137.0,152.5,167.0,321.0,269.25,223.25,True,,248.27083333333334,297.7291666666667,173,116.75,998.951101,731.403735,244.62078918918922,14.096718918918919,260.88539,743.417661,352.6150899999999,677.44749,470.92331,13.494469413921362
US-Vcp,2025,NIRv,89,41,47.0,4,0,0.0909953346790403,double_logistic,0.876718619367151,0.0101601611687891,0.938929324966488,0.0956489869204611,0.160529709943532,148.29274845903004,0.297114907830748,276.39179253203923,0.0821025461532074,179.5,0.0648518669037728,141.0,148.5,155.75,303.25,276.5,249.75,True,,248.27083333333334,297.7291666666667,172,128.0,674.757427,597.1700400000001,246.8318282208589,15.05740490797546,125.20181,550.8190569999999,269.439337,527.516337,263.048947,12.541426165506882
US-Wjs,2014,NDVI,14,6,4.0,2,18,0.1852322268167346,double_logistic,0.9786817556828848,0.0087526421845933,0.9896921540757369,0.194397484097235,0.52486023120542,230.16855412308053,0.0502882954226009,273.76202467737824,0.047003871685058,252.75,0.1604365101347957,174.75,213.25,237.5,335.0,293.75,268.25,True,,258.6875,336.21875,172,80.5,394.08142599999996,343.24436399999996,230.04659627329193,16.43893167701863,,397.75478699999996,271.95479700000004,398.862937,240.354207,11.834167555012174
US-Wjs,2015,NDVI,16,8,8.0,3,16,0.1852322268167346,double_logistic,0.946729574292812,0.0089485144999158,0.9731307548049736,0.1932058189255261,0.4209205181299721,187.066632207022,0.0336868047560512,256.0176105715572,0.0277030789607943,224.75,0.1103509574780974,107.75,164.0,201.0,361.5,292.0,249.75,True,,258.6875,336.21875,172,128.0,646.233564,509.278533,235.1173307086614,14.690110236220475,167.28943,480.75214400000004,283.52577,459.774293,310.7158100000001,12.513260788240753
US-Wjs,2016,NDVI,21,8,6.0,2,7,0.1852322268167346,double_logistic,0.8251551734173141,0.0154029984866323,0.9086807452232912,0.1884788901847405,0.3979874863675351,230.24546632083693,0.0198972745366705,301.1568664619374,0.0396404545022327,254.75,0.1010742280439391,80.75,174.5,227.25,347.75,310.5,278.5,True,,258.6875,336.21875,173,136.0,531.2690124,396.36412,252.91295131086142,15.162876404494384,201.252297,331.68118539999995,236.41298000000003,322.45134199999995,180.13977000000003,11.459591177421743
US-Wjs,2017,NDVI,35,19,17.0,0,3,0.1852322268167346,double_logistic,0.8263405784122759,0.0163599549239352,0.9118045461878732,0.1946308262863794,0.3399018274087749,191.71982813996016,0.0695560659199753,272.69765033139,0.0328080748511806,227.5,0.1072608692258801,160.0,187.5,209.75,350.0,289.0,249.5,True,,258.6875,336.21875,172,101.5,326.62215990000004,246.14036449999998,243.90684293193715,16.21360732984293,15.226538,312.1274609,182.59569299999998,305.240142,193.13225000000003,12.522316106455218
US-Wjs,2018,NDVI,59,23,14.0,0,0,0.1852322268167346,double_logistic,0.9486190464626104,0.0101927422496105,0.9742048690881332,0.1894871119026573,0.4348838894217134,233.3101795396821,0.0968953536371439,273.906923088992,0.0448753326447709,255.0,0.1451044839596523,212.75,230.0,244.25,335.75,293.0,268.25,True,,258.6875,336.21875,172,63.0,250.57418100000004,208.92969100000002,210.24064227642276,13.756650406504063,,298.64244300000007,205.24042200000002,299.09276700000004,172.098662,11.834167555012174
US-Wjs,2021,NDVI,60,32,28.0,2,0,0.1852322268167346,double_logistic,0.924462401151956,0.0203310851979184,0.9616279681413415,0.1920757169076646,0.6355333980348089,200.59155659400875,0.0816173623654257,235.23128516330348,0.037867979951338,224.25,0.2110151476232045,180.25,197.25,212.5,314.5,265.25,238.25,True,,258.6875,336.21875,172,68.0,385.38384800000006,318.458707,250.40647014925375,17.800276119402987,,391.99101199999996,240.815716,406.05206699999997,313.46208600000006,12.92188447130973
US-Wjs,2022,NDVI,60,28,22.0,2,0,0.1852322268167346,double_logistic,0.8084526630087041,0.0152332411424078,0.9029232690816088,0.1904355326501751,0.4160912948398037,215.73694738792415,0.0776462372671173,249.5717311655519,0.0421902147834169,238.0,0.1058154552732392,190.5,210.25,226.5,321.0,276.5,251.5,True,,258.6875,336.21875,172,66.25,189.0083158,184.345535,226.52695419847325,16.302458015267177,,218.5555418,147.193013,222.43102240000002,158.393063,12.449716690871613
US-Wjs,2025,NDVI,76,33,36.0,1,0,0.1852322268167346,double_logistic,0.8357415103946575,0.0173017389619949,0.9158538494255446,0.1941027794288149,0.2910522406620356,177.16734543029452,0.9987745088407388,294.7188634538504,0.0749104490064155,187.75,0.096914881868097,175.0,177.25,179.5,324.25,294.75,265.5,True,,258.6875,336.21875,172,117.5,306.19134799999995,249.992149,235.6596133333333,18.04802,,311.36177799999996,246.69587800000002,311.36177799999996,224.06380799999997,11.935477426160041
US-Wjs,2014,NIRv,14,6,4.0,2,18,0.0418256696094315,double_logistic,0.9373539960588176,0.0038924879954669,0.9682687156738952,0.0491118255020401,0.1269613252754167,219.9007727060767,0.0224406068168047,284.47578366146445,0.0616382600397015,247.25,0.0433789206659297,94.0,178.0,224.5,310.0,287.25,265.25,True,,251.6818181818182,322.0681818181818,172,109.25,473.306425,411.72392499999995,270.6094470046083,17.67607373271889,102.68594799999998,372.04681700000003,261.628037,385.30753500000003,216.988114,11.944693634249207
US-Wjs,2015,NIRv,16,8,8.0,3,16,0.0418256696094315,double_logistic,0.9203265144340758,0.0048395532947001,0.9599134226291114,0.0409232120265425,0.0845798526807193,134.45285408334004,0.0362651221552542,284.9785383096888,0.0654091254832678,225.25,0.0412324426731026,72.25,131.5,182.75,319.5,286.5,257.25,True,,251.6818181818182,322.0681818181818,172,155.0,680.345761,521.0562520000001,255.38261133603234,16.236627530364373,239.83390899999998,442.31986200000006,307.55986000000007,445.61838,289.31918,12.239382410861847
US-Wjs,2016,NIRv,21,8,6.0,2,7,0.0418256696094315,double_logistic,0.9082453116893444,0.0034716682576555,0.9537492417061708,0.0375053610707437,0.0795380314932285,139.41430522549717,0.0217608615455935,311.8172356737751,0.0472803132095942,244.75,0.0364824794019538,31.5,127.25,199.25,359.5,315.75,278.75,True,,251.6818181818182,322.0681818181818,173,188.5,601.4298767,431.78897800000004,243.9479481707317,13.488899390243903,262.02639529999993,341.06795139999997,236.41298000000003,306.207137,155.92611999999997,11.450554004260457
US-Wjs,2017,NIRv,35,19,17.0,0,3,0.0418256696094315,double_logistic,0.9153229615149858,0.0043741345446426,0.959266299033387,0.0427879521215473,0.1412613048839525,196.23580871372764,0.0333243367874124,248.66170544782352,0.0328690193029401,222.75,0.0402246954310991,108.5,165.75,201.25,338.75,280.25,244.5,True,,251.6818181818182,322.0681818181818,172,114.5,422.88320999999996,301.3922,262.8574608695652,16.652304347826085,116.44866300000001,307.166386,175.15108299999997,291.849333,185.099353,12.702024152118383
US-Wjs,2018,NIRv,59,23,14.0,0,0,0.0418256696094315,double_logistic,0.8921277292681963,0.0048331514373698,0.9448567473175146,0.0462767625278765,0.1315390276605858,239.62496968743085,0.0313287244817522,285.79000912433054,0.0731614400079043,257.5,0.0447098139920272,147.5,207.25,240.75,309.25,289.5,271.5,True,,251.6818181818182,322.0681818181818,172,82.25,302.8591255,288.591594,260.61401234567904,18.97088888888889,31.886376500000004,272.682859,212.76290200000003,285.64891400000005,142.473912,11.714730891009191
US-Wjs,2019,NIRv,57,26,33.0,3,0,0.0418256696094315,double_logistic,0.9452264022075512,0.0025093789051978,0.9729640069492108,0.041269198725469,0.0723129425002694,109.19148323270532,0.0677494192396014,247.12334786763304,0.0277728114712132,159.75,0.0275457295459233,76.5,107.25,133.75,331.0,255.5,197.0,True,,251.6818181818182,322.0681818181818,172,148.25,360.842289,289.59274,260.37372156862745,15.627435294117648,207.39651,155.090679,37.968513,153.093987,105.737529,14.075905809965121
US-Wjs,2021,NIRv,60,32,28.0,2,0,0.0418256696094315,double_logistic,0.8922032005419344,0.0086887202961242,0.9449140704591404,0.051247277598463,0.2317795506707243,210.12495746860537,0.064134162053922,237.88522864155203,0.0612385629382662,224.5,0.0739471836808465,165.0,194.75,213.25,286.75,255.25,236.25,True,,251.6818181818182,322.0681818181818,172,60.5,365.976313,314.919403,267.15604098360654,19.97520491803279,5.5605,360.852549,235.239026,398.30004600000007,294.765766,12.99082440872953
US-Wjs,2022,NIRv,60,28,23.0,2,0,0.0418256696094315,double_logistic,0.8526232593314425,0.0040009340619779,0.9235070520481448,0.046822827109974,0.1258655598847002,234.7020993381924,0.0272366193373421,265.4761466504788,0.0601309277162145,234.0,0.0287937949517684,114.75,181.25,216.5,284.75,267.25,248.75,True,,251.6818181818182,322.0681818181818,172,86.0,177.05546947,215.870202,275.3090352941177,19.618347058823527,-5.04297353,182.92881300000002,141.884133,218.12120879999998,147.193013,12.549445995739543
US-Wjs,2023,NIRv,70,33,33.0,0,0,0.0418256696094315,double_logistic,0.9275636450734912,0.0026125606301486,0.9638626368607176,0.0419618857150947,0.0628013958042573,124.95712172371682,0.1006774017132089,303.18632351715974,0.0702218770203914,200.25,0.0208137666245539,103.25,125.0,146.75,334.5,303.25,272.25,True,,251.6818181818182,322.0681818181818,172,178.25,347.5036016,269.15340219999996,264.2907878787879,17.25918614718615,148.65831000000003,200.8613616,143.372481,195.043897,114.315391,11.687235748766998
US-Wjs,2024,NIRv,65,33,27.0,4,0,0.0418256696094315,double_logistic,0.8459792245153607,0.005863108936168,0.9201668241786904,0.0424143643532429,0.1469213096422975,199.156244753318,0.0253788164294182,261.21792591285606,0.0304474679854036,225.0,0.0427547407181054,78.75,154.25,199.0,350.5,289.75,250.25,True,,251.6818181818182,322.0681818181818,173,135.5,449.4235323,313.51239139,258.47338970588237,15.88598161764706,175.33124399999997,276.1599983,174.92203099999998,262.062766,176.87619099999998,12.495132790350317
US-Wjs,2025,NIRv,76,33,28.0,1,0,0.0418256696094315,double_logistic,0.8889181210752647,0.0054954435995498,0.9428563134235628,0.0420539622775898,0.1514324718875651,205.8372947928736,0.0215234655289451,266.79002503843367,0.0378902023450792,223.75,0.0471955120801712,62.5,149.0,197.75,318.25,279.0,246.75,True,,251.6818181818182,322.0681818181818,172,130.0,476.02897799999994,342.05302100000006,265.62129296874997,16.4126875,166.09801000000002,311.36177799999996,188.821438,311.36177799999996,201.437478,12.62150794372079
US-Wkg,2013,NDVI,14,8,8.0,0,19,0.1461892287553869,double_logistic,0.8939129971425217,0.0246576432569271,0.9454762974060652,0.158404199972486,0.4555552885750127,198.267836848588,0.1787268512155392,250.17943458255135,0.0337162161463512,216.75,0.2139031268603612,190.25,198.5,207.75,326.25,267.5,232.0,True,,255.58333333333334,337.94444444444446,172,69.0,162.882863134,179.1498955,239.1356470588235,20.72428676470588,,157.813235734,96.38834197999999,158.24801241400002,118.47003428000002,13.023138672568981
US-Wkg,2015,NDVI,22,11,8.0,0,9,0.1461892287553869,double_logistic,0.8328565963033552,0.0256500695084219,0.9127361088704576,0.17727102398662,0.4684940485009453,208.26063761726607,0.0170447704231827,301.5907029586301,0.0475439450198191,251.75,0.1723324213024547,46.0,157.75,221.0,336.5,305.5,276.0,True,,255.58333333333334,337.94444444444446,172,147.75,457.58869540000006,377.470517,259.3344914089347,19.22092439862543,158.96113599999998,299.14843640000004,252.777588,299.2740314,195.952988,11.59421281511554
US-Wkg,2016,NDVI,46,21,16.0,0,0,0.1461892287553869,double_logistic,0.9676799021655323,0.0155384636629425,0.9837194400172729,0.1631681431837207,0.4792033178468884,203.23208486370365,0.0737476184690703,279.10793397028283,0.0435003293595232,237.0,0.2482217488049742,171.5,199.0,220.5,335.75,289.0,256.75,True,,255.58333333333334,337.94444444444446,173,90.0,292.257602862,248.27506799999998,244.03970731707318,21.41444512195122,-0.458592,292.489802862,200.115521062,292.365738762,197.391621062,12.232585185711335
US-Wkg,2017,NDVI,65,31,28.0,1,0,0.1461892287553869,double_logistic,0.9841490011448992,0.0129530773114507,0.9922805227053256,0.1610766729949422,0.6144989621310378,194.8645758178898,0.1221640658998791,250.64457063963005,0.0339291198421866,218.25,0.3154763444603435,181.25,194.25,206.75,327.25,269.25,234.5,True,,255.58333333333334,337.94444444444446,172,75.0,312.5771698,226.3624639,249.39878082191782,22.141897260273975,,315.46925180000005,210.366247,316.49107397,277.826377,12.94741857131129
US-Wkg,2018,NDVI,100,45,36.0,1,0,0.1461892287553869,double_logistic,0.9662513506882312,0.0137711729399431,0.9829860272446004,0.15072371049101,0.4646915512196071,205.13465949715064,0.0694755126542576,276.5596418266984,0.0300123906748641,239.0,0.2098841640492431,175.5,201.0,222.25,364.5,299.5,259.75,True,,255.58333333333334,337.94444444444446,172,98.5,268.3772747,275.550165,222.8659947089947,18.63846560846561,,271.4209917,194.32189,266.00078140000005,180.38878999999997,12.1330367234462
US-Wkg,2019,NDVI,104,44,30.0,0,0,0.1461892287553869,double_logistic,0.8550591861599801,0.0286278033010872,0.9258954048705832,0.1698964914998605,0.6042241340213969,240.0,0.0299527240764082,291.2072325639191,0.0493950886295275,259.0,0.2038280671689819,140.0,203.0,239.25,335.5,302.25,276.75,True,,255.58333333333334,337.94444444444446,172,99.25,272.86836581000006,264.93987500000003,251.5137551020408,21.670607142857143,31.575,241.62379481000002,192.86808630000002,241.92063881,153.09265320000003,11.569616285609936
US-Wkg,2021,NDVI,109,43,35.0,0,0,0.1461892287553869,double_logistic,0.9499938562736406,0.0257651313933466,0.9747719842955018,0.1624266849939792,0.7505277806386204,211.46521137113385,0.1356527306285502,249.90275067442047,0.0408022524134928,230.5,0.3633836041366266,200.25,211.0,221.5,316.75,269.75,243.25,True,,255.58333333333334,337.94444444444446,172,58.75,216.310695526,181.81106087999999,234.87876724137936,21.441344827586207,,215.05684339599998,148.57184687,216.84810029599998,177.46060687,12.673427102535017
US-Wkg,2022,NDVI,121,44,37.0,1,0,0.1461892287553869,double_logistic,0.9720380504556652,0.0208820427837862,0.98592609258705,0.1678201411328718,0.8893168708014361,196.55231999857872,0.082564476660037,244.91187488780605,0.0301468674767593,224.25,0.4030694560225224,177.5,194.75,211.25,338.75,276.25,241.5,True,,255.58333333333334,337.94444444444446,172,81.5,368.9679267,259.48666376,232.46135403726706,19.342701863354037,,367.9346346251,233.9776564251,368.0455886251,285.4571764251,12.72918768351477
US-Wkg,2025,NDVI,130,56,44.0,0,0,0.1461892287553869,double_logistic,0.8972191169986798,0.0226778833595965,0.9477220257060872,0.1505055194328649,0.3260941290089509,205.6233967691797,0.1799700588553304,318.20718370489976,0.0529765888204871,236.5,0.1726280423829012,193.5,205.5,217.25,360.25,319.0,279.75,True,,255.58333333333334,337.94444444444446,172,113.5,138.28479570000002,132.691685482115,217.76313173652693,20.478874251497004,,132.66622632000002,98.29470562,132.47236921999996,64.62169162,11.471704876044596
US-Wkg,2013,NIRv,14,8,8.0,0,19,0.0288706343966394,double_logistic,0.8710937854698102,0.0075858520638562,0.9338141340265812,0.0377281075625107,0.1246034903943425,199.19858951370253,0.1818649429116936,244.632199161473,0.0459901237208313,216.0,0.0646067630161686,189.75,199.0,207.75,299.5,256.25,229.0,True,,245.225,321.5,172,57.25,163.643742694,172.966137,254.6295727272727,22.139181818181815,,158.37766529400002,92.90166797999998,158.59687943400002,111.51210498,13.112170745700633
US-Wkg,2015,NIRv,22,11,9.0,0,9,0.0288706343966394,double_logistic,0.8679062847997943,0.0065861384908689,0.9318646893816162,0.0310140383753918,0.0947398346148212,151.65595956997453,0.0188432308654809,290.82450050997346,0.0521329207389887,235.75,0.0494677521548186,20.5,127.75,198.5,331.0,294.75,263.5,True,,245.225,321.5,172,167.0,459.168994,379.05723018407195,253.75748553054666,18.790305466237943,161.57777800000002,298.112093,219.476738,294.79765699999996,169.191598,12.008318735645167
US-Wkg,2016,NIRv,46,21,16.0,0,0,0.0288706343966394,double_logistic,0.9530353077732824,0.0045501795090007,0.9763379349743508,0.0323806882222158,0.1623342098157397,210.39182675820655,0.0406396326852546,260.11559368092657,0.0390769432867159,235.75,0.0595922436080028,140.5,188.0,217.75,334.25,285.0,254.5,True,,245.225,321.5,173,97.0,289.471551762,252.886659,264.8244072164948,21.96559278350516,-3.3283984,292.573558162,195.325881062,292.247487062,171.08942106199999,12.307008014716542
US-Wkg,2017,NIRv,65,31,28.0,1,0,0.0288706343966394,double_logistic,0.959211638152636,0.0054095427020198,0.9796107059057296,0.0325971122626765,0.1391251293239054,193.50214398972076,0.1308086548894483,261.44714238493896,0.0337260273762808,217.75,0.0823870765067342,179.5,193.0,205.5,335.0,275.25,236.5,True,,245.225,321.5,172,82.25,315.62768619999997,230.8426389,245.73757051282053,22.01575,,316.43194719999997,219.576007,314.4755608,254.714057,12.885940099176551
US-Wkg,2018,NIRv,100,45,36.0,1,0,0.0288706343966394,double_logistic,0.9048872613337884,0.0051757092824355,0.9519806775300064,0.0313449646126148,0.0944344159381966,204.2327607344781,0.0586492135922613,271.5880323839732,0.0514485231695082,237.25,0.0459290850341667,161.75,196.25,220.75,320.75,281.75,254.75,True,,245.225,321.5,172,85.5,258.74852824,276.139206,256.1894276729559,21.686490566037737,-2.13282176,261.47943699999996,176.75736999999998,262.14119,145.88444999999996,12.298751452735846
US-Wkg,2019,NIRv,104,44,31.0,0,0,0.0288706343966394,double_logistic,0.8103695776531705,0.0074891364349788,0.9038640047037336,0.0285766463601438,0.1181948944850214,228.40161412416265,0.0191601852288427,298.02192587548285,0.0446782732687348,252.25,0.0446057251299529,74.75,171.75,225.5,334.25,303.5,274.75,True,,245.225,321.5,172,131.75,359.90841041,317.979929,263.54886153846155,20.429707692307694,118.84411459999998,241.39472481,188.4262163,238.33422869999998,134.08918319999998,11.63529900888121
US-Wkg,2020,NIRv,115,55,76.0,0,0,0.0288706343966394,double_logistic,0.935184647434617,0.0026152541099633,0.9671992621531056,0.029159303005209,0.0586109659801329,110.19547887323536,0.1087145735391446,248.42100574085543,0.0244404479152224,147.75,0.0266460977397036,91.25,109.75,127.25,343.0,256.25,188.0,True,,245.225,321.5,173,146.5,177.84635612,213.858130555338,268.62272619047616,22.24802380952381,130.39249799999996,48.29828912,12.518388999999999,51.385710419999995,46.702458,13.99026134377624
US-Wkg,2021,NIRv,109,43,35.0,0,0,0.0288706343966394,double_logistic,0.9577148056703244,0.0071761796085495,0.9791678840382888,0.0360838722089245,0.2861610527164072,217.10749544675076,0.1376851557592568,238.63738720036383,0.072980717983801,230.25,0.1269713075940753,202.5,214.25,223.5,278.75,253.0,238.25,True,,245.225,321.5,172,38.75,201.78834700000002,168.13070499999998,244.99163157894728,23.027960526315788,,201.95553687000003,130.00611687,215.411530396,154.78297687,12.831545097826872
US-Wkg,2022,NIRv,121,44,37.0,1,0,0.0288706343966394,double_logistic,0.9658347231990192,0.0068357708624217,0.9827858068248102,0.0354452851268939,0.3145067143475807,203.6573467251912,0.0730804710317243,238.9273896773796,0.0454982946429577,225.25,0.1338552340942673,173.0,196.25,213.5,304.5,262.75,238.75,True,,245.225,321.5,172,66.5,360.29735642509996,264.757293,250.1461666666667,21.621492424242422,,359.8120864251,218.6526764251,366.45304742509995,250.3479564251,12.81590699953154
US-Wkg,2025,NIRv,130,56,45.0,0,0,0.0288706343966394,double_logistic,0.8762015006666207,0.0069402256480561,0.9367164738696572,0.0407249473471005,0.0895015211213502,201.98789182742183,0.171001912921389,303.2198428330986,0.0719332959413521,235.5,0.0482478576725935,189.25,202.0,214.5,334.0,303.75,274.25,True,,245.225,321.5,172,101.75,137.25316981,133.2849051,232.7962206896552,21.76731034482759,,132.26966652,90.37395562,132.03984952000005,53.88667362000001,11.651763353951955
