site_id,year,vi_index,n_obs,n_obs_after_doy200,n_winter_fill,n_clim_fill,background,method,r2,rmse,corr,vmin,vmax,S,greenup_kinetic_i,A,senescence_kinetic_i,peak_doy,amplitude,leaf_out_10,leaf_out_50,leaf_out_90,EOS10,EOS50,EOS90,qc_pass,qc_reason
CA-Gro,2008,GCC,62,62,12,20,0.334935,double_logistic,0.5954081079998399,0.001941538342452077,0.7726656769365229,0.33506745129272086,0.38622928347292607,139.14040889018764,0.3063825142430108,275.35683514044405,0.0771538811389931,170.25,0.05114274170609151,,,,,,,False,low_r2
CA-Gro,2009,GCC,261,84,0,9,0.334935,double_logistic,0.958482773642359,0.004081356238795219,0.9791919710170457,0.33745268384907284,0.39597154965102427,147.1134169870535,0.20585454413411147,280.8499487180005,0.1934608611007913,212.0,0.05851867718914927,136.5,147.25,158.0,292.25,281.0,269.5,True,
CA-Gro,2010,GCC,353,155,0,0,0.334935,double_logistic,0.9513601730539576,0.005179007677372106,0.9758334189751564,0.3393289408090179,0.3866416688586483,136.1447810402806,0.9999999999999999,273.83615079881605,0.24411240155911287,164.25,0.04731272804948694,134.0,136.25,138.5,283.0,274.0,265.0,True,
CA-Gro,2011,GCC,281,138,3,0,0.334935,double_logistic,0.9437440401864093,0.005769558696792609,0.9722611801659673,0.33930608607308604,0.39007749895982585,139.896763729942,0.44292802848664603,272.41519271978257,0.10412525132194349,167.75,0.05077025144130587,135.0,140.0,145.0,293.75,272.5,251.5,True,
CA-Gro,2012,GCC,21,0,9,26,0.334935,double_logistic,-0.021614891878382947,0.002799639515830902,-0.05855238340996572,0.33662753633366754,0.38632229444962635,139.02372481655854,0.3360696137194136,273.9842054859671,0.12460785921812255,177.75,0.04969433950365326,,,,,,,False,few_autumn_obs;low_r2
CA-TP1,2012,GCC,213,146,5,8,0.32437,double_logistic,0.9501463348162388,0.0028180583254414685,0.9748431452850786,0.3181910731631586,0.3689006306963541,109.85637102325775,0.03318284601323161,293.57527613979306,0.025879468216569047,195.25,0.04420226441515812,,,,,,,False,dates_missing_or_out_of_order
CA-TP1,2013,GCC,324,158,0,0,0.32437,double_logistic,0.9585462467497685,0.002886106552884112,0.9790592974844391,0.32301989623689825,0.36271934983847137,122.5862947146153,0.04765977768118187,297.68658428573144,0.036729737811315145,202.0,0.037670439944178846,75.5,120.75,161.0,359.25,300.5,249.25,True,
CA-TP1,2014,GCC,345,149,0,0,0.32437,double_logistic,0.9506222517842033,0.0031460745904906993,0.9751252528841873,0.3237240952774103,0.3612142123731484,116.62214626653308,0.059137329701623685,313.40253604870503,0.03279279631355991,193.5,0.03637579256208251,,,,,,,False,dates_missing_or_out_of_order
CA-TP1,2015,GCC,352,155,0,0,0.32437,double_logistic,0.9597449849855797,0.0028201846944910344,0.9796867982135025,0.32386127761545896,0.36399212459614494,111.0518374616351,0.05862940519515394,320.9140530511883,0.023612669974943993,183.0,0.038059948044024516,,,,,,,False,dates_missing_or_out_of_order
CA-TP1,2016,GCC,310,129,1,0,0.32437,double_logistic,0.921000347001771,0.0035122870587938515,0.9598130526590909,0.32424736144527233,0.36361891884319575,100.92854526509753,0.030739188943709476,314.9423469065116,0.033513253814980104,211.0,0.036906826182138364,,,,,,,False,dates_missing_or_out_of_order
CA-TP1,2017,GCC,320,150,0,0,0.32437,double_logistic,0.9130481919347824,0.003704194633842319,0.9556412598987734,0.3252354821416485,0.3594404524465236,95.48857957966432,0.04522630451561013,316.9322923729981,0.04399306619436017,205.0,0.033718238764463504,,,,,,,False,dates_missing_or_out_of_order
CA-TP1,2018,GCC,336,151,0,0,0.32437,double_logistic,0.9331119082853989,0.003525507752141413,0.9660748235087953,0.3269405198739826,0.36173056617884936,117.24859096691537,0.06423795659497498,302.6323996799792,0.04194461716726853,194.5,0.03417933952537805,83.0,116.75,149.25,355.5,303.5,254.25,True,
CA-TP1,2019,GCC,327,150,0,0,0.32437,double_logistic,0.9369595607329094,0.003708064981899274,0.968078982023997,0.324600290962965,0.36522991855149184,111.11632906143313,0.0455758635008553,313.6188058780778,0.03710129361375954,204.5,0.0393648166067912,,,,,,,False,dates_missing_or_out_of_order
CA-TP1,2020,GCC,339,149,0,0,0.32437,double_logistic,0.9250455573769394,0.003812142595651319,0.9619507579824313,0.3258886337680517,0.36778494937613787,106.88176408371169,0.03433198037898431,314.5572528501163,0.03261716475115937,208.75,0.03937737669659436,,,,,,,False,dates_missing_or_out_of_order
CA-TP1,2021,GCC,346,159,0,0,0.32437,double_logistic,0.9353937468658035,0.00335193972592769,0.9673485170590668,0.32625025992858386,0.3600720482010328,82.93059772061731,0.08763147366509207,320.01152339028727,0.04077509194111756,164.25,0.03373571852805579,,,,,,,False,dates_missing_or_out_of_order
CA-TP1,2022,GCC,283,147,4,0,0.32437,double_logistic,0.9363740129479938,0.003078672358495996,0.9677741581750433,0.3248363860553841,0.3597420993496895,97.87283175428803,0.049933233470825636,326.0003215794301,0.04936743457736187,211.5,0.03466419058096365,,,,,,,False,dates_missing_or_out_of_order
CA-TP1,2023,GCC,359,162,0,0,0.32437,double_logistic,0.9074285842187001,0.0037193111746079387,0.9527737579030695,0.32932884689504216,0.3624981957952071,104.62041795593098,0.054978270924028086,302.43048875677545,0.03257178930355532,184.5,0.032066617608720926,,,,,,,False,dates_missing_or_out_of_order
CA-TP3,2012,GCC,328,163,3,0,0.31821,double_logistic,0.872907413542696,0.005180281635979995,0.9343440459049277,0.3107287972720696,0.37472520219588235,70.06776228784179,0.032151293483254274,327.4045141122071,0.0216995372987388,181.5,0.05967588514607469,,,,,,,False,dates_missing_or_out_of_order
CA-TP3,2013,GCC,361,164,0,0,0.31821,double_logistic,0.9312624731842323,0.0046589921013035305,0.9650744484310662,0.3226613156107731,0.3672055946813894,107.35570524910825,0.08784254410265098,324.5471331274649,0.03610228927312362,177.75,0.04423126934761318,,,,,,,False,dates_missing_or_out_of_order
CA-TP3,2014,GCC,355,158,0,0,0.31821,double_logistic,0.9255667844421239,0.004767233767965949,0.9621045740990064,0.32352336229768436,0.3691742707920908,110.19027914260813,0.06365338421229734,306.01941746177476,0.034292884324121586,185.25,0.04455556471116617,,,,,,,False,dates_missing_or_out_of_order
CA-TP3,2015,GCC,353,158,0,0,0.31821,double_logistic,0.9295924427489954,0.004611510498774414,0.9642844758456638,0.3190497648432989,0.362399451710625,107.17603597252726,0.09622694245321965,319.6057681313223,0.035555356441447,172.0,0.04303843944423763,,,,,,,False,dates_missing_or_out_of_order
CA-TP3,2016,GCC,340,141,0,0,0.31821,double_logistic,0.8432315568066058,0.006416386653433015,0.9204588859225693,0.3189442371518414,0.3607058331903573,106.47776541185385,0.04746630672162653,320.2449510364899,0.04805395802790838,214.0,0.04125776416595067,,,,,,,False,dates_missing_or_out_of_order
CA-TP3,2017,GCC,360,162,0,0,0.31821,double_logistic,0.9051744644578545,0.004805036421652115,0.951529125821152,0.3185693561012017,0.3650893254531484,99.39171902263567,0.037458887115576656,304.0896591386125,0.03162116846643094,195.75,0.043828751455159076,,,,,,,False,dates_missing_or_out_of_order
CA-TP3,2018,GCC,223,89,0,7,0.31821,double_logistic,0.8941550123260944,0.006287329359710924,0.9470235980582629,0.31970411677360244,0.36812705762326503,122.85146491471647,0.07972848324805035,274.1091425569141,0.04764148090418451,183.5,0.04740372417486993,95.25,122.5,148.5,320.75,275.0,232.25,True,
CA-TP3,2019,GCC,349,162,0,0,0.31821,double_logistic,0.7208010159230791,0.008629979652590485,0.8542942538902891,0.31733823562310404,0.3628409251703567,137.79651231775082,0.037186298359382086,291.7809733120885,0.04255564423543686,218.0,0.04142022039489485,,,,,,,False,low_r2
CA-TP3,2020,GCC,303,133,1,0,0.31821,double_logistic,0.8210398549222407,0.00712146439036342,0.9067713202111023,0.31817739857990995,0.3646747949433951,119.80501368211885,0.04897874849719473,316.99940905023504,0.031219860641188372,202.5,0.04443383640019799,,,,,,,False,dates_missing_or_out_of_order
CA-TP3,2021,GCC,230,156,0,0,0.31821,double_logistic,0.787251460129716,0.007719034807433721,0.8918024000259377,0.3135899357920853,0.37049562850367146,110.69421751705816,0.02543471312606701,292.2169987124358,0.027997463421239814,203.75,0.047616808958358126,,,,,,,False,low_r2;dates_missing_or_out_of_order
CA-TP3,2022,GCC,340,155,0,0,0.31821,double_logistic,0.7482854174504423,0.007381767593219283,0.8708118199414497,0.3176906511245192,0.3540173826253005,116.42969885178057,0.05937445719358612,296.4788248915896,0.04715094853146351,198.25,0.03569641634741838,,,,,,,False,low_r2
CA-TP3,2023,GCC,349,159,0,0,0.31821,double_logistic,0.7479660979445932,0.0070413773774143295,0.8707668449863266,0.318627349865087,0.3535568800683132,119.46973960835915,0.06544245381615273,271.1780783021546,0.053450383864265455,189.5,0.03413777472261886,,,,,,,False,low_r2
CA-TP4,2012,GCC,328,163,2,0,0.317865,double_logistic,0.8724896698061695,0.005193588426883094,0.9341267235628233,0.31097653355245647,0.3746812984243428,70.31190307870456,0.03226905226618074,327.10386973388455,0.021785281722638713,181.5,0.05942740736643737,,,,,,,False,dates_missing_or_out_of_order
CA-TP4,2013,GCC,361,164,0,0,0.317865,double_logistic,0.930607957093355,0.004691684263579971,0.9647323026825028,0.32258771824941573,0.3672077202156135,107.31187608339418,0.08770959282919294,324.6408354475533,0.036060357614025276,177.75,0.044305339923244924,,,,,,,False,dates_missing_or_out_of_order
CA-TP4,2014,GCC,355,158,0,0,0.317865,double_logistic,0.9247643577326679,0.004801838280794603,0.9616918668576366,0.32347478140804337,0.3691819443819812,110.15492319122976,0.0635638048437034,306.08154804849016,0.03424331663893696,185.25,0.0446060506358304,,,,,,,False,dates_missing_or_out_of_order
CA-TP4,2015,GCC,353,158,0,0,0.317865,double_logistic,0.9293634568537559,0.004637511936801185,0.9641668679737557,0.31882643772765584,0.3624064703639481,107.046783753546,0.09563357161828297,319.90731347959303,0.03545121181338861,172.25,0.043263853389246265,,,,,,,False,dates_missing_or_out_of_order
CA-TP4,2016,GCC,340,141,0,0,0.317865,double_logistic,0.8430958464164435,0.006442897834687526,0.9203634902023571,0.3187317237235247,0.360712462476918,106.25735947185028,0.04728628212859947,320.486699599902,0.04782328905206118,213.75,0.04146873070138263,,,,,,,False,dates_missing_or_out_of_order
CA-TP4,2017,GCC,360,162,0,0,0.317865,double_logistic,0.9039871298526657,0.004851463574317284,0.9509181714609596,0.3184137384841349,0.3650992491313485,99.17979494004939,0.03728071482570173,304.27670861324617,0.031609678235791944,195.75,0.04398019884200849,,,,,,,False,dates_missing_or_out_of_order
CA-TP4,2018,GCC,223,89,0,7,0.317865,double_logistic,0.8931452862725971,0.00634751913603149,0.9464862391888033,0.3194929806782001,0.36817062623634284,122.78402559795684,0.07868087181681188,274.0757008658347,0.04760220230384391,184.0,0.04762723812149827,94.75,122.5,148.5,320.75,275.0,232.25,True,
CA-TP4,2019,GCC,349,162,0,0,0.317865,double_logistic,0.7203941784340837,0.008693182818552248,0.8540765128369427,0.3170121695298311,0.3628514789091543,137.39297668600116,0.03704028800276317,292.13129687156373,0.0423521262864944,218.0,0.04173311249778289,,,,,,,False,low_r2
CA-TP4,2020,GCC,303,133,1,0,0.317865,double_logistic,0.8208604370574009,0.007156423579193388,0.906676850825372,0.3178821063914839,0.36473264903703206,119.54147470188634,0.048576671047401786,317.3461491530788,0.031001414304422666,202.5,0.04473719113735153,,,,,,,False,dates_missing_or_out_of_order
CA-TP4,2021,GCC,230,156,0,0,0.317865,double_logistic,0.7870438847997874,0.007757221941911056,0.8916632158428521,0.31321193048703544,0.37056959848067184,110.17035499536256,0.025300716235182805,292.64401660093966,0.02782887627313897,203.5,0.04798611388163171,,,,,,,False,low_r2;dates_missing_or_out_of_order
CA-TP4,2022,GCC,340,155,0,0,0.317865,double_logistic,0.7497172071456535,0.007415823537649546,0.8715498800802302,0.3173600339618269,0.3540055659096589,116.08746439073033,0.0591341350015095,296.8817772075607,0.04702006492250598,198.25,0.03601197170049064,,,,,,,False,low_r2
CA-TP4,2023,GCC,349,159,0,0,0.317865,double_logistic,0.7489388832234221,0.007080432633035422,0.8712073331070528,0.31829721538997624,0.35361254505516587,119.232790901866,0.06494153712313003,271.5941417248534,0.05222588495658463,189.0,0.03447247767649941,,,,,,,False,low_r2
CA-TPD,2012,GCC,314,164,2,0,0.320185,double_logistic,0.9763941969736933,0.005776737499642962,0.9882609324914422,0.31979392659925543,0.4006172133308097,129.12166456704867,0.33912317536955194,272.52208261871573,0.10051501271103785,164.75,0.08082123375348393,122.75,129.25,135.75,294.5,272.75,250.75,True,
CA-TPD,2013,GCC,362,163,0,0,0.320185,double_logistic,0.9732741950508503,0.0062634066370192655,0.9867189230557959,0.3200653011373226,0.40348496281258733,132.38834368917057,0.3215415493638608,274.3548476397982,0.09084527137328359,166.75,0.08341359394314846,125.75,132.5,139.25,298.75,274.5,250.25,True,
CA-TPD,2014,GCC,353,156,0,0,0.320185,double_logistic,0.9740144691047935,0.0058195721764705425,0.9870304697625376,0.32075360260749014,0.40140202348969384,144.25774506237877,0.5225362939140383,272.7623049526175,0.0822249448410207,164.75,0.08063541154481785,140.25,144.5,148.5,299.5,273.0,246.25,True,
CA-TPD,2015,GCC,355,162,0,0,0.320185,double_logistic,0.9746708637126182,0.00574486476188233,0.9874280104141063,0.3209318943019801,0.39757989507628405,132.418365897673,0.45212323246393277,274.87759311532176,0.1373273123580877,167.75,0.07664796063715917,127.75,132.5,137.5,291.0,275.0,259.0,True,
CA-TPD,2016,GCC,334,138,0,0,0.320185,double_logistic,0.9814795933887019,0.00505023197337556,0.9907085472090807,0.31990802440367305,0.402603974045911,142.87532782370408,0.5067958844438031,276.88787761548326,0.07716309405924236,163.75,0.08268048018065938,138.75,143.0,147.25,305.5,277.0,248.5,True,
CA-TPD,2017,GCC,318,131,2,0,0.320185,double_logistic,0.9687223397999776,0.006172660020626225,0.9843460168232784,0.31922201188021676,0.3993042887254869,139.6205284297026,0.436402828794608,269.9017193628224,0.05500528267432658,158.5,0.07988680043594415,134.75,139.75,144.75,310.0,270.0,230.5,True,
CA-TPD,2018,GCC,238,91,5,6,0.320185,double_logistic,0.9786953039852607,0.005172846441695956,0.9894224758820496,0.3206975812364366,0.4021065707991905,140.55108480749246,0.5459808028481935,280.07290851054677,0.11357018481634663,167.0,0.08140873042226715,136.75,140.75,144.75,299.5,280.25,260.75,True,
US-Bar,2015,GCC,60,60,11,22,0.33761,double_logistic,-0.02811531865194472,0.0016770220374868617,-0.013962180534933531,0.33908570107005825,0.43507363881353245,134.25937156149632,0.3467854594012939,263.9347794744125,0.10735350384306334,167.5,0.09598392882053763,,,,,,,False,low_r2
US-Bar,2016,GCC,353,154,1,0,0.33761,double_logistic,0.9794755305105717,0.006553433008786752,0.9896918776699105,0.33734431759011163,0.4393976659914136,137.36611489271473,0.3544538795590646,265.3783672247923,0.10234211042253608,168.75,0.10204666685817071,131.25,137.5,143.75,287.0,265.5,244.0,True,
US-Bar,2017,GCC,345,165,2,0,0.33761,double_logistic,0.9799550988744186,0.005802807788288695,0.9899665906302386,0.33737372760205614,0.43476414881953607,133.06501393040654,0.22721164008868408,257.86079822813014,0.061981252143955536,164.25,0.09701562012409182,123.5,133.25,142.75,293.5,258.0,223.25,True,
US-Bar,2018,GCC,348,148,0,0,0.33761,double_logistic,0.9785940648520995,0.006082696225938287,0.9892888378094282,0.3384880327694005,0.43008387436334333,132.2280591727671,0.33137397882499103,268.79603166048855,0.08584074668833769,163.5,0.09158207473976171,125.75,132.25,139.0,294.5,269.0,243.25,True,
US-Bar,2019,GCC,365,165,0,0,0.33761,double_logistic,0.9724828578950628,0.006568111998982463,0.9861925377045848,0.3396127773312745,0.42520772000385465,137.67601438071392,0.3932365599679064,272.6285209247293,0.12924256631902126,173.25,0.08559464456002741,132.25,137.75,143.5,289.75,272.75,255.75,True,
US-Bar,2020,GCC,366,166,0,0,0.33761,double_logistic,0.9807057471512183,0.0065536821074270125,0.9903115868880044,0.3374304749128039,0.4470081818736906,140.1246586804697,0.5409483065205261,260.34211342960737,0.07818277812464601,158.5,0.10953426711485409,136.25,140.25,144.25,288.5,260.5,232.5,True,
US-Bar,2021,GCC,365,165,0,0,0.33761,double_logistic,0.9800190752968889,0.0064811885687082035,0.9899688136234669,0.33771758907750915,0.4416999417623578,131.6808309312572,0.44200620841899485,261.0485342276563,0.08118565169737396,155.0,0.10395992367390527,126.75,131.75,136.75,288.25,261.25,234.25,True,
US-Bar,2022,GCC,360,165,0,0,0.33761,double_logistic,0.9738271796320758,0.007558949267821239,0.9868412487745379,0.34095449794585186,0.4422337276087926,133.47713754540453,0.5820994559139337,266.564455718005,0.13838098407792568,161.0,0.10127917265724784,129.75,133.5,137.5,282.5,266.75,250.75,True,
US-Bar,2023,GCC,365,165,0,0,0.33761,double_logistic,0.9697512355017588,0.007184615337918971,0.9847889689905654,0.34009824189636667,0.4331675290193755,129.73928591339808,0.44232205082725845,263.87901771265865,0.07211692414456496,152.0,0.09303521170337548,125.0,129.75,134.75,294.5,264.0,233.5,True,
US-ChR,2008,GCC,147,2,0,18,0.33472,double_logistic,0.9685295062832384,0.003551880818173876,0.9844511025966545,0.33552021442442664,0.3946389407065156,112.2795149479162,0.28429343003616747,157.15106860143524,0.054652815790228675,125.25,0.04887369051827711,,,,,,,False,few_autumn_obs;eos90_too_early
US-ChR,2009,GCC,271,129,0,0,0.33472,double_logistic,0.8376762208444232,0.006453307094056277,0.918813348448229,0.33576539607340167,0.36677836961038884,103.17429464521264,0.21429106879637183,288.7287645443443,0.12727105696412844,173.75,0.031012951467261074,93.0,103.25,113.5,306.0,288.75,271.5,True,
US-ChR,2010,GCC,357,163,0,0,0.33472,double_logistic,0.8806645484608518,0.005515292062943166,0.9397491814602865,0.3340436213724741,0.37038912919606487,97.33696492456711,0.5553476847966385,263.6603974546524,0.029947836990596454,110.75,0.035955185334630047,93.5,97.5,101.5,337.5,264.5,193.75,True,
US-ChR,2011,GCC,332,159,0,0,0.33472,double_logistic,0.8876139973431159,0.004565828253890821,0.9441247188588028,0.33483275421870073,0.36100973952079507,96.93280718519533,0.44835027935946736,290.9427502148631,0.12346058272407615,141.0,0.026176984994415675,92.25,97.0,102.0,308.75,291.0,273.25,True,
US-ChR,2012,GCC,352,165,0,0,0.33472,double_logistic,0.9150068132576312,0.004213729395388968,0.9568213905262926,0.33461508513965277,0.3715355781833925,84.73473463027875,0.40568587727661287,243.37186973424778,0.02411909107228546,100.25,0.035718600498025554,,,,,,,False,eos90_too_early
US-ChR,2013,GCC,357,165,0,0,0.33472,double_logistic,0.915421736148712,0.0038509698157825067,0.957035777194072,0.33626708572186137,0.3725015462138835,104.50461732431624,0.4411739521800052,236.2494573897723,0.02229035275668401,117.5,0.03371970351727227,,,,,,,False,eos90_too_early
US-ChR,2014,GCC,351,152,0,0,0.33472,double_logistic,0.899826742656972,0.004124362143835421,0.9498289799905186,0.33524854626610556,0.3624942205943679,102.8327592808219,0.5137665560370452,275.6599677032847,0.05157790134647574,122.75,0.027234462537122806,98.75,103.0,107.25,318.5,275.75,233.25,True,
US-ChR,2015,GCC,326,159,0,0,0.33472,double_logistic,0.9044200274074001,0.00390551559013289,0.9515978469734193,0.33501342115798804,0.3660871423008499,99.55700947116677,0.4819374107048519,254.39961814740425,0.028075475168142745,113.75,0.03045280782245713,95.25,99.75,104.25,333.5,256.0,182.75,True,
US-ChR,2016,GCC,186,0,0,18,0.33472,double_logistic,0.9603523249995733,0.0027608237255487647,0.9801302773196147,0.3389747972370361,0.3789404998929994,99.02390517134658,0.1743639063315034,176.08758946845492,0.018963622556955634,121.0,0.028716878721948225,,,,,,,False,few_autumn_obs;eos90_too_early
US-Ha1,2008,GCC,269,163,10,0,0.37252,double_logistic,0.946393015176932,0.007667534776112305,0.973155501061873,0.37216958636420533,0.4402280690174333,132.8689820094946,0.3383581888159829,286.59034990030233,0.21447704353220204,193.25,0.06805848242442375,126.5,133.0,139.5,297.0,286.75,276.5,True,
US-Ha1,2009,GCC,357,158,0,0,0.37252,double_logistic,0.9436923976615494,0.0077405385137505785,0.971776379884264,0.3717462262654138,0.4429975500911173,127.57063525245627,0.29877640063309013,277.77449953062705,0.060584259929967334,157.25,0.07119327637599776,120.25,127.75,135.0,314.25,278.0,241.75,True,
US-Ha1,2010,GCC,356,165,0,0,0.37252,double_logistic,0.935950235883521,0.008182491663267738,0.9681281220667082,0.3728544010039471,0.4387980079023733,120.66446722529187,0.829140582682387,276.6541707191664,0.105772050110494,140.5,0.06594356544140606,118.25,120.75,123.5,297.5,276.75,256.0,True,
US-Ha1,2011,GCC,362,163,0,0,0.37252,double_logistic,0.9503271915798579,0.007682146508287463,0.9751089215029104,0.37273344561118865,0.44535304517221713,131.46401967552845,0.3916046768465998,286.55713790473266,0.08818315643612545,163.0,0.07261793878656947,126.0,131.5,137.25,311.5,286.75,261.75,True,
US-Ha1,2012,GCC,363,165,0,0,0.37252,double_logistic,0.946303749097353,0.008311399138727643,0.9731200851904902,0.37358777345094474,0.4512679773625176,126.13378267147093,0.2929222214356265,275.90196930297947,0.07147339206475979,159.5,0.07765685720041632,118.75,126.25,133.75,306.75,276.0,245.25,True,
US-Ha1,2013,GCC,365,165,0,0,0.37252,double_logistic,0.9537739991779848,0.0077911245935918475,0.9769764058842819,0.3731147687373156,0.4501904904497728,128.11272860283387,0.4578388383963347,275.9238819831008,0.08277523354419603,154.0,0.07707198206594557,123.5,128.25,133.0,302.5,276.0,249.5,True,
US-Ha1,2014,GCC,361,161,0,0,0.37252,double_logistic,0.9644012268302586,0.007573252153456944,0.982142851376815,0.37380913340512584,0.4565202387543495,134.9278728523434,0.4257064764431309,284.8331869011038,0.2010417042496911,184.25,0.0827111051496831,130.0,135.0,140.25,296.0,285.0,274.0,True,
US-Ha1,2015,GCC,365,165,0,0,0.37252,double_logistic,0.9740562068251413,0.006073877664938359,0.9870485995703814,0.3737168362504077,0.4515834799053315,129.81062616195456,0.4258910525102106,291.2443405085636,0.16438745066440863,176.5,0.0778666429742309,124.75,130.0,135.0,304.75,291.25,278.0,True,
US-Ha1,2016,GCC,364,165,0,0,0.37252,double_logistic,0.9637053596705257,0.007646032406253844,0.981785413400011,0.3746503086912743,0.4586656691160453,136.5971124738757,0.3052167514688814,289.95805626236034,0.14269483497385305,187.25,0.08401530794640799,129.5,136.75,144.0,305.5,290.0,274.75,True,
US-Ha1,2017,GCC,365,165,0,0,0.37252,double_logistic,0.9241864425427785,0.010662848486919584,0.9625194408543906,0.3747902170192381,0.45128222834907517,133.00145495027456,0.328250956784073,297.8262856311779,0.15211231077750983,186.75,0.07649200615152157,126.5,133.25,139.75,312.5,298.0,283.5,True,
US-Ha1,2018,GCC,349,149,0,0,0.37252,double_logistic,0.9572887654343195,0.008060125446713116,0.9785256969278487,0.37508751572753524,0.4557367251311857,131.43222962288039,0.3653678870864132,295.85044540136954,0.11505555353139628,173.25,0.08064913041119731,125.5,131.5,137.5,315.0,296.0,277.0,True,
US-Ha1,2019,GCC,348,152,0,0,0.37252,double_logistic,0.9510796337316406,0.008308205330126623,0.9755178242676386,0.37626400126305837,0.4518395882038351,134.3606975250346,0.26980532377757516,287.5599697946523,0.2457993601474263,207.5,0.07557558652260637,126.25,134.5,142.75,296.5,287.75,278.75,True,
US-Ha1,2020,GCC,350,165,0,0,0.37252,double_logistic,0.9653389701696293,0.0066844624273607045,0.9826927224914076,0.3774865789572841,0.45052167055530296,141.22227930742304,0.5393943924628204,288.620359682494,0.22828465685714558,186.25,0.07303509159077193,137.25,141.25,145.5,298.25,288.75,279.0,True,
US-Ha1,2021,GCC,365,165,0,0,0.37252,double_logistic,0.9467931693392622,0.008688632081873532,0.9732775723385954,0.3774716401600236,0.45439337738566676,134.12787180974817,0.45708680246187233,297.7646980451776,0.12898455424858177,172.25,0.07692172798158409,129.5,134.25,139.0,315.0,298.0,280.75,True,
US-Ha1,2022,GCC,365,165,0,0,0.37252,double_logistic,0.9701621715751394,0.006185726168435663,0.985174304632596,0.3776417423317514,0.4509078725357857,134.346662889574,0.7144283243727311,284.0729486699663,0.20095033278687024,168.5,0.07326613019617334,131.5,134.5,137.5,295.25,284.25,273.25,True,
US-Ha1,2023,GCC,357,160,0,0,0.37252,double_logistic,0.9403602326770374,0.007918201499868431,0.9702358162113947,0.3767789726007556,0.44101155080166865,127.66222492281601,0.3673368049696538,295.2323953573044,0.21271286942334258,190.0,0.06423257818142009,121.75,127.75,133.75,305.75,295.25,285.0,True,
US-Ha1,2024,GCC,364,164,0,0,0.37252,double_logistic,0.9506258166115586,0.007499734447312135,0.9755713736888243,0.37685052667855623,0.44389330172039015,129.80342039384192,0.34856340991118395,290.4400182584112,0.27657020704104324,201.25,0.06704277503951006,123.5,130.0,136.25,298.5,290.5,282.5,True,
US-Ha1,2025,GCC,339,164,0,0,0.37252,double_logistic,0.9379585654606809,0.006595868734798994,0.9690256750052967,0.3772280241734822,0.43044762793271546,123.47845068165324,0.5221650887906183,285.49103930013064,0.1232785195154946,156.75,0.053219595428611044,119.5,123.5,127.75,303.5,285.5,267.75,True,
US-ICh,2012,GCC,95,86,25,6,0.33956,double_logistic,0.4700956961319753,0.0018908225638491248,0.7070505983560977,0.3399626337236534,0.3441299199101443,170.70088501495522,0.09778800065533155,221.86466607977084,0.8558496316243764,214.25,0.0041030222897328605,,,,,,,False,low_r2
US-ICh,2013,GCC,224,95,16,0,0.33956,double_logistic,0.6911891407782839,0.0028018621088376017,0.8367913542752871,0.3397115507461535,0.34992690670196397,167.17268545266495,0.9999999999999999,223.82305192414864,0.10444521165936456,174.5,0.010149835137321206,,,,,,,False,low_r2
US-ICh,2014,GCC,247,95,13,0,0.33956,double_logistic,0.8023637956363239,0.0010968547991094724,0.8963258662727465,0.33972057145245355,0.34640594127027347,177.33786683635034,0.19612801227208665,220.7805943004581,0.2147586450339802,199.75,0.006531674721154013,166.25,177.25,187.75,231.25,221.0,211.5,True,
US-ICh,2015,GCC,238,95,13,0,0.33956,double_logistic,0.6422841111116249,0.0017929198472922355,0.8079331369015338,0.33971554978330626,0.36123999999999995,184.69664086981106,0.07644941209424835,200.39615567620962,0.09643081692485952,189.5,0.00713965451643056,,,,,,,False,low_r2
US-ICh,2016,GCC,207,90,14,3,0.33956,double_logistic,0.7262024170932317,0.0011869704037739534,0.8532998987801046,0.3397064131274619,0.3578907999992052,197.8677461445056,0.06583952384578898,215.30753346465045,0.10313398606290555,201.5,0.006645883057161628,,,,,,,False,low_r2
US-ICh,2017,GCC,193,91,18,0,0.33956,double_logistic,0.7099992015902228,0.001495978040152705,0.8436826983978791,0.3397444691505059,0.3458731842643883,178.77893147661257,0.22435904868849263,230.2982037135654,0.2942029742842787,207.5,0.006111504180694061,,,,,,,False,low_r2
US-ICh,2018,GCC,98,31,14,14,0.33956,double_logistic,0.028072504078838212,0.00024171905904830213,0.19639320628440105,0.33964876767883545,0.3507783848807119,182.7229412888624,0.06467302269388617,214.84264838821184,0.1151276885179892,198.0,0.0067105325062912224,,,,,,,False,low_r2
US-ICh,2019,GCC,174,23,17,3,0.33956,double_logistic,0.7246813684537753,0.0017245681068970412,0.8513539498590971,0.33977294580657885,0.3465987643592058,151.8297434763,0.19096279247501566,215.9303166101445,0.14566693411622778,180.5,0.0067584064659056975,,,,,,,False,low_r2
US-ICh,2020,GCC,162,87,24,0,0.33956,double_logistic,0.6680816954833944,0.001680553599613569,0.8228954734497325,0.33970389343150464,0.3456106061476882,165.10122585912143,0.1483706943539246,221.4660848407222,0.15506516410073787,193.75,0.005744450638524079,,,,,,,False,low_r2
US-ICt,2012,GCC,95,86,25,6,0.33955,double_logistic,0.4703700404646999,0.001892084180008003,0.7072152435500337,0.3399573350547576,0.3441335552620132,170.75274194995885,0.09753352206983233,221.8738486228767,0.8552813220309997,214.25,0.004110906035172113,,,,,,,False,low_r2
US-ICt,2013,GCC,224,95,16,0,0.33955,double_logistic,0.6913643018776297,0.0028023690809599253,0.8368909905103201,0.33970562962655215,0.3499245134140272,167.17067309870902,0.9999999999999999,223.84563492214576,0.10452500753252529,174.5,0.010153720964691137,,,,,,,False,low_r2
US-ICt,2014,GCC,247,95,13,0,0.33955,double_logistic,0.8024388012802901,0.0010976423533629025,0.8963699765180941,0.3397146293358035,0.3464069553981116,177.32603978915543,0.1955802678208165,220.7887544025541,0.2146284914065923,199.75,0.0065375942945554155,166.0,177.25,187.75,231.25,221.25,211.5,True,
US-ICt,2015,GCC,238,95,13,0,0.33955,double_logistic,0.642539207103644,0.0017934509618625115,0.8080642692294324,0.3397103318501864,0.3612499999999999,184.7800773756181,0.07611044741410891,200.49555479908483,0.09641414051276728,189.5,0.007141910927738637,,,,,,,False,low_r2
US-ICt,2016,GCC,207,90,13,3,0.33955,double_logistic,0.726148065096457,0.0011881576679110435,0.8532621769982724,0.3397016383666511,0.3579611999999945,197.93141944536455,0.06572529780870591,215.32106794990204,0.10297722293831223,201.5,0.006650449848358164,,,,,,,False,low_r2
US-ICt,2017,GCC,193,91,18,0,0.33955,double_logistic,0.7102834010328439,0.0014964198593936096,0.8438496315922892,0.3397387728693219,0.34587449646726004,178.76859871981463,0.22340590310456307,230.3019586657377,0.29370206351294864,207.5,0.006118168530249823,,,,,,,False,low_r2
US-ICt,2018,GCC,98,31,13,14,0.33955,double_logistic,0.030856094637608633,0.00024464916420023777,0.20324744592379504,0.33964176696943144,0.350808300586458,182.8595791290682,0.0640147040315964,214.94101002989993,0.11488714012536047,198.25,0.006700031936688777,,,,,,,False,low_r2
US-ICt,2019,GCC,174,23,17,4,0.33955,double_logistic,0.7248734435690811,0.0017249013282419126,0.8514669509491719,0.3397685365229914,0.34659924090270877,151.82383826408523,0.1908197465951469,215.9411613200374,0.14554324334856017,180.5,0.006763050726754094,,,,,,,False,low_r2
US-ICt,2020,GCC,162,87,24,0,0.33955,double_logistic,0.6683004162969659,0.0016813417025592686,0.823024386136867,0.33969725933773753,0.34561068042626,165.07879923455624,0.14800106631276905,221.48052389700683,0.1550627037444657,193.75,0.00575054659491403,,,,,,,False,low_r2
US-Jo1,2014,GCC,246,161,0,11,,double_logistic,0.910019007454993,0.002197458814383292,0.9540479440837919,0.3207200015703298,0.3538873966008778,239.99999999999997,0.06356282933801909,294.0379720029487,0.04017249231843989,268.25,0.01975747512556303,202.5,232.0,253.25,362.75,314.5,285.0,True,
US-Jo1,2015,GCC,364,165,0,0,,double_logistic,0.8112614005524117,0.0018694513949009622,0.9009066567570726,0.32242073979561914,0.3331730715304591,101.30338451109041,0.071474850846616,301.1522161556942,0.030932712617148177,170.0,0.010490766865711543,,,,,,,False,dates_missing_or_out_of_order
US-Jo1,2016,GCC,365,165,0,0,,double_logistic,0.7489236763838975,0.002001587314568839,0.8656775533190736,0.32061658997605397,0.3288449120924461,119.01172741445173,0.1052457817551438,329.3655919165494,0.07437126471292957,208.0,0.008226628538287373,,,,,,,False,low_r2
US-Jo1,2017,GCC,353,157,0,0,,double_logistic,0.8594797509441136,0.0029923154535789957,0.9273265824308633,0.3242426070473727,0.37908879999999995,224.27274190407553,0.053173664825647095,258.14468496355124,0.05461198564992547,240.75,0.023426555709602115,169.25,205.25,227.5,311.25,276.25,254.25,True,
US-Jo1,2018,GCC,355,160,0,0,,double_logistic,0.8644665016267945,0.0018127180639690415,0.9298702059421136,0.3193483062968437,0.3350878131243726,154.40159107276392,0.019617779535536742,336.72565947333726,0.05468772864867792,273.0,0.013871503202948277,,,,,,,False,dates_missing_or_out_of_order
US-Jo1,2019,GCC,358,164,0,0,,double_logistic,0.8179673948608417,0.0021045403723729634,0.9044954098571791,0.32153253470093807,0.3346412259788812,113.75096754444738,0.061783611488083895,283.5808534839839,0.027245110545652085,175.5,0.01217076867868827,,,,,,,False,dates_missing_or_out_of_order
US-Jo1,2020,GCC,352,152,0,0,,double_logistic,0.8983678216741571,0.0017624552037666492,0.9480976321952114,0.3214727866510701,0.3411397894119349,92.54658835361275,0.08866857644383878,186.26503583401205,0.02268815632056531,127.25,0.014715918294080754,,,,,,,False,eos90_too_early
US-Jo1,2021,GCC,364,165,0,0,,double_logistic,0.9568639139434569,0.0024159323329358243,0.9782356054626457,0.31853080991911376,0.3530396165241007,187.1865412600149,0.21861100820187457,276.5309793246786,0.03894458020546162,207.75,0.03191090556042803,178.0,187.25,196.25,335.25,280.5,235.5,True,
US-Jo1,2022,GCC,315,116,0,3,,double_logistic,0.9414513863336312,0.0020762054285028025,0.9703403912461425,0.3194127145498347,0.3763663999999997,232.2203342826452,0.02839629255759376,293.94180829989256,0.03479097345150148,259.25,0.025785777278786393,,,,,,,False,dates_missing_or_out_of_order
US-KFS,2012,GCC,27,27,0,33,0.317175,double_logistic,0.36283850275642593,0.0016835425090313677,0.6201341765032016,0.31562382459148114,0.41037556526248414,113.81276282066442,0.09576798460444043,259.0507070431555,0.035539764075723214,161.0,0.09091118282716931,,,,,,,False,low_r2
US-KFS,2013,GCC,365,165,0,0,0.317175,double_logistic,0.9499978882135657,0.008938489885560655,0.9747293831444559,0.31747899870315777,0.423608152014676,117.33269021791105,0.10475013300124462,243.0269609505126,0.040241050429261904,159.0,0.10130629915424033,96.25,116.75,135.75,299.0,245.5,198.25,True,
US-KFS,2014,GCC,351,161,0,0,0.317175,double_logistic,0.9574385683827162,0.007378563791477157,0.9787869856988392,0.3179369542645845,0.416082585379585,119.51330842142339,0.11108638617389538,242.75773125976136,0.0340738934732983,157.0,0.09163119493924415,100.0,119.0,136.5,309.5,246.75,194.0,True,
US-KFS,2015,GCC,353,153,0,0,0.317175,double_logistic,0.9715342586551842,0.0071084518968168985,0.9856999575564602,0.31691226160926006,0.4138635227557038,112.2901448306164,0.07438690061066519,270.5150652445603,0.10031473878620856,201.5,0.09672883893894851,82.75,112.25,141.75,292.5,270.75,249.0,True,
US-KFS,2016,GCC,272,75,0,0,0.317175,double_logistic,0.9758443176041697,0.006026961514503046,0.9879930687029304,0.3196036039465519,0.4152383386177742,112.48796782969728,0.09207356167254811,257.2791211720212,0.045877505550335505,165.75,0.09351653988192143,88.5,112.25,134.75,305.75,258.25,214.0,True,
US-KFS,2017,GCC,353,164,0,0,0.317175,double_logistic,0.9677789661520547,0.006427139870072648,0.9837658835126515,0.31866166365762505,0.4027510905436646,108.10646169168636,0.12907739126575624,272.2573319824085,0.05658616058961742,162.5,0.083845914582444,91.25,108.25,125.0,311.25,272.5,234.0,True,
US-KFS,2018,GCC,347,162,0,0,0.317175,double_logistic,0.9803347005765682,0.004133061073720738,0.9901205422815096,0.3188515039078515,0.406922393022802,125.4025396590024,0.1355614437602549,252.97973745124068,0.0276958341664985,157.5,0.08110773165460311,110.25,125.25,139.5,335.75,258.75,196.25,True,
US-KFS,2019,GCC,329,141,0,0,0.317175,double_logistic,0.9575502371717661,0.00699122022354699,0.9788331691836668,0.3215052042516884,0.4073728757093983,111.58517455384401,0.1309310924286225,250.95777427284264,0.036963919839372944,150.0,0.08330126457576226,95.0,111.5,127.25,311.5,252.75,199.0,True,
US-Kon,2012,GCC,214,165,2,11,0.312955,double_logistic,0.8663677917143978,0.011406156795963443,0.9322985037983839,0.3083249485855498,0.43446499380203335,94.73439440529766,0.06379706659402927,216.10044775150064,0.02079385957996943,141.25,0.0980016441036658,,,,,,,False,eos90_too_early
US-Kon,2013,GCC,311,146,0,0,0.312955,double_logistic,0.9781609235187335,0.006252356281486419,0.9890298889671977,0.3181713275621657,0.42152509606813343,129.98859081618235,0.17138023971145164,246.21176670325107,0.07541102496000901,168.75,0.10291992568337605,117.25,130.0,142.75,275.5,246.5,217.75,True,
US-Kon,2014,GCC,338,145,1,0,0.312955,double_logistic,0.9673525195584047,0.0072899596706062,0.9835425654064738,0.3134542189380251,0.42206106413552247,120.96576073594456,0.13978838673221844,241.1139277339457,0.038144629026862484,154.25,0.10376733720955444,105.5,120.75,135.25,300.25,243.5,193.75,True,
US-Kon,2015,GCC,326,140,1,0,0.312955,double_logistic,0.9860515912717622,0.005050749345983927,0.9930048957296345,0.3163935716707886,0.41665932628903346,118.5697765299565,0.1975677063415442,244.52827401164262,0.06918423664101453,155.25,0.09998651507617856,107.5,118.75,129.75,276.5,244.75,213.25,True,
US-Kon,2016,GCC,278,118,0,0,0.312955,double_logistic,0.9743384206558697,0.00436906182689604,0.987116101821847,0.31381548008078336,0.40514009956130825,134.13197231154487,0.10291114104571787,243.63551542761806,0.06001178414624871,178.0,0.08859144613927944,112.5,133.75,153.5,281.0,244.75,211.5,True,
US-Kon,2017,GCC,318,118,1,4,0.312955,double_logistic,0.9722103704933442,0.006504258821103761,0.9860093019754499,0.31348449885968865,0.41401679557829296,120.38317603901969,0.14866248981521063,244.75111390497824,0.042279795187103814,154.75,0.09773999870667882,105.75,120.25,134.25,297.5,246.25,198.75,True,
US-Kon,2018,GCC,231,100,5,0,0.312955,double_logistic,0.9555593901014446,0.008610397003598771,0.9775296361032884,0.31409875920039704,0.4175526149639869,124.94758272223422,0.39009380761626433,238.03836668659022,0.03599675377198118,140.25,0.10021616076770495,119.75,125.0,130.5,300.25,240.0,185.0,True,
US-Kon,2019,GCC,177,132,3,9,0.312955,double_logistic,0.9702714918055876,0.009574587084542143,0.9853052746803412,0.3093495141852116,0.4470373717029815,123.73711871387445,0.19388013228560055,245.56628007054198,0.047279782751481376,153.5,0.13551032866550083,112.5,123.75,134.75,292.5,246.25,202.25,True,
US-Me6,2015,GCC,288,165,1,7,0.36534,double_logistic,0.6795394004507658,0.006046828591546371,0.8249759059579092,0.3383929462762033,0.43862133415512733,63.783960135223154,0.016182786828567566,313.9198207950417,0.010206678916331886,186.5,0.06667513917392254,,,,,,,False,low_r2;dates_missing_or_out_of_order
US-Me6,2016,GCC,359,159,0,0,0.36534,double_logistic,0.8307210150158453,0.004846407162812323,0.9116144603407108,0.3669946096734161,0.4138058054056111,88.58802075353279,0.03188461890763717,260.11660626365546,0.01778187384866815,165.25,0.03576203325563643,,,,,,,False,dates_missing_or_out_of_order
US-Me6,2017,GCC,340,159,0,0,0.36534,double_logistic,0.875012525598331,0.0042159562335737704,0.9359544267935362,0.35944015269068513,0.4406231999999835,150.567445982759,0.019830349821053004,257.3703147551639,0.020315658930149076,203.5,0.039773454220989934,,,,,,,False,dates_missing_or_out_of_order
US-Me6,2018,GCC,328,134,0,0,0.36534,double_logistic,0.8328004526481776,0.004665296476147133,0.9132282081735603,0.36658472516333085,0.4029093199306,121.58685310192871,0.04029051932823965,252.6873652075241,0.033977669451702816,184.25,0.030396845352645696,62.75,114.5,154.25,323.25,262.0,216.5,True,
US-Me6,2019,GCC,249,62,0,7,0.36534,double_logistic,0.9397495444625799,0.0036513840167964697,0.9696591201196575,0.36526982538925346,0.4052203993495055,111.67424817577277,0.07188628441983246,257.056787707274,0.02399823648141621,161.0,0.03520726936987467,81.75,110.0,135.25,354.5,267.0,200.75,True,
US-Me6,2020,GCC,341,162,0,0,0.36534,double_logistic,0.8799713984232828,0.0046821248076731655,0.9382172210187771,0.3682751340028726,0.4001172013517111,108.552539947845,0.12136001194010251,311.4422508311869,0.04774360610199116,171.25,0.031786871908265346,90.5,108.75,126.75,357.75,311.75,266.0,True,
US-Me6,2021,GCC,310,117,0,0,0.36534,double_logistic,0.9266584515930539,0.003410101942382312,0.9626898683479593,0.3741783715751402,0.44231479999999995,115.88462337800206,0.03816165999347944,175.74749492839916,0.012839225000280492,175.75,0.02777120534166061,,,,,,,False,dates_missing_or_out_of_order
US-Me6,2022,GCC,340,150,0,0,0.36534,double_logistic,0.91207451451206,0.004169164169671179,0.9550944025365942,0.36447502532914167,0.45222959999988976,168.49391510302092,0.020846659847632957,253.21632047640054,0.027347993530935758,204.75,0.04129144612147262,26.5,118.25,173.25,347.75,280.25,234.75,True,
US-Me6,2023,GCC,335,149,0,0,0.36534,double_logistic,0.9414868879541762,0.0031473542686526967,0.9703099839038859,0.36536092631523287,0.40035608418620217,116.92912362916942,0.1324326134111574,281.6670532170653,0.024966761841339048,154.0,0.033351633502896716,,,,,,,False,dates_missing_or_out_of_order
US-Me6,2024,GCC,348,166,0,0,0.36534,double_logistic,0.9115931562888911,0.003078725669740637,0.9550581208562154,0.36182460676473416,0.4158203593353159,138.2416512460708,0.025485261440768042,250.65076170699925,0.0231196404627276,195.0,0.03202136545980383,,,,,,,False,dates_missing_or_out_of_order
US-Me6,2025,GCC,300,129,0,5,0.36534,double_logistic,0.802606655735108,0.003132168095206401,0.8959033247848334,0.36664362788295124,0.41400719999999996,113.51733832800069,0.03850048853720162,169.1952629111095,0.018374115419454613,161.25,0.01890338062705549,76.75,107.75,138.25,342.25,242.5,188.75,True,
US-MMS,2008,GCC,118,118,4,19,0.32728,double_logistic,0.9602290999903275,0.003393589571283254,0.9803290792546829,0.32691968985346664,0.3645481931716383,106.3023539468379,0.3840808129109679,300.23536258210595,0.19108893695957258,172.0,0.03762850331689993,100.75,106.5,112.25,311.75,300.25,288.75,True,
US-MMS,2009,GCC,334,159,0,0,0.32728,double_logistic,0.9288476716252572,0.00600253618105714,0.9641694248225468,0.32722070580611934,0.37160691397868056,115.602580968383,0.7519671604040449,289.21971657028246,0.17575447774894962,150.0,0.044386208171252994,112.75,115.75,118.75,301.75,289.25,276.75,True,
US-MMS,2010,GCC,352,163,0,0,0.32728,double_logistic,0.9063756759548023,0.006686510752374579,0.9538830166339877,0.32715922448951323,0.36929764151972194,98.2253327308244,0.44447295268544673,284.9236530375395,0.1389900020174136,144.75,0.04213841684046998,93.5,98.25,103.25,300.75,285.0,269.25,True,
US-MMS,2011,GCC,333,156,0,0,0.32728,double_logistic,0.9314616469653823,0.005554353406174546,0.9655966221099793,0.32708569138479904,0.3705725186664381,105.64228323745927,0.25708739477311365,292.7735575866057,0.12412665199222352,168.5,0.04348681441994223,97.25,105.75,114.25,310.5,293.0,275.25,True,
US-MMS,2012,GCC,313,131,0,0,0.32728,double_logistic,0.9587157325323106,0.004352597797643121,0.9791456953729557,0.3273425116742636,0.372722585852499,84.24173397631726,0.23013788797939255,284.5620949546274,0.22840940343817845,184.0,0.0453800741685777,74.75,84.25,94.0,294.25,284.75,275.0,True,
US-MMS,2013,GCC,359,161,0,0,0.32728,double_logistic,0.9397449394599698,0.00522818908152518,0.9696493300936777,0.32750866063531525,0.37115766268810135,110.44034040212854,0.24908929037868963,299.6733712366721,0.12758455289707812,176.25,0.04364899240861536,101.75,110.5,119.5,317.0,299.75,282.5,True,
US-MMS,2014,GCC,344,155,0,0,0.32728,double_logistic,0.9515700510653987,0.0047868928684429045,0.9756758465054284,0.3279312757535981,0.37192467653023287,117.69973116502726,0.31247805331788997,291.6691886843039,0.1994679567026576,186.25,0.04399340072228153,110.75,117.75,124.75,302.75,291.75,280.75,True,
US-MMS,2015,GCC,362,163,0,0,0.32728,double_logistic,0.9595338819080598,0.004293242505406646,0.9797030761645844,0.32831790800435795,0.3714949917848554,108.9324525108357,0.2715519314457869,290.7450187303851,0.24318402263247715,195.0,0.043177083774106007,101.0,109.0,117.25,300.0,290.75,281.75,True,
US-MMS,2016,GCC,357,162,0,0,0.32728,double_logistic,0.929286359549863,0.005793289655589801,0.9647018735149051,0.328912535675279,0.3722130306816951,109.46081277121954,0.39433266277230405,295.26477199753543,0.1375687782615913,159.5,0.04330049455464435,104.0,109.5,115.25,311.25,295.5,279.5,True,
US-MMS,2017,GCC,349,152,0,0,0.32728,double_logistic,0.9441579865497794,0.004847713876228549,0.9720184122288095,0.3288551746269053,0.37042261277829003,103.97569630883449,0.4793396679200608,299.9648993516421,0.1258037340973833,147.0,0.04156743792289452,99.5,104.0,108.75,317.5,300.0,282.5,True,
US-MMS,2018,GCC,252,72,0,6,0.32728,double_logistic,0.9452990705963541,0.005109330548947536,0.9723014924130239,0.32938106130372186,0.37190130100722507,121.87109719894228,0.9999999999999999,294.31471415766026,0.13039308953866505,143.5,0.042520239563820506,119.75,122.0,124.25,311.25,294.5,277.5,True,
US-MMS,2019,GCC,194,91,0,14,0.32728,double_logistic,0.9114184906541248,0.005674723596677305,0.9551199319657622,0.32903405279858017,0.37402957484908467,105.50676649751261,0.620644221336212,293.26114465797576,0.1096511820999795,136.0,0.04499552031923176,102.0,105.75,109.25,313.5,293.5,273.25,True,
US-MMS,2020,GCC,317,158,0,0,0.32728,double_logistic,0.9285882245464337,0.005519038855172729,0.9637985258256659,0.3299133183552576,0.3746477119097291,110.44321353532321,0.18236240876832024,286.69572720569124,0.1277694020293486,184.25,0.044734237231828344,98.5,110.5,122.5,304.0,286.75,269.5,True,
US-MMS,2021,GCC,350,157,0,0,0.32728,double_logistic,0.9177457022345691,0.005665485871179704,0.9580040045048188,0.32944360056311983,0.3718554589752172,101.22935227250434,0.12608010315556414,302.63001697812035,0.1014836338287382,192.0,0.04241083978948912,84.0,101.25,118.75,324.5,302.75,281.0,True,
US-MMS,2022,GCC,358,164,0,0,0.32728,double_logistic,0.9495863682653355,0.00469385253651309,0.9745439466004285,0.33038906173984656,0.3726419282519678,114.74794614625624,0.37148674031739953,288.940337657084,0.20155681863514963,177.0,0.042252866501581166,109.0,114.75,120.75,300.0,289.0,278.25,True,
US-MMS,2023,GCC,343,161,0,0,0.32728,double_logistic,0.9533831866054043,0.004493563165379263,0.9764371914483791,0.32968245780696126,0.3727011609506666,101.37376306725623,0.3779195786602196,294.44470674400867,0.13205862406629584,153.5,0.0430187026690233,95.75,101.5,107.25,311.25,294.5,278.0,True,
US-MOz,2012,GCC,238,165,0,12,0.33226,double_logistic,0.9388323062184757,0.006627666983928062,0.969164300946946,0.33339198976773576,0.38958901944052926,88.09208182893283,0.2427324818471376,279.5583025551622,0.17234716550806667,168.5,0.05619702921158831,79.25,88.25,97.25,292.5,279.75,267.0,True,
US-MOz,2013,GCC,365,165,0,0,0.33226,double_logistic,0.9671133428610749,0.005159621801782035,0.9835786955577427,0.3328482510367336,0.3917811377106998,122.79830721442913,0.27830087964482275,291.0233124336669,0.14221659277118623,181.25,0.058932871816964494,115.0,123.0,130.75,306.5,291.25,275.75,True,
US-MOz,2014,GCC,361,161,0,0,0.33226,double_logistic,0.9559128978018023,0.005553727777953484,0.9779199798365767,0.3327764098139129,0.38796499999092504,123.97765378277738,0.3867966085488992,282.3443376537168,0.1057817258656328,160.5,0.05518841034631594,118.5,124.0,129.75,303.25,282.5,261.75,True,
US-MOz,2015,GCC,364,165,0,0,0.33226,double_logistic,0.9359876657353577,0.00577393155248939,0.9677185659890536,0.3328393927645551,0.38100485578864446,113.58286839542802,0.2342168155252028,276.68993511635716,0.08321305247652189,159.5,0.04816163205504553,104.25,113.75,123.0,303.25,276.75,250.5,True,
US-MOz,2016,GCC,342,152,0,0,0.33226,double_logistic,0.9497760783755423,0.005587221199906753,0.9745801483384572,0.3328132406753845,0.38645951728693534,113.23255081798843,0.4422611198552413,283.3768344663091,0.07542278216619855,141.5,0.05364486848625111,108.5,113.25,118.25,312.75,283.5,254.25,True,
US-MOz,2017,GCC,361,164,0,0,0.33226,double_logistic,0.9581308015880944,0.0051513862975918236,0.9789592455189966,0.33284525276783383,0.38612878815412854,109.03174110469705,0.370808732202542,288.86812309487664,0.08085230397809526,144.5,0.053282977681384625,103.25,109.25,115.0,316.25,289.0,261.75,True,
US-MOz,2018,GCC,354,163,0,0,0.33226,double_logistic,0.9687031387557651,0.004970896838513469,0.9843592861257578,0.3324889299426682,0.3911845519588956,124.88848706172516,0.3573091462379047,287.9148722628503,0.11752584223283641,167.5,0.05869556575510548,118.75,125.0,131.25,306.75,288.0,269.25,True,
US-MOz,2019,GCC,363,165,0,0,0.33226,double_logistic,0.9506705507462728,0.006018395651815585,0.9751845033045385,0.332387081631112,0.3914722630649214,113.67410121083844,0.28229095341080274,279.8503102589945,0.0610988406720944,147.75,0.05906280311928519,106.0,113.75,121.5,316.0,280.0,244.0,True,
US-MOz,2020,GCC,359,163,0,0,0.33226,double_logistic,0.962068165306342,0.0050743218068451884,0.9809791805537688,0.33315227925192675,0.38913274726843194,118.22360082247698,0.29691147605422735,277.3568734986864,0.08163801385873729,156.0,0.05597692673614019,111.0,118.25,125.75,304.5,277.5,250.5,True,
US-MOz,2021,GCC,362,164,0,0,0.33226,double_logistic,0.969660495875468,0.004912484874846699,0.984770851547383,0.3335347108000086,0.39336157600234023,117.87373312418637,0.36662149668684374,293.58404806051686,0.09313982774111362,156.5,0.059826652320429,112.0,118.0,124.0,317.25,293.75,270.0,True,
US-Mpj,2013,GCC,84,84,4,26,0.33238,double_logistic,0.8744656955579069,0.0018637494483250033,0.9366557538905355,0.334732539958402,0.35503771497196807,124.00031428770656,0.04517904996937183,297.71597674078146,0.06664283857191661,224.0,0.01993778145791375,75.0,123.25,169.0,331.0,298.25,267.25,True,
US-Mpj,2014,GCC,331,155,0,0,0.33238,double_logistic,0.8688558428212769,0.0034474771346639514,0.9324111629291472,0.3362383185249255,0.39755107146664304,239.99999999999997,0.02206820247898475,292.3650636692213,0.040946009646241344,251.5,0.024838892770417897,97.0,180.75,227.25,334.75,301.75,272.75,True,
US-Mpj,2015,GCC,350,165,0,0,0.33238,double_logistic,0.9199041025634229,0.0027461653381354624,0.9593455316698218,0.3276046908727423,0.36394584338717867,94.02555349108437,0.019476190047762982,313.55880309689417,0.033773853489576455,221.5,0.0319871596264672,,,,,,,False,dates_missing_or_out_of_order
US-Mpj,2016,GCC,317,117,0,0,0.33238,double_logistic,0.9107133302160202,0.0022040239432032666,0.9545836272487133,0.30918842731355833,0.3739011667503906,67.39677311168583,0.010000000000000014,347.95033592417195,0.015056232932560538,212.75,0.04497708321125399,,,,,,,False,dates_missing_or_out_of_order
US-Mpj,2017,GCC,349,156,0,0,0.33238,double_logistic,0.8819885716708549,0.0026125235375177407,0.9393189041740407,0.3350102893159786,0.3550230728931014,82.03297583764162,0.04125814107622796,314.06479330503356,0.06380300811611193,218.75,0.019896355421903766,28.75,82.0,134.0,348.75,314.25,280.5,True,
US-Mpj,2018,GCC,349,153,0,0,0.33238,double_logistic,0.9252188821269566,0.0022430856550895435,0.9620256451039746,0.33422419583204327,0.3781686379883579,203.8503167879614,0.01638941664545724,298.4217899134047,0.04072795830186336,244.5,0.024633417811772196,31.75,147.0,212.0,340.75,304.25,271.0,True,
US-Mpj,2019,GCC,341,143,0,0,0.33238,double_logistic,0.949635704560962,0.001897511503936167,0.9746387834502557,0.3346376571050019,0.3536094360615551,87.96074836682754,0.08824342967423529,293.9860106885013,0.10861591799659166,200.5,0.018970117712154122,63.25,88.0,113.0,314.25,294.0,274.0,True,
US-Mpj,2020,GCC,334,134,0,0,0.33238,double_logistic,0.9263840484242802,0.002623856871450484,0.962566431573942,0.3328155412233351,0.3572705923210356,96.08688763153941,0.05005433872725974,314.9730652707691,0.049120078378763955,204.75,0.02424087159723992,52.0,95.75,138.5,360.0,315.5,272.0,True,
US-Mpj,2021,GCC,347,164,0,0,0.33238,double_logistic,0.9391513495701229,0.0024249347468460135,0.9691165411103159,0.3335476406186422,0.3900408189924048,213.94475736147746,0.01778742562096124,287.39046232027323,0.04165037314447943,238.5,0.02779728703431722,47.75,152.25,209.75,325.5,293.0,262.25,True,
US-Mpj,2022,GCC,206,38,0,7,0.33238,double_logistic,0.8727992691488292,0.002395802851899452,0.934708411552774,0.3289395470394577,0.36356711683325976,156.0712867284123,0.016795930761644852,318.89423456297203,0.037288381588495866,249.25,0.026238560197507754,,,,,,,False,dates_missing_or_out_of_order
US-Mpj,2023,GCC,276,154,0,4,0.33238,double_logistic,0.9704942526703858,0.0015158196667098857,0.9851464004085517,0.33343146210833235,0.35591369913004556,94.9144188366706,0.06323128419319753,295.4697300287482,0.05647850305469699,190.5,0.022369336725759692,60.25,95.0,129.0,334.5,295.75,257.5,True,
US-Mpj,2024,GCC,339,147,0,0,0.33238,double_logistic,0.9472864258962854,0.0025078466518307367,0.9734922106428976,0.32844582287591256,0.3755305345000455,129.11419301610786,0.019834270999834747,298.7310589931324,0.027302458637492245,218.5,0.03551184780933986,,,,,,,False,dates_missing_or_out_of_order
US-Mpj,2025,GCC,331,149,0,0,0.33238,double_logistic,0.9683653269529426,0.0019203768668693718,0.9840677777902823,0.33258398431010644,0.3718573898168425,146.75811991030122,0.024634525555629307,298.65829568832663,0.03314109473119118,227.5,0.031152849655925297,,,,,,,False,dates_missing_or_out_of_order
US-NC2,2017,GCC,30,0,1,0,0.373164,double_logistic,0.0004884261333246709,0.0012053918415213046,0.0655670751722045,0.3725696199361485,0.37650992767015784,138.57696669932486,0.30506808512137706,203.33571216841514,0.010033275943647847,154.5,0.0024130172318182486,,,,,,,False,few_autumn_obs;low_r2;dates_missing_or_out_of_order
US-NGB,2017,GCC,26,0,24,8,0.35222,double_logistic,-0.01631429194017664,0.0013506148312075793,-0.04428004486072309,0.35281118431992015,0.4025784599453563,199.89881736019277,0.9999999991334612,240.10607037380794,0.43502887090888676,212.75,0.04976680737721245,,,,,,,False,few_autumn_obs;low_r2
US-NGB,2018,GCC,38,30,25,8,0.35222,double_logistic,-1.1806598906465993e+23,5.722211340074633e-05,3.065832972909411e-13,0.3521976690883916,0.405122453035956,199.49473016020113,0.23777335884916684,240.0153719502264,0.3291732667355699,222.5,0.05253752512279397,,,,,,,False,low_r2
US-NGB,2019,GCC,156,88,24,0,0.35222,double_logistic,0.9855989692534759,0.004382854264431501,0.9928053255649242,0.35346417976272515,0.44460321739464065,194.6821168331994,0.30211195967895654,239.5114529338609,0.22556108129096905,214.5,0.09058865250217046,187.5,194.75,202.0,249.5,239.75,230.25,True,
US-NGB,2020,GCC,220,78,16,0,0.35222,double_logistic,0.9788711399601916,0.0023764069598159257,0.9894106368500282,0.35315315342815584,0.4032440803372064,204.16139812676852,0.21093068850878066,242.35177780968874,0.2684364390256349,225.0,0.049009957198493104,193.75,204.0,213.75,250.75,242.75,235.0,True,
US-NGB,2021,GCC,206,61,14,0,0.35222,double_logistic,0.05500819504011789,0.01204771986666029,0.4723260802383856,0.3564859225432009,0.35222000000000003,36.194644277968486,0.010000000000000002,181.90075683466839,0.9999999999999999,188.5,0.0007578529158812075,,,,,,,False,low_r2;amp_below_noise;dates_missing_or_out_of_order
US-NGB,2022,GCC,232,88,14,0,0.35222,double_logistic,0.9761679672011754,0.0018763403562920224,0.9880465691885457,0.3528260845987818,0.3922037826236721,201.4794640553409,0.15747795191978925,236.52369600155572,0.5776496887871889,227.25,0.03852406079587417,187.5,201.25,214.25,240.5,236.75,233.0,True,
US-NGB,2023,GCC,232,88,15,0,0.35222,double_logistic,0.9830343934440379,0.002456291848064168,0.9915180041185657,0.35294731441321436,0.4092056868121262,200.09057580860693,0.25277554634968796,240.76974570936034,0.284046212945078,221.5,0.0557732651612074,191.5,200.25,208.5,248.75,241.0,233.5,True,
US-Rls,2022,GCC,54,54,7,25,0.33561,double_logistic,-0.021023357558490607,0.0014578229277261152,-0.32121632202601835,0.3367447341365702,0.3640322224309284,131.53229567276935,0.15690262640972708,221.08720529177683,0.06148802271236574,161.25,0.026360484232662684,,,,,,,False,low_r2
US-Rls,2023,GCC,364,165,0,0,0.33561,double_logistic,0.9778242920924461,0.0014945772263150322,0.9888500904136636,0.33698017674791503,0.38370030614128225,132.71150979039572,0.0886958340813042,191.40952222494695,0.027368488367576882,161.75,0.02904840644287293,115.25,131.75,148.0,290.75,220.5,180.75,True,
US-Rms,2022,GCC,122,122,12,13,0.33197,double_logistic,0.9714435150072079,0.0012031728880809156,0.9856279635236878,0.3321087699044704,0.3577927373286989,147.43403391828247,0.164709870431186,257.75965260952324,0.09670007188173162,190.25,0.025624271154152944,134.25,147.5,160.75,280.75,258.0,235.5,True,
US-Rms,2023,GCC,343,157,0,0,0.33197,double_logistic,0.9737096138307704,0.0019324164451294385,0.9867719327836365,0.33253743608693564,0.3671691589661739,153.5794197952658,0.10213494155202152,242.72041748857342,0.05777603547749657,189.5,0.03224109564268901,131.5,152.5,171.0,282.25,245.25,214.25,True,
US-Rws,2017,GCC,228,165,5,10,0.32406,double_logistic,0.9141466887416735,0.0018087376672293277,0.9562392830694649,0.32622222862221106,0.36360319999997254,118.09907699016051,0.04420758501899809,171.22036795441815,0.02578158256694429,154.5,0.016426350300831616,,,,,,,False,eos90_too_early
US-Rws,2018,GCC,358,158,0,0,0.32406,double_logistic,0.8832312988812728,0.0018401359070068864,0.9398263239447335,0.32706472593459557,0.3405501198217498,85.72100445798851,0.16874021546484563,190.2054910653841,0.054136254942828005,116.25,0.013166073344693496,,,,,,,False,eos90_too_early
US-Rws,2019,GCC,363,163,0,0,0.32406,double_logistic,0.9506414214421747,0.0018931299532496445,0.9751310358378896,0.3254021181326318,0.35366340381384365,92.70186980300399,0.12085408037899112,190.63124287980978,0.02557755098376431,122.25,0.023300635409495174,,,,,,,False,eos90_too_early
US-Rws,2020,GCC,364,166,0,0,0.32406,double_logistic,0.898862383027256,0.001807912015310773,0.9483173268888262,0.3263284163940235,0.3436222457852518,86.72665479219926,0.07747744138758074,204.96402087588532,0.02714438533040329,129.0,0.014712266099151161,,,,,,,False,eos90_too_early
US-Rws,2021,GCC,331,134,0,0,0.32406,double_logistic,0.8123972385901528,0.0016570973469038346,0.9020493897410471,0.326768881243577,0.3502959999999999,96.38426655724547,0.05289223110245393,136.77682506752868,0.022953231303158614,133.5,0.00930888777589517,,,,,,,False,eos90_too_early
US-Rws,2022,GCC,47,0,6,25,0.32406,double_logistic,0.1975307850093031,0.001285994625685254,0.4563618150570528,0.3250106274247372,0.34657328367591483,96.97299454482815,0.052669674399464704,194.08499562675235,0.03002864020968617,141.25,0.015991497512967856,,,,,,,False,few_autumn_obs;low_r2;eos90_too_early
US-Seg,2014,GCC,52,52,0,31,0.32637,double_logistic,-0.02209422047297327,0.00024791476531518233,-0.11668048417881148,0.32638010135692036,0.34050970996197594,200.1903497555201,0.1285821113603801,248.00220443942987,0.08896654562843019,221.75,0.01205162878918925,,,,,,,False,low_r2
US-Seg,2015,GCC,341,141,0,0,0.32637,double_logistic,0.6076086242069378,0.0020421839257663047,0.7820035185382729,0.3272414022598081,0.3343202838138478,147.1083150969313,0.031583212904845843,244.05979811269194,0.7289992966475896,235.75,0.006656411256306893,,,,,,,False,low_r2
US-Seg,2016,GCC,365,165,0,0,0.32637,double_logistic,0.8936961658965982,0.0021389043278291445,0.9458410278166179,0.32847197765555763,0.36121506808815557,226.1220404024335,0.32982587534937985,250.62472842623023,0.1380218380122854,235.5,0.027710263467444873,219.5,225.75,231.0,268.0,253.0,242.0,True,
US-Seg,2017,GCC,262,90,0,4,0.32637,double_logistic,0.15965759132708846,0.003630868002192101,0.42384359677270916,0.3285399522706249,0.3339119115472131,239.99999999999997,0.010000000000000002,302.71161797810856,0.26284552335026673,285.0,0.0032297234342240078,,,,,,,False,low_r2;amp_below_noise;dates_missing_or_out_of_order
US-Seg,2018,GCC,338,164,0,0,0.32637,double_logistic,0.8912702803889929,0.0020863633036089352,0.9440842654390845,0.32765584168078843,0.35294206243412324,200.46428788059796,0.3005647974422314,244.78426806214745,0.04776788875637733,212.75,0.02017173671424205,195.25,200.75,206.5,296.0,253.5,225.25,True,
US-Seg,2019,GCC,363,165,0,0,0.32637,double_logistic,0.4869381622853043,0.0020851906788229633,0.6978458005285891,0.32673817278861034,0.33213937920272474,7.149360821873838,0.021151940856495768,284.230576259542,0.2732018124738362,255.5,0.005370992299293609,,,,,,,False,low_r2;dates_missing_or_out_of_order
US-Seg,2020,GCC,354,154,0,0,0.32637,double_logistic,0.8792346173233387,0.0018121427818141049,0.9384262294139089,0.3277422532389256,0.3696138344848969,211.5366828209461,0.3356228970393079,224.59730917591406,0.11379561423065145,218.75,0.024238757029299896,207.0,211.25,215.5,249.25,232.5,223.25,True,
US-Seg,2021,GCC,319,149,0,0,0.32637,double_logistic,0.814528328874449,0.0029558546890506698,0.9025642265798652,0.32646040512681906,0.3428779948579896,196.2328418845767,0.5988941193653501,265.3430185943626,0.28683827285566765,219.5,0.016417543201269424,192.75,196.25,200.0,273.25,265.5,257.75,True,
US-Seg,2022,GCC,345,162,0,0,0.32637,double_logistic,0.754619898568872,0.003314038365500331,0.8720913620037948,0.32659763123008245,0.3437112110534176,182.20391482870684,0.45698483044296834,255.1469772285269,0.04376770296583768,193.5,0.015936514665494728,,,,,,,False,low_r2
US-Seg,2023,GCC,357,162,0,0,0.32637,double_logistic,0.8581253043715298,0.001311957188673975,0.9296471129924474,0.32663228311215775,0.33837937551047537,238.35118593694654,0.8864697433432449,276.51920969920354,0.9161060745540373,257.75,0.011747091598411141,236.0,238.5,241.0,279.0,276.75,274.25,True,
US-Seg,2024,GCC,364,165,0,0,0.32637,double_logistic,0.8587008477967191,0.0016939738997122794,0.9274281806382753,0.3273249129418671,0.36668239999999996,205.66624235390043,0.1418864491941858,221.00293752964097,0.11493724622780192,214.25,0.01796865659114011,187.0,200.25,208.75,247.0,230.25,220.25,True,
US-Seg,2025,GCC,346,148,0,0,0.32637,double_logistic,0.8991319959713533,0.002035985258782599,0.9482310615464573,0.3262920582240845,0.34556661265333416,172.7046437469115,0.17282650677098604,256.71991206508045,0.03918666166185979,196.0,0.017302998561805782,161.0,172.5,183.5,316.0,262.0,220.25,True,
US-Ses,2014,GCC,30,30,0,31,0.35265,double_logistic,0.7910777032616385,0.003832443644979795,0.8918252104610143,0.3543837187964202,0.3821955506822253,121.74834004700206,0.04011599544324794,327.99494336189264,0.10642996378590466,264.75,0.027689267863908185,,,,,,,False,low_r2
US-Ses,2015,GCC,311,163,0,3,0.35265,double_logistic,0.8900866958617889,0.005250163819386835,0.9435861269002803,0.3521911203746608,0.45391439991190297,157.40828398991755,0.02928791258981454,233.06403681790795,0.020397272144860923,204.75,0.04481296640161353,,,,,,,False,dates_missing_or_out_of_order
US-Ses,2016,GCC,358,158,0,0,0.35265,double_logistic,0.7711174182597943,0.00804608316624363,0.8786319905172119,0.3574908143473331,0.39163061375289626,96.82703437486633,0.1078659194384641,279.102717028686,0.1161306960800855,191.0,0.03413724642881438,,,,,,,False,low_r2
US-Ses,2017,GCC,261,94,0,0,0.35265,double_logistic,0.6241406597941651,0.009937726468368721,0.7975550279684331,0.3560838504986402,0.38286150154282694,76.87292476396487,0.3554063779358314,328.9405992028629,0.1442596125661562,151.5,0.026777651043901007,,,,,,,False,low_r2
US-Ses,2018,GCC,338,164,0,0,0.35265,double_logistic,0.8815068942409978,0.004953142890056578,0.9391020352897128,0.3530498380485343,0.43461272068442675,239.99999987605054,0.018776486755117987,317.2520479335544,0.039023032458892604,268.25,0.040850916387224545,83.5,183.25,239.25,364.25,326.0,293.0,True,
US-Ses,2019,GCC,354,165,0,0,0.35265,double_logistic,0.8626963745095949,0.0057651734937079185,0.9304541888360143,0.35469745469007324,0.4097946789377242,94.20127941528044,0.10868077172285219,176.0839672839549,0.025715271245725417,123.5,0.041583335062579496,,,,,,,False,eos90_too_early
US-Ses,2020,GCC,357,157,0,0,0.35265,double_logistic,0.6197859819429145,0.010028476687200904,0.7873785236923094,0.35307645391140735,0.3828176364721265,92.5376296586439,0.16357640871548162,289.0265530376963,0.061385476006746986,150.5,0.029732885563172662,,,,,,,False,low_r2
US-Ses,2021,GCC,331,150,0,0,0.35265,double_logistic,0.9517169775813187,0.0037402045630136114,0.9760184511648834,0.3524424649210176,0.3952660325785014,185.37458201829043,0.790378627960042,276.9337752980507,0.05368705194767154,194.5,0.04228562027991456,182.75,185.5,188.25,318.25,277.5,238.25,True,
US-Ses,2022,GCC,358,162,0,0,0.35265,double_logistic,0.9162444582834439,0.005782986210970146,0.957366585083452,0.3525522337210114,0.40720905786932865,197.6976336505619,0.057106022397103676,318.96048229608084,0.04878766756422715,255.25,0.05034981258951443,157.75,195.25,226.75,366.0,322.25,285.75,True,
US-Ses,2023,GCC,358,160,0,0,0.35265,double_logistic,0.619278811346988,0.009361304773566198,0.7893458374842087,0.3628704793151752,0.4392221650043635,239.99999999999997,0.03199347949785795,279.7310402567113,0.08395566685282087,253.75,0.03869436601121784,,,,,,,False,low_r2
US-Ses,2024,GCC,329,165,0,0,0.35265,double_logistic,0.8268928835514808,0.0061130750269161056,0.9101866396082379,0.35965448058313626,0.46340319999999996,198.40877497541996,0.04588334992339923,231.88883189081977,0.05708280695964138,211.75,0.042315286621450454,131.5,173.0,197.75,278.5,246.5,225.5,True,
US-Ses,2025,GCC,349,149,0,0,0.35265,double_logistic,0.9121525388493794,0.0038065361668317365,0.9550924979557979,0.35312183596758756,0.381146168258342,155.35452986695626,0.8319605380473852,312.1436319184535,0.05952710881569996,168.75,0.02801842680158878,152.75,155.5,158.0,349.25,312.25,275.5,True,
US-Slt,2012,GCC,212,140,0,12,0.46667000000000003,double_logistic,0.7465281687419462,0.01821225530796857,0.8643251028478011,0.4608805125896594,0.5480425277164637,124.63192267781884,0.5607192951023605,260.661656980818,0.03541676212091378,137.5,0.08600039989733749,,,,,,,False,low_r2
US-Slt,2013,GCC,354,157,0,0,0.46667000000000003,double_logistic,0.8529357421489269,0.014318464478001922,0.9250112269322874,0.46905602487927783,0.5568461770533192,128.30073601481246,0.9999999999999999,254.1434802485179,0.041952292427962494,136.5,0.0871395414697444,126.25,128.5,130.5,306.75,254.5,203.5,True,
US-Slt,2014,GCC,358,159,0,0,0.46667000000000003,double_logistic,0.8502732900949846,0.016050908036156344,0.9235166594175299,0.4703392402192527,0.5502642954528864,131.77192798988662,0.41102939365626157,285.94916670247903,0.21747072057371816,186.25,0.07992505518791798,126.5,132.0,137.25,296.25,286.0,276.0,True,
US-Slt,2015,GCC,362,165,0,0,0.46667000000000003,double_logistic,0.8716422638487898,0.016059301677000995,0.9343709886592743,0.47003594188609293,0.5654143607511559,126.97107792680335,0.5809990546411373,273.3132965226947,0.07921798935726565,147.5,0.09537331195156601,123.25,127.0,131.0,301.25,273.5,245.75,True,
US-Slt,2016,GCC,275,83,0,8,0.46667000000000003,double_logistic,0.8661282016064127,0.015602911852035613,0.9321186741918832,0.4711625495686882,0.566577912369551,131.91016922713345,0.4126885957743776,246.2775369466772,0.059894884513999436,150.5,0.09506414347292302,126.75,132.0,137.25,283.25,246.5,210.25,True,
US-Slt,2017,GCC,330,142,0,0,0.46667000000000003,double_logistic,0.854541031211066,0.015095887463263511,0.9261569634346253,0.46955689394120553,0.5651498679894591,126.13666136284115,0.22844128333264982,260.6455262998607,0.0396117574406791,152.75,0.09406161995322243,116.75,126.25,135.5,316.75,261.5,209.0,True,
US-Slt,2018,GCC,139,104,2,20,0.46667000000000003,double_logistic,0.7402063361486229,0.011474550321573858,0.8606012161645665,0.4631297609918618,0.5307327641629178,125.78997455866592,0.9999997543458422,297.0910819790195,0.27751854797049597,160.5,0.067603003171056,,,,,,,False,low_r2
US-SRG,2019,GCC,82,82,0,25,,double_logistic,0.8749515479996837,0.005936278216647079,0.9354990558415782,0.2463997407473509,0.3995480393021371,1.0000000197658132,0.010000000000000002,362.723373986416,0.018695277827100072,210.75,0.12795864363585366,,,,,,,False,dates_missing_or_out_of_order
US-SRG,2020,GCC,366,166,0,0,,double_logistic,0.6591851120495247,0.0023134362298434445,0.8140964660584501,0.3190666293920283,0.30928200000509837,239.99999999999997,0.030754443284876143,365.99999999999994,0.04836187657839187,1.0,-6.2813208013823285e-06,,,,,,,False,low_r2;amp_below_noise;dates_missing_or_out_of_order;eos90_too_early
US-SRG,2021,GCC,362,164,0,0,,double_logistic,0.9900057175762512,0.002247133213964213,0.9949908480646167,0.31227754636292304,0.43286798546521366,199.49421406959362,0.22285634418400932,230.9998617090591,0.053793016415193975,212.75,0.08174910309933947,192.75,199.5,206.5,279.75,243.5,222.25,True,
US-SRG,2022,GCC,365,165,0,0,,double_logistic,0.9306089524527404,0.004962274669972851,0.9648809285850397,0.315995487336271,0.4089154212227164,203.17676715874654,0.1464308272827216,243.3537698758012,0.04703129352510386,221.25,0.06249427005826774,191.25,202.25,212.5,299.5,258.0,233.25,True,
US-SRG,2023,GCC,266,77,0,9,,double_logistic,0.888492000708133,0.004838979900011167,0.9442154401817578,0.31843399428650887,0.42353879999905125,214.66360238848074,0.10964831667601257,236.22531398343585,0.06993660487285054,228.5,0.04750681262260287,194.25,209.5,220.75,279.75,252.75,237.25,True,
US-SRG,2024,GCC,234,130,0,5,,double_logistic,0.7656133252430626,0.009578718447783912,0.8770050548556423,0.32942963276036663,0.4682715999999999,214.51378374222202,0.06585805536523175,239.8903514311683,0.06150457314554616,228.25,0.0532616399113085,,,,,,,False,low_r2
US-SRG,2025,GCC,183,12,0,15,,double_logistic,0.6613753005814704,0.0013773764830935563,0.8152021219657145,0.3271161876778885,0.3642600596257583,223.11371216272667,0.11458058653971924,263.4697555582797,0.12386335400086347,243.75,0.030981577503612856,,,,,,,False,low_r2
US-SRM,2018,GCC,164,164,0,20,,double_logistic,0.9457274137278211,0.003497861823093502,0.972515270423239,0.3194745521089136,0.41015859999999993,196.39378085164253,0.09843201536900459,224.13416524222433,0.038744854515407316,217.75,0.041046828142837666,183.5,195.5,208.0,303.0,255.5,230.25,True,
US-SRM,2019,GCC,356,162,0,0,,double_logistic,0.675787599966124,0.003261915969128612,0.8254509373111473,0.31896493079047206,0.3284851881401804,86.43865278535196,0.09260355620603146,293.1775516489915,0.681061339969296,265.75,0.009520256691119555,,,,,,,False,low_r2
US-SRM,2020,GCC,354,162,0,0,,double_logistic,0.8632272929094349,0.0014242660667490219,0.9295704392640384,0.31986904193489807,0.3400939999999999,202.04934584978582,0.012735979839047264,208.64627111359061,0.04049669384641826,146.75,0.005166754428815978,,,,,,,False,dates_missing_or_out_of_order;eos90_too_early
US-SRM,2021,GCC,355,160,0,0,,double_logistic,0.940801405297649,0.002594380219606749,0.9699768338483634,0.31526697203168175,0.3612788900479093,217.56439931134614,0.14854935086059323,255.39761757367285,0.09741990910924361,234.75,0.03725892549433191,201.75,215.75,226.25,280.5,259.5,244.5,True,
US-SRM,2022,GCC,339,163,0,0,,double_logistic,0.9711666856843707,0.002452599497593817,0.9855108886426288,0.315518480354276,0.3825901756474507,211.36876102087584,0.19978993502684086,249.64611355307503,0.05577574190842971,226.25,0.04949954450898264,202.5,211.0,219.0,295.25,259.5,237.0,True,
US-SRM,2023,GCC,337,165,0,0,,double_logistic,0.8711584267533877,0.0028413096278692893,0.9336217930572979,0.31813796032353875,0.35047942468456167,222.32042729085575,0.22343563248810744,254.45951879551006,0.1490303720787989,236.5,0.02895360559440313,212.25,221.75,229.5,270.25,256.0,244.75,True,
US-SRM,2024,GCC,348,166,0,0,,double_logistic,0.6777558182567087,0.004174999869051561,0.823915774701264,0.318758777246327,0.37257399999999996,212.81251480089952,0.11123342604510526,231.1113433304632,0.10031449792759368,222.5,0.024189787541192165,,,,,,,False,low_r2
US-SRM,2025,GCC,351,165,0,0,,double_logistic,0.6541908634666135,0.0025117876139265655,0.8118421152607808,0.3122267464894296,0.3214704747906091,197.33472966997948,0.5419702028445667,299.7139432642763,0.031107167497326893,208.0,0.008711226029969155,,,,,,,False,low_r2;dates_missing_or_out_of_order
US-Ton,2011,GCC,53,53,0,30,,double_logistic,0.7224295710689068,0.0026101945456503857,0.8520322028540577,0.3083662279417435,0.33495751717604644,69.6310039470126,0.22297012761481788,313.09027193835044,0.04094937392253876,113.75,0.02658229106565896,,,,,,,False,low_r2;dates_missing_or_out_of_order
US-Ton,2012,GCC,366,166,0,0,,double_logistic,0.9081823600065256,0.005755282806169,0.953124064903652,0.31770918482320093,0.3995465536571303,96.07232992139237,0.14988797400283632,145.467643349644,0.034117449009208406,116.25,0.055984866729583305,,,,,,,False,eos90_too_early
US-Ton,2013,GCC,365,165,0,0,,double_logistic,0.855117718312152,0.007877050165109527,0.9256507043294717,0.31433590744034196,0.37623652312619227,83.64457897784767,0.28454733126810594,163.7166343523655,0.0316931966017532,99.25,0.054076448012110756,,,,,,,False,eos90_too_early
US-Ton,2014,GCC,341,164,0,0,,double_logistic,0.8880039494210814,0.005807016447183471,0.9425166599559849,0.31768183156118907,0.38896141727712796,70.62622394541553,0.24659700574641755,120.00000000000004,0.029836856887179825,85.75,0.0507441022221356,,,,,,,False,eos90_too_early
US-Ton,2015,GCC,305,143,0,0,,double_logistic,0.8847196686860089,0.005711449714277728,0.9406953100158353,0.3205212313784621,0.37961072114124844,68.43069384118753,0.38105756200873586,129.00523813043256,0.03929707516723871,80.0,0.05086148449322331,,,,,,,False,eos90_too_early
US-Ton,2016,GCC,290,138,0,0,,double_logistic,0.9001957848899019,0.005442267580083375,0.9489373003756172,0.3221176712691718,0.3878260066177109,64.95833429253642,0.6676866114212484,132.0841929879077,0.05568861337656162,73.75,0.0630672726420412,,,,,,,False,eos90_too_early
US-Ton,2017,GCC,219,83,0,7,,double_logistic,0.8105053819485271,0.006027510643726374,0.9007710621556658,0.3237974596209533,0.3821877296831308,80.80855514800729,0.2264461810291042,145.8523249216036,0.04510777564001159,98.25,0.05117970139724931,,,,,,,False,eos90_too_early
US-Ton,2018,GCC,239,144,0,0,,double_logistic,0.876299998603131,0.006617027722567284,0.9367565590983318,0.31725926483200506,0.4012130578062674,88.88027472609554,0.164141970179591,136.46159220544885,0.05527956932785046,107.0,0.06610322506550076,,,,,,,False,eos90_too_early
US-Ton,2019,GCC,336,148,0,0,,double_logistic,0.8586395196948474,0.006853382788210503,0.9276989438782747,0.3222619964566463,0.38348254513441693,88.69543744902771,0.19809394431567942,155.05834699779027,0.03479905879857172,107.25,0.049957350557011004,,,,,,,False,eos90_too_early
US-Ton,2020,GCC,352,166,0,0,,double_logistic,0.8647482754776257,0.008182661500853351,0.9301895351312596,0.3112086442848287,0.3882346491728459,82.22726703456568,0.10444106969331468,153.04738562432462,0.03627213040457491,110.0,0.05965154569179171,,,,,,,False,eos90_too_early
US-Ton,2021,GCC,318,118,0,3,,double_logistic,0.8892108708199301,0.0055791934295964535,0.9431398754771091,0.3191033952427089,0.37935034846736576,86.53710352996043,0.3705681628410141,137.1875723407315,0.04137650656005078,97.75,0.049461132853356404,,,,,,,False,eos90_too_early
US-Ton,2022,GCC,330,162,0,0,,double_logistic,0.8733306177185456,0.0056785425357363415,0.9345266792715594,0.31752816600777156,0.37180902499799046,70.51709020137956,0.21077108811384448,142.97613044638854,0.03595005850380256,89.25,0.04638240770891511,,,,,,,False,eos90_too_early
US-Ton,2023,GCC,365,165,0,0,,double_logistic,0.8559242788968507,0.005972919434148768,0.9255325597668186,0.32501061188827407,0.40799108117148414,97.88337387033042,0.16586537963968265,128.12065114003886,0.033749960519737526,115.5,0.045956913083913475,,,,,,,False,eos90_too_early
US-Ton,2024,GCC,339,148,0,0,,double_logistic,0.9257731771290991,0.004218578639150197,0.9623304400733131,0.31818283131744995,0.3906463705484913,86.36824073375232,0.09526919313738695,132.93010722617524,0.047936463963613,109.0,0.04747982444112614,,,,,,,False,eos90_too_early
US-Ton,2025,GCC,342,155,0,0,,double_logistic,0.9175854052398785,0.004629998774879838,0.957955008131011,0.32438384928481784,0.4069849439615429,86.69239907391871,0.18249417369878992,120.00000000000001,0.0429263149907942,102.5,0.051752234898586325,,,,,,,False,eos90_too_early
US-UMd,2014,GCC,226,128,12,3,0.33164,double_logistic,0.9787861379158725,0.004288325119327918,0.9893704011014265,0.33169804305585726,0.39782033876303324,146.58204695219538,0.6238109029967386,268.1202687805824,0.0756341869904275,162.75,0.06609668209967112,143.25,146.75,150.25,297.25,268.25,239.25,True,
US-UMd,2015,GCC,339,162,0,0,0.33164,double_logistic,0.9793808855727594,0.003960170274056709,0.9896466784161964,0.33173690340322687,0.3947808994733246,137.6060332744032,0.2713753131732088,275.3872935765542,0.10856563771029157,179.5,0.06304136872511257,129.75,137.75,145.75,295.75,275.5,255.25,True,
US-UMd,2016,GCC,343,165,0,0,0.33164,double_logistic,0.9772438943746449,0.004831939781356538,0.9885632509850327,0.33227243220740144,0.40178334427270546,141.30278159793366,0.5118812395118923,278.96363954283134,0.10245149723226502,167.0,0.06951005238479835,137.25,141.5,145.75,300.5,279.0,257.75,True,
US-UMd,2017,GCC,338,164,0,0,0.33164,double_logistic,0.973108104752086,0.004315735735193967,0.9864761186515731,0.33216272149553955,0.39247370835590945,137.5093919282625,0.3574842826080547,277.1786991452794,0.09134061454435766,169.0,0.06030712453272796,131.5,137.75,143.75,301.25,277.25,253.25,True,
US-UMd,2018,GCC,359,159,0,0,0.33164,double_logistic,0.9791079147020015,0.00438638420855978,0.9895112373409124,0.33224157992815284,0.3993825179114199,138.9457857825194,0.3745597025165941,273.56815257405884,0.09008464015645742,168.0,0.06713470196868515,133.25,139.0,145.0,298.0,273.75,249.25,True,
US-UMd,2019,GCC,357,161,0,0,0.33164,double_logistic,0.9800217772231061,0.004163918822708478,0.989976500755762,0.3322170453002514,0.39855692629674766,146.27653642297463,0.25864410669683424,276.6491393509305,0.10428171157705567,186.25,0.06633239357329046,138.0,146.5,155.0,297.75,276.75,255.75,True,
US-UMd,2020,GCC,366,166,0,0,0.33164,double_logistic,0.9846485459448602,0.0037690214442969543,0.9922986041006443,0.3334520840857941,0.4030448862468871,144.49839567744078,0.608966943678755,268.5954595095344,0.08648675558603022,162.75,0.069584405585841,141.0,144.5,148.25,294.25,268.75,243.25,True,
US-UMd,2021,GCC,354,160,0,0,0.33164,double_logistic,0.9755586944198393,0.004587202510559031,0.9877069488177368,0.3345288409227656,0.39960254323933864,137.17953799706953,0.5641582608697998,278.26951382159064,0.07930208049312534,157.5,0.06506851057063706,133.5,137.25,141.25,306.0,278.5,250.75,True,
US-UMd,2022,GCC,226,45,4,7,0.33164,double_logistic,0.9886020288780797,0.003157602122075441,0.9942882304588818,0.3337973995072633,0.3983724864482625,134.87682439044391,0.25246761904023,277.3666556302942,0.05332191814023271,164.75,0.06438197334653628,126.25,135.0,143.5,318.75,277.5,236.75,True,
US-Var,2011,GCC,75,75,0,29,,double_logistic,0.6444210741320924,0.003886966247769105,0.8027675133088014,0.25417294484352493,0.3547054821189259,1.0000000006437952,0.10158306503965936,365.99999999999994,0.010000000000000002,55.25,0.09582507989724609,,,,,,,False,low_r2;dates_missing_or_out_of_order
US-Var,2012,GCC,264,130,0,0,,double_logistic,0.8573543796622239,0.009510325080244037,0.9277792786927336,0.3040086308327726,0.39477403623724183,80.72244050083451,0.06329294301139222,139.40276314203464,0.19858598225050442,120.5,0.08191373319445111,,,,,,,False,eos90_too_early
US-Var,2013,GCC,333,165,0,0,,double_logistic,0.944744023064202,0.005548712659639389,0.9723722798753542,0.30491304923425555,0.395911133405173,64.23982803314487,0.03288175266601593,120.00000000000001,0.16730314888132683,100.5,0.06645302130132591,,,,,,,False,dates_missing_or_out_of_order;eos90_too_early
US-Var,2014,GCC,365,165,0,0,,double_logistic,0.8774818709724249,0.012044080376238823,0.9396480884116784,0.30464868919258453,0.40851430447747705,63.89441079429611,0.12309477799229442,126.31559540962238,0.17430390722230585,99.25,0.10162490090049286,,,,,,,False,eos90_too_early
US-Var,2015,GCC,354,154,0,0,,double_logistic,0.9012855157561712,0.008621877430546215,0.9495906629308645,0.30617338068660493,0.47611759998617315,76.68983267682962,0.022180175842749332,120.00000000000001,0.04650472549005783,80.5,0.06520776488011282,,,,,,,False,dates_missing_or_out_of_order;eos90_too_early
US-Var,2016,GCC,333,160,0,0,,double_logistic,0.6986106387831501,0.017389543264140123,0.8533376996168757,0.3057541286250655,0.4005005925928643,33.54231064048484,0.05747366264200245,127.41453992252582,0.11612223343460934,92.0,0.09003936216318337,,,,,,,False,low_r2;dates_missing_or_out_of_order;eos90_too_early
US-Var,2017,GCC,365,165,0,0,,double_logistic,0.9523581365760403,0.008284249304319011,0.975923952610792,0.304112906553526,0.4562710743540045,56.984613099193844,0.02603220018489005,126.60201113708055,0.09072199830931732,96.25,0.10278437202031931,,,,,,,False,dates_missing_or_out_of_order;eos90_too_early
US-Var,2018,GCC,259,165,0,3,,fit_failed,,,,,,,,,,,,,,,,,,False,fit_failed
US-Var,2019,GCC,365,165,0,0,,double_logistic,0.9521234124796345,0.007241621423922277,0.9759600476827178,0.3029550489870992,0.4280459547359778,59.12496977419661,0.03742087467357345,123.43177199762343,0.143311321363893,101.0,0.0986642361549242,,,,,,,False,dates_missing_or_out_of_order;eos90_too_early
US-Var,2020,GCC,366,166,0,0,,double_logistic,0.9357316851377014,0.006935410425350818,0.9673982863046819,0.3000780923785384,0.4241841507298499,75.98917268325603,0.03891741399283483,126.71742083249191,0.10078807101169457,102.75,0.08155548683409919,,,,,,,False,eos90_too_early
US-Var,2021,GCC,318,118,0,3,,double_logistic,0.7577296997580063,0.01011469422450414,0.8742086851437154,0.2974341489305686,0.39426134670319096,78.33495135096321,0.03777513943822382,120.1473331670737,0.10528650665193684,97.75,0.05704391500914463,,,,,,,False,low_r2;eos90_too_early
US-Var,2022,GCC,329,165,0,0,,double_logistic,0.888004042783885,0.008747936669006555,0.9436546060105695,0.2965482616738169,0.35675942222968293,1.0000000000000002,0.9999999999999999,120.00000000000001,0.09983216304361614,14.0,0.06020949734713227,,,,,,,False,dates_missing_or_out_of_order;eos90_too_early
US-Var,2023,GCC,365,165,0,0,,double_logistic,0.9459529931635646,0.006226199277561338,0.9726840136305882,0.3043486661017613,0.47057496011654726,95.93895363265449,0.034188738688218055,128.37040368045086,0.09710249947886342,105.25,0.08031066069857878,,,,,,,False,eos90_too_early
US-Var,2024,GCC,366,166,0,0,,double_logistic,0.9429207844987487,0.006604354413411753,0.9714048754082348,0.3008075626070576,0.4344993380487776,80.07944763334005,0.02632858748583148,133.62890418292113,0.08171334925346999,103.75,0.07632286868210664,,,,,,,False,dates_missing_or_out_of_order;eos90_too_early
US-Var,2025,GCC,360,160,0,0,,double_logistic,0.7912555605715954,0.013186638905088702,0.8924417143228264,0.3079002996633689,0.5000207999991891,95.75377983276859,0.03709515228359595,122.24798101593387,0.09435717590983901,100.0,0.0826364524596036,,,,,,,False,low_r2;eos90_too_early
US-Vcp,2020,GCC,64,64,9,21,0.37088,double_logistic,0.6879894558544307,0.007314843504863128,0.8343318885595685,0.3647402451070825,0.4114586240138673,87.67720909597561,0.03408263344593902,318.9974823601886,0.05415934004211918,224.25,0.04600360114127733,,,,,,,False,low_r2
US-Vcp,2021,GCC,109,7,2,12,0.37088,double_logistic,0.8294955744953747,0.0056168415523987925,0.9126336123918729,0.3708530508200895,0.4140287728127233,113.87545434866303,0.041382684802389956,275.21512863707096,0.05594103343676618,203.5,0.04137542798772459,59.75,112.0,158.75,315.5,276.75,241.75,True,
US-Vcp,2022,GCC,182,107,4,0,0.37088,double_logistic,0.8581874245682886,0.004255390174995615,0.9272261241478243,0.3706685996268977,0.40149050845410883,122.69696038490035,0.033921211566792744,288.08299371653237,0.05524155290481872,219.25,0.029026191753262987,56.0,119.5,173.75,329.0,290.0,255.5,True,
US-Vcp,2023,GCC,166,134,3,10,0.37088,double_logistic,0.8434013478916298,0.0045606617401935156,0.9192488119975123,0.3702206424814595,0.4367959999836258,195.36760918577494,0.025878094422398922,259.0659493996569,0.03254383423157936,222.0,0.02898863574747268,78.75,152.5,196.75,340.25,283.75,246.25,True,
US-Vcp,2024,GCC,155,112,4,7,0.37088,double_logistic,0.7297804751424584,0.006363362392442187,0.8559783953211846,0.3706308886407909,0.40288391547461855,116.04957876252303,0.06407047875747379,308.7322813449249,0.04912812729389359,202.0,0.03195320220797382,,,,,,,False,low_r2
US-Vcp,2025,GCC,79,0,0,21,0.37088,double_logistic,0.7783797125025123,0.0038937225205609924,0.8866858382521489,0.37110856445546503,0.40240996390070566,104.01547146640243,0.04215208991159429,300.2382235865022,0.04531443196266441,204.75,0.030451508721555443,,,,,,,False,few_autumn_obs;low_r2
US-Wjs,2020,GCC,30,30,1,33,0.33081,double_logistic,-0.022714778880648767,0.0015839891482042666,0.5767716087460267,0.3435872696347773,0.351105151537119,179.34571460466887,0.6318257971422346,267.1417682862876,0.300981288094892,208.5,0.007517881664676929,,,,,,,False,low_r2
US-Wjs,2021,GCC,142,0,0,17,0.33081,double_logistic,0.3916974262311168,0.003338070536080731,0.6301125544292533,0.3443909300468094,0.3793903999767774,204.04604589493204,0.032845896976204325,239.92806981240815,0.05297293717983839,212.25,0.013280172608183372,,,,,,,False,few_autumn_obs;low_r2
US-Wjs,2022,GCC,289,165,2,0,0.33081,double_logistic,0.8206223221691666,0.0023765781406397,0.9076265818587673,0.3314091770153253,0.3709099999999991,224.58976697645275,0.11017207466451635,244.21168076822428,0.10776075561591589,234.5,0.019309420302307867,199.25,216.75,227.75,270.75,252.75,241.5,True,
US-Wjs,2023,GCC,261,123,0,4,0.33081,double_logistic,0.24528896154333002,0.0013380695165825904,0.5289035104840942,0.3309781821714577,0.33420864491268115,239.99999999999912,0.9999999999550048,279.7066706804884,0.9999999996322669,259.75,0.003230462725720473,,,,,,,False,low_r2
US-Wjs,2024,GCC,225,126,0,0,0.33081,double_logistic,0.6834138143767348,0.0027115578871976438,0.8321394278164177,0.33122880717498554,0.34950201377878354,207.07120777502152,0.4475079526605277,236.8054118264038,0.07840536895452271,215.5,0.014968447269788743,,,,,,,False,low_r2
US-Wjs,2025,GCC,324,150,0,0,0.33081,double_logistic,0.6717879169953083,0.003284357671912175,0.8287844088227165,0.33125820329596306,0.35701827442328443,181.97679727909164,0.32959381207291655,208.31534422458844,0.07505554362978845,191.5,0.019007054855456174,,,,,,,False,low_r2
US-Wkg,2012,GCC,173,164,0,18,,double_logistic,0.9452207996358258,0.004457224488879871,0.972467395799174,0.35476351414241725,0.3981027255693218,198.94082467207343,0.13577458457594463,278.6430225167485,0.21900497787085846,246.75,0.043233490633203586,182.75,199.0,215.0,288.75,278.75,268.75,True,
US-Wkg,2013,GCC,353,163,0,0,,double_logistic,0.7450455754423709,0.004439162196726772,0.8636932194446502,0.3512775770613653,0.41725359999999984,204.00841525784833,0.18034291227511393,216.73512621122114,0.05368534776070057,217.5,0.02698771976918507,,,,,,,False,low_r2
US-Wkg,2014,GCC,344,161,0,0,,double_logistic,0.9875051509865455,0.0019905180088013526,0.9937347378783337,0.3447594161327292,0.4261120529653155,215.50614981119594,0.1323422627950277,264.70821824904334,0.029685990997296387,237.75,0.0520660444489201,205.75,216.0,227.25,355.25,290.25,253.5,True,
US-Wkg,2015,GCC,364,164,0,0,,double_logistic,0.8235383564396831,0.004764723118724432,0.9088854197174274,0.35430445983740055,0.38169399131185205,189.96904661454326,0.22810655337265903,278.39714251422487,0.21680548558634818,233.25,0.027386582393788328,180.5,190.0,199.75,288.75,278.5,268.5,True,
US-Wkg,2016,GCC,366,166,0,0,,double_logistic,0.9463131066881855,0.0031953821586123746,0.9727955248593453,0.35167928887770544,0.3953176453024923,203.2128953538384,0.13379110655290247,270.2664449617504,0.07739208283330909,230.5,0.04061185917365828,186.5,202.5,216.5,299.75,272.25,249.0,True,
US-Wkg,2017,GCC,354,154,0,0,,double_logistic,0.9875958831434087,0.0017882110960843556,0.9937885523120871,0.35338410195025916,0.4716811999999999,201.30029586110027,0.13466200543182733,224.54581746668524,0.05293391497232117,217.25,0.05806393987799535,190.75,200.25,209.75,280.75,245.75,226.5,True,
US-Wkg,2018,GCC,363,163,0,0,,double_logistic,0.9234598919422986,0.0022208706335128756,0.9609779436987814,0.35390433354844386,0.389803648512702,222.85323830908544,0.09234583866142113,268.0379945103479,0.07408800777096965,244.75,0.026275192328584662,196.25,218.25,233.75,302.25,275.0,256.75,True,
US-Wkg,2019,GCC,365,165,0,0,,double_logistic,0.88577538281452,0.004144690911592737,0.9416995506842558,0.35388123489483,0.38519735974070995,215.44492434426772,0.4624459884211089,283.68272109282515,0.17394707741010462,235.75,0.031306016009354176,210.75,215.5,220.25,296.5,283.75,271.25,True,
US-Wkg,2020,GCC,366,166,0,0,,double_logistic,0.8679536404954257,0.0020136107774932225,0.9327898604031474,0.3446284039270491,0.3842449999979328,120.68511664544472,0.011786268375574362,220.18801604553406,0.019588935702253944,143.0,0.015242005764667665,,,,,,,False,dates_missing_or_out_of_order
US-Wkg,2021,GCC,364,164,0,0,,double_logistic,0.9830731649786992,0.002046856474231109,0.991502970686153,0.3443572165685202,0.4622865999999999,216.7136416128252,0.12705616579045612,239.33458498020607,0.06734026956423717,230.75,0.058580750389221115,201.25,213.5,223.75,283.25,255.25,239.5,True,
US-Wkg,2022,GCC,365,165,0,0,,double_logistic,0.9425753377479645,0.0041947013548296885,0.9711370762819969,0.34605248160997465,0.46387082556900583,195.75906177896175,0.08873735743383411,227.5258489711942,0.04123820062667718,217.5,0.05597300854476933,177.0,192.75,206.75,300.25,255.25,230.25,True,
US-Wkg,2023,GCC,364,165,0,0,,double_logistic,0.682674055708419,0.004328559111760438,0.8263661651016039,0.3497925309952595,0.37288154374422516,221.3600642976705,0.671412761815447,261.79138610310264,0.13730825720617576,230.25,0.022730308462335813,,,,,,,False,low_r2
US-Wkg,2024,GCC,366,166,0,0,,double_logistic,0.7196879117263345,0.0032239726320498862,0.8505321379312735,0.343784237542439,0.3681555205382291,239.99999999999434,0.014703502621285195,273.0176542350371,0.0828650503623268,236.5,0.010744662887306133,,,,,,,False,low_r2
US-Wkg,2025,GCC,365,165,0,0,,double_logistic,0.8738635802355936,0.002067841328530807,0.9348591390342679,0.3361218499520644,0.349124433449565,202.79688018013073,0.4949414515050277,303.84119185846936,0.16522356796912427,229.75,0.013002499840310155,198.5,203.0,207.25,317.25,304.0,290.75,True,
DE-RuR,2024,GCC,316,166,2,3,0.39392,double_logistic,0.45681081102561794,0.014630426263571182,0.6792364951802364,0.3472566408161896,0.4459362326284847,59.3173802261209,0.026211383062640082,365.9998513139014,0.02104538328448877,200.75,0.09335963086519217,,,,,,,False,low_r2;dates_missing_or_out_of_order
DE-RuW,2024,GCC,176,166,2,17,0.323055,double_logistic,0.937670723272756,0.002134264958717147,0.9683891447730594,0.3210417761564332,0.3726918147274121,113.50720665673377,0.08011179962495946,206.05223878712246,0.019307261837789313,150.75,0.03594806627036273,,,,,,,False,eos90_too_early
IT-MBo,2015,GCC,239,162,9,4,0.32872,double_logistic,0.7967762192093294,0.01835119151598518,0.892623849625622,0.3277075167669765,0.41266548340762416,123.33773386664826,0.38182788997244116,277.86298830996105,0.09243695710743108,156.5,0.08495655695187182,,,,,,,False,low_r2
IT-MBo,2016,GCC,358,158,0,0,0.32872,double_logistic,0.9198180461570067,0.011981373967671302,0.9591779752827371,0.3310670369805229,0.42028369733737797,134.68022185265897,0.19748867506764478,274.97534614695087,0.1282967625383438,191.25,0.08921347641926741,123.75,134.75,146.0,292.25,275.0,258.0,True,
IT-MBo,2017,GCC,362,165,0,0,0.32872,double_logistic,0.9077546812497791,0.008421232314883655,0.9528073353583428,0.33106782365889176,0.39072418858614555,134.94824807798526,0.30284665685610923,269.1477995606414,0.12417968590859586,176.0,0.059655561938271595,127.75,135.0,142.25,287.0,269.25,251.5,True,
IT-MBo,2018,GCC,340,153,0,0,0.32872,double_logistic,0.903414175467446,0.00961295571727449,0.9505277702158647,0.3304423879764485,0.3939391615582636,124.47110936045975,0.3715948001227508,265.043689891634,0.2517569576638814,181.75,0.06349677349596655,118.75,124.5,130.5,274.0,265.25,256.5,True,
IT-MBo,2019,GCC,327,154,2,0,0.32872,double_logistic,0.9322990874640043,0.007777266972512412,0.9659503596057661,0.33015782915195385,0.39188548919106525,140.14284553473652,0.2939806495971456,281.393276669275,0.1059437676104749,180.0,0.0617258224340021,132.75,140.25,147.75,302.25,281.5,260.75,True,
IT-MBo,2020,GCC,334,145,0,0,0.32872,double_logistic,0.943838289484707,0.007445000324095428,0.9715771282808863,0.3296216307868757,0.3955181553663395,125.27282158420185,0.27592933493670296,276.669618565571,0.18601966329653014,187.0,0.06589651818246678,117.5,125.5,133.25,288.5,276.75,265.0,True,
IT-MBo,2021,GCC,313,136,0,0,0.32872,double_logistic,0.8808203869660285,0.010156002069805955,0.9389343537510677,0.32895132902255364,0.38867433305163357,136.47345668763725,0.32375004996134205,280.6071213460619,0.17878691309205502,189.0,0.059722996965394404,129.75,136.5,143.5,293.0,280.75,268.5,True,
IT-MBo,2022,GCC,242,96,1,8,0.32872,double_logistic,0.9901077988968565,0.0030802753116643106,0.9950478559089516,0.3303319527741949,0.45506927556722887,130.22308407566064,0.21041198278215217,171.44455165210545,0.05491574332701986,145.0,0.09574992659169701,,,,,,,False,eos90_too_early
IT-MBo,2023,GCC,353,163,0,0,0.32872,double_logistic,0.8368746904013044,0.012553563973651226,0.9148094945023878,0.32865668900295986,0.3905803042347489,125.68150415522379,0.5262141931647065,284.4489803649142,0.09330383343417646,152.5,0.06192329052953588,121.75,125.75,130.0,308.0,284.5,261.0,True,
IT-MBo,2024,GCC,365,165,0,0,0.32872,double_logistic,0.8771381002276563,0.01261745881195781,0.9386354590031386,0.32864308337665116,0.4055333425728252,129.43918785399472,0.29613219521041834,286.48377801199615,0.12167305921640649,177.25,0.07689007468063791,122.25,129.5,137.0,304.75,286.5,268.5,True,
IT-Tor,2013,GCC,224,144,12,0,0.33259,double_logistic,0.9718706770009684,0.003649338266576364,0.9859199021744894,0.3327909328598503,0.4856919999999998,190.27433298919658,0.0819817752899488,221.2654633579372,0.06076785438293845,207.5,0.07673161580597349,159.25,182.0,197.5,269.25,237.75,218.75,True,
IT-Tor,2014,GCC,279,113,0,0,0.33259,double_logistic,0.9889905628782403,0.002908970736406903,0.9944867677382484,0.3334230908566686,0.4208514066572915,167.76100423753473,0.12363253500741572,229.24258960660498,0.11805864893463741,198.0,0.0832635195360536,149.75,167.25,182.75,248.5,230.25,214.0,True,
IT-Tor,2015,GCC,242,126,3,0,0.33259,double_logistic,0.9443643275099568,0.0035732180875205936,0.9719129399633909,0.33365289769035306,0.39806103420080396,153.50514283655212,0.12446802303492528,200.05274003958405,0.042513606901185566,174.5,0.04375871304975393,138.75,152.25,164.25,261.75,215.75,188.25,True,
IT-Tor,2016,GCC,323,162,0,0,0.33259,double_logistic,0.9840161964402836,0.0026396258709336044,0.9919759411910193,0.333173173549983,0.43998770178101004,163.9690021059163,0.13515815793114183,208.34049389621214,0.04721995417005981,183.5,0.0744560054465489,150.0,162.75,174.0,263.25,221.75,196.25,True,
IT-Tor,2017,GCC,306,136,0,0,0.33259,double_logistic,0.9819168454556781,0.002308942648737972,0.9909374374919909,0.3327850231229679,0.3812554694070792,154.5604050226791,0.24638902415530944,240.7919821248585,0.07009982969825072,177.75,0.04773418683377317,145.75,154.5,163.25,272.5,241.25,211.5,True,
IT-Tor,2018,GCC,297,158,6,0,0.33259,double_logistic,0.9891227181555896,0.002243557306516915,0.994548195017902,0.33315576906492594,0.3936411411356034,161.75760848812078,0.26262485662161444,236.79391518939457,0.0652249604858674,181.0,0.05855298228788419,153.5,161.75,169.5,271.25,238.0,207.5,True,
IT-Tor,2019,GCC,341,153,0,0,0.33259,double_logistic,0.9805889344330415,0.002839636452975071,0.9902496840837727,0.33275809269819767,0.4044573013054066,162.98847660956048,0.2212811562287518,225.09115767638693,0.04583202819633048,180.25,0.06202006271643995,154.25,163.0,171.25,276.75,231.25,197.75,True,
IT-Tor,2020,GCC,351,158,0,0,0.33259,double_logistic,0.9797442122908848,0.002855104741701572,0.9898214574209402,0.33268594484108865,0.40908865620352375,151.4076973640725,0.11651491405373254,215.95971468654267,0.041791385025705896,176.5,0.06018763347582873,133.5,150.0,164.0,275.0,226.5,194.0,True,
IT-Tor,2021,GCC,343,156,0,0,0.33259,double_logistic,0.9895188132435611,0.002422899066298133,0.9947463264811996,0.3331606869760056,0.45227783559911755,168.1848451454692,0.13477009432834597,206.87129251850476,0.050295848755359134,186.5,0.07835025268817852,154.25,166.75,177.5,259.75,221.0,198.25,True,
IT-Tor,2022,GCC,321,131,1,0,0.33259,double_logistic,0.9728991082772208,0.002576015649759888,0.9863884368856068,0.3329072301956654,0.38633238641526463,145.98837659764177,0.25563673455361446,210.95868568513845,0.03994155127976314,161.75,0.0459267780580061,139.0,146.0,153.25,270.25,218.25,180.25,True,
IT-Tor,2023,GCC,249,137,6,0,0.33259,double_logistic,0.9706614645351529,0.0050832648775025096,0.9852454322043572,0.3339919555161891,0.45659871610021935,157.17828333227413,0.15699295951858613,202.20891181697607,0.04425206351952574,175.5,0.08729111727623956,146.25,156.5,166.5,260.5,215.75,188.5,True,
IT-Tor,2024,GCC,246,63,0,5,0.33259,double_logistic,0.9655821739744246,0.0045468841918746405,0.9826467749071275,0.3327103960303415,0.4167257950278711,170.01678775321065,0.15967454687259763,229.38555012528656,0.07538999375930104,192.5,0.07685496003263459,156.0,169.25,181.0,260.0,231.75,209.0,True,
IT-TrF,2012,GCC,205,100,8,0,0.33039,double_logistic,0.9778530349861377,0.0054852321613259635,0.9889196717737863,0.3306175675902361,0.4097381835230337,149.55502208237033,0.3473854299272041,287.0696155512676,0.17527335175181374,197.0,0.07912059941291277,143.25,149.75,156.0,299.75,287.25,274.75,True,
IT-TrF,2013,GCC,281,133,1,0,0.33039,double_logistic,0.9650537782506479,0.007216987613230594,0.9823823528182916,0.33025514992490673,0.41629003525623726,163.56992331966478,0.4568246290011845,285.64112645185793,0.09037537103287159,186.75,0.08602141568237748,159.0,163.75,168.5,310.0,285.75,261.5,True,
IT-TrF,2014,GCC,208,88,3,0,0.33039,double_logistic,0.9815172618990486,0.004975021690607673,0.9907179507649644,0.3310729725402044,0.4143450014347639,153.7044148080353,0.2759845925727408,279.7254151685041,0.0824231834600615,186.0,0.08322406546302863,145.75,153.75,161.75,306.5,279.75,253.25,True,
IT-TrF,2015,GCC,190,146,3,0,0.33039,double_logistic,0.9594415815086459,0.006813741066117156,0.9797825247476497,0.3302476614334314,0.40705015692342217,141.29048624108356,0.1746524223066946,284.64677908261893,0.14022964366956228,205.75,0.07680030088912476,128.75,141.5,154.0,300.5,284.75,269.0,True,
IT-TrF,2016,GCC,224,103,0,4,0.33039,double_logistic,0.9679622914486243,0.006730583018450407,0.9838603587795208,0.33053816194494684,0.4093671789818386,159.0876930647896,0.4497538159229186,292.3787219637291,0.13624322157577543,192.0,0.07882889701798251,154.25,159.25,164.0,308.75,292.5,276.5,True,
IT-TrF,2017,GCC,275,165,8,0,0.33039,double_logistic,0.9646239512175019,0.00705901307502394,0.9821690566005467,0.3303447709756721,0.41063163941011926,145.1493238439449,0.4658673584531064,279.97146649052075,0.11931916388465895,175.0,0.08028650334561177,140.5,145.25,150.0,298.5,280.0,261.75,True,
IT-TrF,2018,GCC,358,161,0,0,0.33039,double_logistic,0.9884570984982238,0.003914790008780283,0.9942157693727302,0.33049810912856065,0.409352589878473,151.3045485929611,0.3269790927845038,288.7501648642031,0.16059296088917557,198.0,0.0788544253677178,144.75,151.5,158.25,302.5,289.0,275.25,True,
IT-TrF,2019,GCC,364,164,0,0,0.33039,double_logistic,0.9834052498036642,0.004487870529204069,0.9916679535078117,0.330469198859556,0.40629400125109133,155.76202621183975,0.33507197033504765,287.1004484479338,0.18608526931114494,203.75,0.07582478058565811,149.25,156.0,162.5,299.0,287.25,275.5,True,
IT-TrF,2020,GCC,365,165,0,0,0.33039,double_logistic,0.9781460071825163,0.004585780112573907,0.9890547501264804,0.3303265408771829,0.3987669260784172,141.17835542951514,0.5760235609449917,277.9796010954209,0.08802278690908318,162.25,0.06843744126065632,137.5,141.25,145.0,303.0,278.0,253.25,True,
IT-TrF,2021,GCC,289,160,2,3,0.33039,double_logistic,0.9725302952588594,0.005937761188961942,0.9862732261557605,0.3300415775209868,0.408219123922547,159.44469644547846,0.5875483913479629,284.78203141061283,0.08794969451449845,178.5,0.07816965766661899,155.75,159.5,163.25,310.0,285.0,260.0,True,
IT-TrF,2022,GCC,360,164,0,0,0.33039,double_logistic,0.9838331711554784,0.004746597610471466,0.9919665498622191,0.330367808364929,0.4097204490507648,138.91126607150815,0.6010850030928848,281.3432132527548,0.1340757691347124,167.0,0.07935261955573125,135.5,139.0,142.75,297.75,281.5,265.0,True,
IT-TrF,2023,GCC,16,0,9,21,0.33039,double_logistic,-0.007952160208518189,0.00020046296155648663,-0.3062167160519255,0.3304815693946749,0.4082989697820932,150.64941017259187,0.24916939103670938,284.2175168196806,0.1303121626418679,198.25,0.07781578945109363,,,,,,,False,few_autumn_obs;low_r2
NL-Loo,2023,GCC,313,161,0,4,0.38815,double_logistic,0.6809977276667171,0.0036673359263866188,0.8262658338170566,0.3963454830030862,0.4359803999999999,181.76201130489784,0.06832270149023909,208.12179551559032,0.02874165395017742,211.0,0.014263714532012084,,,,,,,False,low_r2
NL-Loo,2024,GCC,364,165,0,0,0.38815,double_logistic,0.7769451650714114,0.003278733479591366,0.8814997519983192,0.39356731772415354,0.4118223051400253,173.19412533072335,0.08045537498273864,260.6348309869022,0.07457134806769256,215.75,0.017058411171512522,,,,,,,False,low_r2
NL-Loo,2025,GCC,358,163,0,0,0.38815,double_logistic,0.8332813713500047,0.0029991272973067416,0.9137819713319066,0.38976890457505303,0.41542716858407025,164.63543727417968,0.06213964995461864,263.74518140654925,0.026766289313893927,206.75,0.019328393575112124,129.75,160.5,186.0,357.5,282.5,233.75,True,
