site_id,year,vi_index,n_obs,n_obs_after_doy200,n_winter_fill,n_clim_fill,background,method,r2,rmse,corr,vmin,vmax,S,greenup_kinetic_i,A,senescence_kinetic_i,peak_doy,amplitude,leaf_out_10,leaf_out_50,leaf_out_90,EOS10,EOS50,EOS90,qc_pass,qc_reason
BE-Dor,2022,NDVI_tower,173,118,2,14,0.5817746733880939,double_logistic,0.6095463563622407,0.0257706365477843,0.7812426689985074,0.665939764193658,0.5756154133830406,181.28084084224676,0.0804761074434808,264.1043024746172,0.110523329809799,1.0,-4.5178276342205954e-08,,,,,,,False,low_r2;amp_below_noise;dates_missing_or_out_of_order;eos90_too_early
BE-Dor,2023,NDVI_tower,251,104,0,0,0.5817746733880939,double_logistic,0.4420842626031609,0.0886804340830805,0.7087286710915709,0.240257085415666,1.0142742540022849,49.80140452574404,0.0100000510972163,365.9999999946904,0.0390463811069807,270.5,0.679138863725007,,,,,,,False,low_r2;dates_missing_or_out_of_order
BE-Dor,2024,NDVI_tower,254,106,7,0,0.5817746733880939,double_logistic,0.7334644963938008,0.0442801973603123,0.8606422557071822,0.5935379241926695,0.941608664722178,33.910324771252654,0.0485978452384863,303.3496780017145,1.0,288.0,0.3480691557203863,,,,,,,False,low_r2;dates_missing_or_out_of_order
BE-Maa,2017,NDVI_tower,251,96,0,4,0.5096224333444999,double_logistic,0.8150348484833674,0.0269288994175516,0.9031641801228196,0.5746456958464351,0.7347560612026466,1.000000000000015,0.01,231.68459407505512,0.16113446601827,200.5,0.1398951287760812,,,,,,,False,dates_missing_or_out_of_order
BE-Maa,2018,NDVI_tower,241,86,0,3,0.5096224333444999,double_logistic,0.7664547962269889,0.0240710303617696,0.877935917756019,0.5188213530634039,0.6829990299931774,150.83796245963305,0.1097361842421039,223.12956727789197,0.0227596495502044,179.25,0.1130235034142094,,,,,,,False,low_r2
BE-Maa,2019,NDVI_tower,239,101,1,0,0.5096224333444999,double_logistic,0.8549606892537323,0.0202958917095035,0.9257297835878036,0.5353667919664259,0.8772494602032478,140.30276429035345,0.0441828152128338,191.62224046284865,0.0222274452474939,180.5,0.1424616441716366,103.75,133.5,160.5,332.5,249.75,204.25,True,
BE-Maa,2020,NDVI_tower,272,117,0,0,0.5096224333444999,double_logistic,0.788151162819495,0.0174366334426405,0.8880048562379941,0.5755248331333893,0.8248295242380482,239.999999999916,0.0129488622435138,273.9342245759603,0.0403205726921673,215.25,0.0834596249215723,,,,,,,False,low_r2;dates_missing_or_out_of_order
BE-Maa,2021,NDVI_tower,256,102,1,3,0.5096224333444999,double_logistic,0.8545371172429883,0.0189725842526339,0.924415601574808,0.5575441282927207,0.6582814000356826,166.04040296371076,0.0888397987345642,320.46107085551586,0.999999873005507,305.75,0.1007368205659333,141.5,166.25,191.0,322.75,320.5,318.5,True,
BE-Maa,2022,NDVI_tower,269,117,0,0,0.5096224333444999,double_logistic,0.3340725501727366,0.0251830570150309,0.580199441456741,0.6604401645887803,0.7124331469433636,143.8571690135891,0.2567096997844298,216.60549544681905,0.0758537751210557,164.25,0.0507556803180428,,,,,,,False,low_r2
BE-Maa,2023,NDVI_tower,260,111,1,0,0.5096224333444999,double_logistic,0.6342312116104527,0.0222731238980239,0.7987882468555295,0.6258603977332228,0.6980854728424407,152.33946767924095,0.1115539768527911,219.51291934469032,0.4166964594401022,202.75,0.0718983464848096,,,,,,,False,low_r2
BE-Maa,2024,NDVI_tower,215,101,1,4,0.5096224333444999,fit_failed,,,,,,,,,,,,,,,,,,False,fit_failed
BE-Maa,2025,NDVI_tower,269,115,7,0,0.5096224333444999,double_logistic,0.5200696713600128,0.0227650865462938,0.7235186801544891,0.6590405883177725,0.9183991813122404,158.2021368212969,0.0712545678131662,167.72279176908057,0.0364371318389133,184.25,0.0567147349846686,,,,,,,False,low_r2
CA-Ca1,1999,NDVI_tower,96,96,0,21,0.5167361981397566,double_logistic,0.8827397781908904,0.0229384561785408,0.9396568238051648,0.5163281929219017,0.9332515747379296,170.3470985051864,0.0295621121277551,237.9519659568889,0.037937484628081,201.25,0.2145900686336119,73.25,138.5,178.25,306.75,256.75,223.25,True,
CA-Ca1,2000,NDVI_tower,261,101,0,0,0.5167361981397566,double_logistic,0.2424340771524916,0.0249831158372714,0.4936165904301432,0.5175295248145206,0.5553027925198009,51.4887644293044,1.0,288.77070271374726,0.9999999274853396,85.75,0.0377732677052802,,,,,,,False,low_r2;amp_below_noise
CA-Ca1,2001,NDVI_tower,258,100,0,0,0.5167361981397566,double_logistic,0.2703244352447346,0.0263696285329982,0.537152522228917,0.5200759815006494,0.572609257425533,52.0400116172493,0.9709956728114336,283.7988226779596,0.8537017652662529,87.5,0.0525332759248836,,,,,,,False,low_r2;amp_below_noise
CA-Ca1,2002,NDVI_tower,268,108,0,3,0.5167361981397566,double_logistic,0.7637361276931498,0.0216219840777806,0.8756565732720859,0.5208637039217641,0.6118240284194898,91.80087326718213,0.1531889271276534,274.9768046033858,0.9999982111833512,249.0,0.0909603244940838,,,,,,,False,low_r2
CA-Ca1,2003,NDVI_tower,267,115,1,0,0.5167361981397566,double_logistic,0.759873005393291,0.0192110506179262,0.8717318246343418,0.5161753136408597,0.6037192764827991,42.27061581061352,0.1493270526605789,262.7293069091704,0.1041497980929898,134.25,0.0875437327862417,,,,,,,False,low_r2
CA-Ca1,2004,NDVI_tower,244,92,0,3,0.5167361981397566,double_logistic,0.7539847835685847,0.0197853712075854,0.873110092836823,0.5181707847408312,0.6067072272953355,54.261617350291125,0.0699325941832956,231.7820489393774,0.192461882875623,180.5,0.0885188918043098,,,,,,,False,low_r2
CA-Ca1,2005,NDVI_tower,256,95,0,0,0.5167361981397566,fit_failed,,,,,,,,,,,,,,,,,,False,fit_failed
CA-Ca1,2006,NDVI_tower,257,104,0,0,0.5167361981397566,double_logistic,0.6179606242423816,0.0148993043866193,0.7895471530772805,0.5173846471550162,0.5704543854467816,64.52240067041795,0.0813754905590899,258.9925963855944,0.1407235268991387,185.25,0.0530652141574626,,,,,,,False,low_r2
CA-Ca1,2007,NDVI_tower,209,108,0,5,0.5167361981397566,double_logistic,0.7169993075626113,0.0354738071125205,0.8524742967776238,0.4671606283681767,0.9116745309676952,179.32114972684522,0.0129257473440164,306.50495722254243,0.0238695297762259,231.0,0.2309148422814527,,,,,,,False,low_r2;dates_missing_or_out_of_order
CA-Ca1,2008,NDVI_tower,249,96,0,0,0.5167361981397566,double_logistic,0.6176174523385218,0.0266797621152842,0.7960579817223595,0.5997636988664852,0.7057833740281038,51.62117737757397,0.1481900889029978,302.3847258884532,0.0519181205487312,122.0,0.1060074625701481,,,,,,,False,low_r2
CA-Ca1,2009,NDVI_tower,269,101,0,0,0.5167361981397566,double_logistic,0.7637834788630874,0.024435873870896,0.8757054975372185,0.5328376454540749,0.7196503399627634,48.14294495137962,0.0752883916716945,343.7064782567189,0.0174115380297321,119.75,0.1822568219988226,,,,,,,False,low_r2;dates_missing_or_out_of_order
CA-Ca1,2010,NDVI_tower,241,96,0,0,0.5167361981397566,double_logistic,0.7326471757172803,0.0290224841452025,0.8605063292767281,0.6119085589744763,0.7147588670388539,85.88955956469027,0.1213163109448357,251.3012543659725,0.4791638584247233,215.5,0.1028502891613381,,,,,,,False,low_r2
CA-Ca2,2000,NDVI_tower,87,87,4,19,0.3305204345207116,double_logistic,0.0691938195877338,0.0319961178979232,0.3959841529792406,0.2952732120586214,0.5003809484751522,98.6217757024707,0.0700259390364159,345.93805010684326,0.0403021265154274,194.0,0.2044018242222769,,,,,,,False,low_r2;dates_missing_or_out_of_order
CA-Ca2,2001,NDVI_tower,242,104,12,0,0.3305204345207116,double_logistic,0.9350880686537476,0.024772387477193,0.9672783031245926,0.337113201014131,0.7285514376231372,127.5521127284487,0.0298886460751444,362.2258627571014,0.01,222.0,0.2921866880535614,,,,,,,False,dates_missing_or_out_of_order
CA-Ca2,2002,NDVI_tower,253,103,8,0,0.3305204345207116,double_logistic,0.902818125184315,0.0212538220754775,0.95075797861369,0.4469957241169611,0.7256963120434027,148.37506216999287,0.0536627753938646,242.47099237318105,0.0183911718111927,194.75,0.1754903144483179,,,,,,,False,dates_missing_or_out_of_order
CA-Ca2,2003,NDVI_tower,268,112,1,0,0.3305204345207116,double_logistic,0.92979830440227,0.0189989546512372,0.9645384267431094,0.430220485395903,0.891317319765959,148.5417607489494,0.0495329197486613,188.2918192030415,0.0421028345411833,171.0,0.1968672453469498,93.25,131.25,155.5,260.0,214.5,187.0,True,
CA-Ca2,2004,NDVI_tower,240,97,7,3,0.3305204345207116,double_logistic,0.9118404312516868,0.0248733006926937,0.9551541811401985,0.3782789750085413,0.61397523637143,124.48661092581388,0.1123258547151882,365.9999999999224,0.01,166.0,0.2053969098579306,,,,,,,False,dates_missing_or_out_of_order
CA-Ca2,2005,NDVI_tower,239,96,5,3,0.3305204345207116,double_logistic,0.9350197900487668,0.0287288472519296,0.9669702780797952,0.4131476368254367,0.9116211524513592,102.15642807054144,0.0435107991043729,276.4580146588497,0.01,171.75,0.3459606309739628,,,,,,,False,dates_missing_or_out_of_order
CA-Ca2,2006,NDVI_tower,253,103,6,0,0.3305204345207116,double_logistic,0.9316889333146922,0.0154493347247149,0.9653028208181708,0.6193725908485918,1.0415336719026589,141.91816808000806,0.0601471581345157,167.5404529803512,0.0259391345788546,174.75,0.1399476227079009,127.5,142.75,160.5,297.5,228.5,192.5,True,
CA-Ca2,2007,NDVI_tower,241,96,14,0,0.3305204345207116,double_logistic,0.8687026814935517,0.0228504434504383,0.9321656044736262,0.6041573931027695,0.7596044878200717,141.57360750784707,0.103858886229002,294.42807233643146,0.0275548398142026,184.25,0.1464971303346851,,,,,,,False,dates_missing_or_out_of_order
CA-Ca2,2009,NDVI_tower,232,102,44,0,0.3305204345207116,double_logistic,0.4837887771967024,0.0443845666079556,0.7397801300371244,0.3002830280584956,0.7858207008552617,78.19751908211317,0.032160030263035,365.9999707474186,0.01,179.25,0.4024313260223429,,,,,,,False,low_r2;dates_missing_or_out_of_order
CA-Ca2,2010,NDVI_tower,231,93,4,0,0.3305204345207116,double_logistic,0.7382067328073795,0.0245004504142191,0.8593673241494006,0.656313756285059,1.0297655671961026,161.18677816818473,0.0508848689292425,188.58135727289297,0.032030893875814,189.0,0.1125000587681475,,,,,,,False,low_r2
CA-Cbo,2005,NDVI_tower,282,118,2,0,0.2498240175219802,double_logistic,0.9809427243591674,0.0305547838948702,0.9904480264320872,0.2450965096501378,0.784872568952916,130.66579926261556,0.0705283378838361,301.59832480757893,0.0609853726863361,211.0,0.5357711029783114,99.5,130.5,161.0,338.0,302.0,266.75,True,
CA-Cbo,2006,NDVI_tower,261,121,3,0,0.2498240175219802,double_logistic,0.9302787958027732,0.0508841205724992,0.965233796777332,0.2511395342980632,0.7927315273159992,118.07013465954056,0.0610166662792238,301.4857846090138,0.0367602413900869,192.25,0.5262001303480233,81.75,117.25,150.5,362.25,303.25,248.75,True,
CA-Cbo,2007,NDVI_tower,292,118,8,0,0.2498240175219802,double_logistic,0.9434807314811356,0.0520589585232352,0.9723093509559276,0.2598446376752802,0.7957200616776159,119.80642818103296,0.0617647363249297,302.1230665436534,0.0875290556738378,224.25,0.5344439454145165,84.25,119.75,155.0,327.5,302.25,277.5,True,
CA-Cbo,2008,NDVI_tower,278,115,5,0,0.2498240175219802,double_logistic,0.9678246529547592,0.0416725984750387,0.9838332103573948,0.2656483953237114,0.8140393696894462,122.01810151357049,0.0828845576878067,292.94661912103203,0.073041346500189,203.0,0.5469571211754888,95.5,122.0,148.25,323.25,293.25,263.25,True,
CA-Cbo,2009,NDVI_tower,289,123,4,0,0.2498240175219802,double_logistic,0.977468361613218,0.0330626516263029,0.9887075360957932,0.2597068674409983,0.8201737420625588,118.3761982877112,0.0678560395609249,308.0450676519039,0.0375918211975266,191.75,0.5496461689833567,,,,,,,False,dates_missing_or_out_of_order
CA-Cbo,2010,NDVI_tower,305,123,5,0,0.2498240175219802,double_logistic,0.9494362616364936,0.0470440383949872,0.9744935522103004,0.2691152138836555,0.8374538774479139,109.20521330817384,0.0485794745141379,299.26200501268926,0.0441132352017116,200.75,0.5544868060645,63.5,108.25,150.25,349.75,300.5,254.5,True,
CA-Cbo,2011,NDVI_tower,291,126,5,0,0.2498240175219802,double_logistic,0.958444956615732,0.045417861396094,0.979053968431111,0.2608429613535425,0.8551781505167393,125.31088360894532,0.0683599449472961,315.1306123725854,0.0288276843106086,190.75,0.5716007747302132,,,,,,,False,dates_missing_or_out_of_order
CA-Cbo,2012,NDVI_tower,265,108,0,0,0.2498240175219802,double_logistic,0.939026396285202,0.0477701257281709,0.9690349658699072,0.2902204926119028,0.8229053693844344,106.69158551236924,0.0471696432367095,293.3942673615248,0.0432867684885293,197.0,0.5171803195659821,59.5,105.5,148.25,345.0,294.75,248.5,True,
CA-Cbo,2013,NDVI_tower,292,115,3,0,0.2498240175219802,double_logistic,0.9740331248277304,0.0370506779521711,0.9870936796810846,0.2512655732122584,0.8180698080813864,120.32471041093962,0.0736393341155559,296.04732957818663,0.0528381670732684,196.5,0.5618058623766367,90.5,120.25,149.25,338.0,296.5,256.25,True,
CA-Cbo,2014,NDVI_tower,288,115,0,0,0.2498240175219802,double_logistic,0.9688693293081204,0.0432020398777385,0.9843526346444674,0.2545260643283037,0.8286545652041281,129.03397402170648,0.0871162008985985,303.28386163945373,0.0609257648007868,203.25,0.5719446473141867,104.0,129.0,154.0,339.5,303.5,268.0,True,
CA-Cbo,2015,NDVI_tower,254,121,1,0,0.2498240175219802,double_logistic,0.9508534327676338,0.0485130098736784,0.9751410759179872,0.2961030289471446,0.8540849310519983,124.67587286649622,0.0800144702543521,313.5959285345379,0.0309942429511775,186.25,0.5433939379298216,,,,,,,False,dates_missing_or_out_of_order
CA-Cbo,2016,NDVI_tower,244,127,5,0,0.2498240175219802,double_logistic,0.9558469612589576,0.0406495129570145,0.9777992654130238,0.3049245445981406,0.8295165772122992,132.9860484625643,0.0850579089806691,309.61924972218713,0.0605302585739208,208.75,0.5225921388316812,107.25,133.0,158.5,346.0,309.75,274.0,True,
CA-Cbo,2017,NDVI_tower,289,131,1,0,0.2498240175219802,double_logistic,0.9456835946051296,0.0512927771468302,0.9726820068803004,0.2673250191036774,0.8515350748455612,123.00247603171452,0.0543081877658239,299.3449930276742,0.0481437754014512,207.0,0.5713999981402768,82.25,122.25,160.0,345.5,300.5,258.0,True,
CA-Cbo,2018,NDVI_tower,273,110,3,0,0.2498240175219802,double_logistic,0.9826274544930406,0.0325926936302206,0.9912775060599692,0.269189003442562,0.8328072199890222,129.09306240294984,0.0990766539143739,306.0865334566698,0.0784308475311786,208.5,0.5631352471614839,107.0,129.25,151.25,334.25,306.25,278.25,True,
CA-Cbo,2019,NDVI_tower,289,126,1,0,0.2498240175219802,double_logistic,0.9413689544506256,0.0509205916385437,0.970438780944008,0.2955124260288282,0.7837264697134276,133.00573615022506,0.0605584983720434,289.88093334449684,0.1310622222362129,236.25,0.486843467866164,96.75,133.0,169.0,306.75,290.0,273.5,True,
CA-Cbo,2020,NDVI_tower,286,115,2,0,0.2498240175219802,double_logistic,0.9576355380773468,0.0451338083832456,0.978683890971842,0.2548500284243568,0.7981264649763411,133.95423601284463,0.0669414092236121,291.4610073798501,0.0642077583078202,211.5,0.5370867602178311,101.0,133.75,165.25,326.0,292.0,259.0,True,
CA-Cbo,2021,NDVI_tower,294,129,2,0,0.2498240175219802,double_logistic,0.937527273750222,0.0497846135312361,0.9687693920429918,0.2600619609519053,0.7513785403240798,127.38154518958623,0.0756237573862727,287.847338087617,0.0521648042954592,195.75,0.4845466369847021,98.25,127.25,155.0,330.5,288.5,248.25,True,
CA-Cbo,2022,NDVI_tower,312,136,1,0,0.2498240175219802,double_logistic,0.9628693401260544,0.042519388187774,0.9815278194067376,0.2530908752924987,0.7790605175999673,131.00718580160154,0.0710304538445528,296.1667878145766,0.0873488361386569,220.75,0.5243511769454696,100.25,131.0,161.75,321.5,296.25,271.5,True,
CA-Cbo,2023,NDVI_tower,289,129,0,0,0.2498240175219802,double_logistic,0.9796801684003608,0.030205229879919,0.9898005304037704,0.2425887925859926,0.7746314266977958,125.48382748658057,0.0672795349281888,297.5290399940847,0.0629609965822134,209.25,0.5281074006781398,92.75,125.5,157.25,332.75,298.0,264.0,True,
CA-Cbo,2024,NDVI_tower,276,125,1,0,0.2498240175219802,double_logistic,0.9437397942116488,0.0485198273947271,0.9718728825261196,0.2791953823886094,0.8001046470641656,125.18683319689562,0.0719825512510877,298.1392919898483,0.0554280784688018,202.5,0.5163379878522538,94.75,125.0,154.75,338.0,298.5,260.25,True,
CA-Gro,2003,NDVI_tower,85,85,15,12,0.2965912984950591,double_logistic,0.9478760686014808,0.0291044891929222,0.9736621140266026,0.2741396330826628,0.6986805578100606,130.7581068261814,0.0565086036212098,281.3815416665564,0.0423678648303594,198.25,0.4031966730205299,91.0,129.25,163.25,334.75,283.75,239.25,True,
CA-Gro,2004,NDVI_tower,289,125,2,0,0.2965912984950591,double_logistic,0.9558346132441424,0.0315832419731897,0.9778006144577088,0.2943208600009613,0.6976451703938658,138.73997801193616,0.0593286443944734,284.6372838351476,0.0443384838329451,204.0,0.3841101447305824,101.0,137.25,170.0,335.5,287.0,244.0,True,
CA-Gro,2005,NDVI_tower,292,119,1,0,0.2965912984950591,double_logistic,0.95756132445336,0.0316956570134124,0.9785965290200748,0.2886785763723083,0.730436083750761,126.50400939611303,0.0464644048139954,286.33261873459406,0.0397471003530803,202.0,0.4139623731087077,77.75,124.0,164.25,343.5,289.5,243.25,True,
CA-Gro,2006,NDVI_tower,261,105,1,0,0.2965912984950591,double_logistic,0.9569294437192554,0.0295631070833597,0.9784271475415394,0.3172207499068378,0.6915950260915953,126.79086218991924,0.0626792852349118,267.8529894425735,0.0566498640656001,194.75,0.3632986534109312,91.25,126.0,158.0,307.25,269.0,233.75,True,
CA-Gro,2007,NDVI_tower,278,108,3,0,0.2965912984950591,double_logistic,0.9331326402997286,0.0350463947515793,0.9660178929245408,0.3155783476209473,0.6900325448716302,133.025932164546,0.0567721108492861,265.01698110927924,0.0424856059326329,192.75,0.3456446522868108,93.0,130.75,162.75,319.0,268.75,226.75,True,
CA-Gro,2008,NDVI_tower,285,125,6,0,0.2965912984950591,double_logistic,0.9520497321775232,0.0322745234822107,0.9758564668473042,0.291588447586198,0.7117426645655348,136.59257939371608,0.0446538954914658,284.0269848671616,0.0458118284558407,211.0,0.3912276765436556,85.75,133.75,174.75,333.75,287.0,247.0,True,
CA-Gro,2009,NDVI_tower,264,105,18,0,0.2965912984950591,double_logistic,0.9083817525281188,0.0472324083750907,0.953553634742212,0.3024877128049299,0.8060578263089783,139.253513367607,0.0362544477583929,289.950980595136,0.0319214793265195,212.0,0.4313316703054299,74.5,132.25,177.25,364.25,298.75,248.75,True,
CA-Gro,2010,NDVI_tower,282,108,1,0,0.2965912984950591,double_logistic,0.9183816852257908,0.0387705846654237,0.958481642325836,0.2506787519832459,1.1736437790144854,136.0688838474507,0.0182601996003033,264.51149765469785,0.0183627835295381,200.25,0.4877413348142373,,,,,,,False,dates_missing_or_out_of_order
CA-Gro,2011,NDVI_tower,285,116,1,0,0.2965912984950591,double_logistic,0.901671328048864,0.0449667490240564,0.9500825280057864,0.2672813451383193,1.1611763462728018,151.15990532813905,0.0202407419949682,262.9630981396265,0.0212273356102267,206.25,0.4668672564607454,,,,,,,False,dates_missing_or_out_of_order
CA-Gro,2012,NDVI_tower,269,111,4,0,0.2965912984950591,double_logistic,0.9347764472953248,0.0360097355540692,0.9669348296441634,0.1997904012223827,0.8720727083478199,107.34842213878947,0.0217615996291138,288.4781190926898,0.0245427802030454,200.0,0.524483121876732,,,,,,,False,dates_missing_or_out_of_order
CA-Gro,2013,NDVI_tower,278,112,4,0,0.2965912984950591,double_logistic,0.9484462204508736,0.036522348495742,0.9745092452054992,0.2989276045432972,0.725484305467531,137.64493300705334,0.0655198300292532,283.8525630348788,0.0419371489335362,199.0,0.4072207723714503,103.5,136.5,166.25,337.5,286.25,240.5,True,
CA-Gro,2014,NDVI_tower,113,0,8,17,0.2965912984950591,double_logistic,0.5356183289913713,0.0413792542911283,0.7447650558653837,0.318737878777649,0.6520679285773954,131.05218539637858,0.1337037670535594,283.6792116145092,0.0995445439061327,197.5,0.333221196118445,,,,,,,False,few_autumn_obs;low_r2
CA-TP4,2002,NDVI_tower,279,133,28,0,0.5352260883390978,double_logistic,0.6167813566149454,0.033213403655765,0.8023889321598534,0.539332767676083,0.6581640986222723,8.593736340172477,0.999999992181736,120.0,0.3600107114547739,38.75,0.1188313309461563,,,,,,,False,low_r2;eos90_too_early
CA-TP4,2003,NDVI_tower,294,120,1,0,0.5352260883390978,double_logistic,0.7278394460845317,0.023464399009744,0.8620374615043717,0.5421990422976611,0.6691334122156813,153.73064134298136,0.0317816029900185,246.15621258577767,0.4641936746812591,234.5,0.1173200461761396,,,,,,,False,low_r2
CA-TP4,2004,NDVI_tower,301,131,0,0,0.5352260883390978,double_logistic,0.8013617545726226,0.0167854149109311,0.8971558977786672,0.5413095430241758,0.6324881804576944,98.1992302131869,0.0583343889287776,248.40272914413777,0.0622814231748189,175.25,0.0892238763321802,60.25,97.5,132.75,284.25,249.25,216.25,True,
CA-TP4,2005,NDVI_tower,282,120,3,0,0.5352260883390978,double_logistic,0.915516382377974,0.0132104750004063,0.9568623144147816,0.5316326544251487,0.6389042595399719,108.08176694108464,0.0682303537689274,320.5514190387346,0.1081477127878482,235.75,0.1072427753831607,76.0,108.25,140.25,341.0,320.75,300.5,True,
CA-TP4,2006,NDVI_tower,219,43,0,11,0.5352260883390978,double_logistic,0.6850437772978775,0.0319666318779186,0.8282129647704773,0.5519126531244036,0.7155169700223627,1.0000000000000002,0.01,217.1057531525293,0.4149266947215352,202.75,0.1439783763532761,,,,,,,False,low_r2;dates_missing_or_out_of_order
CA-TP4,2007,NDVI_tower,291,127,0,0,0.5352260883390978,double_logistic,0.6722401851944553,0.0271439446849654,0.8215706119167477,0.5353358156266397,0.6619176291883627,75.88837582206483,0.1095142113125838,336.7537012002295,0.0225918474931281,132.5,0.1250835881812888,,,,,,,False,low_r2;dates_missing_or_out_of_order
CA-TP4,2008,NDVI_tower,310,137,0,0,0.5352260883390978,double_logistic,0.6704386082020994,0.0309896461684929,0.8262769391722343,0.5499456494373839,0.7026988361821128,109.45637695950478,0.076578979931099,366.0,0.01,165.25,0.1325636241724871,,,,,,,False,low_r2;dates_missing_or_out_of_order
CA-TP4,2009,NDVI_tower,313,136,0,0,0.5352260883390978,double_logistic,0.708392543073143,0.0266225552776203,0.8450583031726507,0.5481070146675034,0.7222157875454901,72.12608493617967,0.0460917769047011,366.0,0.01,155.0,0.1515460117495601,,,,,,,False,low_r2;dates_missing_or_out_of_order
CA-TP4,2010,NDVI_tower,316,141,0,0,0.5352260883390978,double_logistic,0.5293245994169538,0.0339569863712673,0.7288667250795504,0.6409532717435815,0.9464466147475578,131.05163884690458,0.0401604316923024,148.09002888595018,0.0174547632673293,182.75,0.0738609487023724,,,,,,,False,low_r2
CA-TP4,2011,NDVI_tower,157,43,1,14,0.5352260883390978,double_logistic,0.8857860501873694,0.0292266015298275,0.942510923657098,0.5345748389238445,0.7221844268530496,70.21005421368451,0.0677528465089163,301.0976772838397,0.0461870465122457,167.25,0.1869613581338787,37.75,70.25,102.25,349.0,301.25,254.5,True,
CA-TP4,2012,NDVI_tower,316,139,0,0,0.5352260883390978,double_logistic,0.7789166466986195,0.0166755000865136,0.8845932964938816,0.5357662841335566,0.7528847011375814,144.22568321825656,0.0276217755319403,221.2280984167392,0.0248159229147725,185.0,0.101155197274765,,,,,,,False,low_r2
CA-TP4,2013,NDVI_tower,310,134,1,0,0.5352260883390978,double_logistic,0.891867350512101,0.0150196750995124,0.9445317363715032,0.5294013777399396,0.6553595617281429,108.12286231468252,0.0481971158915221,312.7655687517831,0.0337758588447458,197.0,0.1217700528785263,,,,,,,False,dates_missing_or_out_of_order
CA-TP4,2014,NDVI_tower,267,136,1,3,0.5352260883390978,double_logistic,0.9045154038911396,0.017882971486985,0.9511799693970932,0.5668823834786965,0.8636861608804827,113.58276530842424,0.044513680210138,181.6400133934707,0.0119086992785237,171.0,0.1364111850800542,,,,,,,False,dates_missing_or_out_of_order
CA-TP4,2015,NDVI_tower,308,130,0,0,0.5352260883390978,double_logistic,0.9366913624072718,0.0150720713053136,0.9678845179540516,0.5825939110308631,0.8698637277625136,113.48376813888343,0.0440452435723897,163.3305543579497,0.010494670815241,174.75,0.1169223288238484,,,,,,,False,dates_missing_or_out_of_order
CA-TP4,2016,NDVI_tower,323,142,1,0,0.5352260883390978,double_logistic,0.7465613633491626,0.0240891063071546,0.8660881433645974,0.4961639237882307,0.8683067314226194,124.57879978541578,0.0137748696345629,283.2768268922382,0.0161001852720192,200.25,0.1977045196324675,,,,,,,False,low_r2;dates_missing_or_out_of_order
CA-TP4,2017,NDVI_tower,308,136,0,0,0.5352260883390978,double_logistic,0.7571298969918191,0.0230115751538083,0.870878780972728,0.4779361948381957,0.8799922488679202,108.51224098661956,0.0115379446605067,291.4037489844193,0.0153034342707734,193.5,0.2189353804788902,,,,,,,False,low_r2;dates_missing_or_out_of_order
CA-TP4,2018,NDVI_tower,294,121,1,0,0.5352260883390978,double_logistic,0.8799565671524074,0.0197937079598206,0.93884141675126,0.533151044501594,0.8908748358203273,118.24393280701032,0.0234634849284477,241.1981843606975,0.011676558982475,197.5,0.1753264522096461,,,,,,,False,dates_missing_or_out_of_order
CA-TP4,2019,NDVI_tower,250,77,1,6,0.5352260883390978,double_logistic,0.7484174735494902,0.0268849438416221,0.865921240087739,0.5585312957892862,0.7248212606917732,82.69150941238382,0.0449186108091486,339.8046702764036,0.01,161.5,0.1376675536905108,,,,,,,False,low_r2;dates_missing_or_out_of_order
CA-TP4,2020,NDVI_tower,305,131,1,0,0.5352260883390978,double_logistic,0.5921370293195949,0.0293803934486395,0.7713388177172487,0.5802427221941389,0.7426568270616574,147.65143663158742,0.0150149955347473,254.03371522653825,0.0438642250045387,198.5,0.0977145944286346,,,,,,,False,low_r2;dates_missing_or_out_of_order
CA-TP4,2021,NDVI_tower,311,132,2,0,0.5352260883390978,double_logistic,0.826648266514899,0.022230233608296,0.91007211517952,0.5021299863298362,0.8543576762634703,83.45791863431339,0.0232921552189559,251.9296174746297,0.01,176.0,0.2033702594585533,,,,,,,False,dates_missing_or_out_of_order
CA-TP4,2022,NDVI_tower,312,132,0,0,0.5352260883390978,double_logistic,0.8341328492698633,0.0234524745632343,0.9144319323244522,0.4886153183201493,0.9071277729106187,119.30106974487715,0.0176802915262615,260.87252069312945,0.0157718796900628,192.5,0.2222458892318341,,,,,,,False,dates_missing_or_out_of_order
CA-TP4,2023,NDVI_tower,247,85,1,8,0.5352260883390978,double_logistic,0.8073181749511034,0.0202778775288494,0.9008652557206442,0.5724203205084895,0.6919454685203976,85.48378245609204,0.1735512350117747,277.3322466798139,0.0630465420815911,141.0,0.1194952255857126,73.0,85.5,98.25,312.25,277.5,242.75,True,
CA-TPD,2012,NDVI_tower,290,123,1,0,0.1948456649518712,double_logistic,0.8998708487706627,0.0543472327020786,0.9522418547723224,0.4071461405548057,0.7475133282785077,132.78217074726695,0.1879056712062987,287.4192738225234,0.0875517053735187,184.75,0.3403051741614215,121.25,133.0,144.5,312.75,287.5,262.5,True,
CA-TPD,2013,NDVI_tower,305,133,1,0,0.1948456649518712,double_logistic,0.9287467501509672,0.0529084411412741,0.9648396937449374,0.2124111188492265,0.7373388459986528,120.36056330402,0.0569395209383805,307.5507407636,0.0442779243983565,204.75,0.5151853337474527,81.5,119.75,156.25,357.75,308.5,262.0,True,
CA-TPD,2014,NDVI_tower,300,125,2,0,0.1948456649518712,double_logistic,0.9421889742671672,0.0528256860280915,0.9707272151469984,0.1965698108567449,0.8259028582904022,132.22619192967582,0.0530566216437426,309.5081027818988,0.0244349468751491,199.0,0.57201534010731,,,,,,,False,dates_missing_or_out_of_order
CA-TPD,2015,NDVI_tower,293,126,1,0,0.1948456649518712,double_logistic,0.9645636585555836,0.0358535345766345,0.9821905125030956,0.1977498914362239,0.7789599771390217,120.66271651800606,0.0670111927081816,303.70550321188136,0.0195185992973775,177.5,0.5229946099529061,,,,,,,False,dates_missing_or_out_of_order
CA-TPD,2016,NDVI_tower,293,131,2,0,0.1948456649518712,double_logistic,0.8822577685974206,0.0580242743490574,0.9426833653163694,0.3693781858413738,0.7198887647053062,142.91098178525334,0.1812561343996674,297.33015929188787,0.0554971826978047,184.0,0.3496571837921373,131.0,143.0,155.0,337.0,297.5,258.25,True,
CA-TPD,2017,NDVI_tower,296,133,1,0,0.1948456649518712,double_logistic,0.8911601567449532,0.0590087582712224,0.9478020489103172,0.3766169236556307,0.7578700449675148,139.6592033770341,0.1109746943350441,302.3916199128373,0.0468148747289608,193.5,0.3779710928951522,120.0,139.75,159.0,349.75,303.0,257.25,True,
CA-TPD,2018,NDVI_tower,248,118,0,4,0.1948456649518712,double_logistic,0.9144244809905612,0.0576504315402932,0.9566719757854132,0.2205370569187253,0.7713736055165201,125.7149031528848,0.0400749340417577,319.60311227858153,0.0358904323819396,218.75,0.5235367925639842,,,,,,,False,dates_missing_or_out_of_order
CA-TPD,2019,NDVI_tower,295,131,1,0,0.1948456649518712,double_logistic,0.8993711452139299,0.0598612095963624,0.9484877533871484,0.3421318611786503,0.7741467259924193,139.58647083920806,0.0765722710365919,302.9612211697072,0.0519188914332888,208.75,0.4266397782238684,110.75,139.5,167.0,345.75,303.5,263.0,True,
CA-TPD,2020,NDVI_tower,275,118,2,0,0.1948456649518712,double_logistic,0.8973476080744276,0.0615948289978149,0.9476457676989168,0.226772976816431,0.8234684128077188,123.92507007100154,0.0346596516269877,305.6970291279166,0.0350042711391988,215.0,0.5483888905852212,,,,,,,False,dates_missing_or_out_of_order
CA-TPD,2021,NDVI_tower,293,122,2,0,0.1948456649518712,double_logistic,0.8879031950054241,0.0504908603537263,0.9430885636781252,0.1836332676603433,0.6445639921467217,99.75482513042613,0.0371418685520705,330.26011140160153,0.0400831377259384,218.5,0.4502306668099649,,,,,,,False,dates_missing_or_out_of_order
CA-TPD,2022,NDVI_tower,229,59,2,7,0.1948456649518712,double_logistic,0.956508519347496,0.0478611163484254,0.9783797879725232,0.210898700920124,0.9974725559879528,124.21861396585376,0.038979993244396,301.5075339489586,0.0127573826663188,196.25,0.5789551087787426,,,,,,,False,dates_missing_or_out_of_order
DE-Gri,2006,NDVI_tower,35,35,12,21,0.5539879927697722,double_logistic,0.3712040567688285,0.0199542470387917,0.6203077192778559,0.5669667139502504,0.9034852092271372,87.82343704202668,0.1284612064874724,323.65790494573656,0.0100000000050445,125.0,0.2931141571493701,,,,,,,False,low_r2;dates_missing_or_out_of_order
DE-Gri,2007,NDVI_tower,226,93,9,0,0.5539879927697722,double_logistic,0.3938022549765791,0.0546327666000843,0.654453548321785,0.583478497527824,0.7465954096070153,72.05747566802359,0.1083509121307402,307.1901772027891,0.9999999999999276,282.25,0.1631169120558144,,,,,,,False,low_r2
DE-Gri,2008,NDVI_tower,229,89,13,0,0.5539879927697722,double_logistic,0.7038645524849578,0.0411452652997945,0.8454581045713055,0.5677239658798726,0.8089980146170905,97.1280034235551,0.0963699785298974,243.1174283729047,0.0142531484235191,136.5,0.1926526283668026,,,,,,,False,low_r2;dates_missing_or_out_of_order;eos90_too_early
DE-Gri,2009,NDVI_tower,235,106,40,0,0.5539879927697722,double_logistic,0.6952911834328215,0.0507672461231067,0.8470386852995201,0.5631320407422475,0.831906652090448,97.38255817773452,0.2382005703784374,288.8593447750418,0.0258607262703237,124.75,0.2645762693640467,,,,,,,False,low_r2;dates_missing_or_out_of_order
DE-Gri,2010,NDVI_tower,203,87,58,0,0.5539879927697722,double_logistic,0.579459134930701,0.0409112594358189,0.7624758971321387,0.5901321278355173,0.8072777287536875,104.63878153779052,0.1242757095873606,182.8234432957788,0.0119116957558422,135.0,0.133809728207395,,,,,,,False,low_r2;dates_missing_or_out_of_order;eos90_too_early
DE-Gri,2011,NDVI_tower,259,112,19,0,0.5539879927697722,double_logistic,0.6575513105422068,0.0539438840816831,0.8146246157842526,0.5655760278154044,0.7658908860112219,93.77721796687015,0.1970959858743373,295.4348724400564,0.125517684039891,173.75,0.2003147829958005,,,,,,,False,low_r2
DE-Gri,2012,NDVI_tower,236,105,34,0,0.5539879927697722,double_logistic,0.6736499107011952,0.0423309057989457,0.8305120981088374,0.5850270669942471,0.8395193104058315,107.91442757809376,0.094766163090273,365.9999999999998,0.0100000000000062,156.0,0.2240848679872945,,,,,,,False,low_r2;dates_missing_or_out_of_order
DE-Gri,2013,NDVI_tower,207,112,52,0,0.5539879927697722,double_logistic,0.6122630939785207,0.0438783035003752,0.79813865509467,0.5612773400244156,0.8120832938517627,112.45461529805266,0.2170831381145171,324.9083647451344,0.03766685288009,150.75,0.2503898504496136,,,,,,,False,low_r2;dates_missing_or_out_of_order
DE-Gri,2014,NDVI_tower,255,105,4,3,0.5539879927697722,double_logistic,0.8124647547381307,0.0329942127589795,0.905944672420784,0.5873655452112486,0.8016436515549726,95.21084251187924,0.1392643708176497,313.33469987035534,0.0205911497296777,135.5,0.2081310860814392,,,,,,,False,dates_missing_or_out_of_order
DE-Gri,2015,NDVI_tower,254,112,15,0,0.5539879927697722,double_logistic,0.6354556562208371,0.0540833182291313,0.8007645596894502,0.5692389034884623,0.7401148456161135,105.45145146472149,0.1708171195028265,291.8130636914991,0.3466259820621012,229.0,0.1708759419510723,,,,,,,False,low_r2
DE-Gri,2016,NDVI_tower,253,110,15,0,0.5539879927697722,double_logistic,0.6337962687561689,0.0538113674126696,0.8161045737911617,0.5792534927552617,0.7729872204072694,99.05765009209776,0.1240935829217476,266.79272106947207,0.1654506967990148,194.0,0.1937311074367527,,,,,,,False,low_r2
DE-Gri,2017,NDVI_tower,229,100,29,0,0.5539879927697722,double_logistic,0.7682400132071443,0.0367963134810463,0.8771204173381566,0.5678387388566908,0.7625646024349366,90.83552945886731,0.182680388684342,288.4509585354581,0.1470587418669077,179.75,0.1947258241556959,,,,,,,False,low_r2
DE-Gri,2018,NDVI_tower,240,108,13,0,0.5539879927697722,double_logistic,0.6480601211734147,0.0470685396177568,0.8146420836153963,0.6510394675368367,1.1123994951260507,105.72223642446497,0.1210397965118244,120.0,0.0259207861387632,129.0,0.1778807742730471,,,,,,,False,low_r2;eos90_too_early
DE-Gri,2019,NDVI_tower,273,126,16,0,0.5539879927697722,double_logistic,0.7234474395392041,0.0390284671212034,0.8547154422093672,0.5690125436810773,0.859689396771339,87.2412671521096,0.0685921488688561,233.8222779354217,0.015274526029528,135.75,0.2274928067302966,,,,,,,False,low_r2;dates_missing_or_out_of_order;eos90_too_early
DE-Gri,2020,NDVI_tower,258,107,1,0,0.5539879927697722,double_logistic,0.6498752416429896,0.0526701462368274,0.8228897416554527,0.5601619455263657,0.753023635855772,126.28132572451273,0.0868960472999876,238.57276829545432,0.9999959451969984,227.25,0.192829519334439,,,,,,,False,low_r2
DE-Gri,2021,NDVI_tower,228,96,27,0,0.5539879927697722,double_logistic,0.9353531050159252,0.0151727330194858,0.9682969661848756,0.5567032524325489,0.750916509955782,122.47397284722317,0.1109045586853112,161.95515351323152,0.4431097917155865,151.5,0.1848742197494987,,,,,,,False,eos90_too_early
DE-Gri,2022,NDVI_tower,253,111,9,0,0.5539879927697722,fit_failed,,,,,,,,,,,,,,,,,,False,fit_failed
DE-Gri,2023,NDVI_tower,233,103,29,0,0.5539879927697722,double_logistic,0.5213347599957836,0.0464929691212701,0.7234303379586365,0.5516288143875355,0.6906045980336847,92.31414236054084,0.1878836609348003,284.35582481818074,0.1199841425455163,168.5,0.1389755716262534,,,,,,,False,low_r2
DE-Gri,2024,NDVI_tower,273,112,9,0,0.5539879927697722,double_logistic,0.2976608618146479,0.0562634601288261,0.601852097998087,0.6010998282669339,0.7759421868031534,92.88249057301108,0.1858530955441474,219.8366809650888,0.0103449669485211,117.25,0.1280286417044435,,,,,,,False,low_r2;dates_missing_or_out_of_order;eos90_too_early
DE-Hai,2004,NDVI_tower,182,101,5,5,0.3241027173028824,double_logistic,0.9549895312571786,0.0217698481759885,0.9774743412169034,0.3352576216627749,0.7906356624504343,116.6099300282463,0.0704105235352492,306.457383778518,0.0645509388032414,208.0,0.453858786917596,85.5,116.75,147.5,340.75,306.75,273.0,True,
DE-Hai,2005,NDVI_tower,260,110,0,0,0.3241027173028824,double_logistic,0.9593917195434296,0.0356886474698788,0.9800027668245802,0.3222649202804684,0.8256372051378853,117.92082055340552,0.0515712899735428,306.40230053082365,0.062890776997978,219.75,0.4985942559673157,75.25,117.75,159.0,341.75,306.75,273.0,True,
DE-Hai,2006,NDVI_tower,258,112,1,0,0.3241027173028824,double_logistic,0.9632711288654976,0.0328447920024617,0.9815894408361756,0.3141153500776654,0.8371858770049099,113.27929784868704,0.0532880516339844,321.1898506090603,0.0339164809988822,199.5,0.5095353599700514,,,,,,,False,dates_missing_or_out_of_order
DE-Hai,2007,NDVI_tower,228,91,0,0,0.3241027173028824,double_logistic,0.9462084649555442,0.030236654497479,0.9732655414150848,0.4994043475677943,0.8290353773963958,116.873866538239,0.069062742702096,284.6655978961894,0.0889070122438505,209.75,0.3286704323832709,85.25,117.0,148.5,309.5,284.75,260.5,True,
DE-Hai,2008,NDVI_tower,247,92,1,0,0.3241027173028824,double_logistic,0.8382001462996193,0.0580126447121961,0.9213410987735748,0.5592351676586388,0.8439224473181289,126.60280137856844,0.1000774077932556,285.92578279070216,0.1166561564042864,211.75,0.2845808921694489,104.75,126.75,148.75,305.0,286.0,267.25,True,
DE-Hai,2009,NDVI_tower,245,96,4,0,0.3241027173028824,double_logistic,0.8984940093489564,0.0437988663014162,0.9494167590216286,0.4757562450450342,0.8528879099207948,104.168605770446,0.0499872009469502,319.2797349085396,0.0468070469305655,209.0,0.3729947417686504,,,,,,,False,dates_missing_or_out_of_order
DE-Hai,2010,NDVI_tower,198,90,12,3,0.3241027173028824,double_logistic,0.9901855198994772,0.0142207474657231,0.9950807404116496,0.2931089929241675,0.8178287694337266,114.59546764126426,0.0477415526214689,308.0032211829097,0.0440357393810999,208.25,0.512378197578317,68.25,113.75,156.5,358.5,309.25,263.0,True,
DE-Hai,2011,NDVI_tower,247,94,1,0,0.3241027173028824,double_logistic,0.944516171372961,0.0290949161825311,0.9722457858297144,0.4749087565871858,0.7863621592281259,116.75024148535935,0.0838539622498895,291.7190788983503,0.0508435590006852,186.5,0.3090856868961729,90.5,116.75,142.25,335.25,292.25,250.0,True,
DE-Hai,2012,NDVI_tower,246,97,3,0,0.3241027173028824,double_logistic,0.9481030061199788,0.0303554592375177,0.973846087128764,0.4021989766581187,0.8212203813665503,108.09819898034029,0.0413477046945725,300.75649840173145,0.0533338712037043,213.75,0.4097720105194286,54.5,107.25,156.5,342.5,301.75,263.25,True,
DE-Hai,2013,NDVI_tower,224,105,1,0,0.3241027173028824,double_logistic,0.956533098749498,0.0381164911124182,0.9781262795451344,0.312000490621364,0.8282922905677889,115.51379813914129,0.0698972815784117,312.85674701486715,0.040110555017454,192.5,0.5098258298862648,,,,,,,False,dates_missing_or_out_of_order
DE-Hai,2014,NDVI_tower,258,107,1,0,0.3241027173028824,double_logistic,0.9239819664631987,0.03310653227201,0.9622754356465618,0.5163160310651403,0.8183048663798841,113.77919585097226,0.0601005217417829,285.6901424149313,0.0581782376285956,198.5,0.2982632331505496,77.0,113.5,148.5,323.75,286.25,250.0,True,
DE-Hai,2015,NDVI_tower,254,108,1,0,0.3241027173028824,double_logistic,0.8927986552618297,0.0428079801943463,0.9474418575051134,0.5127700720880431,0.8268300337932238,113.16225797488276,0.0634899954462176,289.47153583210763,0.0599680596619587,199.25,0.3113397505968962,78.5,113.0,146.5,326.5,290.0,254.25,True,
DE-Hai,2016,NDVI_tower,212,65,1,8,0.3241027173028824,double_logistic,0.937733216576606,0.0274214561962679,0.9694496078864748,0.5633511138818998,0.8651713740401797,126.74860386488945,0.0548644633563697,290.47889392524945,0.0272587180969475,190.5,0.2743922816381339,,,,,,,False,dates_missing_or_out_of_order
DE-Hai,2017,NDVI_tower,241,95,2,0,0.3241027173028824,double_logistic,0.9398432336514811,0.0325631372262416,0.9694864662032134,0.142812322425106,1.3287793215041588,118.47088274810476,0.014439586253855,291.7824945615507,0.0160134976365479,203.75,0.6852310658342152,,,,,,,False,dates_missing_or_out_of_order
DE-Hai,2018,NDVI_tower,251,106,1,0,0.3241027173028824,double_logistic,0.9009967390481696,0.041064225207899,0.9496035658936284,0.4148702749972711,0.8386997454168287,102.6397672185897,0.0660157943736836,305.0535178755024,0.0263850012850759,170.75,0.4072477703355609,,,,,,,False,dates_missing_or_out_of_order
DE-Hai,2019,NDVI_tower,252,105,0,0,0.3241027173028824,double_logistic,0.9520255977793912,0.023640152487479,0.9759175026766118,0.5313470320291518,0.8361348699746024,120.75038895743008,0.0502462171813862,292.4783314517101,0.0422288370166976,201.0,0.2932065634329097,76.25,119.5,158.5,345.75,294.5,248.0,True,
DE-Hai,2020,NDVI_tower,255,105,1,0,0.3241027173028824,double_logistic,0.9551260549092148,0.0203250094037919,0.9774573966423074,0.6041183719894272,0.8390259853344707,121.86803024153603,0.0793763084491475,294.17365278496334,0.0620642148633276,199.25,0.2337563387881172,94.25,121.75,149.0,329.75,294.5,259.75,True,
DE-Hai,2021,NDVI_tower,248,102,7,0,0.3241027173028824,double_logistic,0.9225547876403744,0.0317564999613924,0.9606020539278384,0.3153466158122385,1.381480354413797,143.87658117649875,0.0148068359920635,284.71184196430886,0.0169076761944297,210.75,0.5400122764455247,,,,,,,False,dates_missing_or_out_of_order
DE-Hai,2022,NDVI_tower,247,110,1,0,0.3241027173028824,double_logistic,0.8923840701387104,0.0354246446635456,0.9458497304206755,0.5619478453031221,0.8272207834540815,116.99668547645724,0.0736981414984257,282.4126555610506,0.0572333426817773,191.25,0.2627328830164501,87.25,116.75,145.75,321.0,282.75,245.75,True,
DE-Hai,2023,NDVI_tower,181,62,1,5,0.3241027173028824,double_logistic,0.8859112682427781,0.0311871305470473,0.941884014163446,0.5377171610530428,1.2033128963957265,132.2535682882507,0.0348985534753693,194.4318440226417,0.0210963443669358,176.25,0.2779066601177024,73.75,117.5,152.25,342.25,253.75,203.5,True,
DE-Hai,2024,NDVI_tower,165,111,1,10,0.3241027173028824,double_logistic,0.9558011487771176,0.0186626318572927,0.9776831540443331,0.4905576486058194,0.7756442510929622,109.53322268982774,0.0669635794309748,297.15222098528324,0.151844787764537,236.0,0.285000324541098,76.75,109.75,142.5,311.75,297.25,282.75,True,
DE-HoH,2015,NDVI_tower,250,101,0,0,0.3323734924470026,double_logistic,0.9802526585124572,0.0202135062183557,0.9901073396680375,0.3323786990598021,0.6818948222451426,117.69821358268489,0.119799026287378,283.5211283253677,0.0585421251861605,176.25,0.3485486215127932,99.5,117.75,136.0,321.25,283.75,246.5,True,
DE-HoH,2016,NDVI_tower,256,105,1,0,0.3323734924470026,double_logistic,0.95806660122939,0.0272608677639239,0.9788675109149116,0.3328729304049634,0.6984405378579437,123.46056948415448,0.1176580770368503,281.66250824004584,0.0243181432690052,162.25,0.3428016896067603,,,,,,,False,dates_missing_or_out_of_order
DE-HoH,2017,NDVI_tower,238,94,2,0,0.3323734924470026,double_logistic,0.980068444815675,0.0198638955201092,0.9899967249174102,0.333267165492427,0.683804791478651,123.4756877201578,0.1004964294609034,279.9699537739539,0.0536578014541797,182.0,0.347744704658969,101.75,123.5,144.75,321.25,280.5,240.5,True,
DE-HoH,2018,NDVI_tower,269,107,0,3,0.3323734924470026,double_logistic,0.9679489213975098,0.0264772162986984,0.9839797631476572,0.3798936468019339,0.7518108587688204,109.15146467206812,0.1237947486918072,295.8505160830172,0.0429116256672768,163.5,0.3702065859770332,91.5,109.25,126.75,347.25,296.25,245.75,True,
DE-HoH,2019,NDVI_tower,254,100,0,0,0.3323734924470026,double_logistic,0.9542329526211372,0.0258384078753659,0.9776198843914582,0.4111310151114964,0.7123802228512208,106.58576925213232,0.0835226488717755,290.066945413026,0.0541236448221652,182.0,0.2998304136012589,80.25,106.5,132.5,331.0,290.25,250.5,True,
DE-HoH,2020,NDVI_tower,223,85,0,0,0.3323734924470026,double_logistic,0.9693040248756478,0.0255545799434152,0.9845828578473944,0.3800038842232692,0.7444359694607913,111.56876163488866,0.0880234925035213,295.59632989836706,0.0535809532976623,184.75,0.3628948053204952,86.75,111.5,136.25,336.75,296.0,255.5,True,
DE-HoH,2021,NDVI_tower,237,108,2,3,0.3323734924470026,double_logistic,0.938514246760875,0.0316044732656369,0.9688373506433122,0.3912844122317335,0.743516099320402,119.43062279366325,0.0628129234013686,294.50186241650823,0.0477663865195817,197.5,0.3462466576459289,84.25,119.0,152.25,341.0,295.25,252.0,True,
DE-HoH,2022,NDVI_tower,267,119,0,0,0.3323734924470026,double_logistic,0.958621402406736,0.0236615088978003,0.9791535236618552,0.4371406258607495,0.7345010280670723,121.16356893095151,0.1195202294490286,288.65872414514257,0.0407894859731542,170.5,0.2941649358539609,102.75,121.25,139.0,343.0,289.25,237.5,True,
DE-HoH,2023,NDVI_tower,230,86,2,0,0.3323734924470026,double_logistic,0.9351643721944696,0.0268345131870258,0.9675750115509978,0.4530646356561163,0.7091513119590596,122.79818831168396,0.1149692590662698,281.2044710516988,0.0414541981017922,171.5,0.252458554069441,103.75,122.75,141.25,334.75,282.0,231.5,True,
DE-HoH,2024,NDVI_tower,263,103,0,3,0.3323734924470026,double_logistic,0.9327155018908876,0.0290599535538811,0.9671229391598036,0.4488815149007724,0.7482736467316808,107.1418179101604,0.0818760287917893,287.21083912607804,0.0289671895187258,164.0,0.2883652828020275,80.25,106.75,131.25,364.5,290.0,222.75,True,
DE-HoH,2025,NDVI_tower,278,118,1,0,0.3323734924470026,double_logistic,0.9427919699027892,0.0313937067990315,0.971250683691708,0.441859706926634,0.7400453647601266,108.5400520967755,0.1238577055214935,292.065544607265,0.0678258193228412,176.5,0.2980022377973991,91.0,108.75,126.25,324.5,292.25,260.0,True,
DE-Tha,2005,NDVI_tower,262,112,1,0,0.5684114248631422,double_logistic,0.9028147770897648,0.0146951046895224,0.9502461889640744,0.5430255044648279,0.7040761194127062,89.82348357327493,0.0439437854281868,310.5735683689696,0.0535798166495806,209.0,0.1595047553699645,39.75,89.5,137.75,352.0,311.0,271.25,True,
DE-Tha,2006,NDVI_tower,264,123,4,0,0.5684114248631422,double_logistic,0.8160890215186181,0.0283898288074395,0.90442142479038,0.6460606851343069,0.9074649350119433,81.85077916237556,0.9998761706593498,120.00000000000092,0.0237497507746245,87.0,0.1779409831076533,,,,,,,False,eos90_too_early
DE-Tha,2007,NDVI_tower,242,87,0,0,0.5684114248631422,double_logistic,0.1528915090101839,0.0494262894473044,0.4262719005137406,0.6469409240622747,0.7509717759885628,204.43553908756243,0.0303849947847096,282.40448452517825,0.1485165491421698,258.75,0.0842645053135373,,,,,,,False,low_r2;amp_below_noise
DE-Tha,2008,NDVI_tower,278,117,0,0,0.5684114248631422,double_logistic,0.3456560614571524,0.0378090978007351,0.5960895738242387,0.6078357993620773,0.8161799891303329,239.99999999999977,0.012335536405931,264.034837204521,0.0436725775325455,205.75,0.0673342888748269,,,,,,,False,low_r2;amp_below_noise;dates_missing_or_out_of_order
DE-Tha,2009,NDVI_tower,264,111,5,0,0.5684114248631422,double_logistic,0.7240997443736841,0.018594453510293,0.8544728937845893,0.6206794432395643,0.706556200703508,52.193899965212616,0.0405977993365664,282.0989639200096,0.0954819988683899,207.25,0.0856509837932826,,,,,,,False,low_r2;dates_missing_or_out_of_order
DE-Tha,2010,NDVI_tower,257,101,10,0,0.5684114248631422,double_logistic,0.7124351860142786,0.021288605312418,0.8443589871783481,0.5256472293959537,0.7520226132539892,86.29786869647535,0.01,324.30218983870685,0.0504564046946588,253.25,0.1843883825734205,,,,,,,False,low_r2;dates_missing_or_out_of_order
DE-Tha,2011,NDVI_tower,279,120,0,0,0.5684114248631422,double_logistic,0.6605498203560505,0.0200445974236913,0.8130179293713846,0.6019430007336227,0.690879854267088,21.619917361142534,0.0524956267779014,302.7568725928398,0.9999999472671256,286.0,0.0889367653555615,,,,,,,False,low_r2;dates_missing_or_out_of_order
DE-Tha,2012,NDVI_tower,270,118,5,0,0.5684114248631422,double_logistic,0.7138051133108463,0.0228739565465289,0.8468392120752432,0.5720428608414905,0.7175352937626494,49.56994858324317,0.6734028267977042,324.25138912547845,0.0499890890004511,72.25,0.1454919071235195,,,,,,,False,low_r2;dates_missing_or_out_of_order
DE-Tha,2013,NDVI_tower,249,115,2,0,0.5684114248631422,double_logistic,0.821716846969015,0.0194164607389038,0.908393124880976,0.5714957194603283,0.6968620647850269,101.35088017143642,1.0,327.0302838472347,0.021638049195128,110.0,0.1242100484477504,,,,,,,False,dates_missing_or_out_of_order
DE-Tha,2014,NDVI_tower,273,110,0,0,0.5684114248631422,double_logistic,0.3805509621321122,0.0193765001331421,0.6475854711197033,0.6727014517359201,0.8423763366785746,181.00945559577585,0.01,298.91732571816266,0.0175171005680973,207.75,0.067539549471841,,,,,,,False,low_r2;dates_missing_or_out_of_order
DE-Tha,2015,NDVI_tower,264,112,1,0,0.5684114248631422,double_logistic,0.1221397400776178,0.0340970347104476,0.3883712483333259,0.6757589268728118,0.6977945721330323,145.72854189135143,0.9999999989887676,283.79454405892494,0.1241464804775619,162.75,0.0220356378078048,,,,,,,False,low_r2;amp_below_noise
DE-Tha,2016,NDVI_tower,228,83,1,0,0.5684114248631422,double_logistic,0.1907000408883737,0.0503378365600422,0.4799841184760941,0.5970305618687456,1.0847979615474,222.9379734488376,0.0311035239013134,228.15486481180156,0.0441762989795814,192.25,0.0527046409788201,,,,,,,False,low_r2;amp_below_noise
DE-Tha,2017,NDVI_tower,246,85,0,0,0.5684114248631422,double_logistic,0.6428681865338879,0.0284422684652238,0.8025393579274277,0.6369516951485066,0.800976744281147,42.619484069257965,0.999999999999973,120.0,0.01,48.75,0.1096970983263934,,,,,,,False,low_r2;dates_missing_or_out_of_order;eos90_too_early
DE-Tha,2018,NDVI_tower,265,108,0,0,0.5684114248631422,double_logistic,0.4749580383113904,0.0208734872231943,0.6924699496473006,0.6423387983247345,0.7040958401704209,1.0000024667282652,0.9999999996729496,172.59932264293195,0.0273385982868786,9.0,0.0610391583074627,,,,,,,False,low_r2;dates_missing_or_out_of_order;eos90_too_early
DE-Tha,2019,NDVI_tower,290,128,1,0,0.5684114248631422,double_logistic,0.2758694799306381,0.0215998050058989,0.527691536616447,0.6832543782018663,0.7090508332607129,43.19642349940787,0.9999997456419156,176.34586289486674,0.2890610229557994,73.75,0.0257964550588418,,,,,,,False,low_r2;amp_below_noise;eos90_too_early
DE-Tha,2020,NDVI_tower,279,119,0,0,0.5684114248631422,double_logistic,0.5877483451500787,0.0196715049431797,0.7680538809417166,0.5839455430607051,0.8376647869342587,1.0000000000000069,0.01,218.6825127350366,0.01,109.75,0.1258866797873145,,,,,,,False,low_r2;dates_missing_or_out_of_order
DE-Tha,2021,NDVI_tower,239,102,8,0,0.5684114248631422,double_logistic,0.5517357641744509,0.0255264822913675,0.7489912339784367,0.4258418661246707,0.7147108555978328,14.925546201504565,0.0286288359406976,366.0,0.0233874162281964,176.75,0.2826717749526129,,,,,,,False,low_r2;dates_missing_or_out_of_order
DE-Tha,2022,NDVI_tower,259,107,3,3,0.5684114248631422,double_logistic,0.7662385507071302,0.0138824864771588,0.8773268790336083,0.6081937828602411,0.8265825466190995,1.0000000006674887,0.01,174.82593519757276,0.0123271001988399,76.25,0.0984787144127051,,,,,,,False,low_r2;dates_missing_or_out_of_order;eos90_too_early
DE-Tha,2023,NDVI_tower,248,105,1,0,0.5684114248631422,double_logistic,0.4285364420726839,0.0239447659814796,0.677265735345249,0.6146439151097761,0.7615077826377811,79.40901219195734,0.0183460420206143,328.30236176473176,0.0100000000000062,198.0,0.100511749145468,,,,,,,False,low_r2;dates_missing_or_out_of_order
DE-Tha,2024,NDVI_tower,281,122,0,0,0.5684114248631422,double_logistic,0.4124181358438289,0.0204555393637079,0.6650871083353831,0.6470916065319169,0.7000081754594403,32.70812828892211,0.1069438876324642,300.2400979635399,0.0342880142827941,105.75,0.0528280184504572,,,,,,,False,low_r2
DK-Sor,2007,NDVI_tower,66,66,0,26,0.3484572195392154,double_logistic,0.9891339625157588,0.0091395627139015,0.994555212852576,0.5584067506535978,0.8406415192546642,119.68999772271336,0.1217175054970189,301.8910387709312,0.1280647001253632,213.0,0.2822282602610083,101.75,119.75,137.75,319.25,302.0,284.75,True,
DK-Sor,2008,NDVI_tower,232,92,1,9,0.3484572195392154,double_logistic,0.9111010058014288,0.0358465415870896,0.955888798845618,0.542849965367048,0.7966888850980491,127.09647316894112,0.2316042272295314,284.4103342514255,0.1052432568662908,178.5,0.2538335428372806,117.75,127.25,136.75,305.5,284.5,263.75,True,
DK-Sor,2009,NDVI_tower,220,87,4,9,0.3484572195392154,double_logistic,0.9299410628064,0.0295078855666653,0.9655448359011504,0.515047956233776,0.7762216660888561,120.97046294820603,0.2014031143079551,283.2135767215232,0.0616142197979459,163.5,0.2609605429107346,110.25,121.0,132.0,319.0,283.25,247.75,True,
DK-Sor,2010,NDVI_tower,219,82,7,0,0.3484572195392154,double_logistic,0.9658313041732448,0.0281578096839214,0.9829009448380704,0.3333453551374114,0.8278825183133821,109.40135394111373,0.0492425972207122,310.40974161655845,0.0339232909041003,196.0,0.4776851891858127,,,,,,,False,dates_missing_or_out_of_order
DK-Sor,2011,NDVI_tower,212,90,1,4,0.3484572195392154,double_logistic,0.9510995316868474,0.0256121790083266,0.9758620668970088,0.55911061217711,0.840651582651819,118.70082279796848,0.1271719716741948,294.1801305977383,0.1054540533443348,199.0,0.2815183131925344,101.5,118.75,136.0,315.25,294.25,273.5,True,
DK-Sor,2012,NDVI_tower,215,84,3,0,0.3484572195392154,double_logistic,0.827549965125971,0.0525950250389345,0.9158431037846668,0.5973087056776958,0.8467684084021401,125.25532959077124,0.1205268729789764,288.29562572912994,0.0899911698209376,196.25,0.2493487323683785,107.25,125.25,143.5,312.75,288.5,264.0,True,
DK-Sor,2013,NDVI_tower,218,79,3,3,0.3484572195392154,double_logistic,0.7924555767879738,0.0669392825591513,0.8995522654196932,0.6114537672916011,0.8851632380676543,127.86659899499588,0.1292649347531844,285.2642199732998,0.0995921744079738,197.5,0.2736319618681565,,,,,,,False,low_r2
FI-Hyy,1997,NDVI_tower,118,74,27,4,0.5011714675355643,double_logistic,0.7737676540086413,0.0072788888146213,0.8911233300961741,0.4937890289284561,0.762548108200013,133.22436414617454,0.0868206008929461,310.7089699531347,0.0463687053506429,199.75,0.2663706977453409,,,,,,,False,low_r2
FI-Hyy,1998,NDVI_tower,186,67,20,0,0.5011714675355643,double_logistic,0.9219313330263048,0.0148633635718168,0.9604149926839546,0.5873124779804262,0.7105396901581743,115.14364553728292,0.527236102593807,300.2053826374239,0.0543179039489702,136.25,0.1232086926104476,111.0,115.25,119.5,340.75,300.25,260.0,True,
FI-Hyy,1999,NDVI_tower,168,65,17,3,0.5011714675355643,double_logistic,0.9135220719939072,0.0165707688182544,0.9559283783959682,0.4539897824377324,0.7000225424660369,109.22395654876028,0.0695173655387717,304.77825364560886,0.0461647128821251,190.75,0.2439188018752729,77.5,109.0,139.75,352.75,305.25,259.0,True,
FI-Hyy,2000,NDVI_tower,170,66,15,7,0.5011714675355643,double_logistic,0.9306962586297558,0.016364713245578,0.9649109713678912,0.5198411581344785,0.6933528619807536,113.32439342836813,0.4047835303760177,284.654124193008,0.0949258190626715,148.75,0.1735111680327299,108.0,113.5,119.0,308.0,284.75,261.75,True,
FI-Hyy,2001,NDVI_tower,178,67,19,0,0.5011714675355643,double_logistic,0.90567770526154,0.0197441966308261,0.9517267035646516,0.4906156057013117,0.7048638619846364,107.38351130956735,0.078515571552213,307.91388999385134,0.0595181990801977,195.75,0.213770780235922,79.5,107.5,135.25,345.0,308.0,271.5,True,
FI-Hyy,2002,NDVI_tower,189,72,23,0,0.5011714675355643,double_logistic,0.8520049515104622,0.0206579984747704,0.9263145813014778,0.514706757537166,0.7022847634790527,112.29882084367452,0.060645446395199,308.0472569267678,0.0449617505741657,198.5,0.1852249520240381,76.0,112.0,146.75,357.25,308.75,262.0,True,
FI-Hyy,2003,NDVI_tower,167,57,19,0,0.5011714675355643,double_logistic,0.9690987428205384,0.0140569529530699,0.9844738736285024,0.5023603807631966,0.6982416351208447,109.74676580623014,0.3196930937420545,294.77037785576726,0.600272383854583,221.25,0.1958812543576481,103.0,109.75,116.75,298.5,295.0,291.25,True,
FI-Hyy,2004,NDVI_tower,183,66,14,0,0.5011714675355643,double_logistic,0.962454200588161,0.0142684900511887,0.981343647453315,0.5264687891729948,0.7295767917364605,110.69024612667738,0.2296763677670243,319.5938605450514,0.0469875054593718,152.0,0.2030154232716267,,,,,,,False,dates_missing_or_out_of_order
FI-Hyy,2005,NDVI_tower,196,68,16,0,0.5011714675355643,double_logistic,0.958310374789306,0.0156999249325029,0.9791555721316212,0.5101885133263463,0.7156233256744724,101.2791918282082,0.2892920016161508,301.51795779244213,0.0584993469756401,139.5,0.2054158524243006,93.75,101.5,109.0,339.25,301.75,264.0,True,
FI-Hyy,2006,NDVI_tower,193,70,23,3,0.5011714675355643,double_logistic,0.987658971130166,0.0098152877530816,0.9938107118467576,0.5004456967489616,0.7166717340590054,118.33191633814808,0.2751940274702229,306.45886622000785,0.0812888782459417,164.75,0.2162232762422024,110.5,118.5,126.5,333.5,306.5,279.5,True,
FI-Hyy,2007,NDVI_tower,179,68,20,0,0.5011714675355643,double_logistic,0.8610950159324189,0.0187708215986667,0.929984315934294,0.4448338668503689,0.7247876206919697,79.33513989589903,0.0453847010912001,317.6149525130822,0.0677988377831282,218.5,0.279111314726812,31.0,79.25,127.25,350.25,317.75,285.75,True,
FI-Hyy,2008,NDVI_tower,178,67,14,0,0.5011714675355643,double_logistic,0.769141066626178,0.0351280758851947,0.8963619608149473,0.5250989406096233,0.7395567860624719,103.78023833690014,0.1505943580420247,275.9323696534317,1.0,251.75,0.2144578454010434,,,,,,,False,low_r2
FI-Hyy,2009,NDVI_tower,161,68,20,0,0.5011714675355643,double_logistic,0.9436783213610542,0.0153710184457496,0.9715367460048728,0.5048496199280026,0.7668904882787348,102.38672786373036,0.0569500040712101,298.689935347705,0.999999999999982,285.5,0.2620326267170075,64.0,102.5,141.0,301.0,298.75,296.5,True,
FI-Hyy,2010,NDVI_tower,185,74,32,0,0.5011714675355643,double_logistic,0.8577464543469019,0.0206515169803976,0.9277798033120868,0.49614689283786,0.7553161745650536,90.87993919172553,0.0657915979215501,297.04203817010847,0.226532313327923,246.5,0.2591572507909679,57.5,91.0,124.5,306.75,297.25,287.5,True,
FI-Hyy,2011,NDVI_tower,115,35,30,10,0.5011714675355643,double_logistic,0.8871422710734247,0.0111113031495737,0.9419426674903028,0.497502390068023,0.7570285222976366,106.6247636256562,0.0989670619005498,306.5863258912208,0.0861130726752095,200.5,0.2594742136488662,84.5,106.75,129.0,332.25,306.75,281.25,True,
FI-Hyy,2018,NDVI_tower,126,6,13,10,0.5011714675355643,double_logistic,0.9441955517216836,0.0151890633072241,0.9719102533203154,0.4966811484026689,0.6654753732775137,130.81205983793288,0.0739339607756738,279.6457805375504,0.1713125403396172,231.25,0.1686514090336741,101.25,131.0,160.5,292.5,279.75,267.0,True,
FI-Hyy,2019,NDVI_tower,199,73,12,0,0.5011714675355643,double_logistic,0.9436326588326596,0.0112834093590959,0.9714167940371812,0.4911947568236593,0.639959864736747,131.6238081860466,0.0502240433103713,283.29314778805366,0.0356295624810303,199.0,0.1368522900877461,86.25,129.0,165.25,347.75,288.0,238.5,True,
FI-Hyy,2020,NDVI_tower,196,66,5,8,0.5011714675355643,double_logistic,0.9136385310346464,0.0107112852412434,0.9565708732111567,0.4735316172560248,0.6423110985639627,104.27456033006958,0.0246533467372043,273.2008507632714,0.0573190901722992,211.0,0.1528008889296541,10.75,96.75,165.0,312.25,275.5,243.5,True,
FI-Hyy,2021,NDVI_tower,189,69,24,3,0.5011714675355643,double_logistic,0.9509743835976304,0.0123478876409656,0.9751792258179892,0.491595211590146,0.6627057050635234,129.97760336900146,0.0553708759856332,271.4492293064439,0.0566358819748199,201.25,0.1647150202338936,89.75,128.75,164.25,311.0,272.75,238.25,True,
FI-Hyy,2022,NDVI_tower,194,74,24,0,0.5011714675355643,double_logistic,0.9694208537612932,0.0111261977948726,0.9845947439763352,0.4980403401516506,0.6568237224325008,134.86328623277436,0.1226769180844021,283.2243698524717,0.065321341419912,189.75,0.1582413085415912,117.0,135.0,152.75,317.0,283.5,250.25,True,
FI-Hyy,2023,NDVI_tower,190,75,30,0,0.5011714675355643,double_logistic,0.9450228518790214,0.0129076393007472,0.9721453547561628,0.49603908003269,0.6516766604301666,126.53985742494432,0.1088613417882481,278.4840799084655,0.0426092745195803,175.5,0.1529771924514327,106.25,126.5,145.75,330.75,279.5,230.75,True,
FI-Hyy,2024,NDVI_tower,203,81,9,3,0.5011714675355643,double_logistic,0.971875876611822,0.006136055038188,0.985888035331552,0.5007448677225836,0.5913392680137964,144.5190667849267,0.1010710086048383,243.63532231790975,0.0934588635254506,192.5,0.0891353306566257,122.75,144.25,165.0,267.5,244.0,221.75,True,
FI-Hyy,2025,NDVI_tower,132,77,12,7,0.5011714675355643,double_logistic,0.906462542903521,0.0094848067371907,0.9521485331269326,0.5022372497896442,0.6047680709052111,146.69364013237595,0.1080650173479843,259.0440528997026,0.0768922437097176,195.25,0.1012402196220345,126.25,146.5,166.0,288.0,259.5,232.25,True,
FI-Let,2009,NDVI_tower,21,21,15,18,0.4671222060328245,double_logistic,-0.0985177876972427,0.0231253839450708,0.4759974148346513,0.4688709081781563,0.8398078138420486,132.99000890671115,0.0446687581960675,259.4811036948258,0.0156080517172132,190.5,0.250269101044645,,,,,,,False,low_r2;dates_missing_or_out_of_order
FI-Let,2010,NDVI_tower,171,67,13,3,0.4671222060328245,double_logistic,0.9254685078484254,0.0194439945220842,0.9620646719971302,0.439098220644979,0.7090748166785908,130.78247937246934,0.0386512783292675,301.3914022760536,0.0243075671511863,205.25,0.2318164582749651,,,,,,,False,dates_missing_or_out_of_order
FI-Let,2011,NDVI_tower,211,80,7,6,0.4671222060328245,double_logistic,0.9254263622535454,0.0208202948735268,0.9620651075803306,0.5451654576098256,0.8776570213005672,131.71041603979114,0.0498145688390797,180.2116638761032,0.0104975768980646,188.5,0.1404717357190197,,,,,,,False,dates_missing_or_out_of_order
FI-Let,2012,NDVI_tower,192,70,12,0,0.4671222060328245,double_logistic,0.8562391728367198,0.0232383033030359,0.9271355194489422,0.4920680586977674,0.687682617634957,133.13609552085524,0.0516903039545313,300.6952480135476,0.0267793681586804,199.5,0.1772759367387447,,,,,,,False,dates_missing_or_out_of_order
FI-Let,2013,NDVI_tower,214,81,9,4,0.4671222060328245,double_logistic,0.934422864811564,0.0187924081141365,0.9666905222370148,0.5590442646355533,0.936205094849804,138.82184836267044,0.0544091179316459,161.5416888791843,0.0155263144309295,185.0,0.1263309589168784,,,,,,,False,dates_missing_or_out_of_order
FI-Let,2014,NDVI_tower,177,62,10,0,0.4671222060328245,double_logistic,0.792767669369719,0.0219823276226522,0.8904665005666674,0.5608542362220603,0.6797202854762407,150.57986359395056,0.1400186697425158,258.7323845586469,0.0311761299183955,179.75,0.1075625816377092,,,,,,,False,low_r2
FI-Let,2015,NDVI_tower,208,93,5,5,0.4671222060328245,double_logistic,0.8047628708009247,0.0211771109281356,0.9045254650253728,0.5388066976213042,0.9196006502175864,141.0362255468296,0.0295788394777,212.06089849153184,0.0143473645554251,202.25,0.1502500355153962,,,,,,,False,dates_missing_or_out_of_order
FI-Let,2016,NDVI_tower,177,72,13,0,0.4671222060328245,double_logistic,0.7679676293308244,0.0252470700640698,0.8766886327189265,0.3676035904955462,0.938082604438252,118.82742723478088,0.0160577995128918,278.92953984372707,0.0171410046993889,198.0,0.3315159813382211,,,,,,,False,low_r2;dates_missing_or_out_of_order
FI-Let,2019,NDVI_tower,75,66,11,14,0.4671222060328245,double_logistic,0.9000838355993402,0.015276754735998,0.9489332132793928,0.4591087778584049,0.6583654664309686,136.11519030781133,0.069280311463181,276.47260047197614,0.061961144813662,203.25,0.1952609785649454,104.25,135.75,165.5,312.5,277.25,244.0,True,
FI-Let,2020,NDVI_tower,209,79,2,6,0.4671222060328245,double_logistic,0.9514231672090018,0.0194899438011016,0.9754346525779806,0.5047149367364836,0.7055007709026424,154.72928577533307,0.1940969703583781,258.15635317744375,0.1051948551607288,193.25,0.2004549747243819,143.5,154.75,166.0,279.25,258.25,237.5,True,
FI-Let,2021,NDVI_tower,192,74,23,3,0.4671222060328245,double_logistic,0.9215901473102588,0.0224200467269754,0.9604630131850412,0.466930624119455,0.7083960648148543,142.07430515900262,0.0615936523414078,258.8270562089623,0.0512448565409777,196.75,0.2237894117047832,105.25,140.0,169.75,303.5,261.75,226.75,True,
FI-Let,2022,NDVI_tower,155,67,12,0,0.4671222060328245,double_logistic,0.9687535832272216,0.0169482802479656,0.9842840063010568,0.4667346250358585,0.7145587739153031,150.4038579354755,0.0851842052382752,270.34188845725834,0.0670662746781747,204.75,0.2424200140032775,124.5,150.0,174.25,303.5,271.0,240.75,True,
FI-Let,2023,NDVI_tower,184,67,21,0,0.4671222060328245,double_logistic,0.948542903044769,0.0194562887819988,0.9739533209217406,0.4505784267556017,0.8092319360601232,142.79711634778997,0.0431812507028116,254.58731842357088,0.0285621637004739,195.0,0.2692767969745465,87.5,134.25,169.0,342.5,272.0,224.25,True,
FI-Let,2024,NDVI_tower,70,27,7,17,0.4671222060328245,double_logistic,0.7795629078387971,0.0250191298698245,0.8894670682147232,0.4755118713382897,0.6502851747068091,132.40763922801003,0.1098607729118227,279.5203325471267,0.0879029844317255,199.0,0.1745098823954537,,,,,,,False,low_r2
FR-Bil,2019,NDVI_tower,315,133,0,0,,double_logistic,0.0462360600065521,0.0216877721675806,0.223379250990238,0.5696715082879539,0.5444878583650157,239.93598322962,0.01,305.06187042605603,1.0,311.25,0.008231424411508,,,,,,,False,low_r2;amp_below_noise;dates_missing_or_out_of_order
FR-Bil,2020,NDVI_tower,312,141,0,0,,fit_failed,,,,,,,,,,,,,,,,,,False,fit_failed
FR-Bil,2021,NDVI_tower,290,126,0,0,,double_logistic,0.5215925608055212,0.0243671382479746,0.7244791561380821,0.5877492619036581,0.5197556876312265,47.02807474824191,0.4987162501156802,120.0000073806256,0.1351495602447512,16.25,4.065710834666447e-08,,,,,,,False,low_r2;amp_below_noise;dates_missing_or_out_of_order;eos90_too_early
FR-Bil,2022,NDVI_tower,305,131,0,0,,double_logistic,0.4489429479584316,0.0250054102441389,0.6713229032044646,0.5814378231367573,0.51757044962422,195.8740988196156,0.1065855857213608,283.4033680402837,0.1114170140426112,1.0,-6.09029493503499e-11,,,,,,,False,low_r2;amp_below_noise;dates_missing_or_out_of_order;eos90_too_early
FR-Bil,2023,NDVI_tower,294,119,0,0,,fit_failed,,,,,,,,,,,,,,,,,,False,fit_failed
FR-Bil,2024,NDVI_tower,282,117,0,0,,double_logistic,0.6401602133558267,0.0320441443421291,0.8010770967216783,0.609202620699618,0.7178371949213144,239.9999999999639,0.0361031167529246,365.9999999999996,0.9999999999999812,358.5,0.1070886565239034,,,,,,,False,low_r2;dates_missing_or_out_of_order
FR-Bil,2025,NDVI_tower,283,130,0,0,,double_logistic,0.7806668844629201,0.0159612843499045,0.8843850751582173,0.7014566899645334,0.5891772172706049,143.0104899727819,0.0159501483043519,294.67271771243594,0.0781152659547925,360.0,0.0027396926046501,,,,,,,False,low_r2;amp_below_noise;dates_missing_or_out_of_order;eos90_too_early
FR-FBn,2014,NDVI_tower,320,142,0,0,0.390531917365653,double_logistic,0.8433912829097081,0.0198671015373659,0.9196959880207466,0.3928319759959725,0.6971488380027205,151.20511432738158,0.017254152230306,237.7979015045101,0.0309319988153976,182.5,0.1456772460581646,,,,,,,False,dates_missing_or_out_of_order
FR-FBn,2015,NDVI_tower,253,92,0,7,0.390531917365653,double_logistic,0.8460322383574329,0.0193259374446166,0.921282655211639,0.3879683701306495,0.7265146989783228,126.4139373017636,0.0248931166962859,232.16442346523527,0.0166951569462608,187.75,0.1688903979683681,,,,,,,False,dates_missing_or_out_of_order
FR-FBn,2016,NDVI_tower,330,148,0,0,0.390531917365653,double_logistic,0.9196323273167228,0.0156118570075007,0.9591546387783836,0.3659097080026707,0.7375906088921611,113.4632580671812,0.0159091923055458,243.2225840937489,0.019913767597072,173.75,0.194199744191451,,,,,,,False,dates_missing_or_out_of_order
FR-FBn,2017,NDVI_tower,262,114,0,7,0.390531917365653,double_logistic,0.826458527549446,0.0186412276642205,0.910572469244938,0.3390499912405391,0.7443365381281902,80.38909357630807,0.0154916870033044,266.21745107416206,0.0115200782503255,179.25,0.2243890729522876,,,,,,,False,dates_missing_or_out_of_order
FR-FBn,2018,NDVI_tower,300,118,0,4,0.390531917365653,double_logistic,0.89009729906773,0.017841573305932,0.9445714411819708,0.3674794485722761,0.7871860015765566,117.7231760560427,0.0125850142567451,254.4044520455741,0.0198491487714653,174.0,0.2104686266050188,,,,,,,False,dates_missing_or_out_of_order
FR-FBn,2019,NDVI_tower,314,119,0,3,0.390531917365653,double_logistic,0.9293843074664544,0.0167059925469656,0.9648117108739224,0.3865740714518059,0.5760301512808972,64.91877263774471,0.0449237179382525,257.56713329672914,0.0386398925781434,155.75,0.1826726906253959,15.25,63.5,107.5,315.5,259.5,208.75,True,
FR-FBn,2020,NDVI_tower,323,144,0,0,0.390531917365653,double_logistic,0.888617435733993,0.0225852897200237,0.943362749606562,0.3758620473805549,0.5869484916164256,93.66635514658444,0.0354039278973934,272.90031123055115,0.0346190310571089,182.75,0.1935261368564045,29.0,89.25,139.5,339.25,277.75,226.25,True,
FR-FBn,2021,NDVI_tower,306,122,0,3,0.390531917365653,double_logistic,0.9117747693191586,0.0174813828688302,0.9558023159767844,0.3879992057648564,0.5472817396168685,82.81995444277354,0.0553990028212754,267.27140291629,0.0426433401831267,165.75,0.1556166099765434,42.75,82.25,119.0,319.5,268.5,220.75,True,
FR-FBn,2022,NDVI_tower,277,141,0,0,0.390531917365653,double_logistic,0.963051706380572,0.0124348357501299,0.9814843916817309,0.3568356273032882,0.5784812011253757,60.43602525240211,0.0365181454339849,276.96735111448885,0.0245851821899711,154.5,0.2043229183398127,,,,,,,False,dates_missing_or_out_of_order
FR-FBn,2023,NDVI_tower,281,89,0,5,0.390531917365653,double_logistic,0.912492028840907,0.0160063822779871,0.9563941757305576,0.3706693744671022,0.5614995543401146,80.9489162585633,0.0345418277545346,289.0543300163872,0.0252929485840232,174.75,0.1736017862054163,,,,,,,False,dates_missing_or_out_of_order
FR-FBn,2024,NDVI_tower,301,117,0,3,0.390531917365653,double_logistic,0.8873910538868882,0.0181129856421128,0.9423481942297603,0.3063777359306623,0.7636969036812682,77.30105387362651,0.0146549510002495,237.0127522914004,0.0156425636629179,155.75,0.2471310171792295,,,,,,,False,dates_missing_or_out_of_order
FR-LBr,1999,NDVI_tower,316,134,0,0,0.5555900533979112,double_logistic,0.0364101804657458,0.0662442125529135,0.3307336842129167,0.5318135743827054,0.7650605176567931,43.199022658742685,0.0158110057696623,120.00000003875942,0.0100000000000096,132.5,0.0636442521856607,,,,,,,False,low_r2;amp_below_noise;dates_missing_or_out_of_order
FR-LBr,2000,NDVI_tower,16,0,0,34,0.5555900533979112,double_logistic,0.817689782055928,0.0025789027328325,0.9107026469514832,0.6157825467833498,0.6538378358762122,149.3723737118014,0.1290807422246002,192.6097384891464,0.2433102830298342,175.75,0.0362129364325829,,,,,,,False,few_autumn_obs
FR-LBr,2003,NDVI_tower,297,137,0,0,0.5555900533979112,double_logistic,0.5933851640196006,0.0160391365409056,0.7731518292360212,0.5587802195891625,0.6028603655528555,138.85650456964478,0.0826487258554484,366.0,1.0,346.25,0.0440801442618297,,,,,,,False,low_r2;dates_missing_or_out_of_order
FR-LBr,2004,NDVI_tower,316,137,0,0,0.5555900533979112,double_logistic,0.6178521609294108,0.0167131552357709,0.7882336387730576,0.6015919667924892,0.655046663003602,1.0000000000000002,0.01,204.75531853658435,0.1967634291393113,179.0,0.0454065257206445,,,,,,,False,low_r2;dates_missing_or_out_of_order
FR-LBr,2005,NDVI_tower,314,134,0,0,0.5555900533979112,fit_failed,,,,,,,,,,,,,,,,,,False,fit_failed
FR-LBr,2006,NDVI_tower,313,141,0,0,0.5555900533979112,fit_failed,,,,,,,,,,,,,,,,,,False,fit_failed
FR-LBr,2007,NDVI_tower,309,139,1,0,0.5555900533979112,fit_failed,,,,,,,,,,,,,,,,,,False,fit_failed
FR-LBr,2008,NDVI_tower,305,129,0,0,0.5555900533979112,fit_failed,,,,,,,,,,,,,,,,,,False,fit_failed
FR-Pue,2016,NDVI_tower,319,146,0,0,0.5969549043859144,double_logistic,0.3997940440130424,0.0176398088432718,0.6670885288684699,0.6025195808723319,0.6451443914175811,99.58206366042826,0.1204614729662816,241.2700688472972,0.3214942098896618,200.5,0.0426245001012335,,,,,,,False,low_r2
FR-Pue,2017,NDVI_tower,325,148,0,0,0.5969549043859144,double_logistic,0.5245834597765215,0.0172079203381063,0.7246567008563218,0.6279507870163429,0.681053370373495,160.0049402399906,0.1134774728138785,241.43974890899688,0.0810951810232847,195.75,0.0509241314277365,,,,,,,False,low_r2
FR-Pue,2018,NDVI_tower,314,144,0,0,0.5969549043859144,double_logistic,0.7969919007874188,0.0141051146291858,0.8938109562633424,0.6145664284128952,0.8063466650440241,205.5992156103697,0.0173644876359808,254.9613268066496,0.0432928372484509,207.25,0.0756910738781574,,,,,,,False,low_r2
FR-Pue,2019,NDVI_tower,329,142,0,0,0.5969549043859144,double_logistic,0.8793847152801557,0.0081735729042232,0.9379344794136256,0.5955693740623506,0.6643532382986725,50.91737040177816,0.0207940260610304,255.45306247657757,0.0597770797011061,188.75,0.0638268230485833,,,,,,,False,dates_missing_or_out_of_order
FR-Pue,2020,NDVI_tower,317,141,0,0,0.5969549043859144,double_logistic,0.9227780763580942,0.0117847703492178,0.9608122109825492,0.6034849853553877,0.7405588131250864,151.7677421070425,0.0626946698734336,255.3159621193301,0.0346933186219216,196.0,0.1134897871936861,115.0,148.0,174.25,324.75,265.25,222.75,True,
FR-Pue,2021,NDVI_tower,315,141,0,0,0.5969549043859144,double_logistic,0.7005706809358355,0.0170492276522049,0.8376958612061821,0.6191186522761306,0.7997330827737541,178.37171486754403,0.1030667357815417,202.18477045482203,0.0314178291166939,201.75,0.07603243984628,,,,,,,False,low_r2
FR-Pue,2022,NDVI_tower,317,141,0,0,0.5969549043859144,double_logistic,0.526686675556109,0.013421355344509,0.7297841054575052,0.6357812153905563,0.7179512831487168,153.95757913906377,0.197496276432089,174.03488810888152,0.0303304760302326,170.0,0.040278236526886,,,,,,,False,low_r2
FR-Pue,2023,NDVI_tower,313,130,0,0,0.5969549043859144,double_logistic,0.7491208261979138,0.0122172201276592,0.8686419366821475,0.6058740282025198,0.6636232183071001,12.856909508055931,0.0239700646276192,230.7109823696584,0.1458488417056023,189.25,0.0567831003054215,,,,,,,False,low_r2;dates_missing_or_out_of_order
FR-Pue,2024,NDVI_tower,305,135,0,0,0.5969549043859144,double_logistic,0.832603637867854,0.0116454173224861,0.9126469317060956,0.6168582742203806,0.7939838299729434,207.6331892187116,0.0177386269853954,260.24141964866305,0.0416695078700683,212.5,0.071070709539572,29.0,131.5,185.75,289.25,262.75,234.75,True,
FR-Pue,2025,NDVI_tower,284,131,0,0,0.5969549043859144,double_logistic,0.7236049404233948,0.0123125013275266,0.8542789096173573,0.6373933574702636,0.685180319570484,159.83229857262123,0.1412600219291805,280.70656298328646,0.0646662752983435,201.5,0.0473712543880628,,,,,,,False,low_r2
IT-Cp2,2021,NDVI_tower,177,135,0,15,,double_logistic,0.2270441590559272,0.0257034697206745,0.48626714381582,0.5052623906188799,0.5341383569590382,147.90044831921298,0.3065227483297369,220.7744460761801,0.9999999990175716,202.75,0.0288759644692093,,,,,,,False,low_r2;amp_below_noise
IT-Cp2,2022,NDVI_tower,300,128,0,0,,double_logistic,0.8084425294294684,0.0157055968123293,0.8993970262386716,0.5174000335819439,0.4471274189475012,107.88366156027467,0.1626589810881195,278.5679547356052,0.1025070823067964,1.0,-1.978402330848894e-09,,,,,,,False,amp_below_noise;dates_missing_or_out_of_order;eos90_too_early
IT-Cp2,2023,NDVI_tower,318,149,0,0,,fit_failed,,,,,,,,,,,,,,,,,,False,fit_failed
IT-Cp2,2024,NDVI_tower,313,141,0,0,,fit_failed,,,,,,,,,,,,,,,,,,False,fit_failed
IT-Cp2,2025,NDVI_tower,158,15,0,14,,double_logistic,0.7286640797121188,0.0108961949016009,0.855991892505586,0.5222003296528771,0.6073916217166603,128.5227414764231,0.2170507913393142,129.14976876105817,0.0291667175446779,144.0,0.0306508293109465,,,,,,,False,low_r2;eos90_too_early
IT-MBo,2019,NDVI_tower,82,0,97,13,0.377156714681247,double_logistic,0.9959791949496372,0.0094573486735272,0.9979949553335392,0.3759755664826268,0.7194299709763438,142.5879728025129,0.1705991457399397,288.0079614073615,0.0736184717833195,189.75,0.3430966151207399,,,,,,,False,few_autumn_obs
IT-MBo,2020,NDVI_tower,91,91,35,13,0.377156714681247,double_logistic,0.9495046540778024,0.0245593326824317,0.9746962642505216,0.3893071442465158,0.7022351734329478,137.45289618273998,0.2273430224691063,298.65564438364856,0.0748856593970106,181.0,0.3128656722783628,128.0,137.5,147.25,328.0,298.75,269.5,True,
IT-MBo,2023,NDVI_tower,198,95,114,0,0.377156714681247,double_logistic,0.842882817291176,0.04617701264497,0.9196100206777664,0.3780114142930038,0.7314357692158493,136.10870294420658,0.1780324598094998,244.43260169374105,0.0243938618428776,160.0,0.3085046827163204,126.0,136.25,147.0,340.75,255.0,191.25,True,
IT-MBo,2024,NDVI_tower,188,100,101,0,0.377156714681247,double_logistic,0.8903357514418551,0.049403714992925,0.9449849387509376,0.3752717874338142,0.7482302417782549,133.0290043566472,0.1820216271865894,300.53592977333403,0.0710703242807685,183.75,0.3728293106707069,121.0,133.25,145.25,331.5,300.75,269.75,True,
IT-Ren,2007,NDVI_tower,127,127,9,14,0.2113604020092723,double_logistic,0.8740793770465223,0.0352310118449935,0.9374262501610138,0.2130708863776323,0.5223626930402325,128.77249829975267,0.0621291468369572,275.6673467414091,0.0461631344180989,194.25,0.2970406183945688,92.75,127.75,159.25,324.25,277.5,235.5,True,
IT-Ren,2008,NDVI_tower,292,127,8,0,0.2113604020092723,double_logistic,0.957243853426899,0.0249632883039878,0.978539434538348,0.2142670310056017,0.5014090389135645,141.0088193073959,0.0890782905168885,282.7002055955739,0.0754951025477228,207.0,0.285397092865849,116.5,141.0,165.25,312.0,283.0,254.5,True,
IT-Ren,2009,NDVI_tower,300,132,10,0,0.2113604020092723,double_logistic,0.9617819395967904,0.0266601059118336,0.9807658174242886,0.214264822490231,0.5345689679041702,128.12377013374945,0.1149315155619743,271.7767464991263,0.07154985255273,185.75,0.3192005381071483,109.0,128.25,147.0,302.75,272.0,241.75,True,
IT-Ren,2010,NDVI_tower,281,110,16,0,0.2113604020092723,double_logistic,0.9202632107189246,0.0411057903204688,0.960020662115064,0.2144190279071108,0.5784424100433373,124.54608831781492,0.0675222179224952,264.75237829767144,0.0671671563397569,194.5,0.3575967297072614,91.75,124.25,154.75,298.0,265.5,234.5,True,
IT-Ren,2011,NDVI_tower,310,134,5,0,0.2113604020092723,double_logistic,0.8863640932849726,0.0391764181927301,0.9423388046955836,0.2073372953864879,0.5358673806928879,100.42850065735789,0.0359537232812481,249.82777348636245,0.0579465428524576,187.25,0.3061392184770567,37.25,96.75,147.0,289.0,252.0,219.75,True,
IT-Ren,2012,NDVI_tower,310,130,6,0,0.2113604020092723,double_logistic,0.92159837356733,0.0322572345302814,0.9607704151188858,0.2219828712114714,0.5009344901830816,130.533784782416,0.0948665449095604,270.59775529138005,0.0567133765189213,186.5,0.2752319515208725,107.25,130.5,152.5,309.75,271.25,234.25,True,
IT-Ren,2013,NDVI_tower,274,123,12,0,0.2113604020092723,double_logistic,0.9436643214628736,0.0266863060220794,0.9715617543325,0.2135526295733927,0.4715139052475437,128.71009976322196,0.0814747044371328,266.7215902763116,0.1153668877686821,207.75,0.2572639922490864,101.75,128.75,155.5,286.0,267.0,248.0,True,
IT-Ren,2022,NDVI_tower,288,126,3,0,0.2113604020092723,double_logistic,0.6593996841117236,0.0173404909532504,0.8167286066133725,0.3967458363320248,0.4596185418834552,159.26580650705813,0.2503211829653951,247.89873378240745,0.0468059179914051,179.0,0.0600217363293439,,,,,,,False,low_r2
IT-Ren,2023,NDVI_tower,176,0,6,11,0.2113604020092723,double_logistic,0.2662758064270897,0.0242311131779508,0.5239417894253511,0.3852777790138859,0.4305828877364093,171.97553558580373,0.1729880944742268,272.6388095428066,0.9999972978527032,256.25,0.0453050841414725,,,,,,,False,few_autumn_obs;low_r2;amp_below_noise
IT-Ren,2025,NDVI_tower,189,100,7,6,0.2113604020092723,double_logistic,-0.0165579920516851,0.0267834772017208,-0.0154114472866876,0.2117167886578553,0.3945859940760383,169.72124463031614,1.0,224.54264364369897,1.0,197.25,0.1828692054177239,,,,,,,False,low_r2
IT-SR2,2023,NDVI_tower,257,126,0,3,,double_logistic,0.7205720525172618,0.0144055071781404,0.8490841822453756,0.4949087124608877,0.5517361438962949,30.412212425631036,0.130370465643102,163.2359450098745,0.0425207680176076,69.75,0.0554452713632469,,,,,,,False,low_r2;eos90_too_early
IT-SR2,2024,NDVI_tower,207,68,0,8,,double_logistic,0.3469981276830147,0.0186543504454511,0.6015452114849529,0.4894740652399587,0.5253917421619597,30.93834709761316,0.01,187.54735692065464,0.3613776379901419,172.5,0.0287456353600151,,,,,,,False,low_r2;amp_below_noise;dates_missing_or_out_of_order
IT-SR2,2025,NDVI_tower,154,32,0,11,,double_logistic,0.7267101700868732,0.0147729499707886,0.8541745252936458,0.4634051235977433,0.6052966430001167,14.840073766850296,0.0300947578729955,120.00000000029948,0.0184024759566323,72.5,0.078847124220961,,,,,,,False,low_r2;dates_missing_or_out_of_order;eos90_too_early
IT-Tor,2012,NDVI_tower,20,20,142,13,0.1313986851046133,double_logistic,-2.2128881371070626,0.0618326812637238,0.2175494491989341,0.1280048308714221,0.549377702532403,147.65110152318888,0.9834899568514704,287.6482215138564,0.075616847252841,160.0,0.4213435506056263,,,,,,,False,low_r2
IT-Tor,2013,NDVI_tower,141,92,134,0,0.1313986851046133,double_logistic,0.7864123336238809,0.0783258301414391,0.8952309155064507,0.1205925957364477,0.7722948731189487,159.45935777310032,0.0850147053424811,295.48115321628046,0.0445731643572941,211.5,0.6289123893764921,,,,,,,False,low_r2
IT-Tor,2014,NDVI_tower,179,102,103,0,0.1313986851046133,double_logistic,0.8889818207693329,0.0493411067181645,0.9499173697130112,0.0994989667996472,0.8104253415515958,143.8723041896858,0.0540441974932496,298.6392509004974,0.0309800093984403,207.5,0.6489513019285307,,,,,,,False,dates_missing_or_out_of_order
IT-Tor,2015,NDVI_tower,195,110,132,0,0.1313986851046133,double_logistic,0.812362954520411,0.0494360711514373,0.9161210686941464,0.1161336403241642,0.7400719949918051,131.85907917114622,0.0731634928201231,316.9094148068692,0.0181934016298534,185.5,0.559518910936727,,,,,,,False,dates_missing_or_out_of_order
IT-Tor,2016,NDVI_tower,167,95,113,3,0.1313986851046133,double_logistic,0.8941970493699039,0.0399729311993491,0.9600567987620514,0.1374756144785968,1.3992329997822794,146.16936911440837,0.039122780583762,221.3779637041708,0.0180794779544102,195.75,0.6159003448592769,,,,,,,False,dates_missing_or_out_of_order
IT-Tor,2017,NDVI_tower,184,94,121,0,0.1313986851046133,double_logistic,0.7286874626696068,0.0734606915282369,0.906604941633599,0.1338442153598885,0.7792453279178948,146.5684535624723,0.0644500389087208,271.3816757859749,0.0254659752252352,194.25,0.5374634723471001,,,,,,,False,low_r2
IT-Tor,2018,NDVI_tower,156,93,130,0,0.1313986851046133,double_logistic,0.9307661658986744,0.0389077488503181,0.9666498941360738,0.1184716746926591,0.6906294955928926,155.1191844959218,0.099492495649321,284.5397387901941,0.0519500815562063,204.0,0.5591847211029607,133.0,154.75,175.5,327.5,285.5,246.25,True,
IT-Tor,2019,NDVI_tower,156,91,151,0,0.1313986851046133,double_logistic,0.971781786034648,0.0209546691508389,0.9866383995960138,0.1399332824397186,0.7802854001711067,160.87235499443642,0.0811765280809245,251.67497003565808,0.0215169018249162,197.0,0.4570491628727765,,,,,,,False,dates_missing_or_out_of_order
IT-Tor,2020,NDVI_tower,177,91,135,0,0.1313986851046133,double_logistic,0.9381910169919097,0.0307338987491318,0.9741539006481476,0.129568626154091,0.7668843768162278,144.39377525522676,0.0616824243133518,255.0886642510256,0.0210873219193179,189.5,0.4723761337828233,,,,,,,False,dates_missing_or_out_of_order
IT-Tor,2021,NDVI_tower,176,99,124,0,0.1313986851046133,double_logistic,0.921628345073359,0.036747698431858,0.966290070419012,0.1506529508881039,0.9304779483782082,160.06724574223213,0.0576228874404153,243.6823194613245,0.0209851989335536,202.0,0.486443909583986,,,,,,,False,dates_missing_or_out_of_order
IT-Tor,2022,NDVI_tower,190,104,125,0,0.1313986851046133,double_logistic,0.8450257684309723,0.038741854314338,0.9471902519385912,0.1445260853508944,0.7075773427807724,142.1106615207971,0.0647751047886991,260.6506995806695,0.0200056831167654,187.75,0.4289618603139661,,,,,,,False,dates_missing_or_out_of_order
IT-Tor,2023,NDVI_tower,175,94,132,0,0.1313986851046133,double_logistic,0.975015070766268,0.0242125435827872,0.988398717248189,0.1335576416954497,0.8498007714383062,152.77623422169864,0.0726153738445029,251.0428646022497,0.0245868167092876,192.0,0.5411104555067399,125.25,150.5,172.5,353.0,271.5,219.0,True,
IT-Tor,2024,NDVI_tower,163,101,105,0,0.1313986851046133,double_logistic,0.9302869994217388,0.0418074142913706,0.9696804633072044,0.1397558980654814,1.0208799173483445,170.4167445802839,0.0633628013274154,243.92609611011304,0.0257798502344442,207.0,0.5567516983036385,140.25,166.5,189.0,348.75,273.75,229.75,True,
IT-TrF,2012,NDVI_tower,146,99,42,10,0.2260999127888113,double_logistic,0.8532218991346942,0.0283205884308183,0.9248691092361684,0.2182583028748888,0.5062884968546687,154.12720144334452,0.0927729146967253,288.1592252830638,0.0735772931293406,214.75,0.2857008055639214,130.5,154.0,177.0,318.25,288.5,259.5,True,
IT-TrF,2013,NDVI_tower,181,102,137,0,0.2260999127888113,double_logistic,0.961882759975588,0.0230321534986037,0.98082363340237,0.2251215954764446,0.52554240561285,164.03651654087122,0.1549265693095723,288.74168209919065,0.0745874663683342,207.75,0.299364148198207,150.0,164.0,178.25,318.5,289.0,259.75,True,
IT-TrF,2014,NDVI_tower,198,109,109,0,0.2260999127888113,double_logistic,0.8963551276048646,0.0335700592761523,0.947362641030138,0.2230714756707952,0.4971667458994161,150.34581116981036,0.1370648652029399,304.20302165754777,0.0819133045265393,210.25,0.27389625654948,134.5,150.5,166.5,331.25,304.25,277.5,True,
IT-TrF,2015,NDVI_tower,235,140,97,0,0.2260999127888113,double_logistic,0.8722716093659078,0.033403607872464,0.9342237273013072,0.2708621136923119,0.687498627902575,140.65091140544973,0.0762030781646473,250.1058613488732,0.0102265134323226,185.75,0.2615115995241993,,,,,,,False,dates_missing_or_out_of_order
IT-TrF,2016,NDVI_tower,200,109,113,0,0.2260999127888113,double_logistic,0.8778762224985512,0.0432441795474119,0.9385540848847136,0.2257163363440114,0.5447091743234767,159.8054045230176,0.100523704845899,301.66298876760067,0.0786737807948733,223.5,0.3177856399402197,138.0,159.75,181.5,329.75,302.0,274.25,True,
IT-TrF,2017,NDVI_tower,206,107,122,0,0.2260999127888113,double_logistic,0.8995765091805251,0.0323865581306311,0.9547440611533834,0.2280887132101996,0.5417482538571062,139.78670085698974,0.09542088576446,311.25755580987544,0.0759675249557474,217.0,0.3132182421716772,116.75,140.0,162.75,340.25,311.5,282.75,True,
IT-TrF,2018,NDVI_tower,187,98,130,0,0.2260999127888113,double_logistic,0.9784671151075304,0.0188567975645308,0.9891914372932809,0.2207584760127661,0.566409966737786,150.9659042502911,0.1470603433732245,300.6637300523673,0.2011199180693893,236.5,0.3456494405767745,136.25,151.0,166.0,311.75,300.75,289.75,True,
IT-TrF,2019,NDVI_tower,184,96,133,0,0.2260999127888113,double_logistic,0.9815086198562208,0.0182254935746141,0.9908457136543292,0.2211742527894521,0.5809165275615791,154.09439902072688,0.1065982850659598,305.96668059434614,0.237061649077385,256.5,0.359732836648046,133.5,154.25,174.75,315.25,306.0,296.75,True,
IT-TrF,2020,NDVI_tower,234,131,102,0,0.2260999127888113,double_logistic,0.9289313441676756,0.0275295753013024,0.9639361888182232,0.2183757716648445,0.5590107922950888,133.1667762164983,0.0940164509649333,336.80981712029256,0.0527360634452334,210.25,0.3399628994604777,,,,,,,False,dates_missing_or_out_of_order
IT-TrF,2021,NDVI_tower,202,109,102,0,0.2260999127888113,double_logistic,0.9493930368163244,0.0285910075832763,0.9743943726145304,0.2149996215036278,0.574750717614898,139.9684810111339,0.0695153067240781,324.3659488512897,0.0814894811510061,238.5,0.3590414702911543,108.5,140.0,171.5,351.5,324.5,297.75,True,
IT-TrF,2022,NDVI_tower,231,111,105,0,0.2260999127888113,double_logistic,0.9316402306401736,0.0305308796994776,0.9662656050937224,0.2201439805428421,0.5770699639728177,122.2590334738692,0.0672126825051403,317.81697158185244,0.1116844984875642,241.5,0.3567370835722362,89.75,122.25,155.0,337.5,318.0,298.25,True,
IT-TrF,2023,NDVI_tower,220,118,108,0,0.2260999127888113,double_logistic,0.9364576760044862,0.0297699967285599,0.9683145794543204,0.2231673428784129,0.5553356053607069,131.01422717846052,0.0793045284869055,307.1920085404243,0.1110612001611001,232.0,0.3319793934737998,103.5,131.0,158.75,327.0,307.25,287.5,True,
IT-TrF,2024,NDVI_tower,202,110,111,0,0.2260999127888113,double_logistic,0.9335717099823324,0.0289458434935593,0.966341950890256,0.2165932847442146,0.534285829968992,159.1599641043409,0.0726415775725853,310.16510685484457,0.047867713944415,222.75,0.3098242477535485,128.75,158.75,186.75,356.75,311.25,269.0,True,
JP-Api,2000,NDVI_tower,217,111,13,0,0.0763101041620508,double_logistic,0.989900716334423,0.0209750361463838,0.9949379491910098,0.0737070741358019,0.6193101755489334,137.6545930203636,0.3291576859737685,315.68412982552405,0.0470394665660641,165.0,0.5450806525515994,131.0,137.75,144.5,362.5,315.75,269.25,True,
JP-Api,2001,NDVI_tower,204,103,14,0,0.0763101041620508,double_logistic,0.9735460486828054,0.0382227539464883,0.9867141799699122,0.0787748089346874,0.6710201808030005,131.22116601534998,0.3212001742776743,304.01665208865984,0.0575714053539467,162.0,0.5920486935525167,124.5,131.25,138.25,342.25,304.25,266.0,True,
JP-Api,2002,NDVI_tower,220,113,13,0,0.0763101041620508,double_logistic,0.9796648501992272,0.0290894356835725,0.9898073982560308,0.0669280253487081,0.5545475229911189,123.32748087406472,0.2445893994793845,292.9328092730827,0.1274666123114265,183.25,0.4876188740321449,114.5,123.5,132.5,310.25,293.0,275.75,True,
JP-Api,2003,NDVI_tower,216,111,15,0,0.0763101041620508,double_logistic,0.9824716155363208,0.0283207578978712,0.991219295776464,0.0747074073653934,0.6205762025526231,129.42527400667257,0.4598317805053944,294.03898852545024,0.0589221220159875,152.0,0.5457253044639327,124.75,129.5,134.25,331.5,294.25,257.0,True,
JP-Api,2004,NDVI_tower,212,111,14,0,0.0763101041620508,double_logistic,0.9851291691517102,0.0263114968676969,0.9925566883670373,0.0786478732549113,0.6496123438591306,131.57691075713657,0.290278958731064,292.8800604336206,0.0488432983896446,160.0,0.56994997010588,124.25,131.75,139.25,338.0,293.0,248.5,True,
JP-Api,2005,NDVI_tower,215,113,22,0,0.0763101041620508,double_logistic,0.983600906058172,0.0277552341426502,0.9917722193522964,0.0741274299177492,0.6011518342396763,140.28873637499814,0.2190158418784663,312.79430569757,0.0889017509751783,193.0,0.527006806871887,130.5,140.5,150.5,337.75,313.0,288.25,True,
JP-Api,2006,NDVI_tower,235,137,16,0,0.0763101041620508,double_logistic,0.9794417191456956,0.0310351766097469,0.9896838767664636,0.1139560077737959,0.6166806949956419,136.93785627277268,0.6303396573055416,306.86324880920046,0.0689913313307219,156.75,0.5027068132041068,133.5,137.0,140.5,338.75,307.0,275.25,True,
JP-Api,2007,NDVI_tower,277,133,8,3,0.0763101041620508,double_logistic,0.9700253948237142,0.0381144024903642,0.984983412283378,0.0778740740139981,0.600876325129139,133.7201288857198,0.2766785812356897,300.30011304410294,0.0429870715968498,162.0,0.5214272601930464,126.0,133.75,141.75,351.5,300.5,250.0,True,
JP-Api,2008,NDVI_tower,272,114,1,0,0.0763101041620508,double_logistic,0.9811167492322138,0.0282988072280999,0.9905235303015756,0.1468028242291052,0.589088259815276,109.46766022686624,0.1794027149387527,307.11432326034765,0.0740814997231092,170.75,0.4422598754478855,97.25,109.5,121.75,337.0,307.25,277.5,True,
JP-Api,2009,NDVI_tower,263,97,4,0,0.0763101041620508,double_logistic,0.9914538008493456,0.0206112068880475,0.9957184160863128,0.0905229453656401,0.5648744859060364,129.47587433443425,0.7656320129147426,295.3015519067655,0.0782085975824251,147.5,0.4743465304204128,126.75,129.5,132.5,323.5,295.5,267.25,True,
JP-Api,2010,NDVI_tower,175,101,12,0,0.0763101041620508,double_logistic,0.9662245023333174,0.0355672318759147,0.9830274845037535,0.0554174623136836,0.5821748032201238,138.855949410104,0.1797782641199913,301.78241284239147,0.0680593982174946,187.5,0.5264529360476828,126.75,139.0,151.25,334.25,302.0,269.75,True,
JP-Api,2011,NDVI_tower,243,125,1,0,0.0763101041620508,double_logistic,0.9840877767405444,0.0299784186790697,0.992031513946404,0.0713693416059047,0.6316521691684488,135.7841616404278,0.3545917342895075,296.1353710951707,0.0583773968650578,162.75,0.560010861250906,129.75,136.0,142.0,334.0,296.25,258.75,True,
JP-Api,2012,NDVI_tower,301,130,1,0,0.0763101041620508,double_logistic,0.950880391740363,0.0510981693493069,0.9754346103528704,0.0809370644849237,0.5731821715127672,132.77589187757977,0.3769447418429907,300.71547033680616,0.0885317068391955,167.75,0.4922403805050322,127.0,133.0,138.75,325.75,300.75,276.0,True,
JP-Api,2013,NDVI_tower,231,134,9,4,0.0763101041620508,double_logistic,0.9813992989390364,0.0322998071657221,0.990670359549376,0.0685177623236902,0.6113390119447789,139.6510796059963,0.4420436439207335,303.95225913008767,0.0833953556679642,169.0,0.542812960118231,134.75,139.75,144.75,330.5,304.0,277.75,True,
JP-Api,2014,NDVI_tower,318,144,2,0,0.0763101041620508,double_logistic,0.993255619413442,0.021231712458549,0.9966226416147548,0.0739868876839966,0.6403769010886429,131.9458051233405,0.5213799979046768,294.9331541576638,0.0762612935988824,156.0,0.5663738088121544,127.75,132.0,136.25,323.75,295.0,266.25,True,
JP-Api,2015,NDVI_tower,254,99,7,0,0.0763101041620508,double_logistic,0.991450246975098,0.0205916702489929,0.9957257197897752,0.0824591170249221,0.6021564399177226,120.41751469888511,0.6603437966053685,293.85406418729434,0.0536157713834858,137.0,0.5195725079424075,117.25,120.5,123.75,335.0,294.0,253.0,True,
JP-Api,2016,NDVI_tower,239,149,11,0,0.0763101041620508,double_logistic,0.9844152566184008,0.0280421988203594,0.99218080754179,0.0709121028012659,0.6209791933871611,129.20117947110208,0.2106880108435781,300.82598197256806,0.0995326765121043,186.75,0.5500576613104227,119.0,129.25,139.75,323.0,301.0,279.0,True,
JP-Api,2017,NDVI_tower,314,129,0,0,0.0763101041620508,double_logistic,0.989492328930946,0.0258922406942399,0.994738495150956,0.0745561138101011,0.6317043643824484,130.941399540413,0.3343895084124777,303.6705728250752,0.0653901311091643,163.25,0.5570796231047103,124.5,131.0,137.75,337.5,303.75,270.25,True,
JP-Api,2018,NDVI_tower,283,100,5,3,0.0763101041620508,double_logistic,0.9936473257471542,0.0204374221901779,0.9968189737296564,0.0974862979009472,0.6563168362581843,129.1905976897786,0.2724513209415216,297.6527466916128,0.0882408085614209,173.5,0.5588175842844019,121.25,129.25,137.5,322.75,297.75,273.0,True,
JP-Api,2019,NDVI_tower,143,74,17,8,0.0763101041620508,double_logistic,0.5313657928663376,0.0231475259615551,0.7290430720001931,0.0733116873323079,0.6438465747784288,129.58641525104187,0.4838505559895882,303.164617465581,0.0736371477714001,156.0,0.5705220627943994,,,,,,,False,low_r2
JP-Api,2021,NDVI_tower,152,139,12,11,0.0763101041620508,double_logistic,0.958886749929379,0.0362191377968993,0.9793228907095348,-0.0217820599584527,0.6628908347566472,128.1951558083911,0.1356350047511953,315.9384711875227,0.0305041762286742,171.75,0.674498894834862,,,,,,,False,dates_missing_or_out_of_order
JP-Api,2022,NDVI_tower,276,95,6,3,0.0763101041620508,double_logistic,0.9884939693382472,0.0263859098077849,0.994241442910514,0.1124047059537536,0.6452405188668353,126.28865018832418,0.3895606806229389,307.25262023248746,0.0674275409648763,156.75,0.5328112101194513,120.75,126.5,132.0,340.0,307.5,274.75,True,
JP-Fhk,2006,NDVI_tower,308,134,0,0,0.1536263202509216,double_logistic,0.9395343860147072,0.0391761170791977,0.9693220941587338,0.1801006566524417,0.6680105884177372,101.50776390345932,0.0458775867497621,295.1219363391976,0.0236389657505363,177.75,0.4449301469394106,,,,,,,False,dates_missing_or_out_of_order
JP-Fhk,2007,NDVI_tower,323,147,0,0,0.1536263202509216,double_logistic,0.8797207114923905,0.0491758922042463,0.9385157561041614,0.1488458844910671,0.5533181431801016,92.2429867018308,0.0412512870151263,308.3586393947305,0.0365061521902504,195.25,0.3923718642650713,,,,,,,False,dates_missing_or_out_of_order
JP-Fhk,2008,NDVI_tower,325,147,1,0,0.1536263202509216,double_logistic,0.954478078344012,0.0341299854276652,0.97723498404025,0.169069985908217,0.5719757859712374,119.76910857959308,0.1397759916430844,302.6210750872701,0.0327369714688974,163.0,0.3978237073778352,,,,,,,False,dates_missing_or_out_of_order
JP-Fhk,2009,NDVI_tower,304,125,0,0,0.1536263202509216,double_logistic,0.9145279659431272,0.0413256446411779,0.9566221841795788,0.2313188240549797,0.5296471184155715,112.34034981546397,0.1501678442450045,295.3065357360698,0.0589991738997199,168.5,0.2980954358710536,97.75,112.5,127.0,332.75,295.5,258.25,True,
JP-Fhk,2010,NDVI_tower,315,145,2,0,0.1536263202509216,double_logistic,0.945051834429084,0.0358387148790566,0.9722171563544186,0.2152941354434935,0.5547331081622205,122.4160661731854,0.1669022474775875,303.77023833509014,0.056719442525949,173.25,0.3391621008494221,109.25,122.5,135.75,342.75,304.0,265.25,True,
JP-Fhk,2011,NDVI_tower,334,151,0,0,0.1536263202509216,double_logistic,0.9190705536028198,0.0409943794520941,0.95995769853256,0.2375447625925413,0.5735812236150503,124.2515702358086,0.0817656357661585,312.0587291461154,0.0404771032678333,192.25,0.3321365515025462,,,,,,,False,dates_missing_or_out_of_order
JP-Fhk,2012,NDVI_tower,311,153,1,0,0.1536263202509216,double_logistic,0.909997375508062,0.0471374047759837,0.9561282850755196,0.1789954898120267,0.6144817497434228,115.29649380469986,0.0957410776866859,308.68948738254454,0.0272901153667034,168.75,0.4235394873936062,,,,,,,False,dates_missing_or_out_of_order
JP-Fhk,2013,NDVI_tower,336,151,2,0,0.1536263202509216,double_logistic,0.9481854886892562,0.0394016838902087,0.974702360109688,0.1627670586551047,0.5875086230923259,99.27912932882968,0.0670909166546963,305.58519346500185,0.0680980306179953,203.0,0.4239458431268627,66.5,99.25,132.0,338.0,305.75,273.75,True,
JP-Fhk,2014,NDVI_tower,336,153,2,0,0.1536263202509216,double_logistic,0.9674780257973328,0.0342268123629106,0.9836156151080312,0.1523499817846487,0.65478791577325,114.52531700567673,0.0953055520922156,302.031291228625,0.0277541620079715,167.0,0.4875080638286627,,,,,,,False,dates_missing_or_out_of_order
JP-Fhk,2015,NDVI_tower,331,150,1,0,0.1536263202509216,double_logistic,0.9181627736936936,0.0434687943219522,0.9593172853062146,0.2358706194222352,0.8757926061075988,104.71277543993436,0.0585380807623009,212.1287666856821,0.0111831821627439,156.75,0.3869468835785709,,,,,,,False,dates_missing_or_out_of_order
JP-Fhk,2016,NDVI_tower,304,141,14,0,0.1536263202509216,double_logistic,0.8033375227667748,0.0607214536881357,0.8987590748595601,0.3349874455075018,0.6502610919885771,108.16264576075024,0.0930201218287694,298.32371325291194,0.0313606216650143,165.0,0.3089420580248663,,,,,,,False,dates_missing_or_out_of_order
JP-Fhk,2017,NDVI_tower,324,148,12,0,0.1536263202509216,double_logistic,0.7492039943550751,0.0737850428082049,0.876202441787086,0.2258477286875679,0.6548895934195645,113.65997292618164,0.0752406394507643,296.7144362165797,0.0211130833805697,168.0,0.3953913140041878,,,,,,,False,low_r2;dates_missing_or_out_of_order
JP-Fhk,2018,NDVI_tower,262,118,20,3,0.1536263202509216,double_logistic,0.8808732209216815,0.0489773417704508,0.941283355952185,0.243022230603233,0.6162525467819545,105.39966273924144,0.1471407083855789,311.2928880843017,0.0436765893952712,159.0,0.3726085986438099,90.5,105.5,120.25,361.75,311.5,261.5,True,
JP-Fhk,2019,NDVI_tower,210,121,6,7,0.1536263202509216,double_logistic,0.9081810113926936,0.0289836522700713,0.9530131963626974,0.1158807992277113,0.6179187849872219,107.38974589348668,0.0938434749038903,316.38720177636986,0.0283146207290052,165.75,0.4929915125875741,,,,,,,False,dates_missing_or_out_of_order
JP-Fhk,2020,NDVI_tower,225,124,5,10,0.1536263202509216,double_logistic,0.8872091754459482,0.0289693002597075,0.9430909894344828,0.3190347156860233,0.626963187362893,114.32473891108714,0.0991777447284612,303.7997407836168,0.0492668829450901,182.0,0.3067935056078542,92.25,114.5,136.25,348.5,304.0,260.0,True,
JP-Fhk,2021,NDVI_tower,253,151,3,7,0.1536263202509216,double_logistic,0.7697804491076787,0.0563397103313263,0.8802941277144137,0.2805493319324256,0.6299570108574125,100.1473539479128,0.1046996278679735,302.8660698752629,0.0424433927750388,164.75,0.3480133449585555,,,,,,,False,low_r2
JP-Fhk,2022,NDVI_tower,325,146,4,0,0.1536263202509216,double_logistic,0.8424878613702909,0.0612979500150014,0.9239104504555956,0.3184204835987705,0.615955638697199,111.32691606532664,0.1868121022402029,311.8793892893545,0.0639853054583606,166.75,0.2974980928221533,99.75,111.5,123.25,346.25,312.0,277.75,True,
JP-Fhk,2023,NDVI_tower,338,158,0,0,0.1536263202509216,double_logistic,0.9205643528926974,0.036236718048888,0.9602835956211864,0.3709409572362112,0.6692647910688989,100.55616159712592,0.0880906200120941,299.6888302414323,0.0468462314517615,174.5,0.2970378327657688,75.75,100.5,125.25,346.75,300.0,253.75,True,
NL-Loo,2023,NDVI_tower,154,96,0,18,0.522074928021292,double_logistic,0.8451027751686038,0.0078158819994986,0.9200054650799272,0.5068081649007706,0.692766604662061,196.27501685379815,0.013466283773937,293.0561989199373,0.0355393121084457,231.0,0.095871977243987,,,,,,,False,dates_missing_or_out_of_order
NL-Loo,2024,NDVI_tower,245,101,0,3,0.522074928021292,double_logistic,0.8639741018164591,0.0078051917542427,0.9295170960815886,0.5247046592291937,0.5869595432844487,68.17511887152985,0.0294913887182113,276.32608427547484,0.2018720173698001,241.5,0.0618269334539567,,,,,,,False,dates_missing_or_out_of_order
NL-Loo,2025,NDVI_tower,271,111,0,3,0.522074928021292,double_logistic,0.839011101018001,0.0101984738994664,0.9160072902750098,0.5181038639089217,0.5831069446912108,110.12287098009578,0.0583476215944338,333.4218207341167,0.0534251390269442,217.75,0.0647471706463274,,,,,,,False,dates_missing_or_out_of_order
RU-Fy2,2015,NDVI_tower,157,87,10,8,0.3450026752330519,double_logistic,0.949692491717225,0.0166471097262994,0.974592119882015,0.3443791068981467,0.7072636598100105,114.31872167942944,0.0766165864465806,276.95307496251564,0.043932712115168,178.25,0.3555104787417982,85.5,114.0,141.0,327.5,278.0,231.25,True,
RU-Fy2,2016,NDVI_tower,201,73,13,0,0.3450026752330519,double_logistic,0.9548232681559826,0.0211707186258127,0.9771519432795546,0.3346512744673036,0.7049301870818273,102.82538363940198,0.0575020531296691,285.85737705229747,0.0361262663806378,178.5,0.3580639695477996,64.25,102.0,136.75,347.75,287.75,233.25,True,
RU-Fy2,2017,NDVI_tower,187,55,10,0,0.3450026752330519,double_logistic,0.919068883819831,0.0272678499229877,0.9592547346127368,0.2100221116571538,0.8134141657688702,97.4662096813319,0.0176125602789924,294.9048437098617,0.029736285629913,207.75,0.4856921994436911,,,,,,,False,dates_missing_or_out_of_order
RU-Fy2,2018,NDVI_tower,196,77,12,0,0.3450026752330519,double_logistic,0.9448584928851592,0.0227278288259991,0.9720849207929124,0.3311243119112705,0.6604376831884251,99.3704553670824,0.0696429658166396,289.74496514915,0.0247953857895029,160.75,0.3118766185712994,,,,,,,False,dates_missing_or_out_of_order
RU-Fy2,2019,NDVI_tower,194,67,8,0,0.3450026752330519,double_logistic,0.859757419162045,0.0277485871557894,0.9277618029314176,0.3798046638269203,0.961820170404008,120.05639853370316,0.0335519274252225,187.55100628735124,0.019416893459244,167.75,0.2485204922408836,61.25,106.0,142.25,347.25,251.25,197.0,True,
RU-Fy2,2020,NDVI_tower,184,65,9,3,0.3450026752330519,double_logistic,0.8553929763449473,0.026631583775159,0.9253549141416348,0.2728357105773065,0.614507476071847,74.21822182965063,0.0195226860533533,260.50526030776365,0.0520408116560636,194.25,0.3012090760977076,,,,,,,False,dates_missing_or_out_of_order
RU-Fy2,2021,NDVI_tower,185,65,11,0,0.3450026752330519,double_logistic,0.9164714511974544,0.0257573039579248,0.9577406617050224,0.3267416668944902,0.6182852539861843,118.6897555789149,0.0591890020718694,262.39708316153536,0.0332386891265301,177.25,0.266468874474932,80.5,116.5,147.25,331.5,267.75,215.75,True,
RU-Fy2,2022,NDVI_tower,175,64,14,3,0.3450026752330519,double_logistic,0.9661861972874252,0.0166932821483945,0.9829517153706878,0.3410598562143738,0.6988725603857064,140.2913892143398,0.0678700687962475,231.05395833945155,0.0296022298684593,179.0,0.2705731096690658,108.25,136.5,159.75,315.75,248.0,203.5,True,
RU-Fy2,2023,NDVI_tower,137,44,16,4,0.3450026752330519,double_logistic,0.8946641919779728,0.0164994685187976,0.946979250754134,0.2640347519937526,0.8430821470266616,80.81807884133217,0.0340926349825891,285.7715290210356,0.0138285569245422,163.5,0.4563010049694077,,,,,,,False,dates_missing_or_out_of_order
RU-Fy2,2024,NDVI_tower,210,78,11,4,0.3450026752330519,double_logistic,0.901547004066253,0.0216582665379976,0.9497210679366148,0.3182936789537446,0.7041606981197985,70.80955469907026,0.0473336414517018,287.7718104501676,0.0390523929682829,171.25,0.3785379634519231,24.0,70.25,113.75,344.75,288.75,236.0,True,
SE-Svb,2017,NDVI_tower,92,58,29,5,0.4775526365891308,double_logistic,0.5245574257291085,0.0334557527215238,0.7288404148173374,0.484778448400026,0.7166976362402696,136.69656000398254,0.118804497399566,202.51312277647577,0.0237271041795299,163.0,0.1568960671935555,,,,,,,False,low_r2
SE-Svb,2018,NDVI_tower,205,84,31,0,0.4775526365891308,double_logistic,0.7915569913292408,0.0270514707461751,0.8899978099057113,0.4826804413332571,0.6444587942889525,133.6728938020351,0.0883792547241393,366.0,0.01,182.25,0.1373782708096861,,,,,,,False,low_r2;dates_missing_or_out_of_order
SE-Svb,2019,NDVI_tower,76,0,22,15,0.4775526365891308,double_logistic,0.4373436639088998,0.0298632259224216,0.6763296733094099,0.5298821059455474,0.604749427085755,115.59017766354012,0.3825418016253161,287.83266067861507,1.0,206.75,0.0748673211402075,,,,,,,False,few_autumn_obs;low_r2
SE-Svb,2020,NDVI_tower,203,70,14,3,0.4775526365891308,double_logistic,0.7892115179631803,0.0225460841407917,0.8890704962775697,0.5286477572414711,0.6298970400843418,144.3539269923147,0.1245378603166069,283.7500378262699,0.1741959373644993,224.5,0.1012412651449929,,,,,,,False,low_r2
SE-Svb,2021,NDVI_tower,191,61,19,0,0.4775526365891308,double_logistic,0.9408220712541828,0.017664561886202,0.9703925040426982,0.5005372445566623,0.6588808960186314,132.92302107301182,0.2962164963969736,273.0073670931168,0.1427049446464266,180.25,0.1583432398721578,125.75,133.0,140.5,288.5,273.25,257.75,True,
SE-Svb,2022,NDVI_tower,205,68,16,0,0.4775526365891308,double_logistic,0.8699356814341269,0.0197238650543872,0.935966981076991,0.4886228489387624,0.6195158581115743,119.78408981762703,0.3164417900796392,286.3329970737472,0.0595740758148966,150.5,0.1308451122996753,113.0,120.0,126.75,323.25,286.5,249.75,True,
SE-Svb,2023,NDVI_tower,207,72,13,0,0.4775526365891308,double_logistic,0.6219348213118989,0.0297137361231153,0.7901302446638658,0.507147540806955,0.6787543839078884,130.18486662340197,0.3003760278962332,162.89326768421776,0.0332032952005416,142.25,0.1096512137883504,,,,,,,False,low_r2;eos90_too_early
SE-Svb,2024,NDVI_tower,203,75,14,0,0.4775526365891308,double_logistic,0.8463057855678369,0.017825314483817,0.9199758905865012,0.4774189455238138,0.5717134565078197,136.41029293915798,0.7122909910854823,292.5514867002342,0.0555140586619141,151.0,0.0942551777576263,133.5,136.5,139.5,332.25,292.75,253.25,True,
US-Aud,2002,NDVI_tower,198,156,6,15,0.2555181658792008,double_logistic,0.80167559403464,0.03276824514191,0.8955791000860948,0.291793198293404,0.7869637756692855,239.99999999999883,0.0264617653000678,275.37336064685707,0.0484371250588147,241.5,0.1720994356243912,115.0,184.25,222.0,306.5,282.0,258.75,True,
US-Aud,2003,NDVI_tower,361,163,2,0,0.2555181658792008,double_logistic,0.7207606787394807,0.0280943364441949,0.8524976857076787,0.283732972211434,0.3771714457738148,203.82165106701672,0.9999999999573792,329.9886985510064,0.1237116089854273,219.5,0.0934383508473514,,,,,,,False,low_r2
US-Aud,2004,NDVI_tower,360,162,0,0,0.2555181658792008,double_logistic,0.4522883205390712,0.027115618340484,0.6786630047433169,0.3095699137027342,0.5737834680271169,217.19438809050857,0.1903553620043116,229.7272394649455,0.0848806727119646,227.25,0.1119890578243866,,,,,,,False,low_r2
US-Aud,2005,NDVI_tower,349,156,8,0,0.2555181658792008,double_logistic,0.4966339211345904,0.0443622328033587,0.7177321897726214,0.397020954614895,0.5649121877863147,222.78922109148203,0.3099802468324691,273.63811110013694,0.0300768307042039,235.75,0.1242260102576986,,,,,,,False,low_r2
US-Aud,2006,NDVI_tower,340,147,22,0,0.2555181658792008,double_logistic,0.9463432586966792,0.0180661437490131,0.9729725535667372,0.4140409150822117,0.8899951014177065,222.67765353419608,0.1061905198037313,254.3154928993333,0.0376503418732661,244.0,0.2388167362799171,210.25,222.0,234.25,332.5,283.25,256.75,True,
US-Aud,2007,NDVI_tower,340,155,15,0,0.2555181658792008,double_logistic,0.9481570167864928,0.0186416046624397,0.9738748123696738,0.3422680752140111,0.646535760053873,209.4259571494956,0.3730248396614168,271.9905136086504,0.0325945200099776,221.25,0.251754448984115,205.5,209.75,214.75,346.0,282.75,239.25,True,
US-Aud,2008,NDVI_tower,361,162,4,0,0.2555181658792008,double_logistic,0.9504576754717844,0.0232842501551908,0.975002272497027,0.2897939567731605,0.6278126007978135,190.6529005159171,0.1834084304087149,257.65123035202697,0.0608098510026709,212.25,0.3115978379115294,178.75,190.25,200.75,295.5,260.25,231.75,True,
US-Aud,2009,NDVI_tower,357,162,5,0,0.2555181658792008,double_logistic,0.8778936530417375,0.0195071259584097,0.9370455693562332,0.3618886573526188,0.5233359328779243,197.65953021117647,0.253270491376615,300.2600256715313,0.0202417344077267,215.75,0.1350966592682485,,,,,,,False,dates_missing_or_out_of_order
US-Aud,2010,NDVI_tower,336,164,1,0,0.2555181658792008,double_logistic,0.8801391280969201,0.0311766021390161,0.9384190666422444,0.4052642051109256,0.6799482291525563,208.5625920134596,0.3054333277471408,296.058988655669,0.0190455266056557,223.5,0.2167175898233782,,,,,,,False,dates_missing_or_out_of_order
US-Aud,2011,NDVI_tower,344,149,1,0,0.2555181658792008,double_logistic,0.7422534255239629,0.0427328513734056,0.8619084924166976,0.3727245621317311,0.6487463416841446,240.0,0.01,277.1439389390281,0.1964403059712547,255.0,0.1448250448580921,,,,,,,False,low_r2;dates_missing_or_out_of_order
US-Aud,2012,NDVI_tower,362,164,1,0,0.2555181658792008,double_logistic,0.7992975941548196,0.0461526432519418,0.8947507620561872,0.2272452730669897,0.9544630411294768,176.03439838083128,0.0185691141488228,280.0353320556919,0.0158677209268497,234.75,0.3059628677682351,,,,,,,False,low_r2;dates_missing_or_out_of_order
US-Aud,2013,NDVI_tower,352,152,0,0,0.2555181658792008,double_logistic,0.8880863485021652,0.0238691495459493,0.9428823158000456,0.2852137628496865,0.4893981133080881,200.3998151740146,0.5443672171407697,281.6213319633323,0.0486589494779811,211.25,0.1971885545733616,196.75,200.5,204.5,327.75,283.25,242.75,True,
US-Aud,2014,NDVI_tower,255,164,0,10,0.2555181658792008,double_logistic,0.8985226591570246,0.0193868193045439,0.9479969811674424,0.4113066061579687,0.598983230974699,218.22756061877573,0.0894248675348906,297.1620764207852,0.0443527210075994,250.5,0.1567212627777697,193.0,215.75,234.5,351.25,304.75,271.25,True,
US-Aud,2015,NDVI_tower,362,165,0,0,0.2555181658792008,double_logistic,0.8305578223903507,0.0161306079633267,0.914316375161516,0.2618495420317009,0.3588299678161142,214.16411257835085,0.1018931892798276,343.91386225108687,0.0461223600306613,260.0,0.0940993344645634,,,,,,,False,dates_missing_or_out_of_order
US-Aud,2016,NDVI_tower,363,164,0,0,0.2555181658792008,double_logistic,0.8854561345099571,0.0247425976689829,0.9410012913316128,0.2918728342281167,0.6383286236001606,213.6259664300463,0.0831087845374942,260.54537828004726,0.048074130064693,237.25,0.2185677786605903,186.0,208.5,225.25,316.75,276.25,251.5,True,
US-Aud,2017,NDVI_tower,361,162,3,0,0.2555181658792008,double_logistic,0.976603702650154,0.0120901437884487,0.9882785054486808,0.2622456029376216,0.6107840932640142,207.13694990981315,0.2537028889943785,248.3511049319826,0.0549969042747848,220.5,0.2752257717778998,200.25,207.0,213.75,293.25,256.25,232.0,True,
US-Aud,2018,NDVI_tower,358,159,3,0,0.2555181658792008,double_logistic,0.951459407715835,0.0123279685976221,0.9754750151368694,0.2599776522806933,0.4712117343553545,204.76162868751663,0.2435565384208631,264.8102768687421,0.0350388706700625,220.5,0.1698541970600872,198.25,205.0,212.25,334.5,276.25,237.5,True,
US-Aud,2019,NDVI_tower,137,106,3,9,0.2555181658792008,double_logistic,0.945043242118782,0.0169680205013543,0.9721467734097412,0.2564371742392848,0.4561371766126373,216.63665157256816,0.1032208918770445,314.11392653165274,0.0442222960908108,252.25,0.1826070307541742,,,,,,,False,dates_missing_or_out_of_order
US-Aud,2020,NDVI_tower,365,166,0,0,0.2555181658792008,double_logistic,0.8039119020573868,0.0258911318075145,0.8982981844975536,0.2796532695612602,0.4162377463272864,218.05863492522712,0.1596148917628155,363.4670004214937,0.0185410121458468,246.25,0.1211283803725852,,,,,,,False,dates_missing_or_out_of_order
US-Aud,2021,NDVI_tower,355,159,3,0,0.2555181658792008,double_logistic,0.9385418353866914,0.0173951257796811,0.9688256017611871,0.3036407759121084,0.6166979649407675,205.31876884389916,0.2109199396177393,249.99720936011173,0.0340828248070698,221.25,0.2171062565289503,199.5,206.0,213.5,326.25,268.75,235.0,True,
US-Aud,2022,NDVI_tower,362,162,1,0,0.2555181658792008,double_logistic,0.9808548653532566,0.0118708258443695,0.9903897391129406,0.26698978686303,0.6237028530578657,220.3808414844488,0.1579208492899747,277.0243499738662,0.0314229603797667,240.75,0.2565159667108882,211.0,220.5,230.75,358.5,295.5,257.5,True,
US-Aud,2023,NDVI_tower,324,164,1,0,0.2555181658792008,double_logistic,0.5834714746100782,0.019390214481537,0.7661749128843943,0.2937569199992434,0.35652053418678,226.1341124486827,0.2745275573643291,366.0,0.01,244.5,0.0479992734073811,,,,,,,False,low_r2;dates_missing_or_out_of_order
US-Aud,2024,NDVI_tower,363,165,0,0,0.2555181658792008,double_logistic,0.5950917176367275,0.0317118650165212,0.7748561910232366,0.2910837289693755,0.447053954101958,151.61528815136415,0.0280744174431202,364.7067209163405,0.01,244.75,0.1092180933029132,,,,,,,False,low_r2;dates_missing_or_out_of_order
US-Bar,2004,NDVI_tower,164,129,9,8,0.210723747578349,double_logistic,0.9585379978556448,0.0354798297388339,0.9791281534847596,0.1554510304914799,0.8095258340797173,118.6840395294942,0.0874834160026639,309.765867431465,0.0421080916530282,186.5,0.648722808370141,93.5,118.75,143.25,362.25,310.25,259.5,True,
US-Bar,2005,NDVI_tower,199,130,10,5,0.210723747578349,double_logistic,0.9626490232242448,0.0390104727597233,0.9812154831960488,0.189863399981628,0.814879542619187,130.44207465930177,0.0942557480333655,301.37501302567057,0.0513679685319946,195.0,0.6209602448774728,107.25,130.5,153.25,344.5,301.75,260.0,True,
US-Bar,2006,NDVI_tower,285,127,0,0,0.210723747578349,double_logistic,0.9622879980382184,0.0429215627808191,0.9810444867837832,0.2072302952951925,0.8752170961369998,122.2379080920218,0.0613636694534077,291.7223608772413,0.0239397815161457,181.75,0.6062990558513925,,,,,,,False,dates_missing_or_out_of_order
US-Bar,2007,NDVI_tower,290,124,0,0,0.210723747578349,double_logistic,0.9893499450344614,0.0268549988184781,0.9946613274837308,0.2085345556936444,0.8170944850286792,126.31985691323818,0.1517261165675985,306.39943086388496,0.0475936661567569,175.25,0.6070149042405713,112.0,126.5,140.75,352.75,306.75,261.0,True,
US-Bar,2008,NDVI_tower,238,116,0,0,0.210723747578349,double_logistic,0.9851813287122136,0.0318847440016747,0.9926071872168896,0.2110919731135963,0.8290440852375175,127.24682634775162,0.1610727677055707,301.6343079131421,0.0459859628825661,172.0,0.6159070027290499,113.75,127.25,140.75,349.5,302.0,254.75,True,
US-Bar,2009,NDVI_tower,230,91,3,0,0.210723747578349,double_logistic,0.9802439761846264,0.0350959540774243,0.9901013492834482,0.2095480981809323,0.850548584796133,121.24357590514025,0.0990416985370345,307.9446521296213,0.0373658475058469,179.5,0.6337714706535593,,,,,,,False,dates_missing_or_out_of_order
US-Bar,2010,NDVI_tower,246,117,2,0,0.210723747578349,double_logistic,0.953059287094858,0.0488913207549658,0.976277910105319,0.2060127851770888,0.8871592662718023,112.37613695216564,0.0713723212774437,316.26569251054855,0.021971450885341,173.75,0.6442276635716129,,,,,,,False,dates_missing_or_out_of_order
US-Bar,2011,NDVI_tower,263,120,0,0,0.210723747578349,double_logistic,0.9616976830976188,0.0471826495762127,0.9807053701398086,0.2186235842395947,0.8754236119430812,126.20943574915778,0.1057635594059078,318.5372199420816,0.0230460543067966,172.75,0.6299994334896177,,,,,,,False,dates_missing_or_out_of_order
US-Bar,2012,NDVI_tower,212,99,0,0,0.210723747578349,double_logistic,0.95851397008732,0.0460466382368959,0.9791071834000096,0.2125320907131865,0.8888420912751697,111.64276386495742,0.0583813020297722,307.2690224804998,0.0246251913422979,180.75,0.6358289034363328,,,,,,,False,dates_missing_or_out_of_order
US-Bar,2013,NDVI_tower,239,124,3,0,0.210723747578349,double_logistic,0.97161972534764,0.0390085038373366,0.9857579556456576,0.2106676616252899,0.8403424097246553,120.5909240640657,0.1119613306238511,302.92671866438394,0.0376618375507394,173.75,0.6232224265490967,101.0,120.5,139.75,361.75,303.5,247.25,True,
US-Bar,2014,NDVI_tower,134,10,5,11,0.210723747578349,double_logistic,0.9839047796368432,0.0332021734699065,0.991985256712888,0.2172061371289666,0.8182546542466905,127.8295280842616,0.104056333867665,295.8001133947513,0.0591646456292264,192.25,0.5990021142900168,106.75,128.0,148.75,333.25,296.0,259.25,True,
US-Bar,2015,NDVI_tower,267,133,9,0,0.210723747578349,double_logistic,0.96759088173109,0.0386947671121605,0.9837458495406812,0.2068724203901646,0.8094799005869406,123.35105043863294,0.1096790801001934,308.4975973338234,0.0314413793819643,173.5,0.5916346582901946,,,,,,,False,dates_missing_or_out_of_order
US-Bar,2016,NDVI_tower,262,125,0,0,0.210723747578349,double_logistic,0.9583021299810786,0.0406421131919341,0.978964211077068,0.2372615520127642,0.8133002663377453,115.25145602099472,0.0504918330960773,299.0159016566643,0.0415160637078083,200.25,0.5588767358404213,71.25,114.25,154.0,352.75,300.5,252.5,True,
US-Bar,2017,NDVI_tower,249,110,2,0,0.210723747578349,double_logistic,0.9779737729345284,0.0338972169292764,0.9890486813014808,0.2165100167932266,0.7759713590794669,125.14131466884906,0.1151875572459566,303.2390482851037,0.0451099954806332,181.25,0.5563194410200252,106.25,125.25,144.0,352.25,303.5,255.75,True,
US-Bar,2018,NDVI_tower,222,90,0,0,0.210723747578349,double_logistic,0.983671854752386,0.0288903658407001,0.9918032120020188,0.2222343568670121,0.7781246420526523,125.60505894264854,0.1197709861464067,301.4466424751527,0.0381685554935415,175.5,0.5499772291099209,107.25,125.5,143.5,359.5,302.25,246.75,True,
US-Bar,2019,NDVI_tower,293,133,3,0,0.210723747578349,double_logistic,0.9688998641687252,0.0390288369907865,0.9845103075322886,0.2269491075937292,0.7720120202526181,134.0174548929836,0.1071667961932732,301.47847179031584,0.0422160199243673,187.75,0.5389039424983761,113.5,134.0,153.75,354.0,302.25,252.0,True,
US-Bar,2020,NDVI_tower,285,128,2,0,0.210723747578349,double_logistic,0.959656232365208,0.0405031102475394,0.9796299816990552,0.2595277149762598,0.7799449607937147,130.96184681277035,0.0879370285275164,301.80218136277,0.035728607834014,187.75,0.5082166649522502,106.0,130.75,154.25,364.25,303.25,246.5,True,
US-Bar,2021,NDVI_tower,173,11,6,11,0.210723747578349,double_logistic,0.9408905232884236,0.0521411195753314,0.9702595149472152,0.3858473407601106,1.3366535905178498,123.52328292862404,0.0481899997297768,169.36094425126177,0.0137979165808017,175.0,0.3834915925212656,,,,,,,False,dates_missing_or_out_of_order
US-ChR,2006,NDVI_tower,322,142,0,0,0.5412396769864907,double_logistic,0.9455854765564146,0.0190699901357941,0.9724128357786558,0.537433362142132,0.7319324573506051,113.83554039417814,0.3578993861227703,269.3718293373836,0.0354172256951691,133.75,0.1927607236249294,108.0,114.0,120.0,331.75,270.0,210.0,True,
US-ChR,2007,NDVI_tower,315,142,0,0,0.5412396769864907,double_logistic,0.9570913531155816,0.0149117715048324,0.9783336182752128,0.5397807787624314,0.7512814952287316,122.81617509730788,0.1037132832123946,259.08911428980895,0.0255259125025305,161.5,0.1915640398438605,102.75,122.25,140.5,349.5,266.5,201.0,True,
US-ChR,2008,NDVI_tower,322,144,0,0,0.5412396769864907,double_logistic,0.9719767402810632,0.0143740741255886,0.9858894845043724,0.5379023572157752,0.7404951778973288,118.22516882026216,0.2720382450966326,284.4591163253766,0.0412306710702037,146.25,0.201817218863849,110.25,118.25,126.25,338.0,284.75,232.25,True,
US-ChR,2009,NDVI_tower,301,139,0,0,0.5412396769864907,double_logistic,0.9568202255315138,0.0260674793955024,0.9785388893846504,0.5466436911403101,0.8213027284517037,109.13471575726514,0.9999988813063464,282.7018386942124,0.0710705517516403,123.0,0.27465554374215,107.0,109.25,111.5,313.75,282.75,252.0,True,
US-ChR,2010,NDVI_tower,319,147,3,0,0.5412396769864907,double_logistic,0.8655119092925179,0.0357087521075452,0.9306984147506274,0.5752596146872779,0.8163067779452227,102.6606514521062,0.2119911529021557,285.32195728066887,0.0293040279076444,133.25,0.2379144695477183,92.5,102.75,113.0,361.0,286.25,214.75,True,
US-ChR,2011,NDVI_tower,303,136,1,0,0.5412396769864907,double_logistic,0.7881926063398476,0.0430231214036156,0.888210318462253,0.6114452106081246,0.7995078219223781,92.12283015749736,0.6759901331751516,297.4250088070465,0.1631386867703674,133.75,0.188062611313664,,,,,,,False,low_r2
US-ChR,2012,NDVI_tower,310,136,0,0,0.5412396769864907,double_logistic,0.704637711850846,0.0498542981675492,0.8512070673189551,0.543588168135977,0.7385942745070339,102.07903327421648,0.124795592581997,274.4738183007655,0.1248083231718003,188.25,0.1949978058695974,,,,,,,False,low_r2
US-ChR,2013,NDVI_tower,304,143,0,0,0.5412396769864907,double_logistic,0.8775153691679209,0.0306629495181297,0.9370541067143908,0.5409302777787864,0.7392838108752762,111.02849974967438,0.2237419635326539,297.7109722598928,0.0422988606060292,147.0,0.1979527756630177,101.25,111.25,121.0,349.75,298.0,246.25,True,
US-ChR,2014,NDVI_tower,322,139,0,0,0.5412396769864907,double_logistic,0.9136357079992832,0.0313315430472031,0.9559154447813454,0.5458486336141707,0.7962107076543214,113.76785388169664,0.1575871738469959,317.60709381292384,0.037205533614366,160.25,0.249481538268068,,,,,,,False,dates_missing_or_out_of_order
US-ChR,2015,NDVI_tower,310,139,3,0,0.5412396769864907,double_logistic,0.8234614420879738,0.0363669828334564,0.9075222580786552,0.5940870604084387,0.7893228333191287,106.0512544094516,0.1104350752874526,292.01553739890846,0.0459268625929009,166.25,0.1943794059251766,86.25,106.0,125.75,340.0,292.25,245.25,True,
US-ChR,2016,NDVI_tower,166,0,0,18,0.5412396769864907,double_logistic,0.8705355269753864,0.0354454855958962,0.9334805991049212,0.6157506569607776,0.8113811263974474,108.55708892476828,0.2088980926164786,282.1006032011535,0.0360753015263269,141.25,0.1942113334439152,,,,,,,False,few_autumn_obs
US-ChR,2019,NDVI_tower,65,65,0,28,0.5412396769864907,double_logistic,0.8607072191407243,0.0151265443229206,0.9381893993133724,0.5408339382021538,0.6459672516760969,104.52077354821904,0.9999632493208612,306.5095521029567,0.3509350134540551,139.75,0.1051333134739431,102.5,104.75,106.75,313.0,306.75,300.25,True,
US-GLE,2005,NDVI_tower,226,139,24,0,0.2116902827351962,double_logistic,0.927044127417058,0.0289054628230757,0.963207751929654,0.2354374191795593,0.5135217187889151,174.4220932142597,0.2122706718827073,295.0166961376379,0.0402753063650073,200.5,0.2709467053341508,164.25,174.5,184.25,350.5,296.5,246.5,True,
US-GLE,2006,NDVI_tower,326,152,19,0,0.2116902827351962,double_logistic,0.8171077007799064,0.0451019949674008,0.9050820281464552,0.2767964390980647,0.6956277308869779,164.2362087345287,0.1021412940981629,226.608800767277,0.0182640812137656,194.75,0.2509113914723536,,,,,,,False,dates_missing_or_out_of_order
US-GLE,2007,NDVI_tower,324,142,12,0,0.2116902827351962,double_logistic,0.888466440909311,0.031394658856288,0.9427488069355476,0.3279079999808404,0.8090066468893159,167.36361033414084,0.0845471969102533,194.69725130106423,0.0195709366287021,199.5,0.1994363114082502,162.0,172.25,186.5,355.25,263.25,218.5,True,
US-GLE,2008,NDVI_tower,313,148,26,0,0.2116902827351962,double_logistic,0.8891833655987186,0.0340011752995854,0.944339267209646,0.2394791137900118,0.546164997415828,177.83698842402222,0.1175790843108522,276.9289825155125,0.0339392569310365,209.25,0.2712164103801038,160.0,177.0,192.75,345.75,284.0,236.75,True,
US-GLE,2009,NDVI_tower,327,150,22,0,0.2116902827351962,double_logistic,0.8526447458929529,0.0342825275629427,0.9239363762876768,0.2513407899583749,0.4631322300785377,172.35793831367954,0.141131153600169,264.5368100420042,0.1316077261179824,217.0,0.2109978448426325,157.0,172.5,187.75,281.5,264.75,248.25,True,
US-GLE,2010,NDVI_tower,314,143,30,0,0.2116902827351962,double_logistic,0.9415575008213376,0.0219211403895971,0.9709161684225572,0.2240288043669193,0.4586138097525465,178.27841897748183,0.3485656733232411,276.4021169327303,0.051132252053546,195.75,0.2303194193189578,172.25,178.25,184.5,320.0,277.25,237.0,True,
US-GLE,2011,NDVI_tower,299,149,42,0,0.2116902827351962,double_logistic,0.9464659514176196,0.0197137110515659,0.973317845535956,0.2221131488822735,0.4313992347669021,195.48530392200067,0.255842469201181,276.380864292426,0.1591866421342263,227.75,0.2091407885125224,187.0,195.5,204.25,290.25,276.5,262.75,True,
US-GLE,2012,NDVI_tower,324,146,28,0,0.2116902827351962,double_logistic,0.9585968553457462,0.0199727429518318,0.9792994949251108,0.2154825007837951,0.4584286231810027,154.76712483177494,0.2506803742502849,277.1649017209616,0.0479578747146202,180.0,0.2402332850410323,146.25,154.75,163.5,323.25,277.75,233.75,True,
US-GLE,2013,NDVI_tower,299,141,46,0,0.2116902827351962,double_logistic,0.9841860522904408,0.0142476927565007,0.9920706901748004,0.2124409215554456,0.4589091555660741,165.61283971282668,0.366232836359405,275.3127580866028,0.3921000825238376,222.25,0.2464682335419108,159.75,165.75,171.75,281.0,275.5,269.75,True,
US-GLE,2014,NDVI_tower,257,137,76,0,0.2116902827351962,double_logistic,0.9525247054212738,0.0213697867479941,0.976028016152042,0.2115593065169798,0.5063372233799651,181.66446997724032,0.1963869551486201,258.35843105252303,0.0410900432809915,202.25,0.2629668152350105,171.5,181.5,191.0,315.0,263.75,224.25,True,
US-GLE,2015,NDVI_tower,297,138,50,0,0.2116902827351962,double_logistic,0.968074857037273,0.0155961852581639,0.983980494524224,0.2109315752874648,0.4495623109651763,170.4994131487979,0.6271773500203269,254.69536962130027,0.0449893209039154,180.25,0.2300105143472447,167.5,170.75,174.0,304.5,256.5,213.0,True,
US-GLE,2016,NDVI_tower,281,143,58,0,0.2116902827351962,double_logistic,0.9516144115156254,0.0191458467170068,0.9755612422349442,0.2118162427851939,0.4410158973230474,177.39137148672287,0.2508009292624166,259.1736682313991,0.06826489245037,199.0,0.2244807359182474,168.75,177.5,185.75,291.75,260.0,230.0,True,
US-GLE,2017,NDVI_tower,255,130,75,0,0.2116902827351962,double_logistic,0.9392638662770064,0.0235622135259865,0.9699763706198642,0.2110733882207972,0.4342708285696199,172.47144293459718,0.3289000199659242,256.9965586548832,0.0782606397139785,192.25,0.2214666273186763,166.0,172.5,179.0,285.25,257.25,230.0,True,
US-GLE,2018,NDVI_tower,254,135,91,0,0.2116902827351962,double_logistic,0.9608522838003029,0.017808070584175,0.9802483319488076,0.2098121534736878,0.4112433475475426,165.89568584216804,0.3095133337277874,273.5749077286118,0.1018910857354578,195.25,0.2013395042282227,159.0,166.0,173.0,295.25,273.75,252.25,True,
US-GLE,2019,NDVI_tower,243,132,96,0,0.2116902827351962,double_logistic,0.9713653605614868,0.0159903179530675,0.9855954770585044,0.2106110591757149,0.4371873813402844,187.5508784600061,0.5439347984558175,271.70550966642645,0.0805584800929633,201.5,0.2256718194161585,183.75,187.75,191.75,299.25,272.0,245.0,True,
US-GLE,2020,NDVI_tower,151,72,121,0,0.2116902827351962,double_logistic,0.9289719057029084,0.0245073432380562,0.9642475356919294,0.2128746896909396,0.4681691077382042,174.6106070675972,0.2248443004680886,259.648668517584,0.0352949854171945,194.0,0.2291672361946669,166.0,174.75,183.25,325.5,265.5,219.0,True,
US-ICh,2008,NDVI_tower,26,26,70,5,0.0252659008951221,double_logistic,0.9229177781905944,0.0243670521909054,0.9638997760200892,0.0238118926173086,0.5081434720155555,160.63253936877464,0.2938145101961081,245.6337052246086,0.066947731827951,180.5,0.4768155534948436,153.25,160.75,168.0,278.75,246.25,215.25,True,
US-ICh,2009,NDVI_tower,81,36,79,0,0.0252659008951221,double_logistic,0.8535419660852528,0.0446420004709507,0.9242820554866764,0.015685865042309,0.3836181740582518,163.71907497403097,0.1522209874715334,248.78478171127148,0.06727904345551,193.75,0.3553114800675943,149.25,163.5,176.75,282.25,250.0,220.75,True,
US-ICh,2012,NDVI_tower,94,48,108,0,0.0252659008951221,double_logistic,0.8494548752579314,0.0400835618559353,0.9253132673824088,0.0171775606051689,0.35757422615207,158.39321292725066,0.1514471077264778,242.5543704618204,0.0756845109534881,189.5,0.3313313575125358,143.75,158.25,171.75,272.0,243.5,216.75,True,
US-ICh,2013,NDVI_tower,72,33,135,0,0.0252659008951221,double_logistic,0.8989798906054036,0.0332262435712321,0.951130455182793,0.0203042875408511,0.4016981489285333,167.32166855337297,0.1757504452371958,250.28130926527373,0.064459827437432,194.0,0.3680454246879686,154.75,167.25,178.75,285.0,251.5,221.0,True,
US-ICh,2014,NDVI_tower,72,43,127,0,0.0252659008951221,double_logistic,0.6872897297123558,0.0648295396792576,0.8864949773089084,0.0309800649034822,0.3807074916714879,166.94919572567846,0.1390772268626354,240.6325048333072,0.6369551737827508,225.5,0.3496029914753522,,,,,,,False,low_r2
US-ICh,2015,NDVI_tower,82,29,113,0,0.0252659008951221,double_logistic,0.8578899227953457,0.0499439536971909,0.9296454368285432,0.0189934812103829,0.4366258656307076,155.3077931741081,0.1111888339068605,238.35902061015372,0.999999999999981,228.0,0.4174901856575921,135.75,155.5,175.25,240.75,238.5,236.25,True,
US-ICh,2016,NDVI_tower,80,39,129,0,0.0252659008951221,double_logistic,0.6243765006705644,0.0391324762598483,0.8205766542989215,0.0162444886440604,0.4218384313261845,150.60871323675173,0.0869754656956168,247.2380136483751,0.2015119144580117,215.25,0.4034897141583897,,,,,,,False,low_r2
US-ICh,2017,NDVI_tower,85,40,145,0,0.0252659008951221,double_logistic,0.9860015066542356,0.0223570284187887,0.9931630619181228,0.0224866679051207,0.4629383113388488,156.1304153686705,0.1348058244956637,213.46784889550813,1.0,205.0,0.4397534830796462,140.0,156.25,172.5,215.75,213.5,211.5,True,
US-ICh,2018,NDVI_tower,88,52,143,0,0.0252659008951221,double_logistic,0.927203844919039,0.0525206127928195,0.9733585359291675,0.040256971776963,0.5141331218195537,168.53210017375366,0.2224797648014666,217.073797029662,0.3075941500403853,196.0,0.4721031691648236,158.75,168.5,178.25,224.25,217.25,210.25,True,
US-ICh,2019,NDVI_tower,95,42,129,0,0.0252659008951221,double_logistic,0.958103478687348,0.0362563159775093,0.9788411442344752,0.0218640349884579,0.4760325830706408,137.44478087999647,0.9999999999999944,228.00623482106184,0.2308455129855413,155.5,0.4541685170963416,135.25,137.5,139.75,237.75,228.25,218.5,True,
US-ICh,2020,NDVI_tower,101,45,125,0,0.0252659008951221,double_logistic,0.861790152164972,0.0471808099346239,0.928409240525985,0.0238938365186897,0.4714780259328265,150.75989458027857,0.5239165014178665,253.1246674593918,1.0,217.25,0.4475841894141364,146.75,151.0,155.0,255.5,253.25,251.0,True,
US-ICh,2021,NDVI_tower,69,25,133,0,0.0252659008951221,double_logistic,0.9262040886294994,0.0423015625253239,0.962887859250325,0.0195588501749468,0.4712790972349089,161.23552799644375,0.3083242464177022,217.75972094967491,0.4047077109923277,193.0,0.4516749509426417,154.25,161.25,168.5,223.25,218.0,212.5,True,
US-ICh,2022,NDVI_tower,58,11,147,3,0.0252659008951221,double_logistic,0.9816062458090083,0.0193373901573429,0.9909811040321682,0.0241701162401035,0.3252976192468346,150.67465073069928,0.9999999987570822,175.3617527755608,1.0,163.0,0.3011248780970169,,,,,,,False,eos90_too_early
US-ICh,2023,NDVI_tower,94,48,130,0,0.0252659008951221,double_logistic,0.8672970233531191,0.0423439447977453,0.9344926408885066,0.0191556516896539,0.5486073624821324,156.1279341491082,0.3690504916940333,256.4035117158688,0.1484130753116694,186.75,0.5294280158511488,150.25,156.25,162.25,271.25,256.5,241.75,True,
US-ICh,2024,NDVI_tower,95,55,123,0,0.0252659008951221,double_logistic,0.737211013582173,0.0488943289075173,0.8625965811881133,0.0188255324136363,0.5392914300084931,159.0028081503293,0.2823123443481605,264.3982597783692,0.1426124639693993,196.0,0.5204205482632444,,,,,,,False,low_r2
US-ICh,2025,NDVI_tower,71,34,155,0,0.0252659008951221,double_logistic,0.8483998297639455,0.0503072030219617,0.9223890168338528,0.0209158678900107,0.5372949298486787,168.1208745810281,0.3116484499862558,252.1891028462716,0.9999999992881892,231.25,0.5163790600681257,161.25,168.25,175.25,254.5,252.25,250.0,True,
US-ICt,2012,NDVI_tower,84,48,95,0,0.2815114492904833,double_logistic,0.7722326070244707,0.0523359234927525,0.8794037126538321,0.2729037456030495,0.7123230322364388,159.47641278539876,0.1065179939690683,258.81645638180174,0.1064710614229473,209.25,0.4350084897702497,,,,,,,False,low_r2
US-ICt,2013,NDVI_tower,80,39,130,0,0.2815114492904833,double_logistic,0.9240706683556072,0.0462913692530837,0.9614616721077954,0.2728526567660254,0.7893386147116918,166.22723163707423,0.1456890719026756,208.86807504166188,0.1002406303942625,185.5,0.4418166831053114,150.25,164.75,176.0,232.5,211.75,196.25,True,
US-ICt,2014,NDVI_tower,82,43,121,0,0.2815114492904833,double_logistic,0.6727626477417548,0.0793851805136144,0.8707417067875015,0.2864977313716135,0.6802436663220014,161.10270605433644,0.1572721312829434,240.84723129916665,1.0,228.5,0.3937344122894083,,,,,,,False,low_r2
US-ICt,2015,NDVI_tower,87,30,141,0,0.2815114492904833,double_logistic,0.9126764217696528,0.0374227356183623,0.958604363927856,0.2783072085582938,0.6825672240827945,158.20515374659635,0.0900052239429631,237.9679227460249,0.7420474206375518,226.75,0.4033178299912268,134.0,158.25,182.5,241.0,238.0,235.25,True,
US-ICt,2016,NDVI_tower,80,40,132,0,0.2815114492904833,double_logistic,0.8986830538224385,0.0310923996662129,0.9538907305427062,0.2850340333096501,0.6327587188736175,170.6906029427051,0.1107593973983808,248.8823259714709,0.999999999999982,239.0,0.3475269672476219,151.0,170.75,190.5,251.25,249.0,246.75,True,
US-ICt,2017,NDVI_tower,101,40,136,0,0.2815114492904833,double_logistic,0.9255304895689478,0.031450650421624,0.9628901631526708,0.2709176030378014,0.6625241069895415,160.06561655494892,0.0910815390059016,255.2511853752724,0.0809448147314195,205.5,0.3785995656888647,135.75,159.5,181.25,283.0,256.25,231.75,True,
US-ICt,2018,NDVI_tower,109,61,131,0,0.2815114492904833,double_logistic,0.8667250920568412,0.0428721703182001,0.932398239449408,0.2813166403412696,0.6558473888662476,177.04267051457637,0.1153826214230997,264.7008824536703,0.0601773754472783,211.0,0.3530004146636037,157.75,176.25,193.0,302.5,266.75,236.0,True,
US-ICt,2019,NDVI_tower,97,41,138,0,0.2815114492904833,double_logistic,0.8690094341990819,0.042549509531474,0.9328192059693852,0.2744892701487862,0.659872434404673,153.57354928088523,0.1390826026077535,258.04684457207503,0.1364828120213387,205.5,0.3848061862029999,138.0,153.75,169.5,274.25,258.25,242.25,True,
US-ICt,2020,NDVI_tower,88,37,134,0,0.2815114492904833,double_logistic,0.8637473557968756,0.033376546098418,0.9305394018750492,0.277455097713877,0.5749644975918513,156.61138597414464,0.1556141159445975,251.56402310061944,0.5251833299031028,228.0,0.2975036887183011,142.5,156.75,170.75,255.75,251.75,247.5,True,
US-ICt,2021,NDVI_tower,89,42,144,0,0.2815114492904833,double_logistic,0.9194861603844128,0.0290604421815613,0.9602442908340092,0.2755198750313806,0.6317028792254189,169.23831852162533,0.1377513001210909,256.1858316945398,0.1183727808262082,210.0,0.3533922428298172,153.25,169.25,184.75,275.0,256.5,238.5,True,
US-ICt,2022,NDVI_tower,95,49,126,0,0.2815114492904833,double_logistic,0.6627420801900578,0.0416448461802984,0.819955182156191,0.2764818282017224,0.5094320835370211,157.97286682306773,0.1516854157622889,254.59668289831467,0.0745473893473686,193.0,0.229471222935431,,,,,,,False,low_r2
US-ICt,2023,NDVI_tower,83,38,109,0,0.2815114492904833,double_logistic,0.9263681100927712,0.0269305555455315,0.9648416508276386,0.2806645593989302,0.6023198569248964,167.45998903816732,0.1224496665734333,263.9851169717548,0.9999999999998594,251.5,0.3216431615743174,149.75,167.5,185.5,266.25,264.0,262.0,True,
US-ICt,2024,NDVI_tower,89,44,91,0,0.2815114492904833,double_logistic,0.8557693413431178,0.0363881722949454,0.9290494897280857,0.2741376516209844,0.620598891809836,161.71743212422194,0.1563900324070702,259.2367650335489,0.0826108351150929,198.0,0.3430886129145435,147.75,161.75,175.25,286.0,259.5,234.0,True,
US-ICt,2025,NDVI_tower,63,26,149,0,0.2815114492904833,double_logistic,0.898034430415793,0.0354865668314384,0.9487540308102996,0.2777764474650599,0.6628490679904063,170.60344548610686,0.1919764640738104,250.986566936281,0.4066697222659602,224.0,0.3850524212261059,159.25,170.75,182.25,256.5,251.0,245.75,True,
US-Jo1,2012,NDVI_tower,297,139,0,3,0.3689341057189388,double_logistic,0.5627406266758808,0.0122431754820964,0.7560250909202954,0.3695826320124672,0.4808065290364156,177.63889472653145,0.0282683926572422,248.5056473234301,0.0218049016197313,220.75,0.0465670693774917,,,,,,,False,low_r2;dates_missing_or_out_of_order
US-Jo1,2013,NDVI_tower,361,162,0,0,0.3689341057189388,double_logistic,0.4877917221526614,0.0139158863588483,0.7076695191418021,0.3794988011177778,0.4613225580297664,220.299230766915,0.0134159073839791,345.64332261934777,0.0380726217098305,282.0,0.0502768626605187,,,,,,,False,low_r2;dates_missing_or_out_of_order
US-Jo1,2014,NDVI_tower,76,0,0,29,0.3689341057189388,double_logistic,0.3558213634267678,0.004953231199164,0.6088833091924655,0.4234199893740333,0.5625503029906128,101.15323651997056,0.0446233442214551,120.00000001513364,0.0123479481757845,159.0,0.0433433855302359,,,,,,,False,few_autumn_obs;low_r2;dates_missing_or_out_of_order
US-Jo1,2015,NDVI_tower,334,141,4,0,0.3689341057189388,double_logistic,0.8185638266729962,0.0075641036363518,0.905714585287139,0.3682063933966909,0.4079921380035128,125.92691400595449,0.0791193504533803,308.22616504912384,0.0508225014505124,200.75,0.0395110490500139,98.25,126.0,153.0,351.75,308.5,266.5,True,
US-Jo1,2016,NDVI_tower,360,164,0,0,0.3689341057189388,double_logistic,0.7763514157512911,0.0129206263909956,0.8841504921463331,0.3784702726287286,0.5530868631014384,175.41376160936747,0.0312718719727873,239.82787369211195,0.0239831122569862,214.75,0.0733086071091066,,,,,,,False,low_r2;dates_missing_or_out_of_order
US-Jo1,2017,NDVI_tower,135,70,0,19,0.3689341057189388,double_logistic,0.3994255780813744,0.0178638179392166,0.6660917772892935,0.3768308332244454,0.4194378204798042,51.88887685139491,0.3185707433288451,283.33302188019053,0.6647863136513807,162.25,0.0426069872553587,,,,,,,False,low_r2
US-Jo1,2018,NDVI_tower,228,155,0,9,0.3689341057189388,double_logistic,0.7392464665575158,0.024132762643459,0.8615800272669595,0.3990744074645413,0.726805229232979,237.7266757926049,0.0180685736476609,265.3271809113672,0.0351846137842405,214.5,0.0830201204443699,,,,,,,False,low_r2
US-Jo1,2019,NDVI_tower,314,119,0,3,0.3689341057189388,double_logistic,0.8641767745843709,0.0151819714703565,0.9301715610112966,0.3864436236006807,0.5379615758498039,111.58386669566642,0.0481263967740928,245.9394695411643,0.0100000000000278,173.75,0.0947332453499925,,,,,,,False,dates_missing_or_out_of_order
US-Jo1,2020,NDVI_tower,333,165,1,3,0.3689341057189388,double_logistic,0.8306025872875531,0.028224314436147,0.9125331617025874,0.405517252635315,0.8866167907262034,171.2347727290918,0.0241051314472419,256.2365646600751,0.0155454488493109,230.75,0.1950352812683393,,,,,,,False,dates_missing_or_out_of_order
US-Jo1,2021,NDVI_tower,266,129,2,3,0.3689341057189388,double_logistic,0.7396585103851124,0.0130535339126877,0.8645017040434408,0.5015640983970827,0.554748547352875,188.56913155918883,0.9999999999999988,320.12788253516203,0.0379027351815165,196.5,0.0526791939718374,,,,,,,False,low_r2;dates_missing_or_out_of_order
US-Jo1,2022,NDVI_tower,269,73,1,9,0.3689341057189388,double_logistic,0.612683408066854,0.0181914849581532,0.7893135874180193,0.4848427346561795,0.5352860480482655,118.8485721571369,0.2275267193822501,306.76751923129336,0.2064154424684611,208.5,0.0504433132439876,,,,,,,False,low_r2
US-KFS,2010,NDVI_tower,250,151,18,3,0.537540678251855,double_logistic,0.6732789917312233,0.0110377342615693,0.8256021272013595,0.542336493746038,0.5914743814708928,97.10607457990648,0.0349885998553505,271.93247551607743,0.0464169486587557,193.0,0.0462525324690155,,,,,,,False,low_r2
US-KFS,2011,NDVI_tower,232,127,26,0,0.537540678251855,double_logistic,0.9001755796853428,0.0149913396118777,0.9520730392855408,0.540965920732602,0.6716576043108656,135.16406386756324,0.1255490852477891,190.9158784326861,0.2530985174642245,170.5,0.1284218212730932,117.75,135.0,151.5,199.75,191.25,183.0,True,
US-KFS,2012,NDVI_tower,331,145,5,0,0.537540678251855,double_logistic,0.9920459992833788,0.0045937523229233,0.9960158154329948,0.537458621486751,0.6676292728874068,90.62355766616692,0.2953772810216665,176.36516689842733,0.1186695071292508,117.5,0.1300039169667035,,,,,,,False,eos90_too_early
US-KFS,2013,NDVI_tower,286,137,21,0,0.537540678251855,double_logistic,0.852353468401109,0.0237798022538347,0.9233113634667778,0.535666841151891,0.6710555493769572,119.573912496965,0.1903209507378788,313.5427957706989,0.0491099650404701,165.0,0.1352730334483137,108.25,119.75,131.25,358.5,313.75,269.0,True,
US-KFS,2015,NDVI_tower,211,82,5,8,0.537540678251855,double_logistic,0.9504589050429054,0.027291111135706,0.9751016088800332,0.532500088195571,0.8353580444311888,112.588866994704,0.1110131646635958,303.9164377933152,0.0660313387686518,187.0,0.3026453406485931,93.0,112.75,132.5,337.25,304.0,270.75,True,
US-KFS,2016,NDVI_tower,117,23,8,12,0.537540678251855,double_logistic,0.9573101693887706,0.0200089252114091,0.9787312680342378,0.5448854522637656,0.755490618986081,116.97860052951584,0.152297971697539,265.0781458122302,0.4960941258025907,228.5,0.2106051550958128,102.75,117.0,131.5,269.75,265.25,260.75,True,
US-KFS,2017,NDVI_tower,30,0,11,26,0.537540678251855,double_logistic,-3.3070664380527528e+25,0.0006384570541484,1.8561787421052e-13,0.5388279132409295,0.6867697112935874,113.75967265327122,0.2195997624000414,221.8343890788533,0.0262041672681189,134.75,0.1327798588662209,,,,,,,False,few_autumn_obs;low_r2;eos90_too_early
US-KFS,2018,NDVI_tower,48,17,7,11,0.537540678251855,fit_failed,,,,,,,,,,,,,,,,,,False,fit_failed
US-MOz,2004,NDVI_tower,165,130,4,12,0.3123440494756582,double_logistic,0.9737285472847278,0.0165207863525525,0.9868131030584172,0.4391678137483029,0.7258637200583803,115.49919192910566,0.1361483998076415,280.9754657578831,0.0459880546039593,163.25,0.2849947716691225,99.5,115.5,131.5,329.0,281.25,234.5,True,
US-MOz,2005,NDVI_tower,318,143,0,0,0.3123440494756582,double_logistic,0.8929916171841592,0.0383172985006618,0.9467067754612486,0.4723966106389548,0.7247850366117528,113.98982116563518,0.1142630457021917,286.7753171555806,0.0582038205950797,176.25,0.2517781534943384,94.75,114.0,133.25,324.75,287.0,249.5,True,
US-MOz,2006,NDVI_tower,325,141,1,0,0.3123440494756582,double_logistic,0.9310250539352312,0.0326978187617199,0.9658263549745646,0.4739113032857945,0.7386326244004281,111.55616782278722,0.1316972354951511,292.31275258500045,0.0692729398293139,177.0,0.2645836584860999,95.0,111.75,128.25,324.25,292.5,260.75,True,
US-MOz,2007,NDVI_tower,314,139,1,0,0.3123440494756582,double_logistic,0.8881460642768578,0.0401619986766375,0.9425315628849226,0.3315266282785256,0.7911582015667893,101.70727306510123,0.0319172502978865,288.3803527397722,0.020771973133366,185.0,0.3814750313201567,,,,,,,False,dates_missing_or_out_of_order
US-MOz,2008,NDVI_tower,314,141,0,0,0.3123440494756582,double_logistic,0.9525211584076242,0.0248215482596938,0.9763799357688112,0.444328190501416,0.723903211827688,130.66549680996738,0.138972832765813,280.65038751601844,0.0354507120791589,169.25,0.2729843045410743,115.0,130.5,145.5,343.5,282.0,225.0,True,
US-MOz,2009,NDVI_tower,303,123,0,0,0.3123440494756582,double_logistic,0.9299422436789392,0.029761002386401,0.9652903759451498,0.4788219274190962,0.7119763235262766,128.02900295308507,0.2981309313124954,277.76584567346634,0.0766149010935946,162.25,0.2331123328069798,120.75,128.25,135.5,306.5,278.0,249.25,True,
US-MOz,2010,NDVI_tower,305,131,1,0,0.3123440494756582,double_logistic,0.9267751530553586,0.0367748145903189,0.9632257247823818,0.3163553799579484,0.7888365553810205,94.36557811270802,0.0359414863518035,314.71046519715213,0.0227937660937655,188.25,0.4317854910980029,,,,,,,False,dates_missing_or_out_of_order
US-MOz,2011,NDVI_tower,42,0,2,30,0.3123440494756582,double_logistic,0.7564893142406075,0.0560051147751189,0.8811585688891436,0.3213954300527311,0.5615602051548602,46.321379744968034,0.9999999993915658,321.72749726582805,0.0533179206670718,63.0,0.2401645162035444,,,,,,,False,few_autumn_obs;low_r2
US-MOz,2012,NDVI_tower,321,143,0,0,0.3123440494756582,double_logistic,0.9660624579547856,0.0249786220962372,0.9829299346923802,0.3397653919004078,0.6848929385479868,93.86677093795208,0.0882879663509201,265.72092130061634,0.0406649580429428,154.25,0.3397953659174029,69.0,93.75,117.5,320.25,266.5,215.5,True,
US-MOz,2013,NDVI_tower,306,138,4,0,0.3123440494756582,double_logistic,0.9583323992629248,0.0276310565048931,0.979138900130464,0.3350623026795496,0.653142028040357,118.68337566092292,0.0933281134940087,287.40491126015127,0.0570511434788653,186.0,0.3165121470102561,95.25,118.75,141.75,326.25,287.75,249.75,True,
US-MOz,2014,NDVI_tower,316,130,1,0,0.3123440494756582,double_logistic,0.9470312115751688,0.0289892200245771,0.9731707629352132,0.357377651224374,0.6435828348510724,123.63129296644082,0.1413746114606602,273.1735892388986,0.0628538304988273,173.75,0.2854138810880598,108.25,123.75,139.0,308.25,273.5,238.75,True,
US-MOz,2015,NDVI_tower,318,139,1,0,0.3123440494756582,double_logistic,0.9718817424216684,0.0208855502367105,0.9858806297343892,0.321094330459676,0.6168839099086856,113.84024459665646,0.1179604579643039,274.16503579276286,0.0571803607734244,170.25,0.2946338719849876,95.25,114.0,132.25,312.75,274.5,236.5,True,
US-MOz,2016,NDVI_tower,324,144,1,0,0.3123440494756582,double_logistic,0.9672860138343076,0.0238778953474156,0.9835889164177164,0.3325330112004264,0.6444159609703567,116.94686361038396,0.1852854382594361,275.82315296255854,0.0485207155269265,155.75,0.3107305880747015,105.25,117.0,128.75,321.25,276.0,231.5,True,
US-MOz,2017,NDVI_tower,324,147,0,0,0.3123440494756582,double_logistic,0.9692155109677286,0.0228273095092851,0.9845588712950272,0.3422350998140815,0.6506946515969854,114.45797652417782,0.159305927859048,269.9401349127777,0.0450334657201556,155.0,0.3062440343686021,100.75,114.5,128.0,319.0,270.5,222.75,True,
US-MOz,2018,NDVI_tower,309,131,0,0,0.3123440494756582,double_logistic,0.9724863305930403,0.021309407559065,0.986159537116954,0.3300527278148765,0.6329490050546279,125.42124964767932,0.203988171687899,273.21766679031373,0.0485767870252105,159.5,0.3014030061178848,114.75,125.5,136.25,318.75,273.5,229.0,True,
US-MOz,2019,NDVI_tower,316,144,0,0,0.3123440494756582,double_logistic,0.975166958668688,0.0199342870574044,0.9875320338042884,0.3141978152882441,0.6341761790657837,116.00413802961224,0.1096574189623706,272.74728681831624,0.0412076545796157,165.5,0.314771504805441,96.0,116.0,135.0,326.75,273.75,223.25,True,
US-MOz,2020,NDVI_tower,293,134,0,0,0.3123440494756582,double_logistic,0.9750975109845368,0.0208579700865343,0.9874882417931315,0.3180300637303995,0.6287294595068814,121.0372158453442,0.1366628006716756,275.4348746037431,0.0616854583513531,173.0,0.3098846624774044,105.0,121.25,137.0,311.25,275.75,240.25,True,
US-MOz,2021,NDVI_tower,319,147,0,0,0.3123440494756582,double_logistic,0.9516679676083734,0.0274772618991584,0.9757538528959014,0.3251866125498093,0.6232306260419359,119.31197424446547,0.1579754200017255,279.1752258311936,0.0479754367468023,162.25,0.2966191222324457,105.5,119.5,133.0,325.25,279.5,234.5,True,
US-MtB,2015,NDVI_tower,123,113,6,21,0.4047650705220638,double_logistic,0.3540803608213398,0.0145303246704177,0.5958445073827315,0.2092732691974897,0.6431462184538339,1.0000000000012406,0.0100728763544741,355.98846888988453,0.1181793242365474,308.25,0.4135447970902369,,,,,,,False,low_r2;dates_missing_or_out_of_order
US-MtB,2016,NDVI_tower,254,159,3,3,0.4047650705220638,double_logistic,0.1802973011162887,0.0340895104809583,0.4730332300050091,0.5759057755139957,0.6647783924138345,44.8536267984772,0.0594729161268837,120.0,0.01,97.0,0.0456977719721568,,,,,,,False,low_r2;amp_below_noise;dates_missing_or_out_of_order;eos90_too_early
US-MtB,2017,NDVI_tower,342,162,8,0,0.4047650705220638,double_logistic,0.4931013851230146,0.0368156995766443,0.7224950264755586,0.5041157127888373,0.6179494565526981,66.50016955341717,0.0781210321952505,365.9999999998258,0.01,125.5,0.103286536789923,,,,,,,False,low_r2;dates_missing_or_out_of_order
US-MtB,2018,NDVI_tower,326,137,8,0,0.4047650705220638,double_logistic,0.0897336131842991,0.0316997271908535,0.3280233634363838,0.5920833158413181,0.6438163135431056,93.70579651706706,0.0483252168845704,120.0000000000054,0.0138265602744429,145.75,0.0174397092471122,,,,,,,False,low_r2;amp_below_noise;eos90_too_early
US-MtB,2019,NDVI_tower,263,116,4,3,0.4047650705220638,double_logistic,0.4653234174696742,0.0436579242936993,0.6866871397875516,0.5040402770938335,0.6155099935919759,83.28503742558597,0.5838086500860304,365.9999999856457,0.0274113764268528,101.0,0.1113881156763672,,,,,,,False,low_r2;dates_missing_or_out_of_order
US-MtB,2020,NDVI_tower,323,143,7,0,0.4047650705220638,double_logistic,0.3085636667876309,0.0405511921614988,0.5780674620506672,0.553202146064214,0.657280428478442,26.82840589918348,0.3133662559661365,120.0,0.01,42.75,0.0704919103997367,,,,,,,False,low_r2;amp_below_noise;dates_missing_or_out_of_order;eos90_too_early
US-MtB,2021,NDVI_tower,336,156,9,0,0.4047650705220638,double_logistic,0.2590595489229735,0.0393652272439269,0.5367983808278691,0.5635109573809347,0.627941187508708,106.9325517801699,0.0849842928806084,173.27580828883964,0.3292930419179424,156.25,0.0632342068586092,,,,,,,False,low_r2;amp_below_noise;eos90_too_early
US-MtB,2022,NDVI_tower,330,139,11,0,0.4047650705220638,double_logistic,0.7314164200814186,0.0271447632711793,0.8557258548814696,0.3972827799993214,0.5877005275984589,33.49400099994974,0.123914801443081,344.82846454318934,0.0125646306812932,79.5,0.1832269505961104,,,,,,,False,low_r2;dates_missing_or_out_of_order
US-MtB,2023,NDVI_tower,324,155,7,0,0.4047650705220638,double_logistic,0.6962960659017184,0.0323565388282052,0.8367455707453784,0.4205094289416387,0.5978908837698172,87.06021801662251,0.1058563299868428,366.0,0.01,133.0,0.1602931373464306,,,,,,,False,low_r2;dates_missing_or_out_of_order
US-MtB,2024,NDVI_tower,166,10,21,14,0.4047650705220638,double_logistic,0.4537944678826781,0.0496803116250801,0.7341286567893514,0.4470229753744935,0.598422830894409,100.68728298937918,1.0,273.79223155275866,0.0132024975204406,107.5,0.1360696715266849,,,,,,,False,low_r2;dates_missing_or_out_of_order;eos90_too_early
US-NGB,2013,NDVI_tower,81,44,59,0,0.2786984929947342,double_logistic,0.8233077678183758,0.0236982321606469,0.9116739787431296,0.2833795321749375,0.4065796894923061,186.5566318022844,0.924746019706864,247.2211971830285,0.2592855051806796,201.0,0.1231991935442864,184.25,186.75,189.0,255.75,247.25,238.75,True,
US-NGB,2014,NDVI_tower,69,41,131,0,0.2786984929947342,double_logistic,0.8173158642196905,0.0251690761326858,0.9049232340708654,0.2763829147745061,0.4437618626206263,196.39632760858908,0.1280390297874248,246.04477454038528,0.2389474339190492,227.0,0.1623686492878271,179.0,196.0,211.5,255.5,246.5,238.0,True,
US-NGB,2015,NDVI_tower,82,39,67,0,0.2786984929947342,double_logistic,0.9163821909571308,0.023428316490159,0.9577090473649944,0.2784773281774946,0.5945626382363979,170.65245034466403,0.1457858808253928,243.44717542928743,0.0762884879581704,198.75,0.3008021910224545,155.5,170.25,183.5,273.0,244.75,220.0,True,
US-NGB,2016,NDVI_tower,88,34,106,0,0.2786984929947342,double_logistic,0.8702664649737798,0.0352751135012225,0.9332313649580688,0.2833576237071089,0.7762373346419192,176.17685980219824,0.0960390106264877,213.07806840680377,0.0385915486460185,198.5,0.2622851068331478,159.5,174.0,187.75,287.75,239.25,212.25,True,
US-NGB,2017,NDVI_tower,59,33,93,3,0.2786984929947342,double_logistic,0.9142666089680872,0.0204937632910341,0.9563843936718428,0.2750908309492855,0.5423345844084991,180.5842228062484,0.1795250345605086,250.4747087767404,0.0876979844783888,206.25,0.2591887327616849,168.25,180.5,191.75,276.0,251.25,228.5,True,
US-NGB,2018,NDVI_tower,64,41,102,0,0.2786984929947342,double_logistic,0.6562206013595058,0.0352729385774492,0.8338746727420846,0.2771043380420842,0.7493122435321743,222.20390936319544,0.0545698527918829,252.81679407704544,0.0765872192193794,234.5,0.2192740205324117,,,,,,,False,low_r2
US-NGB,2022,NDVI_tower,77,47,45,0,0.2786984929947342,double_logistic,0.8601713707307044,0.0509833915701265,0.929860920132852,0.3258065225392719,1.234952267103078,234.4448628570264,0.2450403086343449,243.56247662149408,0.1857816364925315,239.75,0.4144369401236386,224.0,231.5,236.5,259.75,249.5,243.5,True,
US-NGB,2023,NDVI_tower,80,44,71,0,0.2786984929947342,double_logistic,0.9375284043017074,0.0200439659442672,0.9684910816007112,0.2636485249766254,0.7777603586697304,198.3803358763377,0.0574212451108899,244.89281755104167,0.0608268609380933,221.5,0.3065295126406662,151.5,185.75,207.75,288.75,256.5,235.25,True,
US-Prr,2011,NDVI_tower,160,79,91,0,0.4085136790160952,double_logistic,0.812726437388495,0.0179687810857871,0.9017072399527848,0.3999908403065726,0.5978263060263268,126.35601237303705,0.0849699069137356,278.2791284630304,0.0568034678167639,190.0,0.19564777497203,100.5,126.25,151.25,317.25,278.75,241.5,True,
US-Prr,2012,NDVI_tower,152,67,75,0,0.4085136790160952,double_logistic,0.8360288538244791,0.0190642720970936,0.9143789043146064,0.3853403370444644,0.5993164892661349,122.67094135935888,0.0480988137375784,268.7807878331002,0.0499025634437362,196.75,0.2023555339595672,75.75,120.5,159.75,314.25,271.0,233.25,True,
US-Prr,2013,NDVI_tower,95,70,107,4,0.4085136790160952,double_logistic,0.9351516468184936,0.0130749125647778,0.9670711610227074,0.4078784657865626,0.5728523727172459,139.6207996935697,0.7041613661054265,269.38999006643616,0.0627780277298167,153.5,0.1648503617911733,136.75,139.75,142.75,304.5,269.5,234.75,True,
US-Prr,2014,NDVI_tower,154,68,103,0,0.4085136790160952,double_logistic,0.8888767709289191,0.0140523359497494,0.9428425548909046,0.3993179960414718,0.5682663970041827,124.2344762832308,0.0612352443584054,256.08251767224584,0.0762270165867605,195.75,0.1651738729671735,88.0,123.75,157.0,285.25,256.75,230.0,True,
US-Prr,2015,NDVI_tower,144,58,95,0,0.4085136790160952,double_logistic,0.8434916137736196,0.0157604110835682,0.9187723755749678,0.4012688830397576,0.5673307976965085,121.66490447500276,0.102294000114949,254.8803719968329,0.0680947069900555,177.25,0.1646641757804722,100.25,121.75,142.5,287.5,255.25,224.0,True,
US-Prr,2016,NDVI_tower,173,78,72,0,0.4085136790160952,double_logistic,0.9115192933345152,0.0159992527615667,0.9550596361445228,0.3932341990466645,0.5883185235327452,123.89536845579951,0.0548208121507103,252.34169237499623,0.0565335057947009,188.75,0.1844518440152475,82.75,122.0,156.5,292.5,254.25,221.0,True,
US-Prr,2017,NDVI_tower,150,64,80,0,0.4085136790160952,double_logistic,0.8651593954764112,0.0173917812254852,0.9308110581660576,0.4006471282295085,0.5800879168142732,128.18397505563038,0.0930360596950287,261.6058877232291,0.0884088674055039,193.5,0.1785953812303864,104.75,128.25,151.5,286.75,261.75,237.5,True,
US-Prr,2018,NDVI_tower,149,70,84,0,0.4085136790160952,double_logistic,0.9679611629387616,0.0124219495505912,0.9838594963428864,0.4067928798607069,0.7938410080379091,203.76646881378937,0.0545907075369954,252.46125633570676,0.0363571564396762,232.0,0.1941057581666364,160.0,192.75,216.25,333.0,280.5,249.5,True,
US-Prr,2019,NDVI_tower,153,61,78,0,0.4085136790160952,double_logistic,0.8862986079667697,0.0161869029361758,0.9421373918327696,0.4076362425120279,0.5304994749414005,113.09106519306204,0.5569506957993781,239.4401452813462,0.1377397639786642,140.25,0.1228630561134933,109.25,113.25,117.25,255.5,239.5,223.5,True,
US-Prr,2020,NDVI_tower,140,71,95,0,0.4085136790160952,double_logistic,0.8046569565228081,0.0143526359270159,0.8972653014175762,0.4034939035446944,0.5816869674271385,153.55468543041593,0.0514929960509472,226.51453857168715,0.0336702429388138,190.0,0.1142132057648612,106.5,144.0,171.0,306.0,248.0,211.5,True,
US-Prr,2021,NDVI_tower,144,60,83,0,0.4085136790160952,double_logistic,0.912564101924798,0.0153552063630457,0.95585595000577,0.4059059355802448,0.5830368348196817,157.1985669469234,0.0683830787588383,245.51130811998647,0.0526244483472693,198.0,0.1534484612808275,123.25,153.75,178.25,290.25,250.5,220.0,True,
US-Prr,2022,NDVI_tower,139,62,90,0,0.4085136790160952,double_logistic,0.881251660887991,0.0132585327998201,0.939003109064478,0.4079420731322089,0.5203165035196234,130.28279464436858,0.9269310018373976,270.0600407249802,0.1244149401527224,148.75,0.1123743949226122,128.0,130.5,132.75,287.75,270.25,252.5,True,
US-Rpf,2013,NDVI_tower,121,67,75,0,0.4799181824737986,double_logistic,0.7269659460482831,0.0331799357548956,0.8597244894557833,0.4795420639400894,0.693811753365292,150.22635886264578,0.3419347933434773,266.3400350639435,0.0499055680095847,170.0,0.2122865770205388,,,,,,,False,low_r2
US-Rpf,2014,NDVI_tower,142,63,110,0,0.4799181824737986,double_logistic,0.553495733179389,0.0428462341426136,0.7572217004275777,0.4734299172062287,0.681331063776783,136.73305582231808,0.0713070066522195,265.57929847594534,0.1897726254927046,226.75,0.207431672465805,,,,,,,False,low_r2
US-Rpf,2015,NDVI_tower,124,43,92,0,0.4799181824737986,double_logistic,0.6679073978374956,0.0454592449986654,0.8234861100755828,0.4724752083608856,0.7731387249311934,124.4525572280323,0.1578264344323232,269.63880398799694,0.2762591027314455,215.5,0.3006632477482909,,,,,,,False,low_r2
US-Rpf,2016,NDVI_tower,163,87,80,0,0.4799181824737986,double_logistic,0.7977520844207006,0.0280197481863413,0.8932491321530771,0.4717192813815927,0.7707845944919439,121.31360593982606,0.1963130133757158,291.462902236601,0.1836014527698965,203.75,0.2990652547681712,,,,,,,False,low_r2
US-Rpf,2017,NDVI_tower,142,63,91,0,0.4799181824737986,double_logistic,0.8822467328581496,0.0228928906902973,0.9395710209139564,0.4764583451287437,0.797370480242447,125.6456031291708,0.6269800376840523,280.44058477605324,0.1420867672986232,156.25,0.3209121266597719,122.25,125.75,129.25,296.0,280.5,265.0,True,
US-Rpf,2018,NDVI_tower,133,66,78,0,0.4799181824737986,double_logistic,0.9174142010625066,0.0267661501661385,0.9584876276289714,0.4749388508663832,0.8334527085231318,135.64326476979437,0.6167130057907512,277.5199386400309,0.1094961299106205,159.5,0.3585128360348091,132.25,135.75,139.25,297.75,277.75,257.5,True,
US-Rpf,2019,NDVI_tower,106,48,86,4,0.4799181824737986,double_logistic,0.922587818158837,0.0291637760141703,0.9606458578227428,0.4737795908137217,0.8523303121735757,127.4661258252518,0.3936751637470871,278.3958118019366,0.122585618213264,165.5,0.3785502327770795,122.0,127.5,133.25,296.5,278.5,260.5,True,
US-Rpf,2021,NDVI_tower,89,7,34,7,0.4799181824737986,double_logistic,0.6945825434788447,0.0631118998393025,0.8350040166650765,0.4394594668212824,0.8198110660521583,131.57196460437055,0.096822045050026,275.89759842995187,0.150847448045691,217.75,0.3802021750583785,,,,,,,False,low_r2
US-Rpf,2022,NDVI_tower,150,73,91,0,0.4799181824737986,double_logistic,0.9673545745011504,0.0244786436176325,0.9835468067325108,0.4755985966146157,0.8820922453711126,138.8724251598907,0.3980580172468552,277.7320611518508,0.1535348884735239,179.25,0.4064934959772794,133.5,139.0,144.5,292.25,277.75,263.5,True,
US-Rpf,2023,NDVI_tower,109,52,90,0,0.4799181824737986,double_logistic,0.9718269074401428,0.0218922296821806,0.98611634078158,0.4739467681072976,0.927460861257333,136.98429297395697,0.3953989493978906,279.1740625042703,0.099121859343434,168.25,0.453504541505094,131.5,137.0,142.75,301.5,279.25,257.25,True,
US-Rpf,2024,NDVI_tower,140,54,81,0,0.4799181824737986,double_logistic,0.9585607055873052,0.0249780020541964,0.979258586547766,0.4699019982183818,0.8808996500506868,130.24772069162978,0.1680792779267442,265.9519374161239,0.087733933631066,179.25,0.4106846103508364,117.25,130.25,143.5,291.25,266.0,241.0,True,
US-SRG,2009,NDVI_tower,252,159,1,10,0.1793513023433537,double_logistic,0.8194356367306637,0.0244148966327311,0.9054133273010062,0.2518892815472452,0.4541067436018184,189.95768670022187,0.3326327820491696,228.67754172613655,0.056087046063233,201.0,0.1618716400174433,185.0,190.0,195.5,272.25,236.0,211.75,True,
US-SRG,2010,NDVI_tower,343,151,0,0,0.1793513023433537,double_logistic,0.802086993392892,0.0395626354022623,0.8957005659475716,0.1876434928413781,0.8080706445777285,231.70253837688733,0.021502860081883,289.54198594363817,0.0322844244532227,247.25,0.235415098649659,83.0,170.25,220.0,357.5,308.75,272.25,True,
US-SRG,2011,NDVI_tower,355,161,1,0,0.1793513023433537,double_logistic,0.8956543046732252,0.0243761411242315,0.9465171413285705,0.208081440188048,0.6949884346553822,231.69457983984535,0.0358400224524451,285.0004869901718,0.0296299053367357,262.75,0.200504205903811,,,,,,,False,dates_missing_or_out_of_order
US-SRG,2012,NDVI_tower,212,76,3,11,0.1793513023433537,double_logistic,0.8601657160312632,0.0245811451358046,0.9276908589800844,0.2055756696848931,0.5554939249982718,220.7027776209873,0.0220254286983595,303.5620173831932,0.0657585149445052,264.75,0.2284524388399048,100.0,188.0,239.75,330.25,306.25,283.75,True,
US-SRG,2013,NDVI_tower,163,49,18,14,0.1793513023433537,double_logistic,0.8206983753009564,0.0087700545679747,0.906311135446678,0.1914853980124302,0.3143820384804289,220.78947540423383,0.9999999521343326,289.9617077946939,0.0868968136289738,228.5,0.1222554959226714,218.75,221.0,223.0,315.5,290.25,265.5,True,
US-SRG,2014,NDVI_tower,338,159,0,0,0.1793513023433537,double_logistic,0.7511428088576491,0.0456308314578653,0.8677443404708803,0.226222699358618,0.4871315728704231,206.51547309113425,0.2258325130850877,288.7854622780012,0.030658099172703,225.0,0.2246160214166741,,,,,,,False,low_r2
US-SRG,2015,NDVI_tower,345,163,0,0,0.1793513023433537,double_logistic,0.6433635492478145,0.0414843479972898,0.8044070945254784,0.2449708792259745,0.3928166753838732,187.74033415861592,0.6374637503790478,288.2521712631511,0.0696191492186676,200.75,0.1474752465547908,,,,,,,False,low_r2
US-SRG,2016,NDVI_tower,339,151,1,0,0.1793513023433537,double_logistic,0.9121104317193462,0.020738219181448,0.9554211753249316,0.1970444851388144,0.5063917090393264,195.9155720804125,0.0905001409672899,252.243731569824,0.0388538518604357,222.25,0.2096910312782645,173.25,193.0,209.25,319.75,269.5,238.5,True,
US-SRG,2017,NDVI_tower,353,164,0,0,0.1793513023433537,double_logistic,0.5961663511142337,0.0427302155037096,0.7775600180689123,0.2311831895582257,0.3801630249740971,119.2751004993672,0.9999999952654404,318.63563279432395,0.01,126.0,0.1298577327817637,,,,,,,False,low_r2;dates_missing_or_out_of_order
US-SRG,2018,NDVI_tower,347,161,1,0,0.1793513023433537,double_logistic,0.6113448063185902,0.0334514711919123,0.7832067444956923,0.278732691729524,0.6708678879696508,199.6401788342219,0.1135613537922643,216.8222944618051,0.0773504647937608,211.5,0.1549325872839933,,,,,,,False,low_r2
US-SRG,2019,NDVI_tower,316,149,3,0,0.1793513023433537,double_logistic,0.6452784536944131,0.0420100418377895,0.8041688911152794,0.1871537467637453,0.3842687550049059,210.7485881060709,0.0251374607311768,317.56222746451954,0.0927854808229124,281.75,0.1619285130558661,,,,,,,False,low_r2
US-SRG,2020,NDVI_tower,358,165,0,0,0.1793513023433537,double_logistic,0.3940599279295825,0.0208338915384123,0.6291111964003815,0.2108221641130776,0.2533448152087436,150.31462899515518,0.9999973085645988,311.08394963197645,0.0342604193661653,159.0,0.0422845864209113,,,,,,,False,low_r2;dates_missing_or_out_of_order
US-SRG,2021,NDVI_tower,338,154,2,0,0.1793513023433537,double_logistic,0.910764099205842,0.0245445906231575,0.9544619730697994,0.2270677661529499,0.6128270144193985,197.16570831453723,0.322476285131872,228.283379575804,0.0658295263856266,207.5,0.2941846027549968,192.25,197.25,202.5,266.25,235.75,216.25,True,
US-SRG,2022,NDVI_tower,361,163,1,0,0.1793513023433537,double_logistic,0.8716006028454086,0.0228866970879956,0.9340090620069504,0.2015108294480696,0.4112942932238427,200.30670633171783,0.1165914826590094,280.1604233784562,0.0373211802825497,228.25,0.1755928231633124,182.5,199.25,214.0,344.5,289.0,250.0,True,
US-SRG,2023,NDVI_tower,332,144,1,0,0.1793513023433537,double_logistic,0.7487990394142547,0.0263073376393442,0.8657414597516639,0.172093717836389,0.5034331393854757,239.99999999999997,0.0153825282436789,319.8697978274723,0.0329419097146744,262.25,0.1505661783828634,,,,,,,False,low_r2;dates_missing_or_out_of_order
US-SRG,2024,NDVI_tower,349,166,0,0,0.1793513023433537,double_logistic,0.7731727571836053,0.0313883418904668,0.8806074989833554,0.1913007239059749,0.5894293541059674,207.54302145643013,0.0207518671291532,278.2867618033139,0.032808527885321,232.25,0.1769933286371264,,,,,,,False,low_r2
US-SRG,2025,NDVI_tower,87,87,0,25,0.1793513023433537,double_logistic,0.6791127027889405,0.0254314664258812,0.8327179449930502,0.25224086250545,0.3824110281463702,239.95980377951503,0.0424373902209366,309.9780950776616,0.1244684521208606,284.5,0.1078474915560884,,,,,,,False,low_r2
US-SRM,2004,NDVI_tower,357,165,0,0,0.2397633230499517,double_logistic,0.6991428713185595,0.0213112291356826,0.83818173506619,0.26278990911425,0.5586667180318419,226.9087970975836,0.0243645058749726,275.37277905069783,0.0275311007981484,245.0,0.0905705820562548,,,,,,,False,low_r2;dates_missing_or_out_of_order
US-SRM,2005,NDVI_tower,358,163,0,0,0.2397633230499517,double_logistic,0.9129040423915696,0.0141726978703044,0.9555838434253506,0.264968128891245,0.435326431503289,223.60402481020645,0.1730523054771346,292.3818574875989,0.033086462563253,244.25,0.1369101394647262,,,,,,,False,dates_missing_or_out_of_order
US-SRM,2006,NDVI_tower,349,152,0,0,0.2397633230499517,double_logistic,0.919119929285429,0.0141570882798892,0.9589891597968264,0.2668029679240912,0.4971474328215891,221.31972573885565,0.0842863337684401,273.31536886787995,0.0303880874086315,249.25,0.1355239418406025,201.75,219.25,236.0,364.75,302.0,266.75,True,
US-SRM,2007,NDVI_tower,341,152,1,0,0.2397633230499517,double_logistic,0.8503462301068176,0.0180863185580546,0.9232083506141138,0.3103746181370528,0.5255249488914355,208.03430821956232,0.3250263342747325,247.81897193732172,0.04853986017633,219.25,0.1666605384032518,203.5,208.25,213.75,299.0,257.5,230.75,True,
US-SRM,2008,NDVI_tower,348,164,0,0,0.2397633230499517,double_logistic,0.970452616492214,0.0134387795509593,0.985121722276227,0.2987405998432209,0.5133671990837217,193.2157716937684,0.3808612269488411,279.9878275981748,0.05528672317161,208.75,0.2099492728889511,187.75,193.25,198.75,320.25,281.0,244.0,True,
US-SRM,2009,NDVI_tower,59,0,0,30,0.2397633230499517,double_logistic,-0.0047618281299457,0.0072737994791811,-0.0317427014671543,0.2555766001254917,0.3636824591373864,184.2578957690903,0.0617011080506061,298.16744569547546,0.0648960494918186,242.25,0.1023731382672027,,,,,,,False,few_autumn_obs;low_r2
US-SRM,2012,NDVI_tower,366,166,0,0,0.2397633230499517,double_logistic,0.5091135806762705,0.0243171872233694,0.714154944819411,0.278111560940648,0.3283292806343409,201.0680897028338,0.3938502527421712,366.0,0.9999999999998488,290.5,0.0502177196936929,,,,,,,False,low_r2;dates_missing_or_out_of_order
US-SRM,2013,NDVI_tower,255,160,1,8,0.2397633230499517,double_logistic,0.6324147843716734,0.0258535746927143,0.7992505144665242,0.2692518910119726,0.3696058645065461,194.8416041475445,0.223895888790321,269.1440751155548,0.0715645724761799,216.75,0.0973091588979906,,,,,,,False,low_r2
US-SRM,2014,NDVI_tower,283,95,0,3,0.2397633230499517,double_logistic,0.535335961380187,0.0304523397741239,0.7421441358137864,0.2659704883685274,0.3457509947094276,81.38421555162321,0.2948577118786396,287.1741734587677,0.477420869829637,202.25,0.0797805063409001,,,,,,,False,low_r2
US-SRM,2015,NDVI_tower,274,138,0,5,0.2397633230499517,double_logistic,0.7606627600208591,0.0255553714790098,0.8739720259053705,0.2464815907645161,0.3502090700378455,86.03125682973116,0.2793979227195851,310.07248911785314,0.1188698006716727,155.0,0.1037274778054298,,,,,,,False,low_r2
US-SRM,2016,NDVI_tower,319,158,0,0,0.2397633230499517,double_logistic,0.8636275349998713,0.0248220524236326,0.9295825542889332,0.25717658195875,0.4690130624167636,162.87205429209104,0.0203399848121796,287.5560864721963,0.098056666368607,250.75,0.1758771904394619,45.0,146.25,216.5,306.75,288.25,270.0,True,
US-SRM,2017,NDVI_tower,355,162,0,0,0.2397633230499517,double_logistic,0.7970941777920073,0.0108548420287653,0.8949189157312052,0.2414850518677075,0.3578552431409785,208.0210165272759,0.8686924592837635,233.9197460596684,0.104989967109099,213.25,0.1032200999160109,,,,,,,False,low_r2
US-SRM,2018,NDVI_tower,347,161,0,0,0.2397633230499517,double_logistic,0.8919839820026199,0.0225012413702355,0.9446542162626492,0.240916429371028,0.7202199747359351,206.1139890686345,0.0252132609819263,274.99598159469207,0.0218754081002979,246.0,0.1848351835953498,,,,,,,False,dates_missing_or_out_of_order
US-SRM,2019,NDVI_tower,320,132,1,0,0.2397633230499517,double_logistic,0.812120569841583,0.0262995990488638,0.901203282396079,0.240643319286804,0.3632737771463971,102.3256328566843,0.2728912587263925,366.0,1.0,237.0,0.122630457859593,,,,,,,False,dates_missing_or_out_of_order
US-SRM,2020,NDVI_tower,240,60,0,12,0.2397633230499517,double_logistic,0.7365093260528964,0.012468204914796,0.859255874136959,0.2948289465770083,0.3633447118956773,1.0000000000000004,0.01,259.4305374846918,0.3326268409473931,241.25,0.0626685726148073,,,,,,,False,low_r2;dates_missing_or_out_of_order
US-SRM,2021,NDVI_tower,343,145,1,0,0.2397633230499517,double_logistic,0.926164692065015,0.0244617511367132,0.9624341124812362,0.3608838537090769,0.6082257262140315,203.5586099000229,0.3656139181334728,272.23450354688293,0.0856406451887574,219.75,0.2439478307204217,197.75,203.75,209.5,298.25,272.75,248.25,True,
US-SRM,2022,NDVI_tower,362,163,0,0,0.2397633230499517,double_logistic,0.7943442814818661,0.0434146575396547,0.8916208549855528,0.3134372096808701,0.6486148184135382,200.0413605394987,0.0919556080265833,277.3188947664142,0.0221423958618686,232.0,0.2284136151679063,,,,,,,False,low_r2;dates_missing_or_out_of_order
US-SRM,2023,NDVI_tower,92,0,0,26,0.2397633230499517,double_logistic,0.8983980776667744,0.0119766268259861,0.9484064492153952,0.4113212525467334,0.283039336516507,22.401690380200595,0.2236629016676264,143.05554967392996,0.0218747066822023,1.0,0.0044297864609507,,,,,,,False,few_autumn_obs;amp_below_noise;dates_missing_or_out_of_order;eos90_too_early
US-SRM,2024,NDVI_tower,295,166,1,4,0.2397633230499517,double_logistic,0.8183611575260855,0.0249518105726259,0.9053600836417776,0.2504055098144456,0.6338743600642279,226.16419134419985,0.0155911535460617,289.3136900530568,0.0324592637700963,233.25,0.1488362961202701,20.75,138.0,201.0,332.25,296.25,260.5,True,
US-SRM,2025,NDVI_tower,337,158,0,0,0.2397633230499517,double_logistic,0.5835287855803555,0.0261985830951836,0.7713872737867238,0.2839716971459159,0.4325671389922372,240.0,0.0173018314054347,300.2276433504874,0.1154555356409906,271.75,0.0888589278687826,,,,,,,False,low_r2
US-Ton,2014,NDVI_tower,300,127,0,0,,double_logistic,0.9511254229408852,0.014281753993869,0.975263974412397,0.4662218914184696,0.7783622244834778,73.116658979496,0.0770336081574784,137.099595248797,0.0184894099480044,109.0,0.1772186003074027,,,,,,,False,eos90_too_early
US-Ton,2015,NDVI_tower,314,138,0,0,,double_logistic,0.9067006869672822,0.0286705503150243,0.9524511380958552,0.490826920191303,1.0467923425226484,51.77192838538131,0.0248432360109159,120.00000000000388,0.0284260413202552,82.25,0.2367982574610161,,,,,,,False,dates_missing_or_out_of_order;eos90_too_early
US-Ton,2016,NDVI_tower,301,134,0,0,,double_logistic,0.8946135466637302,0.0191142316165964,0.9458999807457734,0.4945869901992566,0.8700577324164065,77.55977211969345,0.0518364235471896,124.89430022477931,0.0261885060243572,112.0,0.1651967610585542,,,,,,,False,eos90_too_early
US-Ton,2017,NDVI_tower,294,141,0,0,,double_logistic,0.9257254490557214,0.0231607533906125,0.962488491960249,0.3833144491870655,0.9844774562565228,48.16008289198762,0.0235999005808634,144.2845936964747,0.0144849178854457,113.25,0.2605606739826471,,,,,,,False,dates_missing_or_out_of_order;eos90_too_early
US-Ton,2018,NDVI_tower,313,143,0,0,,double_logistic,0.9309001305146196,0.0176028427553134,0.9649356599768504,0.4594780868202983,0.9214747071546792,70.93202611865053,0.0419456578659473,122.390182764467,0.0192112377033858,116.0,0.1845464615081968,,,,,,,False,eos90_too_early
US-Ton,2019,NDVI_tower,301,147,0,0,,double_logistic,0.9158684415053274,0.0175333393879008,0.9570755531200408,0.469040158756166,0.8873489121500313,71.70852054756195,0.0325852252346645,141.59099750251406,0.017650741996101,123.5,0.1769745368219955,,,,,,,False,eos90_too_early
US-Ton,2020,NDVI_tower,321,145,0,0,,double_logistic,0.942537136622519,0.0145817178172894,0.9710916691888036,0.441407385966333,0.8042551145984421,67.38321175515483,0.0355447248784767,146.25983981896047,0.0178149163636644,119.25,0.1746744737409615,,,,,,,False,eos90_too_early
US-Ton,2021,NDVI_tower,291,98,0,5,,double_logistic,0.9090152915309336,0.017535460923472,0.9534310065205364,0.4463964835062483,0.7119501224262896,70.4300857293004,0.0460542279013242,160.3596890742179,0.0186777772495337,119.0,0.1560321892762325,,,,,,,False,eos90_too_early
US-Ton,2022,NDVI_tower,348,152,0,0,,double_logistic,0.9569993186802512,0.0172490049103931,0.9782932132573688,0.1875258575957959,0.7281687765640553,3.049165986042229,0.0255300186431307,257.77958629503064,0.01,109.0,0.407138691668361,,,,,,,False,dates_missing_or_out_of_order;eos90_too_early
US-Ton,2023,NDVI_tower,352,164,0,0,,double_logistic,0.918585359908924,0.0178421471486991,0.9586343805146011,0.3793155351136939,0.5759699373032883,89.22416417774498,0.0764470779345702,241.05442409639207,0.0196596032611161,136.25,0.169175596598313,,,,,,,False,eos90_too_early
US-Ton,2024,NDVI_tower,317,154,0,0,,double_logistic,0.9319589601618374,0.0163253009272613,0.9654979400226488,0.3356444489502382,0.6004188337920514,61.62994330609124,0.041520421064431,246.98080697721076,0.0154638242111562,133.0,0.2129901844570411,,,,,,,False,dates_missing_or_out_of_order
US-Ton,2025,NDVI_tower,326,132,0,0,,double_logistic,0.9332525674901392,0.0157751731681364,0.9661813384331842,0.4273099114912322,0.7972836033389622,81.84336956909186,0.0604497428651812,120.0,0.0195983483312799,120.25,0.1514787317848395,,,,,,,False,eos90_too_early
US-Var,2003,NDVI_tower,307,134,0,0,,double_logistic,0.979801971213711,0.0228125060638234,0.9899015580244152,0.3153981726256122,0.7800107024034497,21.694051945323157,0.0318309353147426,143.51459134787524,0.0546097547171436,91.25,0.3935433404033232,,,,,,,False,dates_missing_or_out_of_order;eos90_too_early
US-Var,2004,NDVI_tower,295,130,0,0,,double_logistic,0.4721404400532993,0.0631214618936738,0.6890919454524851,0.5599433347218294,0.324640419701504,183.6115988896563,0.0102300939547462,313.1654840360086,0.4657083579795354,325.25,0.0439019047585811,,,,,,,False,low_r2;amp_below_noise;dates_missing_or_out_of_order
US-Var,2005,NDVI_tower,294,145,0,4,,double_logistic,0.9695755271030282,0.0310043886783519,0.9847118305240624,0.3346688097394317,0.766008599845721,26.02524626498287,0.312730541843886,140.34018964235062,0.0662474099773685,50.0,0.4300179599512315,,,,,,,False,eos90_too_early
US-Var,2006,NDVI_tower,308,123,0,0,,double_logistic,0.941641513260736,0.0334407503348392,0.9704032439395832,0.3419388220422502,0.7979701788756617,46.435188369010746,0.0335202938831245,136.8039733919012,0.0737083958621674,99.5,0.3627427878400123,,,,,,,False,dates_missing_or_out_of_order;eos90_too_early
US-Var,2007,NDVI_tower,341,154,0,0,,double_logistic,0.9608479415151768,0.0250558733015279,0.9802537177509998,0.3528996738745087,0.750519874686548,53.7839424443717,0.0538955517744144,137.97844491792358,0.0746966689877804,99.75,0.3451915923571451,,,,,,,False,eos90_too_early
US-Var,2008,NDVI_tower,276,156,0,6,,double_logistic,0.8632798544650224,0.0262864888547103,0.92984191813802,0.3374676942540721,0.6642204243145101,37.06828469321524,0.0788883939419349,120.00000000000168,0.0349107480231405,71.5,0.255723298620348,,,,,,,False,eos90_too_early
US-Var,2009,NDVI_tower,336,149,0,0,,double_logistic,0.9696902346840572,0.0224740075960773,0.984761428765328,0.3256615634080904,0.7670118177607217,40.21558248597326,0.0378501468236352,133.57351439930503,0.0533564937837728,90.0,0.3438253011133271,,,,,,,False,dates_missing_or_out_of_order;eos90_too_early
US-Var,2010,NDVI_tower,292,123,0,0,,double_logistic,0.975888318116259,0.0238504561241693,0.9878999417344854,0.3002581364800914,0.6771961588596555,13.585634972141156,0.0465835209803586,154.10049658938752,0.0696250673384462,94.25,0.3625889652814537,,,,,,,False,dates_missing_or_out_of_order;eos90_too_early
US-Var,2011,NDVI_tower,317,143,0,0,,double_logistic,0.8099788074889452,0.0470695810649186,0.9013901444992378,0.4192151244843936,1.0158672775738375,147.3917683700234,0.0176852388946197,160.17185875535756,0.0525628107084393,115.0,0.1643353919634154,,,,,,,False,dates_missing_or_out_of_order;eos90_too_early
US-Var,2012,NDVI_tower,295,135,0,0,,double_logistic,0.8550629380239487,0.0466393668516358,0.9261744105963846,0.3237106031012185,0.7534690717034105,53.88397192355889,0.0282569626356453,143.27241889011506,0.0734846119144768,106.25,0.3235041459514242,,,,,,,False,dates_missing_or_out_of_order;eos90_too_early
US-Var,2013,NDVI_tower,338,155,0,0,,double_logistic,0.9506909868691816,0.0248923796956339,0.9750466610045352,0.2867799763960074,0.734868866780567,12.805347423851185,0.0340918862891665,120.0,0.024973233696113,66.25,0.2929063846364587,,,,,,,False,dates_missing_or_out_of_order;eos90_too_early
US-Var,2014,NDVI_tower,300,128,0,0,,double_logistic,0.8899024003275938,0.0425637377419204,0.9442532909635398,0.2848386280168229,0.9085407587927652,69.01958256204097,0.0743508841660291,120.00000000000516,0.0418857935476318,95.25,0.3827547955881504,,,,,,,False,eos90_too_early
US-Var,2015,NDVI_tower,315,138,0,0,,double_logistic,0.9159498265836674,0.0305354137335063,0.9573840308989048,0.3151468708210054,0.726363720438242,28.63058390285907,0.0313475677846242,120.8205824927764,0.0389080120869675,75.0,0.2741121218268187,,,,,,,False,dates_missing_or_out_of_order;eos90_too_early
US-Var,2016,NDVI_tower,347,155,0,0,,double_logistic,0.7241853524232782,0.0712113563135973,0.8651463007169203,0.2948302119894109,0.6344003498757622,10.668446994880512,0.0392975084814505,142.54072113717794,0.087964362336692,95.25,0.3225469999281316,,,,,,,False,low_r2;dates_missing_or_out_of_order;eos90_too_early
US-Var,2017,NDVI_tower,298,147,0,0,,double_logistic,0.974131541606775,0.0264825673444184,0.9870373168128256,0.2550840555438005,0.769364915813793,30.37795623320629,0.0272699833311358,137.5238770477063,0.0747803967322141,97.0,0.4186801284912848,,,,,,,False,dates_missing_or_out_of_order;eos90_too_early
US-Var,2018,NDVI_tower,308,141,0,0,,double_logistic,0.9494730684908458,0.0309005909575531,0.9744112740283112,0.2711171633009427,0.6423898116517605,29.54789227896028,0.0577055398031614,149.38958037002558,0.0694318972232566,93.5,0.3547224261279659,,,,,,,False,dates_missing_or_out_of_order;eos90_too_early
US-Var,2019,NDVI_tower,303,143,0,0,,double_logistic,0.9635676424296312,0.0286728903583587,0.981658126021578,0.2793170592575704,0.750706182756775,37.452469453577294,0.0339600318101837,133.58620173477274,0.0802316894337826,96.0,0.3925892446660374,,,,,,,False,dates_missing_or_out_of_order;eos90_too_early
US-Var,2020,NDVI_tower,315,151,0,0,,double_logistic,0.9688356294721936,0.0241566020178825,0.9843447170022646,0.2464603841717395,0.7036190443220239,36.4476476412658,0.0324254012690977,138.925206222779,0.060342418417328,94.75,0.3674542052818649,,,,,,,False,dates_missing_or_out_of_order;eos90_too_early
US-Var,2021,NDVI_tower,342,149,0,0,,double_logistic,0.3491810119000934,0.0706133682852093,0.6013828054144902,0.5145911112482144,0.305755608736302,210.6878149688573,0.0204523395817569,311.78613249656235,0.2207270309435702,334.75,0.0139980646031079,,,,,,,False,low_r2;amp_below_noise;dates_missing_or_out_of_order
US-Var,2022,NDVI_tower,354,156,0,0,,double_logistic,0.9594255607140464,0.0254334482130288,0.9795132585338469,0.3220512535381966,0.9013456977691856,1.0000000000000002,0.0176144271650768,120.0,0.0241086158071374,56.25,0.3179014088875757,,,,,,,False,dates_missing_or_out_of_order;eos90_too_early
US-Var,2023,NDVI_tower,350,163,0,0,,double_logistic,0.9318933323362778,0.0338892063089034,0.965384219232235,0.3173195677144,0.993704171233474,59.37121919825567,0.0244755432816584,131.32454420814452,0.0361921788839828,89.5,0.3355159211890159,,,,,,,False,dates_missing_or_out_of_order;eos90_too_early
US-Var,2024,NDVI_tower,342,153,0,0,,double_logistic,0.9554917068062756,0.0331154900590099,0.978093939107558,0.2929305442343142,0.7612259442679907,30.52960225532316,0.0313732901444841,141.48739583249107,0.0633736796212665,96.0,0.3902484133213803,,,,,,,False,dates_missing_or_out_of_order;eos90_too_early
US-Var,2025,NDVI_tower,325,135,0,0,,double_logistic,0.9150315387689464,0.0388449545012892,0.9567797457187052,0.3088138948488753,0.8425241822999047,66.54526420703264,0.0444995877430049,129.0290702766042,0.0704972774825396,99.25,0.3744828193179325,,,,,,,False,eos90_too_early
US-Wkg,2004,NDVI_tower,237,164,0,12,0.1596952387504101,double_logistic,0.6468468740790282,0.0130747285800604,0.8045193229307847,0.3484398258857401,0.4264162856045935,215.8868988337957,0.2094036895281581,225.04625769547815,0.0217927346115203,233.0,0.0335102603041719,,,,,,,False,low_r2;dates_missing_or_out_of_order
US-Wkg,2005,NDVI_tower,284,101,0,7,0.1596952387504101,double_logistic,0.7365318783842945,0.0115300107255511,0.8607938217105296,0.3465368647802793,0.4291122646798716,200.4299696653778,0.695656385921353,275.05198980331625,0.0144174795611362,208.25,0.0594067913629932,,,,,,,False,low_r2;dates_missing_or_out_of_order
US-Wkg,2006,NDVI_tower,361,163,0,0,0.1596952387504101,double_logistic,0.8162455527363913,0.0260157274290732,0.903935469341466,0.3388477842524451,0.6457899073527245,229.9113986804115,0.2892625583679063,235.2707699462565,0.0265908262431246,242.75,0.1309530435174948,230.25,233.0,237.5,352.5,284.5,253.0,True,
US-Wkg,2007,NDVI_tower,339,142,2,0,0.1596952387504101,fit_failed,,,,,,,,,,,,,,,,,,False,fit_failed
US-Wkg,2008,NDVI_tower,293,164,1,7,0.1596952387504101,double_logistic,0.529211835761725,0.0395392840125372,0.7426474965238941,0.2266029137990459,0.4448879894407837,240.0,0.01,290.6403307410496,0.0563104540265416,237.0,0.0973535655712669,,,,,,,False,low_r2;dates_missing_or_out_of_order
US-Wkg,2009,NDVI_tower,361,163,1,0,0.1596952387504101,double_logistic,0.9405504957823868,0.0153414271612385,0.9700411702195204,0.1644256757987356,0.4760610559984831,219.08821260145496,0.0675389293718849,276.4052070264345,0.0282279905197344,251.25,0.1770530464563208,,,,,,,False,dates_missing_or_out_of_order
US-Wkg,2010,NDVI_tower,343,144,2,0,0.1596952387504101,double_logistic,0.9013018487648368,0.0215328417679328,0.949406280918654,0.200066358243186,0.6547215629454118,230.32916207354248,0.0310962797449044,274.548721793843,0.049306395378619,244.5,0.1924235465203698,130.75,191.25,225.75,318.5,286.25,261.5,True,
US-Wkg,2011,NDVI_tower,359,162,1,0,0.1596952387504101,double_logistic,0.9135715587753332,0.0172140537662694,0.9563062237733504,0.2174569855386537,0.4670523553412194,217.49221315713245,0.1526189680785876,268.80176821824733,0.034633425612275,237.5,0.1752666239299182,207.5,217.5,227.75,343.5,286.75,252.75,True,
US-Wkg,2012,NDVI_tower,362,165,0,0,0.1596952387504101,double_logistic,0.9297694723741684,0.0166219072489665,0.9644145886085608,0.228863632853497,0.6091491086107967,202.2091951668484,0.076645670668039,236.4980891594884,0.0265151358244084,231.5,0.1662997432499958,189.0,202.75,218.5,353.0,284.25,248.5,True,
US-Wkg,2013,NDVI_tower,361,164,2,0,0.1596952387504101,double_logistic,0.8943626483833913,0.0185572691745143,0.9460512259661854,0.2128326571500449,0.4112314779449258,201.03835224085063,0.2011761028256777,267.14874390896966,0.0163871887252957,221.0,0.131504586705928,,,,,,,False,dates_missing_or_out_of_order
US-Wkg,2014,NDVI_tower,365,165,0,0,0.1596952387504101,double_logistic,0.9731319224735416,0.010053824465056,0.9864938720093338,0.2329011035135502,0.4817908636612591,210.939479768234,0.0903988557608756,282.9688811199705,0.0197144629344712,243.5,0.1581008455798829,,,,,,,False,dates_missing_or_out_of_order
US-Wkg,2015,NDVI_tower,360,163,0,0,0.1596952387504101,double_logistic,0.731065993199072,0.0249336986783189,0.855797579093546,0.2163822393424388,0.3397218649478478,194.55694127953424,0.1965004194200018,326.8220820431758,0.0108709179494394,218.0,0.0931952709714983,,,,,,,False,low_r2;dates_missing_or_out_of_order
US-Wkg,2016,NDVI_tower,357,163,2,0,0.1596952387504101,double_logistic,0.9171923669219916,0.0160153177047865,0.9577087597134106,0.2881682080281533,0.5794161877200934,200.09229673800635,0.0915358020358813,200.6270374712201,0.0181774660535271,232.75,0.0903227243951259,,,,,,,False,dates_missing_or_out_of_order
US-Wkg,2017,NDVI_tower,361,164,0,0,0.1596952387504101,double_logistic,0.9174188019171996,0.0157753199664525,0.9582569628029848,0.2179644710739815,0.571436247696939,200.12139631771788,0.1036635799461972,222.1951602481778,0.029160319386729,224.25,0.1446599005283627,194.0,202.75,214.25,330.5,268.75,238.0,True,
US-Wkg,2018,NDVI_tower,353,155,1,0,0.1596952387504101,double_logistic,0.8604220882403375,0.0192315500386682,0.9323792191696842,0.1704396545335506,0.2947734033445519,203.77404403307656,0.0985019501056357,354.552250967682,0.0477596342460196,258.0,0.1225175322806458,,,,,,,False,dates_missing_or_out_of_order
US-Wkg,2019,NDVI_tower,334,152,3,0,0.1596952387504101,double_logistic,0.835671048157392,0.0209907968773735,0.9141861561836112,0.2017512960227646,0.3283219817466856,219.29677390180157,0.4011012450963201,326.950426460738,0.0358045286693216,233.75,0.1218432230049232,,,,,,,False,dates_missing_or_out_of_order
US-Wkg,2020,NDVI_tower,361,165,0,0,0.1596952387504101,double_logistic,0.56636250743827,0.0207230460798917,0.7529275178049016,0.2817474955074271,0.1878654144907448,36.52233295711948,0.0634690202740887,230.78390667993716,0.0143577327102976,1.0,-0.0055725327218464,,,,,,,False,low_r2;amp_below_noise;dates_missing_or_out_of_order;eos90_too_early
US-Wkg,2021,NDVI_tower,358,162,2,0,0.1596952387504101,double_logistic,0.920559113209912,0.0147970836327378,0.9601288405160014,0.1653587858324145,0.4106488120010998,218.21920100871776,0.2503947849847808,258.70409266455465,0.0409126157083879,232.0,0.1761449434742799,213.0,218.75,225.25,321.5,273.0,244.0,True,
US-Wkg,2022,NDVI_tower,358,158,1,0,0.1596952387504101,double_logistic,0.8212818615405889,0.0285860193203775,0.9091848936958764,0.1718694433025015,0.5224652076293925,201.3345428418782,0.0938068968481636,245.5600840576008,0.0293925540321176,227.5,0.1930264829971101,187.25,201.0,215.25,342.5,278.5,243.75,True,
US-Wkg,2023,NDVI_tower,359,165,0,0,0.1596952387504101,double_logistic,0.9132563601983598,0.0115310881632104,0.9560969126476492,0.1648700767601568,0.2547366794723469,224.0091428907714,1.0,360.47714844582174,0.0329536843726621,231.75,0.0885537394064917,,,,,,,False,dates_missing_or_out_of_order
US-Wkg,2024,NDVI_tower,362,165,2,0,0.1596952387504101,double_logistic,0.8930256388493438,0.0181130250491425,0.9452620103403632,0.2062217994612538,0.4735387266352821,215.73430022074132,0.0764203674658179,251.70204499232327,0.0173500667440234,251.75,0.1175758669520176,,,,,,,False,dates_missing_or_out_of_order
US-Wkg,2025,NDVI_tower,363,163,0,0,0.1596952387504101,double_logistic,0.8344567559104137,0.0183060189638386,0.9163687872672984,0.2016968257904184,0.3039830424835765,209.16168472907944,0.308412975381317,325.20207724931714,0.0906926130660991,238.5,0.1022348635392596,202.25,209.25,216.5,349.5,325.25,301.25,True,
